track_id,mode_0,mode_1,key_0,key_1,key_2,key_3,key_4,key_5,key_6,key_7,key_8,key_9,key_10,key_11,time_signature_1,time_signature_3,time_signature_4,time_signature_5,danceability,energy,loudness,speechiness,acousticness,instrumentalness,liveness,valence,tempo,duration_ms,release_year,max_aggr_followers
6REbwUNlppTfcnV4d4ZoZi,0.0,1.0,0.0,0.0,0.0,0.0,0.0,0.0,0.0,0.0,1.0,0.0,0.0,0.0,0.0,0.0,1.0,0.0,0.43679775280898875,0.35006119951040393,0.7234810388688397,0.285795909038967,0.006449037504938126,0.00023060796645702308,0.07225365393682223,0.16352675207234363,0.09485136479907036,0.3694395798688561,0.6857142857142833,0.23101191941951416
3wdfLVUhmX64lIyWIIEW8s,1.0,0.0,0.0,0.0,0.0,0.0,0.0,0.0,0.0,0.0,1.0,0.0,0.0,0.0,0.0,0.0,1.0,0.0,0.8764044943820224,0.41982864137086906,0.749985209726084,0.10981602102616844,0.0237505765456076,0.0,0.11126826968411127,0.19905264291096997,0.46707718611625,0.2975669647080589,0.8285714285714292,0.0832090743774021
0uuE2usj5bvRqfKlfOu1NZ,0.0,1.0,0.0,0.0,1.0,0.0,0.0,0.0,0.0,0.0,0.0,0.0,0.0,0.0,0.0,0.0,1.0,0.0,0.8441011235955056,0.5593635250917993,0.6617168549961544,0.08581876356987772,0.19128490557061983,0.00011530398322851154,0.3363979255068364,0.16567983636559375,0.4069685899191205,0.33894307080042296,0.8000000000000043,0.06982085913916508
4AcScHuxr9xAqqyxxTMAhu,1.0,0.0,0.0,0.0,0.0,0.0,0.0,1.0,0.0,0.0,0.0,0.0,0.0,0.0,0.0,0.0,1.0,0.0,0.24578651685393266,0.9400244798041617,0.9419629651541146,0.3543595017712262,0.20989983101784346,0.0,0.16077322017916076,0.5478522984174832,0.6836417794815968,0.39021067524981023,0.8857142857142861,0.7282782252919346
6XkuklKiHYVTlVvWlTgQYP,0.0,1.0,0.0,0.0,0.0,0.0,0.0,0.0,0.0,0.0,0.0,1.0,0.0,0.0,0.0,0.0,1.0,0.0,0.5912921348314608,0.5752753977968177,0.7400461456546175,0.11667238029939436,0.06511707753943778,0.0,0.09358793022159359,0.8783507374313705,0.841767459877512,0.2526610338034861,0.6285714285714263,0.20018084707375253
0hPLZrnDgtKxrym1BHjDhd,1.0,0.0,0.0,0.0,0.0,0.0,0.0,0.0,1.0,0.0,0.0,0.0,0.0,0.0,0.0,0.0,1.0,0.0,0.851123595505618,0.5263157894736842,0.6607702774655386,0.37949948577305453,0.11475687873203401,0.0,0.136020744931636,0.7093336204112392,0.48052147546567464,0.28019955388396356,0.8571428571428612,0.1412003357665388
6MDdceLYec4AxohmorE4vH,1.0,0.0,0.0,1.0,0.0,0.0,0.0,0.0,0.0,0.0,0.0,0.0,0.0,0.0,0.0,0.0,1.0,0.0,0.6657303370786516,0.4957160342717257,0.575755782997101,0.3349331504970861,0.0034809910586308104,0.0,0.6605374823196605,0.3282377005059749,0.642246992900507,0.10800759364337204,0.9142857142857181,0.14252775408908486
7DcvwMAiqKJQD1rrdfxSDx,1.0,0.0,0.0,0.0,0.0,0.0,1.0,0.0,0.0,0.0,0.0,0.0,0.0,0.0,0.0,0.0,1.0,0.0,0.7443820224719102,0.5201958384332925,0.6611252440395194,0.1372414581190721,0.025508652837845383,0.0,0.12187647336162188,0.1527613306060932,0.2534378777658302,0.26917279322879106,0.8857142857142861,0.22819780023939232
2yJ9GVCLMmzBBfQAnfzlwr,1.0,0.0,0.0,0.0,0.0,0.0,0.0,0.0,1.0,0.0,0.0,0.0,0.0,0.0,0.0,0.0,1.0,0.0,0.928370786516854,0.45777233782129745,0.6230254984322309,0.07336304422351733,0.08838573434846726,0.0,0.1265912305516266,0.32177844762622465,0.35347861803658603,0.5077166301210315,0.8000000000000043,0.20018084707375253
1Wc1SQwiThvSu9dMc5opth,0.0,1.0,0.0,0.0,0.0,0.0,0.0,0.0,0.0,0.0,0.0,0.0,1.0,0.0,0.0,0.0,1.0,0.0,0.8707865168539326,0.1738066095471236,0.4095131041826894,0.8743000799908583,0.5387635139187935,0.0,0.16548797736916548,0.30670685757347405,0.4537998650895951,0.20259596645510142,0.8571428571428612,0.14252775408908486
60wwxj6Dd9NJlirf84wr2c,0.0,1.0,0.0,0.0,0.0,0.0,0.0,0.0,0.0,0.0,1.0,0.0,0.0,0.0,0.0,0.0,1.0,0.0,0.34129213483146076,0.758873929008568,0.8661776016091817,0.05153696720374814,0.04112450696301628,0.0,0.05457331447430456,0.14953170416621808,0.4539267610149002,0.4191115100880669,0.6857142857142833,0.05175984819790927
16YQkGOiqsATntjuZCq52X,1.0,0.0,0.0,0.0,0.0,0.0,0.0,0.0,0.0,0.0,0.0,1.0,0.0,0.0,0.0,0.0,1.0,0.0,0.8146067415730336,0.5128518971848225,0.6035023368632786,0.51319849160096,0.019096845183801704,1.918238993710692e-05,0.033474776049033476,0.5553880934438584,0.29334330690781346,0.18760209476917383,0.8857142857142861,0.05713700537895988
0HTIrbUwwFn984RzVZm5Fk,0.0,1.0,0.0,1.0,0.0,0.0,0.0,0.0,0.0,0.0,0.0,0.0,0.0,0.0,0.0,0.0,1.0,0.0,0.648876404494382,0.3439412484700123,0.47482695379518414,0.033824705747914525,0.00046847562375512686,8.60587002096436e-06,0.1419141914191419,0.43481537302185386,0.5475959900887604,0.07245496267299609,0.9142857142857181,0.00894667095321601
5wG3HvLhF6Y5KTGlK0IW3J,1.0,0.0,0.0,1.0,0.0,0.0,0.0,0.0,0.0,0.0,0.0,0.0,0.0,0.0,0.0,0.0,1.0,0.0,0.42837078651685395,0.4749082007343942,0.6354493285215641,0.43092218032224894,0.18611409294639106,0.0,0.1643092880716643,0.4412746259016041,0.39713749507443447,0.2579883572544312,0.9714285714285751,0.22819780023939232
2Igem6Q4sfvXGJ3JkG7Baw,1.0,0.0,0.0,0.0,0.0,0.0,0.0,0.0,0.0,0.0,0.0,0.0,0.0,1.0,0.0,0.0,1.0,0.0,0.848314606741573,0.572827417380661,0.6225522096669229,0.2880813621300423,0.17887495527247077,0.0,0.08533710513908535,0.5112498654322317,0.5003038823474408,0.35680453095797215,0.9428571428571431,0.11879591913442544
5eq8CDTzJIOq0aMtwbp5Gn,1.0,0.0,0.0,0.0,0.0,0.0,0.0,1.0,0.0,0.0,0.0,0.0,0.0,0.0,0.0,0.0,1.0,0.0,0.5730337078651686,0.4957160342717257,0.5354670768502632,0.4354930865043995,0.16646500497432173,9.874213836477988e-06,0.37765205091937765,0.7696199806222415,0.5348329314962366,0.1976512684453844,0.8571428571428612,0.14356000767900318
7uZqvqXzzYMKrexKxdcGmd,1.0,0.0,0.0,0.0,0.0,0.0,1.0,0.0,0.0,0.0,0.0,0.0,0.0,0.0,0.0,0.0,1.0,0.0,0.821629213483146,0.6634026927784578,0.6371650002958054,0.31550679922294594,0.009779040834941457,2.6939203354297696e-05,0.07178217821782176,0.6016794057487351,0.09338872229160683,0.3585074244051961,0.9428571428571431,0.22819780023939232
0biVzpdI2z0vAxwfU9xuuA,1.0,0.0,0.0,0.0,0.0,1.0,0.0,0.0,0.0,0.0,0.0,0.0,0.0,0.0,0.0,0.0,1.0,0.0,0.9396067415730338,0.3806609547123623,0.5216233804650061,0.03496743229345218,0.04701923335463708,0.0,0.19024045261669023,0.6695015609861127,0.46755805488582697,0.346353810802231,0.9142857142857181,0.13666316970816478
2BcMwX1MPV6ZHP4tUT9uq6,1.0,0.0,0.0,0.0,0.0,0.0,0.0,1.0,0.0,0.0,0.0,0.0,0.0,0.0,0.0,0.0,1.0,0.0,0.818820224719101,0.32190942472460216,0.5053540791575458,0.3395040566792367,0.06563415880186066,0.0,0.06459217350306459,0.12477123479384218,0.5733892565902396,0.35927687996283064,0.9428571428571431,0.7282782252919346
74lnM5V6ecvoTPV0fvptx9,1.0,0.0,0.0,0.0,0.0,0.0,0.0,0.0,0.0,0.0,0.0,0.0,1.0,0.0,0.0,0.0,1.0,0.0,0.7612359550561798,0.5581395348837209,0.5206768029343902,0.4743457890526797,0.11682520378172552,0.0,0.8314474304573314,0.6404349230272366,0.6006050932017177,0.19830930011079317,0.8571428571428612,0.27935376819979313
7wcyO1rrH3Ru4t659IjG41,1.0,0.0,0.0,0.0,0.0,0.0,0.0,0.0,0.0,0.0,0.0,0.0,1.0,0.0,0.0,0.0,1.0,0.0,0.723314606741573,0.5336597307221542,0.6701177305803703,0.2320877613986973,0.04288258325525406,0.0,0.14545025931164543,0.5456992141242331,0.6545759338538293,0.16372374443143328,0.8857142857142861,0.13666316970816478
2N3U8uTYhjX2KwGT0pf5x0,0.0,1.0,0.0,0.0,0.0,0.0,1.0,0.0,0.0,0.0,0.0,0.0,0.0,0.0,0.0,0.0,1.0,0.0,0.17977528089887646,0.6119951040391677,0.558303259776371,0.1886641526682665,0.010265097221618962,0.0,0.3705799151343706,0.3207019054795996,0.5996433556625638,0.39716310565718016,0.7714285714285722,0.11582285705945246
1t9WgS8FN0534tLBRwbaxO,1.0,0.0,0.0,0.0,0.0,1.0,0.0,0.0,0.0,0.0,0.0,0.0,0.0,0.0,0.0,0.0,1.0,0.0,0.6362359550561798,0.5960832313341493,0.6224338874755959,0.11210147411724375,0.2067973434433062,0.0,0.11598302687411596,0.6705781031327377,0.5354139812594754,0.10762076352696565,0.9428571428571431,0.0020073169989979047
4jtyUzZm9WLc2AdaJ1dso7,1.0,0.0,0.0,0.0,0.0,0.0,0.0,0.0,0.0,0.0,0.0,0.0,0.0,1.0,0.0,0.0,1.0,0.0,0.41151685393258436,0.6793145654834761,0.8375436313080518,0.4149240086847218,0.7621426192854764,0.0,0.2633191890617633,0.5026375282592314,0.7786333976717936,0.4271003929268954,0.7142857142857153,0.7282782252919346
29TPjc8wxfz4XMn21O7VsZ,0.0,1.0,0.0,0.0,1.0,0.0,0.0,0.0,0.0,0.0,0.0,0.0,0.0,0.0,0.0,0.0,1.0,0.0,0.728932584269663,0.908200734394125,0.8245281902620836,0.20923323048794423,0.26677876988435995,0.0,0.16548797736916548,0.5683065992033588,0.5339379812861902,0.25472342697845735,0.9142857142857181,0.08398024046594313
7LWtfSW68VAkHp3hpcFDCY,0.0,1.0,0.0,1.0,0.0,0.0,0.0,0.0,0.0,0.0,0.0,0.0,0.0,0.0,0.0,0.0,1.0,0.0,0.7963483146067416,0.583843329253366,0.5325681831627521,0.01965489658324763,0.04050400944810883,5.062893081761007e-06,0.17020273455917018,0.38960060286360215,0.2669890268418276,0.30255791414473754,0.7428571428571473,0.06982085913916508
3AEgic4yp82NxMWUjHtxnO,0.0,1.0,0.0,0.0,0.0,0.0,0.0,0.0,0.0,0.0,1.0,0.0,0.0,0.0,0.0,0.0,1.0,0.0,1.0,0.3867809057527539,0.589362834999704,0.14638327048337332,0.00011272371520818728,0.0,0.12305516265912306,0.17106254709871893,0.33372292608646276,0.07782643521331367,0.8857142857142861,0.00038150300776633423
04HeNxRRVjcwctfp2K2kMu,1.0,0.0,0.0,1.0,0.0,0.0,0.0,0.0,0.0,0.0,0.0,0.0,0.0,0.0,0.0,0.0,1.0,0.0,0.20786516853932585,0.7711138310893514,0.7853043838371885,0.044794880585076004,0.39398076044038777,0.001069182389937107,0.4082979726544083,0.5930670685757348,0.613515083918279,0.24914592535440155,1.0,0.0832090743774021
2BJWxD8xKrDv8vneTvTIm9,1.0,0.0,0.0,0.0,0.0,0.0,0.0,0.0,0.0,0.0,1.0,0.0,0.0,0.0,0.0,0.0,1.0,0.0,0.32584269662921356,0.5679314565483476,0.6311897296337927,0.3600731344989145,0.055809614815826,0.0,0.17256011315417255,0.4746474324469804,0.16554575265980537,0.1638309636484807,0.9714285714285751,0.06760439345994446
2CY92qejUrhyPUASawNVRr,1.0,0.0,1.0,0.0,0.0,0.0,0.0,0.0,0.0,0.0,0.0,0.0,0.0,0.0,0.0,0.0,1.0,0.0,0.41292134831460686,0.7943696450428397,0.597053777435958,0.06890641069592046,0.007307392400560103,8.312368972746333e-06,0.25035360678925034,0.225966196576596,0.734727407516246,0.3058922215611538,0.7428571428571473,0.014562412296632604
1wNdGz7BlB9kH5lDc1eLLb,1.0,0.0,0.0,0.0,0.0,0.0,0.0,0.0,0.0,0.0,0.0,0.0,1.0,0.0,0.0,0.0,1.0,0.0,0.6544943820224718,0.6254589963280295,0.5714370230136661,0.13838418466460975,0.06635807256925268,0.0,0.1089108910891089,0.13230702982021747,0.5142357191993534,0.14407109264791523,0.9714285714285751,0.06760439345994446
4UXpJDvdsfneLvT09oJocg,0.0,1.0,0.0,0.0,1.0,0.0,0.0,0.0,0.0,0.0,0.0,0.0,0.0,0.0,0.0,0.0,1.0,0.0,0.30337078651685395,0.5703794369645043,0.6247411702064721,0.10181693520740487,0.008517362554629634,0.0,0.7925506836397924,0.27548713532134783,0.6514836805161326,0.2896075145954787,0.6000000000000014,0.02612042853463795
1ipSpQfzBbhPFhYm6tfVIz,0.0,1.0,0.0,0.0,0.0,0.0,0.0,0.0,0.0,1.0,0.0,0.0,0.0,0.0,0.0,0.0,1.0,0.0,0.75561797752809,0.9608323133414931,0.7201088564160207,0.37150039995429096,0.002033163523846754,0.0,0.38943894389438943,0.7620841855958661,0.6018005863927496,0.15727167037028472,0.9142857142857181,0.016020905601941502
2aCj4aX6TXFFUn5zTFRH4w,1.0,0.0,0.0,0.0,0.0,0.0,0.0,0.0,0.0,0.0,0.0,0.0,1.0,0.0,0.0,0.0,1.0,0.0,0.5632022471910114,0.6230110159118728,0.6531384961249481,0.1109587475717061,0.006707578136149564,0.0,0.11008958038661007,0.18398105285821942,0.4678318829351695,0.2852619827986738,0.9714285714285751,0.14356000767900318
2ULQtFHTzUK0DqcqWUlXxw,1.0,0.0,0.0,0.0,0.0,0.0,0.0,1.0,0.0,0.0,0.0,0.0,0.0,0.0,0.0,0.0,1.0,0.0,0.6264044943820224,0.29742962056303546,0.6227888540495768,0.10638784138955548,0.3308968464247967,0.0,0.1089108910891089,0.5500053827107332,0.5340114473482092,0.31597082796361275,0.9428571428571431,0.06760439345994446
5L3ecxQnQ9qTBmnLQiwf0C,1.0,0.0,0.0,0.0,0.0,0.0,0.0,1.0,0.0,0.0,0.0,0.0,0.0,0.0,0.0,0.0,1.0,0.0,0.7696629213483146,0.5593635250917993,0.7399278234632904,0.03999542909381785,0.039883511933201374,3.5010482180293503e-06,0.7571900047147572,0.5360103348046077,0.40767653560766454,0.23787739587647505,1.0,0.6811668754611921
1EvSBVwDCnIl0UkeeJbayT,0.0,1.0,0.0,1.0,0.0,0.0,0.0,0.0,0.0,0.0,0.0,0.0,0.0,0.0,0.0,0.0,1.0,0.0,0.675561797752809,0.594859241126071,0.6990475063598176,0.3017940806764941,0.07680311407019481,1.331236897274633e-06,0.11834040546911834,0.5123264075788567,0.109838441450888,0.17178410674829342,0.8571428571428612,7.707219436921171e-06
2blzf3nIpUlxoFSZ3PEpNL,0.0,1.0,0.0,0.0,0.0,0.0,0.0,1.0,0.0,0.0,0.0,0.0,0.0,0.0,0.0,0.0,1.0,0.0,0.949438202247191,0.7490820073439413,0.7848310950718806,0.2103759570334819,0.03905618191332477,0.0,0.053041018387553034,0.6565830552266122,0.4343113224559036,0.31269328366210386,0.7142857142857153,0.007382540843647392
0Z2J91b2iTGLVTZC4fKgxf,0.0,1.0,0.0,0.0,0.0,0.0,0.0,0.0,0.0,1.0,0.0,0.0,0.0,0.0,0.0,0.0,1.0,0.0,0.9129213483146068,0.8359853121175029,0.8373661480210612,0.23894412067192322,0.040710841953077975,0.0,0.05799151343705799,0.5909139842824847,0.23479753421180932,0.505727818761681,0.2857142857142847,0.1477436779812596
1PDP7mLiAMwhfmgIwzhOm2,1.0,0.0,0.0,0.0,0.0,0.0,0.0,0.0,0.0,0.0,1.0,0.0,0.0,0.0,0.0,0.0,1.0,0.0,0.29494382022471904,0.0,0.38194403360350226,0.015769626328419613,1.0,0.039937106918239,0.09476661951909476,0.05781031327376468,0.39791890682499714,0.12969530821320224,0.9428571428571431,0.7282782252919346
7EUdsWV0Cs8nyTo4R5Ef9b,1.0,0.0,0.0,0.0,0.0,0.0,0.0,0.0,0.0,0.0,0.0,0.0,0.0,1.0,0.0,0.0,1.0,0.0,0.821629213483146,0.6817625458996328,0.6908832751582559,0.19780596503256773,0.07318354523323467,0.0,0.35407826496935413,0.490795564646356,0.4340976030027583,0.17139937896947616,0.8285714285714292,0.2002427573822012
0CFJoopJPNMEC7Itmp64Yb,0.0,1.0,0.0,1.0,0.0,0.0,0.0,0.0,0.0,0.0,0.0,0.0,0.0,0.0,0.0,0.0,1.0,0.0,0.6924157303370786,0.7319461444308446,0.7360231911495,0.31322134613187064,0.0023123874055551077,0.0,0.09476661951909476,0.5037140704058565,0.21327197804032622,0.17342813474302077,0.8571428571428612,0.05999089729486525
6GgPsuz0HEO0nrO2T0QhDv,0.0,1.0,0.0,1.0,0.0,0.0,0.0,0.0,0.0,0.0,0.0,0.0,0.0,0.0,0.0,0.0,1.0,0.0,0.6938202247191012,0.5312117503059975,0.6954386795243447,0.013941263855559369,0.00559068260931615,0.0,0.25035360678925034,0.3486920012918506,0.47728229000394046,0.40302021818059497,0.6285714285714263,0.03614129428546516
1zCi4cVFqe6ja16MeGZKRN,1.0,0.0,0.0,0.0,0.0,0.0,0.0,0.0,1.0,0.0,0.0,0.0,0.0,0.0,0.0,0.0,1.0,0.0,0.7205056179775282,0.5030599755201958,0.48133467431816823,0.40121129013826995,0.1623283548749387,0.0,0.2562470532767563,0.6565830552266122,0.5070627600531625,0.4795179760375562,0.6857142857142833,0.7282782252919346
2V65y3PX4DkRhy1djlxd9p,1.0,0.0,0.0,0.0,0.0,0.0,0.0,0.0,0.0,0.0,0.0,0.0,0.0,1.0,0.0,0.0,1.0,0.0,0.48595505617977525,0.8310893512851898,0.8859965686564514,0.027425437092903675,0.11579104125687976,0.0,0.103017444601603,0.43158574658197874,0.46088600070794566,0.2959881091785957,0.6857142857142833,0.03274488379098076
7Fa5UNizycSms5jP3SQD3F,1.0,0.0,0.0,0.0,1.0,0.0,0.0,0.0,0.0,0.0,0.0,0.0,0.0,0.0,0.0,0.0,1.0,0.0,0.705056179775281,0.7906976744186047,0.7461988996036206,0.09038966975202833,0.05477545229098024,3.1341719077568136e-06,0.2185289957567185,0.5790720206696092,0.3470737131751364,0.44554420059664335,0.8285714285714292,0.31808322515067916
2A4vCndSkZ3jd5nfh3a8gc,1.0,0.0,0.0,0.0,0.0,0.0,0.0,0.0,0.0,1.0,0.0,0.0,0.0,0.0,0.0,0.0,1.0,0.0,0.7387640449438202,0.39534883720930236,0.6105425072472341,0.14638327048337332,0.5770275273380865,0.0,0.12423385195662423,0.34007966411885027,0.5341984518697112,0.26485669415823454,0.8571428571428612,0.06897090523791691
0hCHNYL8ApQCGNwJrYN1FY,1.0,0.0,0.0,1.0,0.0,0.0,0.0,0.0,0.0,0.0,0.0,0.0,0.0,0.0,0.0,0.0,1.0,0.0,0.7092696629213484,0.7343941248470013,0.7924037153168075,0.022968803565306825,0.2150706436420722,0.0,0.07355021216407354,0.2582624609753472,0.4740297470763845,0.31028820946009866,0.8857142857142861,0.04546648115462054
4l2rsMfr20dj6nf6i6F3Y8,0.0,1.0,0.0,0.0,1.0,0.0,0.0,0.0,0.0,0.0,0.0,0.0,0.0,0.0,0.0,0.0,1.0,0.0,0.5912921348314608,0.5275397796817625,0.6947287463763827,0.22523140212547138,0.20989983101784346,0.0,0.2951438000942952,0.22488965442997094,0.793406754870466,0.3220655046346032,0.9142857142857181,0.08147606472057838
7f1zjZG77S891Uv4O68yfk,0.0,1.0,0.0,1.0,0.0,0.0,0.0,0.0,0.0,0.0,0.0,0.0,0.0,0.0,0.0,0.0,1.0,0.0,0.8230337078651686,0.6964504283965728,0.7287463763828905,0.03542452291166725,0.02261299776827727,0.0,0.36232909005186237,0.38421789213047697,0.2168718150792432,0.1800042467219301,0.8857142857142861,0.10062832213815441
0z8kOaMtOI4qkN6SyZQbEz,0.0,1.0,0.0,0.0,0.0,0.0,0.0,0.0,1.0,0.0,0.0,0.0,0.0,0.0,0.0,0.0,1.0,0.0,0.6671348314606742,0.8567931456548348,0.8624504525823817,0.004570906182150614,0.10751774105811372,0.0,0.29750117868929754,0.917106254709872,0.3671299481062453,0.48417675613514666,0.7428571428571473,0.00666201597660433
3BaridxR3bsmZw3F8ERWPj,0.0,1.0,0.0,0.0,1.0,0.0,0.0,0.0,0.0,0.0,0.0,0.0,0.0,0.0,0.0,0.0,0.0,1.0,0.5674157303370788,0.8984088127294982,0.9869845589540317,0.368072220317678,0.33813598409871704,0.0,0.2833569071192834,0.6296695015609861,0.3429863286337315,0.30398750370537,0.6857142857142833,0.09680461817285359
3A2yGHWIzmGEIolwonU69h,0.0,1.0,0.0,0.0,0.0,0.0,0.0,0.0,0.0,0.0,1.0,0.0,0.0,0.0,0.0,0.0,1.0,0.0,0.943820224719101,0.583843329253366,0.7932319706560964,0.18523597303165354,0.017235352639079347,0.0,0.09712399811409711,0.2970179782538487,0.24738694574865255,0.18134764044140678,0.8571428571428612,0.021449653255245584
2IRZnDFmlqMuOrYOLnZZyc,1.0,0.0,0.0,0.0,0.0,0.0,1.0,0.0,0.0,0.0,0.0,0.0,0.0,0.0,0.0,0.0,1.0,0.0,0.875,0.41003671970624234,0.6954978406200081,0.07267740829619473,0.26781293240920573,0.0,0.2633191890617633,0.5456992141242331,0.1734400149603617,0.22799851154498685,0.8571428571428612,0.7282782252919346
0z9hbAY5d0RhmvZr3DWMPK,1.0,0.0,0.0,0.0,0.0,0.0,0.0,0.0,0.0,0.0,0.0,0.0,1.0,0.0,0.0,0.0,1.0,0.0,0.8665730337078652,0.8433292533659731,0.832278293794001,0.38178493886412984,0.31848689612664766,0.0,0.4000471475719001,0.7254817526106148,0.6017805501940172,0.15542161329181914,0.8000000000000043,0.00024769348612984406
5Mmk2ii6laakqfeCT7OnVD,0.0,1.0,0.0,0.0,1.0,0.0,0.0,0.0,0.0,0.0,0.0,0.0,0.0,0.0,0.0,0.0,1.0,0.0,0.6179775280898876,0.8898408812729499,0.6603561497958941,0.043994972003199635,0.12303017893080004,0.00010104821802935011,0.04879773691654881,0.7287113790504899,0.41084225500738,0.3819127487853744,0.3142857142857167,0.008429346708909312
2cZRGrMM82Xoh9SYsO46hR,0.0,1.0,1.0,0.0,0.0,0.0,0.0,0.0,0.0,0.0,0.0,0.0,0.0,0.0,0.0,0.0,1.0,0.0,0.8441011235955056,0.42105263157894735,0.6660947760752528,0.022740258256199297,0.07680311407019481,0.0,0.13248467703913247,0.20874152223059533,0.3467731701941507,0.2994737849014319,0.8000000000000043,0.04546648115462054
5SECgk6Gf1TVMy2FApJmSO,0.0,1.0,0.0,0.0,0.0,0.0,0.0,0.0,0.0,0.0,0.0,1.0,0.0,0.0,0.0,0.0,1.0,0.0,0.6306179775280898,0.6254589963280295,0.589599479382358,0.11438692720831906,0.42500563618576037,0.0004811320754716981,0.14545025931164543,0.3486920012918506,0.2140600685237996,0.2516350930599734,0.8000000000000043,0.005015144294301036
0f1G5SHFoFC9lO03gHCGVS,0.0,1.0,0.0,0.0,0.0,0.0,0.0,0.0,1.0,0.0,0.0,0.0,0.0,0.0,0.0,0.0,1.0,0.0,0.5477528089887642,0.7527539779681763,0.7062059989351002,0.046051879785167414,0.16543084244947598,0.39622641509433965,0.40476190476190477,0.6468941759069868,0.6412585404297098,0.1780406634136496,0.9142857142857181,0.0832090743774021
60emrPlgw8J8d9VXy42Cbi,0.0,1.0,0.0,0.0,0.0,0.0,0.0,0.0,0.0,1.0,0.0,0.0,0.0,0.0,0.0,0.0,1.0,0.0,0.7247191011235956,0.43574051407588743,0.7279772821392652,0.015541081019312085,0.5522076267417884,3.1341719077568136e-06,0.0724893917963225,0.3777586392507267,0.2668287372519686,0.38693102861071227,0.8857142857142861,0.0011849610394396794
5ScbulRnixQ2XAdvrPMFjz,0.0,1.0,0.0,0.0,0.0,0.0,0.0,0.0,0.0,0.0,1.0,0.0,0.0,0.0,0.0,1.0,0.0,0.0,0.0758426966292135,0.37331701346389234,0.671537596876294,0.01199862872814536,0.006635186759410362,0.0,0.12305516265912306,0.3239315319194747,0.7858130355508954,0.33055474381965305,0.9428571428571431,0.7282782252919346
4mmkhcEm1Ljy1U9nwtsxUo,0.0,1.0,0.0,0.0,0.0,0.0,0.0,0.0,0.0,1.0,0.0,0.0,0.0,0.0,0.0,0.0,1.0,0.0,0.42837078651685395,0.7074663402692778,0.7105839200141986,0.2515141126728374,0.008910344314071022,5.461215932914047e-06,0.15252239509665252,0.6705781031327377,0.1539781872583133,0.3135741631119642,0.4571428571428555,0.20018084707375253
3gikeu0X8ZcZ1pVR4f984H,1.0,0.0,0.0,0.0,0.0,0.0,0.0,0.0,0.0,1.0,0.0,0.0,0.0,0.0,0.0,0.0,1.0,0.0,0.5898876404494384,0.47246022031823753,0.6242678814411642,0.7474574334361789,0.3598533971204778,0.0,0.07696841112682695,0.3745290128108516,0.6676996440235359,0.12008552309312726,0.8285714285714292,7.72463688197636e-06
6glsMWIMIxQ4BedzLqGVi4,1.0,0.0,0.0,0.0,0.0,0.0,0.0,1.0,0.0,0.0,0.0,0.0,0.0,0.0,0.0,1.0,0.0,0.0,0.6446629213483146,0.5862913096695227,0.604389753298231,0.34864586904353795,0.02902480542232095,0.0,0.08297972654408298,0.945096350522123,0.7079056161465047,0.3530981097882736,0.34285714285714164,0.021477991438350375
32ypPhtgTaETvFn3ZIHXTW,1.0,0.0,0.0,0.0,0.0,0.0,0.0,0.0,0.0,0.0,0.0,1.0,0.0,0.0,0.0,0.0,1.0,0.0,0.646067415730337,0.30966952264381886,0.34461338223983895,0.2766540966746658,0.4198348235615317,0.0,0.050330033003300335,0.46603509527398,0.6009189936485249,0.2253285428067468,0.9142857142857181,0.06760439345994446
1pfwOQKJsRRBf6NdYO4Qog,1.0,0.0,0.0,0.0,0.0,0.0,0.0,0.0,0.0,0.0,1.0,0.0,0.0,0.0,0.0,0.0,1.0,0.0,0.15730337078651685,0.8029375764993879,0.8903744897355498,0.07336304422351733,0.15612337972586418,0.0,0.1419141914191419,0.23673161804284643,0.4077032505393076,0.3870214291270464,0.8571428571428612,0.22819780023939232
6XeZ32B9HbV6ZrU6NTR2iM,1.0,0.0,1.0,0.0,0.0,0.0,0.0,0.0,0.0,0.0,0.0,0.0,0.0,0.0,0.0,0.0,1.0,0.0,0.6601123595505618,0.4381884944920441,0.7105247589185351,0.4023540166838076,0.22644643141537552,0.0,0.13484205563413482,0.6888793196253634,0.5338444790254393,0.2826634935384654,0.8571428571428612,0.14252775408908486
6z1nMCq1HJSZ78u2jYtrDT,0.0,1.0,1.0,0.0,0.0,0.0,0.0,0.0,0.0,0.0,0.0,0.0,0.0,0.0,0.0,0.0,1.0,0.0,0.8497191011235956,0.47001223990208085,0.5822635035200852,0.7634556050737059,0.0008190567196778377,0.0,0.058109382366808106,0.28302293034772313,0.6682940512525963,0.21750994931264073,0.8857142857142861,0.05973504373572705
38844QuZDlnt44uHPrSA3S,0.0,1.0,0.0,0.0,0.0,0.0,0.0,0.0,0.0,0.0,1.0,0.0,0.0,0.0,0.0,0.0,1.0,0.0,0.875,0.43451652386780903,0.5483641957049044,0.3429322363158497,0.38467329771677594,0.0,0.07543611504007544,0.7480891376897406,0.53410494960896,0.266870733568655,0.8571428571428612,0.14252775408908486
3T06rGO2dVEntMvym0vpQu,0.0,1.0,1.0,0.0,0.0,0.0,0.0,0.0,0.0,0.0,0.0,0.0,0.0,0.0,0.0,0.0,1.0,0.0,0.6741573033707866,0.4895960832313342,0.7840028397325918,0.029368072220317683,0.07835435785746345,0.0,0.12187647336162188,0.45849930024760477,0.11688450467177364,0.37076615488761955,0.8857142857142861,0.27935376819979313
3hlksXnvbKogFdPbpO9vel,0.0,1.0,0.0,0.0,0.0,0.0,0.0,0.0,0.0,0.0,0.0,0.0,0.0,1.0,0.0,0.0,1.0,0.0,0.6418539325842696,0.8555691554467564,0.8142933207122995,0.2012341446691807,0.2802228827073548,4.779874213836479e-06,0.6711456859971711,0.678113898159113,0.4471077747129814,0.26897517349540956,0.6285714285714263,0.265582221122059
4lc08Ite46dtoEhhCOQMTV,0.0,1.0,0.0,0.0,0.0,0.0,0.0,0.0,0.0,0.0,0.0,1.0,0.0,0.0,0.0,0.0,1.0,0.0,0.32162921348314605,0.3439412484700123,0.2947405785955155,0.2732259170380528,0.10058885214164716,0.0,0.11951909476661951,0.042954031650339106,0.20042877465287284,0.265714447894614,0.8857142857142861,0.00010971248640263607
17Q87zeXgsAi9iQQbMu9v0,0.0,1.0,0.0,1.0,0.0,0.0,0.0,0.0,0.0,0.0,0.0,0.0,0.0,0.0,0.0,0.0,1.0,0.0,0.46067415730337075,0.3659730722154223,0.6220197598059515,0.40578219632042056,0.0036257738121092163,2.8406708595387843e-05,0.13955681282413954,0.018301216492625692,0.5759739262267163,0.27410067253779474,0.8000000000000043,0.7282782252919346
3SzjotM3GBjNAMWm79VSKN,0.0,1.0,0.0,0.0,0.0,0.0,0.0,0.0,1.0,0.0,0.0,0.0,0.0,0.0,0.0,0.0,1.0,0.0,0.11095505617977525,0.8139534883720929,0.7938235816127313,0.38178493886412984,0.31952105865149344,0.0,0.25035360678925034,0.4337388308752288,0.7788471171249391,0.22703143625397076,0.6571428571428584,0.04577291497419901
6j8lAie0mdUNreql5d5Ejz,0.0,1.0,0.0,0.0,0.0,0.0,0.0,0.0,0.0,0.0,0.0,0.0,0.0,1.0,0.0,0.0,1.0,0.0,0.9199438202247192,0.44553243574051415,0.5877654854167897,0.44120671923208776,0.014029448812057508,0.0,0.33521923620933525,0.8148347507804932,0.47227324032084633,0.185659534836785,0.7428571428571473,0.01301274737518232
4RKJRRd4VJfZWiqQTYsleE,1.0,0.0,0.0,0.0,0.0,0.0,0.0,0.0,0.0,0.0,0.0,0.0,1.0,0.0,0.0,0.0,1.0,0.0,0.8525280898876404,0.5067319461444308,0.6411287937052593,0.049480059421780374,0.09210871943791198,0.0,0.09358793022159359,0.8988050382172462,0.28699183190965,0.26270600280451833,0.9142857142857181,0.18249520819960363
0LSawp8fYiAmY5KCLfYos5,1.0,0.0,0.0,0.0,0.0,0.0,0.0,0.0,0.0,0.0,0.0,0.0,1.0,0.0,0.0,0.0,1.0,0.0,0.21910112359550565,0.8017135862913096,0.8910844228835118,0.3280767912238602,0.21610480616691796,0.0,0.06966053748231965,0.5392399612444828,0.15239532755845558,0.2189689715995215,0.8000000000000043,0.12394584832728606
2YMCSqTmBTtcYA8dyUCvbT,0.0,1.0,0.0,0.0,1.0,0.0,0.0,0.0,0.0,0.0,0.0,0.0,0.0,0.0,0.0,0.0,1.0,0.0,0.7696629213483146,0.6095471236230111,0.8073123114240075,0.06193577876814079,0.0016298401391569095,0.026624737945492662,0.5544554455445544,0.10001076542146627,0.1902570644297364,0.21302566323495092,0.9428571428571431,0.1412003357665388
0VO8gYVDSwM1Qdd2GsMoYK,0.0,1.0,0.0,0.0,0.0,0.0,0.0,0.0,0.0,0.0,1.0,0.0,0.0,0.0,0.0,0.0,1.0,0.0,0.40308988764044956,0.6095471236230111,0.6404780216529609,0.013941263855559369,0.0027570772912387824,0.0,0.09005186232909004,0.07309721175584025,0.40147199273353856,0.34042732113837376,0.9714285714285751,0.6728145922379295
1YDebgap5OFwXEBG18NJvy,0.0,1.0,0.0,0.0,1.0,0.0,0.0,0.0,0.0,0.0,0.0,0.0,0.0,0.0,0.0,0.0,1.0,0.0,0.9367977528089888,0.605875152998776,0.7259658048867064,0.3372186035881614,0.1333718041792576,0.0,0.15605846298915604,0.9655506513079988,0.40041007420072255,0.18292649597087002,0.9428571428571431,0.10062832213815441
56D00FeODn6y0qHNDLZrda,1.0,0.0,0.0,0.0,0.0,0.0,0.0,0.0,0.0,0.0,0.0,0.0,1.0,0.0,0.0,0.0,1.0,0.0,0.6053370786516854,0.6156670746634028,0.647104064367272,0.24008684721746087,0.13026931660472033,0.0,0.08415841584158415,0.3357734955323501,0.2329475251955198,0.21857373213275838,0.8857142857142861,9.231245879250217e-06
5mCPDVBb16L4XQwDdbRUpz,0.0,1.0,0.0,0.0,0.0,0.0,0.0,0.0,0.0,0.0,0.0,0.0,0.0,1.0,0.0,0.0,1.0,0.0,0.7626404494382024,0.36964504283965727,0.3989824291545878,0.014512627128328195,0.26471044483466843,0.08909853249475892,0.09476661951909476,0.35192162773172575,0.34693345978400975,0.4769552265163636,0.8285714285714292,0.7282782252919346
3DWjFSDEQ9IWz1mj449fB7,0.0,1.0,0.0,0.0,0.0,0.0,0.0,0.0,0.0,0.0,0.0,1.0,0.0,0.0,0.0,0.0,1.0,0.0,0.7471910112359552,0.5973072215422277,0.6847896823049162,0.3189349788595589,0.07711336282764854,1.4046121593291406e-05,0.5756718528995757,0.5693831413499838,0.5474690941634552,0.07586915891780069,0.9142857142857181,0.11774238142664968
59fFsGRwFiuhxKDPc1k6xW,1.0,0.0,0.0,0.0,1.0,0.0,0.0,0.0,0.0,0.0,0.0,0.0,0.0,0.0,0.0,0.0,1.0,0.0,0.7907303370786516,0.22276621787025705,0.7799798852274743,0.08581876356987772,0.007555591406523084,0.0,0.17727487034417724,0.2959414361072236,0.12022387112716976,0.1332020073119301,0.9428571428571431,0.1412003357665388
3hsmbFKT5Cujb5GQjqEU39,1.0,0.0,0.0,0.0,0.0,0.0,0.0,0.0,0.0,0.0,0.0,0.0,0.0,1.0,0.0,0.0,1.0,0.0,0.7036516853932584,0.6315789473684211,0.7095190202922557,0.17952234030396527,0.03502294806642633,5.775681341719078e-06,0.136020744931636,0.5392399612444828,0.575179157010332,0.3164333422332291,0.6571428571428584,0.18249520819960363
2qPUnoasNe4Ep43emVXEig,1.0,0.0,0.0,0.0,0.0,0.0,0.0,0.0,1.0,0.0,0.0,0.0,0.0,0.0,0.0,0.0,1.0,0.0,0.5154494382022472,0.6266829865361078,0.6932497189847955,0.2640841046737516,0.3071111083533444,0.0,0.20909948137670908,0.6695015609861127,0.17860267550040404,0.2924099306018362,0.6285714285714263,0.4614489238126466
3470gW4OnSHHsvPtSk6DYH,0.0,1.0,0.0,1.0,0.0,0.0,0.0,0.0,0.0,0.0,0.0,0.0,0.0,0.0,0.0,0.0,1.0,0.0,0.47050561797752805,0.8824969400244798,0.6438502041057799,0.0961033024797166,0.20162653081907742,4.09853249475891e-06,0.028406412069778404,0.5898374421358596,0.5740771660800512,0.3013511723685566,0.6571428571428584,0.09680461817285359
3pXF1nA74528Edde4of9CC,1.0,0.0,0.0,0.0,0.0,0.0,0.0,0.0,0.0,0.0,0.0,0.0,0.0,1.0,0.0,0.0,1.0,0.0,0.7008426966292134,0.23867809057527536,0.743359167011773,0.19209233230487946,0.23058308151475854,0.0,0.0797972654408298,0.16352675207234363,0.246825932184146,0.26535915284204503,0.7714285714285722,0.06795072193742184
1rX5L6pyl3rVWb55D8Cprr,0.0,1.0,0.0,1.0,0.0,0.0,0.0,0.0,0.0,0.0,0.0,0.0,0.0,0.0,0.0,0.0,1.0,0.0,0.33146067415730335,0.5777233782129743,0.728923859669881,0.4480630785053137,0.010213389095376673,0.0,0.42479962281942485,0.5543115512972334,0.15489317366709182,0.5834575464458932,0.8857142857142861,0.7282782252919346
5uZm7EFtP5aoTJvx5gv9Xf,1.0,0.0,0.0,0.0,0.0,0.0,0.0,0.0,0.0,1.0,0.0,0.0,0.0,0.0,0.0,0.0,1.0,0.0,0.38202247191011246,0.4394124847001224,0.4175590131929242,0.8114501199862874,0.31848689612664766,0.0,0.2185289957567185,0.5532350091506083,0.8030508451936498,0.21469071460556993,0.8000000000000043,0.06897090523791691
59JWp4PjZ9TRM8cmtaDYB1,0.0,1.0,0.0,0.0,0.0,0.0,0.0,0.0,0.0,0.0,1.0,0.0,0.0,0.0,0.0,0.0,1.0,0.0,0.8834269662921348,0.7074663402692778,0.6796426669821924,0.2926522683121929,0.018890012678832554,7.976939203354298e-06,0.0865157944365865,0.7814619442351168,0.5341183070747817,0.3096070520812091,0.9142857142857181,0.14356000767900318
6ezKE7zgRyfUsqRfGDJEMz,0.0,1.0,0.0,1.0,0.0,0.0,0.0,0.0,0.0,0.0,0.0,0.0,0.0,0.0,0.0,0.0,1.0,0.0,0.7570224719101124,0.4969400244798041,0.7967816363959059,0.13838418466460975,0.1581917047755557,0.0,0.07107496463932109,0.7534718484228659,0.23352857495875884,0.16728089963230114,0.8857142857142861,0.008721907533501322
0kSnpKOS1bUguBGe2z661G,0.0,1.0,0.0,1.0,0.0,0.0,0.0,0.0,0.0,0.0,0.0,0.0,0.0,0.0,0.0,0.0,1.0,0.0,0.8342696629213484,0.5618115055079559,0.6895817310536589,0.397783110501657,0.003429282932388523,0.0,0.12305516265912306,0.4757239745936054,0.6675126395020337,0.2575657873990089,0.9142857142857181,0.03308835580746909
6Xi897JXNLSoIaoYZwgTLc,1.0,0.0,0.0,0.0,0.0,0.0,0.0,0.0,0.0,1.0,0.0,0.0,0.0,0.0,0.0,0.0,1.0,0.0,0.42134831460674155,0.34638922888616897,0.3580429509554516,0.1372414581190721,0.05394812227110364,0.0,0.15252239509665252,0.13338357196684253,0.5807625777237542,0.25605420667239903,0.8000000000000043,0.05489101713037072
0mL82sxCRjrs3br407IdJh,1.0,0.0,0.0,0.0,0.0,0.0,0.0,0.0,0.0,0.0,0.0,1.0,0.0,0.0,0.0,0.0,1.0,0.0,0.6123595505617978,0.5201958384332925,0.6088268354729929,0.005027996800365676,0.04009034443817053,7.620545073375263e-05,0.15016501650165015,0.6145979115082356,0.5003506334778165,0.26707886498998235,0.9714285714285751,0.6728145922379295
003vvx7Niy0yvhvHt4a68B,0.0,1.0,0.0,1.0,0.0,0.0,0.0,0.0,0.0,0.0,0.0,0.0,0.0,0.0,0.0,0.0,1.0,0.0,0.12078651685393255,0.9179926560587515,0.7626456841980712,0.054622328876699815,0.0012161751292186073,0.0,0.08356907119283358,0.21412423296372052,0.5877218174167995,0.31724484454264695,0.4571428571428555,0.06245796517353993
3WcC6NH9J77xPEvj1SOL7z,0.0,1.0,0.0,0.0,0.0,0.0,0.0,0.0,0.0,0.0,1.0,0.0,0.0,0.0,0.0,1.0,0.0,0.0,0.32865168539325845,0.6474908200734394,0.8089096610069217,0.3257913381327848,0.16439667992463022,0.0,0.08887317303158887,0.359457422758101,0.8025966913557159,0.36252499153809115,0.7714285714285722,0.13666316970816478
6EDO9iiTtwNv6waLwa1UUq,1.0,0.0,0.0,0.0,0.0,0.0,0.0,1.0,0.0,0.0,0.0,0.0,0.0,0.0,0.0,0.0,1.0,0.0,0.75,0.4883720930232559,0.7870200556114298,0.26751228431036456,0.05891210239036326,0.0,0.12423385195662423,0.4445042523414792,0.6881566029292923,0.26941245971395594,0.9142857142857181,0.7282782252919346
20fAoPjfYltmd3K3bO7gbt,0.0,1.0,0.0,0.0,0.0,0.0,0.0,0.0,0.0,1.0,0.0,0.0,0.0,0.0,0.0,0.0,1.0,0.0,0.6502808988764044,0.6254589963280295,0.6727799798852274,0.2915095417666552,0.027370145382567743,0.0,0.2538896746817539,0.60060286360211,0.6669983770679027,0.20868013143814607,0.7714285714285722,0.13666316970816478
1GeNui6m825V8jP4uKiIaH,0.0,1.0,0.0,0.0,0.0,0.0,0.0,0.0,1.0,0.0,0.0,0.0,0.0,0.0,0.0,0.0,1.0,0.0,0.99438202247191,0.5324357405140758,0.5462343962610187,0.17952234030396527,0.1008991008991009,0.0,0.14427157001414426,0.9203358811497471,0.3467932063928831,0.16181271956288196,0.8857142857142861,0.14252775408908486
6huNf4dutXRjJyGn7f5BPS,0.0,1.0,0.0,0.0,1.0,0.0,0.0,0.0,0.0,0.0,0.0,0.0,0.0,0.0,0.0,0.0,1.0,0.0,0.6544943820224718,0.6328029375764994,0.7776134414009346,0.0705062278596732,0.08962672937828217,2.5262054507337527e-05,0.09830268741159828,0.17106254709871893,0.2711031263148756,0.29295864071260835,0.9428571428571431,0.6728145922379295
5EPQXIxxry2D99lq31Hdu7,0.0,1.0,0.0,0.0,0.0,0.0,0.0,0.0,0.0,0.0,0.0,0.0,0.0,1.0,0.0,0.0,1.0,0.0,0.7921348314606742,0.6254589963280295,0.8236407738271312,0.3497885955890756,0.03740152187357157,0.0,0.09123055162659122,0.39713639788997745,0.5346125333101803,0.33910915546996706,0.6571428571428584,0.04546648115462054
0SGkqnVQo9KPytSri1H6cF,1.0,0.0,0.0,1.0,0.0,0.0,0.0,0.0,0.0,0.0,0.0,0.0,0.0,0.0,0.0,0.0,1.0,0.0,0.7219101123595506,0.5067319461444308,0.7390995681240016,0.1280996457547709,0.10958606610780523,0.0,0.11834040546911834,0.2539562923888471,0.14337903812888614,0.3159561116004886,0.8285714285714292,0.09680461817285359
51EC3I1nQXpec4gDk0mQyP,1.0,0.0,0.0,0.0,0.0,0.0,0.0,0.0,0.0,0.0,0.0,1.0,0.0,0.0,0.0,0.0,1.0,0.0,0.19101123595505626,0.44675642594859244,0.6732532686505353,0.07256313564164096,0.11682520378172552,8.731656184486374e-06,0.09005186232909004,0.2959414361072236,0.14272452230362848,0.5613136246192141,0.7714285714285722,0.22819780023939232
12hfZNWtZInct3l8nT3c9O,1.0,0.0,0.0,1.0,0.0,0.0,0.0,0.0,0.0,0.0,0.0,0.0,0.0,0.0,0.0,0.0,1.0,0.0,0.797752808988764,0.6205630354957161,0.7328876530793349,0.341789509770312,0.081870510441939,0.0,0.08003300330033003,0.36053396490472606,0.47295447107774696,0.06464477852924666,0.8857142857142861,0.004022315091265148
24cAQvqRus3LmObuJdBC84,0.0,1.0,0.0,0.0,1.0,0.0,0.0,0.0,0.0,0.0,0.0,0.0,0.0,0.0,0.0,0.0,1.0,0.0,0.550561797752809,0.8029375764993879,0.8161273146778678,0.0197691692378014,0.06935714389130539,0.0,0.12187647336162188,0.7050274518247389,0.533917945087458,0.21720090568703337,0.8857142857142861,4.074811270661487e-05
7rC5Pl8rQSX4myONQHYPBK,1.0,0.0,0.0,0.0,0.0,0.0,1.0,0.0,0.0,0.0,0.0,0.0,0.0,0.0,0.0,0.0,1.0,0.0,0.6853932584269662,0.5067319461444308,0.5755191386144469,0.04719460633070507,0.0465021520922142,0.0013731656184486373,0.29160773220179165,0.48864248035310587,0.17348008735782644,0.27976857467818467,0.8571428571428612,0.7282782252919346
2UN0lp72LAusrXi8LLVomt,1.0,0.0,0.0,0.0,0.0,0.0,1.0,0.0,0.0,0.0,0.0,0.0,0.0,0.0,0.0,0.0,1.0,0.0,0.5997191011235954,0.5899632802937577,0.724960066260427,0.06387841389555479,0.1426792669028694,0.0,0.09358793022159359,0.47357089030035526,0.23389590526885246,0.1921074042227553,0.9714285714285751,0.9999999999999999
1fCeXjoRExPP2qwSBh2aST,0.0,1.0,0.0,0.0,0.0,0.0,0.0,0.0,0.0,1.0,0.0,0.0,0.0,0.0,0.0,0.0,1.0,0.0,0.7162921348314608,0.7037943696450428,0.799207241318109,0.2515141126728374,0.08290467296678475,0.0,0.1537010843941537,0.21089460652384545,0.5871407676535607,0.2415018258801962,0.8571428571428612,0.27935376819979313
0Thqjtu54vKMP06pwZkAWp,1.0,0.0,0.0,0.0,0.0,0.0,1.0,0.0,0.0,0.0,0.0,0.0,0.0,0.0,0.0,0.0,1.0,0.0,0.875,0.2925336597307222,0.4457788558244097,0.2663695577648269,0.33296517147448823,1.3836477987421385e-05,0.3564356435643565,0.32177844762622465,0.4544143085173881,0.48141848921816166,0.7428571428571473,0.19502563168631767
2M9ULmQwTaTGmAdXaXpfz5,1.0,0.0,0.0,0.0,0.0,0.0,0.0,0.0,1.0,0.0,0.0,0.0,0.0,0.0,0.0,0.0,1.0,0.0,0.5154494382022472,0.6266829865361078,0.6932497189847955,0.2640841046737516,0.3071111083533444,0.0,0.20909948137670908,0.6695015609861127,0.17860267550040404,0.2924099306018362,0.6285714285714263,0.4614489238126466
44OnxLiNTE4sLq3ujDwLBU,1.0,0.0,0.0,0.0,0.0,1.0,0.0,0.0,0.0,0.0,0.0,0.0,0.0,0.0,0.0,0.0,1.0,0.0,0.5224719101123596,0.6107711138310894,0.6511270188723894,0.31093589304079533,0.2543688195862109,0.0,0.12423385195662423,0.7545483905694909,0.6542620334070222,0.2157250646994393,0.9428571428571431,0.10666688066900824
1yrhouFL3RSdUj9KfPDhoW,1.0,0.0,0.0,1.0,0.0,0.0,0.0,0.0,0.0,0.0,0.0,0.0,0.0,0.0,0.0,0.0,0.0,1.0,0.6910112359550562,0.5140758873929008,0.5968762941489676,0.4572048908696149,0.3246918712757222,0.0,0.13248467703913247,0.12907740338034235,0.42314448102905916,0.3070926563245673,0.9142857142857181,0.06760439345994446
2QtxlzvSBONjs1bDC34ixs,1.0,0.0,0.0,0.0,0.0,0.0,0.0,0.0,0.0,0.0,0.0,0.0,0.0,1.0,0.0,0.0,1.0,0.0,0.6165730337078652,0.8824969400244798,0.8826835472992959,0.02011198720146269,0.0003464444458233278,1.2159329140461216e-06,0.07637906647807638,0.7136397889977393,0.4672842268364846,0.35654594343450485,0.6571428571428584,0.18249520819960363
6gi6y1xwmVszDWkUqab1qw,0.0,1.0,0.0,0.0,0.0,0.0,0.0,0.0,0.0,0.0,1.0,0.0,0.0,0.0,0.0,0.0,1.0,0.0,0.752808988764045,0.5263157894736842,0.782464651245341,0.22637412867100903,0.010720128732551093,0.0,0.19731258840169733,0.2927118096673485,0.5331632482685384,0.18004419113612424,0.8857142857142861,0.22819780023939232
42zd6DYQ4o4SECmTITrM1U,0.0,1.0,0.0,0.0,0.0,0.0,0.0,0.0,0.0,0.0,0.0,0.0,0.0,1.0,0.0,0.0,1.0,0.0,0.5126404494382022,0.7503059975520197,0.9265810802816067,0.312078619586333,0.48395290010196845,0.0,0.29750117868929754,0.4337388308752288,0.13164450440462433,0.3334748907310038,0.6857142857142833,0.06709966202841267
2tPcTFiQF9MbVUyjZ3zDhA,0.0,1.0,0.0,1.0,0.0,0.0,0.0,0.0,0.0,0.0,0.0,0.0,0.0,0.0,0.0,0.0,1.0,0.0,0.8286516853932584,0.6009791921664627,0.757084541205703,0.13267055193692148,0.1830116053718538,0.0,0.19377652050919378,0.467111637420605,0.24699957923982657,0.3095376749407666,0.8571428571428612,0.005002429559410748
7Hk12JkCFwLO4s1jRGBS6s,0.0,1.0,0.0,0.0,0.0,0.0,0.0,0.0,0.0,0.0,0.0,1.0,0.0,0.0,0.0,0.0,1.0,0.0,0.8033707865168538,0.5593635250917993,0.7651896113116013,0.06125014284081821,0.0036567986878545886,0.001740041928721174,0.12187647336162188,0.7631607277424912,0.6272398800499568,0.2989965542686914,0.6857142857142833,0.06982085913916508
1Jo0Zg7XlrA6z0mFTZVdkn,1.0,0.0,0.0,0.0,0.0,0.0,0.0,0.0,1.0,0.0,0.0,0.0,0.0,0.0,0.0,0.0,1.0,0.0,0.7991573033707864,0.6217870257037944,0.7418209785245222,0.04273797280310821,0.0347126993089726,7.253668763102726e-05,0.029349363507779343,0.5435461298309829,0.41831575713455643,0.4099726485879649,0.5428571428571445,0.5119009047700843
3RkNXZvOSMMElmmXztDc94,1.0,0.0,0.0,0.0,0.0,0.0,1.0,0.0,0.0,0.0,0.0,0.0,0.0,0.0,0.0,0.0,1.0,0.0,0.726123595505618,0.31211750305997554,0.4899130331893745,0.12352873957262028,0.22024145626630098,0.0,0.0876944837340877,0.13768974055334265,0.18058625917490928,0.36382844084337373,0.9428571428571431,0.7282782252919346
0BKXZkU8oGad58MyTFyFXu,0.0,1.0,0.0,0.0,1.0,0.0,0.0,0.0,0.0,0.0,0.0,0.0,0.0,0.0,0.0,0.0,1.0,0.0,0.6390449438202246,0.7062423500611995,0.735904868958173,0.04342360873043081,0.00226067927931282,0.0,0.23031588873173028,0.3637635913446012,0.5072698007733971,0.5064278971788732,0.6571428571428584,0.12394584832728606
1IAzD1muglOxOcPbUHs70R,1.0,0.0,0.0,0.0,0.0,0.0,0.0,0.0,0.0,0.0,0.0,1.0,0.0,0.0,0.0,0.0,1.0,0.0,0.5814606741573034,0.6438188494492045,0.707507543039697,0.05027996800365674,0.016614855124171893,0.0,0.27392739273927397,0.4628054688341049,0.6012128578965998,0.37308293091087974,0.5714285714285694,0.04079070706849734
4Iy73U3ZqfhF1cxPDRSMKp,0.0,1.0,0.0,0.0,0.0,0.0,0.0,0.0,0.0,1.0,0.0,0.0,0.0,0.0,0.0,0.0,1.0,0.0,0.7401685393258428,0.25091799265605874,0.4774300420043778,0.12467146611815794,0.022095916505854393,0.0,0.07991513437057993,0.2593390031219723,0.42047298786474224,0.1838494221725136,0.8285714285714292,0.021215371201808237
2g8HN35AnVGIk7B8yMucww,1.0,0.0,0.0,0.0,0.0,0.0,0.0,0.0,0.0,0.0,0.0,1.0,0.0,0.0,0.0,0.0,1.0,0.0,0.7219101123595506,0.5067319461444308,0.6433177542448085,0.2812250028568164,0.44465472415782975,0.0,0.13484205563413482,0.7922273657013673,0.16334844953215483,0.3798398439224574,0.17142857142857082,0.08429063675427166
0w6webWdhjRKdqJ3DeGgM1,0.0,1.0,0.0,1.0,0.0,0.0,0.0,0.0,0.0,0.0,0.0,0.0,0.0,0.0,0.0,0.0,1.0,0.0,0.42275280898876405,0.368421052631579,0.6109566349168786,0.3806422123185922,0.0019504305218590934,3.7421383647798746e-06,0.09123055162659122,0.14522553557971796,0.615792531840859,0.20551611336645215,0.8857142857142861,0.017353435944611268
4p55EkzkGnWmLYDiNXc14t,0.0,1.0,0.0,0.0,0.0,0.0,0.0,0.0,0.0,0.0,0.0,0.0,1.0,0.0,0.0,0.0,1.0,0.0,0.7935393258426966,0.36107711138310894,0.43441992545701935,0.6377556850645641,0.22024145626630098,0.0,0.045143800094295146,0.5360103348046077,0.65432882073613,0.0560525248023277,0.8571428571428612,0.019437616128637723
4h90qkbnW1Qq6pBhoPvwko,1.0,0.0,0.0,1.0,0.0,0.0,0.0,0.0,0.0,0.0,0.0,0.0,0.0,0.0,0.0,0.0,1.0,0.0,0.38764044943820236,0.6842105263157895,0.7682068271904394,0.04102388298480173,0.15198672962648116,0.0,0.37647336162187645,0.6307460437076112,0.5997101429916716,0.3348771499029771,0.8000000000000043,0.6728145922379295
6giYNaycmjkbf7UmZ6RGtL,0.0,1.0,0.0,1.0,0.0,0.0,0.0,0.0,0.0,0.0,0.0,0.0,0.0,0.0,0.0,0.0,1.0,0.0,0.6713483146067416,0.2533659730722154,0.696444418150624,0.029139526911210155,0.07256304771832721,0.0,0.1925978312116926,0.38098826569060185,0.16018273013243928,0.3557891019024053,0.5142857142857125,0.007018890717062627
163ExVYtJrtdE86Qd5Fw2N,1.0,0.0,0.0,0.0,0.0,0.0,0.0,0.0,0.0,0.0,0.0,0.0,1.0,0.0,0.0,0.0,1.0,0.0,0.8974719101123596,0.7246022031823746,0.8583091758859374,0.15666780939321223,0.09686586705220246,0.0,0.017916077322017915,0.7642372698891162,0.24054124451509057,0.29650318188794117,0.6857142857142833,0.05964425530337688
7sLpSWxQazJzDVG6YGzlVs,1.0,0.0,0.0,0.0,0.0,0.0,0.0,0.0,1.0,0.0,0.0,0.0,0.0,0.0,0.0,0.0,1.0,0.0,0.32022471910112366,0.8886168910648715,0.8178429864521091,0.424065821049023,0.006800652763385684,0.0,0.0876944837340877,0.5500053827107332,0.19715619552658464,0.34174548680678046,0.4285714285714306,0.0766504222284778
0P2P1AxcRYhiZvoF5MyRmM,0.0,1.0,0.0,0.0,1.0,0.0,0.0,0.0,0.0,0.0,0.0,0.0,0.0,0.0,0.0,0.0,1.0,0.0,0.5926966292134832,0.8335373317013464,0.8229308406791692,0.2709404639469775,0.0515695484639584,0.0,0.25035360678925034,0.4079018193562278,0.6669583046704379,0.23921238024559505,0.9714285714285751,0.05973504373572705
1RUTIdTnFs8lHSc0Zr4UJB,1.0,0.0,0.0,0.0,0.0,0.0,0.0,0.0,0.0,0.0,0.0,0.0,1.0,0.0,0.0,0.0,1.0,0.0,0.553370786516854,0.8812729498164016,0.7100514701532271,0.06627813964118387,0.07463137276801872,3.5639412997903565e-05,0.392975011786893,0.5909139842824847,0.4006104361880463,0.3264404691576564,0.6000000000000014,0.05911839651099314
4immekPm8Har57BB9DcDSj,0.0,1.0,0.0,0.0,0.0,0.0,1.0,0.0,0.0,0.0,0.0,0.0,0.0,0.0,0.0,0.0,1.0,0.0,0.728932584269663,0.30844553243574047,0.3715908418623912,0.1418123643012227,0.09779661332456363,0.0,0.11480433757661479,0.4498869630746044,0.18363176138223053,0.301687546382823,0.7428571428571473,0.03969069961731434
2Ec33AVlkTTq8BHFgBTdQs,1.0,0.0,0.0,0.0,0.0,0.0,0.0,0.0,0.0,1.0,0.0,0.0,0.0,0.0,0.0,0.0,1.0,0.0,0.8637640449438202,0.36230110159118734,0.5874696799384723,0.14752599702891098,0.03378195303661142,0.0,0.23856671381423858,0.27871676176122295,0.5138349952247059,0.2666626021473276,0.8857142857142861,0.14356000767900318
36J0iaPDGbYGsHvYpaYs3k,0.0,1.0,1.0,0.0,0.0,0.0,0.0,0.0,0.0,0.0,0.0,0.0,0.0,0.0,0.0,0.0,1.0,0.0,0.6952247191011236,0.5201958384332925,0.7544814529965094,0.37949948577305453,0.04050400944810883,0.0,0.03206034889203207,0.734094089783615,0.5995498534018127,0.20408442146823053,0.8857142857142861,0.19502563168631767
4BHzHISX21PYwGXiBEUQ70,1.0,0.0,0.0,0.0,0.0,0.0,1.0,0.0,0.0,0.0,0.0,0.0,0.0,0.0,0.0,0.0,1.0,0.0,0.7612359550561798,0.7466340269277846,0.7337159084186238,0.04296651811221575,0.042675750750284916,1.3522012578616353e-06,0.17845355964167844,0.467111637420605,0.6806029560071862,0.3779729681432785,0.8571428571428612,0.1412003357665388
5BrTUo0xP1wKXLJWUaGFtk,1.0,0.0,0.0,0.0,0.0,0.0,0.0,0.0,0.0,0.0,0.0,0.0,1.0,0.0,0.0,0.0,1.0,0.0,0.8075842696629214,0.4418604651162791,0.7192806010767319,0.025254256656382132,0.01733876889156392,1.4360587002096436e-06,0.18788307402168788,0.6232102486812359,0.26063755184366416,0.4054883625102752,0.7428571428571473,0.18249520819960363
7EQGXaVSyEDsCWKmUcfpLk,1.0,0.0,0.0,1.0,0.0,0.0,0.0,0.0,0.0,0.0,0.0,0.0,0.0,0.0,0.0,0.0,1.0,0.0,0.625,0.6597307221542227,0.7877891498550552,0.02182607701976917,0.005114967847887103,0.0001310272536687631,0.2197076850542197,0.8223705458068684,0.45393343974781103,0.2940077071696019,0.6857142857142833,0.06701425558658454
2Ch7LmS7r2Gy2kc64wv3Bz,1.0,0.0,0.0,1.0,0.0,0.0,0.0,0.0,0.0,0.0,0.0,0.0,0.0,0.0,0.0,0.0,1.0,0.0,0.44382022471910115,0.44553243574051415,0.6482872862805418,0.04090961033024799,0.11475687873203401,0.0,0.12423385195662423,0.5090967811389816,0.48898343006364825,0.39561998986673286,0.8000000000000043,0.6728145922379295
6UjfByV1lDLW0SOVQA4NAi,0.0,1.0,0.0,1.0,0.0,0.0,0.0,0.0,0.0,0.0,0.0,0.0,0.0,0.0,0.0,0.0,1.0,0.0,0.8581460674157304,0.2815177478580171,0.5871738744601549,0.04125242829390927,0.03274779051176566,0.0005262054507337526,0.07767562470532768,0.09139842824846593,0.474083176939671,0.2463056672714391,0.8285714285714292,0.7282782252919346
3XiNC94b4Tq1xwv70sQJGN,1.0,0.0,0.0,0.0,0.0,0.0,0.0,0.0,1.0,0.0,0.0,0.0,0.0,0.0,0.0,0.0,1.0,0.0,0.6502808988764044,0.5410036719706243,0.6735490741288528,0.04536624385784483,0.09800344582953277,0.0,0.09948137670909948,0.18290451071159436,0.5004908868689433,0.3614002409278877,0.8857142857142861,0.14356000767900318
2u7mxWSeoqTXndK5e08jMp,1.0,0.0,0.0,0.0,0.0,0.0,0.0,0.0,1.0,0.0,0.0,0.0,0.0,0.0,0.0,0.0,1.0,0.0,0.672752808988764,0.5936352509179926,0.6586996391173163,0.16352416866643815,0.1623283548749387,0.0,0.3646864686468647,0.45526967380772965,0.1333008301665008,0.2771637784052087,0.8285714285714292,0.04376462259827802
08XWh5c0BMyD1nKVxxl91z,1.0,0.0,0.0,0.0,0.0,0.0,0.0,0.0,0.0,0.0,0.0,0.0,1.0,0.0,0.0,0.0,1.0,0.0,0.8103932584269662,0.39657282741738065,0.5552860438975329,0.19209233230487946,0.1871482554712368,0.07075471698113209,0.09240924092409239,0.7017978253848638,0.26727621235699156,0.2530079195056984,0.9428571428571431,0.7282782252919346
1ia019RqDK2o4QiANR1Dyn,0.0,1.0,0.0,0.0,0.0,0.0,0.0,0.0,0.0,0.0,0.0,0.0,0.0,1.0,0.0,0.0,1.0,0.0,0.29353932584269665,0.8824969400244798,0.8423356800567945,0.3703576734087533,0.4198348235615317,0.0,0.25035360678925034,0.35730433846485093,0.25357145242404616,0.43567793029069024,0.6285714285714263,0.7282782252919346
6Xa2q0dapj03CsRzmD0Os5,0.0,1.0,0.0,1.0,0.0,0.0,0.0,0.0,0.0,0.0,0.0,0.0,0.0,0.0,0.0,0.0,1.0,0.0,0.853932584269663,0.6670746634026927,0.7684434715730935,0.20580505085133127,0.18818241799608257,0.0,0.35997171145686,0.9235655075896222,0.19987443982127712,0.3031066242555097,0.7428571428571473,0.11879591913442544
5FxKZ4IajYIRDjAWAboiB4,0.0,1.0,1.0,0.0,0.0,0.0,0.0,0.0,0.0,0.0,0.0,0.0,0.0,0.0,0.0,0.0,1.0,0.0,0.5308988764044944,0.416156670746634,0.5420339584689108,0.5303393897840247,0.32158938370118495,0.0,0.09123055162659122,0.14630207772634296,0.4661354847758283,0.22059407855594637,0.8857142857142861,0.08771760615610538
7soBkLenwWM7kB92cuyl04,0.0,1.0,0.0,1.0,0.0,0.0,0.0,0.0,0.0,0.0,0.0,0.0,0.0,0.0,0.0,0.0,1.0,0.0,0.6235955056179776,0.6438188494492045,0.921079098384902,0.049594332076334145,0.22541226889052976,0.0,0.12423385195662423,0.5273979976316073,0.5813970573502796,0.17817100834417787,1.0,0.06760439345994446
57IRaiAB4hBZu3gnNVZC0v,1.0,0.0,0.0,0.0,0.0,0.0,0.0,0.0,0.0,0.0,0.0,1.0,0.0,0.0,0.0,0.0,1.0,0.0,0.550561797752809,0.7037943696450428,0.7113530142578239,0.3212204319506342,0.11682520378172552,0.0,0.08156529938708157,0.8256001722467435,0.560559410668608,0.18485433954013464,0.8285714285714292,0.10666688066900824
1POAx4NMLOBPVKZUSsBh92,1.0,0.0,0.0,1.0,0.0,0.0,0.0,0.0,0.0,0.0,0.0,0.0,0.0,0.0,0.0,0.0,1.0,0.0,0.7935393258426966,0.616891064871481,0.8574809205466485,0.05050851331276426,0.15405505467617267,0.0,0.04125412541254126,0.6738077295726128,0.4672107607744658,0.350434448062801,0.6857142857142833,0.004441492032685856
0fcq51a3gOI6gPvzc0YLsk,1.0,0.0,0.0,0.0,0.0,0.0,0.0,0.0,0.0,0.0,0.0,0.0,0.0,1.0,0.0,0.0,1.0,0.0,0.7457865168539326,0.5862913096695227,0.7009998225167129,0.1909496057593418,0.15302089215132691,0.0,0.2126355492692126,0.48325976961998063,0.26693559697854113,0.20598913932401436,0.8857142857142861,0.3750743507185793
5R2rsbwCDXORX2tLfprRmM,0.0,1.0,0.0,0.0,0.0,0.0,0.0,0.0,0.0,1.0,0.0,0.0,0.0,0.0,0.0,0.0,1.0,0.0,0.6390449438202246,0.4247246022031824,0.6285866414245991,0.4194949148668724,0.3277943588502595,0.0,0.1466289486091466,0.4520400473678545,0.667051806931189,0.19818946686821076,0.8571428571428612,0.27935376819979313
4rWzdpoT0R3zdQlrkRSMv9,1.0,0.0,0.0,0.0,0.0,0.0,0.0,0.0,1.0,0.0,0.0,0.0,0.0,0.0,0.0,0.0,1.0,0.0,0.5730337078651686,0.8604651162790697,0.6980417677335383,0.2103759570334819,0.04133133946798543,0.026519916142557654,0.20202734559170202,0.6393583808806116,0.28048674605453855,0.24518512133641396,0.8857142857142861,3.995561895660377e-05
2uTrdatngtB000duMrfbiV,1.0,0.0,0.0,0.0,0.0,0.0,0.0,0.0,0.0,0.0,0.0,0.0,1.0,0.0,0.0,0.0,1.0,0.0,0.625,0.43329253365973075,0.7168549961545287,0.06707804822306021,0.24195886928806185,0.0,0.20792079207920788,0.5661535149101087,0.667432494707104,0.2729843312779479,0.8857142857142861,0.27935376819979313
6IaieqiCVvsNvEt6Y7yOFa,0.0,1.0,0.0,0.0,0.0,0.0,0.0,0.0,0.0,0.0,0.0,1.0,0.0,0.0,0.0,0.0,1.0,0.0,0.7457865168539326,0.4761321909424725,0.8255930899840264,0.24351502685407383,0.5304902137200275,0.0,0.05893446487505894,0.544622671977608,0.49537497745927633,0.2821231927780499,0.8571428571428612,0.3750743507185793
1Wsbr1d2BouNGk2q92mIj7,0.0,1.0,0.0,0.0,0.0,0.0,0.0,0.0,0.0,0.0,0.0,0.0,0.0,1.0,0.0,0.0,1.0,0.0,0.5730337078651686,0.7233782129742962,0.8310950718807311,0.3497885955890756,0.5708225521890119,0.0,0.8939179632248939,0.21412423296372052,0.5679728041995871,0.12240019677879832,0.8000000000000043,0.20018084707375253
1T4k0sw0HldDg004Kw4Oct,1.0,0.0,0.0,0.0,0.0,0.0,1.0,0.0,0.0,0.0,0.0,0.0,0.0,0.0,0.0,1.0,0.0,0.0,0.27528089887640456,0.11015911872705017,0.35786546766846117,0.15095417666552396,0.42810812376029767,0.0,0.20320603488920322,0.10754656044784154,0.19816468419611427,0.20162468648890702,0.9714285714285751,0.14252775408908486
3FQdtOMXdfDcDDjY1OHAqz,1.0,0.0,0.0,0.0,0.0,0.0,0.0,0.0,0.0,0.0,0.0,1.0,0.0,0.0,0.0,0.0,1.0,0.0,0.5252808988764046,0.5850673194614443,0.7482695379518427,0.22066049594332077,0.045467989567368444,0.0,0.07307873644507307,0.7157928732909894,0.21974367023088387,0.27241039311610576,0.7714285714285722,0.18249520819960363
6SOuxyJH5glKeDSFUJJ5tX,1.0,0.0,0.0,0.0,0.0,0.0,0.0,0.0,1.0,0.0,0.0,0.0,0.0,0.0,0.0,0.0,1.0,0.0,0.5449438202247192,0.8763769889840882,0.7870200556114298,0.08307621986058736,0.008620778807114211,1.1530398322851154e-06,0.4035832154644036,0.9386370976423728,0.44111695129200074,0.27319246269927533,0.9714285714285751,0.08903892837288215
44CZRkOxv7UItaAUmh8PgN,0.0,1.0,0.0,0.0,0.0,0.0,0.0,1.0,0.0,0.0,0.0,0.0,0.0,0.0,0.0,0.0,1.0,0.0,0.7148876404494382,0.6046511627906977,0.6382299000177483,0.08581876356987772,0.11785936630657128,0.0001677148846960168,0.00754361150400755,0.33254386909247496,0.36378390291793833,0.5280672579841525,0.7428571428571473,0.0014017821042092006
4nva9EpKntUTs6CRSGBCn9,0.0,1.0,0.0,1.0,0.0,0.0,0.0,0.0,0.0,0.0,0.0,0.0,0.0,0.0,0.0,0.0,1.0,0.0,0.31320224719101125,0.6499388004895961,0.6773353842513162,0.4377785395954748,0.03326487177418854,0.006373165618448638,0.3375766148043376,0.5273979976316073,0.2465253892031603,0.34822068658140987,0.48571428571428754,0.11605054660993643
1cEhrSF6EylAEqdhUGuNpX,0.0,1.0,0.0,0.0,0.0,0.0,0.0,0.0,0.0,0.0,1.0,0.0,0.0,0.0,0.0,0.0,1.0,0.0,0.8581460674157304,0.34638922888616897,0.625569425545761,0.16580962175751343,0.24816384443713635,0.0,0.16548797736916548,0.6684250188394877,0.46100621790033997,0.1964739593954518,0.9428571428571431,0.648463218762657
7FAFkQQZFeNwOFzTrSDFIh,1.0,0.0,0.0,0.0,0.0,0.0,0.0,0.0,0.0,0.0,0.0,1.0,0.0,0.0,0.0,0.0,1.0,0.0,0.7415730337078652,0.7405140758873929,0.8416849080044961,0.012341446691806653,0.013926032559572933,0.0,0.05881659594530881,0.5521584670039833,0.4472881005015728,0.2602714958762648,0.6285714285714263,0.08641542571144428
6cZH4rX1KTt1aJ3Ql6Ynja,1.0,0.0,0.0,0.0,0.0,0.0,0.0,0.0,0.0,1.0,0.0,0.0,0.0,0.0,0.0,0.0,1.0,0.0,0.5308988764044944,0.5214198286413708,0.6735490741288528,0.3726431264998286,0.48912371272619715,0.0,0.055752003771805746,0.6921089460652385,0.7609614703898377,0.1885649653850116,0.9142857142857181,0.06897090523791691
5zOm9ZAuAiJMb5G6uXGVlu,1.0,0.0,0.0,0.0,0.0,0.0,0.0,0.0,0.0,1.0,0.0,0.0,0.0,0.0,0.0,0.0,1.0,0.0,0.6587078651685394,0.401468788249694,0.47920487487428254,0.026054165238258487,0.022302749010823547,0.0,0.08144743045733144,0.31208956830659923,0.4005436488589385,0.18485433954013464,0.9428571428571431,0.08697564041419939
26BMsCXJpD7eYtP7ufhApC,1.0,0.0,0.0,0.0,0.0,0.0,0.0,0.0,0.0,0.0,0.0,1.0,0.0,0.0,0.0,0.0,1.0,0.0,0.5674157303370788,0.32190942472460216,0.22623202981719204,0.30293680722203176,0.34434095924779157,0.0,0.09830268741159828,0.7599311013026161,0.11788631460839255,0.1611294598464032,0.9428571428571431,0.05713700537895988
6fujklziTHa8uoM5OQSfIo,0.0,1.0,1.0,0.0,0.0,0.0,0.0,0.0,0.0,0.0,0.0,0.0,0.0,0.0,0.0,0.0,1.0,0.0,0.7415730337078652,0.576499388004896,0.7074483819440335,0.04342360873043081,0.14681591700225238,0.0,0.11716171617161716,0.34223274841210033,0.5736497271737604,0.4621379511879259,0.8000000000000043,0.06410705758008776
5O2Yjlcs5pSpHq1gcA0cwg,1.0,0.0,0.0,0.0,0.0,0.0,0.0,0.0,0.0,0.0,1.0,0.0,0.0,0.0,0.0,0.0,1.0,0.0,0.8834269662921348,0.3378212974296205,0.5402591255990059,0.37721403268197923,0.11165439115749674,0.0,0.07578972182932578,0.8234470879534935,0.5341650582051574,0.2875051770063133,0.7714285714285722,0.04526879315324415
0cu0rhnlCnJ7JIeHRiLpj3,0.0,1.0,0.0,1.0,0.0,0.0,0.0,0.0,0.0,0.0,0.0,0.0,0.0,0.0,0.0,0.0,1.0,0.0,0.8932584269662922,0.6217870257037944,0.7733538425131632,0.49148668723574457,0.16646500497432173,0.0,0.052098066949552095,0.6361287544407365,0.5337309405659558,0.08509211392146926,0.9428571428571431,0.10062832213815441
1C8ux1YWLMHCenYJFiIV4Z,1.0,0.0,0.0,1.0,0.0,0.0,0.0,0.0,0.0,0.0,0.0,0.0,0.0,0.0,0.0,0.0,1.0,0.0,0.8665730337078652,0.791921664626683,0.885227474412826,0.17723688721288997,0.03233412550182737,0.0,0.21027817067421026,0.8277532565399937,0.39388495214687874,0.3363592979033387,0.9142857142857181,0.27935376819979313
35srNkJVToAzYiZzron1FY,1.0,0.0,0.0,0.0,0.0,0.0,0.0,0.0,0.0,0.0,0.0,1.0,0.0,0.0,0.0,0.0,1.0,0.0,0.5210674157303372,0.6474908200734394,0.8819144530556705,0.04845160553079649,0.4312106113348349,0.0,0.21499292786421498,0.07094412746259016,0.5362688590720568,0.3822785555258892,0.6000000000000014,0.0766504222284778
45pUWUeEWGoSdH6UF162G8,0.0,1.0,0.0,0.0,1.0,0.0,0.0,0.0,0.0,0.0,0.0,0.0,0.0,0.0,0.0,0.0,1.0,0.0,0.5280898876404494,0.45532435740514077,0.6313080518251197,0.2732259170380528,0.010720128732551093,0.00011320754716981132,0.2621404997642622,0.08063300678221554,0.40077072577790535,0.3224292090375288,0.9714285714285751,0.7282782252919346
7Fege3yv4dvehB3NdRBGwI,1.0,0.0,1.0,0.0,0.0,0.0,0.0,0.0,0.0,0.0,0.0,0.0,0.0,0.0,0.0,0.0,1.0,0.0,0.7401685393258428,0.1799265605875153,0.4559545642785303,0.02251171294709177,0.6339064662046029,1.761006289308176e-05,0.07861857614332862,0.45526967380772965,0.5016329501966887,0.2689478431067504,0.9714285714285751,0.05678612223960057
35EfL85garkKhKEemkeLoC,0.0,1.0,1.0,0.0,0.0,0.0,0.0,0.0,0.0,0.0,0.0,0.0,0.0,0.0,0.0,0.0,1.0,0.0,0.821629213483146,0.5348837209302325,0.5777080991539962,0.4709176094160668,0.0005801651764384684,0.0,0.3705799151343706,0.6641188502529874,0.8015280940899892,0.34740708193440284,0.6000000000000014,0.0006116919616157132
6lgzJuBX3iqevLdtgNlyAU,0.0,1.0,0.0,0.0,0.0,0.0,0.0,0.0,0.0,0.0,0.0,0.0,0.0,1.0,0.0,0.0,1.0,0.0,0.6573033707865168,0.7160342717258262,0.7710465597822871,0.056336418695006295,0.0013609578826970132,0.0,0.17609618104667607,0.5403165033911078,0.22707024023402284,0.26395899600766093,0.6857142857142833,0.06428043953688965
4PhsKqMdgMEUSstTDAmMpg,1.0,0.0,0.0,0.0,0.0,0.0,0.0,0.0,0.0,1.0,0.0,0.0,0.0,0.0,0.0,0.0,1.0,0.0,0.42977528089887634,0.5752753977968177,0.49014967757202854,0.023654439492629423,0.22954891898991278,0.0,0.1254125412541254,0.03681774141457639,0.494520099646695,0.3720464784794213,0.7714285714285722,0.6728145922379295
6WzRpISELf3YglGAh7TXcG,0.0,1.0,0.0,1.0,0.0,0.0,0.0,0.0,0.0,0.0,0.0,0.0,0.0,0.0,0.0,0.0,1.0,0.0,0.827247191011236,0.6328029375764994,0.7007631781340589,0.18523597303165354,0.05880868613787869,3.867924528301887e-05,0.4519094766619519,0.8772741952847455,0.2604371898563404,0.3014646985983715,1.0,0.6728145922379295
1KUZ33cOqk3X4Ezk0aZnVp,1.0,0.0,0.0,0.0,0.0,0.0,1.0,0.0,0.0,0.0,0.0,0.0,0.0,0.0,0.0,0.0,1.0,0.0,0.9058988764044944,0.45899632802937584,0.6056321363071643,0.2915095417666552,0.009241276322021664,3.909853249475891e-06,0.09712399811409711,0.5887608999892346,0.5742374556699104,0.27696405633423804,1.0,0.1412003357665388
4T0ScSPdQKmGvruK7pavNP,0.0,1.0,0.0,0.0,1.0,0.0,0.0,0.0,0.0,0.0,0.0,0.0,0.0,0.0,0.0,0.0,1.0,0.0,0.646067415730337,0.5458996328029375,0.6177009998225167,0.02616843789281225,0.0401937606906551,0.0,0.19024045261669023,0.9192593390031221,0.14668501091972835,0.22005588013312,0.7714285714285722,0.02439001407712744
5jcMhhJ0gXhtruaFIBbL3t,1.0,0.0,0.0,0.0,0.0,0.0,0.0,0.0,0.0,0.0,0.0,0.0,1.0,0.0,0.0,0.0,1.0,0.0,0.7514044943820226,0.6376988984088128,0.7954209311956456,0.02616843789281225,0.030162384199651282,0.0,0.23267326732673269,0.4811066853267306,0.5344789586519645,0.3349044802916363,0.6857142857142833,0.044988468083803405
5VuxWXbt7XENQCtE9TzpTv,0.0,1.0,0.0,1.0,0.0,0.0,0.0,0.0,0.0,0.0,0.0,0.0,0.0,0.0,0.0,0.0,1.0,0.0,0.5702247191011236,0.6805385556915544,0.9114950008874163,0.008113358473317338,0.3526142594465576,2.5157232704402517e-05,0.09123055162659122,0.2022822693508451,0.6741980511457366,0.2575111266216906,0.8571428571428612,0.3750743507185793
2LvRR121MWFmmEGkuV2vQP,0.0,1.0,0.0,1.0,0.0,0.0,0.0,0.0,0.0,0.0,0.0,0.0,0.0,0.0,0.0,0.0,1.0,0.0,0.9171348314606742,0.42227662178702574,0.6496479914808021,0.3166495257684836,0.13647429175379486,0.0,0.05716643092880717,0.2539562923888471,0.24999165158386155,0.31149915591145794,0.7142857142857153,0.06982085913916508
7szuecWAPwGoV1e5vGu8tl,1.0,0.0,0.0,0.0,0.0,0.0,0.0,0.0,0.0,1.0,0.0,0.0,0.0,0.0,0.0,0.0,1.0,0.0,0.5632022471910114,0.6829865361077111,0.7543039697095189,0.008798994400639928,0.0029122016699656456,8.49056603773585e-05,0.053041018387553034,0.731941005490365,0.26706249290384626,0.34782754945223593,0.9142857142857181,0.6728145922379295
5n8Aro6j1bEGIy7Tpo7FV7,1.0,0.0,0.0,0.0,0.0,0.0,0.0,0.0,0.0,0.0,1.0,0.0,0.0,0.0,0.0,0.0,1.0,0.0,0.8328651685393258,0.7209302325581395,0.5795420931195645,0.31550679922294594,0.01992417520367831,0.0,0.02970297029702971,0.8826569060178706,0.25817977813249265,0.575294169587164,0.0,0.04734725170656997
3to5UxKsozb4T6CfwHuhLJ,1.0,0.0,0.0,0.0,0.0,0.0,0.0,0.0,0.0,0.0,1.0,0.0,0.0,0.0,0.0,0.0,1.0,0.0,0.7387640449438202,0.5018359853121175,0.626042714311069,0.07667695120557652,0.3112477584527274,0.0,0.08415841584158415,0.5586177198837335,0.26691556077980877,0.14112571768549448,0.8571428571428612,0.04642053912496358
0bHfRPMnqoMmSpzZywlCmq,1.0,0.0,0.0,0.0,0.0,0.0,0.0,0.0,0.0,0.0,1.0,0.0,0.0,0.0,0.0,0.0,1.0,0.0,0.794943820224719,0.44553243574051415,0.6151570727089865,0.4092103759570335,0.2336855690892958,0.0,0.13130598774163132,0.4778770588868555,0.23400944372833582,0.2866516279451122,1.0,0.0832090743774021
221qmpQeBNV87sUjQeUTVH,1.0,0.0,0.0,0.0,1.0,0.0,0.0,0.0,0.0,0.0,0.0,0.0,0.0,0.0,0.0,0.0,1.0,0.0,0.5997191011235954,0.6230110159118728,0.8628054191563627,0.008684721746086164,0.09903760835437853,0.008983228511530399,0.47548326261197554,0.05048982667671441,0.3998757755678592,0.25112002035062786,0.9714285714285751,0.057843265358502746
0pNMYo9MXmyyR9Fp9HwiBT,0.0,1.0,0.0,0.0,1.0,0.0,0.0,0.0,0.0,0.0,0.0,0.0,0.0,0.0,0.0,0.0,1.0,0.0,0.5224719101123596,0.8592411260709913,0.7235401999645033,0.32236315849617186,0.0237505765456076,0.0,0.7065063649222064,0.5155560340187318,0.6272665949816001,0.36831903393383103,0.6857142857142833,0.06709966202841267
15EPc80XuFrb2LmOzGjuRg,1.0,0.0,0.0,1.0,0.0,0.0,0.0,0.0,0.0,0.0,0.0,0.0,0.0,0.0,0.0,0.0,1.0,0.0,0.648876404494382,0.5458996328029375,0.5740992723185232,0.12010055993600732,0.1375084542786406,0.0,0.06812824139556814,0.43912154160835404,0.4668701453960153,0.21996758195437505,0.8285714285714292,0.04579530509981746
64SspxEpWugnnvgPM3KSWP,0.0,1.0,0.0,0.0,0.0,0.0,0.0,0.0,0.0,0.0,1.0,0.0,0.0,0.0,0.0,0.0,1.0,0.0,0.529494382022472,0.5055079559363524,0.7428267171508015,0.025368529310935896,0.0023640955317973953,0.0,0.13130598774163132,0.15060824631284314,0.6139692377562129,0.35304134667336606,0.8571428571428612,5.233942239084322e-06
09mEdoA6zrmBPgTEN5qXmN,0.0,1.0,0.0,1.0,0.0,0.0,0.0,0.0,0.0,0.0,0.0,0.0,0.0,0.0,0.0,1.0,0.0,0.0,0.27387640449438205,0.5287637698898409,0.778974146601195,0.009941720946177582,0.17577246769793353,0.0,0.32814710042432815,0.14845516201959308,0.49513454307448773,0.3285974675241401,0.8571428571428612,0.6728145922379295
5WJdUrZ4ND1TCZ2AsjYK3P,0.0,1.0,0.0,1.0,0.0,0.0,0.0,0.0,0.0,0.0,0.0,0.0,0.0,0.0,0.0,0.0,1.0,0.0,0.821629213483146,0.8433292533659731,0.870910489262261,0.07256313564164096,0.2336855690892958,0.0,0.1371994342291372,0.651200344493487,0.26675527118994974,0.19663794172740667,0.8857142857142861,0.06208143484633685
2ANLarE8yHVsLWW21nj79M,0.0,1.0,1.0,0.0,0.0,0.0,0.0,0.0,0.0,0.0,0.0,0.0,0.0,0.0,0.0,0.0,1.0,0.0,0.8103932584269662,0.24235006119951039,0.6332603679820149,0.4960575934178952,0.07132205268851231,0.0,0.10773220179160772,0.1280008612337173,0.14661822359062032,0.19314595899180298,0.8000000000000043,0.14356000767900318
3jlbL2OTD5YmIunYzgQTAN,1.0,0.0,0.0,0.0,0.0,0.0,0.0,0.0,0.0,0.0,0.0,0.0,0.0,1.0,0.0,0.0,1.0,0.0,0.15308988764044945,0.8580171358629132,0.8730994498018102,0.26065592503713864,0.07339037773820381,0.0,0.21499292786421498,0.4746474324469804,0.6665842956274335,0.5608637243751327,0.5714285714285694,0.5119009047700843
4NdXQlDTzxbOMkzJGWFtz3,0.0,1.0,0.0,0.0,0.0,0.0,0.0,1.0,0.0,0.0,0.0,0.0,0.0,0.0,0.0,0.0,1.0,0.0,0.925561797752809,0.28886168910648713,0.4056084718688988,0.1623814421209005,0.09190188693294284,5.3668763102725366e-05,0.136020744931636,0.42189686726235337,0.46733765669977095,0.1279293446383033,0.8857142857142861,0.06836170397094408
5byWPNSh2hi0ULmDxBgLyV,0.0,1.0,0.0,1.0,0.0,0.0,0.0,0.0,0.0,0.0,0.0,0.0,0.0,0.0,0.0,0.0,1.0,0.0,0.7134831460674158,0.3072215422276622,0.5621487309944979,0.40121129013826995,0.026853064120144866,0.0,0.07001414427157002,0.36914630207772636,0.5336908681684911,0.09394926218462307,0.9428571428571431,0.012339101561505299
69CQe4ekUZ7txcSfEXYFW9,0.0,1.0,0.0,0.0,0.0,0.0,0.0,0.0,0.0,0.0,0.0,1.0,0.0,0.0,0.0,0.0,1.0,0.0,0.728932584269663,0.41982864137086906,0.5702538011003963,0.5120557650554223,0.010296122097364335,0.0,0.3859028760018859,0.8202174615136184,0.4668634666631047,0.19247951797603752,0.9142857142857181,0.10062832213815441
6Sq7ltF9Qa7SNFBsV5Cogx,1.0,0.0,0.0,1.0,0.0,0.0,0.0,0.0,0.0,0.0,0.0,0.0,0.0,0.0,0.0,0.0,1.0,0.0,0.9058988764044944,0.6744186046511628,0.7700408211560077,0.06262141469546337,0.09314288196275773,2.809224318658281e-05,0.07626119754832625,0.4175906986758532,0.21352576989093625,0.2238884415581685,0.9714285714285751,0.6811668754611921
1PH2MDbcBAU094DlgTIND1,1.0,0.0,0.0,0.0,0.0,0.0,0.0,0.0,0.0,0.0,0.0,0.0,1.0,0.0,0.0,0.0,1.0,0.0,0.5491573033707866,0.4798041615667076,0.6531976572206116,0.01428408181922066,0.2626421197849769,0.0,0.11834040546911834,0.5801485628162343,0.5001769864221359,0.23717941979687213,1.0,0.22819780023939232
27GmP9AWRs744SzKcpJsTZ,0.0,1.0,0.0,1.0,0.0,0.0,0.0,0.0,0.0,0.0,0.0,0.0,0.0,0.0,0.0,0.0,1.0,0.0,0.8230337078651686,0.4798041615667076,0.6410104715139324,0.18295051994057823,0.05777452361303293,0.0,0.3576143328618577,0.6662719345462376,0.5479566416659432,0.2813074857934537,0.7714285714285722,0.7282782252919346
3gG6t4xCPtnTskhpRFFsqO,0.0,1.0,0.0,1.0,0.0,0.0,0.0,0.0,0.0,0.0,0.0,0.0,0.0,0.0,0.0,0.0,1.0,0.0,0.8581460674157304,0.5361077111383109,0.604626397680885,0.3097931664952577,0.046191903334760476,0.0,0.09594530881659594,0.2884056410808483,0.6007854189903092,0.09092189605622492,0.9714285714285751,0.05973504373572705
3TDWIXarI4pfCrjXKr7RtQ,0.0,1.0,0.0,0.0,0.0,0.0,0.0,0.0,0.0,0.0,0.0,1.0,0.0,0.0,0.0,0.0,1.0,0.0,0.502808988764045,0.4492044063647491,0.5178370703425426,0.3235058850417095,0.3484776093471746,0.0,0.06966053748231965,0.6953385725051137,0.6531533637438305,0.2078223777017666,0.9428571428571431,0.09281698992341585
0zO8ctW0UiuOefR87OeJOZ,0.0,1.0,0.0,0.0,0.0,0.0,0.0,0.0,0.0,0.0,0.0,0.0,0.0,1.0,0.0,0.0,1.0,0.0,0.7851123595505618,0.5067319461444308,0.7839436786369283,0.04159524625757056,0.025818901595299114,1.0419287211740042e-05,0.20792079207920788,0.6598126816664873,0.6272665949816001,0.4790975085197231,0.7428571428571473,0.23101191941951416
190jyVPHYjAqEaOGmMzdyk,0.0,1.0,1.0,0.0,0.0,0.0,0.0,0.0,0.0,0.0,0.0,0.0,0.0,0.0,0.0,0.0,1.0,0.0,0.47191011235955055,0.8347613219094248,0.7862509613678044,0.03702434007541996,0.0006763422912491236,5.5241090146750526e-05,0.04667609618104667,0.5263214554849823,0.45394679721363246,0.32778596521472225,0.6857142857142833,0.648463218762657
0VJXWgw0GWsprapvlpbuyu,0.0,1.0,0.0,0.0,0.0,0.0,0.0,0.0,0.0,0.0,0.0,1.0,0.0,0.0,0.0,0.0,1.0,0.0,0.8567415730337078,0.4492044063647491,0.5264154292137488,0.23551594103531026,0.06397949876210744,0.0,0.07284299858557283,0.33254386909247496,0.420579847591315,0.28343294909609995,1.0,0.14252775408908486
078lbDGGTqBuTKU3bypXxQ,0.0,1.0,0.0,0.0,0.0,0.0,0.0,0.0,0.0,1.0,0.0,0.0,0.0,0.0,0.0,0.0,1.0,0.0,0.705056179775281,0.5691554467564259,0.686564515174821,0.11210147411724375,0.2223097813159925,2.7568134171907757e-05,0.136020744931636,0.5532350091506083,0.5859653106612615,0.2863341749691482,0.9714285714285751,0.19502563168631767
6iaSML1PIYq936g62BDtBq,0.0,1.0,0.0,0.0,1.0,0.0,0.0,0.0,0.0,0.0,0.0,0.0,0.0,0.0,0.0,0.0,1.0,0.0,0.5014044943820226,0.6499388004895961,0.7690350825297283,0.026854073820134848,0.33917014662356276,0.0,0.1466289486091466,0.5693831413499838,0.13267302927288632,0.35314856589041355,0.8857142857142861,0.27935376819979313
2oHM9KAdFdFvDCaE4V6RST,0.0,1.0,0.0,0.0,0.0,0.0,0.0,0.0,0.0,0.0,1.0,0.0,0.0,0.0,0.0,0.0,1.0,0.0,0.7780898876404494,0.3782129742962056,0.6472223865585989,0.021597531710661644,0.004463445457234277,0.0,0.13248467703913247,0.2970179782538487,0.4806617288568012,0.43749855464290743,0.6857142857142833,0.11605054660993643
2Aluo82liQMUHTUwpB3oen,0.0,1.0,0.0,0.0,1.0,0.0,0.0,0.0,0.0,0.0,0.0,0.0,0.0,0.0,0.0,0.0,1.0,0.0,0.946629213483146,0.3194614443084455,0.8166597645388392,0.3806422123185922,0.6680338295245128,1.3626834381551364e-06,0.15487977369165487,0.10001076542146627,0.493905656218902,0.12007921608035976,0.9142857142857181,0.008620137402043853
0xrdZMsJIaxoTHAB4bvGnu,1.0,0.0,0.0,1.0,0.0,0.0,0.0,0.0,0.0,0.0,0.0,0.0,0.0,0.0,0.0,0.0,1.0,0.0,0.8707865168539326,0.4283965728274174,0.7945335147606933,0.080333676151297,0.549105139167251,0.052515723270440254,0.09830268741159828,0.24103778662934655,0.45324553025799935,0.2139506917741837,0.7714285714285722,0.0570868953895361
5qHirGR7M9tdm6C17DlzSY,1.0,0.0,0.0,0.0,0.0,0.0,0.0,0.0,0.0,0.0,0.0,0.0,1.0,0.0,0.0,0.0,1.0,0.0,0.6853932584269662,0.2215422276621787,0.5587173874460154,0.08250485658781853,0.07545870278789532,0.0,0.19377652050919378,0.4154376143826031,0.4604785980003873,0.1035926847061247,0.8571428571428612,0.01668293397976671
1CLdt0lJtsExwYrZAykOfP,0.0,1.0,0.0,0.0,0.0,0.0,0.0,0.0,0.0,0.0,1.0,0.0,0.0,0.0,0.0,0.0,1.0,0.0,0.8047752808988764,0.4149326805385557,0.3471573093533691,0.3874985715918181,0.02902480542232095,0.0,0.09948137670909948,0.3282377005059749,0.2266962311910184,0.10455135064678417,0.9142857142857181,0.008439823302110008
6wsqVwoiVH2kde4k4KKAFU,1.0,0.0,0.0,0.0,0.0,0.0,0.0,1.0,0.0,0.0,0.0,0.0,0.0,0.0,0.0,0.0,1.0,0.0,0.928370786516854,0.5605875152998776,0.8093237886765662,0.030853616729516635,0.01920026143628628,0.0,0.08887317303158887,0.839595220152869,0.3871060382424247,0.293297117064464,1.0,0.22819780023939232
7rq7HvZrCie7MmiGm8pUVC,1.0,0.0,1.0,0.0,0.0,0.0,0.0,0.0,0.0,0.0,0.0,0.0,0.0,0.0,0.0,0.0,1.0,0.0,0.8412921348314606,0.5777233782129743,0.6565698396734306,0.09153239629756599,0.03150679548195076,0.0,0.1265912305516266,0.29486489396059856,0.3340435052661808,0.2946236920832273,0.7714285714285722,0.044988468083803405
1mAey8kEPmDM2icL56kS9d,0.0,1.0,0.0,0.0,0.0,0.0,0.0,0.0,0.0,1.0,0.0,0.0,0.0,0.0,0.0,0.0,1.0,0.0,0.848314606741573,0.4895960832313342,0.45749275276578116,0.18180779339504058,0.012788453782242602,0.0,0.0876944837340877,0.7039509096781139,0.2699810991858624,0.17721864941628596,0.9428571428571431,0.08864973556312394
395WRTyNwMGx80cDXqg6vM,0.0,1.0,0.0,0.0,0.0,0.0,0.0,0.0,0.0,0.0,0.0,1.0,0.0,0.0,0.0,0.0,1.0,0.0,0.35814606741573035,0.5275397796817625,0.49222031592025073,0.12238601302708263,0.050535385939112644,0.0,0.28099952852428106,0.3433092905587254,0.46564125854042965,0.36265533646861947,0.8857142857142861,0.06760439345994446
1f5cbQtDrykjarZVrShaDI,1.0,0.0,0.0,0.0,0.0,0.0,0.0,1.0,0.0,0.0,0.0,0.0,0.0,0.0,0.0,0.0,1.0,0.0,0.8047752808988764,0.7943696450428397,0.7600425959888776,0.034167523711575824,0.5180802634218784,0.0,0.1041961338991042,0.8363655937129939,0.46069899618644355,0.2884344102207244,0.8285714285714292,0.08771760615610538
6or1bKJiZ06IlK0vFvY75k,0.0,1.0,0.0,0.0,0.0,0.0,0.0,0.0,0.0,1.0,0.0,0.0,0.0,0.0,0.0,0.0,1.0,0.0,0.6207865168539326,0.8347613219094248,0.9146897000532449,0.3280767912238602,0.41052736083791985,0.0,0.9080622347949081,0.6328991280008613,0.5884364418382544,0.6127241880246647,0.7142857142857153,0.6999464866418124
376KnY4TrgBITxjlnbnmIy,0.0,1.0,0.0,0.0,0.0,0.0,0.0,0.0,0.0,1.0,0.0,0.0,0.0,0.0,0.0,0.0,1.0,0.0,0.8553370786516854,0.6266829865361078,0.8245281902620836,0.07576276996914641,0.13957677932833212,0.0,0.3104667609618105,0.20874152223059533,0.4672842268364846,0.31646067262188826,0.7714285714285722,0.023943300155074478
6AQbmUe0Qwf5PZnt4HmTXv,0.0,1.0,0.0,0.0,0.0,0.0,0.0,1.0,0.0,0.0,0.0,0.0,0.0,0.0,0.0,0.0,1.0,0.0,0.603932584269663,0.7931456548347614,0.5837425309116724,0.026396983201919785,0.2605737947352854,0.00013417190775681342,0.25860443187175863,0.8826569060178706,0.4870666337182508,0.1239138798429974,1.0,0.024762285839014523
1UYLxZIL4IicS6TaPUZFTH,0.0,1.0,0.0,0.0,1.0,0.0,0.0,0.0,0.0,0.0,0.0,0.0,0.0,0.0,0.0,0.0,1.0,0.0,0.88061797752809,0.5801713586291309,0.5396083535467076,0.0279968003656725,0.020751505223554914,3.1551362683438157e-06,0.13837812352663836,0.2873290989342233,0.45379318635668436,0.44813848518167354,0.7714285714285722,0.13666316970816478
3BLFj26pYuPe6DsmoTwDYK,1.0,0.0,0.0,0.0,0.0,0.0,0.0,0.0,0.0,0.0,1.0,0.0,0.0,0.0,0.0,0.0,1.0,0.0,0.6544943820224718,0.6254589963280295,0.6866828373661479,0.1646668952119758,0.010223730720625131,0.0,0.12423385195662423,0.2496501238023469,0.5207007326570001,0.28722977078213263,0.8285714285714292,9.597012225409187e-06
1ThmUihH9dF8EV08ku5AXN,1.0,0.0,0.0,0.0,0.0,0.0,0.0,0.0,0.0,0.0,0.0,0.0,1.0,0.0,0.0,0.0,1.0,0.0,0.9396067415730338,0.4785801713586292,0.5175412648642252,0.3520740486801509,0.11475687873203401,0.0,0.07850070721357852,0.6221337065346109,0.26687548838234404,0.15463744137106045,0.8571428571428612,0.04906556974848965
3yfqSUWxFvZELEM4PmlwIR,1.0,0.0,0.0,0.0,0.0,0.0,0.0,1.0,0.0,0.0,0.0,0.0,0.0,0.0,0.0,0.0,1.0,0.0,0.9592696629213482,0.6119951040391677,0.820978524522274,0.03462461432979088,0.031196546724497037,0.0,0.019801980198019806,0.7782323177952417,0.29700325254292753,0.44596466811447644,0.34285714285714164,0.6999464866418124
7icwQvajsokotDfM3tefW6,0.0,1.0,0.0,1.0,0.0,0.0,0.0,0.0,0.0,0.0,0.0,0.0,0.0,0.0,0.0,0.0,1.0,0.0,0.6643258426966292,0.45899632802937584,0.4305744542388924,0.3212204319506342,0.23885638171352458,0.0,0.37883074021687885,0.649047260200237,0.15037167148648561,0.17249259451584215,1.0,0.00417132133371229
4Vir8uv89eNY6hovcNq4w6,1.0,0.0,0.0,0.0,0.0,0.0,0.0,0.0,0.0,0.0,1.0,0.0,0.0,0.0,0.0,0.0,1.0,0.0,0.9185393258426966,0.36230110159118734,0.6808850499911256,0.5737629985144557,0.005694098861800725,0.0,0.06034889203206035,0.35515125417160087,0.5340381622798522,0.058690958476730254,0.8571428571428612,0.017353435944611268
1oNcc2isuz7d3hc1fMoHqj,0.0,1.0,0.0,1.0,0.0,0.0,0.0,0.0,0.0,0.0,0.0,0.0,0.0,0.0,0.0,0.0,1.0,0.0,0.669943820224719,0.5569155446756426,0.7002307282730875,0.1760941606673523,0.06563415880186066,0.0,0.09712399811409711,0.3906771450102272,0.6065959166226984,0.16332640262708104,0.8571428571428612,0.08398024046594313
2bTRpIxPniQmrSgwmtF1b2,1.0,0.0,0.0,0.0,0.0,0.0,0.0,0.0,0.0,0.0,0.0,0.0,1.0,0.0,0.0,0.0,1.0,0.0,0.7134831460674158,0.5373317013463892,0.6740223628941606,0.10638784138955548,0.12509850398049155,0.0,0.0752003771805752,0.3788351813973518,0.6414188300195687,0.093783177515079,0.8571428571428612,0.08055324493794182
2vw2nopHWeQ0EUJPKNy8yS,0.0,1.0,0.0,1.0,0.0,0.0,0.0,0.0,0.0,0.0,0.0,0.0,0.0,0.0,0.0,0.0,1.0,0.0,0.6151685393258426,0.6095471236230111,0.7033071052475891,0.0675351388412753,0.09841711083947109,0.0,0.19024045261669023,0.024975777801700932,0.6279478257385009,0.3206968828640565,0.8285714285714292,0.06208143484633685
3KLo7ByvjCNyBrfz5DZ2mO,0.0,1.0,0.0,0.0,0.0,0.0,0.0,0.0,0.0,0.0,0.0,0.0,1.0,0.0,0.0,0.0,1.0,0.0,0.949438202247191,0.2705018359853121,0.5929125007395135,0.6137584276082734,0.0019504305218590934,0.0,0.07472890146157474,0.36806975993110136,0.26703577797220307,0.22241049823298525,0.8857142857142861,0.02790148421364642
0dIoGTQXDh1wVnhIiSyYEa,0.0,1.0,0.0,1.0,0.0,0.0,0.0,0.0,0.0,0.0,0.0,0.0,0.0,0.0,0.0,0.0,1.0,0.0,0.901685393258427,0.44430844553243576,0.6014316985150564,0.1760941606673523,0.001112758876734032,0.0007106918238993711,0.41772748703441775,0.0774033803423404,0.5208142711164836,0.32000311145963195,0.8571428571428612,0.2002427573822012
433P7tDcIAi6NLnf4Sh6tI,0.0,1.0,1.0,0.0,0.0,0.0,0.0,0.0,0.0,0.0,0.0,0.0,0.0,0.0,0.0,1.0,0.0,0.0,0.797752808988764,0.3329253365973073,0.5036975684789682,0.16809507484858874,0.026646231615175715,0.0,0.7123998114097123,0.20658843793734527,0.49358507703918403,0.24761542358948913,0.8000000000000043,0.7282782252919346
2iDjCLUOGhJtz5cPHljGVd,1.0,0.0,0.0,0.0,0.0,0.0,0.0,0.0,0.0,0.0,0.0,0.0,1.0,0.0,0.0,0.0,1.0,0.0,0.7724719101123594,0.5104039167686658,0.8037034845885345,0.0819334933150497,0.014029448812057508,1.2578616352201259e-05,0.01485148514851485,0.2851760146409732,0.7875895785051661,0.19895471775066698,0.7428571428571473,0.09643701428624128
0TlLq3lA83rQOYtrqBqSct,0.0,1.0,0.0,0.0,0.0,0.0,0.0,0.0,0.0,1.0,0.0,0.0,0.0,0.0,0.0,0.0,1.0,0.0,0.907303370786517,0.3072215422276622,0.5943915281311009,0.10981602102616844,0.017028520134110197,0.013207547169811321,0.08887317303158887,0.4154376143826031,0.6341390111468053,0.3501275067747829,0.8571428571428612,0.7282782252919346
4P6BuLsqtg5uISdE77ypI9,1.0,0.0,0.0,0.0,0.0,0.0,0.0,0.0,0.0,0.0,0.0,0.0,1.0,0.0,0.0,0.0,1.0,0.0,0.8974719101123596,0.7600979192166463,0.8588416257469087,0.15666780939321223,0.0992444408593477,0.0,0.03972182932578972,0.8191409193669933,0.24057463817964458,0.2926895415011952,0.6857142857142833,0.05964425530337688
6vN77lE9LK6HP2DewaN6HZ,1.0,0.0,0.0,0.0,0.0,0.0,0.0,1.0,0.0,0.0,0.0,0.0,0.0,0.0,0.0,0.0,1.0,0.0,0.9789325842696628,0.22643818849449202,0.5213275749866887,0.5749057250599933,0.03667760810617953,0.0,0.09358793022159359,0.5650769727634838,0.4002097122133988,0.14758620109699977,0.8571428571428612,0.7282782252919346
27NovPIUIRrOZoCHxABJwK,1.0,0.0,0.0,0.0,0.0,1.0,0.0,0.0,0.0,0.0,0.0,0.0,0.0,0.0,0.0,0.0,1.0,0.0,0.6601123595505618,0.664626682986536,0.6337336567473228,0.03953833847560279,0.02095833772852406,0.0,0.02534181989627534,0.9224889654429972,0.600825491387774,0.2941758941767351,0.9428571428571431,0.10842093059945865
0LnS7aOdOdI1dNKZqdOLz4,0.0,1.0,0.0,0.0,0.0,0.0,0.0,0.0,0.0,0.0,0.0,0.0,0.0,1.0,0.0,0.0,1.0,0.0,0.7963483146067416,0.6009791921664627,0.6613618884221735,0.056336418695006295,0.0016298401391569095,0.10324947589098533,0.09123055162659122,0.3960598557433524,0.6544356804627025,0.1324073237032256,0.9714285714285751,0.029406072787293874
1I55Ea0zVoSKs6MqW7DQ3i,1.0,0.0,0.0,0.0,0.0,0.0,0.0,0.0,0.0,0.0,0.0,0.0,1.0,0.0,0.0,0.0,1.0,0.0,0.678370786516854,0.7723378212974297,0.8264805064189787,0.06364986858644728,0.30194029572911557,0.0,0.09476661951909476,0.2173538594035957,0.5612139264938654,0.22690109132344255,0.9142857142857181,0.7282782252919346
0eu0YHRc7cnMjtAQOE7Xyb,0.0,1.0,0.0,0.0,0.0,0.0,1.0,0.0,0.0,0.0,0.0,0.0,0.0,0.0,0.0,0.0,1.0,0.0,0.8918539325842698,0.5520195838433293,0.5532154055493107,0.5051994057821964,0.08817890184349811,0.0,0.24446016030174442,0.7997631607277426,0.5334303975849701,0.10807697078381451,0.9142857142857181,0.09281698992341585
7wsmIIm0xWmtP7TmACXkJn,0.0,1.0,1.0,0.0,0.0,0.0,0.0,0.0,0.0,0.0,0.0,0.0,0.0,0.0,0.0,0.0,1.0,0.0,0.800561797752809,0.5581395348837209,0.8139383541383185,0.03028225345674781,0.17577246769793353,0.0,0.34229137199434234,0.892345785337496,0.5211548864949342,0.28303770962933683,0.9142857142857181,0.7282782252919346
2ZL7WZcjuYKi1KUDtp4kCC,0.0,1.0,0.0,0.0,0.0,0.0,0.0,0.0,0.0,1.0,0.0,0.0,0.0,0.0,0.0,0.0,1.0,0.0,0.7120786516853932,0.6609547123623011,0.6942554576110749,0.027768255056564974,0.010306463722612791,0.0,0.15841584158415842,0.17859834212509423,0.46703711371878515,0.2996188461950843,0.9714285714285751,0.7282782252919346
4XiGKQqbmnMVxDzUj6j3f2,1.0,0.0,0.0,0.0,0.0,0.0,0.0,1.0,0.0,0.0,0.0,0.0,0.0,0.0,0.0,0.0,0.0,1.0,0.699438202247191,0.4492044063647491,0.8305626220197597,0.03645297680265113,0.48395290010196845,0.0,0.06188118811881189,0.41436107223597807,0.42678439046544087,0.2463540210359899,0.8857142857142861,0.01470431222149723
5IjRKZlpKVBBRn0COL7pik,0.0,1.0,0.0,0.0,0.0,0.0,0.0,0.0,0.0,1.0,0.0,0.0,0.0,0.0,0.0,0.0,1.0,0.0,0.8089887640449438,0.7123623011015912,0.8099745607288646,0.345217689406925,0.005456241481086202,3.867924528301887e-06,0.14427157001414426,0.6296695015609861,0.8073452704552893,0.1635786831377809,0.8857142857142861,0.027917064118248288
1yeB8MUNeLo9Ek1UEpsyz6,0.0,1.0,0.0,0.0,1.0,0.0,0.0,0.0,0.0,0.0,0.0,0.0,0.0,0.0,0.0,0.0,1.0,0.0,0.532303370786517,0.6952264381884945,0.8022836182926107,0.02959661752942521,0.038952765660840195,0.0,0.41890617633191896,0.11292927118096673,0.5742107407382671,0.5195296650345519,1.0,0.7282782252919346
5swaNc5Ezn8WKacGObLCKF,1.0,0.0,0.0,1.0,0.0,0.0,0.0,0.0,0.0,0.0,0.0,0.0,0.0,0.0,0.0,0.0,1.0,0.0,0.5112359550561798,0.7160342717258262,0.5589540318286693,0.46063307050622787,0.43741558648390944,2.117400419287212e-06,0.6982555398396982,0.5037140704058565,0.5870606228586313,0.26101572338282936,1.0,0.01065911931615209
3Ddny34bFoYBb8dIGq5lwp,1.0,0.0,0.0,0.0,0.0,0.0,0.0,0.0,1.0,0.0,0.0,0.0,0.0,0.0,0.0,0.0,0.0,1.0,0.41994382022471904,0.4993880048959608,0.7121221085014493,0.4023540166838076,0.036367359348725814,9.234800838574424e-06,0.09123055162659122,0.28625255678759826,0.2166046657628114,0.30011499786612733,0.9142857142857181,0.11774238142664968
3nAq2hCr1oWsIU54tS98pL,0.0,1.0,0.0,0.0,0.0,0.0,0.0,0.0,0.0,0.0,0.0,0.0,1.0,0.0,0.0,0.0,1.0,0.0,0.40870786516853946,0.5201958384332925,0.8016920073359757,0.01291280996457548,0.05456861978601109,7.683438155136269e-06,0.3658651579443659,0.03337280654537625,0.24081507256443296,0.23020806835119967,0.8000000000000043,0.20018084707375253
4wrgMRNI4yDJwSSLpUMVkS,0.0,1.0,0.0,0.0,0.0,0.0,0.0,0.0,0.0,0.0,1.0,0.0,0.0,0.0,0.0,0.0,1.0,0.0,0.6067415730337078,0.22031823745410037,0.33035555818493745,0.24008684721746087,0.1850799304215453,0.0,0.4978783592644979,0.39928948218322746,0.6403702689525743,0.0878230504497951,0.9142857142857181,3.309314560485927e-07
40oKW22ZNNkEdZLJTScaQI,1.0,0.0,0.0,0.0,0.0,0.0,0.0,0.0,0.0,0.0,0.0,0.0,1.0,0.0,0.0,0.0,1.0,0.0,0.675561797752809,0.44430844553243576,0.6693486363367448,0.2492286595817621,0.03161021173443534,0.0,0.20202734559170202,0.3508450855851007,0.5344255287886781,0.29655574032767035,0.8285714285714292,0.3813722114626923
6LyAwkJsHlW7RQ8S1cYAtM,1.0,0.0,0.0,0.0,0.0,0.0,0.0,0.0,0.0,0.0,0.0,0.0,0.0,1.0,0.0,0.0,1.0,0.0,0.5224719101123596,0.2925336597307222,0.408744009939064,0.01782653411038739,0.7580059691860934,0.00013941299790356395,0.35997171145686,0.492948648939606,0.6017471565294632,0.19766388247091943,0.8571428571428612,0.22819780023939232
51RaJOy09JMFHyPaDgXxBO,0.0,1.0,0.0,0.0,0.0,0.0,0.0,1.0,0.0,0.0,0.0,0.0,0.0,0.0,0.0,0.0,1.0,0.0,0.42556179775280895,0.7955936352509181,0.8021652961012837,0.35321677522568856,0.7197419557668004,0.0,0.15016501650165015,0.7028743675314889,0.5650742341163033,0.37124969253312756,1.0,0.19502563168631767
0KLvDgrhFKo6k1ZSHiv5v3,0.0,1.0,0.0,0.0,1.0,0.0,0.0,0.0,0.0,0.0,0.0,0.0,0.0,0.0,0.0,0.0,1.0,0.0,0.931179775280899,0.39534883720930236,0.6581080281606815,0.26751228431036456,0.0015160822614238764,0.0,0.09358793022159359,0.2582624609753472,0.5340114473482092,0.15498432707327275,0.8857142857142861,0.017353435944611268
1uL78kFWxhz3umTMWJu8n5,1.0,0.0,0.0,0.0,0.0,0.0,0.0,0.0,1.0,0.0,0.0,0.0,0.0,0.0,0.0,0.0,1.0,0.0,0.768258426966292,0.4492044063647491,0.6990475063598176,0.32693406467832253,0.07390745900062669,0.0,0.11362564827911362,0.1010873075680913,0.13022193429462564,0.28374619739688556,0.8285714285714292,0.14356000767900318
1srm5YnZiu7Ksnd2UTTmmk,1.0,0.0,0.0,0.0,0.0,0.0,0.0,1.0,0.0,0.0,0.0,0.0,0.0,0.0,0.0,0.0,1.0,0.0,0.7219101123595506,0.2949816401468789,0.5245222741525172,0.1395269112101474,0.19438739314515713,0.0,0.03665723715228666,0.4800301431801055,0.6679534358741459,0.2038720853717248,0.8571428571428612,0.06897090523791691
1Gno5IBUHh6vUKp4nxu2Yd,1.0,0.0,0.0,0.0,0.0,0.0,0.0,1.0,0.0,0.0,0.0,0.0,0.0,0.0,0.0,0.0,1.0,0.0,0.696629213483146,0.4798041615667076,0.6456841980713481,0.09724602902525425,0.5687542271393204,0.0,0.10183875530410183,0.7922273657013673,0.40031657193997155,0.18036164411208822,0.8571428571428612,0.06897090523791691
4oeaIftdpT3JuZLcCkKmVE,1.0,0.0,0.0,0.0,0.0,0.0,0.0,0.0,0.0,0.0,1.0,0.0,0.0,0.0,0.0,0.0,1.0,0.0,0.35252808988764045,0.6315789473684211,0.6950245518547002,0.054508056222146044,0.033471704279157695,3.532494758909853e-05,0.18906176331918906,0.16675637851221875,0.7610015427873025,0.311640012529932,0.8000000000000043,0.6728145922379295
0lf7CfXZnvX7LnqL2q8FNB,0.0,1.0,1.0,0.0,0.0,0.0,0.0,0.0,0.0,0.0,0.0,0.0,0.0,0.0,0.0,0.0,1.0,0.0,0.6278089887640448,0.5618115055079559,0.8050641897887948,0.017483716146726093,0.1768066302227793,1.2159329140461216e-06,0.10537482319660535,0.1818279685649693,0.46788531279845585,0.2937238915950645,0.8571428571428612,0.1412003357665388
1KIQ0RscHwxXPJUvhuO5Bl,1.0,0.0,0.0,0.0,0.0,0.0,0.0,0.0,0.0,0.0,0.0,0.0,0.0,1.0,0.0,0.0,1.0,0.0,0.582865168539326,0.38188494492044056,0.7328876530793349,0.48234487487144334,0.42810812376029767,0.0,0.05987741631305988,0.784691570674992,0.9002397665114974,0.2546519475004257,0.7428571428571473,0.007546682845847494
5JS1gz9zP4GTy0LZYvSeUK,1.0,0.0,0.0,0.0,0.0,0.0,0.0,0.0,1.0,0.0,0.0,0.0,0.0,0.0,0.0,0.0,1.0,0.0,0.8679775280898876,0.32068543451652387,0.469739099568124,0.2835104559478917,0.11889352883141703,0.0,0.07178217821782176,0.2388847023360965,0.23855766084058533,0.1847975764252272,0.9714285714285751,0.001481075022822949
0gHcxtyWQT0HrlGxaxP1KT,1.0,0.0,0.0,0.0,0.0,0.0,0.0,0.0,1.0,0.0,0.0,0.0,0.0,0.0,0.0,0.0,1.0,0.0,0.8497191011235956,0.6376988984088128,0.532923149736733,0.16352416866643815,0.2130023185923807,0.05744234800838575,0.12187647336162188,0.6479707180536118,0.5346325695089127,0.20542991752529638,0.8285714285714292,0.057843265358502746
689uBlyIufk2LUhAwjny4w,1.0,0.0,0.0,0.0,0.0,0.0,0.0,0.0,1.0,0.0,0.0,0.0,0.0,0.0,0.0,0.0,1.0,0.0,0.672752808988764,0.5936352509179926,0.6586996391173163,0.16352416866643815,0.1623283548749387,0.0,0.3646864686468647,0.45526967380772965,0.1333008301665008,0.2771637784052087,0.8285714285714292,0.04376462259827802
0PT7nlpo11hYYyfnBgtilT,0.0,1.0,0.0,0.0,0.0,0.0,0.0,0.0,0.0,0.0,0.0,0.0,0.0,1.0,0.0,0.0,1.0,0.0,0.7205056179775282,0.3806609547123623,0.6510678577767259,0.21837504285224546,0.05963601615775529,0.0,0.10066006600660066,0.40359565076972764,0.5010185067688957,0.14745795850406063,0.7714285714285722,0.001369768840197763
5uQOauh47VFt3B2kV9kRXw,0.0,1.0,0.0,0.0,0.0,0.0,0.0,1.0,0.0,0.0,0.0,0.0,0.0,0.0,0.0,0.0,1.0,0.0,0.7668539325842698,0.5630354957160343,0.5810211205111517,0.02811107302022626,0.25230049453651937,0.0,0.08297972654408298,0.8718914845516202,0.11997675800947044,0.11790960368834108,0.8000000000000043,0.06897090523791691
4dTaAiV9xFFCxnPur9c9yL,0.0,1.0,0.0,0.0,0.0,0.0,0.0,0.0,0.0,0.0,1.0,0.0,0.0,0.0,0.0,0.0,1.0,0.0,0.41432584269662937,0.8678090575275397,0.710998047683843,0.36121586104445214,0.0015160822614238764,2.955974842767296e-06,0.2562470532767563,0.4961782753794811,0.4671506521782686,0.2901667363941967,0.6000000000000014,0.22652291259671775
7dJYggqjKo71KI9sLzqCs8,1.0,0.0,0.0,0.0,0.0,0.0,0.0,0.0,0.0,0.0,1.0,0.0,0.0,0.0,0.0,0.0,1.0,0.0,0.6797752808988764,0.627906976744186,0.7095190202922557,0.08010513084218948,0.2357538941389873,9.339622641509434e-05,0.11008958038661007,0.3820648078372269,0.4207067435166199,0.4063566279346005,1.0,0.24491894809361012
0JhonNQL2ixH1JcsgEj4Hn,1.0,0.0,0.0,1.0,0.0,0.0,0.0,0.0,0.0,0.0,0.0,0.0,0.0,0.0,0.0,0.0,1.0,0.0,0.5393258426966292,0.7552019583843329,0.822043424244217,0.12238601302708263,0.22851475646506703,0.0,0.04820839226779821,0.6059855743352353,0.5464205330964609,0.31755388816825425,0.8857142857142861,0.11774238142664968
1yCVsVH2hQ72SxNI8QTDaB,0.0,1.0,0.0,1.0,0.0,0.0,0.0,0.0,0.0,0.0,0.0,0.0,0.0,0.0,0.0,0.0,1.0,0.0,0.5042134831460674,0.6193390452876377,0.7244867774951191,0.11895783339046967,0.7797233822078543,1.0,0.1254125412541254,0.04672192916352676,0.13365480301077287,0.1605786473980419,0.7714285714285722,0.13666316970816478
6MGRweoLPBAaPcXTMpMWsA,1.0,0.0,0.0,0.0,0.0,0.0,0.0,0.0,0.0,1.0,0.0,0.0,0.0,0.0,0.0,0.0,1.0,0.0,0.6053370786516854,0.7613219094247247,0.814352481807963,0.06936350131413554,0.16336251739978447,0.0,0.14427157001414426,0.5284745397782324,0.2540189275290691,0.14701226293515757,0.9428571428571431,0.10062832213815441
1hzJQIkgXwZevaKsc7iA6D,1.0,0.0,0.0,0.0,0.0,0.0,0.0,0.0,0.0,0.0,0.0,1.0,0.0,0.0,0.0,0.0,1.0,0.0,0.7640449438202248,0.6854345165238678,0.77838253564456,0.27208319049251517,0.0503285534341435,0.0,0.07072135785007072,0.5543115512972334,0.2802596691355716,0.41636375485902777,0.7428571428571473,0.08147606472057838
1vnsGFNWNANWMg0CAeMkl2,0.0,1.0,0.0,0.0,0.0,0.0,0.0,0.0,0.0,0.0,0.0,0.0,0.0,1.0,0.0,0.0,1.0,0.0,0.9227528089887642,0.5214198286413708,0.6933680411761225,0.2686550108559022,0.15508921720101843,0.0,0.10537482319660535,0.25072666594897197,0.23338164283472135,0.4301109403545802,0.8571428571428612,0.06982085913916508
01Lr5YepbgjXAWR9iOEyH1,1.0,0.0,1.0,0.0,0.0,0.0,0.0,0.0,0.0,0.0,0.0,0.0,0.0,0.0,0.0,0.0,1.0,0.0,0.7106741573033708,0.30844553243574047,0.5873513577471454,0.07096331847788825,0.037298105621086985,0.0,0.09712399811409711,0.18721067929809454,0.48040793700619117,0.3661031701148507,0.6857142857142833,0.03834935604744665
1J0O3RqCeoMcXbayQZDZXL,0.0,1.0,0.0,1.0,0.0,0.0,0.0,0.0,0.0,0.0,0.0,0.0,0.0,0.0,0.0,0.0,1.0,0.0,0.49719101123595505,0.7050183598531211,0.7229485890078684,0.37378585304536627,0.05694719359315633,0.0,0.8467703913248468,0.9494025191086232,0.5003973846081922,0.2877196154404082,1.0,0.0832090743774021
3jagJCUbdqhDSPuxP8cAqF,0.0,1.0,0.0,1.0,0.0,0.0,0.0,0.0,0.0,0.0,0.0,0.0,0.0,0.0,0.0,0.0,1.0,0.0,0.8679775280898876,0.6315789473684211,0.7405785955155888,0.2926522683121929,0.08042268290715494,0.0,0.052569542668552564,0.5887608999892346,0.27939811259007935,0.4018723418569107,0.3999999999999986,0.02059256691024731
2Hh3ETdQKrmSI3QS0hme7g,1.0,0.0,0.0,0.0,0.0,0.0,0.0,0.0,0.0,1.0,0.0,0.0,0.0,0.0,0.0,0.0,1.0,0.0,0.5870786516853934,0.6242350061199511,0.8122226823640772,0.022283167637984228,0.19542155567000288,2.4842767295597485e-05,0.11008958038661007,0.1280008612337173,0.18709802376293166,0.2687796560996171,0.9714285714285751,0.13666316970816478
62uolmVjOio9xIfwDM1ZvC,1.0,0.0,0.0,1.0,0.0,0.0,0.0,0.0,0.0,0.0,0.0,0.0,0.0,0.0,0.0,0.0,1.0,0.0,0.7247191011235956,0.5911872705018361,0.7431816837247824,0.15438235630213692,0.27401790755828026,0.0,0.11008958038661007,0.42727957799547855,0.46709722231498235,0.22739303831930724,0.9142857142857181,0.06760439345994446
2lXQX3uhFHRYGBE6xR3tic,0.0,1.0,0.0,1.0,0.0,0.0,0.0,0.0,0.0,0.0,0.0,0.0,0.0,0.0,0.0,0.0,1.0,0.0,0.7303370786516854,0.41982864137086906,0.6178193220138436,0.07644840589646898,0.034299034299034296,0.0,0.08168316831683167,0.33254386909247496,0.4136339653640911,0.19588320253289632,1.0,0.0832090743774021
4cg1yakyRSIOjxKM2I7J1q,1.0,0.0,0.0,0.0,0.0,0.0,0.0,0.0,0.0,0.0,0.0,0.0,1.0,0.0,0.0,0.0,1.0,0.0,0.7064606741573034,0.576499388004896,0.8219251020528899,0.0306250714204091,0.03357512053164227,0.0,0.103017444601603,0.2765636774679729,0.48018753882013493,0.21930534561378795,0.8000000000000043,0.08147606472057838
7GX5flRQZVHRAGd6B4TmDO,1.0,0.0,0.0,0.0,0.0,0.0,0.0,0.0,0.0,0.0,0.0,0.0,0.0,1.0,0.0,0.0,1.0,0.0,0.6544943820224718,0.7209302325581395,0.6954386795243447,0.23323048794423495,0.0026950275397480366,0.0,0.09476661951909476,0.39175368715685227,0.6348937079657246,0.23259211917731326,0.8285714285714292,0.14356000767900318
0Y0TOsE1q11qgbi7c5WZsG,0.0,1.0,0.0,1.0,0.0,0.0,0.0,0.0,0.0,0.0,0.0,0.0,0.0,0.0,0.0,1.0,0.0,0.0,0.6474719101123596,0.5361077111383109,0.661421049517837,0.3429322363158497,0.3277943588502595,0.0,0.2244224422442244,0.3756055549574766,0.7204683127517046,0.2629204412386132,0.7714285714285722,0.7282782252919346
3TDTfJarTsRXCd8lITkTRv,1.0,0.0,0.0,0.0,0.0,0.0,0.0,0.0,0.0,0.0,0.0,0.0,0.0,1.0,0.0,0.0,1.0,0.0,0.37921348314606745,0.9326805385556916,0.678400283973259,0.4709176094160668,0.3515800969217118,0.0,0.23149457802923148,0.518785660458607,0.16226649480060645,0.22990533173835986,1.0,0.7282782252919346
2SAqBLGA283SUiwJ3xOUVI,0.0,1.0,1.0,0.0,0.0,0.0,0.0,0.0,0.0,0.0,0.0,0.0,0.0,0.0,0.0,0.0,1.0,0.0,0.6952247191011236,0.4369645042839657,0.547240134887298,0.12238601302708263,0.25230049453651937,3.637316561844864e-05,0.09240924092409239,0.5220152868984821,0.49383886888979417,0.3982268884772979,0.9142857142857181,0.7282782252919346
07KXEDMj78x68D884wgVEm,1.0,0.0,0.0,0.0,0.0,0.0,0.0,0.0,0.0,0.0,0.0,0.0,0.0,1.0,0.0,0.0,1.0,0.0,0.7935393258426966,0.4137086903304774,0.572620244926936,0.09953148211632956,0.2781545576576633,0.0,0.3198962753418199,0.5101733232856067,0.25327090944306047,0.3120184332959818,0.8857142857142861,0.08864973556312394
1BKT2I9x4RGKaKqW4up34s,1.0,0.0,0.0,0.0,0.0,0.0,0.0,0.0,0.0,0.0,0.0,0.0,1.0,0.0,0.0,0.0,1.0,0.0,0.8623595505617978,0.5091799265605874,0.5932674673134946,0.3143640726774083,0.05829160487545581,1.0691823899371069e-06,0.20320603488920322,0.756701474862741,0.206753534719393,0.29930559789429867,0.2857142857142847,0.04194704253698882
4P7VFiaZb3xrXoqGwZXC3J,0.0,1.0,1.0,0.0,0.0,0.0,0.0,0.0,0.0,0.0,0.0,0.0,0.0,0.0,0.0,0.0,1.0,0.0,0.7907303370786516,0.3268053855569155,0.51186179968053,0.06422123185921608,0.05787793986551751,0.004329140461215933,0.12776991984912778,0.4445042523414792,0.5880023241990529,0.4777793428513164,0.5714285714285694,0.12394584832728606
3edzl4zvKFi0D3iuF6cs2f,1.0,0.0,0.0,0.0,0.0,0.0,0.0,0.0,0.0,0.0,0.0,0.0,0.0,1.0,0.0,0.0,1.0,0.0,0.9143258426966292,0.7649938800489596,0.7809264627580901,0.20694777739686893,0.04164158822543916,0.0,0.19613389910419612,0.43481537302185386,0.5543615465273928,0.3213023560897362,0.8571428571428612,0.1412003357665388
2EgB4n6XyBsuNUbuarr4eG,0.0,1.0,1.0,0.0,0.0,0.0,0.0,0.0,0.0,0.0,0.0,0.0,0.0,0.0,0.0,0.0,1.0,0.0,0.8679775280898876,0.657282741738066,0.5336330828846949,0.3852131185007428,0.04184842073040831,0.0,0.19613389910419612,0.5790720206696092,0.5345257097823402,0.251998797462899,0.8571428571428612,0.23101191941951416
5TRPicyLGbAF2LGBFbHGvO,1.0,0.0,0.0,0.0,0.0,0.0,0.0,0.0,1.0,0.0,0.0,0.0,0.0,0.0,0.0,0.0,1.0,0.0,0.523876404494382,0.5716034271725826,0.6237354315801927,0.014855445091989487,0.039366430670778496,0.0,0.4212635549269213,0.4229734094089784,0.2033540596677998,0.3478002190635768,0.5428571428571445,0.20018084707375253
41bmnQZoDMQdDh5zyomtW7,0.0,1.0,0.0,1.0,0.0,0.0,0.0,0.0,0.0,0.0,0.0,0.0,0.0,0.0,0.0,0.0,1.0,0.0,0.6530898876404494,0.5434516523867808,0.7756611252440394,0.1863786995771912,0.0692537276388208,8.071278825995808e-06,0.1749174917491749,0.4046721929163527,0.4869597739916783,0.3040652901961691,1.0,0.265582221122059
3a1lNhkSLSkpJE4MSHpDu9,0.0,1.0,0.0,0.0,0.0,0.0,0.0,0.0,1.0,0.0,0.0,0.0,0.0,0.0,0.0,0.0,1.0,0.0,0.5112359550561798,0.7870257037943698,0.8245873513577471,0.010741629528053936,0.2223097813159925,0.0,0.2644978783592645,0.48971902249973087,0.42150819146591506,0.31161057980368373,0.8000000000000043,0.3750743507185793
4INDiWSKvqSKDEu7mh8HFz,1.0,0.0,0.0,0.0,0.0,0.0,0.0,0.0,1.0,0.0,0.0,0.0,0.0,0.0,0.0,0.0,1.0,0.0,0.8132022471910112,0.8849449204406366,0.8054783174584392,0.055993600731344996,0.013202118792180905,2.20125786163522e-06,0.20556341348420556,0.9332543869092476,0.29721697199607283,0.389622020724844,0.2571428571428598,0.08429063675427166
7cLnbmx7ZUWAwyocrKz3wL,1.0,0.0,0.0,0.0,0.0,0.0,0.0,0.0,0.0,0.0,0.0,1.0,0.0,0.0,0.0,0.0,1.0,0.0,0.848314606741573,0.412484700122399,0.5787138377802756,0.04033824705747915,0.047536314617059955,0.0,0.13837812352663836,0.7050274518247389,0.3338231070801247,0.21961018456421694,0.8857142857142861,0.0037192776734724406
75Bf08PjoDu3CXuWsiVHF5,0.0,1.0,1.0,0.0,0.0,0.0,0.0,0.0,0.0,0.0,0.0,0.0,0.0,0.0,0.0,0.0,1.0,0.0,0.6390449438202246,0.6401468788249695,0.5851032361119326,0.37150039995429096,0.01651143887168732,0.0,0.23149457802923148,0.304553773280224,0.26590707211027925,0.28798240763905386,0.9142857142857181,0.0024900589061475254
2Hc1LaV6bzFil3dE71eORA,1.0,0.0,0.0,0.0,0.0,0.0,0.0,0.0,0.0,0.0,0.0,1.0,0.0,0.0,0.0,0.0,1.0,0.0,0.7176966292134832,0.5422276621787026,0.8086730166242677,0.01462689978288196,0.0007021963543702674,5.9119496855345916e-05,0.14427157001414426,0.0903218861018409,0.34705367697640405,0.2854217604554504,1.0,0.22819780023939232
65rRB2mspD309xE6YimZTl,1.0,0.0,0.0,0.0,0.0,0.0,0.0,0.0,0.0,0.0,0.0,1.0,0.0,0.0,0.0,0.0,0.0,1.0,0.553370786516854,0.4626682986536108,0.7202271786073478,0.3395040566792367,0.05518911730091855,0.0,0.22795851013672794,0.29055872537409844,0.329154672775481,0.4657539718412903,0.6857142857142833,0.20018084707375253
5J4ZkQpzMUFojo1CtAZYpn,1.0,0.0,0.0,1.0,0.0,0.0,0.0,0.0,0.0,0.0,0.0,0.0,0.0,0.0,0.0,0.0,1.0,0.0,0.28932584269662925,0.6768665850673194,0.8124001656510678,0.007427722545994747,0.009654941331959965,0.0,0.05634134842055633,0.2184304015502207,0.2601900767386412,0.3449116072160635,0.7428571428571473,0.8313186893957821
1mvDFqbbmgmMmU6U4dIq5m,0.0,1.0,0.0,1.0,0.0,0.0,0.0,0.0,0.0,0.0,0.0,0.0,0.0,0.0,0.0,0.0,1.0,0.0,0.8061797752808988,0.41982864137086906,0.5186653256818315,0.4069249228659582,0.5646175770399374,0.0013731656184486373,0.21499292786421498,0.39713639788997745,0.3338898944092326,0.4133090583419704,0.7142857142857153,0.23101191941951416
2f2WskmLwsLtGkjntD8NG7,0.0,1.0,0.0,0.0,0.0,0.0,0.0,1.0,0.0,0.0,0.0,0.0,0.0,0.0,0.0,0.0,1.0,0.0,0.5491573033707866,0.41003671970624234,0.6374608057741229,0.07084904582333448,0.22024145626630098,0.0,0.10773220179160772,0.3390031219722252,0.5745513561167175,0.18032380203548326,0.9428571428571431,0.10666688066900824
4cEqoGTqPRZy76Yl3ymj3V,1.0,0.0,0.0,1.0,0.0,0.0,0.0,0.0,0.0,0.0,0.0,0.0,0.0,0.0,0.0,1.0,0.0,0.0,0.0716292134831461,0.09547123623011014,0.35999526711234686,0.007084904582333448,0.7693817569593967,0.0,0.16548797736916548,0.38098826569060185,0.12166647743590092,0.017649124061043464,0.8571428571428612,0.22819780023939232
1lw4FrPr3Y8R7Q1Mro2TMe,1.0,0.0,0.0,0.0,0.0,0.0,0.0,1.0,0.0,0.0,0.0,0.0,0.0,0.0,0.0,0.0,1.0,0.0,0.8581460674157304,0.6340269277845778,0.7780867301662425,0.3749285795909039,0.04732948211209081,0.0,0.08262611975483261,0.6318225858542362,0.5669977091946117,0.21047132306411498,0.9142857142857181,0.05973504373572705
1oOEkBNp4zWnkD7nWjJdog,1.0,0.0,0.0,0.0,0.0,0.0,0.0,0.0,0.0,0.0,1.0,0.0,0.0,0.0,0.0,0.0,1.0,0.0,0.44943820224719094,0.4296205630354958,0.5503165118617995,0.04559478916695236,0.7476643439376359,0.00020964360587002098,0.10655351249410655,0.21304769081709551,0.10567759084746436,0.3435387807703385,0.9142857142857181,0.19502563168631767
1cKHdTo9u0ZymJdPGSh6nq,0.0,1.0,0.0,0.0,0.0,0.0,0.0,0.0,0.0,0.0,0.0,0.0,1.0,0.0,0.0,0.0,1.0,0.0,0.0800561797752809,0.7050183598531211,0.8349405430988581,0.007884813164209803,0.14681591700225238,0.000169811320754717,0.15841584158415842,0.12692431908709229,0.35548223790982375,0.3552845408810056,0.8571428571428612,0.6728145922379295
527k23H0A4Q0UJN3vGs0Da,0.0,1.0,0.0,0.0,0.0,0.0,0.0,1.0,0.0,0.0,0.0,0.0,0.0,0.0,0.0,0.0,1.0,0.0,0.5098314606741574,0.6499388004895961,0.5961071999053421,0.012227174037252889,0.010109972842892096,0.34696016771488475,0.677039132484677,0.44773387878135434,0.6873351187812649,0.20149644389596794,0.9142857142857181,0.031711367436295955
1ZAyjvIk9YiD76yYy0TEG6,0.0,1.0,0.0,0.0,0.0,0.0,0.0,0.0,0.0,0.0,0.0,0.0,0.0,1.0,0.0,0.0,1.0,0.0,0.8567415730337078,0.4381884944920441,0.6856770987398686,0.13267055193692148,0.2088656684929977,0.0,0.09358793022159359,0.1301539455269674,0.2334016790334537,0.2168729410231236,0.8571428571428612,0.02790148421364642
4p81HJYZufVOTYYpQBT1om,0.0,1.0,0.0,0.0,0.0,0.0,0.0,0.0,0.0,1.0,0.0,0.0,0.0,0.0,0.0,0.0,1.0,0.0,0.12640449438202245,0.8200734394124847,0.9658048867065017,0.1863786995771912,0.1581917047755557,0.0,0.2680339462517681,0.2119711486704705,0.722258213171797,0.35037768494789356,0.6285714285714263,0.005105514707969884
19JdbdEwQI7bCxefMokZO8,1.0,0.0,0.0,1.0,0.0,0.0,0.0,0.0,0.0,0.0,0.0,0.0,0.0,0.0,0.0,0.0,1.0,0.0,0.7514044943820226,0.6376988984088128,0.7218836892859255,0.22637412867100903,0.11475687873203401,1.6352201257861635e-05,0.09476661951909476,0.5909139842824847,0.426877892726192,0.5358606234271887,0.48571428571428754,0.06862263471531586
2NM0qHzx4Ohy8iXHEEgwlO,0.0,1.0,0.0,1.0,0.0,0.0,0.0,0.0,0.0,0.0,0.0,0.0,0.0,0.0,0.0,0.0,1.0,0.0,0.928370786516854,0.4614443084455325,0.8403242028042358,0.10181693520740487,0.032230709249342786,0.0,0.07767562470532768,0.19797610076434496,0.44045575673383247,0.4333317215411816,0.9428571428571431,0.7282782252919346
4ezAjoV01phDz1SqO6SzEU,1.0,0.0,1.0,0.0,0.0,0.0,0.0,0.0,0.0,0.0,0.0,0.0,0.0,0.0,0.0,0.0,1.0,0.0,0.925561797752809,0.23745410036719702,0.5213275749866887,0.5977602559707463,0.042675750750284916,0.0,0.13248467703913247,0.3723759285176015,0.220090964342245,0.2617725649149289,0.8000000000000043,0.7282782252919346
7CGl5DRfDKgVpoHZv1Thvj,1.0,0.0,0.0,0.0,0.0,0.0,0.0,1.0,0.0,0.0,0.0,0.0,0.0,0.0,0.0,0.0,0.0,1.0,0.5926966292134832,0.5422276621787026,0.6820682719043956,0.1760941606673523,0.6483847415524435,4.832285115303984e-06,0.15134370579915132,0.5930670685757348,0.44199854403622535,0.3097752390883423,0.8000000000000043,0.0570868953895361
1EjzkhMFJgl08Qkn2uDV1d,0.0,1.0,0.0,0.0,0.0,0.0,1.0,0.0,0.0,0.0,0.0,0.0,0.0,0.0,0.0,0.0,1.0,0.0,0.47612359550561795,0.7135862913096696,0.7466721883689285,0.2572277454005257,0.0029742514214563904,0.0,0.34229137199434234,0.7599311013026161,0.10777471298145319,0.507352925718106,0.6000000000000014,0.02612042853463795
7ge7BHazYbVKi8qyZUX1Bm,1.0,0.0,0.0,0.0,0.0,0.0,0.0,0.0,1.0,0.0,0.0,0.0,0.0,0.0,0.0,0.0,1.0,0.0,0.44803370786516855,0.587515299877601,0.8194994971306868,0.12124328648154498,0.029541886684743827,0.0,0.3387553041018388,0.2464204973624718,0.18867420472987867,0.2637550692615119,0.9142857142857181,0.14252775408908486
23tyRvp2QIoxukwDvVxq3J,1.0,0.0,0.0,0.0,0.0,0.0,0.0,0.0,0.0,0.0,0.0,0.0,1.0,0.0,0.0,0.0,1.0,0.0,0.46348314606741575,0.6095471236230111,0.7356682245755191,0.36921494686321565,0.04081425820556255,0.0,0.11244695898161244,0.31747227903972447,0.14128191599489742,0.2182457674688486,0.9714285714285751,0.14252775408908486
03ERnTvSV5fy8WAyvA4uNP,1.0,0.0,0.0,0.0,0.0,0.0,0.0,0.0,0.0,0.0,0.0,0.0,1.0,0.0,0.0,0.0,1.0,0.0,0.8609550561797752,0.5055079559363524,0.7406377566112523,0.41606673523025944,0.536695188869102,9.182389937106919e-06,0.136020744931636,0.33254386909247496,0.5668708132693066,0.3603217417446458,0.9428571428571431,0.05260528227216562
3PBC860LAeS4utDAqlqIe2,1.0,0.0,0.0,0.0,0.0,0.0,0.0,0.0,0.0,0.0,0.0,0.0,1.0,0.0,0.0,0.0,1.0,0.0,0.48455056179775285,0.37086903304773566,0.5947464947050818,0.30522226031310706,0.01764901764901765,0.22431865828092243,0.05987741631305988,0.2550328345354721,0.45236393751377485,0.3602166248651876,0.7142857142857153,0.0766504222284778
2RUuKIHFHjk41E7YsJ9HNP,0.0,1.0,0.0,1.0,0.0,0.0,0.0,0.0,0.0,0.0,0.0,0.0,0.0,0.0,0.0,0.0,1.0,0.0,0.794943820224719,0.587515299877601,0.9139797669052829,0.021597531710661644,0.04805339587948283,3.3542976939203354e-06,0.36350777934936357,0.2098180643772204,0.4877211495435086,0.25459518438551826,0.7714285714285722,0.06410705758008776
21UkXrc9kD48rNpTMI2ecz,0.0,1.0,0.0,0.0,0.0,0.0,0.0,0.0,0.0,0.0,0.0,0.0,0.0,1.0,0.0,0.0,1.0,0.0,0.7598314606741574,0.6095471236230111,0.6626634325267703,0.34864586904353795,0.02313007903070015,0.0,0.3305044790193305,0.43158574658197874,0.14981065792197906,0.20320143968078103,0.9428571428571431,0.05912929112287516
0PUYUp6TBUZ7mn1On92cAk,1.0,0.0,0.0,0.0,0.0,0.0,0.0,1.0,0.0,0.0,0.0,0.0,0.0,0.0,0.0,0.0,1.0,0.0,0.6404494382022472,0.4504283965728274,0.32810743654972485,0.3189349788595589,0.20783150596815195,0.0,0.11362564827911362,0.24319087092259667,0.534812895297504,0.10798446792989125,0.9714285714285751,0.008439823302110008
5hTl2uxJGd1sbLtovguuuk,0.0,1.0,0.0,0.0,1.0,0.0,0.0,0.0,0.0,0.0,0.0,0.0,0.0,0.0,0.0,0.0,1.0,0.0,0.6980337078651686,0.6193390452876377,0.7002307282730875,0.06639241229573764,0.021682251495916093,2.5157232704402517e-05,0.050565770862800556,0.7674668963289913,0.23929900019368328,0.39618131400304,0.9428571428571431,0.7282782252919346
78TTtXnFQPzwqlbtbwqN0y,0.0,1.0,0.0,0.0,1.0,0.0,0.0,0.0,0.0,0.0,0.0,0.0,0.0,0.0,0.0,0.0,1.0,0.0,0.44382022471910115,0.1358629130966952,0.7370880908714428,0.02651125585647355,0.9048570477141906,0.0,0.11951909476661951,0.3411562062654753,0.973839403188427,0.24422014838298706,0.7714285714285722,0.5119009047700843
5Q6DJEgNTiN9xcOQzKmw9F,1.0,0.0,0.0,0.0,0.0,0.0,1.0,0.0,0.0,0.0,0.0,0.0,0.0,0.0,0.0,0.0,1.0,0.0,0.672752808988764,0.6425948592411261,0.7348399692362302,0.005027996800365676,0.5460026515927138,0.0,0.17373880245167372,0.4305092044353537,0.4137074314261097,0.6135924534489899,0.8285714285714292,0.22819780023939232
42iB9FGhrqTXFQtE2Mypxl,0.0,1.0,0.0,1.0,0.0,0.0,0.0,0.0,0.0,0.0,0.0,0.0,0.0,0.0,0.0,0.0,0.0,1.0,0.5842696629213484,0.780905752753978,0.6827782050523574,0.3040795337675694,0.08176709418945444,0.0,0.07578972182932578,0.4757239745936054,0.40165231852212996,0.34480018332383777,0.5142857142857125,0.006160506772407742
5GxnROd93Y7NGt2ci0TwBw,0.0,1.0,0.0,0.0,0.0,0.0,0.0,0.0,0.0,0.0,0.0,1.0,0.0,0.0,0.0,0.0,1.0,0.0,0.6910112359550562,0.6609547123623011,0.7139561024670176,0.15438235630213692,0.7083661679934973,6.519916142557652e-06,0.10066006600660066,0.6339756701474863,0.3119368993314588,0.2923889072259445,0.8571428571428612,0.014243690469567699
78QR3Wp35dqAhFEc2qAGjE,1.0,0.0,0.0,1.0,0.0,0.0,0.0,0.0,0.0,0.0,0.0,0.0,0.0,0.0,0.0,0.0,1.0,0.0,0.8862359550561798,0.6132190942472461,0.6636691711530497,0.30293680722203176,0.08807548559101354,0.0,0.5957095709570958,0.3788351813973518,0.35047986695964034,0.1544608450135706,0.8571428571428612,0.14252775408908486
5r29mFrurlVBbqJzjr2XW6,1.0,0.0,0.0,0.0,0.0,0.0,0.0,0.0,0.0,0.0,0.0,1.0,0.0,0.0,0.0,0.0,1.0,0.0,0.8328651685393258,0.5679314565483476,0.8215701354789089,0.11781510684493202,0.030576049209589583,0.0,0.029585101367279577,0.7244052104639896,0.28076057410388106,0.3163765791183217,0.7714285714285722,0.0019858412892448567
3sA7HKGzcKTVscdiTCrWpX,1.0,0.0,0.0,0.0,0.0,0.0,0.0,0.0,0.0,0.0,0.0,0.0,0.0,1.0,0.0,0.0,1.0,0.0,0.821629213483146,0.6181150550795594,0.7564929302490682,0.04856587818535025,0.14371342942771514,0.0,0.09005186232909004,0.023038001937775873,0.4944533123175871,0.11990261972286986,0.8571428571428612,0.10666688066900824
0Aqlt4N5h6rUtKnd09VXpr,1.0,0.0,0.0,0.0,0.0,0.0,1.0,0.0,0.0,0.0,0.0,0.0,0.0,0.0,0.0,0.0,1.0,0.0,0.8384831460674158,0.43206854345165235,0.6435543986274624,0.2537995657639127,0.043296248265192364,0.0,0.32107496463932106,0.8675853159651201,0.1532835990355909,0.41855018595175975,0.48571428571428754,0.022793304636583092
61S79KIVA4I9FXbnsylEHT,1.0,0.0,0.0,0.0,0.0,0.0,0.0,0.0,0.0,1.0,0.0,0.0,0.0,0.0,0.0,0.0,1.0,0.0,0.5898876404494384,0.27417380660954715,0.5780630657279772,0.30865043994972,0.6349406287294487,0.0,0.12069778406412068,0.11831198191409194,0.5545752659805381,0.47196637941727404,0.9428571428571431,0.7282782252919346
119pE59HeIqBiaXHbw7B1M,0.0,1.0,0.0,0.0,0.0,0.0,0.0,0.0,0.0,0.0,1.0,0.0,0.0,0.0,0.0,0.0,1.0,0.0,0.752808988764045,0.8274173806609546,0.7011773058037034,0.11781510684493202,0.1240643414556458,0.0,0.3057520037718057,0.8535902680589945,0.4335633043698948,0.38693102861071227,0.6857142857142833,0.265582221122059
6kK6Tz8esTt3pqSaNiM1qB,0.0,1.0,0.0,0.0,0.0,0.0,0.0,0.0,0.0,0.0,0.0,0.0,0.0,1.0,0.0,0.0,1.0,0.0,0.8665730337078652,0.5361077111383109,0.7436549724900904,0.25265683921837506,0.018269515163925103,0.0,0.17727487034417724,0.4046721929163527,0.5539474650869236,0.23323122980441952,0.9142857142857181,0.14252775408908486
1XRgIKC5TPwo7nWGyKqgG0,0.0,1.0,0.0,0.0,0.0,0.0,0.0,0.0,0.0,0.0,0.0,0.0,0.0,1.0,0.0,0.0,1.0,0.0,0.8764044943820224,0.5777233782129743,0.7481512157605158,0.16123871557536285,0.02395740905057675,0.00035953878406708595,0.08333333333333334,0.4175906986758532,0.5337242618330451,0.33850788691946576,0.8285714285714292,0.11879591913442544
232jKM7OzWMfuwHyf9r3dX,0.0,1.0,0.0,0.0,0.0,0.0,0.0,0.0,0.0,0.0,0.0,0.0,0.0,1.0,0.0,0.0,1.0,0.0,0.6207865168539326,0.24112607099143205,0.49139206058096185,0.033596160438807,0.1623283548749387,0.0,0.09476661951909476,0.08709225966196575,0.4139946169412739,0.37797507048086765,0.7714285714285722,0.7282782252919346
5cx7vkF8BQ0iOsVpfvZbnz,0.0,1.0,0.0,0.0,1.0,0.0,0.0,0.0,0.0,0.0,0.0,0.0,0.0,0.0,0.0,0.0,1.0,0.0,0.8469101123595506,0.1676866585067319,0.35762882328580714,0.4103531025025712,0.2067973434433062,0.0,0.055044790193305056,0.1516847884594682,0.11645038703257221,0.18770300697345377,0.9714285714285751,0.14252775408908486
6heRfvHrUIIPx9TqRg8SCq,0.0,1.0,0.0,0.0,0.0,0.0,0.0,1.0,0.0,0.0,0.0,0.0,0.0,0.0,0.0,0.0,1.0,0.0,0.40449438202247195,0.554467564259486,0.7339525528012778,0.4720603359616044,0.17577246769793353,0.0,0.28099952852428106,0.36053396490472606,0.13353458581837857,0.25125246761874526,0.9142857142857181,0.14252775408908486
3EikYy40GMSp8l5mDV6IQo,0.0,1.0,0.0,1.0,0.0,0.0,0.0,0.0,0.0,0.0,0.0,0.0,0.0,0.0,0.0,0.0,1.0,0.0,0.8637640449438202,0.565483476132191,0.500443708217476,0.10524511484401783,0.2657446073595142,1.5723270440251573e-06,0.07991513437057993,0.7620841855958661,0.1931422770471986,0.12083185293728094,0.8571428571428612,0.04906556974848965
2r7BPog74oaTG5shNYiUnV,0.0,1.0,1.0,0.0,0.0,0.0,0.0,0.0,0.0,0.0,0.0,0.0,0.0,0.0,0.0,0.0,1.0,0.0,0.556179775280899,0.4283965728274174,0.5739809501271962,0.008341903782424866,0.0024158036580396833,0.0037735849056603774,0.29042904290429045,0.2055118957907202,0.1933827114319871,0.704796062742163,0.6571428571428584,0.6728145922379295
6etwirSInfuJrSOlogS6Sh,0.0,1.0,1.0,0.0,0.0,0.0,0.0,0.0,0.0,0.0,0.0,0.0,0.0,0.0,0.0,0.0,1.0,0.0,0.5997191011235954,0.6952264381884945,0.8951665384842926,0.40121129013826995,0.1768066302227793,0.0,0.04879773691654881,0.5209387447518571,0.38612426450453813,0.44708521404950163,0.5714285714285694,0.20018084707375253
0e7ipj03S05BNilyu5bRzt,1.0,0.0,0.0,0.0,0.0,0.0,0.0,1.0,0.0,0.0,0.0,0.0,0.0,0.0,0.0,0.0,1.0,0.0,0.44803370786516855,0.4394124847001224,0.7090457315269478,0.05062278596731803,0.12820099155502881,7.348008385744235e-05,0.12069778406412068,0.09893422327484121,0.6663171463110018,0.3070989633373348,0.8571428571428612,0.3750743507185793
5IZc3KIVFhjzJ0L2kiXzUl,0.0,1.0,0.0,0.0,0.0,0.0,0.0,0.0,0.0,0.0,1.0,0.0,0.0,0.0,0.0,0.0,1.0,0.0,0.7457865168539326,0.3769889840881273,0.5921434064958881,0.043080790766769524,0.06191117371241595,0.0,0.055044790193305056,0.4778770588868555,0.28733912602101125,0.3199085062681195,0.7714285714285722,0.03969069961731434
4i8qEsqa426Ctz6KRno3dA,0.0,1.0,0.0,0.0,1.0,0.0,0.0,0.0,0.0,0.0,0.0,0.0,0.0,0.0,0.0,0.0,1.0,0.0,0.7823033707865168,0.34516523867809057,0.5668816186475772,0.345217689406925,0.07938852038230919,0.0,0.15016501650165015,0.3788351813973518,0.5343921351241243,0.2553141838410128,0.9142857142857181,0.012339101561505299
2kQuhkFX7uSVepCD3h29g5,1.0,0.0,0.0,0.0,0.0,0.0,0.0,1.0,0.0,0.0,0.0,0.0,0.0,0.0,0.0,0.0,1.0,0.0,0.9452247191011236,0.7111383108935129,0.7661361888422172,0.022625985601645526,0.3319310089496425,0.0,0.09240924092409239,0.9547852298417484,0.3936712326937332,0.29493273570883466,0.5142857142857125,0.6999464866418124
7ytR5pFWmSjzHJIeQkgog4,0.0,1.0,0.0,0.0,0.0,0.0,0.0,0.0,0.0,0.0,0.0,0.0,0.0,1.0,0.0,0.0,1.0,0.0,0.6741573033707866,0.6474908200734394,0.6013725374193929,0.15666780939321223,0.2554029821110566,0.0,0.08533710513908535,0.4951017332328561,0.19998129954784977,0.23054444236546617,0.9142857142857181,0.10062832213815441
0Dc7J9VPV4eOInoxUiZrsL,0.0,1.0,0.0,0.0,1.0,0.0,0.0,0.0,0.0,0.0,0.0,0.0,0.0,0.0,0.0,0.0,1.0,0.0,0.8286516853932584,0.44798041615667084,0.7629414896763886,0.08319049251514113,0.4053565482136911,0.0,0.09594530881659594,0.3756055549574766,0.2539120678024965,0.4094680875665653,0.7714285714285722,0.0570868953895361
4bPsiRqWPFPgLiPQR7jNo4,1.0,0.0,0.0,0.0,0.0,0.0,0.0,0.0,0.0,0.0,0.0,1.0,0.0,0.0,0.0,0.0,1.0,0.0,0.33005617977528096,0.44675642594859244,0.5684789682304915,0.007199177236887212,0.009365375825003155,0.0006603773584905661,0.3387553041018388,0.13338357196684253,0.5348663251607904,0.47627406913747394,1.0,0.6728145922379295
7yfg0Eer6UZZt5tZ1XdsWz,0.0,1.0,0.0,1.0,0.0,0.0,0.0,0.0,0.0,0.0,0.0,0.0,0.0,0.0,0.0,0.0,1.0,0.0,0.5870786516853934,0.39779681762545904,0.4712772880553747,0.12010055993600732,0.002736394040741867,0.0001551362683438155,0.15134370579915132,0.34223274841210033,0.48006064289483,0.31076964476801755,0.6571428571428584,0.7282782252919346
7oJrVhiTPZGBXWPwhxjy9S,0.0,1.0,0.0,0.0,0.0,0.0,0.0,0.0,0.0,0.0,0.0,1.0,0.0,0.0,0.0,0.0,1.0,0.0,0.6348314606741572,0.7417380660954712,0.7383304738803762,0.15895326248428754,0.1426792669028694,0.0,0.10066006600660066,0.518785660458607,0.6682072277247562,0.17644498918347307,0.8285714285714292,0.04376462259827802
3XQY8kDjI8LARMIC9xkxQk,0.0,1.0,0.0,0.0,0.0,0.0,0.0,0.0,0.0,0.0,0.0,0.0,0.0,1.0,0.0,0.0,1.0,0.0,0.48455056179775285,0.6107711138310894,0.7240134887298111,0.06513541309564622,0.20472901839361468,0.0,0.3965110796793965,0.5876843578426095,0.07687221580321779,0.3664689768553655,0.6285714285714263,0.023376893550602258
7IMwEtpAiJanqF6vQteZN2,1.0,0.0,0.0,0.0,0.0,0.0,0.0,0.0,0.0,1.0,0.0,0.0,0.0,0.0,0.0,0.0,1.0,0.0,0.8820224719101124,0.5593635250917993,0.814352481807963,0.11667238029939436,0.08352517048169221,0.0,0.623998114097124,0.36806975993110136,0.3944860381088499,0.18762942515783299,0.9142857142857181,0.22819780023939232
2Zy7XVdxyZQB8xp5xbpJdl,0.0,1.0,1.0,0.0,0.0,0.0,0.0,0.0,0.0,0.0,0.0,0.0,0.0,0.0,0.0,0.0,1.0,0.0,0.18258426966292135,0.48102815177478586,0.7734130036088267,0.025025711347274604,0.22954891898991278,0.0,0.6876473361621875,0.1430724512864679,0.3830253324339306,0.42136942065883054,0.8000000000000043,0.22819780023939232
3Gf5nttwcX9aaSQXRWidEZ,0.0,1.0,0.0,0.0,0.0,0.0,0.0,0.0,0.0,1.0,0.0,0.0,0.0,0.0,0.0,0.0,1.0,0.0,0.8202247191011236,0.6597307221542227,0.6881027036620717,0.02388298480173695,0.06366925000465373,1.8867924528301887e-06,0.2538896746817539,0.7373237162234901,0.2794448637204549,0.46190459171552845,0.34285714285714164,0.022793304636583092
04uMsCRuGU3lycCKyqBc8I,0.0,1.0,0.0,0.0,0.0,0.0,0.0,0.0,0.0,0.0,1.0,0.0,0.0,0.0,0.0,0.0,0.0,1.0,0.32584269662921356,0.6107711138310894,0.6179376442051705,0.19894869157810538,0.04122792321550085,0.0,0.0673031588873173,0.04403057379696415,0.4000026714931643,0.17504273001149978,0.8857142857142861,0.0008007409102447356
53tv6ZbyeAwfAUwFaxYbfO,1.0,0.0,0.0,1.0,0.0,0.0,0.0,0.0,0.0,0.0,0.0,0.0,0.0,0.0,0.0,0.0,1.0,0.0,0.8075842696629214,0.6254589963280295,0.7433000059161095,0.3932122043195064,0.012581621277273452,0.0,0.3446487505893447,0.6049090321886103,0.6477836624835536,0.15719808855466394,0.9428571428571431,0.05973504373572705
7floNISpH8VF4z4459Qo18,0.0,1.0,0.0,1.0,0.0,0.0,0.0,0.0,0.0,0.0,0.0,0.0,0.0,0.0,0.0,0.0,1.0,0.0,0.6980337078651686,0.6915544675642594,0.6931313967934685,0.2915095417666552,0.26781293240920573,0.0,0.08132956152758133,0.3357734955323501,0.5277868682753508,0.11410227031436254,0.8285714285714292,0.3813722114626923
5SWnsxjhdcEDc7LJjq9UHk,1.0,0.0,0.0,0.0,0.0,0.0,0.0,0.0,0.0,0.0,0.0,0.0,1.0,0.0,0.0,0.0,1.0,0.0,0.776685393258427,0.5691554467564259,0.8014553629533219,0.20009141812364303,0.007700374160001489,0.1058700209643606,0.16313059877416314,0.40682527720960276,0.5541745420058906,0.2603408730167073,0.9142857142857181,0.1412003357665388
23NWj2izXAJ4yL6Nah73wf,1.0,0.0,0.0,0.0,0.0,0.0,1.0,0.0,0.0,0.0,0.0,0.0,0.0,0.0,0.0,0.0,1.0,0.0,0.7345505617977528,0.4002447980416156,0.5341063716500029,0.22865958176208434,0.1850799304215453,8.322851153039833e-06,0.08887317303158887,0.029389600602863608,0.4880818011206914,0.28882124033713086,0.8000000000000043,0.7282782252919346
1X1dy95bo2OirAmMkBIwkS,0.0,1.0,1.0,0.0,0.0,0.0,0.0,0.0,0.0,0.0,0.0,0.0,0.0,0.0,0.0,0.0,1.0,0.0,0.5196629213483146,0.5434516523867808,0.4971306868603206,0.1418123643012227,0.13233764165441184,0.0,0.12894860914662895,0.5381634190978578,0.6005516633384316,0.23883816415472364,1.0,0.14356000767900318
2OPxM2L3KtuehqY24vTMGs,0.0,1.0,0.0,1.0,0.0,0.0,0.0,0.0,0.0,0.0,0.0,0.0,0.0,0.0,0.0,0.0,1.0,0.0,0.9199438202247192,0.587515299877601,0.6880435425664082,0.15895326248428754,0.028300891654928922,0.0,0.042314945780292317,0.8514371837657444,0.5673717182376159,0.2770208194491455,0.8285714285714292,0.08771760615610538
78p1rF7xx1snnaKxtUzBHn,0.0,1.0,1.0,0.0,0.0,0.0,0.0,0.0,0.0,0.0,0.0,0.0,0.0,0.0,0.0,0.0,1.0,0.0,0.7907303370786516,0.22276621787025705,0.778500857835887,0.08147640269683465,0.0073901254025477625,0.0,0.169024045261669,0.2927118096673485,0.12039751818285044,0.13317467692327095,0.9428571428571431,0.1412003357665388
3tDqEKKUs6gf8zMvSuLyLA,1.0,0.0,0.0,0.0,0.0,0.0,0.0,0.0,0.0,0.0,0.0,0.0,0.0,1.0,0.0,0.0,1.0,0.0,0.8792134831460674,0.39779681762545904,0.561083831272555,0.40806764941149587,0.04960463966675147,0.0,0.13837812352663836,0.5360103348046077,0.40716227317353354,0.29883257193673646,0.9142857142857181,0.14356000767900318
0I3q5fE6wg7LIfHGngUTnV,1.0,0.0,0.0,0.0,0.0,0.0,1.0,0.0,0.0,0.0,0.0,0.0,0.0,0.0,0.0,0.0,1.0,0.0,0.8103932584269662,0.7894736842105263,0.7202863397030113,0.2766540966746658,0.14785007952709814,0.0,0.05716643092880717,0.6199806222413607,0.2331812808473976,0.41717735950603474,0.34285714285714164,0.021477991438350375
31hGVTn7MpHC9vovXIVWfm,1.0,0.0,0.0,1.0,0.0,0.0,0.0,0.0,0.0,0.0,0.0,0.0,0.0,0.0,0.0,0.0,1.0,0.0,0.8609550561797752,0.5716034271725826,0.6775720286339701,0.2709404639469775,0.12820099155502881,0.0,0.04420084865629421,0.7362471740768651,0.601560152007961,0.29128938466681104,0.48571428571428754,0.01694044219618515
66TxPMqbyDLJOusYH4o93n,1.0,0.0,0.0,0.0,0.0,0.0,0.0,0.0,0.0,0.0,0.0,0.0,0.0,1.0,0.0,0.0,0.0,1.0,0.33286516853932585,0.850673194614443,0.7748328699047505,0.29608044794880584,0.011754291257396849,0.0,0.2680339462517681,0.3250080740660998,0.28214975054932573,0.26533182245338593,0.6571428571428584,0.12394584832728606
0FA4wrjDJvJTTU8AepZTup,1.0,0.0,0.0,0.0,0.0,0.0,0.0,0.0,0.0,0.0,0.0,0.0,0.0,1.0,0.0,0.0,1.0,0.0,0.5898876404494384,0.9008567931456548,0.6472815476542624,0.013369900582790542,0.010616712480066518,0.10796645702306079,0.1466289486091466,0.34223274841210033,0.4671172585137147,0.19145357723252482,1.0,0.14356000767900318
1wGnp7ejkCuXRsehXx0PNP,1.0,0.0,0.0,0.0,0.0,0.0,0.0,1.0,0.0,0.0,0.0,0.0,0.0,0.0,0.0,1.0,0.0,0.0,0.5112359550561798,0.2913096695226438,0.48819736141513326,0.17266598103073935,0.10855190358295948,0.18238993710691823,0.24210278170674213,0.03078910539347615,0.8213639308350418,0.29878421817218564,0.9142857142857181,0.1412003357665388
5DSr1NMci58MEgS20vivSL,1.0,0.0,0.0,0.0,0.0,0.0,1.0,0.0,0.0,0.0,0.0,0.0,0.0,0.0,0.0,0.0,1.0,0.0,0.5688202247191012,0.6254589963280295,0.5284860675619711,0.10638784138955548,0.10648357853326797,4.171907756813417e-05,0.0535124941065535,0.1602971256324685,0.3868722825905468,0.3544709362339986,0.7428571428571473,0.04526879315324415
4kfeRwpq5KUaqTkgi4TbDF,0.0,1.0,0.0,1.0,0.0,0.0,0.0,0.0,0.0,0.0,0.0,0.0,0.0,0.0,0.0,0.0,1.0,0.0,0.5969101123595506,0.576499388004896,0.6225522096669229,0.02788252771111873,0.1261326665053373,0.0,0.042432814710042434,0.48541285391323075,0.7343133260757768,0.2808596878869615,0.9142857142857181,0.22819780023939232
2of5xn0GU0TdFneR1saRLH,1.0,0.0,0.0,0.0,0.0,0.0,0.0,0.0,0.0,0.0,0.0,0.0,1.0,0.0,0.0,0.0,1.0,0.0,0.27387640449438205,0.7968176254589964,0.7303437259658048,0.2446577533996115,0.01899342893131713,0.00039308176100628933,0.2138142385667138,0.7351706319302401,0.6667713001489357,0.2561277884880198,0.8285714285714292,0.7282782252919346
7yzSijmAyOMBcHrK6Tfsoe,0.0,1.0,0.0,0.0,1.0,0.0,0.0,0.0,0.0,0.0,0.0,0.0,0.0,0.0,0.0,0.0,1.0,0.0,0.49157303370786515,0.9706242350061198,0.9245104419333845,0.24237230030853618,0.0617043412074468,0.0,0.7548326261197549,0.574765852083109,0.29306947885847096,0.4134772453491037,0.6285714285714263,0.04079070706849734
03ThZweiBWFP8tOGsk6QMO,1.0,0.0,0.0,0.0,0.0,0.0,0.0,0.0,0.0,0.0,0.0,0.0,0.0,1.0,0.0,0.0,1.0,0.0,0.8441011235955056,0.7503059975520197,0.7294563095308524,0.32921951776939784,0.11372271620718825,0.0,0.15134370579915132,0.5510819248573583,0.46733097796686013,0.14805922705456198,0.8571428571428612,0.016020905601941502
55DuTmvSGwNQR4cBgqYuYL,0.0,1.0,1.0,0.0,0.0,0.0,0.0,0.0,0.0,0.0,0.0,0.0,0.0,0.0,0.0,0.0,1.0,0.0,0.44662921348314605,0.4528763769889841,0.6634325267703957,0.397783110501657,0.011857707509881422,0.0,0.11480433757661479,0.33254386909247496,0.23290745279805508,0.31746979466468767,0.7142857142857153,0.06185928404338044
0yQw3d0iQDjMrxaVHFv77J,1.0,0.0,0.0,0.0,0.0,0.0,0.0,0.0,0.0,0.0,1.0,0.0,0.0,0.0,0.0,0.0,1.0,0.0,0.37219101123595516,0.616891064871481,0.6773353842513162,0.29608044794880584,0.06273850373229255,0.0,0.12069778406412068,0.8212940036602434,0.09144521101456632,0.3242246053386761,0.6857142857142833,0.12394584832728606
3w1WjD2zJqjBjDz5fwqQPJ,1.0,0.0,0.0,0.0,0.0,0.0,0.0,1.0,0.0,0.0,0.0,0.0,0.0,0.0,0.0,0.0,1.0,0.0,0.7387640449438202,0.773561811505508,0.7061468378394367,0.06536395840475373,0.09014381064070505,0.0,0.2256011315417256,0.7943804499946174,0.42074013718117403,0.1776601403100107,0.9142857142857181,0.029406072787293874
73xjJ1TIE6WP3HNKczQE4F,1.0,0.0,0.0,0.0,0.0,0.0,0.0,0.0,0.0,0.0,0.0,0.0,0.0,1.0,0.0,0.0,1.0,0.0,0.925561797752809,0.197062423500612,0.4922794770159141,0.09724602902525425,0.10648357853326797,0.0,0.12776991984912778,0.7265582947572398,0.4669970413213204,0.20636756009006413,0.9428571428571431,0.05713700537895988
7F9cT6hIRhnFCYP6GKS0tf,1.0,0.0,0.0,0.0,0.0,0.0,0.0,0.0,0.0,1.0,0.0,0.0,0.0,0.0,0.0,0.0,1.0,0.0,0.45505617977528084,0.40636474908200737,0.557120037863101,0.011198720146269006,0.41569817346214866,0.005283018867924529,0.11834040546911834,0.013672085262138006,0.6010325321080086,0.3790661836896445,0.9428571428571431,0.7282782252919346
1HvTxgCj0mTzQlEo0zLvFb,0.0,1.0,0.0,1.0,0.0,0.0,0.0,0.0,0.0,0.0,0.0,0.0,0.0,0.0,0.0,0.0,1.0,0.0,0.5870786516853934,0.47001223990208085,0.6647340708749925,0.10753056793509314,0.16439667992463022,0.0,0.0865157944365865,0.39821294003660246,0.5544350125894115,0.1328509169345395,0.9714285714285751,0.06760439345994446
1jk9c0gZI0wbn5GvAj7PBV,1.0,0.0,1.0,0.0,0.0,0.0,0.0,0.0,0.0,0.0,0.0,0.0,0.0,0.0,0.0,0.0,1.0,0.0,0.5632022471910114,0.5140758873929008,0.7665503165118617,0.33836133013369907,0.04422699453755354,0.0,0.18198962753418196,0.3562277963182259,0.3400744010846262,0.3334748907310038,0.7714285714285722,0.08147606472057838
5gcsJvWzuPMeJBQYdiO0RS,0.0,1.0,0.0,0.0,1.0,0.0,0.0,0.0,0.0,0.0,0.0,0.0,0.0,0.0,0.0,1.0,0.0,0.0,0.5702247191011236,0.5128518971848225,0.7372064130627698,0.23665866758084791,0.09655561829474872,0.0,0.0876944837340877,0.0849391753687157,0.34406160463236907,0.22213088733362624,0.9714285714285751,0.030495046287034408
5ry2OE6R2zPQFDO85XkgRb,1.0,0.0,0.0,0.0,0.0,0.0,0.0,0.0,0.0,0.0,0.0,0.0,1.0,0.0,0.0,0.0,1.0,0.0,0.7935393258426966,0.4173806609547124,0.8327515825593089,0.02182607701976917,0.10441525348357647,0.0,0.11008958038661007,0.0687910431693401,0.2705354340174581,0.280357229203151,0.8857142857142861,0.7282782252919346
4yVEpUXxYgBwfSOKGTFxv5,1.0,0.0,0.0,0.0,0.0,0.0,0.0,0.0,0.0,0.0,0.0,0.0,1.0,0.0,0.0,0.0,1.0,0.0,0.7205056179775282,0.23745410036719702,0.5413240253209488,0.059421780367957956,0.06449658002453032,0.0,0.1537010843941537,0.34976854343847563,0.45930314100808795,0.1994866091607258,0.8571428571428612,0.04546648115462054
2Y0wPrPQBrGhoLn14xRYCG,0.0,1.0,1.0,0.0,0.0,0.0,0.0,0.0,0.0,0.0,0.0,0.0,0.0,0.0,0.0,0.0,1.0,0.0,0.5042134831460674,0.7992656058751529,0.7655445778855823,0.044337789966860934,0.017752433901502225,0.0,0.15252239509665252,0.5360103348046077,0.5674051119021699,0.2804791647833226,0.9142857142857181,0.30081259173986025
07NgzcfZh94EiueKm5KiT4,0.0,1.0,0.0,1.0,0.0,0.0,0.0,0.0,0.0,0.0,0.0,0.0,0.0,0.0,0.0,0.0,1.0,0.0,0.6502808988764044,0.5862913096695227,0.5514405726794058,0.37150039995429096,0.061497508702477645,0.0,0.37647336162187645,0.4046721929163527,0.6411249657714937,0.1848690559032588,0.9714285714285751,0.008439823302110008
0UAmPUdpTRq8w54B3H8TzY,0.0,1.0,0.0,1.0,0.0,0.0,0.0,0.0,0.0,0.0,0.0,0.0,0.0,0.0,0.0,0.0,1.0,0.0,0.5926966292134832,0.9094247246022031,0.9398923268058923,0.09038966975202833,0.023647160293123026,0.0,0.07343234323432343,0.7244052104639896,0.4531720641959807,0.29507359232730873,0.7142857142857153,0.04577291497419901
0x3TibRgnSqzkcwrqBd4iX,0.0,1.0,0.0,0.0,1.0,0.0,0.0,0.0,0.0,0.0,0.0,0.0,0.0,0.0,0.0,0.0,1.0,0.0,0.6095505617977528,0.5348837209302325,0.6116074069691769,0.09953148211632956,0.038125435640963594,0.0,0.09712399811409711,0.599526321455485,0.6679200422095919,0.3287656545312733,0.6285714285714263,0.11605054660993643
4muwDurKeVOB1WBjTVRWlD,1.0,0.0,0.0,0.0,0.0,0.0,0.0,0.0,1.0,0.0,0.0,0.0,0.0,0.0,0.0,0.0,1.0,0.0,0.6544943820224718,0.5373317013463892,0.5362361710938885,0.2446577533996115,0.0039463641948114005,0.00011949685534591196,0.09830268741159828,0.4294326622887286,0.7208957516579955,0.18528111407073522,1.0,0.1412003357665388
5rmcjZTrE9JR1YrbNZDFNW,0.0,1.0,0.0,0.0,1.0,0.0,0.0,0.0,0.0,0.0,0.0,0.0,0.0,0.0,0.0,0.0,1.0,0.0,0.30898876404494385,0.04039167686658507,0.1689640892149321,0.05062278596731803,0.8252265333010675,0.006540880503144654,0.10066006600660066,0.01173430939821294,0.06676729290918931,0.43486432564368316,0.8000000000000043,0.19502563168631767
6Ep56mDirnv1ORaxN061KY,1.0,0.0,0.0,1.0,0.0,0.0,0.0,0.0,0.0,0.0,0.0,0.0,0.0,0.0,0.0,0.0,0.0,1.0,0.7359550561797754,0.42227662178702574,0.3460332485357628,0.5440521083304767,0.027473561635052317,0.0,0.1089108910891089,0.5134029497254818,0.4673242992339493,0.13575844982035523,0.9142857142857181,0.000323450663397389
2iWEpiPiIPf5D4f2UGBlrZ,0.0,1.0,0.0,0.0,0.0,0.0,0.0,0.0,0.0,0.0,1.0,0.0,0.0,0.0,0.0,0.0,1.0,0.0,0.8412921348314606,0.5667074663402693,0.5855173637815771,0.08696149011541537,0.03409220179406515,0.0,0.08227251296558227,0.38637097642372703,0.2331278509841112,0.05313027555338781,0.8571428571428612,0.026104230310736623
5eViBefGU8Fm9OAeJVZJjW,1.0,0.0,0.0,0.0,0.0,0.0,0.0,0.0,0.0,1.0,0.0,0.0,0.0,0.0,0.0,0.0,1.0,0.0,0.9101123595505618,0.5165238678090575,0.6039756256285865,0.48577305450805625,0.1768066302227793,0.0,0.13012729844413012,0.5930670685757348,0.49988980090697194,0.11766363019040871,0.9142857142857181,0.10062832213815441
1nX9KhK3Fff27SnrIor2Yb,0.0,1.0,0.0,1.0,0.0,0.0,0.0,0.0,0.0,0.0,0.0,0.0,0.0,0.0,0.0,0.0,1.0,0.0,0.7443820224719102,0.4149326805385557,0.6455067147843576,0.4549194377785396,0.12199601640595428,0.0,0.14898632720414898,0.2044353536440952,0.10003406153784505,0.38575371956077964,0.8285714285714292,0.22819780023939232
6ws54n2IzyrIxxyzlG2bVJ,0.0,1.0,0.0,0.0,1.0,0.0,0.0,0.0,0.0,0.0,0.0,0.0,0.0,0.0,0.0,0.0,1.0,0.0,0.37780898876404506,0.5593635250917993,0.7367331242974618,0.40578219632042056,0.025301820332876236,0.0,0.0876944837340877,0.18721067929809454,0.7076585030288054,0.2983301132529259,0.9714285714285751,0.14252775408908486
0lodMO0qK83vfPiiD7FMEt,1.0,0.0,0.0,1.0,0.0,0.0,0.0,0.0,0.0,0.0,0.0,0.0,0.0,0.0,0.0,0.0,1.0,0.0,0.6306179775280898,0.4969400244798041,0.8069573448500265,0.06810650211404412,0.06201458996490052,0.0,0.04349363507779349,0.31747227903972447,0.6683007299855073,0.3176674143980692,1.0,0.22819780023939232
2bjwRfXMk4uRgOD9IBYl9h,0.0,1.0,0.0,1.0,0.0,0.0,0.0,0.0,0.0,0.0,0.0,0.0,0.0,0.0,0.0,0.0,1.0,0.0,0.925561797752809,0.34516523867809057,0.5859906525468851,0.2709404639469775,0.017752433901502225,0.0,0.29160773220179165,0.33685003767897514,0.5078775654682792,0.3459249339340412,0.8285714285714292,0.7282782252919346
48tybOd2kxWaMjnYrEWTvY,1.0,0.0,0.0,1.0,0.0,0.0,0.0,0.0,0.0,0.0,0.0,0.0,0.0,0.0,0.0,0.0,1.0,0.0,0.5744382022471912,0.6266829865361078,0.8334615157072708,0.3783567592275169,0.048673893394390294,0.0,0.22324375294672325,0.6458176337603618,0.5343119903291946,0.34650938378382923,0.6571428571428584,0.06709966202841267
7f5trao56t7sB7f14QDTmp,0.0,1.0,1.0,0.0,0.0,0.0,0.0,0.0,0.0,0.0,0.0,0.0,0.0,0.0,0.0,0.0,1.0,0.0,0.728932584269663,0.6009791921664627,0.91782523812341,0.04559478916695236,0.10544941600842221,0.0,0.048444130127298445,0.4811066853267306,0.7345938328580301,0.27545037327003896,0.8857142857142861,0.24491894809361012
0sSRLXxknVTQDStgU1NqpY,1.0,0.0,0.0,0.0,0.0,0.0,0.0,0.0,1.0,0.0,0.0,0.0,0.0,0.0,0.0,0.0,1.0,0.0,0.33005617977528096,0.2962056303549572,0.4150150860793941,0.10524511484401783,0.24195886928806185,0.0,0.28099952852428106,0.07955646463559049,0.38949034589157744,0.687636783339395,0.9714285714285751,0.7282782252919346
4g27tVPyGHi38dczFoJZZy,1.0,0.0,0.0,0.0,0.0,0.0,0.0,1.0,0.0,0.0,0.0,0.0,0.0,0.0,0.0,0.0,1.0,0.0,0.7401685393258428,0.368421052631579,0.6286458025202626,0.10524511484401783,0.0053631668538500835,0.0,0.1914191419141914,0.3433092905587254,0.573890161558549,0.15287147779616156,0.9142857142857181,0.05973504373572705
0CXVjQI9wsqaGeIARkkpYc,0.0,1.0,1.0,0.0,0.0,0.0,0.0,0.0,0.0,0.0,0.0,0.0,0.0,0.0,0.0,0.0,1.0,0.0,0.8426966292134832,0.35862913096695226,0.5169496539075903,0.016569534910295967,0.038539100650901895,1.5618448637316563e-06,0.29042904290429045,0.3562277963182259,0.26682205851905777,0.36789856641599794,0.5142857142857125,0.09467860128580456
1IIKrJVP1C9N7iPtG6eOsK,1.0,0.0,1.0,0.0,0.0,0.0,0.0,0.0,0.0,0.0,0.0,0.0,0.0,0.0,0.0,0.0,1.0,0.0,0.6867977528089888,0.5104039167686658,0.543631308051825,0.1349560050279968,0.3267601963254137,0.0,0.260961810466761,0.5855312735493595,0.22783829451876386,0.22050998505237973,0.9142857142857181,0.18249520819960363
63XXvHR6FfiRDk5lKNNCMI,1.0,0.0,0.0,0.0,0.0,0.0,0.0,0.0,0.0,0.0,0.0,0.0,0.0,1.0,0.0,0.0,1.0,0.0,0.622191011235955,0.7135862913096696,0.7227119446252144,0.12238601302708263,0.012271372519819726,0.0,0.03807166430928808,0.5069436968457316,0.5682132385843757,0.4402463098719466,0.6000000000000014,0.002930302247362485
7v96VvFLS0wSYT8kewNLRy,0.0,1.0,0.0,0.0,1.0,0.0,0.0,0.0,0.0,0.0,0.0,0.0,0.0,0.0,0.0,0.0,1.0,0.0,0.845505617977528,0.583843329253366,0.6137963675087261,0.05336532967660839,0.1509525671016354,0.05922431865828093,0.07602545968882601,0.4541931316611046,0.4407696571806396,0.23290746981568805,0.9142857142857181,0.14252775408908486
0YAQnYt2oB8OdoaeqnHyTI,0.0,1.0,0.0,0.0,0.0,0.0,0.0,0.0,0.0,1.0,0.0,0.0,0.0,0.0,0.0,0.0,1.0,0.0,0.6867977528089888,0.5299877600979191,0.7226527835295509,0.21608958976117015,0.2491980069619821,0.0,0.09240924092409239,0.21520077511034558,0.7940679494286345,0.3489480953872611,0.8571428571428612,0.19502563168631767
1G5ho820Xi2Qu3HsBZ26ft,0.0,1.0,0.0,1.0,0.0,0.0,0.0,0.0,0.0,0.0,0.0,0.0,0.0,0.0,0.0,0.0,1.0,0.0,0.8581460674157304,0.4859241126070992,0.7824054901496775,0.3600731344989145,0.06821956511397505,0.0,0.0541018387553041,0.490795564646356,0.6477903412164643,0.32472916636007576,0.8571428571428612,0.0570868953895361
3cjF2OFRmip8spwZYQRKxP,0.0,1.0,0.0,0.0,0.0,0.0,0.0,0.0,0.0,1.0,0.0,0.0,0.0,0.0,0.0,0.0,1.0,0.0,0.44382022471910115,0.6315789473684211,0.6531384961249481,0.16580962175751343,0.032230709249342786,6.918238993710692e-06,0.11008958038661007,0.1807514264183443,0.893507603737419,0.35441417311909107,0.8000000000000043,0.7282782252919346
2KjKMrjCqNtqOiMVGgENxS,1.0,0.0,0.0,0.0,0.0,0.0,0.0,0.0,0.0,0.0,1.0,0.0,0.0,0.0,0.0,0.0,1.0,0.0,0.46769662921348315,0.8004895960832312,0.6201857658403833,0.3543595017712262,0.12923515407987457,0.0,0.06966053748231965,0.6307460437076112,0.08283632429255522,0.5036528115611748,0.6571428571428584,0.0766504222284778
4okhECas0o1H2cEfSPQpJ0,1.0,0.0,0.0,0.0,0.0,0.0,0.0,0.0,0.0,0.0,0.0,0.0,1.0,0.0,0.0,0.0,1.0,0.0,0.7191011235955056,0.8837209302325582,0.5578891321067264,0.20009141812364303,0.05922235114781698,0.0007809224318658281,0.36350777934936357,0.7685434384756163,0.5344789586519645,0.2790138354836743,0.7428571428571473,0.0031961969635750016
1IzJxbARcQrOWMZgPw1PNj,1.0,0.0,0.0,0.0,0.0,0.0,0.0,0.0,1.0,0.0,0.0,0.0,0.0,0.0,0.0,0.0,1.0,0.0,0.818820224719101,0.5140758873929008,0.7488019878128142,0.26751228431036456,0.018372931416409676,0.0,0.07472890146157474,0.2550328345354721,0.5475292027596523,0.30597000805195296,1.0,0.14252775408908486
19a3JfW8BQwqHWUMbcqSx8,0.0,1.0,0.0,0.0,0.0,0.0,0.0,0.0,1.0,0.0,0.0,0.0,0.0,0.0,0.0,0.0,1.0,0.0,0.27949438202247195,0.7025703794369645,0.8522747441282612,0.10295966175294252,0.0734937939906884,0.0,0.0812116925978312,0.4003660243298525,0.7607143572721382,0.2606225862536554,0.8000000000000043,0.20018084707375253
60xbqHCRxrpd2Ybc6gqt1M,0.0,1.0,0.0,1.0,0.0,0.0,0.0,0.0,0.0,0.0,0.0,0.0,0.0,0.0,0.0,0.0,1.0,0.0,0.5154494382022472,0.565483476132191,0.6941962965154114,0.03405325105702205,0.022302749010823547,3.39622641509434e-05,0.07425742574257427,0.5134029497254818,0.11329134636576749,0.3066784958195017,0.8571428571428612,6.11352321437137e-06
1a73gcEg6h6Re6hHXoVltJ,0.0,1.0,0.0,0.0,0.0,0.0,0.0,0.0,0.0,0.0,0.0,0.0,0.0,1.0,0.0,0.0,1.0,0.0,0.9297752808988764,0.3635250917992656,0.6726616576939004,0.18295051994057823,0.018062682658955952,0.00046750524109014677,0.10537482319660535,0.22058348584347082,0.567431826833813,0.21037251319742423,1.0,0.265582221122059
7CIvyuVoWcY0LgUYa1aR5J,1.0,0.0,0.0,0.0,0.0,0.0,0.0,0.0,0.0,0.0,1.0,0.0,0.0,0.0,0.0,0.0,1.0,0.0,0.6910112359550562,0.6107711138310894,0.6698219251020527,0.0556507827676837,0.03926301441829392,0.0,0.17256011315417255,0.5532350091506083,0.2002684850630138,0.16242870447650742,1.0,0.0832090743774021
0aq7ohTG6VDYQvsnAYtA5e,0.0,1.0,0.0,1.0,0.0,0.0,0.0,0.0,0.0,0.0,0.0,0.0,0.0,0.0,0.0,0.0,1.0,0.0,0.5842696629213484,0.6878824969400245,0.7982606637874932,0.2103759570334819,0.011237209994973971,0.0,0.4448373408769449,0.35192162773172575,0.13758189796231862,0.4025450898854436,0.48571428571428754,0.12394584832728606
0nq6sfr8z1R5KJ4XUk396e,1.0,0.0,0.0,0.0,0.0,0.0,0.0,0.0,0.0,1.0,0.0,0.0,0.0,0.0,0.0,0.0,1.0,0.0,0.38623595505617986,0.7013463892288861,0.8216884576702359,0.15895326248428754,0.06418633126707661,0.0,0.10773220179160772,0.305630315426849,0.6830340147867147,0.4113181446450308,0.6857142857142833,0.7282782252919346
33JcUj9qQDayKswunZP9ar,0.0,1.0,0.0,0.0,0.0,0.0,0.0,0.0,0.0,0.0,1.0,0.0,0.0,0.0,0.0,0.0,1.0,0.0,0.973314606741573,0.5348837209302325,0.7446607111163698,0.0507370586218718,0.03698785686363326,0.0,0.38826025459688823,0.39928948218322746,0.447441711358521,0.2962782317659005,0.7714285714285722,0.08147606472057838
1LnATvtXXioQNPeKTT4x9T,0.0,1.0,0.0,1.0,0.0,0.0,0.0,0.0,0.0,0.0,0.0,0.0,0.0,0.0,0.0,0.0,1.0,0.0,0.43398876404494374,0.6425948592411261,0.7166183517718747,0.33379042395154845,0.3060769458284986,0.0,0.6935407826496935,0.9569383141349985,0.748893000020036,0.27744128696697856,0.5714285714285694,0.006101209080717352
7sO5G9EABYOXQKNPNiE9NR,0.0,1.0,0.0,0.0,0.0,0.0,0.0,0.0,0.0,0.0,0.0,1.0,0.0,0.0,0.0,0.0,1.0,0.0,0.8623595505617978,0.3268053855569155,0.5822043424244217,0.20466232430579362,0.15405505467617267,5.2935010482180296e-05,0.10066006600660066,0.3185488211863495,0.26696899064309515,0.2117642606814517,0.8285714285714292,0.057843265358502746
439TlnnznSiBbQbgXiBqAd,0.0,1.0,0.0,0.0,1.0,0.0,0.0,0.0,0.0,0.0,0.0,0.0,0.0,0.0,0.0,0.0,1.0,0.0,0.31039325842696625,0.6952264381884945,0.6688753475714369,0.2789395497657411,0.055602782310856844,4.266247379454927e-06,0.48491277699198493,0.19366993217784478,0.20713422249530816,0.5845507619922592,0.6857142857142833,0.23101191941951416
2IoZOYOZDrWCOLoZoYedxQ,0.0,1.0,0.0,0.0,1.0,0.0,0.0,0.0,0.0,0.0,0.0,0.0,0.0,0.0,0.0,0.0,1.0,0.0,0.8356741573033708,0.3916768665850673,0.639649766313672,0.36121586104445214,0.12923515407987457,1.4465408805031447e-05,0.07272512965582273,0.16245020992571862,0.5807692564566649,0.25998347562654917,0.8857142857142861,0.05678612223960057
21PYvZScoUng2OZNj21VTh,0.0,1.0,0.0,1.0,0.0,0.0,0.0,0.0,0.0,0.0,0.0,0.0,0.0,0.0,0.0,0.0,1.0,0.0,0.75,0.6254589963280295,0.7798615630361473,0.15781053593874989,0.14371342942771514,0.0,0.32343234323432346,0.3088599418667241,0.5740437724154974,0.24004700826849373,0.8285714285714292,0.06982085913916508
7LR85XLWw2yXqKBSI5brbG,0.0,1.0,0.0,1.0,0.0,0.0,0.0,0.0,0.0,0.0,0.0,0.0,0.0,0.0,0.0,0.0,1.0,0.0,0.5140449438202248,0.93390452876377,0.9654499201325207,0.30065135413095645,0.29056450795581235,0.0,0.2762847713342763,0.43481537302185386,0.17905682933833783,0.4108976771271977,0.6000000000000014,0.5119009047700843
3wScL5W8H40zzCKN0atfBk,0.0,1.0,0.0,1.0,0.0,0.0,0.0,0.0,0.0,0.0,0.0,0.0,0.0,0.0,0.0,0.0,1.0,0.0,0.669943820224719,0.8678090575275397,0.942613737206413,0.21151868357901954,0.061497508702477645,0.0,0.3187175860443187,0.9117235439767468,0.26077112650188,0.25672064768816444,0.8571428571428612,0.12394584832728606
18vXApRmJSgQ6wG2ll9AOg,0.0,1.0,0.0,0.0,0.0,0.0,0.0,0.0,1.0,0.0,0.0,0.0,0.0,0.0,0.0,0.0,1.0,0.0,0.7345505617977528,0.45899632802937584,0.6660947760752528,0.24580047994514914,0.42397147366091464,0.0,0.11834040546911834,0.4305092044353537,0.14028678479118944,0.1973127920935288,0.9428571428571431,0.09281698992341585
1kEp3Po9RUPm11N5ITOUWx,0.0,1.0,0.0,0.0,0.0,0.0,0.0,0.0,0.0,0.0,0.0,1.0,0.0,0.0,0.0,0.0,1.0,0.0,0.37640449438202256,0.7980416156670745,0.7228894279122048,0.43320763341332424,0.07183913395093519,0.0,0.6805752003771806,0.5500053827107332,0.5982742154158511,0.27973914195193633,0.5428571428571445,0.12394584832728606
51Nwg5wCDDiqcTntgJUlLo,0.0,1.0,0.0,1.0,0.0,0.0,0.0,0.0,0.0,0.0,0.0,0.0,0.0,0.0,0.0,0.0,1.0,0.0,0.5898876404494384,0.565483476132191,0.8694314618706738,0.11781510684493202,0.0029328849204625605,0.001519916142557652,0.2244224422442244,0.14953170416621808,0.5352136192721515,0.3104879315310694,0.8000000000000043,0.13666316970816478
5QO79kh1waicV47BqGRL3g,0.0,1.0,1.0,0.0,0.0,0.0,0.0,0.0,0.0,0.0,0.0,0.0,0.0,0.0,0.0,0.0,1.0,0.0,0.5814606741573034,0.8139534883720929,0.7474412826125538,0.004570906182150614,0.021889084000885243,1.29979035639413e-05,0.6063177746346063,0.6533534287867371,0.387480047285429,0.301801072612638,0.9142857142857181,0.6728145922379295
5qDsijQM75KTdv3RtSPx91,1.0,0.0,0.0,0.0,0.0,0.0,0.0,0.0,0.0,0.0,0.0,1.0,0.0,0.0,0.0,0.0,1.0,0.0,0.5969101123595506,0.5397796817625459,0.6693486363367448,0.20809050394240658,0.12716682903018306,0.0,0.04137199434229138,0.6974916567983638,0.6141295273460718,0.24683125166873043,0.8857142857142861,0.06760439345994446
1p0rEzrK7YtdRZVtiyV7RN,1.0,0.0,0.0,1.0,0.0,0.0,0.0,0.0,0.0,0.0,0.0,0.0,0.0,0.0,0.0,0.0,1.0,0.0,0.75,0.6083231334149327,0.7086907649529668,0.05953605302251173,0.2585054696855939,0.0,0.09712399811409711,0.4574227581009797,0.5343520627266594,0.25933805798667536,0.9142857142857181,0.05678612223960057
4O7FYAjDATiyylfIIAuRNE,1.0,0.0,0.0,0.0,1.0,0.0,0.0,0.0,0.0,0.0,0.0,0.0,0.0,0.0,0.0,0.0,1.0,0.0,0.44943820224719094,0.38310893512851896,0.5271845234573742,0.17495143412181466,0.3453751217726373,0.0,0.10537482319660535,0.1172354397674669,0.20751491027122332,0.28093537204017144,0.9428571428571431,0.06897090523791691
5ybZcAwqUF7i9gwABLeXzs,0.0,1.0,0.0,0.0,0.0,0.0,0.0,0.0,0.0,0.0,0.0,0.0,0.0,1.0,0.0,0.0,1.0,0.0,0.5477528089887642,0.24847001223990203,0.4264331775424479,0.06342132327733974,0.6018474279343845,0.0,0.2633191890617633,0.41974378296910325,0.24669235752593016,0.33641606101824617,1.0,0.06760439345994446
0Pcs5RnxJrSGGDPabvXE5G,1.0,0.0,0.0,0.0,0.0,0.0,0.0,0.0,0.0,0.0,0.0,0.0,1.0,0.0,0.0,0.0,1.0,0.0,0.7092696629213484,0.8959608323133414,0.8500266224930484,0.05050851331276426,0.026335982857721988,0.0,0.25153229608675154,0.7427064269566154,0.4002764995425067,0.18485433954013464,0.8285714285714292,1.3846868818875328e-06
2zvDnNLW4yZ4a0YcGiOEBX,0.0,1.0,0.0,1.0,0.0,0.0,0.0,0.0,0.0,0.0,0.0,0.0,0.0,0.0,0.0,0.0,1.0,0.0,0.48455056179775285,0.6450428396572827,0.735549902384192,0.35893040795337683,0.027266729130083166,0.0,0.2621404997642622,0.3831413499838519,0.7909489811592942,0.12662589533302077,0.9142857142857181,0.05999089729486525
5mt882Eqx22RwFOTE01jS8,0.0,1.0,0.0,0.0,0.0,0.0,0.0,0.0,0.0,0.0,0.0,1.0,0.0,0.0,0.0,0.0,1.0,0.0,0.7851123595505618,0.0893512851897185,0.23185233390522375,0.5349102959661753,0.24299303181290757,1e-05,0.04832626119754831,0.15383787275271826,0.11656392549205558,0.08285732906418647,0.9428571428571431,0.0026312447157648884
2EGtBS7Ws3ajiSkJLviFJ4,1.0,0.0,0.0,0.0,0.0,0.0,0.0,0.0,0.0,0.0,0.0,1.0,0.0,0.0,0.0,0.0,1.0,0.0,0.9719101123595506,0.5336597307221542,0.6524877240726497,0.0961033024797166,0.04722606585960623,0.0,0.12894860914662895,0.626439875121111,0.4534659284440555,0.22785345025133447,0.8857142857142861,0.22819780023939232
2VOomzT6VavJOGBeySqaMc,1.0,0.0,0.0,0.0,0.0,0.0,0.0,0.0,0.0,0.0,0.0,0.0,0.0,1.0,0.0,0.0,1.0,0.0,0.6193820224719102,0.7980416156670745,0.8049458675974679,0.03451034167523712,0.08921306436834386,0.0,0.1643092880716643,0.7373237162234901,0.43336294238257117,0.350154837163442,0.5714285714285694,0.5119009047700843
2ZBnK2CGFK6jcagWrpyPzA,1.0,0.0,0.0,0.0,0.0,0.0,0.0,0.0,0.0,0.0,0.0,0.0,0.0,1.0,0.0,0.0,1.0,0.0,0.8328651685393258,0.616891064871481,0.9000769094243624,0.08581876356987772,0.0035637240606184706,0.0,0.07708628005657708,0.21412423296372052,0.5735629036459202,0.2911422210355694,0.7428571428571473,0.11879591913442544
5VE6OSfJkMHyMpHaJzuUqn,0.0,1.0,0.0,0.0,0.0,0.0,0.0,0.0,0.0,0.0,0.0,1.0,0.0,0.0,0.0,0.0,1.0,0.0,0.6671348314606742,0.6585067319461444,0.8007454298053598,0.19666323848703007,0.012581621277273452,1.3941299790356394e-05,0.4212635549269213,0.4628054688341049,0.5609801708419877,0.08674455126655328,1.0,0.0832090743774021
6rUcS9i07F6okIe8wujs5J,0.0,1.0,0.0,0.0,0.0,0.0,0.0,0.0,0.0,1.0,0.0,0.0,0.0,0.0,0.0,0.0,1.0,0.0,0.6671348314606742,0.6083231334149327,0.6130864343607643,0.06673523025939893,0.6649313419499756,3.59538784067086e-06,0.32814710042432815,0.7631607277424912,0.5478097095419057,0.36568270259701763,0.6000000000000014,0.04546648115462054
1GeFOFZjBs91Dl9vXQSNOR,0.0,1.0,0.0,1.0,0.0,0.0,0.0,0.0,0.0,0.0,0.0,0.0,0.0,0.0,0.0,0.0,1.0,0.0,0.6657303370786516,0.48225214198286426,0.46098325740992707,0.43435035995886184,0.0059733227435090795,1.289308176100629e-06,0.31518151815181517,0.7200990418774895,0.7609748278556592,0.08369405942467428,0.8857142857142861,0.10666688066900824
5hVghJ4KaYES3BFUATCYn0,0.0,1.0,0.0,0.0,0.0,0.0,0.0,0.0,0.0,0.0,0.0,1.0,0.0,0.0,0.0,0.0,1.0,0.0,0.40449438202247195,0.412484700122399,0.5475359403656155,0.047537424294366366,0.23782221918867882,6.268343815513627e-06,0.9033474776049033,0.4046721929163527,0.1309098437844372,0.24806532383357055,0.8857142857142861,0.11963622377111303
6cmm1LMvZdB5zsCwX5BjqE,0.0,1.0,0.0,0.0,1.0,0.0,0.0,0.0,0.0,0.0,0.0,0.0,0.0,0.0,0.0,0.0,1.0,0.0,0.6474719101123596,0.6352509179926561,0.8059516062237471,0.001942635127414008,0.010409879975097366,0.0,0.06305987741631305,0.7437829691032405,0.4807218374529984,0.29524177933444196,0.6000000000000014,0.12394584832728606
6BOtDFg6GJm0rPUDuNmx57,0.0,1.0,0.0,0.0,0.0,0.0,0.0,1.0,0.0,0.0,0.0,0.0,0.0,0.0,0.0,0.0,1.0,0.0,0.5351123595505618,0.6266829865361078,0.7175649293024906,0.17038052793966404,0.17784079274762501,0.0,0.22913719943422914,0.5273979976316073,0.8010271891216798,0.31940394524671983,0.8000000000000043,0.03969069961731434
4Xf7EL8G6FRYwvJADl0nf4,0.0,1.0,1.0,0.0,0.0,0.0,0.0,0.0,0.0,0.0,0.0,0.0,0.0,0.0,0.0,0.0,1.0,0.0,0.7471910112359552,0.5703794369645043,0.5936815949831389,0.03805279396640384,0.08042268290715494,0.0,0.021923620933521924,0.864355689525245,0.35393945060743065,0.29123262155190355,0.6285714285714263,0.002247425187806214
6KBYefIoo7KydImq1uUQlL,1.0,0.0,0.0,0.0,0.0,0.0,0.0,0.0,0.0,0.0,0.0,0.0,0.0,1.0,0.0,0.0,1.0,0.0,0.9269662921348316,0.6634026927784578,0.6971543512985859,0.08696149011541537,0.06811614886149046,0.0,0.23856671381423858,0.4821832274733556,0.4340374944065612,0.31880057435862935,0.8571428571428612,0.2002427573822012
67mqtupEG49a5TmGgyO6Xc,0.0,1.0,1.0,0.0,0.0,0.0,0.0,0.0,0.0,0.0,0.0,0.0,0.0,0.0,0.0,0.0,1.0,0.0,0.7471910112359552,0.46878824969400246,0.5921434064958881,0.013027082619129243,0.21403648111722645,0.0,0.11480433757661479,0.31208956830659923,0.2602234704031951,0.1902089933797389,0.9142857142857181,0.04642053912496358
2a8CtZyPdd8w2csZh7oxpc,0.0,1.0,0.0,1.0,0.0,0.0,0.0,0.0,0.0,0.0,0.0,0.0,0.0,0.0,0.0,0.0,1.0,0.0,0.45646067415730335,0.930232558139535,0.9663373365674731,0.32693406467832253,0.333999333999334,0.0,0.32225365393682226,0.4208203251157283,0.17881639495354945,0.41193412955865627,0.6285714285714263,0.5119009047700843
4KDNRh9Oor80z3XIxdWlui,1.0,0.0,0.0,0.0,0.0,0.0,0.0,0.0,0.0,0.0,0.0,0.0,0.0,1.0,0.0,0.0,1.0,0.0,0.904494382022472,0.5189718482252141,0.6240903981541737,0.26294137812821394,0.0553959498058877,0.0,0.11598302687411596,0.6049090321886103,0.4606789599877111,0.19550688410443573,0.9428571428571431,0.7282782252919346
1vrFJDrysqmsNAgyjBzx4f,0.0,1.0,0.0,1.0,0.0,0.0,0.0,0.0,0.0,0.0,0.0,0.0,0.0,0.0,0.0,0.0,1.0,0.0,0.8398876404494382,0.38555691554467564,0.4764243033780985,0.4674894297794538,0.03864251690338647,0.0,0.4071192833569071,0.6565830552266122,0.6485717529670272,0.13771993079104655,0.9714285714285751,0.004235043056446699
7a86XRg84qjasly9f6bPSD,0.0,1.0,0.0,0.0,0.0,0.0,0.0,0.0,0.0,0.0,0.0,0.0,1.0,0.0,0.0,0.0,1.0,0.0,0.15730337078651685,0.583843329253366,0.7421759450985032,0.0549651468403611,0.020648088971070337,8.029350104821804e-05,0.06636020744931637,0.7513187641296157,0.8285101750495896,0.3753828882334267,0.6857142857142833,0.028487502861250784
22DKsoYFV5npPXmnPpXL7i,1.0,0.0,0.0,0.0,0.0,0.0,0.0,0.0,0.0,0.0,1.0,0.0,0.0,0.0,0.0,0.0,1.0,0.0,0.8890449438202248,0.41982864137086906,0.6722475300242559,0.5406239286938637,0.8541830839967486,0.0,0.027581329561527576,0.5381634190978578,0.46654956621629734,0.2853734066908996,0.7714285714285722,0.06982085913916508
1U4mweNwisxNj23ffuC9gO,0.0,1.0,0.0,0.0,1.0,0.0,0.0,0.0,0.0,0.0,0.0,0.0,0.0,0.0,0.0,0.0,0.0,1.0,0.22471910112359555,0.8580171358629132,0.718334023546116,0.651468403611016,0.08404225174411509,0.0,0.3670438472418671,0.31747227903972447,0.2689258593859572,0.49078650551548264,0.6285714285714263,0.7282782252919346
5ZJGv7aGdIr9IGpxzSG18T,1.0,0.0,0.0,0.0,0.0,0.0,0.0,0.0,0.0,0.0,0.0,0.0,0.0,1.0,0.0,0.0,1.0,0.0,0.6601123595505618,0.7441860465116279,0.7439507779684078,0.2640841046737516,0.02788722664499062,0.0,0.23738802451673738,0.3777586392507267,0.5203601172785499,0.22873012502601642,1.0,0.265582221122059
7bFElqzAlHXnnINRBXRQbK,0.0,1.0,0.0,1.0,0.0,0.0,0.0,0.0,0.0,0.0,0.0,0.0,0.0,0.0,0.0,1.0,0.0,0.0,0.35112359550561806,0.5691554467564259,0.3975034017630006,0.7748828705290824,0.49636285040011746,0.0,0.7619047619047619,0.7416298848099904,1.0,0.348248016970069,0.7428571428571473,0.0144464295300101
25P4RDITORNQqaLl4y12E0,0.0,1.0,0.0,0.0,1.0,0.0,0.0,0.0,0.0,0.0,0.0,0.0,0.0,0.0,0.0,0.0,1.0,0.0,0.41011235955056186,0.8629130966952265,0.8148257705732709,0.3189349788595589,0.0924189681953657,0.0,0.11362564827911362,0.6834966088922383,0.585591301618257,0.3101767855678729,0.8285714285714292,9.012656943807594e-05
156LzfvMNKuXuiot4uzhGD,0.0,1.0,0.0,0.0,1.0,0.0,0.0,0.0,0.0,0.0,0.0,0.0,0.0,0.0,0.0,0.0,1.0,0.0,0.9101123595505618,0.5030599755201958,0.550257350766136,0.15895326248428754,0.07328696148571925,0.0024842767295597487,0.03689297501178689,0.17859834212509423,0.42696471625403215,0.4066089084453003,0.8571428571428612,0.7282782252919346
6sZv0ECT8cEW3oZtoCuVg4,0.0,1.0,0.0,0.0,0.0,0.0,0.0,0.0,0.0,1.0,0.0,0.0,0.0,0.0,0.0,0.0,1.0,0.0,0.768258426966292,0.49204406364749076,0.6530201739336211,0.2766540966746658,0.030265800452135855,0.0,0.11362564827911362,0.7793088599418668,0.15344388862544994,0.28610291783434,0.6571428571428584,0.19502563168631767
0XGLsSU6wtfnKXiMNvQr61,1.0,0.0,0.0,0.0,0.0,0.0,0.0,0.0,1.0,0.0,0.0,0.0,0.0,0.0,0.0,0.0,1.0,0.0,0.8132022471910112,0.6658506731946144,0.8193811749393598,0.2469432064906868,0.022509581515792697,0.0,0.3658651579443659,0.31962536333297453,0.48097562930360854,0.3657541820750493,0.7714285714285722,0.7282782252919346
6fTt0CH2t0mdeB2N9XFG5r,1.0,0.0,0.0,0.0,0.0,0.0,0.0,1.0,0.0,0.0,0.0,0.0,0.0,0.0,0.0,0.0,1.0,0.0,0.6137640449438202,0.5299877600979191,0.7084541205703129,0.05519369214946864,0.35364842197140334,0.0,0.11126826968411127,0.47141780600710514,0.6265586492930562,0.09002419790565128,0.8857142857142861,0.10842093059945865
2FTeQQ5Rg9tBpgpTF5mnhE,0.0,1.0,0.0,0.0,0.0,0.0,0.0,1.0,0.0,0.0,0.0,0.0,0.0,0.0,0.0,0.0,1.0,0.0,0.9550561797752808,0.5936352509179926,0.6813583387564337,0.20923323048794423,0.22644643141537552,0.0,0.04207920792079207,0.9946172892668748,0.4537798288908627,0.3677324817464539,0.8000000000000043,0.06897090523791691
0D21XvHcVsIvJM6FcGY2BT,0.0,1.0,0.0,0.0,0.0,0.0,0.0,0.0,0.0,1.0,0.0,0.0,0.0,0.0,0.0,0.0,1.0,0.0,0.5252808988764046,0.8053855569155446,0.829024433532509,0.48920123414466926,0.5511734642169426,0.0,0.15016501650165015,0.6307460437076112,0.707798756419932,0.34153315071027474,0.8000000000000043,0.012495858567002001
6cmXX1EiigAAyvahpqfa4c,0.0,1.0,0.0,1.0,0.0,0.0,0.0,0.0,0.0,0.0,0.0,0.0,0.0,0.0,0.0,0.0,1.0,0.0,0.34550561797752816,0.766217870257038,0.7541264864225284,0.3372186035881614,0.04691581710215251,0.0,0.2256011315417256,0.1893637635913446,0.12121900233087773,0.3271657756259184,1.0,0.7282782252919346
2AaJeBEq3WLcfFW1y8svDf,0.0,1.0,0.0,0.0,0.0,0.0,0.0,0.0,0.0,0.0,1.0,0.0,0.0,0.0,0.0,0.0,1.0,0.0,0.5379213483146068,0.4247246022031824,0.4667218836892858,0.07884813164209806,0.03564344558133378,3.763102725366876e-05,0.053041018387553034,0.3960598557433524,0.6541217800158954,0.2564410367888055,0.9428571428571431,0.05512821660585481
67ncYmW29pNJJY2yXuLPwT,1.0,0.0,0.0,0.0,0.0,0.0,0.0,0.0,0.0,0.0,0.0,0.0,1.0,0.0,0.0,0.0,1.0,0.0,0.669943820224719,0.5997552019583844,0.7011773058037034,0.00845617643697863,0.023853992798092177,0.0040670859538784075,0.0665959453088166,0.544622671977608,0.21934294625623624,0.3378771856427161,0.37142857142857366,0.068704575085578
5fwSHlTEWpluwOM0Sxnh5k,0.0,1.0,0.0,0.0,0.0,0.0,0.0,0.0,0.0,1.0,0.0,0.0,0.0,0.0,0.0,0.0,1.0,0.0,0.696629213483146,0.7405140758873929,0.8380760811690231,0.00845617643697863,0.0079899396669583,7.316561844863732e-05,0.11716171617161716,0.4358919151684789,0.4672909055693954,0.4521034938748394,0.9428571428571431,0.13652683465699528
4xolssBs118ExHCWXio9YX,1.0,0.0,0.0,0.0,0.0,0.0,0.0,0.0,0.0,0.0,0.0,0.0,0.0,1.0,0.0,0.0,1.0,0.0,0.6348314606741572,0.6401468788249695,0.7667869608945157,0.25265683921837506,0.01878659642634798,0.0,0.24092409240924093,0.8815803638712456,0.5747049669736657,0.18370225854127203,0.9428571428571431,0.08055324493794182
1cMMVJ4FDqhCci9efd1BU6,1.0,0.0,0.0,0.0,0.0,0.0,0.0,0.0,0.0,0.0,0.0,0.0,0.0,1.0,0.0,0.0,1.0,0.0,0.8230337078651686,0.7172582619339045,0.8551736378157723,0.1623814421209005,0.032127292996858216,0.0,0.05928807166430928,0.9267951340294973,0.5875348128952973,0.25986784705914506,0.9428571428571431,0.11879591913442544
6fMzgFFGzWCwiHMzDzNpp5,1.0,0.0,0.0,0.0,0.0,0.0,0.0,0.0,0.0,0.0,0.0,0.0,1.0,0.0,0.0,0.0,1.0,0.0,0.8047752808988764,0.6389228886168912,0.5258829793527775,0.15781053593874989,0.006862702514876428,0.0,0.25035360678925034,0.5220152868984821,0.4005169339272953,0.1847597343486222,0.9142857142857181,0.0002915419040562826
5Ryu0SlsYjKh78RkJUONFr,0.0,1.0,0.0,0.0,0.0,0.0,0.0,0.0,0.0,0.0,0.0,1.0,0.0,0.0,0.0,0.0,1.0,0.0,0.7907303370786516,0.6193390452876377,0.7545997751878364,0.15895326248428754,0.000505705474649574,0.0005461215932914046,0.02286657237152287,0.5467757562708581,0.6681938702589345,0.20768362342088165,0.9142857142857181,0.13666316970816478
0rRboI6IRuGx56Dq3UdYY4,0.0,1.0,0.0,0.0,0.0,0.0,0.0,0.0,0.0,1.0,0.0,0.0,0.0,0.0,0.0,0.0,1.0,0.0,0.752808988764045,0.22031823745410037,0.5656392356386439,0.5269112101474118,0.17473830517308778,0.0,0.058580858085808575,0.8740445688448704,0.7077853989541103,0.2642386069070199,0.37142857142857366,0.0038327436192844696
3O0GMpJ1FvMPHFfwNbG6gL,0.0,1.0,0.0,0.0,0.0,0.0,0.0,0.0,0.0,1.0,0.0,0.0,0.0,0.0,0.0,0.0,1.0,0.0,0.8665730337078652,0.6401468788249695,0.8045317399278233,0.341789509770312,0.6690679920493586,0.0,0.16195190947666196,0.6544299709333621,0.46733097796686013,0.2609715742934569,0.8571428571428612,8.621635302318598e-07
503OTo2dSqe7qk76rgsbep,0.0,1.0,0.0,0.0,0.0,0.0,0.0,0.0,0.0,0.0,0.0,0.0,0.0,1.0,0.0,0.0,1.0,0.0,0.7724719101123594,0.7515299877600979,0.8754658936283499,0.23665866758084791,0.16543084244947598,0.0003249475890985325,0.030292314945780295,0.5273979976316073,0.22304964302172586,0.417345546513168,0.3142857142857167,0.09594473632792395
1jZi8HvWkfWIQcmlxmqber,0.0,1.0,0.0,0.0,1.0,0.0,0.0,0.0,0.0,0.0,0.0,0.0,0.0,0.0,0.0,0.0,1.0,0.0,0.6123595505617978,0.6315789473684211,0.6955570017156716,0.13609873157353444,0.00605605574549674,0.0,0.7383309759547383,0.22919582301647112,0.4331692591281581,0.4948797568015877,0.7142857142857153,0.7282782252919346
6SN1H9p6A0UbsNpfkxEEX6,0.0,1.0,0.0,1.0,0.0,0.0,0.0,0.0,0.0,0.0,0.0,0.0,0.0,0.0,0.0,0.0,1.0,0.0,0.5126404494382022,0.6842105263157895,0.7607525291368396,0.03976688378471032,0.08052609915963953,0.007725366876310273,0.1254125412541254,0.09247497039509096,0.8072250532628948,0.22092624789503446,0.9428571428571431,0.08771760615610538
0k1WUmIRnG3xU6fvvDVfRG,1.0,0.0,0.0,0.0,0.0,0.0,0.0,0.0,0.0,0.0,0.0,0.0,0.0,1.0,0.0,0.0,1.0,0.0,0.7542134831460674,0.5336597307221542,0.7150210021889605,0.13038509884584618,0.0006049850770347664,4.716981132075472e-06,0.34700612918434703,0.3163957368930994,0.5074100541645239,0.3900529999306228,0.9428571428571431,0.7282782252919346
1MIGkQxcdAt2lDx6ySpsc5,0.0,1.0,0.0,1.0,0.0,0.0,0.0,0.0,0.0,0.0,0.0,0.0,0.0,0.0,0.0,0.0,1.0,0.0,0.7514044943820226,0.6450428396572827,0.800272141040052,0.4217803679579477,0.1488842420519439,0.0,0.09240924092409239,0.49833135967273123,0.687201544123049,0.17996640464532515,0.9428571428571431,0.029406072787293874
3GzjG6Qah8cplpj5YAURLK,0.0,1.0,0.0,0.0,0.0,0.0,0.0,0.0,0.0,0.0,0.0,0.0,0.0,1.0,0.0,0.0,1.0,0.0,0.6811797752808988,0.7894736842105263,0.7111755309708334,0.03805279396640384,0.024371074060515054,0.0,0.12423385195662423,0.6974916567983638,0.5475292027596523,0.3564324172046899,0.5714285714285694,0.09643701428624128
2Y3USTCETS4xbjJOzT1Icm,1.0,0.0,0.0,0.0,0.0,0.0,1.0,0.0,0.0,0.0,0.0,0.0,0.0,0.0,0.0,0.0,1.0,0.0,0.9199438202247192,0.6817625458996328,0.8623321303910547,0.31093589304079533,0.224378106365684,0.0,0.18906176331918906,0.6888793196253634,0.5411510128298458,0.21929693626343127,0.9142857142857181,0.14356000767900318
51rXHuKN8Loc4sUlKPODgH,0.0,1.0,0.0,1.0,0.0,0.0,0.0,0.0,0.0,0.0,0.0,0.0,0.0,0.0,0.0,0.0,1.0,0.0,0.532303370786517,0.6658506731946144,0.7757794474353663,0.31093589304079533,0.0008056126068548429,0.0,0.11716171617161716,0.36484013349122624,0.5149236286891652,0.3313241993772876,0.8571428571428612,0.23101191941951416
5yY9lUy8nbvjM1Uyo1Uqoc,1.0,0.0,0.0,0.0,1.0,0.0,0.0,0.0,0.0,0.0,0.0,0.0,0.0,0.0,0.0,0.0,1.0,0.0,0.5758426966292136,0.5483476132190942,0.7270898657043128,0.5189121243286482,0.07297671272826552,0.0,0.14545025931164543,0.5069436968457316,0.5476761348836898,0.3482795520339065,0.9142857142857181,0.7282782252919346
2kNtAwWATYkqV3CdT20RV0,0.0,1.0,0.0,0.0,0.0,0.0,1.0,0.0,0.0,0.0,0.0,0.0,0.0,0.0,0.0,0.0,1.0,0.0,0.44101123595505615,0.8029375764993879,0.7757202863397028,0.21380413667009485,0.0016505233896538243,0.0,0.10537482319660535,0.21627731725697064,0.1935096073572921,0.5373469761027286,0.5714285714285694,0.04079070706849734
50a8bKqlwDEqeiEknrzkTO,0.0,1.0,0.0,0.0,0.0,0.0,0.0,0.0,0.0,0.0,1.0,0.0,0.0,0.0,0.0,0.0,1.0,0.0,0.8792134831460674,0.5777233782129743,0.6300656688161863,0.07233459033253345,0.048260228384451986,0.00019811320754716983,0.13012729844413012,0.4541931316611046,0.520674017725357,0.2585349650276142,0.8571428571428612,0.1412003357665388
5PTG6rrL6EPFD9E2QMI2pl,0.0,1.0,0.0,0.0,0.0,0.0,0.0,0.0,1.0,0.0,0.0,0.0,0.0,0.0,0.0,0.0,1.0,0.0,0.6558988764044944,0.6328029375764994,0.6123173401171389,0.4697748828705291,0.12509850398049155,0.0,0.37175860443187175,0.86543223167187,0.7744057597392624,0.14701226293515757,0.8571428571428612,0.02164256016795433
2BJSMvOGABRxokHKB0OI8i,1.0,0.0,0.0,1.0,0.0,0.0,0.0,0.0,0.0,0.0,0.0,0.0,0.0,0.0,0.0,0.0,1.0,0.0,0.5716292134831462,0.5973072215422277,0.5731526947879073,0.1932350588504171,0.19438739314515713,0.0,0.11008958038661007,0.46603509527398,0.6213959887530136,0.17181984648730925,0.8571428571428612,0.14356000767900318
1ITpqT1kDATCtMBwOK7sYn,0.0,1.0,0.0,0.0,0.0,0.0,0.0,0.0,0.0,0.0,0.0,1.0,0.0,0.0,0.0,0.0,1.0,0.0,0.8848314606741574,0.26438188494492043,0.7465538661776014,0.0761055879328077,0.012685037529758027,1.49895178197065e-06,0.10183875530410183,0.2345785337495963,0.35966312471197953,0.135602876838757,0.9428571428571431,0.017353435944611268
3uhj2cu8D8fPVItsLbCIsj,1.0,0.0,0.0,0.0,0.0,0.0,1.0,0.0,0.0,0.0,0.0,0.0,0.0,0.0,0.0,0.0,1.0,0.0,0.526685393258427,0.7270501835985312,0.8578358871206293,0.09838875557079191,0.01671827137665647,0.0,0.06636020744931637,0.6092152007751104,0.6331104862785433,0.18701344024420752,0.9428571428571431,0.08055324493794182
6dbSBQXCctYSVryynHXaZ4,0.0,1.0,0.0,0.0,0.0,0.0,0.0,0.0,0.0,0.0,1.0,0.0,0.0,0.0,0.0,0.0,1.0,0.0,0.6867977528089888,0.5361077111383109,0.7737679701828077,0.22523140212547138,0.15198672962648116,0.0,0.09476661951909476,0.7728496070621166,0.48814190971688837,0.3039139218897492,0.8571428571428612,0.18249520819960363
4OkFBMU18NidtaefaTjUq1,0.0,1.0,0.0,0.0,1.0,0.0,0.0,0.0,0.0,0.0,0.0,0.0,0.0,0.0,0.0,0.0,1.0,0.0,0.7162921348314608,0.4847001223990208,0.6318405016860911,0.5920466232430581,0.051259299706504675,0.0,0.09830268741159828,0.26579825600172247,0.6474630833038357,0.266261055667797,0.9714285714285751,0.14252775408908486
7r6PigmGzlB3YPB7wvBBbi,1.0,0.0,0.0,0.0,0.0,0.0,0.0,0.0,0.0,0.0,1.0,0.0,0.0,0.0,0.0,0.0,1.0,0.0,0.5449438202247192,0.7209302325581395,0.6278175471809737,0.08924694320649068,0.25230049453651937,0.018658280922431866,0.16313059877416314,0.5596942620303585,0.21865503676642467,0.4213820346843655,0.6571428571428584,0.20018084707375253
2krzD9gBw8tI3fmFyCv4sR,0.0,1.0,0.0,0.0,0.0,0.0,0.0,0.0,0.0,0.0,0.0,0.0,0.0,1.0,0.0,0.0,1.0,0.0,0.6348314606741572,0.8580171358629132,0.7812814293320711,0.02011198720146269,0.013926032559572933,0.0,0.24917491749174916,0.2884056410808483,0.5271924610462901,0.4224184871158241,0.6857142857142833,0.13666316970816478
4rXLjWdF2ZZpXCVTfWcshS,1.0,0.0,0.0,1.0,0.0,0.0,0.0,0.0,0.0,0.0,0.0,0.0,0.0,0.0,0.0,0.0,1.0,0.0,0.8160112359550562,0.5642594859241126,0.6728983020765543,0.07244886298708719,0.12303017893080004,0.0,0.3022159358793022,0.1968995586177199,0.4672909055693954,0.11135661742291253,1.0,0.05678612223960057
1UGD3lW3tDmgZfAVDh6w7r,1.0,0.0,0.0,0.0,0.0,0.0,0.0,0.0,0.0,0.0,1.0,0.0,0.0,0.0,0.0,0.0,1.0,0.0,0.23735955056179775,0.7331701346389229,0.7800982074188013,0.05165123985830191,0.018062682658955952,0.0,0.15252239509665252,0.1818279685649693,0.13389523739556125,0.5883917327676643,0.6285714285714263,0.20018084707375253
5uDASfU19gDxSjW8cnCaBp,0.0,1.0,0.0,0.0,0.0,0.0,0.0,0.0,1.0,0.0,0.0,0.0,0.0,0.0,0.0,0.0,1.0,0.0,0.8707865168539326,0.32558139534883723,0.4787907472046381,0.1349560050279968,0.032230709249342786,0.0010377358490566038,0.07307873644507307,0.20766498008397033,0.3205791797180239,0.22098090867235276,0.8000000000000043,0.0022438023592347344
5VSp0XbyCq5IzNcfPL5X0t,0.0,1.0,0.0,0.0,0.0,0.0,0.0,0.0,0.0,1.0,0.0,0.0,0.0,0.0,0.0,0.0,1.0,0.0,0.31179775280898875,0.8078335373317014,0.8514464887889722,0.024340075419952006,0.0026846859144995794,0.0005387840670859539,0.3045733144743046,0.3411562062654753,0.6675927842969631,0.37260780261572846,0.6000000000000014,0.265582221122059
2dJ4rGtsOHOgvTQawsCRtg,0.0,1.0,0.0,1.0,0.0,0.0,0.0,0.0,0.0,0.0,0.0,0.0,0.0,0.0,0.0,0.0,1.0,0.0,0.5098314606741574,0.5104039167686658,0.7937644205170679,0.018169352074048677,0.2067973434433062,0.0,0.14427157001414426,0.18721067929809454,0.13294685732222883,0.49389796514744744,0.7714285714285722,0.6728145922379295
6btyEL6NwUa97Nex9cZFvo,1.0,0.0,0.0,1.0,0.0,0.0,0.0,0.0,0.0,0.0,0.0,0.0,0.0,0.0,0.0,0.0,1.0,0.0,0.5379213483146068,0.9424724602203183,0.885700763178134,0.1760941606673523,0.009582549955220763,0.0,0.8514851485148515,0.7610076434492411,0.6252028665121654,0.2964190883843746,0.48571428571428754,0.06862263471531586
67nepsnrcZkowTxMWigSbb,1.0,0.0,0.0,0.0,0.0,0.0,0.0,0.0,0.0,1.0,0.0,0.0,0.0,0.0,0.0,0.0,1.0,0.0,0.40870786516853946,0.7503059975520197,0.7599834348932141,0.3703576734087533,0.012374788772304302,0.0,0.4330504479019331,0.3874475185703521,0.34690006611945573,0.3659370854453067,1.0,0.7282782252919346
6JjEVlMkfHWMeYavkEYzNO,1.0,0.0,0.0,0.0,0.0,0.0,0.0,1.0,0.0,0.0,0.0,0.0,0.0,0.0,0.0,1.0,0.0,0.0,0.7471910112359552,0.4981640146878824,0.5353487546589362,0.12352873957262028,0.02199250025336982,0.0,0.03536067892503535,0.4445042523414792,0.5933787041922405,0.2561467095263223,0.8000000000000043,0.0031853894389182566
6LBpGdlukUARutol7VgWIS,0.0,1.0,0.0,0.0,0.0,0.0,0.0,1.0,0.0,0.0,0.0,0.0,0.0,0.0,0.0,0.0,1.0,0.0,0.46488764044943826,0.4981640146878824,0.5656983967343074,0.3600731344989145,0.25023216948682786,0.0,0.06506364922206506,0.3282377005059749,0.16040980705140623,0.35871345348893435,0.7428571428571473,0.19502563168631767
56uXDJRCuoS7abX3SkzHKQ,1.0,0.0,0.0,0.0,0.0,0.0,0.0,0.0,0.0,0.0,1.0,0.0,0.0,0.0,0.0,0.0,1.0,0.0,0.7092696629213484,0.6034271725826194,0.6593504111696147,0.3097931664952577,0.05684377734067175,0.0,0.2185289957567185,0.5769189363763592,0.6345664500530959,0.3214116776443728,0.9142857142857181,0.14356000767900318
7FGdjbZ32vMybPuP0IuE7d,1.0,0.0,0.0,0.0,0.0,0.0,0.0,0.0,0.0,0.0,1.0,0.0,0.0,0.0,0.0,0.0,1.0,0.0,0.6924157303370786,0.4614443084455325,0.5836242087203454,0.40806764941149587,0.15612337972586418,0.0,0.11480433757661479,0.8546668102056196,0.5803752112149283,0.23634058709879513,0.9428571428571431,0.05973504373572705
1iAWDVZem3Vx3Pb8fTUTEL,1.0,0.0,0.0,0.0,0.0,0.0,1.0,0.0,0.0,0.0,0.0,0.0,0.0,0.0,0.0,0.0,1.0,0.0,0.9353932584269664,0.34638922888616897,0.47914571377861903,0.3143640726774083,0.4994653379746547,0.0,0.38354549740688354,0.4208203251157283,0.27367443848553047,0.1683236590765272,0.9428571428571431,0.01694044219618515
5cc9Zbfp9u10sfJeKZ3h16,1.0,0.0,0.0,0.0,0.0,0.0,0.0,0.0,1.0,0.0,0.0,0.0,0.0,0.0,0.0,0.0,1.0,0.0,0.558988764044944,0.35006119951040393,0.6418387268532212,0.2995086275854188,0.11579104125687976,0.0,0.07355021216407354,0.6695015609861127,0.1543054451709422,0.3408793237200443,0.7142857142857153,0.10461677771623226
0vjeOZ3Ft5jvAi9SBFJm1j,1.0,0.0,0.0,0.0,0.0,0.0,0.0,1.0,0.0,0.0,0.0,0.0,0.0,0.0,0.0,0.0,1.0,0.0,0.36516853932584276,0.5446756425948592,0.7585044075016268,0.26522683121928925,0.15715754225070994,2.4737945492662474e-06,0.19495520980669495,0.48971902249973087,0.3779361379559069,0.23250802567374662,0.9714285714285751,0.18249520819960363
0k6DnZMLoEUH8NGD5zh2SE,0.0,1.0,0.0,0.0,0.0,0.0,0.0,0.0,1.0,0.0,0.0,0.0,0.0,0.0,0.0,0.0,1.0,0.0,0.7823033707865168,0.49204406364749076,0.7706324321126427,0.019883441892355164,0.04122792321550085,0.0,0.0665959453088166,0.6942620303584887,0.2537718144113699,0.32198351346862575,0.7714285714285722,0.18249520819960363
39liuGHPxn2sAyvO6DINor,1.0,0.0,0.0,1.0,0.0,0.0,0.0,0.0,0.0,0.0,0.0,0.0,0.0,0.0,0.0,0.0,1.0,0.0,0.7963483146067416,0.6266829865361078,0.6590546056912974,0.32921951776939784,0.34020430914840855,0.0,0.1265912305516266,0.7706965227688665,0.5876283151560486,0.1618968130664486,0.8000000000000043,0.7282782252919346
7tqXYKq8L6qcPLMP08FmMA,1.0,0.0,0.0,0.0,0.0,0.0,0.0,0.0,0.0,0.0,1.0,0.0,0.0,0.0,0.0,0.0,1.0,0.0,0.22331460674157305,0.9400244798041617,0.7120629474057858,0.42863672723117363,0.7145711431425718,1.4360587002096436e-06,0.33521923620933525,0.4262030358488535,0.7717409453078563,0.33708460437160076,0.7428571428571473,0.10461677771623226
7uJH0YdSZL6psjxI6Xy08b,1.0,0.0,0.0,0.0,0.0,0.0,0.0,0.0,0.0,1.0,0.0,0.0,0.0,0.0,0.0,0.0,1.0,0.0,0.14887640449438205,0.3880048959608323,0.49020883866769194,0.026739801165581077,0.49843117544980897,0.0,0.06577086280056577,0.2335019916029713,0.2742822031804126,0.5818871002667866,0.7714285714285722,0.6728145922379295
6bsRaxW3vYniwPytZQXZB6,1.0,0.0,0.0,0.0,0.0,0.0,0.0,0.0,0.0,0.0,0.0,0.0,0.0,1.0,0.0,0.0,1.0,0.0,0.9803370786516854,0.7466340269277846,0.6438502041057799,0.32464861158724717,0.004628911461209599,1.6561844863731656e-06,0.47548326261197554,0.46388201098073,0.44726806430284044,0.07096440532227782,0.9428571428571431,0.019437616128637723
0ifooM33X1iBxVYyOkSbXW,1.0,0.0,0.0,0.0,0.0,0.0,0.0,0.0,0.0,1.0,0.0,0.0,0.0,0.0,0.0,0.0,1.0,0.0,0.824438202247191,0.6144430844553244,0.6605927941785481,0.055536510113129926,0.04453724329500727,9.129979035639413e-06,0.07131070249882132,0.890192701044246,0.3604111427979884,0.31135829929298386,0.8000000000000043,0.6728145922379295
2HbKqm4o0w5wEeEFXm2sD4,0.0,1.0,0.0,0.0,0.0,0.0,0.0,0.0,0.0,1.0,0.0,0.0,0.0,0.0,0.0,0.0,1.0,0.0,0.6320224719101124,0.4528763769889841,0.6369283559131513,0.10867329448063079,0.07266646397081179,0.0,0.23031588873173028,0.3303907847992249,0.07987764561307431,0.6618894548848865,0.6857142857142833,0.23101191941951416
00I0pcNkN3IOX3fsYbaB4N,1.0,0.0,0.0,0.0,1.0,0.0,0.0,0.0,0.0,0.0,0.0,0.0,0.0,0.0,0.0,0.0,1.0,0.0,0.5098314606741574,0.5471236230110159,0.6433177542448085,0.05736487258599018,0.07483820527298789,0.0,0.06930693069306931,0.4046721929163527,0.28709869163622276,0.31497431994634834,0.8571428571428612,0.014381819517577875
30vAfL9Wyu2fu07vdbZ1Xt,0.0,1.0,0.0,1.0,0.0,0.0,0.0,0.0,0.0,0.0,0.0,0.0,0.0,0.0,0.0,0.0,1.0,0.0,0.9410112359550562,0.41126070991432073,0.6469857421759451,0.4377785395954748,0.033471704279157695,0.0,0.09712399811409711,0.35192162773172575,0.5208209498493945,0.15696052440708824,0.9714285714285751,0.036906364268236874
0KoBrntyQ2x6Y1eZwgGe5P,0.0,1.0,0.0,0.0,1.0,0.0,0.0,0.0,0.0,0.0,0.0,0.0,0.0,0.0,0.0,0.0,1.0,0.0,0.6292134831460674,0.5201958384332925,0.6623676270484529,0.03828133927551138,0.02178566774840067,0.0,0.17020273455917018,0.2647217138550974,0.3269172972503656,0.34188424108766535,1.0,0.1412003357665388
75Pos7nHiygbxinaGoEju8,1.0,0.0,0.0,1.0,0.0,0.0,0.0,0.0,0.0,0.0,0.0,0.0,0.0,0.0,0.0,0.0,1.0,0.0,0.6053370786516854,0.42227662178702574,0.5698988345264153,0.19666323848703007,0.7062978429438058,1.0796645702306081e-06,0.11480433757661479,0.11831198191409194,0.5547088406387539,0.13123211699088216,0.9142857142857181,0.06760439345994446
1udwFobQ1JoOdWPQrp2b6u,0.0,1.0,0.0,0.0,0.0,0.0,0.0,1.0,0.0,0.0,0.0,0.0,0.0,0.0,0.0,0.0,1.0,0.0,0.43398876404494374,0.4883720930232559,0.6400638939833165,0.5154839446920353,0.17887495527247077,0.0,0.2692126355492692,0.467111637420605,0.10633878540563285,0.3318876258511839,0.9714285714285751,0.1412003357665388
2vgUijXOTRMnWXDtvgMp2b,0.0,1.0,0.0,0.0,0.0,0.0,0.0,0.0,0.0,0.0,1.0,0.0,0.0,0.0,0.0,0.0,1.0,0.0,0.6067415730337078,0.7441860465116279,0.6488197361415132,0.011312992800822763,0.013202118792180905,0.001740041928721174,0.24681753889674682,0.3411562062654753,0.4073092052975709,0.5612211217652908,0.9714285714285751,0.6728145922379295
48zmVAYyyhoWfTDe5pGynC,0.0,1.0,0.0,1.0,0.0,0.0,0.0,0.0,0.0,0.0,0.0,0.0,0.0,0.0,0.0,0.0,1.0,0.0,0.8679775280898876,0.379436964504284,0.5409098976513044,0.09724602902525425,0.544968489067868,0.0,0.17138142385667135,0.5241683711917322,0.24699957923982657,0.3343725888815774,0.6571428571428584,0.11605054660993643
2FCCvPwretXhdWcSWCM52A,0.0,1.0,0.0,0.0,0.0,0.0,0.0,0.0,0.0,1.0,0.0,0.0,0.0,0.0,0.0,0.0,1.0,0.0,0.5519662921348316,0.42105263157894735,0.5515588948707328,0.02479716603816707,0.004628911461209599,0.0025471698113207547,0.07956152758132956,0.09247497039509096,0.5206539815266249,0.34614988405608194,0.8571428571428612,4.074811270661487e-05
3fpTMuD1u3gJlVI4FadVHs,1.0,0.0,1.0,0.0,0.0,0.0,0.0,0.0,0.0,0.0,0.0,0.0,0.0,0.0,0.0,0.0,1.0,0.0,0.37078651685393266,0.8849449204406366,0.7418801396201856,0.49148668723574457,0.3433067967229458,2.075471698113208e-06,0.38472418670438474,0.26149208741522234,0.18139438585711515,0.5199396208644391,0.6285714285714263,0.7282782252919346
1hg3RlqFZXJb5YgRoK9qmF,1.0,0.0,0.0,0.0,0.0,0.0,1.0,0.0,0.0,0.0,0.0,0.0,0.0,0.0,0.0,0.0,0.0,1.0,0.39606741573033716,0.42227662178702574,0.6322546293557356,0.08581876356987772,0.20989983101784346,0.00010482180293501049,0.05917020273455916,0.5596942620303585,0.40041007420072255,0.18485433954013464,0.9142857142857181,0.11774238142664968
57hCSu4zMTdnSum7NBL1Ye,1.0,0.0,0.0,0.0,0.0,0.0,0.0,0.0,0.0,0.0,0.0,0.0,1.0,0.0,0.0,0.0,1.0,0.0,0.23595505617977525,0.653610771113831,0.6304797964858309,0.5234830305107988,0.01733876889156392,0.0,0.9493163602074493,0.13230702982021747,0.7164610730052294,0.5187896422031657,0.7714285714285722,0.06709966202841267
59OeNCL9JB3lCAdxMFSrkd,1.0,0.0,0.0,0.0,0.0,1.0,0.0,0.0,0.0,0.0,0.0,0.0,0.0,0.0,0.0,0.0,1.0,0.0,0.7724719101123594,0.4847001223990208,0.6878660592794177,0.2789395497657411,0.16129419235009296,0.0,0.18906176331918906,0.8966519539239962,0.1068062967093883,0.24692375452265375,0.8857142857142861,8.534548077042654e-07
3jDdpx9PMlfMBS5tOBHFm9,0.0,1.0,0.0,0.0,1.0,0.0,0.0,0.0,0.0,0.0,0.0,0.0,0.0,0.0,0.0,0.0,1.0,0.0,0.6306179775280898,0.8225214198286412,0.753830680944211,0.09267512284310364,0.006490404005931956,0.0,0.1595945308816596,0.6189040800947357,0.23678111788631456,0.2964737491616929,0.22857142857142776,0.0008129853741185335
2g6zbVqZvnc1dk6cYUhr5g,0.0,1.0,0.0,1.0,0.0,0.0,0.0,0.0,0.0,0.0,0.0,0.0,0.0,0.0,0.0,0.0,1.0,0.0,0.6629213483146068,0.8041615667074662,0.7778500857835886,0.014055536510113133,0.016408022619202746,2.0020964360587003e-05,0.24328147100424327,0.48648939605985575,0.6010726045054733,0.3284019501283477,0.6857142857142833,0.018099642834388207
7eJbnuLHzBp948ybtKDyQn,0.0,1.0,1.0,0.0,0.0,0.0,0.0,0.0,0.0,0.0,0.0,0.0,0.0,0.0,0.0,0.0,1.0,0.0,0.5997191011235954,0.5263157894736842,0.6600603443175765,0.4594903439606902,0.015890941356779868,0.0,0.05799151343705799,0.4951017332328561,0.9628061364197984,0.24450396395752438,0.9142857142857181,0.14252775408908486
1e1JKLEDKP7hEQzJfNAgPl,1.0,0.0,0.0,0.0,0.0,0.0,0.0,0.0,0.0,0.0,0.0,0.0,0.0,1.0,0.0,0.0,1.0,0.0,0.7373595505617978,0.5152998776009792,0.6388215109743831,0.29608044794880584,0.011754291257396849,0.0,0.37883074021687885,0.4369684573151039,0.6876223042964289,0.23071052703501022,0.8285714285714292,0.08398024046594313
3s7MCdXyWmwjdcWh7GWXas,1.0,0.0,0.0,1.0,0.0,0.0,0.0,0.0,0.0,0.0,0.0,0.0,0.0,0.0,0.0,0.0,1.0,0.0,0.5660112359550562,0.3157894736842105,0.6742590072768146,0.565763912695692,0.388809947816159,0.0,0.18670438472418668,0.002799009581225101,0.3324606455663231,0.3011556549727642,0.8571428571428612,0.20018084707375253
2EL58P9iKGM5L2sO203i5y,0.0,1.0,0.0,0.0,0.0,0.0,0.0,1.0,0.0,0.0,0.0,0.0,0.0,0.0,0.0,0.0,1.0,0.0,0.6952247191011236,0.43574051407588743,0.6629000769094242,0.07519140669637758,0.11785936630657128,0.0,0.15134370579915132,0.45526967380772965,0.5869136907345938,0.21582177222854088,0.9142857142857181,0.27935376819979313
4wrhAoRQfmv35znEXDip7X,0.0,1.0,0.0,1.0,0.0,0.0,0.0,0.0,0.0,0.0,0.0,0.0,0.0,0.0,0.0,0.0,1.0,0.0,0.8117977528089888,0.3011015911872704,0.5341655327456662,0.02719689178379614,0.6483847415524435,0.028930817610062894,0.1041961338991042,0.29486489396059856,0.22004421321186934,0.203569348758885,0.9714285714285751,0.005015144294301036
7mhk9WyqZZzvTTCQKfh2iV,0.0,1.0,0.0,0.0,1.0,0.0,0.0,0.0,0.0,0.0,0.0,0.0,0.0,0.0,0.0,0.0,1.0,0.0,0.8651685393258428,0.6585067319461444,0.7424125894811571,0.2537995657639127,0.020234423961132036,0.0,0.021570014144271565,0.412207987942728,0.5675186503616534,0.38934240982548496,0.8000000000000043,0.03791038417972072
55WLWX71YkHt2tSucNIf1g,1.0,0.0,0.0,0.0,0.0,0.0,1.0,0.0,0.0,0.0,0.0,0.0,0.0,0.0,0.0,0.0,1.0,0.0,0.773876404494382,0.48347613219094254,0.6473998698455894,0.12924237230030855,0.4849870626268141,0.0,0.12069778406412068,0.29809452040047374,0.44718791950791087,0.19824202530793988,0.8571428571428612,0.14252775408908486
5BtN3kFKoISSWFpXWz7O4L,0.0,1.0,0.0,1.0,0.0,0.0,0.0,0.0,0.0,0.0,0.0,0.0,0.0,0.0,0.0,0.0,1.0,0.0,0.9508426966292134,0.9645042839657283,0.8223983908181979,0.22294594903439607,0.03740152187357157,0.0,0.4578029231494578,0.7147163311443643,0.3402814418048607,0.2677537153561044,0.7142857142857153,0.00039947781106328936
4YrS33mjBWWchoLJTkAKwt,1.0,0.0,0.0,0.0,0.0,0.0,0.0,0.0,0.0,0.0,0.0,1.0,0.0,0.0,0.0,0.0,1.0,0.0,0.7485955056179776,0.657282741738066,0.7202271786073478,0.1623814421209005,0.12923515407987457,0.0,0.05799151343705799,0.8202174615136184,0.41384100608432567,0.38449862402004786,0.8857142857142861,0.06760439345994446
05WIYJYtnZHUmL1uuYmvY1,0.0,1.0,0.0,0.0,0.0,0.0,0.0,0.0,0.0,1.0,0.0,0.0,0.0,0.0,0.0,0.0,1.0,0.0,0.06179775280898875,0.6866585067319462,0.7556646749097793,0.06216432407724832,0.2967694831048868,0.0,0.3729372937293729,0.3357734955323501,0.1780483406688083,0.22170411280302565,0.9428571428571431,0.06760439345994446
3kfhS2L56Wj8fBcu7xE47H,0.0,1.0,1.0,0.0,0.0,0.0,0.0,0.0,0.0,0.0,0.0,0.0,0.0,0.0,0.0,0.0,0.0,1.0,0.39044943820224726,0.41003671970624234,0.3602319114950008,0.20923323048794423,0.13440596670410335,0.0,0.16195190947666196,0.29809452040047374,0.28794689071589336,0.27618408908865766,1.0,0.1412003357665388
1oEtKSSBOmCVXKCCJMfOFn,1.0,0.0,0.0,1.0,0.0,0.0,0.0,0.0,0.0,0.0,0.0,0.0,0.0,0.0,0.0,0.0,1.0,0.0,0.7036516853932584,0.6866585067319462,0.6553866177601608,0.0507370586218718,0.26471044483466843,0.000989517819706499,0.05740216878830739,0.5209387447518571,0.2601366468753547,0.4040062145099136,0.9142857142857181,0.009775549745947404
1h6kgem1ai8vUgO1rZOwfB,0.0,1.0,0.0,0.0,1.0,0.0,0.0,0.0,0.0,0.0,0.0,0.0,0.0,0.0,0.0,0.0,1.0,0.0,0.6685393258426966,0.8359853121175029,0.7986156303614742,0.023997257456290708,0.0006204975149074527,0.0,0.04396511079679396,0.4079018193562278,0.4805481903973177,0.4662312024740308,0.6857142857142833,0.03834935604744665
6eT7xZZlB2mwyzJ2sUKG6w,0.0,1.0,0.0,0.0,0.0,0.0,0.0,0.0,0.0,1.0,0.0,0.0,0.0,0.0,0.0,0.0,1.0,0.0,0.5744382022471912,0.4908200734394126,0.6178193220138436,0.009484630327962519,0.2409247067632161,0.0,0.062470532767562474,0.2927118096673485,0.46793874266174224,0.38779929403503755,0.8000000000000043,0.3750743507185793
0xPcT6j7JFdJjRvQelyGr6,1.0,0.0,0.0,0.0,0.0,0.0,0.0,0.0,0.0,0.0,0.0,0.0,1.0,0.0,0.0,0.0,1.0,0.0,0.6601123595505618,0.6389228886168912,0.7543631308051824,0.37150039995429096,0.1674991674991675,0.0,0.11480433757661479,0.36484013349122624,0.2384240861823695,0.14437382926075504,0.9714285714285751,0.14252775408908486
28KTX2uEk6n9UiE7J8YDKF,0.0,1.0,0.0,0.0,0.0,0.0,0.0,0.0,0.0,1.0,0.0,0.0,0.0,0.0,0.0,0.0,1.0,0.0,0.6390449438202246,0.7405140758873929,0.6669821925102051,0.3395040566792367,0.09438387699257264,0.0,0.16077322017916076,0.6210571643879859,0.6944947204616341,0.21700749062883018,0.8285714285714292,0.0005683921932085131
0Dk9lP1YnOqssHH0oCeq9u,1.0,0.0,1.0,0.0,0.0,0.0,0.0,0.0,0.0,0.0,0.0,0.0,0.0,0.0,0.0,0.0,1.0,0.0,0.6544943820224718,0.3782129742962056,0.6223747263799324,0.24808593303622445,0.0002533698185872099,0.0,0.10655351249410655,0.4025191086231026,0.6672187752539589,0.06922577213603806,0.8285714285714292,0.029568203074590103
5NQbUaeTEOGdD6hHcre0dZ,0.0,1.0,0.0,0.0,0.0,0.0,0.0,0.0,0.0,1.0,0.0,0.0,0.0,0.0,0.0,0.0,1.0,0.0,0.49438202247191015,0.6805385556915544,0.7325918476010174,0.3326476974060108,0.002612294537760377,0.0,0.7029702970297029,0.6092152007751104,0.8683421381295542,0.2619954126993804,0.7714285714285722,0.03969069961731434
19h1LNf7idduUW3jBeswB8,0.0,1.0,0.0,0.0,1.0,0.0,0.0,0.0,0.0,0.0,0.0,0.0,0.0,0.0,0.0,0.0,1.0,0.0,0.5898876404494384,0.6193390452876377,0.6411287937052593,0.45606216432407726,0.3060769458284986,0.0,0.22324375294672325,0.678113898159113,0.11983650461834378,0.22331029872114805,0.9714285714285751,0.19502563168631767
2FUNBaa5DwItJtYEBgAblU,1.0,0.0,0.0,0.0,0.0,0.0,0.0,0.0,0.0,0.0,0.0,1.0,0.0,0.0,0.0,0.0,1.0,0.0,0.8764044943820224,0.5458996328029375,0.6629000769094242,0.1109587475717061,0.16336251739978447,0.00023899371069182392,0.10537482319660535,0.2012057272042201,0.4941460906036906,0.33840907705277495,0.8571428571428612,0.1412003357665388
5xpmdbQcfIOsE1hACcC3UK,1.0,0.0,0.0,0.0,0.0,0.0,0.0,0.0,0.0,0.0,0.0,0.0,0.0,1.0,0.0,0.0,1.0,0.0,0.48735955056179775,0.7906976744186047,0.9100159734958291,0.01291280996457548,0.06935714389130539,0.0,0.34582743988684583,0.8352890515663688,0.48747403642580917,0.3170219967581954,0.6571428571428584,0.20018084707375253
4haJoBPbPj9QFKNpp9e8kx,1.0,0.0,0.0,0.0,0.0,0.0,0.0,0.0,0.0,0.0,0.0,1.0,0.0,0.0,0.0,0.0,1.0,0.0,0.5449438202247192,0.8298653610771114,0.771756492930249,0.4754885155982174,0.005456241481086202,0.0,0.32932578972182935,0.5510819248573583,0.09919254119108517,0.38639913720065344,0.8571428571428612,0.7282782252919346
5ByAIlEEnxYdvpnezg7HTX,0.0,1.0,0.0,0.0,0.0,0.0,0.0,0.0,0.0,0.0,0.0,1.0,0.0,0.0,0.0,0.0,1.0,0.0,0.875,0.8041615667074662,0.7976098917351948,0.25837047194606333,0.4860212251516599,0.0,0.17727487034417724,0.8019162450209927,0.24062806804293085,0.48498405376938614,0.17142857142857082,0.08429063675427166
0wdlLb695gFP3CSiUAqxls,1.0,0.0,0.0,0.0,0.0,0.0,0.0,0.0,1.0,0.0,0.0,0.0,0.0,0.0,0.0,0.0,1.0,0.0,0.6376404494382022,0.5813953488372093,0.6701768916760338,0.2195177693977831,0.15198672962648116,0.0,0.09830268741159828,0.5026375282592314,0.5340849134102279,0.1684939484212496,1.0,0.10666688066900824
3J8Q6aBhjpvao8BsBQ6H9Y,0.0,1.0,0.0,0.0,0.0,0.0,0.0,0.0,0.0,1.0,0.0,0.0,0.0,0.0,0.0,0.0,1.0,0.0,0.6910112359550562,0.5936352509179926,0.7939419038040584,0.09838875557079191,0.13233764165441184,0.0,0.057755775577557754,0.5941436107223598,0.6405906671386306,0.26300033006700146,0.8285714285714292,0.03536107983421797
11Iv8RCFmeImLOpaHYxKb4,0.0,1.0,0.0,0.0,0.0,0.0,0.0,0.0,0.0,0.0,0.0,1.0,0.0,0.0,0.0,0.0,1.0,0.0,0.7148876404494382,0.6915544675642594,0.7390404070283381,0.011427265455376534,0.04122792321550085,0.024633123689727466,0.09594530881659594,0.1818279685649693,0.44724134937119725,0.23766505977996932,0.6000000000000014,0.0020923489657573378
5X2I1TVUkchLBggRTCMYem,0.0,1.0,0.0,0.0,0.0,0.0,0.0,0.0,0.0,0.0,0.0,1.0,0.0,0.0,0.0,0.0,1.0,0.0,0.622191011235955,0.6303549571603427,0.6361001005738625,0.345217689406925,0.1674991674991675,0.0,0.37765205091937765,0.6921089460652385,0.561233962692598,0.28042660634359345,0.8857142857142861,0.14356000767900318
1pDbGAAH5GQ8U0KG4fI77H,0.0,1.0,0.0,1.0,0.0,0.0,0.0,0.0,0.0,0.0,0.0,0.0,0.0,0.0,0.0,0.0,1.0,0.0,0.49578651685393266,0.5446756425948592,0.8205052357569661,0.05885041709518913,0.02768039414002147,0.0,0.4082979726544083,0.0320809559694262,0.5342251668013545,0.05402587136637227,1.0,0.14356000767900318
5hTVyxGfOKyBYhY8fgIIzT,1.0,0.0,0.0,1.0,0.0,0.0,0.0,0.0,0.0,0.0,0.0,0.0,0.0,0.0,0.0,0.0,1.0,0.0,0.851123595505618,0.26193390452876375,0.5042300183399395,0.0777054050965604,0.034299034299034296,0.0,0.29985855728429983,0.5500053827107332,0.40083083437410244,0.26947973451680923,0.9428571428571431,0.08147606472057838
1gVCEnryJhkdQcuC0Kbvor,1.0,0.0,0.0,0.0,0.0,0.0,1.0,0.0,0.0,0.0,0.0,0.0,0.0,0.0,0.0,0.0,1.0,0.0,0.800561797752809,0.5667074663402693,0.6727208187895639,0.17952234030396527,0.19335323062031134,0.0,0.12894860914662895,0.7136397889977393,0.2869584382450961,0.14257633062201863,0.9142857142857181,0.10062832213815441
4NTWZqvfQTlOMitlVn6tew,0.0,1.0,0.0,0.0,0.0,0.0,0.0,0.0,0.0,1.0,0.0,0.0,0.0,0.0,0.0,0.0,1.0,0.0,0.45646067415730335,0.8910648714810281,0.8449387682659881,0.10067420866186721,0.01951051019374001,0.0,0.14898632720414898,0.6598126816664873,0.5545552297818057,0.3522277420263591,0.6571428571428584,0.016316740906203886
6JvHYmanlC8FdbeiCztcrR,0.0,1.0,0.0,0.0,0.0,0.0,0.0,0.0,0.0,0.0,1.0,0.0,0.0,0.0,0.0,0.0,1.0,0.0,0.8412921348314606,0.6817625458996328,0.842394841152458,0.2023768712147183,0.0023434122813004803,7.987421383647799e-05,0.2774634606317775,0.47249434815373026,0.6245550294198186,0.34811136502677326,0.8000000000000043,0.13666316970816478
0ezyHSFGFs61yiiPB3EpIY,0.0,1.0,0.0,0.0,0.0,0.0,0.0,0.0,0.0,1.0,0.0,0.0,0.0,0.0,0.0,0.0,1.0,0.0,0.37500000000000006,0.7111383108935129,0.6589362834999704,0.5314821163295624,0.15302089215132691,0.0,0.4330504479019331,0.5101733232856067,0.5200796104962966,0.2680963963831384,0.7428571428571473,0.06982085913916508
5m0yZ33oOy0yYBtdTXuxQe,1.0,0.0,0.0,0.0,0.0,0.0,0.0,0.0,0.0,0.0,0.0,0.0,1.0,0.0,0.0,0.0,1.0,0.0,0.9775280898876404,0.5605875152998776,0.7430042004377919,0.4320649068677866,0.03657419185369496,0.0,0.06412069778406412,0.12584777694046723,0.4536462542326469,0.15258766222162423,0.9142857142857181,0.14252775408908486
00Blm7zeNqgYLPtW6zg8cj,0.0,1.0,0.0,1.0,0.0,0.0,0.0,0.0,0.0,0.0,0.0,0.0,0.0,0.0,0.0,0.0,1.0,0.0,0.5912921348314608,0.758873929008568,0.7877299887593917,0.02982516283853274,0.037298105621086985,0.0,0.055280528052805276,0.7007212832382388,0.2469795430410942,0.2552973651402995,0.9428571428571431,0.6728145922379295
5j8sYRvWdZM8TgVJXYad1B,1.0,0.0,0.0,0.0,0.0,0.0,0.0,1.0,0.0,0.0,0.0,0.0,0.0,0.0,0.0,0.0,1.0,0.0,0.9747191011235954,0.4761321909424725,0.5980595160622373,0.19437778539595477,0.019303677688770858,0.0,0.09830268741159828,0.8191409193669933,0.46743115896052195,0.2507836463363614,0.8571428571428612,0.1412003357665388
5zNW5ARjYhJQJz1AChP33n,0.0,1.0,0.0,0.0,0.0,0.0,0.0,0.0,0.0,0.0,0.0,1.0,0.0,0.0,0.0,0.0,1.0,0.0,0.9606741573033708,0.6511627906976744,0.8694906229663373,0.07187749971431837,0.01371920005460378,0.0,0.17020273455917018,0.9192593390031221,0.4674178014947004,0.23664542604922412,0.9428571428571431,0.07290595892945555
1kK6DwzyXJSp58u5HYWwuD,0.0,1.0,0.0,0.0,1.0,0.0,0.0,0.0,0.0,0.0,0.0,0.0,0.0,0.0,0.0,0.0,1.0,0.0,0.8623595505617978,0.6230110159118728,0.7657812222682363,0.022740258256199297,0.3360676590490255,4.371069182389937e-06,0.04431871758604431,0.1010873075680913,0.2736544022867981,0.4775564950668648,0.8857142857142861,0.05964425530337688
0fySG6A6qLE8IvDpayb5bM,1.0,0.0,0.0,1.0,0.0,0.0,0.0,0.0,0.0,0.0,0.0,0.0,0.0,0.0,0.0,0.0,1.0,0.0,0.705056179775281,0.6009791921664627,0.9118499674613972,0.32007770540509656,0.11682520378172552,0.0,0.09240924092409239,0.7965335342878674,0.6288227397498147,0.15318262375935804,0.8857142857142861,0.10062832213815441
4Kz4RdRCceaA9VgTqBhBfa,0.0,1.0,0.0,1.0,0.0,0.0,0.0,0.0,0.0,0.0,0.0,0.0,0.0,0.0,0.0,0.0,1.0,0.0,0.702247191011236,0.3439412484700123,0.565757557829971,0.3760713061364416,7.549386431374009e-05,6.415094339622641e-05,0.09712399811409711,0.3799117235439768,0.9468172498313621,0.23020806835119967,0.6571428571428584,0.7282782252919346
608a1wIsSd5KzMEqm1O7w3,1.0,0.0,0.0,0.0,0.0,0.0,0.0,0.0,0.0,0.0,0.0,0.0,0.0,1.0,0.0,0.0,1.0,0.0,0.20646067415730335,0.7906976744186047,0.8650535407915754,0.3326476974060108,0.0553959498058877,0.0,0.71004243281471,0.43158574658197874,0.5963841340020972,0.4710812952922354,0.6571428571428584,0.7282782252919346
5IaHrVsrferBYDm0bDyABy,0.0,1.0,1.0,0.0,0.0,0.0,0.0,0.0,0.0,0.0,0.0,0.0,0.0,0.0,0.0,0.0,1.0,0.0,0.8679775280898876,0.4871481028151775,0.6317813405904276,0.10638784138955548,0.024371074060515054,0.0,0.08533710513908535,0.3282377005059749,0.2535247012936705,0.33823878770805255,0.8571428571428612,0.05964425530337688
5nzhL67GpF9szXWg5y509A,1.0,0.0,0.0,0.0,0.0,0.0,0.0,0.0,0.0,0.0,0.0,0.0,1.0,0.0,0.0,0.0,1.0,0.0,0.5758426966292136,0.5104039167686658,0.79583505886529,0.397783110501657,0.052603710988804155,0.0,0.060113154172560114,0.7114867047044892,0.6602728930267348,0.2771070152903013,0.8571428571428612,0.14252775408908486
5se6K8sonaVJGu1mjj6ItC,1.0,0.0,0.0,0.0,0.0,0.0,0.0,0.0,0.0,0.0,1.0,0.0,0.0,0.0,0.0,0.0,1.0,0.0,0.7331460674157304,0.5703794369645043,0.7364964799148079,0.24580047994514914,0.06428974751956118,0.0,0.09476661951909476,0.19151684788459467,0.45372639902757644,0.15990589936950894,0.7428571428571473,0.09680461817285359
6jWOsMGwl2eX0D7yuEGAZv,0.0,1.0,0.0,0.0,0.0,0.0,0.0,0.0,0.0,1.0,0.0,0.0,0.0,0.0,0.0,0.0,1.0,0.0,0.752808988764045,0.565483476132191,0.6882801869490622,0.10067420866186721,0.0017332563916414847,5.0209643605870025e-06,0.7041489863272041,0.10431693400796642,0.6955766751931822,0.1315264442533653,0.7428571428571473,0.08641542571144428
40kr34pxqFJKH7FlgsF5AO,0.0,1.0,0.0,0.0,0.0,1.0,0.0,0.0,0.0,0.0,0.0,0.0,0.0,0.0,0.0,0.0,1.0,0.0,0.7471910112359552,0.6181150550795594,0.6605927941785481,0.12467146611815794,0.22748059394022127,0.0,0.07496463932107497,0.31531919474647435,0.45406033567311616,0.3653757613089995,0.8000000000000043,0.11879591913442544
0VgkVdmE4gld66l8iyGjgx,0.0,1.0,0.0,0.0,1.0,0.0,0.0,0.0,0.0,0.0,0.0,0.0,0.0,0.0,0.0,0.0,1.0,0.0,0.7963483146067416,0.33414932680538556,0.5517363781577234,0.4617757970517655,0.010513296227581943,0.022955974842767297,0.16077322017916076,0.2625686295618474,0.6012729664927972,0.2786185960169112,0.8285714285714292,0.13666316970816478
4ZT9EKb1iN9Cd5omcHcfoZ,1.0,0.0,0.0,0.0,1.0,0.0,0.0,0.0,0.0,0.0,0.0,0.0,0.0,0.0,0.0,0.0,1.0,0.0,0.8960674157303372,0.5924112607099143,0.4812755132225047,0.055993600731344996,0.32572603380056797,0.0,0.4566242338519566,0.7405533426633653,0.4334564446433223,0.20139342935409882,0.11428571428571388,0.00442391783062517
6Hfu9sc7jvv6coyy2LlzBF,0.0,1.0,1.0,0.0,0.0,0.0,0.0,0.0,0.0,0.0,0.0,0.0,0.0,0.0,0.0,0.0,1.0,0.0,0.45084269662921345,0.4895960832313342,0.6834289771046559,0.13609873157353444,0.048156812131967416,0.0,0.09476661951909476,0.3379265798256002,0.13340768989307344,0.3597414965700362,0.9428571428571431,0.20018084707375253
0nqhKXDjsyBMvbeWmgijD0,0.0,1.0,1.0,0.0,0.0,0.0,0.0,0.0,0.0,0.0,0.0,0.0,0.0,0.0,0.0,0.0,1.0,0.0,0.44382022471910115,0.46022031823745413,0.526060462639768,0.6766083876128444,0.1333718041792576,0.0,0.05457331447430456,0.7900742814081172,0.14739295660827229,0.22885626528136632,0.9428571428571431,0.036906364268236874
2igwFfvr1OAGX9SKDCPBwO,0.0,1.0,0.0,0.0,0.0,0.0,0.0,0.0,0.0,0.0,0.0,0.0,0.0,1.0,0.0,0.0,1.0,0.0,0.31601123595505615,0.9730722154222766,0.9810684493876826,0.4172094617757971,0.030472632957105006,0.0,0.5084865629420084,0.8331359672731189,0.7583768007533611,0.4306596504653524,0.6000000000000014,0.09848264095563808
3wKKkGVn7cVSfgPeYYIiXG,1.0,0.0,0.0,0.0,0.0,0.0,0.0,0.0,0.0,0.0,0.0,0.0,1.0,0.0,0.0,1.0,0.0,0.0,0.6502808988764044,0.6083231334149327,0.8717387446015499,0.22637412867100903,0.05229346223135043,0.0,0.047972654408297975,0.5532350091506083,0.5343587414595703,0.37546698173699333,0.5428571428571445,0.18249520819960363
1GI5NXx8MFhFl17cJtOZ2n,0.0,1.0,0.0,1.0,0.0,0.0,0.0,0.0,0.0,0.0,0.0,0.0,0.0,0.0,0.0,0.0,1.0,0.0,0.821629213483146,0.45899632802937584,0.7747145477134236,0.044337789966860934,0.22644643141537552,0.0,0.11598302687411596,0.1602971256324685,0.4673176205010385,0.3159561116004886,0.8000000000000043,0.08147606472057838
7jI9cnrZof9mRNpIsA7QQN,1.0,0.0,0.0,0.0,0.0,0.0,1.0,0.0,0.0,0.0,0.0,0.0,0.0,0.0,0.0,0.0,1.0,0.0,0.7921348314606742,0.26315789473684204,0.5944506892267644,0.1863786995771912,0.012478205024788875,8.459119496855348e-06,0.22324375294672325,0.13768974055334265,0.46715733091117945,0.2942852157313717,0.8857142857142861,0.08864973556312394
4loM16743hROPC6uIJG6wM,0.0,1.0,0.0,1.0,0.0,0.0,0.0,0.0,0.0,0.0,0.0,0.0,0.0,0.0,0.0,0.0,1.0,0.0,0.8525280898876404,0.5091799265605874,0.5306750281015203,0.2789395497657411,0.3650242097447066,0.0,0.09712399811409711,0.9892345785337497,0.3810551062252469,0.16200823695867433,0.9142857142857181,0.05678612223960057
04KTF78FFg8sOHC1BADqbY,1.0,0.0,0.0,0.0,0.0,0.0,0.0,0.0,0.0,0.0,0.0,0.0,0.0,1.0,0.0,0.0,1.0,0.0,0.9691011235955056,0.7148102815177478,0.7908655268295568,0.10638784138955548,0.2130023185923807,0.0,0.03877887788778878,0.9418667240822479,0.3141742748565742,0.3283178566247811,0.3999999999999986,0.022793304636583092
0ESJlaM8CE1jRWaNtwSNj8,1.0,0.0,0.0,0.0,0.0,0.0,0.0,0.0,0.0,1.0,0.0,0.0,0.0,0.0,0.0,0.0,1.0,0.0,0.669943820224719,0.5018359853121175,0.7138969413713541,0.1349560050279968,0.24816384443713635,0.0,0.30928807166430927,0.492948648939606,0.3941788163949535,0.2980925491053502,0.8000000000000043,0.22819780023939232
79XrkTOfV1AqySNjVlygpW,0.0,1.0,0.0,0.0,0.0,0.0,0.0,0.0,0.0,0.0,0.0,0.0,0.0,1.0,0.0,0.0,1.0,0.0,0.675561797752809,0.5018359853121175,0.6037389812459326,0.5154839446920353,0.39294659791554204,0.0,0.5957095709570958,0.5553880934438584,0.748485597312478,0.2309649098832992,0.7714285714285722,0.7282782252919346
3m2aDCqn8eT5ElXDUiboGU,0.0,1.0,0.0,0.0,0.0,0.0,0.0,0.0,0.0,0.0,1.0,0.0,0.0,0.0,0.0,0.0,1.0,0.0,0.9606741573033708,0.401468788249694,0.5744542388925042,0.4972003199634328,0.10855190358295948,0.0,0.4507307873644507,0.9494025191086232,0.4674244802276111,0.18226636196787205,0.8571428571428612,0.08398024046594313
3FWIVRlEAxuZ36EcgRKw56,0.0,1.0,0.0,0.0,1.0,0.0,0.0,0.0,0.0,0.0,0.0,0.0,0.0,0.0,0.0,0.0,1.0,0.0,0.7429775280898876,0.7172582619339045,0.7082174761876588,0.14409781739229802,0.026956480372629443,8.029350104821802e-06,0.09830268741159828,0.4003660243298525,0.6945615077907419,0.21505862368367384,0.8571428571428612,2.271234835196657e-05
577YBGuskWkVDCxZrLRB4v,1.0,0.0,0.0,0.0,0.0,0.0,0.0,0.0,0.0,0.0,0.0,0.0,1.0,0.0,0.0,0.0,1.0,0.0,0.9803370786516854,0.3990208078335373,0.7128912027450747,0.450348531596389,0.0012782248807093528,6.886792452830189e-06,0.10183875530410183,0.07525029604909032,0.4475819647496477,0.17229077010728228,0.8571428571428612,0.14252775408908486
6nO3tr47nr2P7f3hXb8JIo,1.0,0.0,0.0,0.0,0.0,0.0,0.0,1.0,0.0,0.0,0.0,0.0,0.0,0.0,0.0,0.0,1.0,0.0,0.5280898876404494,0.7600979192166463,0.8712062947405785,0.02376871214718318,0.39398076044038777,0.0,0.09358793022159359,0.38637097642372703,0.6810370736463878,0.2585475790531492,0.8571428571428612,0.22819780023939232
3Tu7uWBecS6GsLsL8UONKn,0.0,1.0,0.0,0.0,0.0,0.0,1.0,0.0,0.0,0.0,0.0,0.0,0.0,0.0,0.0,0.0,1.0,0.0,0.6404494382022472,0.9755201958384332,0.8580725315032833,0.0734773168780711,0.007472858404535423,0.0,0.4082979726544083,0.9849284099472495,0.44730145796739434,0.2818141491524426,0.6857142857142833,0.08903892837288215
2aSC2xhRxOLiiZZVjhbylH,1.0,0.0,0.0,0.0,0.0,0.0,0.0,0.0,1.0,0.0,0.0,0.0,0.0,0.0,0.0,0.0,1.0,0.0,0.7176966292134832,0.30966952264381886,0.6318996627817546,0.07736258713289912,0.004318662703755872,2.8616352201257862e-05,0.051626591230551626,0.2690278824415976,0.26693559697854113,0.32756101509268154,0.7142857142857153,0.7282782252919346
0RRm4OS5ymfZryXBuj0G2m,1.0,0.0,0.0,0.0,0.0,0.0,1.0,0.0,0.0,0.0,0.0,0.0,0.0,0.0,0.0,0.0,1.0,0.0,0.7331460674157304,0.8335373317013464,0.835058865290185,0.13152782539138383,0.12509850398049155,0.0011740041928721173,0.16195190947666196,0.4778770588868555,0.8685224639181455,0.19846907776756972,0.8571428571428612,0.2002427573822012
26UxwWl9xCb83OynXELJcL,0.0,1.0,1.0,0.0,0.0,0.0,0.0,0.0,0.0,0.0,0.0,0.0,0.0,0.0,0.0,0.0,1.0,0.0,0.723314606741573,0.6915544675642594,0.8228125184878423,0.0647925951319849,0.03088629796704331,0.0,0.07590759075907591,0.4294326622887286,0.5339914111494766,0.23050449795127198,0.9428571428571431,0.10062832213815441
1qlh1WxuWilyIWRwdsKMuJ,0.0,1.0,0.0,1.0,0.0,0.0,0.0,0.0,0.0,0.0,0.0,0.0,0.0,0.0,0.0,0.0,1.0,0.0,0.37359550561797755,0.5030599755201958,0.6701177305803703,0.450348531596389,0.01014099771863747,0.0,0.13484205563413482,0.35730433846485093,0.671099119075129,0.322902234995091,0.9428571428571431,0.14252775408908486
02RCbjb9czvQKNGBmEmWob,0.0,1.0,0.0,0.0,0.0,0.0,0.0,0.0,0.0,0.0,0.0,0.0,0.0,1.0,0.0,0.0,1.0,0.0,0.8665730337078652,0.5361077111383109,0.7436549724900904,0.25265683921837506,0.018269515163925103,0.0,0.17727487034417724,0.4046721929163527,0.5539474650869236,0.23323122980441952,0.9142857142857181,0.14252775408908486
6b8Be6ljOzmkOmFslEb23P,0.0,1.0,0.0,1.0,0.0,0.0,0.0,0.0,0.0,0.0,0.0,0.0,0.0,0.0,0.0,0.0,1.0,0.0,0.7752808988764044,0.7858017135862914,0.8187304028870613,0.06033596160438807,0.035126364318910905,0.0,0.1466289486091466,0.6404349230272366,0.31347300790094096,0.3235728806860348,0.8000000000000043,0.4614489238126466
5maiP9UMnTSgoxPX8X3bdz,1.0,0.0,0.0,0.0,0.0,0.0,0.0,0.0,0.0,0.0,0.0,1.0,0.0,0.0,0.0,0.0,1.0,0.0,0.5674157303370788,0.38555691554467564,0.7021238833343193,0.015655353673865842,0.33917014662356276,0.0,0.08887317303158887,0.21304769081709551,0.24671907245757324,0.3360271285642506,0.7428571428571473,0.06428043953688965
1WtTLtofvcjQM3sXSMkDdX,0.0,1.0,0.0,1.0,0.0,0.0,0.0,0.0,0.0,0.0,0.0,0.0,0.0,0.0,0.0,0.0,1.0,0.0,0.728932584269663,0.412484700122399,0.6592912500739512,0.030167980802194037,0.002529561535772716,1.289308176100629e-06,0.23031588873173028,0.4100549036494779,0.5605193382711431,0.27228425286075586,0.6285714285714263,0.02400085610225935
1ulAlG3x3jWtCCK2SI4qyL,1.0,0.0,0.0,0.0,0.0,0.0,1.0,0.0,0.0,0.0,0.0,0.0,0.0,0.0,0.0,0.0,1.0,0.0,0.8918539325842698,0.7968176254589964,0.6556232621428149,0.09153239629756599,0.033471704279157695,0.00949685534591195,0.024398868458274395,0.8051458714608678,0.4369761368873097,0.3275883454813407,0.48571428571428754,0.055741484846248024
2HsSzwrvvgiYSCdsYLiJWB,1.0,0.0,0.0,0.0,0.0,0.0,0.0,0.0,0.0,0.0,1.0,0.0,0.0,0.0,0.0,0.0,1.0,0.0,0.7205056179775282,0.6658506731946144,0.6944329408980654,0.027539709747457432,0.24506135686259908,0.0,0.07225365393682223,0.4455807944881043,0.42050638152929615,0.5468663607064695,0.8857142857142861,0.08697564041419939
0c6ZOImLejI2QuxHZ83GNB,1.0,0.0,1.0,0.0,0.0,0.0,0.0,0.0,0.0,0.0,0.0,0.0,0.0,0.0,0.0,0.0,1.0,0.0,0.7752808988764044,0.47123623011015914,0.5377743595811393,0.39664038395611934,0.10265717719133867,0.0,0.05516265912305516,0.4757239745936054,0.5670711752566302,0.2991058758233279,0.8285714285714292,2.6909952610267144e-06
2ktPib6e7LCnHX4LZECEyG,1.0,0.0,0.0,0.0,1.0,0.0,0.0,0.0,0.0,0.0,0.0,0.0,0.0,0.0,0.0,0.0,1.0,0.0,0.42556179775280895,0.5410036719706243,0.5991835768798437,0.14866872357444866,0.3433067967229458,0.0,0.12776991984912778,0.34007966411885027,0.10018099366188254,0.18468405019541229,1.0,0.008439823302110008
6Aa7aDayiQHnUw1dUvdneZ,1.0,0.0,0.0,1.0,0.0,0.0,0.0,0.0,0.0,0.0,0.0,0.0,0.0,0.0,0.0,0.0,1.0,0.0,0.6320224719101124,0.94859241126071,0.7781458912619061,0.10981602102616844,0.03285120676425025,0.0,0.3988684582743989,0.8202174615136184,0.14341911052635087,0.19436321245592975,0.8000000000000043,0.08641542571144428
32ny2YtiR7zKi7PBjiQ5Iy,1.0,0.0,0.0,0.0,0.0,0.0,0.0,1.0,0.0,0.0,0.0,0.0,0.0,0.0,0.0,0.0,1.0,0.0,0.7345505617977528,0.6719706242350061,0.7073300597527066,0.0470803336761513,0.13233764165441184,0.0,0.09830268741159828,0.16245020992571862,0.5209344883088778,0.2336012412201126,0.9714285714285751,0.08864973556312394
4phtpv5Fac3UlKsilybzyb,0.0,1.0,0.0,0.0,0.0,0.0,0.0,0.0,0.0,0.0,0.0,0.0,1.0,0.0,0.0,0.0,1.0,0.0,0.776685393258427,0.3929008567931457,0.2543335502573507,0.5211975774197235,0.5273877261454902,0.0,0.3187175860443187,0.14845516201959308,0.3467464552625075,0.15142927420999408,0.8571428571428612,1.9159189560708e-05
3Uw0h4GVLVjoUEToSWe0gY,1.0,0.0,0.0,0.0,0.0,0.0,0.0,0.0,0.0,0.0,0.0,1.0,0.0,0.0,0.0,0.0,1.0,0.0,0.603932584269663,0.4418604651162791,0.5106785777672601,0.06890641069592046,0.034816115561457174,6.656184486373166e-06,0.09948137670909948,0.06060932285498977,0.42737879769450143,0.41384094975202923,0.7428571428571473,0.04526879315324415
3ruoIF2UnoXdzK8mR61ebq,1.0,0.0,0.0,1.0,0.0,0.0,0.0,0.0,0.0,0.0,0.0,0.0,0.0,0.0,0.0,0.0,1.0,0.0,0.7851123595505618,0.7001223990208079,0.7392770514109921,0.07999085818763571,0.3608875596453236,0.0,0.09830268741159828,0.6275164172677361,0.25339112663545477,0.24862034095711022,0.9142857142857181,0.1412003357665388
3nS9a01VvXHQriLqJYwRqG,0.0,1.0,1.0,0.0,0.0,0.0,0.0,0.0,0.0,0.0,0.0,0.0,0.0,0.0,0.0,0.0,1.0,0.0,0.7851123595505618,0.3635250917992656,0.6301248299118498,0.03519597760255971,0.11785936630657128,0.0,0.0865157944365865,0.13338357196684253,0.5682332747831083,0.2642386069070199,0.9142857142857181,0.08147606472057838
4EzkcqltSOxYE2lstuLOFs,0.0,1.0,0.0,1.0,0.0,0.0,0.0,0.0,0.0,0.0,0.0,0.0,0.0,0.0,0.0,0.0,1.0,0.0,0.9452247191011236,0.4406364749082008,0.6302431521031768,0.4023540166838076,0.20162653081907742,0.0,0.20320603488920322,0.5144794918721068,0.4338571686179698,0.12809122463266903,1.0,0.1412003357665388
2nBI3iWLhupR7LyAJ5GGkE,1.0,0.0,0.0,0.0,0.0,0.0,0.0,0.0,1.0,0.0,0.0,0.0,0.0,0.0,0.0,0.0,1.0,0.0,0.598314606741573,0.7503059975520197,0.9253386972726734,0.06936350131413554,0.06439316377204575,0.0,0.9952852428099953,0.3357734955323501,0.5003573122107272,0.5511929714649719,0.8000000000000043,0.22819780023939232
2qh4lSMXnvve7ye2GYLTwv,0.0,1.0,1.0,0.0,0.0,0.0,0.0,0.0,0.0,0.0,0.0,0.0,0.0,0.0,0.0,0.0,1.0,0.0,0.8033707865168538,0.18359853121175027,0.7631781340590427,0.12010055993600732,0.004349687579501244,0.0,0.16548797736916548,0.28625255678759826,0.12009029646895392,0.13317467692327095,0.9428571428571431,0.1412003357665388
0KKkJNfGyhkQ5aFogxQAPU,0.0,1.0,0.0,1.0,0.0,0.0,0.0,0.0,0.0,0.0,0.0,0.0,0.0,0.0,0.0,0.0,1.0,0.0,0.824438202247191,0.4883720930232559,0.7785600189315505,0.015655353673865842,0.013408951297150055,0.0,0.07755775577557755,0.8858865324577457,0.49443995485176545,0.28301878859103435,0.8000000000000043,0.4614489238126466
1auxYwYrFRqZP7t3s7w4um,0.0,1.0,0.0,1.0,0.0,0.0,0.0,0.0,0.0,0.0,0.0,0.0,0.0,0.0,0.0,0.0,1.0,0.0,0.7345505617977528,0.8531211750305998,0.7441874223510618,0.32464861158724717,0.13130347912956608,0.0,0.37765205091937765,0.7943804499946174,0.5342184880684435,0.3095923357180849,0.6571428571428584,0.20018084707375253
3IPGG5Niex4hGlXFOYWzp9,1.0,0.0,0.0,0.0,0.0,0.0,0.0,0.0,0.0,0.0,0.0,0.0,1.0,0.0,0.0,0.0,1.0,0.0,0.9564606741573034,0.5434516523867808,0.5620304088031709,0.36464404068106504,0.07732019533261769,7.90356394129979e-06,0.0724893917963225,0.6662719345462376,0.467204082041555,0.12937995757482745,0.9714285714285751,0.1412003357665388
6X5OFBbrsHRsyO1zP7udgr,0.0,1.0,1.0,0.0,0.0,0.0,0.0,0.0,0.0,0.0,0.0,0.0,0.0,0.0,0.0,0.0,1.0,0.0,0.8974719101123596,0.8849449204406366,0.8309175885937407,0.23894412067192322,0.11475687873203401,8.710691823899371e-05,0.09240924092409239,0.5930670685757348,0.5009984705701633,0.23957187997334234,0.8285714285714292,0.002872659212952337
0Nf3vtVBfiayZL7c8r4KBO,1.0,0.0,0.0,0.0,0.0,0.0,0.0,0.0,0.0,0.0,0.0,0.0,1.0,0.0,0.0,0.0,1.0,0.0,0.8132022471910112,0.4638922888616892,0.6068153582204341,0.11438692720831906,0.03088629796704331,0.0,0.10773220179160772,0.4369684573151039,0.250332266962312,0.2842255303672153,0.7142857142857153,0.007546682845847494
0kwae8pEuAh2n6JwXyddHG,0.0,1.0,1.0,0.0,0.0,0.0,0.0,0.0,0.0,0.0,0.0,0.0,0.0,0.0,0.0,0.0,1.0,0.0,0.5477528089887642,0.7564259485924113,0.7880257942377091,0.06193577876814079,0.11372271620718825,0.0,0.17845355964167844,0.3465389169986005,0.1601560152007961,0.35318220329184014,0.8000000000000043,0.20018084707375253
2A0G0bPmlkUXUbvWqrAXzg,0.0,1.0,0.0,1.0,0.0,0.0,0.0,0.0,0.0,0.0,0.0,0.0,0.0,0.0,0.0,0.0,1.0,0.0,0.728932584269663,0.44430844553243576,0.6576939004910369,0.10867329448063079,0.012685037529758027,0.0,0.3965110796793965,0.05210463989665197,0.5474757728963662,0.19211581357311192,0.9714285714285751,0.14252775408908486
7s49Um7G06hq2rulrHPsIy,1.0,0.0,0.0,0.0,0.0,0.0,0.0,0.0,0.0,0.0,0.0,0.0,0.0,1.0,0.0,0.0,1.0,0.0,0.88061797752809,0.5936352509179926,0.7719339762172395,0.08353331047880244,0.11579104125687976,0.0,0.08887317303158887,0.46388201098073,0.4871200635815372,0.22028923960551738,0.8000000000000043,0.03969069961731434
5Q0Nhxo0l2bP3pNjpGJwV1,1.0,0.0,0.0,0.0,0.0,0.0,0.0,0.0,0.0,0.0,0.0,0.0,1.0,0.0,0.0,0.0,1.0,0.0,0.5421348314606742,0.657282741738066,0.7959533810566171,0.017255170837618565,0.0011231005019824894,0.00012054507337526206,0.07072135785007072,0.46603509527398,0.24034756126067763,0.27329337490355526,0.6000000000000014,0.19994582477890033
4BycRneKmOs6MhYG9THsuX,1.0,0.0,0.0,0.0,0.0,0.0,0.0,0.0,1.0,0.0,0.0,0.0,0.0,0.0,0.0,0.0,1.0,0.0,0.5070224719101124,0.554467564259486,0.7167366739632017,0.16352416866643815,0.02178566774840067,0.0,0.0,0.7760792335019917,0.240461099720161,0.28775745751701315,0.6285714285714263,0.7282782252919346
5tkDCf3xKRZjT5RbCb3sZB,1.0,0.0,0.0,0.0,0.0,1.0,0.0,0.0,0.0,0.0,0.0,0.0,0.0,0.0,0.0,0.0,1.0,0.0,0.5912921348314608,0.8176254589963279,0.8233449683488137,0.2663695577648269,0.012788453782242602,0.0,0.09240924092409239,0.12584777694046723,0.4930240634746776,0.24386485333041807,0.8285714285714292,0.7282782252919346
0DbO2UQHQvlcwMppuvmTpI,1.0,0.0,0.0,0.0,0.0,0.0,0.0,0.0,0.0,0.0,1.0,0.0,0.0,0.0,0.0,0.0,1.0,0.0,0.9115168539325844,0.5924112607099143,0.653966751464237,0.36121586104445214,0.04939780716178232,0.0,0.13012729844413012,0.59844977930886,0.553453238851525,0.12285009702287975,0.9428571428571431,0.04906556974848965
31VM9uxtem39xmT0dfDiSU,0.0,1.0,0.0,0.0,0.0,0.0,0.0,0.0,0.0,0.0,0.0,1.0,0.0,0.0,0.0,0.0,0.0,1.0,0.45505617977528084,0.4663402692778458,0.6077027746553865,0.345217689406925,0.0015367655119207914,0.0,0.3953323903818953,0.4768005167402304,0.417073512813149,0.3397545731098408,0.6857142857142833,0.265582221122059
6vSRW8utiYAdoCfJG2v86r,1.0,0.0,1.0,0.0,0.0,0.0,0.0,0.0,0.0,0.0,0.0,0.0,0.0,0.0,0.0,0.0,1.0,0.0,0.699438202247191,0.44675642594859244,0.6945512630893923,0.031424980002285455,0.701127030319577,0.0,0.15841584158415842,0.3077833997200991,0.14005302913931167,0.10429276312331681,0.8571428571428612,0.08055324493794182
5rU6kDNXZLXIinFezpbWbO,0.0,1.0,0.0,0.0,1.0,0.0,0.0,0.0,0.0,0.0,0.0,0.0,0.0,0.0,0.0,0.0,1.0,0.0,0.8918539325842698,0.6303549571603427,0.6559782287167957,0.256085018854988,0.066771737579191,0.0,0.06801037246581801,0.4466573366347293,0.1668614630432314,0.16021073831993793,0.8857142857142861,0.06709966202841267
4afMG2PlvFfX976bZJvHmb,0.0,1.0,0.0,0.0,0.0,0.0,0.0,1.0,0.0,0.0,0.0,0.0,0.0,0.0,0.0,0.0,1.0,0.0,0.6376404494382022,0.8017135862913096,0.8760575045849848,0.13267055193692148,0.21403648111722645,0.0,0.9245638849599245,0.48433631176660574,0.43438478851792234,0.33832498354920837,0.7714285714285722,0.14356000767900318
6rTInqW3YECMkQsBEHw4sd,1.0,0.0,0.0,0.0,0.0,0.0,0.0,0.0,0.0,0.0,0.0,0.0,0.0,1.0,0.0,0.0,1.0,0.0,0.872191011235955,0.39657282741738065,0.5184286812991775,0.19780596503256773,0.04050400944810883,0.0,0.13248467703913247,0.3131661104532243,0.44048247166547555,0.3019398268935229,0.9428571428571431,0.7282782252919346
2ZdCrBA52bb4pIG3tOOZiQ,0.0,1.0,0.0,0.0,0.0,0.0,1.0,0.0,0.0,0.0,0.0,0.0,0.0,0.0,0.0,0.0,1.0,0.0,0.675561797752809,0.5446756425948592,0.7593326628409157,0.16580962175751343,0.22954891898991278,0.0,0.29750117868929754,0.1753687156852191,0.6346198799163822,0.21306560764914506,0.8285714285714292,0.14356000767900318
5B0kgjHULYJhAQkK5XsMoC,1.0,0.0,1.0,0.0,0.0,0.0,0.0,0.0,0.0,0.0,0.0,0.0,0.0,0.0,0.0,0.0,1.0,0.0,0.31882022471910115,0.6022031823745411,0.7368514464887889,0.02251171294709177,0.2781545576576633,0.0,0.5685997171145686,0.8772741952847455,0.5497465420860355,0.1040678130012761,0.9428571428571431,0.11963622377111303
4Cv5dkUBqepa0siwGREihD,1.0,0.0,0.0,0.0,0.0,0.0,0.0,0.0,0.0,0.0,0.0,1.0,0.0,0.0,0.0,0.0,1.0,0.0,0.6587078651685394,0.6340269277845778,0.7414660119505412,0.018512170037709975,0.18611409294639106,0.00020754716981132075,0.05657708628005658,0.24426741306922173,0.539801908781866,0.3344840127738032,0.6571428571428584,0.12394584832728606
0WCbhE2evMrIwRM0DlMy9k,0.0,1.0,0.0,1.0,0.0,0.0,0.0,0.0,0.0,0.0,0.0,0.0,0.0,0.0,0.0,0.0,1.0,0.0,0.8033707865168538,0.3292533659730722,0.7249009051647635,0.2903668152211176,0.05146613221147382,1.6666666666666667e-05,0.08144743045733144,0.09570459683496609,0.44712113217880295,0.46427602851610705,0.8000000000000043,0.0832090743774021
3GW3dMxqIbl14cZtpLRQBy,1.0,0.0,0.0,1.0,0.0,0.0,0.0,0.0,0.0,0.0,0.0,0.0,0.0,0.0,0.0,0.0,1.0,0.0,0.7415730337078652,0.5532435740514076,0.6972135123942493,0.1349560050279968,0.03750493812605614,0.0,0.8408769448373409,0.40359565076972764,0.507249764574665,0.21252530688872956,0.9428571428571431,0.05964425530337688
0Z1nbG2KOuRKntstSAkSox,0.0,1.0,0.0,0.0,0.0,0.0,0.0,0.0,0.0,0.0,0.0,0.0,0.0,1.0,0.0,0.0,1.0,0.0,0.7598314606741574,0.5397796817625459,0.7759569307223568,0.28236772940235405,0.08631740929877575,0.0,0.14427157001414426,0.23134890730972119,0.23373561567899342,0.1672977183330145,0.8571428571428612,0.08055324493794182
62Yo3FDddWY8ydu6PW2wyz,0.0,1.0,0.0,1.0,0.0,0.0,0.0,0.0,0.0,0.0,0.0,0.0,0.0,0.0,0.0,0.0,1.0,0.0,0.577247191011236,0.4847001223990208,0.574572561083831,0.04856587818535025,0.005218384100371678,8.763102725366876e-06,0.08227251296558227,0.06771450102271505,0.6017070841319985,0.2823712686135714,0.9714285714285751,0.029406072787293874
7jslhIiELQkgW9IHeYNOWE,1.0,0.0,0.0,0.0,0.0,0.0,0.0,0.0,0.0,0.0,1.0,0.0,0.0,0.0,0.0,0.0,1.0,0.0,0.7162921348314608,0.6291309669522644,0.7038395551085606,0.2732259170380528,0.0019917970228529236,0.0,0.23385195662423383,0.25072666594897197,0.4805348329314963,0.306173934798102,0.7714285714285722,0.7282782252919346
1Jl21sidRpEdlVBvYbssLx,1.0,0.0,0.0,0.0,0.0,0.0,0.0,0.0,0.0,0.0,0.0,0.0,0.0,1.0,0.0,0.0,1.0,0.0,0.875,0.27417380660954715,0.3759096018458261,0.15781053593874989,0.00559068260931615,0.0,0.2892503536067893,0.21304769081709551,0.44053590152876193,0.27427306422010633,0.8571428571428612,0.08147606472057838
4tqcoej1zPvwePZCzuAjJd,1.0,0.0,0.0,0.0,0.0,0.0,0.0,0.0,1.0,0.0,0.0,0.0,0.0,0.0,0.0,0.0,1.0,0.0,0.32162921348314605,0.6866585067319462,0.5923800508785422,0.37721403268197923,0.07204596645590433,0.0,0.09948137670909948,0.5403165033911078,0.7720147733571987,0.3515003332205079,0.7428571428571473,0.19502563168631767
4NVNapccSX7E5JLiW0uQEy,0.0,1.0,0.0,0.0,1.0,0.0,0.0,0.0,0.0,0.0,0.0,0.0,0.0,0.0,0.0,0.0,1.0,0.0,0.35674157303370796,0.7343941248470013,0.6727208187895639,0.5817620843332192,0.14371342942771514,1.1844863731656185e-05,0.10066006600660066,0.24426741306922173,0.694915480635014,0.7584834577566797,0.7142857142857153,0.7282782252919346
5TlAXiBCBwiQnIZUAA4Jkg,1.0,0.0,0.0,0.0,0.0,0.0,0.0,0.0,0.0,0.0,0.0,0.0,0.0,1.0,0.0,1.0,0.0,0.0,0.5870786516853934,0.5630354957160343,0.572620244926936,0.3829276654096675,0.44672304920752126,0.0,0.6817538896746816,0.5381634190978578,0.45981740344221894,0.5926237383346543,0.7714285714285722,0.09467860128580456
2HbTwmup8SWz5tMcKZXFLh,1.0,0.0,0.0,0.0,0.0,0.0,0.0,0.0,0.0,0.0,0.0,0.0,0.0,1.0,0.0,0.0,1.0,0.0,0.7134831460674158,0.6731946144430844,0.600544282080104,0.17495143412181466,0.2512663320116736,0.0005450733752620545,0.052569542668552564,0.6189040800947357,0.4348255848900346,0.1885775794105466,1.0,0.22652291259671775
7GEidxhfGNteiW9n0kLyxH,0.0,1.0,0.0,0.0,0.0,0.0,0.0,0.0,0.0,0.0,0.0,0.0,0.0,1.0,0.0,0.0,1.0,0.0,0.8469101123595506,0.5691554467564259,0.7861918002721409,0.1132442006627814,0.07794069284752514,0.0,0.057755775577557754,0.3002476046937238,0.47446386471558605,0.5642842276327048,0.7428571428571473,0.13666316970816478
78sr3ogs4UzITcCNbXM9cM,1.0,0.0,0.0,0.0,0.0,1.0,0.0,0.0,0.0,0.0,0.0,0.0,0.0,0.0,0.0,0.0,1.0,0.0,0.49438202247191015,0.6927784577723378,0.6446784594450687,0.20694777739686893,0.032230709249342786,0.0,0.19731258840169733,0.39175368715685227,0.7009864488509239,0.22799430686980854,0.8285714285714292,0.7282782252919346
2uiEqPjMmIJXOKplzsEASP,1.0,0.0,0.0,1.0,0.0,0.0,0.0,0.0,0.0,0.0,0.0,0.0,0.0,0.0,0.0,0.0,0.0,1.0,0.48455056179775285,0.7258261933904528,0.7741820978524521,0.3874985715918181,0.11992769135626279,0.0,0.07767562470532768,0.5683065992033588,0.4469875575205871,0.45871955026794287,0.48571428571428754,0.6999464866418124
0osPX8TruIebOhKuG6GK8C,0.0,1.0,0.0,1.0,0.0,0.0,0.0,0.0,0.0,0.0,0.0,0.0,0.0,0.0,0.0,0.0,1.0,0.0,0.6376404494382022,0.43206854345165235,0.6515411465420339,0.12010055993600732,0.1509525671016354,0.007473794549266248,0.09240924092409239,0.18828722144471954,0.5539741800185667,0.4206525235409252,0.6571428571428584,0.09643701428624128
7lAK3oHbfEnvUQWosrMMpR,0.0,1.0,1.0,0.0,0.0,0.0,0.0,0.0,0.0,0.0,0.0,0.0,0.0,0.0,0.0,0.0,1.0,0.0,0.728932584269663,0.48102815177478586,0.6833106549133289,0.01599817163752714,0.2926328330055038,3.5639412997903566e-06,0.103017444601603,0.11508235547421682,0.45424066146170744,0.16392136416481484,0.8571428571428612,0.22819780023939232
0B8QzDH7YWih85V5SEMnyJ,1.0,0.0,0.0,0.0,0.0,0.0,0.0,1.0,0.0,0.0,0.0,0.0,0.0,0.0,0.0,0.0,1.0,0.0,0.7429775280898876,0.4981640146878824,0.6095959297166182,0.13152782539138383,0.055913031068310574,0.0,0.09358793022159359,0.4746474324469804,0.5085120450948046,0.26672777461259173,0.8000000000000043,0.14356000767900318
31lopd32BkJBTSgYE16c5e,1.0,0.0,0.0,0.0,0.0,0.0,1.0,0.0,0.0,0.0,0.0,0.0,0.0,0.0,0.0,0.0,0.0,1.0,0.50561797752809,0.5165238678090575,0.7110572087795064,0.35093132213461325,0.0288179729173518,0.0,0.09830268741159828,0.10324039186134139,0.3565508351755505,0.2699380441112473,0.9714285714285751,0.14252775408908486
4F7A0DXBrmUAkp32uenhZt,0.0,1.0,0.0,1.0,0.0,0.0,0.0,0.0,0.0,0.0,0.0,0.0,0.0,0.0,0.0,0.0,1.0,0.0,0.43117977528089885,0.5740514075887393,0.575755782997101,0.08924694320649068,0.19542155567000288,2.421383647798742e-05,0.2715700141442716,0.1947464743244698,0.11681771734266583,0.37241018288234684,0.8000000000000043,0.6728145922379295
4uu7gKd1PffC7QEMcMk0Ro,1.0,0.0,0.0,0.0,0.0,0.0,0.0,1.0,0.0,0.0,0.0,0.0,0.0,0.0,0.0,0.0,1.0,0.0,0.6938202247191012,0.5556915544675642,0.5183103591078506,0.34636041595246264,0.07442454026304957,0.0,0.033592644978783594,0.3379265798256002,0.5875949214914946,0.2030458666991828,0.8857142857142861,0.06760439345994446
4Iedi94TIaB2GGb1nMB68v,1.0,0.0,0.0,0.0,0.0,0.0,0.0,0.0,1.0,0.0,0.0,0.0,0.0,0.0,0.0,0.0,1.0,0.0,0.8286516853932584,0.49326805385556904,0.6996391173164526,0.4172094617757971,0.003346549930400862,0.0,0.12423385195662423,0.4800301431801055,0.11980311095378976,0.13431414389659863,0.9142857142857181,0.14252775408908486
0OPyDgTRuIdCJ9B4bYSths,0.0,1.0,0.0,1.0,0.0,0.0,0.0,0.0,0.0,0.0,0.0,0.0,0.0,0.0,0.0,0.0,1.0,0.0,0.8202247191011236,0.5752753977968177,0.5750458498491391,0.22865958176208434,0.007038510144100206,0.0004255765199161426,0.04632248939179632,0.7545483905694909,0.4405826526591374,0.34799573645936915,0.6000000000000014,0.08903892837288215
1EXgignL7eG2MHErBEAD5d,0.0,1.0,0.0,1.0,0.0,0.0,0.0,0.0,0.0,0.0,0.0,0.0,0.0,0.0,0.0,0.0,1.0,0.0,0.5547752808988764,0.5030599755201958,0.6519552742116783,0.35550222831676387,0.015373860094356989,0.0,0.17256011315417255,0.3250080740660998,0.6673857435767288,0.22751707623706796,0.8857142857142861,0.09281698992341585
3swc6WTsr7rl9DqQKQA55C,0.0,1.0,0.0,0.0,0.0,0.0,0.0,0.0,0.0,0.0,1.0,0.0,0.0,0.0,0.0,0.0,1.0,0.0,0.6797752808988764,0.4883720930232559,0.593208306217831,0.08924694320649068,0.5646175770399374,0.0,0.09712399811409711,0.4541931316611046,0.5344722799190538,0.3140219610184564,0.8571428571428612,0.3750743507185793
3bMNprrp2JDKZsGbiXpsJl,0.0,1.0,0.0,1.0,0.0,0.0,0.0,0.0,0.0,0.0,0.0,0.0,0.0,0.0,0.0,0.0,1.0,0.0,0.502808988764045,0.6878824969400245,0.6708276637283321,0.40121129013826995,0.17784079274762501,0.0,0.5355964167845355,0.7750026913553666,0.16533203320666007,0.30454672550408796,0.6285714285714263,0.265582221122059
7Bpx2vsWfQFBACRz4h3IqH,0.0,1.0,0.0,1.0,0.0,0.0,0.0,0.0,0.0,0.0,0.0,0.0,0.0,0.0,0.0,0.0,1.0,0.0,0.625,0.5507955936352509,0.7494527598651126,0.345217689406925,0.005911272992018333,0.0,0.23856671381423858,0.11508235547421682,0.49493418108716397,0.37841656137459234,0.9428571428571431,0.23101191941951416
512V3IJCkqvN8uWmXYgGXy,0.0,1.0,0.0,0.0,0.0,0.0,0.0,0.0,0.0,1.0,0.0,0.0,0.0,0.0,0.0,0.0,1.0,0.0,0.6615168539325842,0.5189718482252141,0.5813760870851327,0.12695691920923324,0.2822912077570463,4.926624737945493e-06,0.10773220179160772,0.6942620303584887,0.540823754917217,0.08107875146375254,0.9428571428571431,0.008439823302110008
4EDijkJdHBZZ0GwJ12iTAj,1.0,0.0,0.0,0.0,0.0,0.0,0.0,1.0,0.0,0.0,0.0,0.0,0.0,0.0,0.0,0.0,1.0,0.0,0.5224719101123596,0.38310893512851896,0.3207122995917884,0.1109587475717061,0.3629558846950151,0.20020964360587004,0.09005186232909004,0.43481537302185386,0.7996914425395212,0.08318529372809627,0.8000000000000043,0.6728145922379295
2MyQK6cKu9IAzNXiBm7TD0,1.0,0.0,0.0,0.0,0.0,0.0,0.0,0.0,0.0,0.0,0.0,0.0,1.0,0.0,0.0,0.0,1.0,0.0,0.44803370786516855,0.7392900856793145,0.7422351061941665,0.0365672494572049,0.06656490507422183,0.0,0.1407355021216407,0.15383787275271826,0.5685004240995397,0.3565207153834349,0.9428571428571431,0.08055324493794182
1a7WZZZH7LzyvorhpOJFTe,0.0,1.0,1.0,0.0,0.0,0.0,0.0,0.0,0.0,0.0,0.0,0.0,0.0,0.0,0.0,0.0,1.0,0.0,0.6685393258426966,0.5116279069767441,0.7748328699047505,0.20009141812364303,0.039366430670778496,0.0,0.07850070721357852,0.5004844439659814,0.5674251481009023,0.39188203363319674,0.8571428571428612,0.27935376819979313
0QjSXEGUUjE2TwwTUWodN1,0.0,1.0,0.0,1.0,0.0,0.0,0.0,0.0,0.0,0.0,0.0,0.0,0.0,0.0,1.0,0.0,0.0,0.0,0.625,0.3414932680538556,0.5038158906702951,0.5886184436064451,0.0014747157604300461,1.8343815513626833e-05,0.05846298915605847,0.0687910431693401,0.4620213853027802,0.311919623429291,0.8000000000000043,0.7282782252919346
7eaKWfov7b2Qa2n6HTesL3,0.0,1.0,0.0,0.0,0.0,0.0,0.0,0.0,0.0,0.0,0.0,1.0,0.0,0.0,0.0,0.0,1.0,0.0,0.8469101123595506,0.6744186046511628,0.7090457315269478,0.08696149011541537,0.07390745900062669,0.0,0.28689297501178695,0.4283561201421036,0.40049689772856295,0.4284458889839613,0.7142857142857153,0.11582285705945246
2p8IUWQDrpjuFltbdgLOag,1.0,0.0,0.0,0.0,0.0,0.0,0.0,1.0,0.0,0.0,0.0,0.0,0.0,0.0,0.0,0.0,1.0,0.0,0.558988764044944,0.5030599755201958,0.7112346920664969,0.004113815563935551,0.08383541923914595,0.006331236897274634,0.1089108910891089,0.11400581332759176,0.3267570076605067,0.6074809580772861,0.9142857142857181,0.6728145922379295
1N0DFA1BKu5f2rrvoDotkJ,0.0,1.0,0.0,1.0,0.0,0.0,0.0,0.0,0.0,0.0,0.0,0.0,0.0,0.0,0.0,0.0,1.0,0.0,0.5870786516853934,0.375764993880049,0.28977104655978214,0.6663238487030054,0.03740152187357157,0.0,0.08321546440358321,0.3928302293034773,0.1562756713796259,0.22598867680974477,0.8285714285714292,9.231245879250217e-06
7yKSPAeiLHVJFSkJacPTmJ,0.0,1.0,0.0,1.0,0.0,0.0,0.0,0.0,0.0,0.0,0.0,0.0,0.0,0.0,0.0,0.0,1.0,0.0,0.7247191011235956,0.6095471236230111,0.8884813346743181,0.2537995657639127,0.07266646397081179,0.0,0.1643092880716643,0.32285498977284965,0.5876817450193348,0.12548642835969315,0.8857142857142861,0.27935376819979313
6wJYhPfqk3KGhHRG76WzOh,0.0,1.0,1.0,0.0,0.0,0.0,0.0,0.0,0.0,0.0,0.0,0.0,0.0,0.0,0.0,0.0,1.0,0.0,0.7134831460674158,0.48102815177478586,0.6041531089155769,0.013027082619129243,0.21403648111722645,0.0,0.12187647336162188,0.3357734955323501,0.2604705835208944,0.1902089933797389,0.9142857142857181,0.04642053912496358
3XOalgusokruzA5ZBA2Qcb,1.0,0.0,0.0,1.0,0.0,0.0,0.0,0.0,0.0,0.0,0.0,0.0,0.0,0.0,1.0,0.0,0.0,0.0,0.7120786516853932,0.3194614443084455,0.8015736851446488,0.18295051994057823,0.008062331043697503,0.007264150943396227,0.11834040546911834,0.48541285391323075,0.11666410648571751,0.13495956153647237,0.9714285714285751,0.13666316970816478
1K0gaqpmv9pWtIWZl4EcAG,1.0,0.0,0.0,0.0,0.0,0.0,0.0,1.0,0.0,0.0,0.0,0.0,0.0,0.0,0.0,0.0,1.0,0.0,0.726123595505618,0.3292533659730722,0.44524640596343823,0.424065821049023,0.07452795651553415,0.0,0.12305516265912306,0.6038324900419851,0.5821450754362882,0.056611746601045704,1.0,0.008439823302110008
05nbZ1xxVNwUTcGwLbp7CN,1.0,0.0,0.0,0.0,0.0,0.0,0.0,1.0,0.0,0.0,0.0,0.0,0.0,0.0,0.0,0.0,1.0,0.0,0.678370786516854,0.2900856793145655,0.6318996627817546,0.1646668952119758,0.6701021545742043,1.3207547169811322e-06,0.10183875530410183,0.052535256755301976,0.13356130075002165,0.3236927139286172,0.8285714285714292,0.02983648398077518
0wdKiSBUT7aZkXUIdJWcwC,1.0,0.0,0.0,0.0,0.0,0.0,0.0,0.0,0.0,1.0,0.0,0.0,0.0,0.0,0.0,0.0,1.0,0.0,0.8834269662921348,0.6364749082007345,0.760456723658522,0.3783567592275169,0.1623283548749387,0.0,0.18906176331918906,0.5564646355904834,0.4133067074514623,0.35304134667336606,0.8000000000000043,0.05260528227216562
62hpoPrA3rtfeX1aWONig5,1.0,0.0,0.0,0.0,0.0,0.0,0.0,0.0,0.0,0.0,0.0,1.0,0.0,0.0,0.0,0.0,1.0,0.0,0.5632022471910114,0.401468788249694,0.5530970833579837,0.45149125814192664,0.20369485586876893,0.0,0.1537010843941537,0.3820648078372269,0.5677857996780851,0.35159914308719864,0.9142857142857181,0.0832090743774021
37jTPJgwCCmIGMPB45jrPV,1.0,0.0,0.0,0.0,1.0,0.0,0.0,0.0,0.0,0.0,0.0,0.0,0.0,0.0,0.0,0.0,1.0,0.0,0.5758426966292136,0.45654834761321916,0.6637874933443766,0.06422123185921608,0.061394092449993075,9.004192872117402e-06,0.2680339462517681,0.1280008612337173,0.5680128765970518,0.5599386958359,0.7142857142857153,0.11809813274190192
27PmvZoffODNFW2p7ehZTQ,0.0,1.0,0.0,0.0,0.0,0.0,0.0,0.0,0.0,0.0,1.0,0.0,0.0,0.0,0.0,0.0,1.0,0.0,0.27808988764044945,0.7466340269277846,0.8056558007454298,0.35321677522568856,0.02426765780803048,0.0,0.04054691183404054,0.7028743675314889,0.6594781238103506,0.2652414219370518,0.8000000000000043,0.0009673997332553123
6G8kHiVZ1jW7vHMPVRNZU0,0.0,1.0,0.0,0.0,0.0,0.0,0.0,0.0,0.0,0.0,0.0,0.0,1.0,0.0,0.0,0.0,1.0,0.0,0.7808988764044944,0.19216646266829865,0.33899307815180724,0.03496743229345218,0.5098069632231124,0.013417190775681343,0.09594530881659594,0.1086231025944666,0.28694508077927455,0.36520757430186623,0.8571428571428612,0.7282782252919346
4zrwPfq5ENLzjq41Txs2HR,0.0,1.0,0.0,1.0,0.0,0.0,0.0,0.0,0.0,0.0,0.0,0.0,0.0,0.0,0.0,0.0,1.0,0.0,0.7893258426966292,0.5458996328029375,0.7028338164822812,0.018626442692263746,0.07949193663479377,0.0007159329140461216,0.09358793022159359,0.4003660243298525,0.2736811172184413,0.4278004713440875,0.8000000000000043,0.06208143484633685
610FzmkhFSsORpECZbjT4X,0.0,1.0,0.0,0.0,0.0,0.0,0.0,0.0,0.0,1.0,0.0,0.0,0.0,0.0,0.0,0.0,0.0,1.0,0.41853932584269654,0.7796817625458997,0.7530615867005855,0.22865958176208434,0.28332537028189203,3.605870020964361e-05,0.11834040546911834,0.6802669824523631,0.20460966145502874,0.3925379629610164,0.6285714285714263,0.12394584832728606
3kW4z2pIj5VY5fLjBrMRL5,1.0,0.0,0.0,0.0,0.0,0.0,0.0,0.0,0.0,0.0,0.0,0.0,0.0,1.0,0.0,0.0,1.0,0.0,0.7148876404494382,0.6842105263157895,0.7553688694314618,0.18980687921380415,0.024371074060515054,0.0,0.10066006600660066,0.48756593820648086,0.6348269206366168,0.34174548680678046,0.9142857142857181,0.14356000767900318
42m3eP1JJhtzffal9B136J,1.0,0.0,0.0,0.0,0.0,0.0,0.0,1.0,0.0,0.0,0.0,0.0,0.0,0.0,0.0,0.0,1.0,0.0,0.643258426966292,0.4528763769889841,0.829024433532509,0.3097931664952577,0.23265140656445005,0.0,0.09594530881659594,0.1118527290343417,0.19947371584662948,0.3522739934533208,0.9428571428571431,0.7282782252919346
2E79dyG3vXolWuWiEXqNMX,1.0,0.0,0.0,0.0,0.0,0.0,0.0,0.0,1.0,0.0,0.0,0.0,0.0,0.0,0.0,0.0,1.0,0.0,0.9241573033707866,0.47246022031823753,0.7774359581139441,0.2789395497657411,0.02406082530306133,1.7505241090146752e-06,0.08392267798208392,0.6124448272149855,0.5211548864949342,0.03671522365718441,0.9142857142857181,0.0832090743774021
0b4M7hd7mzLTm99MrMeZsp,0.0,1.0,0.0,0.0,0.0,0.0,0.0,0.0,0.0,0.0,1.0,0.0,0.0,0.0,0.0,0.0,0.0,1.0,0.13764044943820225,0.832313341493268,0.7862509613678044,0.10524511484401783,0.0003805718091432377,0.0,0.25153229608675154,0.05059748089137689,0.2678572621202305,0.49145925354401554,0.6571428571428584,0.7282782252919346
4ycLiPVzE5KamivXrAzGFG,0.0,1.0,1.0,0.0,0.0,0.0,0.0,0.0,0.0,0.0,0.0,0.0,0.0,0.0,0.0,0.0,1.0,0.0,0.595505617977528,0.8237454100367196,0.7295154706265159,0.033938978402468296,0.1333718041792576,0.0,0.1265912305516266,0.7545483905694909,0.45011988325574875,0.31716075103908037,0.6285714285714263,0.005203270118342133
500l6Cwe40hkPqS7Sf7ufY,1.0,0.0,0.0,0.0,0.0,0.0,0.0,0.0,1.0,0.0,0.0,0.0,0.0,0.0,0.0,0.0,1.0,0.0,0.696629213483146,0.6658506731946144,0.7647163225462934,0.15666780939321223,0.09365996322518061,0.0,0.16666666666666669,0.24426741306922173,0.42023255347995375,0.1488896504022823,0.8571428571428612,0.08398024046594313
2nibvvDdAQkVraYP00z2RS,0.0,1.0,1.0,0.0,0.0,0.0,0.0,0.0,0.0,0.0,0.0,0.0,0.0,0.0,0.0,0.0,1.0,0.0,0.42837078651685395,0.4761321909424725,0.6835472992959828,0.09038966975202833,0.0566369448357026,0.0,0.17727487034417724,0.0720206696092152,0.4068216577950831,0.448971010866983,1.0,0.7282782252919346
5phjnA00QqNdF7oo8a6yu0,0.0,1.0,0.0,0.0,0.0,0.0,0.0,0.0,0.0,0.0,1.0,0.0,0.0,0.0,0.0,0.0,1.0,0.0,0.8314606741573034,0.5679314565483476,0.7960125421522806,0.43092218032224894,0.23265140656445005,0.0,0.17845355964167844,0.6695015609861127,0.4676181634820242,0.10462283012481577,0.9428571428571431,0.0036403679386499063
1wHZx0LgzFHyeIZkUydNXq,0.0,1.0,0.0,1.0,0.0,0.0,0.0,0.0,0.0,0.0,0.0,0.0,0.0,0.0,0.0,0.0,1.0,0.0,0.6278089887640448,0.44675642594859244,0.7735313258001537,0.005827905382242031,0.007896865039722183,0.0001551362683438155,0.11244695898161244,0.1010873075680913,0.4742968963928164,0.40074969358429635,0.7714285714285722,0.22819780023939232
34Aj1Yn5hEZKmRKkfRQNAx,0.0,1.0,0.0,0.0,1.0,0.0,0.0,0.0,0.0,0.0,0.0,0.0,0.0,0.0,0.0,0.0,1.0,0.0,0.603932584269663,0.6132190942472461,0.7379755073063952,0.12695691920923324,0.14785007952709814,0.0,0.11362564827911362,0.19259339003121972,0.574371030328126,0.12183046329213454,0.9714285714285751,0.005612658455641825
1s9DTymg5UQrdorZf43JQm,0.0,1.0,0.0,0.0,1.0,0.0,0.0,0.0,0.0,0.0,0.0,0.0,0.0,0.0,0.0,0.0,1.0,0.0,0.5491573033707866,0.6205630354957161,0.7047861326391763,0.12467146611815794,0.02819747540244435,0.0,0.3434700612918435,0.2044353536440952,0.6876623766938936,0.2822619470589348,0.8571428571428612,0.08398024046594313
5259GVdvIOBkcqo6L2i9qw,1.0,0.0,0.0,0.0,0.0,0.0,1.0,0.0,0.0,0.0,0.0,0.0,0.0,0.0,0.0,0.0,1.0,0.0,0.5969101123595506,0.405140758873929,0.43223096491747015,0.1932350588504171,0.4188006610366859,0.0,0.07885431400282886,0.5413930455377329,0.21361927215168736,0.2433539852962509,0.7428571428571473,0.02439001407712744
4kq0Fzt6XmGNN1aXY2QQsS,0.0,1.0,0.0,0.0,0.0,0.0,1.0,0.0,0.0,0.0,0.0,0.0,0.0,0.0,0.0,0.0,1.0,0.0,0.7401685393258428,0.7686658506731947,0.8376619534993787,0.04022397440292539,0.12303017893080004,0.0,0.04078264969354079,0.6135213693616105,0.6009123149156144,0.28926273123085555,0.8285714285714292,0.0832090743774021
0jkeRqlWciqKxU3iHQfdWj,0.0,1.0,0.0,0.0,0.0,0.0,0.0,0.0,0.0,1.0,0.0,0.0,0.0,0.0,0.0,0.0,1.0,0.0,0.625,0.8225214198286412,0.7870200556114298,0.14524054393783567,0.13957677932833212,0.0,0.32107496463932106,0.5467757562708581,0.30762243787108706,0.2847847521659333,0.7428571428571473,0.0766504222284778
3OdeZ1MhdHaRqAZLpowKWn,0.0,1.0,0.0,0.0,0.0,0.0,0.0,0.0,0.0,0.0,0.0,0.0,0.0,1.0,0.0,0.0,1.0,0.0,0.526685393258427,0.5593635250917993,0.6481098029935513,0.03473888698434465,0.006397329378695839,0.0,0.08392267798208392,0.16137366777909357,0.5671179263870059,0.29050311040846316,0.6857142857142833,0.13666316970816478
3RgGKsqjhUYptGgJYHWfFF,0.0,1.0,0.0,0.0,1.0,0.0,0.0,0.0,0.0,0.0,0.0,0.0,0.0,0.0,0.0,0.0,1.0,0.0,0.6629213483146068,0.5507955936352509,0.5090220670886824,0.11210147411724375,0.13440596670410335,0.0,0.06353135313531352,0.5080202389923566,0.4343180011888144,0.3813009685469273,0.8571428571428612,2.0064896703577832e-05
0pSBuHjILhNEo55xK1zrRt,0.0,1.0,0.0,1.0,0.0,0.0,0.0,0.0,0.0,0.0,0.0,0.0,0.0,0.0,0.0,0.0,1.0,0.0,0.75561797752809,0.8873929008567931,0.9234455422114416,0.014969717746543258,0.0865242418037449,0.0,0.27982083922677986,0.8094520400473679,0.5671045689211842,0.35007074365987545,0.8285714285714292,0.008058485760071697
06JvOZ39sK8D8SqiqfaxDU,1.0,0.0,0.0,0.0,0.0,0.0,0.0,1.0,0.0,0.0,0.0,0.0,0.0,0.0,0.0,0.0,1.0,0.0,0.6264044943820224,0.8567931456548348,0.7474412826125538,0.25494229230945037,0.01878659642634798,6.383647798742139e-06,0.5685997171145686,0.3777586392507267,0.1603430197222983,0.1608267232335634,0.9714285714285751,0.3813722114626923
79s5XnCN4TJKTVMSmOx8Ep,0.0,1.0,0.0,0.0,0.0,0.0,0.0,0.0,0.0,1.0,0.0,0.0,0.0,0.0,0.0,0.0,1.0,0.0,0.39606741573033716,0.788249694002448,0.7329468141749984,0.3703576734087533,0.21920729374145523,0.0004077568134171908,0.44719471947194717,0.6576595973732372,0.548056822659605,0.30339884918040366,0.8857142857142861,0.11774238142664968
6Zkz5Y3SXPB1Pcdr6zBgzi,0.0,1.0,0.0,0.0,0.0,0.0,0.0,0.0,0.0,1.0,0.0,0.0,0.0,0.0,0.0,0.0,1.0,0.0,0.827247191011236,0.3157894736842105,0.4851209844406318,0.20580505085133127,0.05467203603849567,0.0,0.07838283828382839,0.3346969533857251,0.49446666978340864,0.1798339573772077,0.9428571428571431,0.0011040744246033811
12d5QFwzh60IIHlsSnAvps,1.0,0.0,0.0,0.0,0.0,0.0,0.0,0.0,0.0,0.0,0.0,0.0,0.0,1.0,0.0,0.0,1.0,0.0,0.7851123595505618,0.7282741738066095,0.853931254806839,0.4069249228659582,0.27401790755828026,2.2536687631027256e-06,0.05610561056105611,0.916029712563247,0.7540556605600783,0.2221350920088046,0.7714285714285722,0.7282782252919346
19s7W71y7IZDAn6X2mnCqr,1.0,0.0,1.0,0.0,0.0,0.0,0.0,0.0,0.0,0.0,0.0,0.0,0.0,0.0,0.0,0.0,1.0,0.0,0.875,0.23623011015911868,0.2168845767023604,0.32921951776939784,0.01920026143628628,0.0,0.03194247996228194,0.6587361395198623,0.6677998250171977,0.180981833700892,0.9428571428571431,0.0018053443061379318
0tPShxf8VJUH6RBDEP3tVB,0.0,1.0,0.0,0.0,0.0,1.0,0.0,0.0,0.0,0.0,0.0,0.0,0.0,0.0,0.0,0.0,1.0,0.0,0.8398876404494382,0.4773561811505509,0.7645388392593029,0.22066049594332077,0.1488842420519439,0.0,0.08887317303158887,0.36914630207772636,0.5336307595722938,0.3499593197676496,0.8000000000000043,0.22819780023939232
5dwT1VohRzyqh0qO4HqsJm,0.0,1.0,1.0,0.0,0.0,0.0,0.0,0.0,0.0,0.0,0.0,0.0,0.0,0.0,0.0,0.0,1.0,0.0,0.7345505617977528,0.6780905752753977,0.8663550848961722,0.17266598103073935,0.3795024850925472,0.0,0.07791136256482792,0.3799117235439768,0.46758476981747005,0.3685671097693526,0.8285714285714292,0.06982085913916508
2jGEiQ3otr4CPIeBgefjRA,1.0,0.0,0.0,0.0,0.0,0.0,0.0,0.0,0.0,0.0,0.0,0.0,1.0,0.0,0.0,0.0,1.0,0.0,0.9606741573033708,0.7123623011015912,0.725315032834408,0.24122957376299853,0.066771737579191,1.1635220125786164e-05,0.0876944837340877,0.626439875121111,0.5139218187525463,0.3899289620128621,0.8285714285714292,0.11879591913442544
3K14Lbs8fFa8nTQ7bacADg,0.0,1.0,0.0,1.0,0.0,0.0,0.0,0.0,0.0,0.0,0.0,0.0,0.0,0.0,0.0,0.0,1.0,0.0,0.752808988764045,0.8200734394124847,0.6515411465420339,0.31779225231402125,0.08776523683355981,0.0018658280922431865,0.23856671381423858,0.7157928732909894,0.2468526471157892,0.18140650589390345,0.7142857142857153,0.05964425530337688
4Wlz0HsHZlJy0NDK2h6jq6,0.0,1.0,0.0,1.0,0.0,0.0,0.0,0.0,0.0,0.0,0.0,0.0,0.0,0.0,0.0,0.0,1.0,0.0,0.800561797752809,0.4638922888616892,0.561557120037863,0.3429322363158497,0.16336251739978447,0.0,0.32225365393682226,0.2582624609753472,0.41371411015902054,0.17096209275092977,1.0,0.00856367004517493
5aooThgj87ID0vgiyvcjPM,0.0,1.0,0.0,1.0,0.0,0.0,0.0,0.0,0.0,0.0,0.0,0.0,0.0,0.0,0.0,0.0,1.0,0.0,0.556179775280899,0.736842105263158,0.5718511506833105,0.4000685635927323,0.0401937606906551,0.0,0.0876944837340877,0.5693831413499838,0.7346405839884058,0.322151700475759,0.6000000000000014,0.7282782252919346
69bHJ9qs5FrUJbKP8xU8uZ,0.0,1.0,0.0,0.0,0.0,1.0,0.0,0.0,0.0,0.0,0.0,0.0,0.0,0.0,0.0,0.0,1.0,0.0,0.925561797752809,0.6095471236230111,0.7902739158729218,0.23323048794423495,0.2130023185923807,8.259958071278827e-05,0.2951438000942952,0.7244052104639896,0.2470062579727374,0.2988577999878064,0.48571428571428754,0.11605054660993643
4Se3fXoHJkcraQzJXo2IYn,0.0,1.0,0.0,0.0,1.0,0.0,0.0,0.0,0.0,0.0,0.0,0.0,0.0,0.0,0.0,0.0,1.0,0.0,0.5997191011235954,0.5067319461444308,0.6204815713187006,0.0727916809507485,0.12509850398049155,0.0,0.08887317303158887,0.34007966411885027,0.5208209498493945,0.18496366109477125,0.9428571428571431,0.03422716932623505
19n0UZuW8AArMVWNztoXu9,0.0,1.0,0.0,0.0,0.0,0.0,0.0,0.0,1.0,0.0,0.0,0.0,0.0,0.0,0.0,0.0,0.0,1.0,0.34831460674157305,0.598531211750306,0.5474767792699519,0.539481202148326,0.1426792669028694,0.0,0.0876944837340877,0.21412423296372052,0.4501065257899271,0.22511200203506276,0.9714285714285751,0.14252775408908486
2XHzzp1j4IfTNp1FTn7YFg,0.0,1.0,0.0,0.0,0.0,0.0,0.0,0.0,0.0,0.0,0.0,0.0,0.0,1.0,0.0,0.0,1.0,0.0,0.5660112359550562,0.5789473684210527,0.6889309590013606,0.006627813964118386,0.01289187003472718,0.0,0.07779349363507779,0.4940251910862311,0.43326276138890923,0.38468783440307275,0.7142857142857153,0.7282782252919346
3Jv1XgMPVjdN5xGfnRJ20s,0.0,1.0,0.0,0.0,1.0,0.0,0.0,0.0,0.0,0.0,0.0,0.0,0.0,0.0,0.0,0.0,1.0,0.0,0.6573033707865168,0.8947368421052633,0.9622552209666921,0.11210147411724375,0.06697857008416014,0.0,0.6499292786421499,0.6113682850683605,0.5209211308430564,0.48660916072581106,0.7142857142857153,0.7282782252919346
7I6DceMT3utDOHjcYCbrr4,0.0,1.0,0.0,0.0,1.0,0.0,0.0,0.0,0.0,0.0,0.0,0.0,0.0,0.0,0.0,0.0,1.0,0.0,0.7471910112359552,0.34516523867809057,0.7134236526060461,0.01531253571020455,0.25230049453651937,0.0,0.3505421970768506,0.3411562062654753,0.4354400283178275,0.4645766627913577,0.5142857142857125,0.036478818244467144
32lItqlMi4LBhb4k0BaSaC,0.0,1.0,0.0,0.0,0.0,0.0,1.0,0.0,0.0,0.0,0.0,0.0,0.0,0.0,0.0,0.0,1.0,0.0,0.558988764044944,0.6193390452876377,0.7205821451813286,0.14524054393783567,0.6618288543754383,1.2788259958071278e-06,0.055044790193305056,0.3702228442243514,0.8016483112823833,0.32683150394924115,0.8571428571428612,0.3750743507185793
1gGsNNUfvVMOv4llVMg8Vg,1.0,0.0,0.0,0.0,0.0,0.0,0.0,0.0,0.0,0.0,0.0,0.0,0.0,1.0,0.0,0.0,1.0,0.0,0.35955056179775285,0.3268053855569155,0.40164467845944496,0.13267055193692148,0.24299303181290757,2.4633123689727464e-06,0.293965110796794,0.38960060286360215,0.4661421635087391,0.3142279901021946,0.8000000000000043,0.14356000767900318
2vVc2G9w2JteBgxpSUVwX5,0.0,1.0,0.0,0.0,0.0,0.0,0.0,0.0,0.0,1.0,0.0,0.0,0.0,0.0,0.0,0.0,1.0,0.0,0.49297752808988765,0.7258261933904528,0.7660770277465538,0.011427265455376534,0.000518115424947723,0.0,0.04502593116454503,0.48433631176660574,0.35496129674278193,0.33731586150640896,0.5714285714285694,0.12394584832728606
3XLSlQLJf3Ut0zvMUxnF1h,1.0,0.0,0.0,1.0,0.0,0.0,0.0,0.0,0.0,0.0,0.0,0.0,0.0,0.0,0.0,0.0,1.0,0.0,0.5856741573033708,0.653610771113831,0.6698810861977162,0.03485315963889842,0.40639071073853683,0.00129979035639413,0.11244695898161244,0.39713639788997745,0.5029286243813822,0.4598211751646656,0.6000000000000014,0.7282782252919346
34PhB0kHT00utubP3aTau8,1.0,0.0,0.0,0.0,0.0,1.0,0.0,0.0,0.0,0.0,0.0,0.0,0.0,0.0,0.0,0.0,1.0,0.0,0.8497191011235956,0.6780905752753977,0.6089451576643199,0.1372414581190721,0.20266069334392317,0.0,0.13130598774163132,0.3669932177844763,0.6072370749821345,0.06493700345414063,0.9142857142857181,0.04906556974848965
5VA4Ispp52EA1sOqzMz3Av,0.0,1.0,0.0,0.0,0.0,0.0,0.0,1.0,0.0,0.0,0.0,0.0,0.0,0.0,0.0,0.0,1.0,0.0,0.7162921348314608,0.5410036719706243,0.7350766136188841,0.00845617643697863,0.07525187028292618,6.551362683438155e-05,0.09712399811409711,0.9515556034018733,0.24613802269433444,0.4706040646594949,0.6285714285714263,0.19502563168631767
44sYqNBttbXNxya33FJ3Dj,0.0,1.0,0.0,0.0,0.0,0.0,0.0,0.0,0.0,1.0,0.0,0.0,0.0,0.0,0.0,0.0,1.0,0.0,0.731741573033708,0.675642594859241,0.7613441400934744,0.427494000685636,0.08776523683355981,0.0,0.8114097123998113,0.7793088599418668,0.7681344295360284,0.16122196270032646,0.9142857142857181,0.06445226263235909
6jy9yJfgCsMHdu2Oz4BGKX,0.0,1.0,0.0,0.0,1.0,0.0,0.0,0.0,0.0,0.0,0.0,0.0,0.0,0.0,0.0,0.0,1.0,0.0,0.6109550561797752,0.7099143206854345,0.7078033485180144,0.32693406467832253,0.11579104125687976,0.0,0.7901933050447901,0.5930670685757348,0.5352536916696162,0.2240061724631618,0.9428571428571431,0.7282782252919346
3V8UKqhEK5zBkBb6d6ub8i,1.0,0.0,0.0,0.0,0.0,0.0,0.0,0.0,0.0,0.0,0.0,0.0,0.0,1.0,0.0,0.0,1.0,0.0,0.8946629213483146,0.6291309669522644,0.8682482399574039,0.21380413667009485,0.5604809269405544,1.3417190775681342e-05,0.03642149929278642,0.4358919151684789,0.24359342545532264,0.7270892505376728,0.8571428571428612,0.6811668754611921
7iHHxY2NLlJRAmlAmC4ahQ,1.0,0.0,0.0,0.0,0.0,0.0,0.0,0.0,0.0,0.0,0.0,0.0,1.0,0.0,0.0,0.0,1.0,0.0,0.6769662921348314,0.5960832313341493,0.6907649529669289,0.06250714204090962,0.5004995004995005,0.0,0.11480433757661479,0.7416298848099904,0.5337509767646882,0.10824515779094773,0.8857142857142861,0.05678612223960057
3NqCEpT8xsHdzpiRlM1kpS,0.0,1.0,0.0,1.0,0.0,0.0,0.0,0.0,0.0,0.0,0.0,0.0,0.0,0.0,0.0,0.0,1.0,0.0,0.6235955056179776,0.4026927784577723,0.49038632195468246,0.25037138612729976,0.13233764165441184,0.0,0.07732201791607732,0.6285929594143611,0.09561941908381139,0.2596702273257635,0.8857142857142861,0.09281698992341585
5X611ZvQ04aqHuZcRl1iBo,1.0,0.0,0.0,0.0,0.0,0.0,0.0,0.0,0.0,0.0,0.0,0.0,1.0,0.0,0.0,0.0,1.0,0.0,0.5814606741573034,0.3512851897184822,0.31704431166065183,0.5817620843332192,0.10038201963667802,0.0,0.042786421499292786,0.48756593820648086,0.14914278463089975,0.14712578916497254,0.8285714285714292,9.231245879250217e-06
2wAJTrFhCnQyNSD3oUgTZO,0.0,1.0,0.0,0.0,1.0,0.0,0.0,0.0,0.0,0.0,0.0,0.0,0.0,0.0,0.0,0.0,1.0,0.0,0.7935393258426966,0.32558139534883723,0.6636691711530497,0.09038966975202833,0.05487886854346482,0.0,0.32814710042432815,0.19259339003121972,0.22019782406881766,0.34320240675607205,0.6571428571428584,0.19502563168631767
7aRCf5cLOFN1U7kvtChY1G,1.0,0.0,0.0,0.0,0.0,0.0,0.0,0.0,0.0,0.0,0.0,0.0,1.0,0.0,0.0,0.0,1.0,0.0,0.773876404494382,0.3414932680538556,0.5702538011003963,0.053136784367500876,0.06232483872235425,1.4884696016771488e-06,0.3552569542668553,0.5456992141242331,0.5475893113558494,0.42055371367423433,1.0,0.7282782252919346
3QLjDkgLh9AOEHlhQtDuhs,0.0,1.0,0.0,1.0,0.0,0.0,0.0,0.0,0.0,0.0,0.0,0.0,0.0,0.0,0.0,0.0,1.0,0.0,0.18117977528089896,0.9314565483476134,0.9433236703543748,0.397783110501657,0.19645571819484864,0.0,0.12423385195662423,0.5607708041769837,0.6834147025626298,0.39023169862570195,0.6000000000000014,0.7282782252919346
0AAVJIN4plafvmNKqRCltG,0.0,1.0,0.0,0.0,1.0,0.0,0.0,0.0,0.0,0.0,0.0,0.0,0.0,0.0,0.0,0.0,1.0,0.0,0.9058988764044944,0.5042839657282742,0.7423534283854936,0.15552508284767458,0.011547458752427697,6.111111111111112e-05,0.12069778406412068,0.11615889762084185,0.5609601346432556,0.4199797755123922,0.9714285714285751,0.13666316970816478
6jmTHeoWvBaSrwWttr8Xvu,0.0,1.0,0.0,0.0,0.0,0.0,0.0,0.0,0.0,0.0,0.0,0.0,1.0,0.0,0.0,0.0,1.0,0.0,0.6264044943820224,0.4908200734394126,0.7166183517718747,0.11667238029939436,0.12923515407987457,0.0,0.1265912305516266,0.11292927118096673,0.5340715559444063,0.3456411183595039,0.7428571428571473,0.04526879315324415
29t9XYOV65fFXiVzFFJgHH,1.0,0.0,0.0,0.0,1.0,0.0,0.0,0.0,0.0,0.0,0.0,0.0,0.0,0.0,0.0,0.0,0.0,1.0,0.5688202247191012,0.5850673194614443,0.6666863870318878,0.12238601302708263,0.09593512077984126,0.0,0.07720414898632721,0.3745290128108516,0.3992947258046203,0.3025852445333967,0.9428571428571431,0.09281698992341585
0SsTkfOhM7e87trwjEqBQN,0.0,1.0,0.0,0.0,0.0,0.0,0.0,0.0,0.0,0.0,0.0,1.0,0.0,0.0,0.0,0.0,1.0,0.0,0.9185393258426966,0.5642594859241126,0.6941371354197479,0.25037138612729976,0.10544941600842221,0.0,0.37883074021687885,0.8374421358596189,0.4002431058779528,0.2785618329020037,0.8857142857142861,0.10062832213815441
1DzJbVkBELu6jDu6q0T0tk,0.0,1.0,0.0,0.0,0.0,0.0,0.0,1.0,0.0,0.0,0.0,0.0,0.0,0.0,0.0,0.0,1.0,0.0,0.35674157303370796,0.6511627906976744,0.6162811335265928,0.007084904582333448,0.0001716709791243953,2.3060796645702306e-05,0.11008958038661007,0.08924534395521584,0.44714784711044614,0.41086614206336025,0.9714285714285751,0.6728145922379295
07RXBKfyCYIYRMLCvlGWXU,0.0,1.0,0.0,0.0,0.0,0.0,0.0,0.0,0.0,1.0,0.0,0.0,0.0,0.0,0.0,0.0,1.0,0.0,0.7359550561797754,0.8739290085679314,0.6845530379222622,0.07324877156896356,0.04919097465681317,0.0,0.33404054691183405,0.7771557756486167,0.5339713749507444,0.36778504018618297,0.7142857142857153,0.06982085913916508
7xVLFuuYdAvcTfcP3IG3dS,0.0,1.0,0.0,1.0,0.0,0.0,0.0,0.0,0.0,0.0,0.0,0.0,0.0,0.0,0.0,0.0,1.0,0.0,0.8075842696629214,0.7001223990208079,0.7716973318345854,0.13152782539138383,0.02540523658536081,0.0,0.17138142385667135,0.26579825600172247,0.46734433543268156,0.44489878295676966,0.7142857142857153,0.11582285705945246
4bTP7W5HEJYG0jR6EMfNka,0.0,1.0,1.0,0.0,0.0,0.0,0.0,0.0,0.0,0.0,0.0,0.0,0.0,0.0,0.0,0.0,1.0,0.0,0.7640449438202248,0.6266829865361078,0.6495296692894751,0.30865043994972,0.3288285213751052,0.0,0.33521923620933525,0.44235116804822916,0.426971394986943,0.27744969631733524,0.7428571428571473,0.004461182454320747
05KOgYg8PGeJyyWBPi5ja8,1.0,0.0,0.0,0.0,0.0,0.0,0.0,0.0,0.0,0.0,0.0,0.0,1.0,0.0,0.0,0.0,1.0,0.0,0.6601123595505618,0.4039167686658507,0.664319943205348,0.4709176094160668,0.07039130641615113,0.0,0.6393210749646392,0.17859834212509423,0.547288768374864,0.30820689524682493,0.8285714285714292,0.7282782252919346
3IQgeOgdHIag6mu0mgKRgQ,0.0,1.0,0.0,1.0,0.0,0.0,0.0,0.0,0.0,0.0,0.0,0.0,0.0,0.0,0.0,0.0,1.0,0.0,0.7935393258426966,0.5997552019583844,0.5772939714843518,0.46863215632499144,0.01289187003472718,0.0,0.06164545025931164,0.5004844439659814,0.4009310153677644,0.319431275635379,0.7142857142857153,0.7282782252919346
5W7BcYDIaeXnpG3e39T7hJ,0.0,1.0,0.0,0.0,0.0,0.0,0.0,0.0,0.0,0.0,0.0,0.0,0.0,1.0,0.0,0.0,1.0,0.0,0.5308988764044944,0.6119951040391677,0.711589658640478,0.017026625528511023,0.00014788524105294293,5.482180293501048e-06,0.09358793022159359,0.25287975024222203,0.6275203868322101,0.35368676431323987,0.6571428571428584,0.12394584832728606
12KG3DCYkxoMUAPWq1uFnw,1.0,0.0,0.0,0.0,0.0,0.0,0.0,0.0,0.0,0.0,0.0,1.0,0.0,0.0,0.0,0.0,1.0,0.0,0.6446629213483146,0.5862913096695227,0.7391587292196651,0.03839561193006514,0.30194029572911557,0.0,0.11716171617161716,0.48648939605985575,0.5214687869417414,0.43609839780852333,0.8000000000000043,0.05973504373572705
5Se32hEA9raeboZerywxka,1.0,0.0,0.0,0.0,0.0,0.0,0.0,0.0,0.0,0.0,0.0,0.0,1.0,0.0,0.0,0.0,1.0,0.0,0.27949438202247195,0.6597307221542227,0.7666094776075252,0.07130613644154954,0.20989983101784346,0.0,0.3187175860443187,0.2571859188287222,0.40620053563437936,0.3335085281324304,1.0,0.7282782252919346
1kMuU3TNQvHbqvXCWBodmP,1.0,0.0,0.0,0.0,0.0,1.0,0.0,0.0,0.0,0.0,0.0,0.0,0.0,0.0,0.0,0.0,1.0,0.0,0.15449438202247195,0.832313341493268,0.8148257705732709,0.3760713061364416,0.04495090830494557,0.0,0.6475719000471475,0.45849930024760477,0.10697994376506897,0.4202047256344329,0.6285714285714263,0.7282782252919346
5InOp6q2vvx0fShv3bzFLZ,1.0,0.0,0.0,0.0,0.0,0.0,0.0,0.0,0.0,0.0,0.0,0.0,0.0,1.0,0.0,0.0,1.0,0.0,0.6376404494382022,0.3072215422276622,0.5581257764893806,0.22408867557993373,0.20266069334392317,0.0,0.36940122583686946,0.1527613306060932,0.36314942329141314,0.42838912586905376,0.7714285714285722,0.7282782252919346
32a5eLrlrKiXrqb1D16CUY,0.0,1.0,0.0,1.0,0.0,0.0,0.0,0.0,0.0,0.0,0.0,0.0,0.0,0.0,0.0,0.0,1.0,0.0,0.9508426966292134,0.4492044063647491,0.7428267171508015,0.16123871557536285,0.012271372519819726,0.0,0.13955681282413954,0.28086984605447307,0.40095105156649674,0.5206481086319878,0.7428571428571473,0.265582221122059
4EnEGf9JzAJhF1XNY9DJcD,0.0,1.0,0.0,0.0,0.0,0.0,0.0,0.0,0.0,0.0,0.0,0.0,1.0,0.0,0.0,0.0,1.0,0.0,0.8651685393258428,0.7515299877600979,0.7770809915399632,0.35093132213461325,0.07628603280777194,0.0,0.7925506836397924,0.8266767143933687,0.25371838454808354,0.3887117085487354,0.8857142857142861,0.05713700537895988
7wQpnNx4hp8WcXhwsUc8NE,0.0,1.0,0.0,1.0,0.0,0.0,0.0,0.0,0.0,0.0,0.0,0.0,0.0,0.0,0.0,0.0,1.0,0.0,0.678370786516854,0.5679314565483476,0.45642785304383826,0.3497885955890756,0.017235352639079347,0.0,0.4012258368694012,0.6770373560124879,0.6345798075189175,0.09236199730480321,0.9714285714285751,0.008439823302110008
2JmFRXaJrkAUD2cs6U20KG,1.0,0.0,0.0,0.0,0.0,0.0,0.0,0.0,0.0,1.0,0.0,0.0,0.0,0.0,0.0,0.0,1.0,0.0,0.7373595505617978,0.4847001223990208,0.5028101520440157,0.04902296880356532,0.5584126018908628,0.0,0.0876944837340877,0.26579825600172247,0.40031657193997155,0.5742345914422246,0.8571428571428612,0.08641542571144428
4KTtYhxFtFL7mBwnjkKfLm,0.0,1.0,1.0,0.0,0.0,0.0,0.0,0.0,0.0,0.0,0.0,0.0,0.0,0.0,0.0,0.0,1.0,0.0,0.7640449438202248,0.7270501835985312,0.692953913506478,0.19666323848703007,0.30090613320426984,0.0,0.0673031588873173,0.6328991280008613,0.4739028511510796,0.36686001164695026,0.5142857142857125,0.04921180661717302
5nujrmhLynf4yMoMtj8AQF,1.0,0.0,0.0,0.0,0.0,0.0,0.0,0.0,1.0,0.0,0.0,0.0,0.0,0.0,0.0,0.0,1.0,0.0,0.6123595505617978,0.8127294981640147,0.8480151452404897,0.03793852131185008,0.009096493568543258,0.0,0.04573314474304573,0.945096350522123,0.2868048273881479,0.27538940547995316,0.9142857142857181,0.37023040249172573
0m3Ze0cy8qBHSsV2exAfCw,0.0,1.0,0.0,0.0,0.0,0.0,0.0,0.0,0.0,0.0,1.0,0.0,0.0,0.0,0.0,0.0,1.0,0.0,0.45224719101123595,0.48102815177478586,0.5747500443708216,0.03153925265683922,0.22334394384083825,0.12368972746331237,0.03925035360678924,0.4940251910862311,0.5750322248862945,0.3495367499122274,0.5714285714285694,0.20018084707375253
2cYqizR4lgvp4Qu6IQ3qGN,0.0,1.0,0.0,0.0,0.0,0.0,0.0,0.0,0.0,0.0,0.0,0.0,0.0,1.0,0.0,0.0,1.0,0.0,0.6980337078651686,0.5716034271725826,0.7259658048867064,0.026396983201919785,0.05487886854346482,0.0,0.10066006600660066,0.1678329206588438,0.5404697820729452,0.24909546925226156,0.8571428571428612,0.22819780023939232
6In6SkveIw26thdYRhHTVX,0.0,1.0,0.0,1.0,0.0,0.0,0.0,0.0,0.0,0.0,0.0,0.0,0.0,0.0,0.0,0.0,1.0,0.0,0.726123595505618,0.44430844553243576,0.6681062533278115,0.10067420866186721,0.04174500447792373,0.0,0.06883545497406882,0.12477123479384218,0.5673917544363483,0.2107551386386523,0.8857142857142861,0.08864973556312394
06UOL50QYtDR5l06ohu88m,1.0,0.0,0.0,0.0,0.0,0.0,0.0,0.0,0.0,0.0,0.0,0.0,0.0,1.0,0.0,0.0,1.0,0.0,0.5491573033707866,0.5336597307221542,0.4852393066319587,0.16123871557536285,0.1240643414556458,0.0,0.5285242809995284,0.48325976961998063,0.19750348963794578,0.29758588574636136,0.7714285714285722,0.08147606472057838
1bzM1cd6oqFozdr4wK6HdR,0.0,1.0,0.0,1.0,0.0,0.0,0.0,0.0,0.0,0.0,0.0,0.0,0.0,0.0,0.0,0.0,1.0,0.0,0.7359550561797754,0.5630354957160343,0.6204224102230371,0.2835104559478917,0.34434095924779157,0.0,0.11008958038661007,0.12154160835396706,0.3931168978621375,0.3783534912469174,0.7714285714285722,0.7282782252919346
62nb5YUYUqtYJhVPwRhCke,1.0,0.0,0.0,0.0,0.0,0.0,0.0,0.0,0.0,0.0,0.0,0.0,0.0,1.0,0.0,0.0,1.0,0.0,0.7331460674157304,0.5716034271725826,0.7321185588357095,0.10638784138955548,0.00735910052680239,0.0,0.12187647336162188,0.4757239745936054,0.29419150598748406,0.19938359461885669,0.9428571428571431,0.14252775408908486
67g3peWMWu7Vbq7aZNe1Ts,0.0,1.0,0.0,0.0,0.0,0.0,0.0,0.0,0.0,0.0,1.0,0.0,0.0,0.0,0.0,0.0,1.0,0.0,0.8300561797752808,0.5777233782129743,0.7641247115896586,0.2012341446691807,0.0401937606906551,0.0,0.23385195662423383,0.4628054688341049,0.520420225874747,0.35214364852279245,0.6857142857142833,0.265582221122059
14I61w6cyYUHiV2n28IYdP,1.0,0.0,0.0,0.0,0.0,0.0,0.0,0.0,0.0,1.0,0.0,0.0,0.0,0.0,0.0,0.0,1.0,0.0,0.6853932584269662,0.5752753977968177,0.7909838490208838,0.32007770540509656,0.5708225521890119,0.0,0.5556341348420556,0.4251264937022285,0.23070347093749372,0.22314421405160395,0.6571428571428584,0.20018084707375253
7FWec1Je1DluKGUKZCwkq4,0.0,1.0,0.0,0.0,0.0,0.0,0.0,0.0,0.0,0.0,0.0,0.0,1.0,0.0,0.0,0.0,1.0,0.0,0.5912921348314608,0.646266829865361,0.8297343666804708,0.26522683121928925,0.17887495527247077,0.0005041928721174004,0.5827439886845828,0.8439013887393692,0.07694568186523659,0.2154370444497236,0.9142857142857181,0.11774238142664968
1xqRKo0SDFDO5Jy8yEVD0X,1.0,0.0,0.0,0.0,0.0,0.0,0.0,0.0,0.0,0.0,1.0,0.0,0.0,0.0,0.0,0.0,1.0,0.0,0.595505617977528,0.43206854345165235,0.37336567473229587,0.34407496286138733,0.10079568464661633,0.5209643605870021,0.3741159830268741,0.29055872537409844,0.08520059574297562,0.25046619336039744,0.9142857142857181,0.0036403679386499063
0ZNrc4kNeQYD9koZ3KvCsy,0.0,1.0,0.0,1.0,0.0,0.0,0.0,0.0,0.0,0.0,0.0,0.0,0.0,0.0,0.0,0.0,1.0,0.0,0.672752808988764,0.22643818849449202,0.6159853280482754,0.3475031424980003,0.00567341561130381,0.0,0.07013201320132012,0.08063300678221554,0.9609160550060443,0.3472388949272696,0.8571428571428612,0.265582221122059
4WuOWVnAqvEQxgSRrspBgt,0.0,1.0,0.0,0.0,1.0,0.0,0.0,0.0,0.0,0.0,0.0,0.0,0.0,0.0,0.0,0.0,1.0,0.0,0.5688202247191012,0.6083231334149327,0.7427083949594746,0.32236315849617186,0.19542155567000288,9.077568134171908e-05,0.13955681282413954,0.23673161804284643,0.18632996947819064,0.2843096238707819,0.9714285714285751,0.22819780023939232
2TH65lNHgvLxCKXM3apjxI,0.0,1.0,0.0,0.0,1.0,0.0,0.0,0.0,0.0,0.0,0.0,0.0,0.0,0.0,0.0,0.0,1.0,0.0,0.48314606741573035,0.5667074663402693,0.7896823049162869,0.32236315849617186,0.620462353381608,2.2222222222222225e-06,0.25271098538425274,0.22273657013672088,0.775634646594848,0.3751873708376343,0.8857142857142861,0.6811668754611921
4eX11XA4JA2Lx9EleyriMD,1.0,0.0,0.0,0.0,0.0,1.0,0.0,0.0,0.0,0.0,0.0,0.0,0.0,0.0,0.0,0.0,1.0,0.0,0.702247191011236,0.5287637698898409,0.6989883452641541,0.31779225231402125,0.07959535288727834,0.0,0.1419141914191419,0.41866724082247825,0.4793794121379292,0.3137423501190974,0.7714285714285722,0.08147606472057838
68Dni7IE4VyPkTOH9mRWHr,1.0,0.0,0.0,0.0,0.0,0.0,0.0,0.0,0.0,0.0,0.0,0.0,1.0,0.0,0.0,0.0,1.0,0.0,0.595505617977528,0.4406364749082008,0.5696621901437613,0.3566449548623015,0.33503349652417974,0.0,0.02923149457802924,0.491872106792981,0.2671092440342218,0.4640426690437097,0.7428571428571473,0.19502563168631767
2c2tlXfEmLgUNvxngIi1qL,1.0,0.0,0.0,0.0,0.0,0.0,0.0,0.0,0.0,0.0,0.0,1.0,0.0,0.0,0.0,0.0,1.0,0.0,0.34269662921348315,0.1358629130966952,0.2578240549014966,0.0329105245114844,0.3133160835024189,0.0,0.0792079207920792,0.4283561201421036,0.5606796278610022,0.36792589680465704,0.9714285714285751,0.04579530509981746
02mYw61RoS1vXvkD9Q5dpN,0.0,1.0,0.0,0.0,1.0,0.0,0.0,0.0,0.0,0.0,0.0,0.0,0.0,0.0,0.0,0.0,1.0,0.0,0.875,0.423500611995104,0.5549902384192154,0.15438235630213692,0.058084772370486655,0.0,0.103017444601603,0.19582301647109485,0.34702696204476086,0.17364257317711562,0.9142857142857181,0.14252775408908486
46lFttIf5hnUZMGvjK0Wxo,0.0,1.0,0.0,1.0,0.0,0.0,0.0,0.0,0.0,0.0,0.0,0.0,0.0,0.0,0.0,0.0,1.0,0.0,0.33707865168539325,0.788249694002448,0.8283736614802105,0.022854530910753054,0.00731773402580856,0.0020230607966457027,0.06718528995756717,0.3723759285176015,0.4406227250566022,0.32586653099581425,0.7714285714285722,0.029227961994159512
0VlpgNPHWCyh8xxLcaK2fp,0.0,1.0,0.0,0.0,1.0,0.0,0.0,0.0,0.0,0.0,0.0,0.0,0.0,0.0,0.0,0.0,1.0,0.0,0.7837078651685392,0.5091799265605874,0.5133999881677808,0.37721403268197923,0.011237209994973971,0.0,0.09240924092409239,0.4358919151684789,0.6281147940612706,0.18470086889612558,0.9714285714285751,0.13666316970816478
1WoOzgvz6CgH4pX6a1RKGp,0.0,1.0,0.0,0.0,0.0,0.0,0.0,0.0,1.0,0.0,0.0,0.0,0.0,0.0,0.0,0.0,1.0,0.0,0.6769662921348314,0.7099143206854345,0.8884813346743181,0.02993943549308651,0.004297979453258957,0.0,0.13955681282413954,0.5381634190978578,0.4544410234490312,0.29638965565812625,0.7714285714285722,0.03969069961731434
5LKIZ4UTKebSE5VFbLSQnr,1.0,0.0,0.0,0.0,0.0,0.0,0.0,0.0,0.0,1.0,0.0,0.0,0.0,0.0,0.0,0.0,1.0,0.0,0.7387640449438202,0.6682986536107711,0.7633556173460332,0.04045251971203292,0.11992769135626279,0.0,0.10773220179160772,0.39928948218322746,0.5006578551917131,0.3194922434254648,0.9428571428571431,0.14356000767900318
7lQ8MOhq6IN2w8EYcFNSUk,0.0,1.0,0.0,0.0,0.0,0.0,0.0,0.0,0.0,1.0,0.0,0.0,0.0,0.0,0.0,0.0,1.0,0.0,0.901685393258427,0.6217870257037944,0.9048097970774418,0.05359387498571593,0.002922543295214103,0.0,0.24563884959924562,0.6727311874259878,0.34865657287499413,0.4588309741601687,0.3999999999999986,0.6999464866418124
192RjH0gN6en7nE6ElN96T,0.0,1.0,0.0,0.0,0.0,0.0,0.0,0.0,0.0,1.0,0.0,0.0,0.0,0.0,1.0,0.0,0.0,0.0,0.41573033707865176,0.5238678090575275,0.6278175471809737,0.27208319049251517,0.07018447391118197,0.0,0.04691183404054692,0.16245020992571862,0.192808340401659,0.2362438795696935,0.9142857142857181,0.09281698992341585
02WbmXcfVEPDOZH91K8OtL,0.0,1.0,0.0,1.0,0.0,0.0,0.0,0.0,0.0,0.0,0.0,0.0,0.0,0.0,0.0,0.0,1.0,0.0,0.7668539325842698,0.43574051407588743,0.5677690350825296,0.08159067535138842,0.07318354523323467,0.0,0.08887317303158887,0.1430724512864679,0.46755805488582697,0.15897666615509787,1.0,0.06760439345994446
0U8AQGK1eB9b1mINnFMicZ,0.0,1.0,0.0,0.0,0.0,0.0,0.0,0.0,0.0,0.0,0.0,0.0,0.0,1.0,0.0,0.0,1.0,0.0,0.851123595505618,0.43084455324357407,0.49914216411287926,0.42863672723117363,0.17266998012339627,0.0,0.10655351249410655,0.864355689525245,0.23441016770298345,0.19370728312811014,0.9428571428571431,0.010677886613199057
52OczisW5YSWIAJiygxs1M,0.0,1.0,0.0,0.0,0.0,0.0,0.0,0.0,0.0,0.0,0.0,0.0,0.0,1.0,0.0,0.0,1.0,0.0,0.6544943820224718,0.5716034271725826,0.8050641897887948,0.41149582904810883,0.12923515407987457,0.0,0.15134370579915132,0.864355689525245,0.6012128578965998,0.1680356388268115,0.8571428571428612,0.05999089729486525
46NzAxDzsE443IsyZndZfP,0.0,1.0,0.0,0.0,0.0,0.0,0.0,0.0,0.0,0.0,1.0,0.0,0.0,0.0,0.0,0.0,1.0,0.0,0.44241573033707865,0.8763769889840882,0.7799207241318109,0.09953148211632956,0.015580692599326141,0.0,0.9398868458274398,0.34007966411885027,0.11335145496196458,0.34648836040793757,0.9428571428571431,0.08398024046594313
2Gk6fi0dqt91NKvlzGsmm7,0.0,1.0,0.0,0.0,0.0,0.0,0.0,0.0,0.0,0.0,0.0,0.0,1.0,0.0,0.0,0.0,1.0,0.0,0.7120786516853932,0.5801713586291309,0.7727030704608648,0.020911895783339046,0.060463346177631896,0.0,0.12187647336162188,0.47249434815373026,0.41304623686794145,0.21271661960934363,1.0,0.22819780023939232
41bIQPBE1lFN0mmw6Lmssz,1.0,0.0,0.0,0.0,0.0,0.0,0.0,0.0,1.0,0.0,0.0,0.0,0.0,0.0,0.0,0.0,1.0,0.0,0.43539325842696625,0.7906976744186047,0.8408566526652073,0.33150497086047315,0.3650242097447066,0.00038050314465408805,0.026638378123526638,0.9375605554957478,0.20021505519972754,0.32030164339729345,0.4285714285714306,0.11605054660993643
7l2nxyx7IkBX5orhkALg0V,0.0,1.0,0.0,0.0,0.0,0.0,0.0,1.0,0.0,0.0,0.0,0.0,0.0,0.0,0.0,0.0,1.0,0.0,0.9382022471910114,0.554467564259486,0.6352126841389101,0.19552051194149242,0.0027984437922326123,0.0,0.11126826968411127,0.6232102486812359,0.5610870305685605,0.18658035870083944,0.9714285714285751,0.7282782252919346
6o2g1BJvtYQssH84kBYs7y,0.0,1.0,0.0,0.0,0.0,0.0,0.0,0.0,0.0,1.0,0.0,0.0,0.0,0.0,0.0,0.0,1.0,0.0,0.853932584269663,0.6768665850673194,0.6778086730166242,0.11667238029939436,0.01599435760926444,0.0,0.08038661008958037,0.5424695876843579,0.23904520834307313,0.4068611889560002,0.2857142857142847,0.12394584832728606
39RWYLt6hgk9BbhkDgaHW9,1.0,0.0,0.0,0.0,0.0,0.0,0.0,1.0,0.0,0.0,0.0,0.0,0.0,0.0,0.0,0.0,1.0,0.0,0.9185393258426966,0.3635250917992656,0.7382121516890492,0.32921951776939784,0.01764901764901765,0.0,0.09240924092409239,0.39390677145010233,0.4872669957055746,0.18433926683078916,0.8571428571428612,0.14252775408908486
16dXg2YuFOxwDC3cTf5jde,0.0,1.0,0.0,1.0,0.0,0.0,0.0,0.0,0.0,0.0,0.0,0.0,0.0,0.0,0.0,0.0,1.0,0.0,0.5617977528089888,0.6511627906976744,0.85683014849435,0.19666323848703007,0.04857047714190572,0.0,0.10183875530410183,0.10216384971471636,0.6674592096387473,0.31047741984312355,0.8285714285714292,0.13666316970816478
4mIHgQ3ofK2RK34UdbqMbe,1.0,0.0,0.0,0.0,0.0,0.0,0.0,0.0,0.0,1.0,0.0,0.0,0.0,0.0,0.0,0.0,1.0,0.0,0.8075842696629214,0.6988984088127295,0.7652487724072649,0.1863786995771912,0.011857707509881422,2.2851153039832287e-05,0.1265912305516266,0.5801485628162343,0.5942602969364652,0.15012372256712236,0.9428571428571431,0.016020905601941502
4OkiWfrZKmmVoILXk8JEtl,1.0,0.0,0.0,0.0,0.0,1.0,0.0,0.0,0.0,0.0,0.0,0.0,0.0,0.0,0.0,0.0,1.0,0.0,0.24438202247191015,0.6242350061199511,0.4450689226764478,0.5143412181464976,0.7900650074563119,0.0,0.21617161716171615,0.4757239745936054,0.15390472119629467,0.34124092578538073,0.6571428571428584,0.7282782252919346
6nu35hLc8zsA9bwBpcuf5L,1.0,0.0,0.0,0.0,0.0,0.0,0.0,0.0,1.0,0.0,0.0,0.0,0.0,0.0,0.0,0.0,1.0,0.0,0.8202247191011236,0.4259485924112607,0.5019227356090633,0.40121129013826995,0.15198672962648116,0.0,0.055752003771805746,0.7814619442351168,0.5000100180993661,0.3978652864119614,0.7142857142857153,0.02439001407712744
27mhCGdAA8gM7b33KIiB3k,0.0,1.0,0.0,0.0,0.0,0.0,0.0,0.0,0.0,0.0,0.0,0.0,0.0,1.0,0.0,0.0,1.0,0.0,0.526685393258427,0.6842105263157895,0.8161273146778678,0.03233916123871557,0.010513296227581943,0.0,0.1478076379066478,0.5823016471094843,0.1197830747550574,0.3152560331832965,0.5428571428571445,0.04019126827947795
4ckuS4Nj4FZ7i3Def3Br8W,0.0,1.0,0.0,0.0,0.0,0.0,0.0,0.0,0.0,0.0,1.0,0.0,0.0,0.0,0.0,0.0,1.0,0.0,0.7584269662921348,0.4859241126070992,0.685262971070224,0.16580962175751343,0.005094284597390188,1.5199161425576521e-06,0.15487977369165487,0.23996124448272155,0.16681471191285585,0.37686713857137755,0.8000000000000043,0.7282782252919346
4osgfFTICMkcGbbigdsa53,0.0,1.0,0.0,0.0,0.0,1.0,0.0,0.0,0.0,0.0,0.0,0.0,0.0,0.0,0.0,0.0,1.0,0.0,0.696629213483146,0.4247246022031824,0.5329823108323964,0.07427722545994744,0.06035992992514732,0.0013207547169811322,0.15487977369165487,0.358380880611476,0.2235772629216785,0.48411578834506086,0.6571428571428584,0.1101541666830681
3djNBlI7xOggg7pnsOLaNm,0.0,1.0,0.0,0.0,0.0,0.0,0.0,0.0,0.0,1.0,0.0,0.0,0.0,0.0,0.0,0.0,1.0,0.0,0.6952247191011236,0.8396572827417381,0.8905519730225403,0.016912352873957266,0.030162384199651282,2.368972746331237e-06,0.425978312116926,0.783615028528367,0.21027990569629135,0.4465533226394428,0.5428571428571445,0.1477436779812596
3FjK86616FbluOfTxNK2gY,0.0,1.0,1.0,0.0,0.0,0.0,0.0,0.0,0.0,0.0,0.0,0.0,0.0,0.0,0.0,0.0,1.0,0.0,0.9339887640449438,0.2937576499388005,0.5540436608885996,0.1498114501199863,0.41259568588761136,2.148846960167715e-06,0.27982083922677986,0.6199806222413607,0.4597439373802002,0.16157725775289544,1.0,0.015018653561130755
5W8jRrZ6tWrTrqnKRtIQBf,1.0,0.0,0.0,0.0,0.0,0.0,1.0,0.0,0.0,0.0,0.0,0.0,0.0,0.0,0.0,0.0,1.0,0.0,0.8356741573033708,0.605875152998776,0.6066378749334437,0.4549194377785396,0.10751774105811372,0.0,0.08250825082508251,0.3163957368930994,0.19323577930794972,0.30723141060545217,0.9428571428571431,0.19502563168631767
4Z5FyQlevoHoa5FsIVKZju,0.0,1.0,0.0,1.0,0.0,0.0,0.0,0.0,0.0,0.0,0.0,0.0,0.0,0.0,0.0,0.0,1.0,0.0,0.818820224719101,0.45899632802937584,0.639768088504999,0.368072220317678,0.02468132281796878,0.0,0.11480433757661479,0.29163526752072344,0.5471885873812019,0.10619958331668983,0.9142857142857181,0.10062832213815441
6ATrsVaZT7XjkCynxM8cTS,1.0,0.0,0.0,0.0,0.0,1.0,0.0,0.0,0.0,0.0,0.0,0.0,0.0,0.0,0.0,0.0,1.0,0.0,0.39325842696629226,0.6744186046511628,0.8884221735786546,0.0,0.0009669419607307805,0.0,0.4448373408769449,0.48648939605985575,0.6018874099205898,0.2822619470589348,0.5714285714285694,0.01694044219618515
7JuHVG3qQKQKxC4doneXVW,1.0,0.0,0.0,0.0,0.0,0.0,0.0,0.0,0.0,0.0,1.0,0.0,0.0,0.0,0.0,0.0,1.0,0.0,0.6924157303370786,0.4614443084455325,0.5836242087203454,0.40806764941149587,0.15612337972586418,0.0,0.11480433757661479,0.8546668102056196,0.5803752112149283,0.23634058709879513,0.9142857142857181,0.05973504373572705
22L7bfCiAkJo5xGSQgmiIO,0.0,1.0,0.0,1.0,0.0,0.0,0.0,0.0,0.0,0.0,0.0,0.0,0.0,0.0,0.0,0.0,1.0,0.0,0.37219101123595516,0.7858017135862914,0.877773176359226,0.051194149240086854,0.08228417545187731,1.7924528301886792e-05,0.17373880245167372,0.19797610076434496,0.5481837185849101,0.47836799737628266,0.6285714285714263,0.20018084707375253
6foxplXS0YEq8cO374Lty4,0.0,1.0,0.0,0.0,0.0,0.0,0.0,1.0,0.0,0.0,0.0,0.0,0.0,0.0,0.0,0.0,1.0,0.0,0.9606741573033708,0.45532435740514077,0.6566290007690941,0.13838418466460975,0.2554029821110566,0.0,0.10066006600660066,0.6867262353321134,0.39962198371724916,0.10928791723517378,0.8285714285714292,0.06836170397094408
40mjsnRjCpycdUw3xhS20g,0.0,1.0,0.0,0.0,1.0,0.0,0.0,0.0,0.0,0.0,0.0,0.0,0.0,0.0,0.0,0.0,1.0,0.0,0.46067415730337075,0.6303549571603427,0.728450570904573,0.36235858758998973,0.13957677932833212,0.0,0.15841584158415842,0.46818817956723,0.5572935102752306,0.22930826786303687,0.8857142857142861,0.22819780023939232
3a8tAZFJxlmBwOtrf5L1oC,0.0,1.0,0.0,0.0,1.0,0.0,0.0,0.0,0.0,0.0,0.0,0.0,0.0,0.0,0.0,0.0,1.0,0.0,0.845505617977528,0.565483476132191,0.5635685972904216,0.0846760370243401,0.025715485342814533,0.0,0.11362564827911362,0.4961782753794811,0.3032946189448937,0.22830335049541584,0.7714285714285722,0.7282782252919346
3SShjQBczSt1HMpWA9zbwE,0.0,1.0,0.0,1.0,0.0,0.0,0.0,0.0,0.0,0.0,0.0,0.0,0.0,0.0,0.0,0.0,1.0,0.0,0.49297752808988765,0.5226438188494492,0.6992249896468081,0.4994857730545081,0.038125435640963594,0.0,0.5721357850070721,0.9052642910969966,0.48173700485543863,0.31766531206048004,0.7142857142857153,0.12394584832728606
0KxU9wjCedUxSGdjuFdBDu,0.0,1.0,0.0,0.0,1.0,0.0,0.0,0.0,0.0,0.0,0.0,0.0,0.0,0.0,0.0,0.0,1.0,0.0,0.7570224719101124,0.6805385556915544,0.8380169200733596,0.2732259170380528,0.06915031138633622,0.0,0.25860443187175863,0.5866078156959845,0.3536723012909991,0.47116538879580205,0.4285714285714306,0.06862263471531586
1j6kDJttn6wbVyMaM42Nxm,0.0,1.0,0.0,0.0,0.0,0.0,0.0,0.0,1.0,0.0,0.0,0.0,0.0,0.0,0.0,0.0,1.0,0.0,0.30758426966292135,0.6842105263157895,0.7176240903981541,0.11438692720831906,0.012685037529758027,0.0,0.030645921735030647,0.010765421466250404,0.988105176685879,0.11539310559411009,0.7714285714285722,0.11582285705945246
1oHNvJVbFkexQc0BpQp7Y4,1.0,0.0,0.0,0.0,0.0,0.0,0.0,0.0,0.0,0.0,0.0,0.0,0.0,1.0,0.0,0.0,1.0,0.0,0.675561797752809,0.6793145654834761,0.9266994024729337,0.0549651468403611,0.13957677932833212,0.0,0.2621404997642622,0.7685434384756163,0.43394399214581,0.29128938466681104,0.6571428571428584,0.265582221122059
1MJErNPIQUoEMu4YUUmecm,1.0,0.0,0.0,1.0,0.0,0.0,0.0,0.0,0.0,0.0,0.0,0.0,0.0,0.0,0.0,0.0,1.0,0.0,0.8328651685393258,0.49204406364749076,0.6795243447908654,0.09724602902525425,0.055913031068310574,0.0,0.04702970297029704,0.40359565076972764,0.4000561013564506,0.39254216763619465,0.8285714285714292,0.14356000767900318
4jVBIpuOiMj1crqd8LoCrJ,1.0,0.0,0.0,0.0,0.0,0.0,0.0,0.0,0.0,0.0,1.0,0.0,0.0,0.0,0.0,0.0,1.0,0.0,0.7991573033707864,0.6585067319461444,0.7522924924569602,0.285795909038967,0.006904069015870258,0.0,0.19613389910419612,0.5489288405641082,0.6341256536809836,0.27482387666846764,0.9142857142857181,0.22819780023939232
3Ho13bRS28xEvGvgW4LOFM,1.0,0.0,0.0,0.0,0.0,0.0,0.0,0.0,0.0,0.0,0.0,1.0,0.0,0.0,0.0,1.0,0.0,0.0,0.8623595505617978,0.32558139534883723,0.7168549961545287,0.33836133013369907,0.4746454373783566,1.3417190775681343e-06,0.10655351249410655,0.6307460437076112,0.29057831148274543,0.22859557542030984,0.9428571428571431,0.09281698992341585
4Hqh0dS4x07zuRw6eBTO7p,0.0,1.0,0.0,0.0,0.0,0.0,1.0,0.0,0.0,0.0,0.0,0.0,0.0,0.0,0.0,0.0,1.0,0.0,0.8707865168539326,0.21419828641370872,0.31603857303437244,0.24237230030853618,0.5759933648132407,0.0,0.07626119754832625,0.5370868769512327,0.26721610376079447,0.33295981802165825,0.9142857142857181,0.06760439345994446
50ceCGZ3oD3U5caQV5bP6f,0.0,1.0,0.0,0.0,0.0,0.0,0.0,0.0,0.0,1.0,0.0,0.0,0.0,0.0,0.0,0.0,0.0,1.0,0.35533707865168546,0.8445532435740515,0.717032479441519,0.30065135413095645,0.12199601640595428,0.0,0.17609618104667607,0.7254817526106148,0.42602969364652127,0.2964968748751737,0.9428571428571431,0.7282782252919346
4GXl8l1MfZPf2GvpyRPJBf,1.0,0.0,0.0,0.0,0.0,0.0,0.0,0.0,0.0,1.0,0.0,0.0,0.0,0.0,0.0,0.0,1.0,0.0,0.6179775280898876,0.6793145654834761,0.8198544637046676,0.05702205462232888,0.11889352883141703,0.0,0.3387553041018388,0.4541931316611046,0.5133941988525936,0.3788223125293013,0.8000000000000043,0.22819780023939232
4k7CmAZYtT53oXNxQReusm,0.0,1.0,0.0,1.0,0.0,0.0,0.0,0.0,0.0,0.0,0.0,0.0,0.0,0.0,0.0,0.0,1.0,0.0,0.7921348314606742,0.6988984088127295,0.681772466426078,0.27551137012912813,0.09717611580965618,0.0,0.11126826968411127,0.8212940036602434,0.11009223330149803,0.2895780818692304,0.7142857142857153,0.11582285705945246
7HyAAmp8lsDoDHxyvaEaDK,0.0,1.0,0.0,0.0,0.0,0.0,0.0,1.0,0.0,0.0,0.0,0.0,0.0,0.0,0.0,0.0,1.0,0.0,0.9269662921348316,0.364749082007344,0.7050819381174938,0.02982516283853274,0.007048851769348664,0.0,0.13012729844413012,0.5478522984174832,0.38625783916275397,0.21534243925821117,0.9428571428571431,0.017353435944611268
44gmXwbdHjwQsQvsiraj14,0.0,1.0,0.0,0.0,0.0,0.0,0.0,1.0,0.0,0.0,0.0,0.0,0.0,0.0,0.0,0.0,1.0,0.0,0.7008426966292134,0.5263157894736842,0.7517600425959887,0.06422123185921608,0.49843117544980897,7.274633123689728e-06,0.10066006600660066,0.467111637420605,0.237121733264765,0.36238833959479544,1.0,0.265582221122059
17vGPZ5EsdvtgAOCD4FLWI,0.0,1.0,0.0,1.0,0.0,0.0,0.0,0.0,0.0,0.0,0.0,0.0,0.0,0.0,0.0,0.0,1.0,0.0,0.6811797752808988,0.7135862913096696,0.6662722593622432,0.1715232544852017,0.15715754225070994,0.0005953878406708596,0.2633191890617633,0.6425880073204867,0.5875949214914946,0.2098553381504895,0.9428571428571431,0.11774238142664968
2jScsSbdNBEnvsAS8BYRVF,0.0,1.0,0.0,1.0,0.0,0.0,0.0,0.0,0.0,0.0,0.0,0.0,0.0,0.0,0.0,0.0,1.0,0.0,0.580056179775281,0.22031823745410037,0.2890019523161568,0.2903668152211176,0.05312079225122703,0.0,0.1254125412541254,0.2959414361072236,0.6670451281982781,0.32989460981665514,0.8571428571428612,1.9159189560708e-05
4wVOKKEHUJxHCFFNUWDn0B,0.0,1.0,0.0,0.0,0.0,0.0,0.0,0.0,0.0,0.0,0.0,0.0,1.0,0.0,0.0,0.0,1.0,0.0,0.6587078651685394,0.3525091799265606,0.6279358693723007,0.3657867672266027,0.650453066602135,0.0,0.09948137670909948,0.002799009581225101,0.42017912361666737,0.31202053563357096,0.9142857142857181,0.7282782252919346
6gpcs5eMhJwax4mIfKDYQk,1.0,0.0,0.0,1.0,0.0,0.0,0.0,0.0,0.0,0.0,0.0,0.0,0.0,0.0,0.0,0.0,1.0,0.0,0.6601123595505618,0.7760097919216646,0.8768857599242736,0.03153925265683922,0.5149777758473411,1.268343815513627e-06,0.26567656765676567,0.5101733232856067,0.2940779675280006,0.33372717124170365,0.8285714285714292,0.20091381670528752
7rvyVWja33WG9R97oeJAjx,1.0,0.0,0.0,1.0,0.0,0.0,0.0,0.0,0.0,0.0,0.0,0.0,0.0,0.0,0.0,0.0,1.0,0.0,0.6657303370786516,0.4002447980416156,0.6186475773531325,0.27779682322020344,0.24195886928806185,0.0,0.25035360678925034,0.5887608999892346,0.5944606589237889,0.10104044687287794,0.8857142857142861,0.007726509257319793
4ZT0wGKwlJRjpMUuwZVy3p,1.0,0.0,0.0,0.0,0.0,0.0,0.0,0.0,0.0,0.0,0.0,0.0,1.0,0.0,0.0,0.0,1.0,0.0,0.42134831460674155,0.49326805385556904,0.6058687806898182,0.285795909038967,0.015373860094356989,0.0,0.08887317303158887,0.0318656475401012,0.5335372573115427,0.1935643241720469,1.0,0.7282782252919346
7AvprzMsRJpybaalckaT8c,0.0,1.0,0.0,0.0,0.0,0.0,1.0,0.0,0.0,0.0,0.0,0.0,0.0,0.0,0.0,0.0,1.0,0.0,0.49859550561797755,0.653610771113831,0.7689167603384014,0.07336304422351733,0.006004347619254452,0.0,0.06765676567656764,0.28086984605447307,0.760921397992373,0.13525599113654474,0.9142857142857181,0.27935376819979313
4s7QLoImIwmPi9L6dq1nVW,0.0,1.0,0.0,0.0,0.0,0.0,0.0,0.0,0.0,0.0,0.0,1.0,0.0,0.0,0.0,0.0,1.0,0.0,0.42415730337078644,0.4883720930232559,0.5361178489025616,0.44920580505085134,0.2357538941389873,3.19706498951782e-06,0.425978312116926,0.22488965442997094,0.4674111227617896,0.4975896699540219,0.9428571428571431,0.7282782252919346
6BaxqcoEM9r3LXisTyJjST,0.0,1.0,0.0,0.0,0.0,0.0,0.0,0.0,0.0,0.0,0.0,1.0,0.0,0.0,0.0,0.0,1.0,0.0,0.24719101123595505,0.8188494492044063,0.8342306099508963,0.13609873157353444,0.13233764165441184,0.0,0.11834040546911834,0.5823016471094843,0.19571358921785348,0.3020533531233378,0.6285714285714263,0.10389411050344742
6GiOnqCGSAlSFDJeE175If,1.0,0.0,0.0,0.0,0.0,0.0,0.0,1.0,0.0,0.0,0.0,0.0,0.0,0.0,0.0,0.0,1.0,0.0,0.7036516853932584,0.405140758873929,0.5180737147251966,0.3212204319506342,0.027266729130083166,0.0,0.3328618576143329,0.16890946280546887,0.6141228486131611,0.2742457338314472,0.8571428571428612,0.06760439345994446
27ZZdyTSQWI7Cug2d2PkqV,0.0,1.0,0.0,1.0,0.0,0.0,0.0,0.0,0.0,0.0,0.0,0.0,0.0,0.0,0.0,0.0,1.0,0.0,0.8904494382022472,0.4259485924112607,0.6788144116429036,0.26294137812821394,0.11889352883141703,1.7505241090146752e-06,0.07673267326732675,0.783615028528367,0.26696899064309515,0.05720670813877951,0.9714285714285751,0.004380896741338853
22ruOqBqBRiZDiXFud4OXa,1.0,0.0,0.0,0.0,0.0,0.0,0.0,0.0,0.0,0.0,0.0,0.0,1.0,0.0,0.0,0.0,1.0,0.0,0.7963483146067416,0.412484700122399,0.7646571614506299,0.10295966175294252,0.050949050949050945,0.0,0.10655351249410655,0.2388847023360965,0.533590687174829,0.17099152547717805,0.9428571428571431,0.7282782252919346
0r2Bul2NuCViraT2zX1l5j,0.0,1.0,0.0,1.0,0.0,0.0,0.0,0.0,0.0,0.0,0.0,0.0,0.0,0.0,0.0,0.0,1.0,0.0,0.35814606741573035,0.5679314565483476,0.6301248299118498,0.045823334476059886,0.031093130472012457,0.0,0.1089108910891089,0.10647001830121651,0.27372786834881685,0.5508019366733872,0.3999999999999986,0.009361850590996552
6BdgtqiV3oXNqBikezwdvC,0.0,1.0,0.0,0.0,0.0,0.0,0.0,0.0,0.0,1.0,0.0,0.0,0.0,0.0,0.0,0.0,0.0,1.0,0.1179775280898876,0.8372093023255813,0.7399278234632904,0.19780596503256773,0.011030377490004819,0.0,0.11126826968411127,0.4445042523414792,0.26453793186356683,0.339502292599141,0.6285714285714263,0.7282782252919346
08uGhvS5MfBk7crUCpnjva,0.0,1.0,0.0,0.0,0.0,0.0,0.0,0.0,0.0,1.0,0.0,0.0,0.0,0.0,0.0,0.0,1.0,0.0,0.5716292134831462,0.554467564259486,0.7510501094480269,0.08696149011541537,0.08083634791709325,0.0,0.13012729844413012,0.34976854343847563,0.7748532348442854,0.4576263347215769,0.5714285714285694,0.04019126827947795
0Ymjv0OJeIIPXr6s9wi3iW,0.0,1.0,0.0,1.0,0.0,0.0,0.0,0.0,0.0,0.0,0.0,0.0,0.0,0.0,0.0,0.0,1.0,0.0,0.7429775280898876,0.423500611995104,0.5952197834703897,0.31550679922294594,0.06325558499471542,0.0,0.28689297501178695,0.4768005167402304,0.5792932564833799,0.03412514374733264,1.0,0.008439823302110008
5mEEpT9MaL379P7RJWFbx9,0.0,1.0,0.0,1.0,0.0,0.0,0.0,0.0,0.0,0.0,0.0,0.0,0.0,0.0,0.0,0.0,1.0,0.0,0.6193820224719102,0.5385556915544676,0.5115659942022125,0.5897611701519828,0.0617043412074468,0.0,0.27274870344177277,0.2647217138550974,0.7737245289823615,0.19550898644202486,0.8285714285714292,4.074811270661487e-05
3kCwyvhvVTyehIzYN2I0nF,0.0,1.0,0.0,0.0,0.0,0.0,0.0,0.0,1.0,0.0,0.0,0.0,0.0,0.0,0.0,0.0,1.0,0.0,0.5337078651685394,0.9033047735618116,0.9400106489972193,0.3097931664952577,0.034816115561457174,0.0,0.23974540311173972,0.6974916567983638,0.6951559150198023,0.3099581424585997,0.8857142857142861,0.7282782252919346
2UMWdssGd4rlT9oSeHUZh0,1.0,0.0,0.0,0.0,0.0,0.0,0.0,0.0,1.0,0.0,0.0,0.0,0.0,0.0,0.0,0.0,1.0,0.0,0.8834269662921348,0.38555691554467564,0.5688930959001359,0.28008227631127874,0.05777452361303293,0.0,0.11126826968411127,0.6135213693616105,0.40095105156649674,0.17668675800622713,0.9428571428571431,0.10062832213815441
4wFjTWCunQFKtukqrNijEt,0.0,1.0,0.0,0.0,1.0,0.0,0.0,0.0,0.0,0.0,0.0,0.0,0.0,0.0,0.0,0.0,1.0,0.0,0.8960674157303372,0.4369645042839657,0.757321185588357,0.17837961375842762,0.03150679548195076,0.0,0.3493635077793494,0.16245020992571862,0.5206873751911787,0.48565049478515154,0.8571428571428612,0.265582221122059
63ZKUKbwb6Zozlk8LJCiPB,0.0,1.0,0.0,1.0,0.0,0.0,0.0,0.0,0.0,0.0,0.0,0.0,0.0,0.0,0.0,0.0,1.0,0.0,0.5969101123595506,0.773561811505508,0.8646394131219309,0.11895783339046967,0.01351236754963463,0.0,0.09830268741159828,0.38852406071697715,0.5341450220064248,0.36879626456657155,0.7142857142857153,0.04079070706849734
5kGCh49aqeRMkEOhQ9mcrW,0.0,1.0,0.0,0.0,0.0,0.0,0.0,0.0,0.0,1.0,0.0,0.0,0.0,0.0,0.0,0.0,1.0,0.0,0.48455056179775285,0.646266829865361,0.7776726024965981,0.01611244429208091,0.0046702779622034285,0.0,0.5721357850070721,0.7179459575842394,0.5674117906350806,0.3803717353325162,0.5428571428571445,0.0011953070018024617
0k7wmahjkn389wAZdz19Cv,0.0,1.0,1.0,0.0,0.0,0.0,0.0,0.0,0.0,0.0,0.0,0.0,0.0,0.0,0.0,0.0,1.0,0.0,0.6825842696629214,0.6083231334149327,0.6995207951251257,0.3600731344989145,0.04350308077016152,0.0,0.07555398396982554,0.37668209710410167,0.6138890929612832,0.2973714473122665,0.9142857142857181,0.14356000767900318
0QIjsbm2fh1cJ45XO9eGqq,1.0,0.0,0.0,0.0,0.0,0.0,1.0,0.0,0.0,0.0,0.0,0.0,0.0,0.0,0.0,0.0,1.0,0.0,0.75,0.5104039167686658,0.7677335384251316,0.024682893383613305,0.0039049976938175697,0.0,0.38943894389438943,0.35515125417160087,0.5541745420058906,0.27875524796020695,0.8571428571428612,0.4614489238126466
4MRT0dDbhqFKl67WzhUbSw,1.0,0.0,0.0,0.0,0.0,0.0,0.0,0.0,0.0,0.0,1.0,0.0,0.0,0.0,0.0,1.0,0.0,0.0,0.43117977528089885,0.40881272949816405,0.6434360764361355,0.6457547708833277,0.4188006610366859,0.0,0.0805044790193305,0.2345785337495963,0.7958511711158158,0.5044664162081819,0.7428571428571473,0.7282782252919346
6xbraxG0bSBOuAr5IUXmtM,0.0,1.0,1.0,0.0,0.0,0.0,0.0,0.0,0.0,0.0,0.0,0.0,0.0,0.0,0.0,0.0,1.0,0.0,0.6418539325842696,0.6034271725826194,0.6685795420931194,0.3097931664952577,0.39708324801492506,0.0,0.41890617633191896,0.6867262353321134,0.6005182696738776,0.3787739587647505,0.8571428571428612,0.0832090743774021
2ihL1KGMA0geIqGT5pkZzo,1.0,0.0,0.0,0.0,0.0,0.0,0.0,1.0,0.0,0.0,0.0,0.0,0.0,0.0,0.0,0.0,1.0,0.0,0.9227528089887642,0.45532435740514077,0.7391587292196651,0.07016340989601189,0.04898414215184401,4.3186582809224325e-06,0.07531824611032531,0.7017978253848638,0.253284266908882,0.24217877858390746,0.8857142857142861,0.029406072787293874
3ndumr5hw721OmT5opZ5Zl,0.0,1.0,0.0,0.0,1.0,0.0,0.0,0.0,0.0,0.0,0.0,0.0,0.0,0.0,0.0,0.0,1.0,0.0,0.8553370786516854,0.4528763769889841,0.714370230136662,0.03611015883898983,0.22851475646506703,0.0,0.02498821310702498,0.1968995586177199,0.29340341550401056,0.3974700469451984,0.7428571428571473,0.03791038417972072
67W5fd1ld7dqHNCfaQu52I,0.0,1.0,0.0,0.0,1.0,0.0,0.0,0.0,0.0,0.0,0.0,0.0,0.0,0.0,0.0,0.0,1.0,0.0,0.7008426966292134,0.653610771113831,0.6833698160089924,0.3600731344989145,0.020648088971070337,0.04580712788259959,0.11951909476661951,0.7136397889977393,0.6667445852172926,0.2642386069070199,0.6571428571428584,0.09680461817285359
2kdhiombBoiHjvSKG3EI0m,1.0,0.0,0.0,0.0,1.0,0.0,0.0,0.0,0.0,0.0,0.0,0.0,0.0,0.0,0.0,0.0,1.0,0.0,0.6769662921348314,0.5263157894736842,0.7032479441519256,0.3475031424980003,0.15715754225070994,0.0,0.7206506364922206,0.16675637851221875,0.09967340996066226,0.3328589058173783,0.9428571428571431,0.14356000767900318
1UMKquW1olreYO1LlLmTqi,0.0,1.0,0.0,1.0,0.0,0.0,0.0,0.0,0.0,0.0,0.0,0.0,0.0,0.0,0.0,0.0,1.0,0.0,0.8103932584269662,0.4614443084455325,0.5971129385316214,0.06444977716832362,0.02819747540244435,0.0,0.11244695898161244,0.4208203251157283,0.2501586199066313,0.28610291783434,0.7428571428571473,0.007546682845847494
55OdqrG8WLmsYyY1jijD9b,1.0,0.0,0.0,0.0,0.0,0.0,0.0,1.0,0.0,0.0,0.0,0.0,0.0,0.0,0.0,0.0,1.0,0.0,0.8384831460674158,0.5079559363525091,0.7356090634798556,0.24237230030853618,0.12820099155502881,0.0,0.13484205563413482,0.8557433523522446,0.4810023442352516,0.34524798123033,0.8000000000000043,0.08147606472057838
5v7kaZNsnyByrSJOfO8gKq,0.0,1.0,0.0,0.0,1.0,0.0,0.0,0.0,0.0,0.0,0.0,0.0,0.0,0.0,0.0,0.0,1.0,0.0,0.8918539325842698,0.233782129742962,0.47819913624800314,0.07393440749628616,0.6049499155089217,0.0,0.11008958038661007,0.17429217353859405,0.3408224191706349,0.3212224672613479,0.8000000000000043,0.08771760615610538
4gVX26KwlsIh9Uh7hKIRjp,1.0,0.0,0.0,0.0,0.0,0.0,0.0,1.0,0.0,0.0,0.0,0.0,0.0,0.0,0.0,0.0,1.0,0.0,0.7612359550561798,0.44430844553243576,0.5391350647813997,0.37378585304536627,0.1623283548749387,0.0,0.1265912305516266,0.4154376143826031,0.4671372947124472,0.31644385392117497,0.8857142857142861,0.08697564041419939
3rALMatm3fRoubDlouWRpi,1.0,0.0,0.0,0.0,0.0,0.0,0.0,0.0,0.0,0.0,0.0,0.0,0.0,1.0,0.0,0.0,1.0,0.0,0.6980337078651686,0.7784577723378213,0.9375258829793527,0.07153468175065708,0.060256513672662736,0.0,0.3187175860443187,0.6576595973732372,0.11333141876323222,0.2600906948435966,0.5142857142857125,0.0019333451098485165
7vanOPJ8GpUOxgqzAU2Tuu,0.0,1.0,0.0,0.0,0.0,0.0,0.0,0.0,0.0,0.0,0.0,1.0,0.0,0.0,0.0,0.0,1.0,0.0,0.731741573033708,0.5605875152998776,0.6389989942613736,0.16352416866643815,0.1871482554712368,0.0,0.34700612918434703,0.8471310151792443,0.42781291533370286,0.11724946968534311,0.8857142857142861,0.14252775408908486
3NJG6vMH1ZsectZkocMEm0,0.0,1.0,0.0,0.0,0.0,0.0,0.0,0.0,1.0,0.0,0.0,0.0,0.0,0.0,0.0,0.0,1.0,0.0,0.47331460674157305,0.6903304773561811,0.8913802283618292,0.014169809164666897,0.17990911779731653,0.0,0.05893446487505894,0.2873290989342233,0.4192173860775133,0.3527323030477588,0.8000000000000043,0.03062558132900052
4pCEIQ6wBVuaJdER5bALtO,1.0,0.0,0.0,1.0,0.0,0.0,0.0,0.0,0.0,0.0,0.0,0.0,0.0,0.0,0.0,0.0,1.0,0.0,0.8230337078651686,0.3317013463892289,0.5964030053836596,0.5417666552394014,0.06191117371241595,0.0,0.13837812352663836,0.23780816018947143,0.5343520627266594,0.34583243108011796,0.8857142857142861,0.14356000767900318
3fHNHBb2eGLahIvoVa19zq,0.0,1.0,0.0,1.0,0.0,0.0,0.0,0.0,0.0,0.0,0.0,0.0,0.0,0.0,0.0,0.0,1.0,0.0,0.7612359550561798,0.18604651162790695,0.5992427379755072,0.2492286595817621,0.11992769135626279,0.0,0.08309759547383308,0.2582624609753472,0.6673189562476207,0.22918633228286528,0.9142857142857181,0.012339101561505299
0giAhiU1PIrYKHRpKNp4XT,0.0,1.0,1.0,0.0,0.0,0.0,0.0,0.0,0.0,0.0,0.0,0.0,0.0,0.0,0.0,1.0,0.0,0.0,0.24438202247191015,0.6866585067319462,0.7270307046086493,0.2172323163067078,0.14578175447740663,0.0,0.1254125412541254,0.34546237485197545,0.4416579286577749,0.18495735408200376,1.0,0.7282782252919346
4OjuzM3rTWp3q60mEldNSF,0.0,1.0,0.0,0.0,0.0,0.0,0.0,0.0,0.0,0.0,1.0,0.0,0.0,0.0,0.0,0.0,1.0,0.0,0.6671348314606742,0.4002447980416156,0.5838016920073359,0.3829276654096675,0.0002078666674939967,0.0,0.023809523809523815,0.6328991280008613,0.6677664313526437,0.2291737182573303,0.7714285714285722,0.0009741228670466154
35RJhm1pEovTBwnNR0zWad,0.0,1.0,0.0,0.0,0.0,0.0,0.0,1.0,0.0,0.0,0.0,0.0,0.0,0.0,0.0,0.0,1.0,0.0,0.6025280898876404,0.22276621787025705,0.43323670354374955,0.018626442692263746,0.07680311407019481,1.0901467505241092e-06,0.09240924092409239,0.20658843793734527,0.17235138149590262,0.30868622821715463,0.9142857142857181,0.7282782252919346
7zi1lO8F71WtC8ksORVFVV,0.0,1.0,0.0,0.0,0.0,0.0,0.0,0.0,1.0,0.0,0.0,0.0,0.0,0.0,0.0,0.0,1.0,0.0,0.771067415730337,0.8127294981640147,0.8245281902620836,0.0734773168780711,0.20266069334392317,0.0,0.4931636020744932,0.8212940036602434,0.4472480281041081,0.4359007780751417,0.6285714285714263,0.023376893550602258
5Z8HZM6iQMhhqyPcCGY5g9,1.0,0.0,1.0,0.0,0.0,0.0,0.0,0.0,0.0,0.0,0.0,0.0,0.0,0.0,0.0,0.0,1.0,0.0,0.827247191011236,0.5997552019583844,0.5961663610010056,0.23780139412638557,0.06511707753943778,0.0,0.057284299858557285,0.5618473463236087,0.3470469982434932,0.2542882430975001,0.8857142857142861,0.08147606472057838
5Mkbqot9JUaN5XhRgqITME,0.0,1.0,0.0,1.0,0.0,0.0,0.0,0.0,0.0,0.0,0.0,0.0,0.0,0.0,0.0,0.0,1.0,0.0,0.29213483146067415,0.8225214198286412,0.7576169910666744,0.4709176094160668,0.14991840457678965,0.0,0.07814710042432815,0.4057487350629777,0.9062973772615859,0.05010080708740047,1.0,0.19502563168631767
2NRUU0gP1d8Yif8CpsCW8l,0.0,1.0,0.0,1.0,0.0,0.0,0.0,0.0,0.0,0.0,0.0,0.0,0.0,0.0,0.0,0.0,1.0,0.0,0.7935393258426966,0.6193390452876377,0.5728568893095898,0.18409324648611589,0.010616712480066518,0.0,0.37883074021687885,0.3250080740660998,0.23401612246124653,0.28296412781371605,0.6857142857142833,0.12394584832728606
5pHJv0bgNsT9nPoK2BjNBn,1.0,0.0,0.0,0.0,0.0,0.0,0.0,1.0,0.0,0.0,0.0,0.0,0.0,0.0,0.0,0.0,1.0,0.0,0.9508426966292134,0.736842105263158,0.7426492338638111,0.1498114501199863,0.018062682658955952,1.8867924528301888e-05,0.10066006600660066,0.2022822693508451,0.5338645152241717,0.3098446162287848,0.8571428571428612,0.08398024046594313
2qOm7ukLyHUXWyR4ZWLwxA,1.0,0.0,0.0,0.0,0.0,0.0,0.0,0.0,0.0,1.0,0.0,0.0,0.0,0.0,0.0,0.0,1.0,0.0,0.7471910112359552,0.7135862913096696,0.756847896823049,0.12467146611815794,0.3412384716732543,0.00011111111111111112,0.3104667609618105,0.8148347507804932,0.14908267603470265,0.3950880984566739,0.11428571428571388,0.068704575085578
4LwU4Vp6od3Sb08CsP99GC,1.0,0.0,0.0,0.0,0.0,0.0,0.0,0.0,0.0,0.0,0.0,0.0,1.0,0.0,0.0,0.0,1.0,0.0,0.9213483146067416,0.9155446756425949,0.9283559131515114,0.27779682322020344,0.02902480542232095,0.0,0.06718528995756717,0.2927118096673485,0.23549880116744254,0.18802256228700692,0.3142857142857167,0.09594473632792395
08dz3ygXyFur6bL7Au8u8J,1.0,0.0,0.0,0.0,0.0,0.0,0.0,0.0,0.0,1.0,0.0,0.0,0.0,0.0,0.0,0.0,1.0,0.0,0.5,0.9608323133414931,0.8594923977992072,0.03028225345674781,0.045467989567368444,0.0,0.06506364922206506,0.32177844762622465,0.4677517381402399,0.19796031207099174,0.9142857142857181,0.08398024046594313
2WP8G2pdddDmnh1xbfKBOI,1.0,0.0,1.0,0.0,0.0,0.0,0.0,0.0,0.0,0.0,0.0,0.0,0.0,0.0,0.0,0.0,1.0,0.0,0.7598314606741574,0.193390452876377,0.5897769626693485,0.035653068220774776,0.1375084542786406,0.0003542976939203354,0.08533710513908535,0.2819463882010981,0.23347514509547246,0.23127395350890656,0.8571428571428612,0.7282782252919346
2Tzmhv6ONBv2lULdPDNwUK,0.0,1.0,0.0,1.0,0.0,0.0,0.0,0.0,0.0,0.0,0.0,0.0,0.0,0.0,0.0,0.0,1.0,0.0,0.625,0.43574051407588743,0.7031887830562621,0.07336304422351733,0.003811923066581452,0.0,0.050683639792550673,0.6834966088922383,0.13962559023302096,0.0728060530503867,1.0,0.008439823302110008
0k4d5YPDr1r7FX77VdqWez,0.0,1.0,0.0,0.0,0.0,0.0,0.0,0.0,0.0,0.0,1.0,0.0,0.0,0.0,0.0,0.0,1.0,0.0,0.7893258426966292,0.5630354957160343,0.6925989469324971,0.033824705747914525,0.016925103881625624,0.0024423480083857444,0.0658887317303159,0.4294326622887286,0.4605119916649412,0.2398788212613605,0.9428571428571431,0.6728145922379295
4PpuH4mxL0rD35mOWaLoKS,0.0,1.0,0.0,1.0,0.0,0.0,0.0,0.0,0.0,0.0,0.0,0.0,0.0,0.0,0.0,0.0,1.0,0.0,0.9129213483146068,0.6927784577723378,0.6841980713482813,0.06764941149582906,0.0021779462773251594,0.0001519916142557652,0.10537482319660535,0.17644525783184412,0.23350853876002647,0.3103786099764328,0.8285714285714292,0.5119009047700843
1gqkRc9WtOpnGIqxf2Hvzr,1.0,0.0,0.0,0.0,0.0,0.0,0.0,0.0,0.0,0.0,0.0,1.0,0.0,0.0,0.0,0.0,1.0,0.0,0.47612359550561795,0.3769889840881273,0.8838076081169022,0.3429322363158497,0.5036019880740378,0.0,0.2963224893917964,0.5144794918721068,0.27761489090289787,0.17745411122627247,0.7142857142857153,0.20018084707375253
5CM4UuQ9Gnd6K2YyKGPMoK,0.0,1.0,0.0,1.0,0.0,0.0,0.0,0.0,0.0,0.0,0.0,0.0,0.0,0.0,0.0,0.0,1.0,0.0,0.5898876404494384,0.423500611995104,0.6521919185943322,0.010055993600731353,0.6473505790275977,7.872117400419287e-05,0.41772748703441775,0.7028743675314889,0.7274542673763935,0.336464414782797,0.9714285714285751,0.035682666830994456
5Y78yINSOCW6xbOfGWNBg4,0.0,1.0,0.0,0.0,0.0,0.0,0.0,0.0,0.0,1.0,0.0,0.0,0.0,0.0,0.0,0.0,1.0,0.0,0.9367977528089888,0.43084455324357407,0.29095426847305206,0.3657867672266027,0.0011231005019824894,0.00259958071278826,0.09240924092409239,0.60060286360211,0.28039324379378744,0.2251351277485436,0.48571428571428754,0.009361850590996552
1fXnu2HzxbDtoyvFPWG3Bw,0.0,1.0,0.0,0.0,0.0,0.0,0.0,0.0,0.0,0.0,0.0,0.0,0.0,1.0,0.0,0.0,1.0,0.0,0.6882022471910112,0.5152998776009792,0.614979589421996,0.00845617643697863,0.06118725994502392,0.0,0.15605846298915604,0.6113682850683605,0.49446666978340864,0.30781796279282936,1.0,0.07075729065511226
6ebkx7Q5tTxrCxKq4GYj0Y,0.0,1.0,1.0,0.0,0.0,0.0,0.0,0.0,0.0,0.0,0.0,0.0,0.0,0.0,0.0,0.0,1.0,0.0,0.49157303370786515,0.8665850673194615,0.8406791693782167,0.006627813964118386,0.0292316379272901,0.0,0.04172560113154173,0.46926472171385514,0.45369968409593325,0.3416046301883064,0.6285714285714263,0.22652291259671775
7zy7iE31dGO70ShMXghsfj,0.0,1.0,0.0,0.0,0.0,0.0,0.0,0.0,0.0,0.0,0.0,1.0,0.0,0.0,0.0,0.0,1.0,0.0,0.5407303370786518,0.6842105263157895,0.6857954209311956,0.15323962975659927,0.34227263419810006,0.4329140461215933,0.5886374351720887,0.7190224997308645,0.200295199994657,0.414524209468508,1.0,0.0832090743774021
5g9lS8deSIxItFBmZRC4vN,0.0,1.0,0.0,0.0,1.0,0.0,0.0,0.0,0.0,0.0,0.0,0.0,0.0,0.0,0.0,0.0,1.0,0.0,0.7514044943820226,0.9167686658506733,0.6836064603916463,0.22637412867100903,0.0024364869085365982,0.0009339622641509434,0.053158887317303165,0.8266767143933687,0.18194872068871099,0.4337437797086581,0.22857142857142776,0.1477436779812596
27AHAtAirQapVldIm4c9ZX,0.0,1.0,0.0,0.0,1.0,0.0,0.0,0.0,0.0,0.0,0.0,0.0,0.0,0.0,0.0,0.0,1.0,0.0,0.678370786516854,0.7148102815177478,0.4434715730935336,0.15666780939321223,0.0004829538991029675,0.004224318658280922,0.3587930221593588,0.4778770588868555,0.28009270081280174,0.2586611052829641,0.11428571428571388,0.004093064753079325
59nOXPmaKlBfGMDeOVGrIK,0.0,1.0,0.0,1.0,0.0,0.0,0.0,0.0,0.0,0.0,0.0,0.0,0.0,0.0,0.0,0.0,1.0,0.0,0.27668539325842706,0.5887392900856794,0.807371472519671,0.3577876814078392,0.3246918712757222,0.0,0.04714757190004714,0.3250080740660998,0.1559818071315509,0.24769951709305577,0.9714285714285751,0.7282782252919346
0k2GOhqsrxDTAbFFSdNJjT,1.0,0.0,1.0,0.0,0.0,0.0,0.0,0.0,0.0,0.0,0.0,0.0,0.0,0.0,0.0,0.0,1.0,0.0,0.9620786516853932,0.5373317013463892,0.7954800922913091,0.047537424294366366,0.10958606610780523,0.0,0.050212164073550204,0.8449779308859942,0.4341577115989554,0.3079945591503192,0.48571428571428754,0.039522595146364185
68MTDH8Kk4jBEV1ah0n89s,1.0,0.0,0.0,0.0,0.0,0.0,0.0,0.0,0.0,0.0,0.0,0.0,1.0,0.0,0.0,0.0,0.0,1.0,0.25983146067415736,0.8751529987760098,0.7641247115896586,0.4423494457776254,0.26988125745889724,0.0,0.0818010372465818,0.2044353536440952,0.18214240394312392,0.3260809694299091,0.8285714285714292,0.1412003357665388
3aA6xB0tOilDDX17fIJ0Bl,0.0,1.0,0.0,0.0,0.0,0.0,0.0,0.0,0.0,1.0,0.0,0.0,0.0,0.0,0.0,1.0,0.0,0.0,0.5926966292134832,0.6793145654834761,0.7347216470449032,0.013255627928236771,0.10017518713170886,0.0,0.08286185761433287,0.3616105070513511,0.3798729705000367,0.4465533226394428,0.9142857142857181,0.24491894809361012
794QVQtFNy7hvtjQP1keQd,1.0,0.0,0.0,0.0,0.0,0.0,1.0,0.0,0.0,0.0,0.0,0.0,0.0,0.0,0.0,0.0,1.0,0.0,0.773876404494382,0.5936352509179926,0.7691534047210553,0.2537995657639127,0.015684108851810714,0.0,0.11362564827911362,0.8589729787921198,0.6870011821357251,0.29644641877303374,0.8571428571428612,0.04526879315324415
3ySqZ8yGoh4Emi9HiPCCdP,1.0,0.0,0.0,0.0,1.0,0.0,0.0,0.0,0.0,0.0,0.0,0.0,0.0,0.0,0.0,0.0,1.0,0.0,0.17275280898876405,0.9804161566707466,0.7897414660119504,0.25265683921837506,2.6681393141020475e-05,0.6530398322851153,0.3564356435643565,0.12692431908709229,0.821584329021098,0.35275542876123966,1.0,0.14356000767900318
7dZAPeA3Of5j5Vaef0DQ6M,1.0,0.0,0.0,0.0,0.0,0.0,0.0,0.0,0.0,0.0,0.0,0.0,1.0,0.0,0.0,0.0,1.0,0.0,0.9325842696629214,0.6744186046511628,0.7670236052771696,0.04536624385784483,0.2533346570613651,1.5513626834381552e-05,0.103017444601603,0.45096350522122947,0.26060415817911026,0.30345350995772197,0.6000000000000014,0.20018084707375253
4fFHFp2cadSc397kr5wPbx,1.0,0.0,0.0,1.0,0.0,0.0,0.0,0.0,0.0,0.0,0.0,0.0,0.0,0.0,0.0,0.0,1.0,0.0,0.6137640449438202,0.6242350061199511,0.8156540259125598,0.1600959890298252,0.051155883454020105,0.0,0.15252239509665252,0.5058671546991065,0.5743309579306612,0.43080050708382644,1.0,0.20018084707375253
7DpXKT1mT5yuSSoF5qA66z,0.0,1.0,0.0,0.0,0.0,0.0,0.0,0.0,0.0,0.0,1.0,0.0,0.0,0.0,0.0,0.0,1.0,0.0,0.6643258426966292,0.412484700122399,0.7579719576406554,0.14409781739229802,0.005931956242515249,0.0,0.35997171145686,0.03240391861341371,0.5809963333756321,0.23634058709879513,0.7428571428571473,0.003157869875731058
2JI71GHwq2LN8mtq3iCLYo,0.0,1.0,0.0,0.0,0.0,0.0,0.0,0.0,0.0,0.0,1.0,0.0,0.0,0.0,0.0,0.0,1.0,0.0,0.8707865168539326,0.5716034271725826,0.7201088564160207,0.11895783339046967,0.002188287902573617,1.2054507337526206e-05,0.3316831683168317,0.1516847884594682,0.3998690968349485,0.3521457508603817,0.7428571428571473,0.00899692028220023
6LxSe8YmdPxy095Ux6znaQ,1.0,0.0,0.0,0.0,0.0,0.0,0.0,0.0,1.0,0.0,0.0,0.0,0.0,0.0,0.0,0.0,1.0,0.0,0.5196629213483146,0.4957160342717257,0.6484647695675323,0.09038966975202833,0.3774341600428557,0.00037002096436058703,0.07437529467232437,0.4175906986758532,0.6135084051853683,0.3446046659280454,0.6571428571428584,0.7282782252919346
0dpok9LbD1eATa5XPMardF,0.0,1.0,0.0,0.0,0.0,0.0,0.0,0.0,0.0,0.0,0.0,0.0,0.0,1.0,0.0,0.0,1.0,0.0,0.45505617977528084,0.8053855569155446,0.8074897947109979,0.0961033024797166,0.014856778831934111,0.0,0.09830268741159828,0.4154376143826031,0.11675760874646862,0.45179445024923215,0.6571428571428584,0.12394584832728606
2KLwPaRDOB87XOYAT2fgxh,1.0,0.0,0.0,0.0,0.0,0.0,1.0,0.0,0.0,0.0,0.0,0.0,0.0,0.0,0.0,0.0,1.0,0.0,0.678370786516854,0.5740514075887393,0.678518606164586,0.10181693520740487,0.06439316377204575,0.0,0.38236680810938234,0.43912154160835404,0.41405472553747097,0.3573027849666044,0.9714285714285751,0.7282782252919346
5yJzkdwbrQCwua2dIC3K6A,1.0,0.0,0.0,1.0,0.0,0.0,0.0,0.0,0.0,0.0,0.0,0.0,0.0,0.0,0.0,0.0,1.0,0.0,0.6067415730337078,0.773561811505508,0.7566112524403951,0.08924694320649068,0.12716682903018306,0.0,0.06117397454031117,0.4488104209279794,0.46693693272512343,0.3462297728844702,0.7428571428571473,0.007527497530119203
5WoaF1B5XIEnWfmb5NZikf,0.0,1.0,0.0,0.0,0.0,0.0,0.0,0.0,1.0,0.0,0.0,0.0,0.0,0.0,0.0,0.0,1.0,0.0,0.5730337078651686,0.42227662178702574,0.4489735549902383,0.018854988001371274,0.17887495527247077,0.0,0.06836397925506835,0.15706749919259338,0.5739101977572814,0.3936858392847007,0.8285714285714292,0.22819780023939232
6LTsvaebP6V9tJFvZxqi5M,1.0,0.0,0.0,0.0,0.0,0.0,0.0,0.0,0.0,0.0,1.0,0.0,0.0,0.0,0.0,0.0,1.0,0.0,0.8230337078651686,0.7380660954712362,0.8186712417913978,0.041366700948463044,0.018372931416409676,0.0,0.36232909005186237,0.2464204973624718,0.48719352964355594,0.2844862202282718,0.8000000000000043,0.14356000767900318
78JKJfKsqgeBDBF58gv1SF,1.0,0.0,0.0,1.0,0.0,0.0,0.0,0.0,0.0,0.0,0.0,0.0,0.0,0.0,0.0,0.0,1.0,0.0,0.5337078651685394,0.762545899632803,0.6300656688161863,0.09267512284310364,0.01713193638659477,0.0,0.051272984441301274,0.1527613306060932,0.45285148501626266,0.26291833890102406,0.6857142857142833,0.11582285705945246
4VMRsbfZzd3SfQtaJ1Wpwi,1.0,0.0,0.0,0.0,0.0,0.0,0.0,0.0,0.0,0.0,0.0,1.0,0.0,0.0,0.0,0.0,1.0,0.0,0.46910112359550565,0.4969400244798041,0.6420162101402116,0.006970631927779684,0.006386987753447381,9.150943396226416e-06,0.5497406883545497,0.062439444504252345,0.39410535033293487,0.41240084850345093,1.0,0.6728145922379295
6n3HGiq4v35D6eFOSwqYuo,1.0,0.0,0.0,0.0,0.0,0.0,0.0,0.0,0.0,0.0,1.0,0.0,0.0,0.0,0.0,0.0,1.0,0.0,0.702247191011236,0.14932680538555684,0.46092409631426356,0.06593532167752256,0.11475687873203401,0.018029350104821804,0.10183875530410183,0.11508235547421682,0.2471531900967749,0.3103470749125953,0.8285714285714292,0.7282782252919346
64rnghzDMy4cAEMZhSOp9h,0.0,1.0,0.0,0.0,0.0,0.0,0.0,0.0,0.0,0.0,1.0,0.0,0.0,0.0,0.0,0.0,1.0,0.0,0.5112359550561798,0.4406364749082008,0.7457847719339761,0.035653068220774776,0.033471704279157695,0.0,0.37765205091937765,0.0007535795026375261,0.5344856373848754,0.42816417574701304,0.6571428571428584,0.20018084707375253
3iL2l5gUqyPS6vDwJFgJTR,0.0,1.0,0.0,0.0,0.0,0.0,0.0,0.0,0.0,0.0,1.0,0.0,0.0,0.0,0.0,0.0,1.0,0.0,0.6558988764044944,0.6156670746634028,0.7074483819440335,0.3063649868586447,0.10544941600842221,0.0,0.1914191419141914,0.5596942620303585,0.5875348128952973,0.45423316185266394,0.6000000000000014,0.02612042853463795
1ZHYJ2Wwgxes4m8Ba88PeK,0.0,1.0,0.0,0.0,1.0,0.0,0.0,0.0,0.0,0.0,0.0,0.0,0.0,0.0,0.0,0.0,0.0,1.0,0.5084269662921348,0.6499388004895961,0.7383896349760397,0.20009141812364303,0.002488195034778886,0.013522012578616353,0.7536539368222537,0.0637312950802024,0.4331358654636042,0.645041321445315,0.6285714285714263,0.265582221122059
2gwkD6igEhQbDQegRCcdoB,1.0,0.0,0.0,0.0,1.0,0.0,0.0,0.0,0.0,0.0,0.0,0.0,0.0,0.0,0.0,0.0,1.0,0.0,0.8567415730337078,0.6132190942472461,0.6885759924273795,0.45606216432407726,0.06284191998477712,0.0,0.11598302687411596,0.8686618581117451,0.10292595288821799,0.19183410033616377,0.8857142857142861,0.10062832213815441
5Lzvwk89KPUl7Q8Bl8faz8,0.0,1.0,0.0,0.0,0.0,0.0,0.0,0.0,1.0,0.0,0.0,0.0,0.0,0.0,0.0,0.0,1.0,0.0,0.6025280898876404,0.5434516523867808,0.6132639176477548,0.06307850531367845,0.3774341600428557,0.0,0.1914191419141914,0.35299816987835075,0.440949982969231,0.20295756852043784,0.8285714285714292,1.435197472547581e-05
6l45AMUGFsx0yZ2rxnzrKA,1.0,0.0,0.0,0.0,0.0,0.0,0.0,0.0,0.0,0.0,0.0,0.0,1.0,0.0,0.0,0.0,1.0,0.0,0.7837078651685392,0.8115055079559363,0.7070934153700525,0.10410238829848018,0.05136271595898925,0.0,0.14545025931164543,0.6533534287867371,0.14669168965263918,0.21049444877759582,0.8857142857142861,0.10062832213815441
24LS4lQShWyixJ0ZrJXfJ5,1.0,0.0,0.0,0.0,0.0,0.0,0.0,0.0,0.0,0.0,1.0,0.0,0.0,0.0,0.0,0.0,1.0,0.0,0.43117977528089885,0.9400244798041617,0.8388451754126485,0.0938178493886413,0.20369485586876893,0.00011740041928721174,0.033121169259783124,0.5866078156959845,0.45348596464278795,0.2953532032266677,0.6857142857142833,0.20091381670528752
4lUmnwRybYH7mMzf16xB0y,0.0,1.0,0.0,0.0,0.0,0.0,0.0,0.0,0.0,0.0,0.0,1.0,0.0,0.0,0.0,0.0,1.0,0.0,0.46348314606741575,0.598531211750306,0.7663728332248712,0.3543595017712262,0.1426792669028694,0.0,0.13130598774163132,0.16245020992571862,0.49397912228092095,0.38968088617734054,0.9428571428571431,0.22819780023939232
5OFKWrKbS8iTIGxgjyHDzW,0.0,1.0,0.0,0.0,0.0,0.0,0.0,0.0,0.0,0.0,1.0,0.0,0.0,0.0,0.0,0.0,1.0,0.0,0.38904494382022475,0.6193390452876377,0.6382299000177483,0.04159524625757056,0.017028520134110197,2.819706498951782e-05,0.14309288071664308,0.17106254709871893,0.6814511550868569,0.508725752163831,0.7714285714285722,0.04270109598576312
4UQMOPSUVJVicIQzjAcRRZ,0.0,1.0,0.0,0.0,0.0,0.0,0.0,0.0,1.0,0.0,0.0,0.0,0.0,0.0,0.0,0.0,1.0,0.0,0.5997191011235954,0.41982864137086906,0.5806661539371709,0.24122957376299853,0.003056984423444051,0.0,0.7854785478547853,0.7384002583701152,0.281208049208904,0.20083210521779166,0.5428571428571445,0.20018084707375253
1VLtjHwRWOVJiE5Py7JxoQ,1.0,0.0,0.0,1.0,0.0,0.0,0.0,0.0,0.0,0.0,0.0,0.0,0.0,0.0,0.0,0.0,1.0,0.0,0.794943820224719,0.45654834761321916,0.6098325740992723,0.25837047194606333,0.3567509095459406,0.0,0.16077322017916076,0.0849391753687157,0.22634225834674643,0.12774013425527841,0.9142857142857181,0.09281698992341585
3x4I4nRuZp5NdtGvCPw6Ms,1.0,0.0,0.0,1.0,0.0,0.0,0.0,0.0,0.0,0.0,0.0,0.0,0.0,0.0,0.0,0.0,1.0,0.0,0.6264044943820224,0.36964504283965727,0.5200851919777553,0.13267055193692148,0.15715754225070994,0.0,0.723008015087223,0.59844977930886,0.13354126455128928,0.22832016919612919,0.7142857142857153,0.10461677771623226
5XMWIwwo1YLNy3zn4c5CBW,1.0,0.0,0.0,0.0,0.0,0.0,0.0,0.0,0.0,0.0,0.0,0.0,0.0,1.0,0.0,0.0,1.0,0.0,0.8426966292134832,0.6585067319461444,0.7072708986570431,0.4297794537767113,0.015684108851810714,0.0,0.12187647336162188,0.3390031219722252,0.2405145295834475,0.22714075780860737,0.8857142857142861,0.001999992963352198
6755DFiZ7CWe2WMdTGW5C1,1.0,0.0,0.0,0.0,0.0,0.0,0.0,0.0,0.0,0.0,1.0,0.0,0.0,0.0,0.0,0.0,1.0,0.0,0.9648876404494382,0.5630354957160343,0.6201857658403833,0.22180322248885842,0.017545601396533075,0.0,0.013201320132013201,0.9106470018301217,0.4206399561875121,0.1687357172440036,0.9428571428571431,0.08147606472057838
4MXhiYIRDMGAuvZc5IFTwC,1.0,0.0,0.0,0.0,0.0,0.0,1.0,0.0,0.0,0.0,0.0,0.0,0.0,0.0,0.0,0.0,1.0,0.0,0.6095505617977528,0.3659730722154223,0.5922025675915517,0.044794880585076004,0.14681591700225238,5.041928721174004e-05,0.09712399811409711,0.26795134029497253,0.6135551563157438,0.14904942805905885,0.8571428571428612,0.22819780023939232
1QBwk6GTCxVdC2hoSw9tlM,1.0,0.0,0.0,0.0,0.0,0.0,0.0,1.0,0.0,0.0,0.0,0.0,0.0,0.0,0.0,0.0,1.0,0.0,0.21207865168539325,0.8886168910648715,0.7436549724900904,0.38864129813735576,0.08125001292703156,0.0,0.9493163602074493,0.28625255678759826,0.7182643308911434,0.49524346120451324,0.6571428571428584,0.7282782252919346
5pP390EcAYj8wYcKl0E36l,1.0,0.0,0.0,1.0,0.0,0.0,0.0,0.0,0.0,0.0,0.0,0.0,0.0,0.0,0.0,0.0,1.0,0.0,0.5519662921348316,0.777233782129743,0.6081760634206944,0.2195177693977831,0.035229780571395475,5.1781970649895185e-06,0.34818481848184824,0.6113682850683605,0.3533717583100134,0.19549427007890074,0.9428571428571431,8.838482493255704e-05
5XEu8x6EaJiQRPeKMAJuTY,0.0,1.0,0.0,0.0,0.0,0.0,0.0,0.0,0.0,0.0,0.0,0.0,1.0,0.0,0.0,0.0,1.0,0.0,0.48735955056179775,0.8824969400244798,0.7024196888126366,0.25265683921837506,0.4994653379746547,0.0,0.23856671381423858,0.7480891376897406,0.21625069291853943,0.2003422605595161,0.8571428571428612,7.402414148455363e-07
4gJUBncw0XCMTBHneTjqGx,0.0,1.0,0.0,0.0,0.0,0.0,0.0,0.0,0.0,0.0,1.0,0.0,0.0,0.0,0.0,0.0,1.0,0.0,0.800561797752809,0.5813953488372093,0.7676743773294681,0.3017940806764941,0.13233764165441184,0.0,0.020744931636020744,0.8718914845516202,0.5474690941634552,0.18854814668429826,0.8857142857142861,0.06897090523791691
22VdIZQfgXJea34mQxlt81,1.0,0.0,0.0,0.0,0.0,0.0,0.0,0.0,0.0,0.0,0.0,1.0,0.0,0.0,0.0,0.0,1.0,0.0,0.6165730337078652,0.7441860465116279,0.7451339998816777,0.01782653411038739,0.11682520378172552,0.0,0.09005186232909004,0.5876843578426095,0.32001148742060653,0.2973714473122665,0.7714285714285722,0.6728145922379295
0Ft6hwGWdCdujdK6TOfBV7,0.0,1.0,0.0,1.0,0.0,0.0,0.0,0.0,0.0,0.0,0.0,0.0,0.0,0.0,0.0,0.0,1.0,0.0,0.6165730337078652,0.7209302325581395,0.8024019404839376,0.029139526911210155,0.06532391004440694,0.0,0.13837812352663836,0.3820648078372269,0.11830707478177244,0.3571345979594711,0.6571428571428584,0.020742113093491166
3aQem4jVGdhtg116TmJnHz,1.0,0.0,1.0,0.0,0.0,0.0,0.0,0.0,0.0,0.0,0.0,0.0,0.0,0.0,0.0,0.0,1.0,0.0,0.723314606741573,0.5299877600979191,0.6603561497958941,0.024682893383613305,0.014029448812057508,0.0,0.15723715228665724,0.02766713316826354,0.46658295988085147,0.22302017613384323,0.9428571428571431,0.7282782252919346
4GfFIza7yEWJ9ooDkmIbgE,1.0,0.0,0.0,1.0,0.0,0.0,0.0,0.0,0.0,0.0,0.0,0.0,0.0,0.0,0.0,0.0,1.0,0.0,0.702247191011236,0.7527539779681763,0.824942317931728,0.3235058850417095,0.02602573410026826,0.0,0.15841584158415842,0.4800301431801055,0.24610462902978042,0.21259678636676121,0.9142857142857181,0.0005449918557768666
3LSBODvr96eWDzLPyuc1i4,0.0,1.0,0.0,0.0,1.0,0.0,0.0,0.0,0.0,0.0,0.0,0.0,0.0,0.0,0.0,0.0,1.0,0.0,0.851123595505618,0.14320685434516525,0.39300715849257517,0.43663581304993715,0.16439667992463022,0.0,0.03135313531353135,0.48756593820648086,0.09992720181127229,0.09485536968555336,0.9714285714285751,0.0011549943252222264
7MDKvOzNgAJ3KMCtaP2UOa,0.0,1.0,0.0,0.0,0.0,0.0,0.0,0.0,0.0,0.0,1.0,0.0,0.0,0.0,0.0,0.0,1.0,0.0,0.5154494382022472,0.847001223990208,0.6880435425664082,0.41378128213918414,0.3122819209775731,0.0,0.14545025931164543,0.5456992141242331,0.46740444402887876,0.29410231236111434,0.7428571428571473,0.11582285705945246
0VZe8C7xgAIQC0E0qEVIEh,1.0,0.0,0.0,0.0,0.0,0.0,1.0,0.0,0.0,0.0,0.0,0.0,0.0,0.0,0.0,0.0,1.0,0.0,0.9480337078651684,0.6303549571603427,0.7443057445423888,0.07621986058736147,0.21817313121660947,4.8637316561844865e-06,0.08250825082508251,0.9612444827214988,0.40098444523105065,0.17846323326907187,0.9142857142857181,0.06897090523791691
3O8NlPh2LByMU9lSRSHedm,1.0,0.0,0.0,0.0,0.0,0.0,0.0,0.0,0.0,0.0,0.0,0.0,1.0,0.0,0.0,0.0,1.0,0.0,0.45505617977528084,0.375764993880049,0.4163757912796544,0.18066506684950293,0.08156026168448528,0.0,0.08533710513908535,0.3357734955323501,0.21540917257177966,0.3640302652519336,0.8000000000000043,0.7282782252919346
5LUUJL8EfdmBWNS66wD7B5,0.0,1.0,1.0,0.0,0.0,0.0,0.0,0.0,0.0,0.0,0.0,0.0,0.0,0.0,0.0,0.0,1.0,0.0,0.651685393258427,0.375764993880049,0.6821865940957226,0.025139984001828368,0.3277943588502595,0.0,0.41890617633191896,0.49940790181935624,0.22702348910364717,0.39211539310559407,0.8571428571428612,0.0011849610394396794
3gE4eQH3K83Sght0ZLvuBK,1.0,0.0,0.0,0.0,0.0,0.0,0.0,0.0,1.0,0.0,0.0,0.0,0.0,0.0,0.0,0.0,1.0,0.0,0.7724719101123594,0.4614443084455325,0.6961486126723065,0.03976688378471032,0.01464994632696496,0.000519916142557652,0.08297972654408298,0.1280008612337173,0.2472466923575259,0.29074487923121717,0.8571428571428612,0.7282782252919346
2dxjKgT0li4qBI3QwuN9Ih,0.0,1.0,0.0,0.0,0.0,0.0,0.0,0.0,0.0,0.0,0.0,1.0,0.0,0.0,1.0,0.0,0.0,0.0,0.40168539325842706,0.8384332925336597,0.7814589126190616,0.3600731344989145,0.011754291257396849,0.0,0.3305044790193305,0.5564646355904834,0.25730486412117887,0.34589339887020376,0.48571428571428754,0.20018084707375253
3GdWfmQBiiJrDUvSZS1bGv,0.0,1.0,0.0,1.0,0.0,0.0,0.0,0.0,0.0,0.0,0.0,0.0,0.0,0.0,0.0,0.0,1.0,0.0,0.776685393258427,0.5997552019583844,0.7272081878956398,0.1623814421209005,0.006573137007919617,0.0,0.11008958038661007,0.49940790181935624,0.533784370429242,0.23906521661435348,0.9714285714285751,0.22819780023939232
1fHNx9MymVjrxGUbq8eh46,1.0,0.0,0.0,0.0,0.0,0.0,0.0,0.0,0.0,0.0,0.0,0.0,0.0,1.0,0.0,0.0,1.0,0.0,0.34971910112359555,0.9914320685434517,0.9551558894870732,0.06810650211404412,0.0007901001689821566,0.0,0.2880716643092881,0.706103993971364,0.4808086609808387,0.4693426621059956,0.6285714285714263,0.01694044219618515
7EOgYEXi2w5SOcNVCjCvzy,1.0,0.0,0.0,0.0,0.0,0.0,0.0,0.0,0.0,0.0,0.0,0.0,0.0,1.0,0.0,0.0,1.0,0.0,0.75561797752809,0.6817625458996328,0.8412116192391882,0.06422123185921608,0.061497508702477645,0.0,0.42244224422442245,0.3077833997200991,0.3076424740698194,0.3540231383275063,0.7142857142857153,0.06709966202841267
1PNGJBI1Lx0h8QCpkHKZLU,0.0,1.0,0.0,0.0,0.0,0.0,0.0,0.0,0.0,0.0,1.0,0.0,0.0,0.0,0.0,0.0,1.0,0.0,0.8384831460674158,0.6658506731946144,0.7051410992131573,0.3235058850417095,0.05167296471644298,2.3165618448637316e-05,0.5839226779820839,0.6049090321886103,0.5681264150565353,0.24584946001459024,0.7142857142857153,0.0766504222284778
1i9lZvlaDdWDPyXEE95aiq,1.0,0.0,0.0,0.0,0.0,0.0,0.0,1.0,0.0,0.0,0.0,0.0,0.0,0.0,0.0,0.0,1.0,0.0,0.26966292134831465,0.45777233782129745,0.7848902561675442,0.0013712718546451813,0.5946082902604641,0.0,0.1643092880716643,0.19259339003121972,0.15222168050277501,0.5921927591288754,1.0,0.22819780023939232
5raTDhlbxFDnpn89bxArdH,1.0,0.0,0.0,0.0,0.0,0.0,0.0,0.0,0.0,1.0,0.0,0.0,0.0,0.0,0.0,0.0,1.0,0.0,0.6362359550561798,0.5507955936352509,0.7756611252440394,0.01531253571020455,0.060153097420178166,0.0,0.14898632720414898,0.48648939605985575,0.4670304349858743,0.2949201216832997,0.9142857142857181,0.14356000767900318
4U8hMes3PqpsLJBeMXD71p,1.0,0.0,0.0,0.0,0.0,0.0,0.0,0.0,1.0,0.0,0.0,0.0,0.0,0.0,0.0,0.0,1.0,0.0,0.46348314606741575,0.5055079559363524,0.5175412648642252,0.21151868357901954,0.04226208574034661,0.0,0.13955681282413954,0.4326622887286038,0.47446386471558605,0.37061688891878874,0.6857142857142833,0.13666316970816478
3YqJ0iaDWM0aqEDQExd2j3,1.0,0.0,0.0,0.0,0.0,0.0,0.0,0.0,1.0,0.0,0.0,0.0,0.0,0.0,0.0,0.0,1.0,0.0,0.5491573033707866,0.5507955936352509,0.7517008815003252,0.22637412867100903,0.009654941331959965,0.0,0.13837812352663836,0.6232102486812359,0.481055774098538,0.444814689453203,0.9714285714285751,0.20018084707375253
20MuVazoNMv6xjKPnRFOxG,1.0,0.0,0.0,0.0,0.0,0.0,0.0,0.0,0.0,0.0,0.0,0.0,0.0,1.0,0.0,0.0,1.0,0.0,0.6671348314606742,0.5924112607099143,0.7693900491037093,0.07930522226031311,0.19852404324454015,0.0,0.15841584158415842,0.48541285391323075,0.5946476634452911,0.336146961806833,0.8571428571428612,0.22819780023939232
7r6LNJT2LqpLpEyZQJPygt,1.0,0.0,0.0,0.0,0.0,0.0,0.0,0.0,1.0,0.0,0.0,0.0,0.0,0.0,0.0,0.0,1.0,0.0,0.8342696629213484,0.4895960832313342,0.7314677867834112,0.18066506684950293,0.28332537028189203,0.0,0.09358793022159359,0.3411562062654753,0.6207882240581317,0.24683125166873043,0.8285714285714292,0.13666316970816478
39Xs1TO452MZhc55Z9MHn1,0.0,1.0,0.0,0.0,0.0,0.0,0.0,0.0,0.0,0.0,0.0,0.0,1.0,0.0,0.0,0.0,1.0,0.0,0.773876404494382,0.27294981640146876,0.30065668816186464,0.26979773740143986,0.10855190358295948,0.0,0.09358793022159359,0.2744105931747228,0.20015494660353034,0.17364257317711562,0.8857142857142861,0.008439823302110008
3fO79znP8PGK3E9lxv2rlo,0.0,1.0,0.0,0.0,0.0,0.0,0.0,1.0,0.0,0.0,0.0,0.0,0.0,0.0,0.0,0.0,1.0,0.0,0.728932584269663,0.594859241126071,0.732059397740046,0.012798537310021715,0.07421770775808043,0.0,0.17020273455917018,0.38960060286360215,0.5212817824202391,0.19469117711983952,1.0,0.06760439345994446
55Q46o5adtSobImSKrrlqW,0.0,1.0,1.0,0.0,0.0,0.0,0.0,0.0,0.0,0.0,0.0,0.0,0.0,0.0,0.0,0.0,1.0,0.0,0.7162921348314608,0.7356181150550796,0.814352481807963,0.21608958976117015,0.1995582057693859,0.0,0.17845355964167844,0.6899558617719885,0.4007573683120838,0.34463199631670455,0.7714285714285722,0.14356000767900318
5Tl0HJvynZtKdSUMKbFVVX,1.0,0.0,0.0,0.0,0.0,0.0,0.0,0.0,0.0,0.0,0.0,0.0,1.0,0.0,0.0,0.0,1.0,0.0,0.8679775280898876,0.6340269277845778,0.7255516772170619,0.2915095417666552,0.09893419210189396,0.002190775681341719,0.00035360678925035194,0.5962966950156099,0.1132646314341243,0.34981846314917553,0.2857142857142847,0.0766504222284778
1rcEtzR9Z07PvQBqUxhFcU,0.0,1.0,0.0,0.0,0.0,0.0,0.0,0.0,0.0,0.0,1.0,0.0,0.0,0.0,0.0,0.0,1.0,0.0,0.7963483146067416,0.3157894736842105,0.5439271135301424,0.6891783796137586,0.08404225174411509,0.0,0.1914191419141914,0.48648939605985575,0.4881218735181561,0.09749170102236676,0.8571428571428612,0.0008596467094213851
1Hd2XLitkt1PYCWSbfF5qV,1.0,0.0,0.0,0.0,0.0,0.0,0.0,0.0,0.0,0.0,1.0,0.0,0.0,0.0,0.0,0.0,1.0,0.0,0.8356741573033708,0.6181150550795594,0.7656037389812458,0.36121586104445214,0.0022193127783189897,0.0,0.28689297501178695,0.8783507374313705,0.5677390485477094,0.2744664792783095,0.8857142857142861,0.2002427573822012
61LtVmmkGr8P9I2tSPvdpf,0.0,1.0,0.0,0.0,0.0,0.0,0.0,0.0,0.0,0.0,0.0,0.0,0.0,1.0,0.0,0.0,1.0,0.0,0.8146067415730336,0.3390452876376989,0.7773767970182807,0.13038509884584618,0.2067973434433062,9.884696016771489e-05,0.07696841112682695,0.5112498654322317,0.1668280693786775,0.3477434559486693,0.6571428571428584,0.0007567618614803831
0GzuHFG4Ql6DoyxFRnIk3F,1.0,0.0,0.0,0.0,0.0,0.0,0.0,0.0,1.0,0.0,0.0,0.0,0.0,0.0,0.0,0.0,1.0,0.0,0.702247191011236,0.7674418604651163,0.8870023072827308,0.3257913381327848,0.10855190358295948,6.09014675052411e-06,0.13366336633663364,0.6156744536548606,0.8011140126495202,0.2699611698247281,0.9142857142857181,0.6728145922379295
2Grb4G6t9VIqo6moKUloom,0.0,1.0,0.0,1.0,0.0,0.0,0.0,0.0,0.0,0.0,0.0,0.0,0.0,0.0,0.0,0.0,1.0,0.0,0.848314606741573,0.23133414932680532,0.7122404306927763,0.285795909038967,0.006800652763385684,0.0005062893081761007,0.09358793022159359,0.14845516201959308,0.09970680362521617,0.20240255139689822,0.8571428571428612,0.1412003357665388
6HfOzLLjsaXsehIFEsrxTk,0.0,1.0,0.0,1.0,0.0,0.0,0.0,0.0,0.0,0.0,0.0,0.0,0.0,0.0,0.0,0.0,1.0,0.0,0.6741573033707866,0.6438188494492045,0.6298290244335324,0.40578219632042056,0.1602600298252472,0.0,0.12776991984912778,0.2647217138550974,0.5603256550167302,0.2443925400652986,0.7428571428571473,0.7282782252919346
25oOaleife6E2MIKmFkPvg,0.0,1.0,0.0,0.0,1.0,0.0,0.0,0.0,0.0,0.0,0.0,0.0,0.0,0.0,0.0,0.0,1.0,0.0,0.8089887640449438,0.5336597307221542,0.6972135123942493,0.04090961033024799,0.0025709280367665465,0.0,0.11244695898161244,0.28086984605447307,0.5740905235458726,0.30112832458410504,0.8285714285714292,0.13666316970816478
0AluA5RNsa4Cx6XRhf2hWZ,1.0,0.0,0.0,0.0,0.0,0.0,0.0,0.0,1.0,0.0,0.0,0.0,0.0,0.0,0.0,0.0,1.0,0.0,0.7640449438202248,0.23500611995104034,0.48452937348399683,0.3235058850417095,0.608052403083459,0.0,0.0865157944365865,0.03832490041985144,0.1869844853034483,0.28638252873369896,0.8571428571428612,0.1412003357665388
1iSqfoUFnQwV0QW1EfUit8,1.0,0.0,0.0,0.0,0.0,0.0,0.0,0.0,0.0,0.0,0.0,1.0,0.0,0.0,0.0,0.0,1.0,0.0,0.6587078651685394,0.2545899632802937,0.49926048630420616,0.047880242258027665,0.3453751217726373,0.0,0.11480433757661479,0.21304769081709551,0.5340982708760493,0.31729530064478695,0.8857142857142861,0.08697564041419939
7JpewU9FPkJyiOi0CErkpI,0.0,1.0,0.0,0.0,0.0,0.0,0.0,0.0,0.0,0.0,0.0,1.0,0.0,0.0,0.0,0.0,1.0,0.0,0.696629213483146,0.8298653610771114,0.7954209311956456,0.32007770540509656,0.21713896869176372,0.0,0.29042904290429045,0.172139089245344,0.41416826399695444,0.30027898019808225,0.7714285714285722,0.004461182454320747
3Kwdm0iLyEiRB8InsZoo6n,0.0,1.0,0.0,1.0,0.0,0.0,0.0,0.0,0.0,0.0,0.0,0.0,0.0,0.0,0.0,0.0,1.0,0.0,0.7120786516853932,0.14687882496940027,0.49340353783352053,0.09496057593417895,0.24816384443713635,0.0,0.09830268741159828,0.4606523845408549,0.2804066012596091,0.32719520835216676,0.9428571428571431,0.7282782252919346
1wf4LnpdAhLaoI2WwYDKAE,1.0,0.0,0.0,1.0,0.0,0.0,0.0,0.0,0.0,0.0,0.0,0.0,0.0,0.0,0.0,0.0,1.0,0.0,0.1067415730337079,0.9130966952264383,0.8098562385375376,0.44349217232316307,0.08424908424908424,0.0,0.41772748703441775,0.2022822693508451,0.7369714617742722,0.3700555647824816,0.6857142857142833,0.23101191941951416
2qGfZAgDe1pV2y5xJAhi6R,0.0,1.0,0.0,0.0,0.0,0.0,0.0,0.0,0.0,0.0,0.0,1.0,0.0,0.0,0.0,0.0,1.0,0.0,0.6769662921348314,0.5104039167686658,0.7336567473229603,0.1909496057593418,0.2657446073595142,0.0,0.11951909476661951,0.1387662826999677,0.5341784156709788,0.25340315897246146,0.8571428571428612,0.10666688066900824
3zpGLSQ8QbbUnNjweWPLMD,1.0,0.0,0.0,0.0,0.0,0.0,0.0,0.0,0.0,0.0,0.0,0.0,0.0,1.0,0.0,0.0,1.0,0.0,0.6839887640449438,0.7539779681762546,0.7347808081405667,0.3349331504970861,0.07494162152547244,0.0007484276729559749,0.11362564827911362,0.6802669824523631,0.6485984678986703,0.20893241194884593,0.9714285714285751,0.11582285705945246
3CA9pLiwRIGtUBiMjbZmRw,0.0,1.0,0.0,0.0,0.0,0.0,0.0,0.0,0.0,0.0,1.0,0.0,0.0,0.0,0.0,0.0,1.0,0.0,0.44803370786516855,0.9155446756425949,0.6890492811926876,0.0500514226945492,0.09210871943791198,0.00010167714884696017,0.10655351249410655,0.7760792335019917,0.22265559777998917,0.29154166517751084,0.8571428571428612,0.7282782252919346
17IBDpAl3J39swaoPlfGpp,1.0,0.0,0.0,0.0,0.0,0.0,0.0,1.0,0.0,0.0,0.0,0.0,0.0,0.0,0.0,0.0,1.0,0.0,0.5870786516853934,0.4651162790697675,0.5964030053836596,0.024454348074505777,0.035850278086302936,0.0,0.12894860914662895,0.19044030573796966,0.6545959700525616,0.2067501855312922,1.0,0.7282782252919346
1h0XARxXykW70AGlcWmnui,0.0,1.0,0.0,1.0,0.0,0.0,0.0,0.0,0.0,0.0,0.0,0.0,0.0,0.0,0.0,0.0,1.0,0.0,0.41292134831460686,0.780905752753978,0.8471868899012008,0.25265683921837506,0.07659628156522566,0.0,0.6475719000471475,0.3433092905587254,0.600498233475145,0.3721074462695071,0.8857142857142861,4.074811270661487e-05
4ngnFeJ58ivjFl0gFD1Osh,0.0,1.0,0.0,0.0,1.0,0.0,0.0,0.0,0.0,0.0,0.0,0.0,0.0,0.0,0.0,0.0,1.0,0.0,0.8019662921348314,0.7356181150550796,0.8310950718807311,0.027311164438349904,0.0006308391401559103,0.0,0.09948137670909948,0.31962536333297453,0.5474958090950983,0.2110641822642596,0.7428571428571473,0.004441492032685856
0cNJ3huiV99wvUN1tmQLTL,1.0,0.0,0.0,0.0,0.0,0.0,1.0,0.0,0.0,0.0,0.0,0.0,0.0,0.0,0.0,0.0,1.0,0.0,0.5421348314606742,0.6242350061199511,0.7540081642312014,0.32921951776939784,0.004122171824035179,3.029350104821803e-05,0.6711456859971711,0.517709118311982,0.6673991010425502,0.2865801484670805,0.6285714285714263,0.01175060092798057
5ChX0Yt1wPpRJFPPecJZPh,0.0,1.0,0.0,0.0,0.0,0.0,0.0,0.0,0.0,0.0,0.0,1.0,0.0,0.0,0.0,0.0,1.0,0.0,0.8469101123595506,0.5618115055079559,0.7580311187363189,0.18752142612272885,0.3722633474186269,0.0,0.0876944837340877,0.9946172892668748,0.5877752472800859,0.27122047004063815,0.9428571428571431,0.06760439345994446
3DK6m7It6Pw857FcQftMds,1.0,0.0,0.0,1.0,0.0,0.0,0.0,0.0,0.0,0.0,0.0,0.0,0.0,0.0,0.0,0.0,1.0,0.0,0.15168539325842695,0.4981640146878824,0.845767023605277,0.0938178493886413,0.22644643141537552,0.0022955974842767297,0.570957095709571,0.07955646463559049,0.16495802416365574,0.9999999999999999,0.6285714285714263,0.20018084707375253
1xHcIJHIHwr2PUyTmFTWTy,1.0,0.0,0.0,0.0,0.0,0.0,0.0,0.0,1.0,0.0,0.0,0.0,0.0,0.0,0.0,0.0,1.0,0.0,0.6502808988764044,0.7429620563035496,0.6572206117257291,0.12124328648154498,0.08135342917951613,2.2746331236897277e-06,0.09240924092409239,0.5553880934438584,0.5880357178636069,0.15745457374054211,1.0,0.06760439345994446
2lD4LsB3iQVnddkVM2RFAl,1.0,0.0,0.0,0.0,0.0,0.0,0.0,0.0,0.0,0.0,0.0,0.0,0.0,1.0,0.0,0.0,1.0,0.0,0.6292134831460674,0.8384332925336597,0.906288824469029,0.05919323505885043,0.0014747157604300461,0.0,0.7701555869872702,0.6425880073204867,0.5472687321761314,0.41016816598375727,0.6857142857142833,0.265582221122059
76VtA90NKurNqaQpV126Ue,0.0,1.0,0.0,0.0,1.0,0.0,0.0,0.0,0.0,0.0,0.0,0.0,0.0,0.0,0.0,0.0,1.0,0.0,0.728932584269663,0.3880048959608323,0.5552860438975329,0.017140898183064794,0.02623256660523741,0.0,0.0724893917963225,0.3799117235439768,0.49401251594547485,0.18737714464713312,0.6857142857142833,0.5119009047700843
4uUG5RXrOk84mYEfFvj3cK,1.0,0.0,0.0,0.0,0.0,0.0,0.0,0.0,0.0,1.0,0.0,0.0,0.0,0.0,0.0,0.0,1.0,0.0,0.41432584269662937,0.9840881272949815,0.8547595101461278,0.00845617643697863,0.003925680944314485,7.410901467505242e-06,0.4035832154644036,0.2873290989342233,0.4541939103313319,0.21688975972383695,0.9714285714285751,0.22652291259671775
2jZx9wy7JVYYF2Yxe6fUNl,0.0,1.0,0.0,1.0,0.0,0.0,0.0,0.0,0.0,0.0,0.0,0.0,0.0,0.0,0.0,0.0,1.0,0.0,0.7303370786516854,0.7074663402692778,0.864402768739277,0.29608044794880584,0.3515800969217118,0.0,0.17845355964167844,0.279793303907848,0.24070821283786042,0.16524793918357822,0.9142857142857181,0.06709966202841267
5YCs9rP6ZcMJW6me3QhtWr,0.0,1.0,0.0,1.0,0.0,0.0,0.0,0.0,0.0,0.0,0.0,0.0,0.0,0.0,0.0,1.0,0.0,0.0,0.7134831460674158,0.6144430844553244,0.6411879548009227,0.10638784138955548,0.022819830273246425,0.0,0.3104667609618105,0.09355151254171602,0.5343587414595703,0.2292283790346486,0.8000000000000043,0.22819780023939232
14X1WxiHXdVRJ99cMCBzOE,1.0,0.0,0.0,0.0,0.0,0.0,0.0,1.0,0.0,0.0,0.0,0.0,0.0,0.0,0.0,0.0,1.0,0.0,0.7865168539325842,0.5801713586291309,0.7655445778855823,0.21151868357901954,0.10544941600842221,0.0,0.2550683639792551,0.8299063408332438,0.40018967601466643,0.3213296864783953,0.8857142857142861,0.14252775408908486
4P0osvTXoSYZZC2n8IFH3c,0.0,1.0,0.0,0.0,0.0,0.0,1.0,0.0,0.0,0.0,0.0,0.0,0.0,0.0,0.0,0.0,1.0,0.0,0.6643258426966292,0.7282741738066095,0.7864284446547949,0.01428408181922066,0.014029448812057508,0.0,0.4024045261669024,0.5230918290451072,0.33389657314214344,0.33493391301788455,0.6857142857142833,0.36151437334593056
6Vdyu21iT8qScU1haSjWUU,1.0,0.0,0.0,0.0,0.0,0.0,0.0,0.0,1.0,0.0,0.0,0.0,0.0,0.0,0.0,0.0,1.0,0.0,0.6938202247191012,0.7270501835985312,0.7919304265514996,0.1863786995771912,0.016821687629141043,3.0922431865828095e-06,0.07343234323432343,0.516632576165357,0.2802329542039284,0.20934026544114398,0.8857142857142861,0.14252775408908486
4CXSzoyTD2MmedFArsSIUp,0.0,1.0,0.0,1.0,0.0,0.0,0.0,0.0,0.0,0.0,0.0,0.0,0.0,0.0,0.0,0.0,1.0,0.0,0.42134831460674155,0.6303549571603427,0.7141335857540081,0.11552965375385671,0.009324009324009326,0.0,0.06977840641206978,0.09247497039509096,0.16462408751811614,0.21661435349965624,0.9142857142857181,0.06897090523791691
0uH6JssU7mWkTT9mqeqEvL,0.0,1.0,0.0,0.0,0.0,0.0,0.0,1.0,0.0,0.0,0.0,0.0,0.0,0.0,0.0,0.0,0.0,1.0,0.7134831460674158,0.565483476132191,0.6064012305507896,0.2492286595817621,0.16129419235009296,0.0,0.07885431400282886,0.3831413499838519,0.4583414034689339,0.3128614706692371,0.8571428571428612,0.08147606472057838
3ZABoOZ5vW0VU9zgb7Pj69,0.0,1.0,1.0,0.0,0.0,0.0,0.0,0.0,0.0,0.0,0.0,0.0,0.0,0.0,0.0,0.0,1.0,0.0,0.8019662921348314,0.777233782129743,0.6882210258533987,0.14524054393783567,0.026439399110206565,0.0,0.2774634606317775,0.4445042523414792,0.41398793820836305,0.2910959696086078,0.9714285714285751,2.8477522665234163e-06
4It00tEYLwpjQtAhqnjCPC,0.0,1.0,0.0,0.0,0.0,0.0,0.0,0.0,0.0,0.0,0.0,1.0,0.0,0.0,0.0,0.0,1.0,0.0,0.768258426966292,0.7600979192166463,0.7167958350588652,0.21837504285224546,0.023440327788153876,0.001729559748427673,0.07897218293257899,0.6931854882118637,0.6008789212510601,0.4129432516014556,0.6857142857142833,0.265582221122059
4cbdPT6uaBOgOQe3fLMofl,0.0,1.0,0.0,0.0,0.0,0.0,1.0,0.0,0.0,0.0,0.0,0.0,0.0,0.0,0.0,0.0,1.0,0.0,0.33848314606741575,0.5911872705018361,0.6292374134768974,0.0425094274940007,0.0042359297017682115,0.0,0.22206506364922204,0.14522553557971796,0.8006398226128539,0.2926348807238769,0.8857142857142861,0.6728145922379295
2gQYziDV5cSTRSqr6akzi5,0.0,1.0,0.0,0.0,0.0,0.0,0.0,0.0,1.0,0.0,0.0,0.0,0.0,0.0,0.0,0.0,1.0,0.0,0.75,0.5263157894736842,0.550967283914098,0.2789395497657411,0.11475687873203401,0.0,0.47194719471947194,0.7642372698891162,0.3804807351949188,0.2907848236454113,0.8571428571428612,0.3813722114626923
7eX3um6NpOQKWJMGCi97XD,1.0,0.0,0.0,0.0,0.0,0.0,0.0,0.0,1.0,0.0,0.0,0.0,0.0,0.0,0.0,0.0,1.0,0.0,0.7205056179775282,0.6658506731946144,0.7235401999645033,0.15552508284767458,0.004835743966178749,0.0,0.08074021687883073,0.17106254709871893,0.53410494960896,0.25381942181511624,0.9428571428571431,0.14252775408908486
6vU0sa31iayJqgOhrYfWz5,0.0,1.0,1.0,0.0,0.0,0.0,0.0,0.0,0.0,0.0,0.0,0.0,0.0,0.0,0.0,0.0,1.0,0.0,0.904494382022472,0.4492044063647491,0.7825238123410044,0.08090503942406582,0.009375717450251612,0.00010482180293501049,0.06376709099481376,0.2012057272042201,0.5738434104281736,0.23565312270713806,0.8571428571428612,7.402414148455363e-07
46wojTgyEs6lbgaWB6yIuz,1.0,0.0,0.0,0.0,0.0,0.0,1.0,0.0,0.0,0.0,0.0,0.0,0.0,0.0,0.0,0.0,1.0,0.0,0.5842696629213484,0.9461444308445532,0.9225581257764892,0.14295509084676036,0.11062022863265099,0.0,0.8491277699198491,0.4800301431801055,0.3272111614984405,0.2645939019595889,0.6285714285714263,0.08641542571144428
2oENJa1T33GJ0w8dC167G4,0.0,1.0,0.0,1.0,0.0,0.0,0.0,0.0,0.0,0.0,0.0,0.0,0.0,0.0,0.0,0.0,1.0,0.0,0.8047752808988764,0.7870257037943698,0.9233863811157782,0.0068563592732259135,0.019820758951193732,0.0,0.3564356435643565,0.916029712563247,0.42035277067234794,0.35301401628470697,0.6000000000000014,0.027883979681365956
52A8OAP8lTQKZCj4Rce92B,0.0,1.0,0.0,0.0,0.0,0.0,0.0,0.0,0.0,0.0,0.0,0.0,0.0,1.0,0.0,0.0,1.0,0.0,0.7092696629213484,0.45899632802937584,0.5671774241258947,0.33836133013369907,0.5718567147138577,1.10062893081761e-06,0.3128241395568128,0.3293142426525999,0.23349518129420482,0.4155249221609507,0.7428571428571473,0.19502563168631767
4UUFTQKwwId0n1P9t4ZQhx,0.0,1.0,0.0,1.0,0.0,0.0,0.0,0.0,0.0,0.0,0.0,0.0,0.0,0.0,0.0,0.0,1.0,0.0,0.8103932584269662,0.15299877600979186,0.44642962787670815,0.37150039995429096,0.01289187003472718,1.7714884696016772e-06,0.046558227251296554,0.24534395521584673,0.40089762170321047,0.15555616289752577,0.7428571428571473,0.0012700975108694435
3wspfG772mi1c25JpnNOVP,0.0,1.0,0.0,0.0,0.0,0.0,0.0,0.0,0.0,0.0,1.0,0.0,0.0,0.0,0.0,0.0,1.0,0.0,0.773876404494382,0.4296205630354958,0.66130272732651,0.08170494800594219,0.038228851893448164,0.0,0.2208863743517209,0.1430724512864679,0.46755137615291614,0.19755035624110445,0.9714285714285751,0.08771760615610538
3aHkbJXFYpPrup2K8wvDOV,0.0,1.0,0.0,1.0,0.0,0.0,0.0,0.0,0.0,0.0,0.0,0.0,0.0,0.0,0.0,0.0,1.0,0.0,0.5997191011235954,0.7001223990208079,0.7687984381470743,0.1280996457547709,0.013408951297150055,0.0,0.0752003771805752,0.4951017332328561,0.5341383432735141,0.3698327169980301,0.7142857142857153,0.04079070706849734
1ne7JVHEPnoncXzQunQVKW,0.0,1.0,0.0,0.0,0.0,0.0,0.0,0.0,0.0,0.0,0.0,1.0,0.0,0.0,0.0,0.0,1.0,0.0,0.7078651685393258,0.9498164014687884,0.9343903449091876,0.2515141126728374,0.03295462301673482,0.0,0.37647336162187645,0.6974916567983638,0.23360204102077747,0.34920037589796094,0.6285714285714263,0.6999464866418124
6RUpJeXT6U4SPEafnr9Wr7,0.0,1.0,0.0,0.0,0.0,0.0,0.0,0.0,0.0,0.0,1.0,0.0,0.0,0.0,0.0,0.0,1.0,0.0,0.38061797752808996,0.9632802937576499,0.8908477785008577,0.3749285795909039,0.15612337972586418,0.0,0.3859028760018859,0.812681666487243,0.8423017585103754,0.4503101999112813,0.4285714285714306,0.04194704253698882
0aI4gwTJOxwff7Dx1X2LG9,0.0,1.0,1.0,0.0,0.0,0.0,0.0,0.0,0.0,0.0,0.0,0.0,0.0,0.0,0.0,0.0,1.0,0.0,0.6587078651685394,0.423500611995104,0.4426433177542447,0.10753056793509314,0.005414874980092372,1.981132075471698e-06,0.12894860914662895,0.23027236516309618,0.667859933613395,0.23320810409093873,1.0,3.8405466346691944e-06
7e44z4wOjkllaD8eulUeMd,0.0,1.0,0.0,0.0,1.0,0.0,0.0,0.0,0.0,0.0,0.0,0.0,0.0,0.0,0.0,0.0,1.0,0.0,0.8764044943820224,0.6193390452876377,0.6660947760752528,0.028796708947548856,0.05984284866272444,3.113207547169812e-05,0.09358793022159359,0.5220152868984821,0.30097709862484884,0.31197638654419846,0.7428571428571473,0.7282782252919346
0OCFIEsSrmKueOiPK6S3xq,1.0,0.0,0.0,0.0,0.0,0.0,0.0,0.0,0.0,0.0,0.0,0.0,1.0,0.0,0.0,0.0,1.0,0.0,0.702247191011236,0.8751529987760098,0.8202685913743122,0.06833504742315163,0.0009772835859792382,0.0003123689727463312,0.0865157944365865,0.28625255678759826,0.5676321888211369,0.16165714658128372,1.0,0.14252775408908486
0oT9ElXYSxvnOOagP9efDq,1.0,0.0,1.0,0.0,0.0,0.0,0.0,0.0,0.0,0.0,0.0,0.0,0.0,0.0,0.0,0.0,1.0,0.0,0.8848314606741574,0.6842105263157895,0.7015914334733478,0.3749285795909039,0.17473830517308778,0.0,0.2633191890617633,1.0,0.5347394292354855,0.2943714115725275,0.9142857142857181,0.10666688066900824
2SLwbpExuoBDZBpjfefCtV,1.0,0.0,1.0,0.0,0.0,0.0,0.0,0.0,0.0,0.0,0.0,0.0,0.0,0.0,0.0,0.0,1.0,0.0,0.5393258426966292,0.7331701346389229,0.8104478494941725,0.020226259856016456,0.2636762823098227,0.0,0.3658651579443659,0.8622026052319949,0.22055179691308963,0.29878842284736395,0.9714285714285751,0.6728145922379295
5u6vkDnOyaf8LsteDAj2ub,0.0,1.0,0.0,0.0,1.0,0.0,0.0,0.0,0.0,0.0,0.0,0.0,0.0,0.0,0.0,0.0,1.0,0.0,0.7247191011235956,0.33537331701346385,0.6559782287167957,0.14752599702891098,0.34434095924779157,1.3731656184486374e-05,0.36940122583686946,0.22058348584347082,0.15335706509760966,0.41386828014068844,0.8285714285714292,0.22819780023939232
2tOZtdbkAMQASWokLvSlzj,1.0,0.0,0.0,0.0,0.0,0.0,0.0,0.0,0.0,0.0,0.0,0.0,1.0,0.0,0.0,0.0,1.0,0.0,0.7893258426966292,0.7723378212974297,0.7505176595870555,0.173808707576277,0.18818241799608257,0.0,0.29750117868929754,0.7965335342878674,0.4953282263289009,0.3390818250813079,0.4571428571428555,0.00889247657292679
4oaMjGJmklKvijYkP9E0LL,1.0,0.0,0.0,0.0,0.0,0.0,0.0,0.0,0.0,0.0,0.0,0.0,1.0,0.0,0.0,0.0,1.0,0.0,0.6853932584269662,0.6609547123623011,0.5730935336922439,0.39892583704719464,0.07576895154534906,0.0,0.19495520980669495,0.6565830552266122,0.5673383245730619,0.13453909401863934,0.9714285714285751,0.008439823302110008
66TRwr5uJwPt15mfFkzhbi,0.0,1.0,1.0,0.0,0.0,0.0,0.0,0.0,0.0,0.0,0.0,0.0,0.0,0.0,0.0,0.0,1.0,0.0,0.6601123595505618,0.7086903304773562,0.9430870259717209,0.05907896240429666,0.5325585387697189,0.0,0.021452145214521455,0.8245236301001185,0.5350132572848278,0.315058413449915,0.5428571428571445,0.01694044219618515
43CIWpJaJHRcI4mUSjqgc2,0.0,1.0,0.0,1.0,0.0,0.0,0.0,0.0,0.0,0.0,0.0,0.0,0.0,0.0,0.0,0.0,1.0,0.0,0.6053370786516854,0.627906976744186,0.6978051233508844,0.030167980802194037,0.002188287902573617,0.0,0.12894860914662895,0.173215631391969,0.14359943631494226,0.1792936566167922,0.9428571428571431,0.27935376819979313
2uTG00P1DkhB97pdITkl2O,0.0,1.0,0.0,0.0,0.0,0.0,0.0,0.0,0.0,1.0,0.0,0.0,0.0,0.0,0.0,0.0,1.0,0.0,0.7837078651685392,0.4026927784577723,0.5756374608057739,0.4594903439606902,0.038125435640963594,1.2997903563941301e-06,0.061409712399811404,0.29055872537409844,0.7073713175136414,0.2934253596574031,0.7714285714285722,0.7282782252919346
6gxKUmycQX7uyMwJcweFjp,0.0,1.0,0.0,1.0,0.0,0.0,0.0,0.0,0.0,0.0,0.0,0.0,0.0,0.0,0.0,0.0,1.0,0.0,0.9269662921348316,0.4663402692778458,0.7724664260782108,0.3040795337675694,0.13957677932833212,0.0,0.06966053748231965,0.5672300570567338,0.5016129139979562,0.2309565005329426,0.9142857142857181,0.14252775408908486
7G0PgkkbavF7Rh4zNrUxH0,0.0,1.0,0.0,1.0,0.0,0.0,0.0,0.0,0.0,0.0,0.0,0.0,0.0,0.0,0.0,0.0,1.0,0.0,0.5393258426966292,0.6878824969400245,0.7285097320002365,0.16580962175751343,0.32158938370118495,0.0,0.4519094766619519,0.5586177198837335,0.5746515371103793,0.4195866383832183,0.7142857142857153,0.09680461817285359
6acI7SsHsANgk7Kf62qEtu,1.0,0.0,0.0,1.0,0.0,0.0,0.0,0.0,0.0,0.0,0.0,0.0,0.0,0.0,0.0,0.0,1.0,0.0,0.6685393258426966,0.20195838433292532,0.18582500147902725,0.2617986515826763,0.14578175447740663,2.777777777777778e-05,0.2951438000942952,0.17859834212509423,0.24675914485503808,0.17776946186464732,0.9142857142857181,4.781088667649405e-06
4ljDnzzqwnRIynr1g55um4,1.0,0.0,0.0,0.0,0.0,0.0,0.0,0.0,0.0,0.0,0.0,0.0,1.0,0.0,0.0,0.0,0.0,1.0,0.39325842696629226,0.9143206854345165,0.974146601195054,0.4457776254142384,0.2223097813159925,9.926624737945495e-06,0.09240924092409239,0.5952201528689849,0.3796926447114453,0.38695835899937137,0.6000000000000014,0.0766504222284778
3cBUv0RIoEyAm2b7qimEY6,0.0,1.0,0.0,0.0,0.0,0.0,0.0,0.0,0.0,0.0,1.0,0.0,0.0,0.0,0.0,0.0,1.0,0.0,0.32162921348314605,0.747858017135863,0.7850677394545346,0.4549194377785396,0.291598670480658,0.0,0.10655351249410655,0.7653138120357412,0.07520921130843056,0.5392516939585125,0.6285714285714263,0.7282782252919346
3uJFmluXzYedoJcvhpC1AW,0.0,1.0,0.0,0.0,0.0,0.0,0.0,0.0,0.0,0.0,0.0,1.0,0.0,0.0,0.0,0.0,1.0,0.0,0.8595505617977528,0.6413708690330479,0.7596876294148966,0.22637412867100903,0.0015367655119207914,0.0,0.055044790193305056,0.5230918290451072,0.6476300516266054,0.29343797368293806,0.9714285714285751,0.2002427573822012
3Lc65aYhtNRO19Fnq2oMb8,1.0,0.0,0.0,1.0,0.0,0.0,0.0,0.0,0.0,0.0,0.0,0.0,0.0,0.0,0.0,0.0,1.0,0.0,0.553370786516854,1.0,0.8907886174051942,0.09153239629756599,0.025508652837845383,0.0,0.06718528995756717,0.5962966950156099,0.25371838454808354,0.27937543754901073,0.5142857142857125,0.006860949325302172
6Nw1WHydftZy2joT2nTiCR,1.0,0.0,0.0,0.0,0.0,0.0,0.0,0.0,0.0,0.0,1.0,0.0,0.0,0.0,0.0,0.0,1.0,0.0,0.7401685393258428,0.412484700122399,0.40898065432171793,0.16352416866643815,0.10069226839413174,1.320754716981132e-05,0.11951909476661951,0.41974378296910325,0.4004167529336334,0.24929729366082143,0.6571428571428584,0.19502563168631767
5kzruPQIvdiTMKi4Rubb2H,0.0,1.0,0.0,1.0,0.0,0.0,0.0,0.0,0.0,0.0,0.0,0.0,0.0,0.0,0.0,0.0,1.0,0.0,0.34831460674157305,0.8567931456548348,0.6177009998225167,0.41606673523025944,0.012581621277273452,5.849056603773585e-06,0.6958981612446958,0.784691570674992,0.5615612206052267,0.3995177237570454,0.7142857142857153,0.265582221122059
12Fkyg9lpmaz2zmKOfw2Y2,0.0,1.0,0.0,0.0,0.0,0.0,0.0,0.0,0.0,1.0,0.0,0.0,0.0,0.0,0.0,0.0,0.0,1.0,0.24719101123595505,0.7050183598531211,0.7735313258001537,0.0938178493886413,0.0608770111875702,0.0,0.0865157944365865,0.18613413715146948,0.3532782560492624,0.3074626677402604,0.8857142857142861,0.3750743507185793
1WRzux3cJRM9xRNN99QKgR,1.0,0.0,0.0,0.0,0.0,0.0,0.0,0.0,0.0,0.0,0.0,1.0,0.0,0.0,0.0,0.0,1.0,0.0,0.7176966292134832,0.6682986536107711,0.7851269005501981,0.29608044794880584,0.28953034543096656,0.0,0.05457331447430456,0.6210571643879859,0.6653888024364019,0.08394213526019581,0.8285714285714292,0.029568203074590103
2u3EyuCqqV31woqGvO9LBz,1.0,0.0,0.0,0.0,0.0,0.0,1.0,0.0,0.0,0.0,0.0,0.0,0.0,0.0,0.0,0.0,1.0,0.0,0.7823033707865168,0.4785801713586292,0.6242087203455007,0.3395040566792367,0.017959266406471375,0.0,0.11008958038661007,0.4100549036494779,0.4274656212223416,0.28105730762034303,0.9142857142857181,0.14252775408908486
5f4Hy5mw5SRaUgXX9c6P5S,1.0,0.0,0.0,0.0,0.0,0.0,1.0,0.0,0.0,0.0,0.0,0.0,0.0,0.0,0.0,0.0,1.0,0.0,0.7879213483146066,0.4785801713586292,0.6241495592498372,0.28236772940235405,0.017442185144048498,0.0,0.11008958038661007,0.39928948218322746,0.4272852954337502,0.28105730762034303,0.9142857142857181,0.14252775408908486
7zjEyeBsaw9gV0jofJLfOM,0.0,1.0,0.0,0.0,0.0,0.0,0.0,0.0,0.0,1.0,0.0,0.0,0.0,0.0,0.0,0.0,1.0,0.0,0.7036516853932584,0.18604651162790695,0.35863456191208654,0.06045023425894184,0.8665930342948976,0.0,0.09005186232909004,0.783615028528367,0.15059206967254163,0.29187803919177735,0.9428571428571431,0.3750743507185793
6UHfW9PmGAUjIVeIkPzPQ2,1.0,0.0,0.0,0.0,0.0,0.0,0.0,1.0,0.0,0.0,0.0,0.0,0.0,0.0,0.0,0.0,1.0,0.0,0.699438202247191,0.7503059975520197,0.9022067088682482,0.20009141812364303,0.018372931416409676,0.0,0.09948137670909948,0.6027559478953601,0.6005383058726099,0.2037333310908399,0.9142857142857181,0.06760439345994446
5ItzU5pBrFmRUudfr5RkJP,1.0,0.0,0.0,0.0,0.0,0.0,0.0,0.0,0.0,0.0,0.0,0.0,0.0,1.0,0.0,0.0,1.0,0.0,0.6530898876404494,0.9375764993880049,0.7370289297757793,0.015883898982973377,0.015477276346841564,0.0,0.0876944837340877,0.6802669824523631,0.5606996640597346,0.3738965355578868,0.6000000000000014,7.31184343416838e-05
0HUptiGFVM5Q5YHIJ920aK,0.0,1.0,0.0,0.0,0.0,0.0,0.0,0.0,0.0,0.0,0.0,1.0,0.0,0.0,0.0,0.0,1.0,0.0,0.678370786516854,0.5446756425948592,0.6923031414541796,0.14638327048337332,0.18818241799608257,0.0,0.06565299387081566,0.23027236516309618,0.46691689652639096,0.31119011228585064,0.8000000000000043,0.0832090743774021
2AhAhd9BiyydtKq2hMdb7Q,0.0,1.0,0.0,0.0,0.0,0.0,0.0,0.0,0.0,1.0,0.0,0.0,0.0,0.0,0.0,0.0,1.0,0.0,0.8525280898876404,0.12729498164014688,0.5173046204815711,0.6011884356073594,0.001092075626237117,0.0,0.12187647336162188,0.07417375390246528,0.4000293864248075,0.050584344732908515,0.9428571428571431,0.0832090743774021
4daEMLSZCgZ2Mt7gNm2SRa,1.0,0.0,0.0,1.0,0.0,0.0,0.0,0.0,0.0,0.0,0.0,0.0,0.0,0.0,0.0,0.0,1.0,0.0,0.5252808988764046,0.5483476132190942,0.6156895225699579,0.3166495257684836,0.5087728006982666,2.5890985324947592e-06,0.14545025931164543,0.3831413499838519,0.479900353304971,0.25365754182075045,1.0,0.14356000767900318
5BbdKBZO0TH0GhfxUfyhL9,1.0,0.0,0.0,0.0,1.0,0.0,0.0,0.0,0.0,0.0,0.0,0.0,0.0,0.0,0.0,0.0,1.0,0.0,0.8581460674157304,0.43574051407588743,0.7510501094480269,0.04993715003999543,0.224378106365684,0.0,0.13484205563413482,0.2345785337495963,0.40047018279691965,0.18917043861069122,0.8285714285714292,0.14252775408908486
1PSBzsahR2AKwLJgx8ehBj,0.0,1.0,0.0,0.0,1.0,0.0,0.0,0.0,0.0,0.0,0.0,0.0,0.0,0.0,0.0,0.0,1.0,0.0,0.6053370786516854,0.6487148102815177,0.7906288824469028,0.13609873157353444,0.22127561879114674,0.0,0.18434700612918434,0.2884056410808483,0.5197323163849354,0.3515549939978262,0.8285714285714292,0.2809156688763947
4Z9IvDlREqlkgo7SzMX70q,1.0,0.0,0.0,0.0,0.0,0.0,0.0,0.0,0.0,0.0,0.0,0.0,1.0,0.0,0.0,1.0,0.0,0.0,0.21629213483146065,0.5997552019583844,0.7885582440986806,0.33836133013369907,0.41259568588761136,0.0,0.8856671381423856,0.6813435245989882,0.8411997675800946,0.40109447694891953,0.7142857142857153,0.004783527109957131
4uhvMW7ly7tJil31YYscAN,0.0,1.0,0.0,0.0,0.0,1.0,0.0,0.0,0.0,0.0,0.0,0.0,0.0,0.0,0.0,0.0,1.0,0.0,0.6165730337078652,0.5483476132190942,0.7331834585576524,0.05256542109473205,0.717673630717109,0.0,0.24210278170674213,0.73301754763699,0.5344589224532321,0.26893312674362624,0.8000000000000043,0.14356000767900318
2okC0OWtgS86P2LC18IzHy,0.0,1.0,0.0,0.0,0.0,1.0,0.0,0.0,0.0,0.0,0.0,0.0,0.0,0.0,0.0,0.0,1.0,0.0,0.827247191011236,0.4418604651162791,0.7443057445423888,0.2275168552165467,0.20266069334392317,0.0,0.08415841584158415,0.34223274841210033,0.5335172211128105,0.349950910417293,0.8000000000000043,0.22819780023939232
4kjI1gwQZRKNDkw1nI475M,1.0,0.0,1.0,0.0,0.0,0.0,0.0,0.0,0.0,0.0,0.0,0.0,0.0,0.0,0.0,0.0,1.0,0.0,0.26544943820224726,0.5630354957160343,0.6168727444832277,0.0283396183293338,0.6732046421487416,2.7148846960167717e-06,0.11126826968411127,0.26149208741522234,0.39410535033293487,0.3766926445514768,1.0,0.22819780023939232
7DTlsMOQjGysXHpwwpHuPl,0.0,1.0,0.0,1.0,0.0,0.0,0.0,0.0,0.0,0.0,0.0,0.0,0.0,0.0,0.0,0.0,1.0,0.0,0.39325842696629226,0.6193390452876377,0.7622907176240903,0.28236772940235405,0.015684108851810714,0.0,0.07178217821782176,0.467111637420605,0.18454674779100905,0.41546605670845416,0.7428571428571473,0.08147606472057838
2ut4BOQSqxLpcX5MtPjzYa,0.0,1.0,0.0,1.0,0.0,0.0,0.0,0.0,0.0,0.0,0.0,0.0,0.0,0.0,0.0,0.0,1.0,0.0,0.41292134831460686,0.762545899632803,0.7582677631189728,0.31322134613187064,0.05250029473631958,0.0,0.2267798208392268,0.22919582301647112,0.12106539147392953,0.3271657756259184,1.0,0.7282782252919346
4gmmRb6bZJffOOiww1JGTO,1.0,0.0,0.0,0.0,0.0,0.0,1.0,0.0,0.0,0.0,0.0,0.0,0.0,0.0,0.0,0.0,1.0,0.0,0.898876404494382,0.34638922888616897,0.557829971011063,0.40806764941149587,0.14061094185317788,6.750524109014675e-05,0.17020273455917018,0.6899558617719885,0.5344923161177859,0.34261375223110574,0.8000000000000043,0.1412003357665388
2f86Ae3R4OKAu1lEIqouih,1.0,0.0,0.0,0.0,0.0,0.0,0.0,0.0,1.0,0.0,0.0,0.0,0.0,0.0,0.0,0.0,1.0,0.0,0.6587078651685394,0.364749082007344,0.47074483819440327,0.2812250028568164,0.730083581015258,2.1383647798742138e-06,0.08533710513908535,0.5876843578426095,0.0936224779434846,0.15892621005295787,1.0,0.19502563168631767
5J5PXmMdQ2nh1lZOal8KmK,1.0,0.0,0.0,0.0,0.0,0.0,0.0,0.0,0.0,0.0,0.0,0.0,1.0,0.0,0.0,0.0,1.0,0.0,0.45786516853932585,0.6609547123623011,0.8345855765248771,0.06730659353216775,0.04660556834469878,0.0,0.3517208863743517,0.2636451717084724,0.4639515391139993,0.4384277878573185,0.8000000000000043,0.06709966202841267
7jRoWfRlLnGYEIEn4t4kbq,0.0,1.0,0.0,1.0,0.0,0.0,0.0,0.0,0.0,0.0,0.0,0.0,0.0,0.0,0.0,0.0,1.0,0.0,0.7078651685393258,0.5483476132190942,0.7233627166775127,0.3635013141355274,0.22127561879114674,0.0,0.16195190947666196,0.6393583808806116,0.20649306413587215,0.3557891019024053,0.5142857142857125,0.04921180661717302
08ljt6NCNAgewQaMya1URa,0.0,1.0,0.0,1.0,0.0,0.0,0.0,0.0,0.0,0.0,0.0,0.0,0.0,0.0,0.0,0.0,1.0,0.0,0.46910112359550565,0.5275397796817625,0.7793882742708393,0.03153925265683922,0.01971734269870916,0.0,0.07885431400282886,0.031435030681451176,0.468653367083197,0.4145704608954697,0.7142857142857153,0.13666316970816478
3ee8Jmje8o58CHK66QrVC2,0.0,1.0,0.0,0.0,0.0,0.0,0.0,0.0,0.0,0.0,1.0,0.0,0.0,0.0,0.0,0.0,1.0,0.0,0.6657303370786516,0.5532435740514076,0.7833520676802933,0.1349560050279968,0.26677876988435995,0.0038993710691823903,0.11126826968411127,0.46926472171385514,0.10010752759986369,0.19874238165416125,0.8571428571428612,0.3813722114626923
4guBZjUyrGoHsTahO3IHdj,1.0,0.0,0.0,0.0,0.0,0.0,0.0,0.0,0.0,0.0,0.0,0.0,1.0,0.0,0.0,0.0,1.0,0.0,0.5898876404494384,0.4895960832313342,0.48464769567532373,0.18752142612272885,0.19128490557061983,0.0,0.10066006600660066,0.1602971256324685,0.5926774372366075,0.09285604663825706,0.8857142857142861,0.05912929112287516
5LHHKZOwV8XW4LJP2C64mw,1.0,0.0,0.0,0.0,0.0,0.0,0.0,0.0,0.0,0.0,0.0,0.0,0.0,1.0,0.0,0.0,1.0,0.0,0.8019662921348314,0.5201958384332925,0.56794651836952,0.06147868814992572,0.29056450795581235,0.0,0.12423385195662423,0.625363332974486,0.3809014953682987,0.2626408303392542,0.9142857142857181,0.08864973556312394
6lJDiHzVKoUz6XfuPZfBrU,0.0,1.0,0.0,0.0,0.0,0.0,0.0,0.0,0.0,0.0,1.0,0.0,0.0,0.0,0.0,0.0,1.0,0.0,0.8862359550561798,0.39657282741738065,0.4589717801573684,0.24580047994514914,0.013408951297150055,0.0020230607966457027,0.12305516265912306,0.2421143287759716,0.15670978901882732,0.32723935744153926,0.8000000000000043,0.7282782252919346
2eqOjSC8dY1iFrQiJGPDOX,1.0,0.0,1.0,0.0,0.0,0.0,0.0,0.0,0.0,0.0,0.0,0.0,0.0,0.0,0.0,0.0,1.0,0.0,0.46067415730337075,0.6964504283965728,0.7976690528308583,0.15095417666552396,0.04215866948786204,0.0001719077568134172,0.809052333804809,0.3669932177844763,0.49319771053035805,0.38816510077555233,0.6571428571428584,0.20018084707375253
4vVjPTApwXZwB2H3mBq3ml,0.0,1.0,0.0,0.0,0.0,0.0,0.0,0.0,0.0,0.0,0.0,0.0,0.0,1.0,0.0,0.0,1.0,0.0,0.7851123595505618,0.5973072215422277,0.8178429864521091,0.1623814421209005,0.12096185388110854,0.0,0.23974540311173972,0.11400581332759176,0.4537798288908627,0.14839349873123925,0.9714285714285751,0.06208143484633685
1YR9iNGXtsbrd8deR9ULDD,0.0,1.0,0.0,1.0,0.0,0.0,0.0,0.0,0.0,0.0,0.0,0.0,0.0,0.0,0.0,0.0,1.0,0.0,0.8300561797752808,0.34883720930232565,0.31609773413003595,1.0000000000000002,0.2223097813159925,0.0,0.07991513437057993,0.31208956830659923,0.2677370449278363,0.08562400533152811,0.8857142857142861,0.0017062738786640162
6n4U3TlzUGhdSFbUUhTvLP,0.0,1.0,0.0,0.0,1.0,0.0,0.0,0.0,0.0,0.0,0.0,0.0,0.0,0.0,0.0,0.0,1.0,0.0,0.9002808988764046,0.5777233782129743,0.7676743773294681,0.17952234030396527,0.09055747565064334,2.7253668763102727e-06,0.09123055162659122,0.385294434277102,0.5735695823788309,0.42903454350892756,0.8571428571428612,0.7282782252919346
7FYH5AW3bVfZHJIQpq3UOA,0.0,1.0,0.0,1.0,0.0,0.0,0.0,0.0,0.0,0.0,0.0,0.0,0.0,0.0,0.0,0.0,1.0,0.0,0.7837078651685392,0.7001223990208079,0.7482103768561792,0.039309793166495265,0.03740152187357157,0.0,0.3493635077793494,0.385294434277102,0.2533777691696331,0.44635780524365043,0.7714285714285722,0.09680461817285359
2HSmyk2qMN8WQjuGhaQgCk,1.0,0.0,0.0,0.0,0.0,0.0,0.0,0.0,1.0,0.0,0.0,0.0,0.0,0.0,0.0,0.0,1.0,0.0,0.22050561797752805,0.6193390452876377,0.6572206117257291,0.341789509770312,0.7838600323072373,0.0,0.2562470532767563,0.4940251910862311,0.17838227731434791,0.5559400497413074,0.9428571428571431,0.7282782252919346
2QpGZOhTCHHiKmpSO9FW4h,0.0,1.0,0.0,1.0,0.0,0.0,0.0,0.0,0.0,0.0,0.0,0.0,0.0,0.0,0.0,0.0,1.0,0.0,0.36938202247191015,0.9045287637698898,0.8648168964089213,0.44692035195977603,0.0002213107803169915,1.2683438155136268e-05,0.0165016501650165,0.42727957799547855,0.8031643836531333,0.0683659160620694,0.8857142857142861,0.20018084707375253
0PJIbOdMs3bd5AT8liULMQ,0.0,1.0,0.0,0.0,0.0,0.0,0.0,1.0,0.0,0.0,0.0,0.0,0.0,0.0,0.0,0.0,0.0,1.0,0.21348314606741575,0.6891064871481027,0.8517422942672896,0.07941949491486688,0.22024145626630098,0.0,0.09830268741159828,0.6102917429217354,0.12346973532181477,0.3495094195235683,0.7714285714285722,0.0570868953895361
4bi9YrkOvmg4Eb7h00AW2c,1.0,0.0,0.0,1.0,0.0,0.0,0.0,0.0,0.0,0.0,0.0,0.0,0.0,0.0,0.0,0.0,1.0,0.0,0.794943820224719,0.5973072215422277,0.6708868248239956,0.5200548508741859,0.02602573410026826,0.0,0.2668552569542669,0.7125632468511143,0.10669943698281564,0.2475691721625275,0.8857142857142861,0.08147606472057838
40iJIUlhi6renaREYGeIDS,0.0,1.0,0.0,1.0,0.0,0.0,0.0,0.0,0.0,0.0,0.0,0.0,0.0,0.0,0.0,0.0,1.0,0.0,0.5617977528089888,0.37209302325581395,0.5665266520735963,0.2663695577648269,0.0519832134738967,0.0,0.2197076850542197,0.2744105931747228,0.7206553172732071,0.46062847279890506,0.9428571428571431,0.7282782252919346
1bDbXMyjaUIooNwFE9wn0N,1.0,0.0,0.0,0.0,0.0,0.0,0.0,0.0,0.0,0.0,0.0,0.0,0.0,1.0,0.0,1.0,0.0,0.0,0.41432584269662937,0.4394124847001224,0.5193752588297934,0.24808593303622445,0.0519832134738967,1.949685534591195e-06,0.38472418670438474,0.41651415652922813,0.6218968937213232,0.35169585061630027,0.9714285714285751,0.7282782252919346
3aGibUHhQyBsyumYHylw0K,0.0,1.0,0.0,1.0,0.0,0.0,0.0,0.0,0.0,0.0,0.0,0.0,0.0,0.0,0.0,0.0,1.0,0.0,0.39325842696629226,0.5997552019583844,0.6223747263799324,0.312078619586333,0.000729084580016257,0.0,0.24328147100424327,0.6555065130799872,0.1191753100601754,0.2955487206224601,0.6857142857142833,0.23101191941951416
5lqQaR00aXDezywi6GfrF5,1.0,0.0,0.0,0.0,0.0,0.0,0.0,0.0,0.0,0.0,0.0,0.0,0.0,1.0,0.0,0.0,1.0,0.0,0.6404494382022472,0.554467564259486,0.625451103354434,0.10067420866186721,0.004784035839936461,0.0,0.09123055162659122,0.4821832274733556,0.6336047125139417,0.2326362682666857,0.8285714285714292,0.14356000767900318
1WIZiOuNO3woKfdlSK2gNn,1.0,0.0,0.0,0.0,0.0,0.0,0.0,0.0,0.0,0.0,0.0,0.0,1.0,0.0,0.0,0.0,1.0,0.0,0.75561797752809,0.6107711138310894,0.7845352895935631,0.05222260313107074,0.03295462301673482,0.0,0.0876944837340877,0.23673161804284643,0.22720381489223856,0.20450068431088525,0.8285714285714292,0.08771760615610538
6vDyzD9o8aYhR1963oJpkO,0.0,1.0,0.0,0.0,0.0,0.0,0.0,1.0,0.0,0.0,0.0,0.0,0.0,0.0,0.0,0.0,1.0,0.0,0.24438202247191015,0.6119951040391677,0.6509495355853989,0.1109587475717061,0.4322447738596807,0.002767295597484277,0.6982555398396982,0.6167509958014856,0.4532054578605346,0.189498403274601,1.0,0.0832090743774021
4NeOWqHmlrGRuBvsLJC9rL,1.0,0.0,0.0,0.0,0.0,0.0,0.0,0.0,0.0,0.0,0.0,0.0,0.0,1.0,0.0,0.0,1.0,0.0,0.7092696629213484,0.6352509179926561,0.7241318109211381,0.22523140212547138,0.2864278578564293,1.2368972746331238e-05,0.7701555869872702,0.8299063408332438,0.4001763185488449,0.42906187389758677,0.5142857142857125,0.11809813274190192
67G6iaOw8DZqp1z8STR89R,0.0,1.0,0.0,1.0,0.0,0.0,0.0,0.0,0.0,0.0,0.0,0.0,0.0,0.0,0.0,0.0,1.0,0.0,0.88061797752809,0.36964504283965727,0.7584452464059633,0.3806422123185922,0.20576318091846044,0.0,0.34111268269684114,0.5962966950156099,0.14019996126334905,0.3311791380836352,0.9428571428571431,0.265582221122059
6gbiTbclnHlmSIPfmF2zEc,0.0,1.0,0.0,0.0,0.0,0.0,0.0,1.0,0.0,0.0,0.0,0.0,0.0,0.0,0.0,0.0,1.0,0.0,0.7893258426966292,0.33414932680538556,0.44441815062414947,0.31322134613187064,0.040710841953077975,0.0,0.0612918434700613,0.36914630207772636,0.36757742321126835,0.12514795200783752,0.8571428571428612,0.016020905601941502
1ZHbGd0JjlE5pjvlmYwYTr,0.0,1.0,0.0,0.0,1.0,0.0,0.0,0.0,0.0,0.0,0.0,0.0,0.0,0.0,0.0,0.0,1.0,0.0,0.6446629213483146,0.7600979192166463,0.9429687037803939,0.14295509084676036,0.15922586730040145,0.0,0.04431871758604431,0.4208203251157283,0.23708166086730026,0.20762265563079585,0.8857142857142861,0.03161497058663801
0srwKuJPH8yBzzFUJMBQM2,0.0,1.0,0.0,1.0,0.0,0.0,0.0,0.0,0.0,0.0,0.0,0.0,0.0,0.0,0.0,0.0,1.0,0.0,0.931179775280899,0.2178702570379437,0.4283263326036797,0.3932122043195064,0.038539100650901895,2.0545073375262054e-05,0.18670438472418668,0.2539562923888471,0.26015000434117636,0.2756753233920796,0.6857142857142833,0.05964425530337688
3pjzb1lnMOJbWbghMGSp23,0.0,1.0,0.0,1.0,0.0,0.0,0.0,0.0,0.0,0.0,0.0,0.0,0.0,0.0,0.0,0.0,1.0,0.0,0.7331460674157304,0.34516523867809057,0.5383659705377742,0.35893040795337683,0.11062022863265099,0.0,0.10183875530410183,0.19797610076434496,0.4410434852299821,0.2529700774290934,0.9142857142857181,0.13666316970816478
3LR0t8XqZ1FUj6nj01sXN0,1.0,0.0,0.0,0.0,0.0,0.0,0.0,0.0,0.0,0.0,0.0,0.0,0.0,1.0,0.0,0.0,1.0,0.0,0.8890449438202248,0.7221542227662179,0.831686682837366,0.32464861158724717,0.07566553529286447,0.0,0.11598302687411596,0.6447410916137367,0.5342652391988192,0.2661454271003929,0.8571428571428612,0.2002427573822012
3D9taoYmHLUAXAjpz2CjJ0,1.0,0.0,0.0,0.0,0.0,0.0,0.0,0.0,0.0,0.0,0.0,1.0,0.0,0.0,0.0,0.0,1.0,0.0,0.8932584269662922,0.5642594859241126,0.6634325267703957,0.36692949377214035,0.15612337972586418,0.0003605870020964361,0.07637906647807638,0.22166002799009582,0.400396716734901,0.4227191213910747,0.7714285714285722,0.007500988178745205
6qn9YLKt13AGvpq9jfO8py,0.0,1.0,0.0,1.0,0.0,0.0,0.0,0.0,0.0,0.0,0.0,0.0,0.0,0.0,0.0,0.0,1.0,0.0,0.6573033707865168,0.7405140758873929,0.8067207004673725,0.013027082619129243,0.025818901595299114,0.0014465408805031446,0.09358793022159359,0.6059855743352353,0.4538332587541491,0.3009601375769718,0.6571428571428584,0.5119009047700843
1cZlBZwnwGPtYeRIeQcoFh,1.0,0.0,0.0,1.0,0.0,0.0,0.0,0.0,0.0,0.0,0.0,0.0,0.0,0.0,0.0,0.0,1.0,0.0,0.7064606741573034,0.4993880048959608,0.7412885286635507,0.05907896240429666,0.07618261655528735,0.0,0.033592644978783594,0.6189040800947357,0.5745580348496284,0.3045740558927471,0.8000000000000043,0.22819780023939232
7iTTWHbr4tAlsRJN4m4bay,0.0,1.0,0.0,1.0,0.0,0.0,0.0,0.0,0.0,0.0,0.0,0.0,0.0,0.0,0.0,0.0,1.0,0.0,0.821629213483146,0.5887392900856794,0.7596284683192331,0.21608958976117015,0.0680127326090059,0.0,0.050330033003300335,0.7147163311443643,0.5547155193716649,0.159868057292904,1.0,0.0832090743774021
0IakguBBeTUsAILmugkEam,0.0,1.0,0.0,0.0,0.0,0.0,0.0,0.0,0.0,0.0,1.0,0.0,0.0,0.0,0.0,0.0,1.0,0.0,0.7893258426966292,0.5630354957160343,0.6925989469324971,0.033824705747914525,0.016925103881625624,0.0024423480083857444,0.0658887317303159,0.4294326622887286,0.4605119916649412,0.2398788212613605,0.9428571428571431,0.6728145922379295
5C8h9PY9oTneqJihbn10NB,0.0,1.0,0.0,0.0,0.0,0.0,0.0,0.0,0.0,0.0,0.0,1.0,0.0,0.0,0.0,0.0,1.0,0.0,0.800561797752809,0.3035495716034271,0.23262142814884923,0.18409324648611589,0.26677876988435995,5.157232704402516e-06,0.25153229608675154,0.21089460652384545,0.27981887276345924,0.10564036151797185,1.0,0.00037719219011517495
5UusfWUMMLEXLMc1ViNZoe,1.0,0.0,0.0,0.0,0.0,0.0,0.0,0.0,0.0,0.0,0.0,0.0,0.0,1.0,0.0,0.0,1.0,0.0,0.8567415730337078,0.405140758873929,0.5922617286872152,0.14409781739229802,0.014029448812057508,0.00029664570230607967,0.0462046204620462,0.3906771450102272,0.607831482211195,0.19914813280887017,0.9142857142857181,0.08398024046594313
2Vevs2eAQNNb7NTpKj5kqA,0.0,1.0,0.0,0.0,0.0,0.0,0.0,0.0,0.0,0.0,1.0,0.0,0.0,0.0,0.0,0.0,1.0,0.0,0.7064606741573034,0.5507955936352509,0.9034490918771815,0.013826991201005598,0.1013127659090392,0.0,0.2267798208392268,0.05705673377112715,0.5610336007052741,0.3600484378580544,0.7428571428571473,0.06982085913916508
4cSSL3YafYjM3yjgFO1vJg,0.0,1.0,0.0,0.0,1.0,0.0,0.0,0.0,0.0,0.0,0.0,0.0,0.0,0.0,0.0,0.0,1.0,0.0,0.8441011235955056,0.7135862913096696,0.7661361888422172,0.22865958176208434,0.2771203951328175,0.0,0.050330033003300335,0.6544299709333621,0.16009590660459888,0.2127902014249644,0.9142857142857181,0.08864973556312394
0nbXyq5TXYPCO7pr3N8S4I,1.0,0.0,0.0,0.0,0.0,0.0,0.0,0.0,0.0,0.0,0.0,0.0,1.0,0.0,0.0,0.0,1.0,0.0,0.8848314606741574,0.5201958384332925,0.6764479678163638,0.03313906982059193,0.10751774105811372,0.0,0.8974540311173974,0.651200344493487,0.3802670157417734,0.26191131919581384,0.8857142857142861,0.08864973556312394
3SwlakM6VX47IwG0Wll5ek,1.0,0.0,0.0,0.0,0.0,0.0,0.0,0.0,0.0,0.0,0.0,0.0,1.0,0.0,0.0,0.0,1.0,0.0,0.7598314606741574,0.9902080783353733,0.713778619180027,0.02376871214718318,0.0553959498058877,6.918238993710693e-05,0.1419141914191419,0.9031112068037465,0.3624080839383152,0.3580301937724556,0.6285714285714263,0.032064854483691015
733c1CWmIGymoQXdp7Us88,1.0,0.0,0.0,0.0,0.0,0.0,0.0,0.0,0.0,0.0,0.0,0.0,0.0,1.0,0.0,0.0,1.0,0.0,0.776685393258427,0.6034271725826194,0.6777495119209607,0.12467146611815794,0.5346268638194105,0.0,0.08368694012258368,0.4498869630746044,0.49067982822298933,0.24490340809946576,0.9142857142857181,0.08864973556312394
4jBfUB4kQJCWOrjGLQqhO0,1.0,0.0,0.0,0.0,0.0,0.0,0.0,0.0,1.0,0.0,0.0,0.0,0.0,0.0,0.0,0.0,1.0,0.0,0.5842696629213484,0.4271725826193391,0.4812163521268412,0.01965489658324763,0.14785007952709814,4.675052410901468e-06,0.06023102310231022,0.16567983636559375,0.4011447348209097,0.5088455854064133,0.6571428571428584,0.6728145922379295
3BXXkwyhsHM0EPApHMhQC5,0.0,1.0,0.0,0.0,0.0,0.0,0.0,0.0,0.0,1.0,0.0,0.0,0.0,0.0,0.0,0.0,1.0,0.0,0.907303370786517,0.5214198286413708,0.6345619120866117,0.035767340875328534,0.040710841953077975,0.010482180293501049,0.09712399811409711,0.4283561201421036,0.554288080465374,0.2248450051612388,0.8857142857142861,0.05678612223960057
5ORf8BZMbq4xN9kiumrPcQ,0.0,1.0,0.0,0.0,0.0,0.0,0.0,0.0,0.0,0.0,0.0,1.0,0.0,0.0,0.0,0.0,1.0,0.0,0.6264044943820224,0.7307221542227662,0.7860143169851505,0.2663695577648269,0.3546825844962491,0.0,0.13248467703913247,0.9321778447626226,0.5342051306026221,0.4077021239916663,0.6857142857142833,0.7282782252919346
47pdWGnNwMniPjOzgl7w68,0.0,1.0,0.0,1.0,0.0,0.0,0.0,0.0,0.0,0.0,0.0,0.0,0.0,0.0,0.0,0.0,1.0,0.0,0.8202247191011236,0.204406364749082,0.4176181742885877,0.12467146611815794,0.034299034299034296,0.0,0.26567656765676567,0.41436107223597807,0.24375371504518167,0.1421285327155264,0.8857142857142861,0.0024900589061475254
41ZVfYzfOD4b647z6xDdvb,1.0,0.0,0.0,0.0,0.0,0.0,0.0,0.0,0.0,0.0,0.0,0.0,1.0,0.0,0.0,0.0,1.0,0.0,0.8918539325842698,0.6144430844553244,0.7623498787197538,0.07416295280539367,0.08445591675405338,0.0,0.17020273455917018,0.28302293034772313,0.45369300536302254,0.29156899556617,0.7142857142857153,3.675080906644898e-06
27g5G3TW90FSm3YxclYpAs,0.0,1.0,0.0,0.0,0.0,0.0,0.0,0.0,0.0,1.0,0.0,0.0,0.0,0.0,0.0,0.0,1.0,0.0,0.42837078651685395,0.7172582619339045,0.796426669821925,0.16352416866643815,0.49429452535042595,0.0,0.103017444601603,0.6436645494671117,0.30868435640390307,0.3943543826380552,0.9142857142857181,0.7282782252919346
6o3s08kk2fQI37vxGZDrJ1,1.0,0.0,0.0,0.0,0.0,0.0,0.0,0.0,0.0,0.0,1.0,0.0,0.0,0.0,0.0,0.0,1.0,0.0,0.7991573033707864,0.7294981640146879,0.7745370644264331,0.2320877613986973,0.006655870009907278,0.0,0.3081093823668081,0.6339756701474863,0.14695883896907075,0.4253344293519965,0.5142857142857125,0.013005135951693203
0E6PsO3ymCfUh7pJQjBgkj,0.0,1.0,0.0,0.0,1.0,0.0,0.0,0.0,0.0,0.0,0.0,0.0,0.0,0.0,0.0,0.0,1.0,0.0,0.6165730337078652,0.762545899632803,0.6888717979056971,0.2789395497657411,0.01371920005460378,0.0,0.1643092880716643,0.36591667563785124,0.6678799698121272,0.4052907427768936,0.8571428571428612,0.01409875990926347
20FZrLl9zSbO9b3DhaqO6M,0.0,1.0,0.0,0.0,0.0,0.0,0.0,0.0,0.0,0.0,0.0,1.0,0.0,0.0,0.0,0.0,1.0,0.0,0.8328651685393258,0.5361077111383109,0.7612258179021474,0.039424065821049036,0.00033920530814940755,8.59538784067086e-06,0.11951909476661951,0.3034772311335989,0.53410494960896,0.3793626132897169,0.7142857142857153,0.19994582477890033
25GyyK9CyZRiDCsPY51fIT,0.0,1.0,0.0,0.0,0.0,0.0,0.0,0.0,0.0,0.0,1.0,0.0,0.0,0.0,0.0,0.0,1.0,0.0,0.39185393258426976,0.806609547123623,0.8064840560847186,0.2835104559478917,0.09831369458698651,0.0,0.3081093823668081,0.34438583270535045,0.5468145783381975,0.16483167634092344,0.9428571428571431,0.06760439345994446
6P5ulGKtC4x6RnFbzfpq8O,0.0,1.0,1.0,0.0,0.0,0.0,0.0,0.0,0.0,0.0,0.0,0.0,0.0,0.0,0.0,0.0,1.0,0.0,0.8033707865168538,0.5042839657282742,0.7367922853931254,0.2835104559478917,0.051259299706504675,0.0,0.1089108910891089,0.6996447410916139,0.6740778339533422,0.045677488799796495,0.9428571428571431,0.004530181662906878
5O59s7bCgTFsXDXlWecyQ1,0.0,1.0,0.0,0.0,0.0,0.0,0.0,1.0,0.0,0.0,0.0,0.0,0.0,0.0,0.0,0.0,1.0,0.0,0.752808988764045,0.46878824969400246,0.5270662012660473,0.04765169694892012,0.6256331660058368,0.0,0.0865157944365865,0.573689309936484,0.4939457286163668,0.46418142332459456,0.7428571428571473,0.19502563168631767
0m7ZSgJGoOrKR7SQFSjJPw,0.0,1.0,0.0,0.0,0.0,0.0,0.0,0.0,0.0,0.0,0.0,0.0,1.0,0.0,0.0,0.0,1.0,0.0,0.7345505617977528,0.416156670746634,0.732059397740046,0.016912352873957266,0.021165170233493215,0.0,0.5768505421970769,0.13768974055334265,0.2336087197536883,0.4975434185270602,0.7428571428571473,0.18249520819960363
2EEeOnHehOozLq4aS0n6SL,0.0,1.0,0.0,0.0,0.0,0.0,0.0,0.0,0.0,1.0,0.0,0.0,0.0,0.0,0.0,0.0,1.0,0.0,0.6741573033707866,0.6022031823745411,0.6730166242678813,0.2995086275854188,0.39087827286585053,0.0,0.23620933521923623,0.6834966088922383,0.10006077646948824,0.38059668545455694,0.8000000000000043,0.0832090743774021
1TZv3bujNaYz646eezRE91,1.0,0.0,0.0,0.0,0.0,0.0,0.0,1.0,0.0,0.0,0.0,0.0,0.0,0.0,0.0,0.0,1.0,0.0,0.43117977528089885,0.8641370869033047,0.9019109033899306,0.16123871557536285,0.08817890184349811,0.0,0.4141914191419142,0.20874152223059533,0.09902557286831543,0.5622365508208577,0.9428571428571431,0.7282782252919346
6ya8ejoKgw906Y8LWclqrp,1.0,0.0,0.0,0.0,0.0,0.0,0.0,1.0,0.0,0.0,0.0,0.0,0.0,0.0,0.0,0.0,1.0,0.0,0.5688202247191012,0.8225214198286412,0.7672602496598235,0.42063764141241006,0.08528324677393,0.0,0.05186232909005186,0.7157928732909894,0.12901308363777225,0.3389094333989963,0.8857142857142861,0.08864973556312394
5g1vtHqi9uV7xtYeCcFOBx,1.0,0.0,0.0,0.0,0.0,1.0,0.0,0.0,0.0,0.0,0.0,0.0,0.0,0.0,0.0,0.0,1.0,0.0,0.5210674157303372,0.8237454100367196,0.7948293202390107,0.33836133013369907,0.6349406287294487,0.0,0.33993399339933994,0.7297879211971149,0.18218247634058865,0.2557724934354509,0.4571428571428555,0.20018084707375253
1oWM79mUVdZGCGYjSirHZR,1.0,0.0,0.0,0.0,0.0,0.0,0.0,1.0,0.0,0.0,0.0,0.0,0.0,0.0,0.0,0.0,1.0,0.0,0.29213483146067415,0.5752753977968177,0.7239543276341476,0.36121586104445214,0.07101180393105858,0.0,0.12187647336162188,0.41651415652922813,0.8015948814190972,0.24650118466723148,0.8857142857142861,0.27935376819979313
26Hgx0810XUis01XWvoftB,1.0,0.0,0.0,0.0,0.0,0.0,0.0,0.0,0.0,0.0,0.0,0.0,0.0,1.0,0.0,0.0,1.0,0.0,0.648876404494382,0.41003671970624234,0.6403005383659703,0.11438692720831906,0.03357512053164227,0.0,0.07425742574257427,0.19044030573796966,0.17654562576388005,0.19933734319189506,0.9714285714285751,0.14252775408908486
73f5rpLgydSRIvHzRLcJFF,1.0,0.0,0.0,0.0,0.0,0.0,1.0,0.0,0.0,0.0,0.0,0.0,0.0,0.0,0.0,0.0,1.0,0.0,0.7752808988764044,0.33537331701346385,0.5888895462343962,0.3372186035881614,0.07804410910000971,0.0,0.21027817067421026,0.2636451717084724,0.4675914485503809,0.25212914239342726,1.0,0.14252775408908486
0U9qtEaGRe3eF3wllSIvxD,0.0,1.0,0.0,0.0,0.0,0.0,0.0,0.0,0.0,0.0,0.0,0.0,0.0,1.0,0.0,0.0,1.0,0.0,0.877808988764045,0.3157894736842105,0.6594687333609417,0.46634670323391614,0.04215866948786204,6.813417190775681e-06,0.08415841584158415,0.26579825600172247,0.6012662877598862,0.2542167636194685,0.8571428571428612,7.402414148455363e-07
3XoMtVDuIbmMQ9UKSShXti,1.0,0.0,0.0,0.0,0.0,0.0,0.0,0.0,0.0,0.0,0.0,1.0,0.0,0.0,0.0,0.0,1.0,0.0,0.7120786516853932,0.43451652386780903,0.3404721055433946,0.1760941606673523,0.4332789363845264,0.0,0.055044790193305056,0.46818817956723,0.40050357646147366,0.3565291247337915,0.7714285714285722,0.08771760615610538
6rz0dTA0PdhXImFV5EjM0w,1.0,0.0,0.0,0.0,0.0,0.0,0.0,1.0,0.0,0.0,0.0,0.0,0.0,0.0,0.0,0.0,1.0,0.0,0.6306179775280898,0.5850673194614443,0.775246997574395,0.05519369214946864,0.06428974751956118,0.0,0.15134370579915132,0.12261815050059209,0.6008321701206847,0.2811414011239097,0.8571428571428612,0.27935376819979313
6HJ34Zyw6bg8yGm28AxLXf,0.0,1.0,0.0,0.0,0.0,0.0,0.0,0.0,0.0,0.0,0.0,0.0,1.0,0.0,0.0,0.0,1.0,0.0,0.9157303370786518,0.5128518971848225,0.6282908359462815,0.3372186035881614,0.0010817340009886595,6.415094339622641e-05,0.09123055162659122,0.6178275379481107,0.533917945087458,0.22987589901211153,0.8571428571428612,0.7282782252919346
2rMAtCaTj16NptyVfEIeAC,0.0,1.0,0.0,1.0,0.0,0.0,0.0,0.0,0.0,0.0,0.0,0.0,0.0,0.0,0.0,0.0,1.0,0.0,0.9199438202247192,0.5801713586291309,0.7819322013843695,0.4446348988687007,0.022509581515792697,0.0,0.07779349363507779,0.5510819248573583,0.4674712313579867,0.2532644046915766,0.8857142857142861,0.10062832213815441
3Ol2xnObFdKV9pmRD2t9x8,1.0,0.0,0.0,0.0,0.0,1.0,0.0,0.0,0.0,0.0,0.0,0.0,0.0,0.0,0.0,0.0,1.0,0.0,0.7373595505617978,0.5214198286413708,0.7718156540259125,0.01645526225574221,0.42086898608637735,0.0,0.1407355021216407,0.5370868769512327,0.24058799564546612,0.2257427033118124,0.8571428571428612,0.06897090523791691
0YkUwXxnTkeJBvt5upeEtP,1.0,0.0,0.0,0.0,0.0,0.0,0.0,0.0,1.0,0.0,0.0,0.0,0.0,0.0,0.0,0.0,1.0,0.0,0.731741573033708,0.3867809057527539,0.6084127078033484,0.19666323848703007,0.7942016575556949,0.0,0.08887317303158887,0.47249434815373026,0.1367270201497372,0.34207345147069024,0.9142857142857181,0.7282782252919346
6MTf9Q8yPuD8Vv2btCedNc,0.0,1.0,0.0,0.0,0.0,0.0,0.0,0.0,0.0,0.0,0.0,1.0,0.0,0.0,0.0,1.0,0.0,0.0,0.9143258426966292,0.31334149326805383,0.45210909306040337,0.4697748828705291,0.04133133946798543,0.0,0.0495049504950495,0.4606523845408549,0.5207608412531974,0.1117287311761948,0.9142857142857181,0.00030890709677630613
2pQUZWGfOZgzsF6JCShpUQ,1.0,0.0,0.0,0.0,0.0,0.0,0.0,0.0,0.0,0.0,0.0,0.0,0.0,1.0,0.0,1.0,0.0,0.0,0.7668539325842698,0.5483476132190942,0.5820268591374311,0.22294594903439607,0.18611409294639106,0.0,0.24092409240924093,0.6533534287867371,0.5343854563912134,0.31429736724263707,0.8571428571428612,7.402414148455363e-07
5A6OHHy73AR5tLxgTc98zz,1.0,0.0,0.0,0.0,1.0,0.0,0.0,0.0,0.0,0.0,0.0,0.0,0.0,0.0,0.0,0.0,1.0,0.0,0.5870786516853934,0.8237454100367196,0.8044134177364963,0.04639469774882871,0.066771737579191,0.0,0.28571428571428575,0.5392399612444828,0.6944947204616341,0.30608984129453537,0.6571428571428584,0.09643701428624128
4PnNzWe1LJoAMD5j5RHpI0,1.0,0.0,0.0,0.0,0.0,0.0,0.0,0.0,0.0,0.0,0.0,0.0,1.0,0.0,0.0,0.0,1.0,0.0,0.7668539325842698,0.5716034271725826,0.7073892208483701,0.04719460633070507,0.06553074254937608,0.0,0.26567656765676567,0.4821832274733556,0.42055981139258264,0.2837882441486689,0.8285714285714292,0.028808567334675614
1QPreu0BNOrUfEb8HTd2qG,1.0,0.0,0.0,0.0,0.0,0.0,0.0,0.0,0.0,0.0,0.0,0.0,1.0,0.0,0.0,0.0,1.0,0.0,0.8230337078651686,0.3182374541003672,0.5305567059101933,0.20694777739686893,0.44258639910813824,2.3899371069182395e-06,0.09123055162659122,0.4520400473678545,0.24005369701260276,0.2737516844979933,0.9714285714285751,0.23101191941951416
04R63LtwXGvm2OO5zyDa3h,1.0,0.0,0.0,0.0,0.0,0.0,1.0,0.0,0.0,0.0,0.0,0.0,0.0,0.0,0.0,0.0,1.0,0.0,0.35112359550561806,0.8115055079559363,0.7482695379518427,0.2663695577648269,0.027783810392506044,0.0,0.04832626119754831,0.7933039078479923,0.21325194184159374,0.2880643988050313,0.8000000000000043,0.0570868953895361
1CDBn2Lm7E63XKQDsdCq6O,1.0,0.0,0.0,0.0,0.0,0.0,0.0,0.0,0.0,0.0,0.0,0.0,1.0,0.0,0.0,0.0,1.0,0.0,0.6334269662921348,0.4430844553243575,0.6871561261314558,0.03908124785738774,0.08259442420933104,0.0,0.20909948137670908,0.2636451717084724,0.4475619285509152,0.32910202854553977,0.8000000000000043,0.09445523997041681
7CZyCXKG6d5ALeq41sLzbw,1.0,0.0,0.0,1.0,0.0,0.0,0.0,0.0,0.0,0.0,0.0,0.0,0.0,0.0,0.0,0.0,1.0,0.0,0.32724719101123595,0.7821297429620564,0.9143938945749275,0.026625528511027313,0.09365996322518061,0.0,0.13955681282413954,0.25287975024222203,0.5335305785786322,0.3311202726311385,0.8857142857142861,0.3750743507185793
293mQGfVwgXIOdA1GpiwAt,1.0,0.0,0.0,0.0,0.0,0.0,0.0,0.0,0.0,0.0,0.0,0.0,0.0,1.0,0.0,0.0,1.0,0.0,0.696629213483146,0.5973072215422277,0.7393362125066556,0.029482344874871447,0.5997791028846929,1.7819706498951782e-05,0.08074021687883073,0.49940790181935624,0.5680663064603384,0.35124595037221884,0.9714285714285751,0.08771760615610538
3liqJgK86KQinyTdFYVy55,0.0,1.0,0.0,0.0,0.0,0.0,0.0,0.0,1.0,0.0,0.0,0.0,0.0,0.0,0.0,0.0,1.0,0.0,0.6713483146067416,0.31211750305997554,0.49346269892918404,0.0661638669866301,0.5253194010957987,0.0001708595387840671,0.3517208863743517,0.4466573366347293,0.5207608412531974,0.30363641332797936,0.8571428571428612,2.9522569368545505e-06
6PeXpPSKtHIu3NFCdya3be,0.0,1.0,0.0,1.0,0.0,0.0,0.0,0.0,0.0,0.0,0.0,0.0,0.0,0.0,0.0,0.0,1.0,0.0,0.7219101123595506,0.357405140758874,0.5152931432290125,0.3040795337675694,0.3795024850925472,0.0,0.11362564827911362,0.40682527720960276,0.48128285101750495,0.34139229409180066,0.7714285714285722,0.08147606472057838
6og219WwSl2pU7oXyXfRMe,1.0,0.0,0.0,0.0,0.0,0.0,0.0,0.0,0.0,0.0,0.0,0.0,0.0,1.0,0.0,0.0,1.0,0.0,0.8581460674157304,0.5581395348837209,0.7052594214044843,0.31550679922294594,0.03905618191332477,0.0,0.2762847713342763,0.4811066853267306,0.5074234116303453,0.06316473286647423,0.9428571428571431,0.0832090743774021
0O45fw2L5vsWpdsOdXwNAR,1.0,0.0,0.0,0.0,0.0,0.0,0.0,0.0,0.0,1.0,0.0,0.0,0.0,0.0,0.0,0.0,1.0,0.0,0.9845505617977528,0.5165238678090575,0.7430042004377919,0.059421780367957956,0.06035992992514732,0.0,0.027463460631777466,0.99784691570675,0.38046069899618645,0.35878703530455514,0.5142857142857125,0.11809813274190192
00kYtO6UJq0q9aJ1n3iY1c,1.0,0.0,0.0,0.0,0.0,0.0,1.0,0.0,0.0,0.0,0.0,0.0,0.0,0.0,0.0,0.0,1.0,0.0,0.9452247191011236,0.5116279069767441,0.7075667041353605,0.2789395497657411,0.008600095556617296,5.0104821802935015e-05,0.074021687883074,0.6436645494671117,0.3339166093408758,0.2958031034707491,0.8000000000000043,0.05179658158953066
1SF8piqsZWn86DajVKih8F,1.0,0.0,0.0,0.0,0.0,0.0,0.0,0.0,0.0,0.0,0.0,0.0,1.0,0.0,0.0,0.0,1.0,0.0,0.8581460674157304,0.5458996328029375,0.6095367686209547,0.14066963775568506,0.553241789266634,0.0,0.12894860914662895,0.7922273657013673,0.4476153584142017,0.1664567832973483,0.9142857142857181,0.10666688066900824
37F0uwRSrdzkBiuj0D5UHI,0.0,1.0,0.0,0.0,0.0,0.0,0.0,0.0,0.0,0.0,1.0,0.0,0.0,0.0,0.0,0.0,1.0,0.0,0.6179775280898876,0.42105263157894735,0.6624859492397799,0.18980687921380415,0.14681591700225238,0.0,0.1595945308816596,0.3777586392507267,0.6680001870045216,0.308639976790193,0.8000000000000043,0.6728145922379295
5kNrhABkAowO87oF0EHDPv,0.0,1.0,0.0,0.0,0.0,1.0,0.0,0.0,0.0,0.0,0.0,0.0,0.0,0.0,0.0,0.0,1.0,0.0,0.7780898876404494,0.34883720930232565,0.6107791516298882,0.1372414581190721,0.8490122713725198,0.0,0.08887317303158887,0.6339756701474863,0.47443047105103214,0.06460062943987419,0.9142857142857181,0.008620137402043853
5BtNw7uJInbyzt5gC1zODz,0.0,1.0,1.0,0.0,0.0,0.0,0.0,0.0,0.0,0.0,0.0,0.0,0.0,0.0,0.0,0.0,1.0,0.0,0.7514044943820226,0.4039167686658507,0.5344021771283204,0.03153925265683922,0.09696928330468702,9.80083857442348e-05,0.19377652050919378,0.8449779308859942,0.43423117766097413,0.31267646496139057,0.8571428571428612,0.00508916843578559
6SwRhMLwNqEi6alNPVG00n,1.0,0.0,0.0,0.0,0.0,0.0,0.0,0.0,0.0,0.0,0.0,1.0,0.0,0.0,0.0,0.0,1.0,0.0,0.550561797752809,0.45777233782129745,0.540614092172987,0.03473888698434465,0.027370145382567743,0.0,0.20202734559170202,0.41113144579610295,0.3382778219316231,0.32646779954631555,0.8285714285714292,0.5119009047700843
48RN2EOOyG2Gs5Pyla7ZJj,0.0,1.0,0.0,0.0,0.0,0.0,0.0,0.0,0.0,0.0,0.0,1.0,0.0,0.0,0.0,0.0,1.0,0.0,0.7219101123595506,0.780905752753978,0.6958528071939891,0.14066963775568506,0.16336251739978447,0.0,0.2126355492692126,0.4057487350629777,0.3333355595776369,0.41650461147750184,0.7142857142857153,0.7282782252919346
1BuZAIO8WZpavWVbbq3Lci,1.0,0.0,0.0,1.0,0.0,0.0,0.0,0.0,0.0,0.0,0.0,0.0,0.0,0.0,0.0,0.0,1.0,0.0,0.6278089887640448,0.8200734394124847,0.7910430101165473,0.14066963775568506,0.01733876889156392,0.0,0.10537482319660535,0.5887608999892346,0.7608011807999786,0.547089208490921,0.8571428571428612,0.06410705758008776
1rBjexQsgqXpsS2BrCxaDX,1.0,0.0,0.0,0.0,0.0,0.0,0.0,0.0,0.0,0.0,0.0,0.0,1.0,0.0,0.0,0.0,1.0,0.0,0.898876404494382,0.2705018359853121,0.30947169141572484,0.2766540966746658,0.18611409294639106,0.0,0.09948137670909948,0.38098826569060185,0.2938041394786581,0.12023689139954713,0.8571428571428612,0.05713700537895988
4KyZLFDRAVvs2naDwADVTJ,0.0,1.0,1.0,0.0,0.0,0.0,0.0,0.0,0.0,0.0,0.0,0.0,0.0,0.0,0.0,0.0,1.0,0.0,0.877808988764045,0.5997552019583844,0.8942199609536767,0.1715232544852017,0.23885638171352458,0.0,0.16077322017916076,0.679190440305738,0.4667432494707104,0.26208581321571456,0.9142857142857181,0.05973504373572705
1PS1QMdUqOal0ai3Gt7sDQ,1.0,0.0,0.0,1.0,0.0,0.0,0.0,0.0,0.0,0.0,0.0,0.0,0.0,0.0,0.0,0.0,1.0,0.0,0.5098314606741574,0.6548347613219093,0.7424125894811571,0.36692949377214035,0.02013100770864746,0.0,0.031588873173031586,0.6307460437076112,0.22039818605614142,0.28498237189931486,0.48571428571428754,0.20018084707375253
42GcjriRK6srwHkfbkBqVl,1.0,0.0,0.0,0.0,1.0,0.0,0.0,0.0,0.0,0.0,0.0,0.0,0.0,0.0,0.0,0.0,1.0,0.0,0.18398876404494385,0.6474908200734394,0.829024433532509,0.19209233230487946,0.40845903578822834,0.0,0.08533710513908535,0.34761545914522557,0.7482785565922434,0.6049013898553802,0.7142857142857153,0.20018084707375253
0bHDsbWkPSJ01adXfObBzJ,1.0,0.0,0.0,0.0,0.0,0.0,0.0,0.0,1.0,0.0,0.0,0.0,0.0,0.0,0.0,0.0,1.0,0.0,0.7078651685393258,0.6487148102815177,0.74974856534343,0.0961033024797166,0.1261326665053373,0.0,0.09948137670909948,0.2744105931747228,0.5344656011861428,0.44131219502965346,0.8000000000000043,0.11879591913442544
75L0qdzRnhwV62UXoNq3pE,0.0,1.0,0.0,0.0,0.0,0.0,0.0,0.0,0.0,1.0,0.0,0.0,0.0,0.0,0.0,0.0,1.0,0.0,0.47752808988764045,0.7955936352509181,0.7959533810566171,0.28693863558450466,0.008051989418449047,1.5618448637316562e-05,0.37765205091937765,0.2571859188287222,0.6432488028371257,0.3411273995555658,0.6285714285714263,0.7282782252919346
0B6g379TMw0nYGXA7y5xHz,1.0,0.0,0.0,0.0,0.0,0.0,0.0,0.0,0.0,0.0,0.0,1.0,0.0,0.0,0.0,0.0,1.0,0.0,0.7134831460674158,0.4749082007343942,0.640359699461634,0.14524054393783567,0.18404576789669955,0.0015828092243186584,0.2256011315417256,0.26149208741522234,0.500784751117018,0.3640575956405928,1.0,0.14356000767900318
0axBgt9y0GvMCLuRl2xBKG,1.0,0.0,0.0,0.0,0.0,0.0,0.0,0.0,1.0,0.0,0.0,0.0,0.0,0.0,0.0,0.0,1.0,0.0,0.7823033707865168,0.5030599755201958,0.7131278471277287,0.06810650211404412,0.008134722420436707,0.0,0.09948137670909948,0.5715362256432339,0.5474023068343474,0.21839503343767935,0.8571428571428612,0.27935376819979313
4ztaHDRJVuQe61KVCIpgqw,0.0,1.0,0.0,0.0,0.0,0.0,0.0,0.0,0.0,0.0,0.0,0.0,0.0,1.0,0.0,0.0,1.0,0.0,0.669943820224719,0.5801713586291309,0.4961249482340412,0.2766540966746658,0.013408951297150055,0.0,0.03701084394153701,0.5521584670039833,0.2326403034816235,0.2857392134314144,0.7714285714285722,0.04526879315324415
173KirQOJcXBCyqADQBpt9,0.0,1.0,0.0,0.0,1.0,0.0,0.0,0.0,0.0,0.0,0.0,0.0,0.0,0.0,0.0,0.0,1.0,0.0,0.6390449438202246,0.8078335373317014,0.8261255398449978,0.173808707576277,0.3484776093471746,2.2431865828092242e-05,0.14309288071664308,0.6695015609861127,0.08655637852386644,0.36403446992711197,0.8285714285714292,0.08055324493794182
6eVxH9Kyanzrw636zJRPcw,0.0,1.0,0.0,0.0,1.0,0.0,0.0,0.0,0.0,0.0,0.0,0.0,0.0,0.0,0.0,0.0,1.0,0.0,0.872191011235955,0.5446756425948592,0.6832514938176654,0.3395040566792367,0.0003857426217674665,0.0,0.14427157001414426,0.25287975024222203,0.5340381622798522,0.2914407529732309,0.9142857142857181,0.14252775408908486
3mTpegrOwRn0oJjv4TSbEE,0.0,1.0,0.0,0.0,1.0,0.0,0.0,0.0,0.0,0.0,0.0,0.0,0.0,0.0,0.0,0.0,1.0,0.0,0.705056179775281,0.5618115055079559,0.6343252677039577,0.04445206262141469,0.14371342942771514,0.0,0.5803866100895804,0.5941436107223598,0.4808754483099466,0.323524526921484,0.6571428571428584,0.19502563168631767
6dbENHQHHtWRai4snSvy2w,0.0,1.0,0.0,1.0,0.0,0.0,0.0,0.0,0.0,0.0,0.0,0.0,0.0,0.0,0.0,0.0,1.0,0.0,0.5168539325842698,0.35985312117503065,0.47275631544696195,0.19209233230487946,0.26988125745889724,2.0335429769392034e-06,0.23738802451673738,0.19797610076434496,0.6805228112122568,0.2627249238428208,0.9428571428571431,0.14252775408908486
1D3z6HTiQsNmZxjl7F7eoG,1.0,0.0,0.0,0.0,0.0,0.0,0.0,0.0,0.0,1.0,0.0,0.0,0.0,0.0,0.0,0.0,1.0,0.0,0.46488764044943826,0.5214198286413708,0.6563923563864402,0.1258141926636956,0.06428974751956118,0.0,0.2185289957567185,0.041123910001076555,0.5342118093355328,0.3084759944582381,0.9428571428571431,0.19502563168631767
60xaS8mYBKUW4VQQ666N0T,0.0,1.0,0.0,0.0,1.0,0.0,0.0,0.0,0.0,0.0,0.0,0.0,0.0,0.0,0.0,0.0,1.0,0.0,0.6151685393258426,0.7539779681762546,0.7331242974619889,0.19209233230487946,0.03698785686363326,0.0,0.14427157001414426,0.3820648078372269,0.34653941454227305,0.14604939231931985,0.8000000000000043,0.05179658158953066
1wJRveJZLSb1rjhnUHQiv6,0.0,1.0,0.0,0.0,0.0,0.0,0.0,0.0,0.0,0.0,0.0,1.0,0.0,0.0,0.0,0.0,1.0,0.0,0.44241573033707865,0.6132190942472461,0.7621132343370998,0.31550679922294594,0.01578752510429529,0.0,0.09712399811409711,0.42727957799547855,0.22032471999412268,0.2468459680318546,0.8571428571428612,0.06897090523791691
0G149jkGWKwrPXUGkEDgWM,1.0,0.0,0.0,0.0,0.0,0.0,0.0,1.0,0.0,0.0,0.0,0.0,0.0,0.0,0.0,0.0,1.0,0.0,0.8047752808988764,0.33659730722154224,0.4009347453114831,0.2949377214032682,0.0452611570623993,2.830188679245283e-06,0.12069778406412068,0.4595758423942298,0.1467651557146578,0.4188592295773671,0.8285714285714292,0.1412003357665388
6aYi4lYcAohNhlNWsbWfy0,1.0,0.0,0.0,0.0,0.0,0.0,0.0,0.0,0.0,0.0,0.0,0.0,0.0,1.0,0.0,0.0,1.0,0.0,0.8525280898876404,0.6376988984088128,0.7248417440691001,0.4000685635927323,0.025818901595299114,0.0,0.04702970297029704,0.8202174615136184,0.6539080605627501,0.16719470379114537,0.8857142857142861,0.10062832213815441
0JaVdpmiex2EP7bBzyKVTa,1.0,0.0,0.0,0.0,0.0,0.0,0.0,0.0,0.0,0.0,0.0,0.0,0.0,1.0,0.0,0.0,1.0,0.0,0.678370786516854,0.38555691554467564,0.41258948115719085,0.5486230145126273,0.5987449403598472,0.0,0.08415841584158415,0.5349337926579827,0.0794969578371591,0.24411713384111794,0.6000000000000014,0.7282782252919346
3ZdJffjzJWFimSQyxgGIxN,0.0,1.0,0.0,1.0,0.0,0.0,0.0,0.0,0.0,0.0,0.0,0.0,0.0,0.0,0.0,0.0,1.0,0.0,0.37219101123595516,0.7233782129742962,0.7075667041353605,0.004113815563935551,0.04350308077016152,0.0,0.10773220179160772,0.07094412746259016,0.19958057557320225,0.34841620397720224,0.6285714285714263,0.022793304636583092
3QJULtHD6Td9Cl8GD6B3My,1.0,0.0,0.0,0.0,0.0,0.0,0.0,0.0,0.0,0.0,0.0,0.0,1.0,0.0,0.0,0.0,1.0,0.0,0.731741573033708,0.5336597307221542,0.7186298290244334,0.10181693520740487,0.10648357853326797,0.00012264150943396227,0.06789250353606788,0.7771557756486167,0.08663652331879595,0.21341880036412486,0.8857142857142861,6.11352321437137e-06
08zJpaUQVi9FrKv2e32Bah,0.0,1.0,0.0,0.0,0.0,0.0,0.0,0.0,1.0,0.0,0.0,0.0,0.0,0.0,0.0,0.0,1.0,0.0,0.5926966292134832,0.48347613219094254,0.6142696562740341,0.2709404639469775,0.7238786058661835,1.960167714884696e-06,0.09358793022159359,0.4079018193562278,0.46284954818371865,0.3537140947018991,0.7714285714285722,0.19502563168631767
1sxGIhaxY8eF52e1TlShSP,1.0,0.0,0.0,0.0,0.0,0.0,0.0,0.0,1.0,0.0,0.0,0.0,0.0,0.0,0.0,0.0,1.0,0.0,0.872191011235955,0.5336597307221542,0.6780453173992781,0.2903668152211176,0.07276988022329638,0.0,0.17609618104667607,0.47357089030035526,0.46712393724662554,0.22459062231294974,0.9142857142857181,0.13666316970816478
2y4lAQpi5VTNLu2ldeTdUH,1.0,0.0,0.0,1.0,0.0,0.0,0.0,0.0,0.0,0.0,0.0,0.0,0.0,0.0,0.0,0.0,1.0,0.0,0.48735955056179775,0.5642594859241126,0.7292788262438619,0.007427722545994747,0.0090861519432948,0.0,0.4024045261669024,0.4811066853267306,0.13336761749560871,0.33462486939227726,0.7142857142857153,0.19994582477890033
6gBFPUFcJLzWGx4lenP6h2,0.0,1.0,0.0,0.0,0.0,0.0,0.0,0.0,0.0,1.0,0.0,0.0,0.0,0.0,0.0,0.0,1.0,0.0,0.8075842696629214,0.6940024479804161,0.8726853221321658,0.024568620729059534,0.08755840432859066,0.0,0.1419141914191419,0.4229734094089784,0.46761148474911335,0.3611080160029937,0.8000000000000043,0.22819780023939232
4scpF6J5uMBvoh6sFB7EL1,0.0,1.0,0.0,0.0,0.0,0.0,0.0,0.0,1.0,0.0,0.0,0.0,0.0,0.0,0.0,0.0,1.0,0.0,0.877808988764045,0.39779681762545904,0.6104241850559071,0.15095417666552396,0.01630460636671817,3.962264150943396e-06,0.07531824611032531,0.2173538594035957,0.4339573496116316,0.26911603011388363,0.7714285714285722,0.06410705758008776
0wwPcA6wtMf6HUMpIRdeP7,0.0,1.0,0.0,0.0,1.0,0.0,0.0,0.0,0.0,0.0,0.0,0.0,0.0,0.0,0.0,0.0,1.0,0.0,0.877808988764045,0.5716034271725826,0.6068745193160976,0.032224888584161816,0.0026329777882572914,0.00019916142557651993,0.025695426685525692,0.5543115512972334,0.5004508144714785,0.4099453181993058,0.8000000000000043,0.7282782252919346
5MPPttjfGap2C6j6eKcO6J,0.0,1.0,0.0,0.0,0.0,0.0,0.0,0.0,0.0,0.0,0.0,0.0,1.0,0.0,0.0,0.0,1.0,0.0,0.9887640449438202,0.36964504283965727,0.6426078210968466,0.3874985715918181,0.09893419210189396,0.0,0.14427157001414426,0.45526967380772965,0.3203721389977893,0.14788893770983957,0.8857142857142861,0.14252775408908486
4S8d14HvHb70ImctNgVzQQ,0.0,1.0,0.0,0.0,1.0,0.0,0.0,0.0,0.0,0.0,0.0,0.0,0.0,0.0,0.0,0.0,1.0,0.0,0.8918539325842698,0.4418604651162791,0.5807844761284977,0.34636041595246264,0.011754291257396849,0.0,0.2715700141442716,0.31424265259984935,0.2939911440001603,0.11746811279461633,0.8571428571428612,0.20018084707375253
5iSEsR6NKjlC9SrIJkyL3k,0.0,1.0,1.0,0.0,0.0,0.0,0.0,0.0,0.0,0.0,0.0,0.0,0.0,0.0,0.0,0.0,1.0,0.0,0.5112359550561798,0.5434516523867808,0.5425072472342186,0.016569534910295967,0.5004995004995005,9.737945492662474e-05,0.31753889674681757,0.2464204973624718,0.3689532421908915,0.4692858989910882,0.6000000000000014,0.05911839651099314
5hx4FpDZOnDVYlyoG3rMks,0.0,1.0,0.0,1.0,0.0,0.0,0.0,0.0,0.0,0.0,0.0,0.0,0.0,0.0,0.0,0.0,1.0,0.0,0.970505617977528,0.5226438188494492,0.6588771224043068,0.3063649868586447,0.06325558499471542,0.0,0.07967939651107966,0.28086984605447307,0.4476153584142017,0.3663386319248372,0.8285714285714292,0.11879591913442544
3eaZlarqKQ4oAceRwJHfF5,1.0,0.0,0.0,1.0,0.0,0.0,0.0,0.0,0.0,0.0,0.0,0.0,0.0,0.0,0.0,0.0,1.0,0.0,0.8637640449438202,0.41003671970624234,0.6640241377270306,0.0369100674208662,0.010823544985035669,0.0017610062893081762,0.3375766148043376,0.19259339003121972,0.47372920409539904,0.31884262111041267,0.8000000000000043,0.06410705758008776
0V4l4GQhgnWQGtCWpvA7va,1.0,0.0,1.0,0.0,0.0,0.0,0.0,0.0,0.0,0.0,0.0,0.0,0.0,0.0,0.0,0.0,1.0,0.0,0.21348314606741575,0.47123623011015914,0.5362361710938885,0.24122957376299853,0.23471973161414156,0.0,0.23620933521923623,0.2765636774679729,0.6686613815626898,0.287475744280065,0.6571428571428584,0.7282782252919346
2gam98EZKrF9XuOkU13ApN,1.0,0.0,0.0,0.0,0.0,0.0,0.0,0.0,0.0,0.0,0.0,0.0,1.0,0.0,0.0,0.0,1.0,0.0,0.7612359550561798,0.9902080783353733,0.7112938531621604,0.027082619129242376,0.05880868613787869,6.425576519916143e-05,0.1478076379066478,0.8944988696307461,0.3626151246585498,0.3578620067653223,0.5142857142857125,0.032064854483691015
1ojBtNRMzjL7ptLPZCzfRz,0.0,1.0,1.0,0.0,0.0,0.0,0.0,0.0,0.0,0.0,0.0,0.0,0.0,0.0,0.0,0.0,1.0,0.0,0.7078651685393258,0.6585067319461444,0.6821865940957226,0.19666323848703007,0.06160092495496222,1.729559748427673e-05,0.16666666666666669,0.7093336204112392,0.14004635040640084,0.19602826382654875,0.7142857142857153,0.05260528227216562
2JKkIYGgr3KobERZKzCpa1,1.0,0.0,0.0,0.0,0.0,0.0,0.0,0.0,0.0,0.0,0.0,0.0,0.0,1.0,0.0,0.0,0.0,1.0,0.5168539325842698,0.576499388004896,0.5281902620836537,0.5326248428751,0.17577246769793353,0.0,0.13484205563413482,0.516632576165357,0.46246218167489256,0.21224149131419223,0.9142857142857181,0.0832090743774021
0GAyuCo975IHGxxiLKDufB,0.0,1.0,0.0,1.0,0.0,0.0,0.0,0.0,0.0,0.0,0.0,0.0,0.0,0.0,0.0,0.0,1.0,0.0,0.44522471910112354,0.5679314565483476,0.5981186771579009,0.285795909038967,0.5232510760461072,0.0,0.19731258840169733,0.5155560340187318,0.19887930861756903,0.4083139042301135,0.9428571428571431,0.19502563168631767
69yfbpvmkIaB10msnKT7Q5,0.0,1.0,0.0,0.0,0.0,0.0,0.0,0.0,0.0,0.0,0.0,1.0,0.0,0.0,0.0,0.0,1.0,0.0,0.30477528089887646,0.8971848225214198,0.8413299414305152,0.22408867557993373,0.04205525323537746,0.0,0.2986798679867987,0.2593390031219723,0.5331231758710737,0.42880959338688684,0.7428571428571473,0.44834358529955093
737qboVuEkiDl2DmoU89Qk,0.0,1.0,0.0,1.0,0.0,0.0,0.0,0.0,0.0,0.0,0.0,0.0,0.0,0.0,0.0,0.0,1.0,0.0,0.7471910112359552,0.7723378212974297,0.7832929065846298,0.18180779339504058,0.016925103881625624,0.00040041928721174007,0.07095709570957096,0.6038324900419851,0.6676662503589819,0.15121693811348835,0.9142857142857181,0.05973504373572705
1nAILwCjAYvkz5rrwGFqQi,0.0,1.0,0.0,0.0,0.0,0.0,0.0,1.0,0.0,0.0,0.0,0.0,0.0,0.0,0.0,0.0,1.0,0.0,0.752808988764045,0.4430844553243575,0.4756552091344731,0.05256542109473205,0.5997791028846929,0.0,0.10183875530410183,0.5209387447518571,0.494065945808761,0.46452200201403937,0.7428571428571473,0.19502563168631767
0dNsCwvPvCHi6BaJcdwm60,1.0,0.0,0.0,0.0,0.0,0.0,0.0,0.0,0.0,0.0,0.0,0.0,0.0,1.0,0.0,0.0,1.0,0.0,0.723314606741573,0.4626682986536108,0.46607111163698733,0.11781510684493202,0.4332789363845264,0.0,0.09358793022159359,0.5424695876843579,0.521001275637986,0.21064791942160488,0.8285714285714292,1.435197472547581e-05
6mapJIPnQ23RTAevUoE0DL,0.0,1.0,0.0,0.0,0.0,0.0,0.0,0.0,0.0,0.0,1.0,0.0,0.0,0.0,0.0,0.0,1.0,0.0,0.582865168539326,0.1872705018359853,0.5207359640300536,0.035653068220774776,0.2067973434433062,1.029350104821803e-05,0.08415841584158415,0.1387662826999677,0.5340181260811199,0.28601882433077336,0.8000000000000043,0.06410705758008776
0c0YHn3DIQLl1opsQDd9kO,0.0,1.0,0.0,0.0,0.0,0.0,0.0,0.0,0.0,0.0,0.0,1.0,0.0,0.0,0.0,0.0,1.0,0.0,0.41994382022471904,0.8053855569155446,0.6047447198722119,0.04559478916695236,0.23989054423837033,0.0,0.09712399811409711,0.6942620303584887,0.22692330810998534,0.22032918401971152,0.8571428571428612,0.08055324493794182
3azJifCSqg9fRij2yKIbWz,1.0,0.0,0.0,0.0,0.0,0.0,0.0,0.0,1.0,0.0,0.0,0.0,0.0,0.0,0.0,0.0,1.0,0.0,0.532303370786517,0.45654834761321916,0.43311838135242253,0.023997257456290708,0.1623283548749387,0.0,0.06801037246581801,0.45849930024760477,0.3004494787248963,0.3245904120791908,0.9428571428571431,0.05489101713037072
5PEleSkK4p4E1sx3x7cOLt,0.0,1.0,0.0,0.0,0.0,0.0,0.0,0.0,1.0,0.0,0.0,0.0,0.0,0.0,0.0,0.0,1.0,0.0,0.49016853932584276,0.7955936352509181,0.8167189256345027,0.13381327848245914,0.01940709394125543,0.0,0.19731258840169733,0.8299063408332438,0.721042683782033,0.19864567412505962,0.6571428571428584,0.036478818244467144
0mG6igzxbH55XRyq3ygEh8,1.0,0.0,0.0,0.0,0.0,0.0,0.0,0.0,1.0,0.0,0.0,0.0,0.0,0.0,0.0,0.0,1.0,0.0,0.7148876404494382,0.4369645042839657,0.7255516772170619,0.32464861158724717,0.4705087872789736,0.0,0.1089108910891089,0.6555065130799872,0.6743984131330603,0.10914285594152134,0.9428571428571431,0.015018653561130755
5dUMh0ugelpKfoFp3qChuK,1.0,0.0,0.0,0.0,0.0,0.0,0.0,0.0,0.0,0.0,1.0,0.0,0.0,0.0,0.0,0.0,1.0,0.0,0.46629213483146065,0.5018359853121175,0.3256818316275216,0.1280996457547709,0.7280152559655665,0.0,0.570957095709571,0.9956938314135,0.7554114433409693,0.10050855546281912,0.9428571428571431,0.018846076150950863
5JMj1GUaACmgpCfv0G124x,1.0,0.0,1.0,0.0,0.0,0.0,0.0,0.0,0.0,0.0,0.0,0.0,0.0,0.0,0.0,0.0,1.0,0.0,0.8174157303370786,0.412484700122399,0.41241199787020044,0.18295051994057823,0.22748059394022127,0.0,0.10655351249410655,0.9278716761761224,0.474049783275117,0.3047948013396095,0.8571428571428612,0.0
42Tohunwlh34o0mgxYx5iq,1.0,0.0,1.0,0.0,0.0,0.0,0.0,0.0,0.0,0.0,0.0,0.0,0.0,0.0,0.0,0.0,1.0,0.0,0.7935393258426966,0.4541003671970625,0.7573803466840205,0.31322134613187064,0.06739223509409843,0.0,0.5132013201320131,0.35192162773172575,0.5347728229000392,0.23050870262645035,0.9142857142857181,0.1412003357665388
6q8UIzUSII0Nw62S1IBOIg,0.0,1.0,0.0,0.0,0.0,0.0,0.0,0.0,0.0,0.0,0.0,0.0,1.0,0.0,0.0,0.0,1.0,0.0,0.5070224719101124,0.2545899632802937,0.5152931432290125,0.2663695577648269,0.5335927012945647,1.719077568134172e-05,0.13484205563413482,0.05759500484443966,0.5672515010452215,0.1356470259281295,0.9142857142857181,0.0004284778570801792
2LvbYwfsRvGYnRytG573iW,1.0,0.0,0.0,0.0,0.0,0.0,0.0,0.0,0.0,1.0,0.0,0.0,0.0,0.0,0.0,0.0,1.0,0.0,0.6207865168539326,0.364749082007344,0.44335325090220656,0.14638327048337332,0.04939780716178232,0.0,0.3811881188118812,0.573689309936484,0.0930748218447996,0.27181332924078283,0.9428571428571431,0.03834935604744665
6nDSLDomNqfet6w0r1GHAz,0.0,1.0,0.0,0.0,0.0,0.0,1.0,0.0,0.0,0.0,0.0,0.0,0.0,0.0,0.0,0.0,1.0,0.0,0.8637640449438202,0.43574051407588743,0.5445778855824408,0.3212204319506342,0.011857707509881422,0.0,0.14427157001414426,0.8062224136074928,0.36766424673910864,0.2018979903754985,0.9142857142857181,0.14356000767900318
0qy5D3OJre7SPJNMOL9I71,0.0,1.0,0.0,0.0,0.0,0.0,0.0,0.0,0.0,0.0,1.0,0.0,0.0,0.0,0.0,0.0,1.0,0.0,0.8707865168539326,0.44553243574051415,0.6348577175649293,0.12010055993600732,0.24402719433775333,0.0,0.033474776049033476,0.7222521261707396,0.5740771660800512,0.3219372620416641,0.8000000000000043,0.0832090743774021
3rfhI32Il2hVRKDkuGeeen,1.0,0.0,0.0,0.0,0.0,0.0,0.0,0.0,0.0,0.0,0.0,0.0,1.0,0.0,0.0,0.0,1.0,0.0,0.46207865168539325,0.9192166462668299,0.8692539785836833,0.07027768255056566,0.044847492052461,0.0,0.2715700141442716,0.7803854020884918,0.45408705060475923,0.3413796800662657,0.6571428571428584,0.08903892837288215
792HwhrdO3ErRKL5yRe4Ge,1.0,0.0,0.0,0.0,0.0,0.0,0.0,0.0,0.0,0.0,0.0,0.0,0.0,1.0,0.0,0.0,1.0,0.0,0.39606741573033716,0.6988984088127295,0.7376797018280777,0.35321677522568856,0.12923515407987457,0.0,0.2833569071192834,0.6189040800947357,0.552711899498427,0.11662717775895015,0.9142857142857181,0.11774238142664968
21AJQhGZpujjZQXByZAXpr,0.0,1.0,0.0,0.0,0.0,0.0,0.0,0.0,0.0,0.0,0.0,1.0,0.0,0.0,0.0,1.0,0.0,0.0,0.582865168539326,0.6438188494492045,0.621723954327634,0.34864586904353795,0.05736085860309463,0.0,0.03936822253653937,0.5930670685757348,0.3246331705948748,0.2486497736833585,0.9428571428571431,0.05912929112287516
5BOBHIBuzvQuIYL1E1nDzl,1.0,0.0,0.0,0.0,0.0,0.0,1.0,0.0,0.0,0.0,0.0,0.0,0.0,0.0,0.0,0.0,1.0,0.0,0.622191011235955,0.4026927784577723,0.6308939241554752,0.05576505542223747,0.11372271620718825,0.0036163522012578617,0.10773220179160772,0.002799009581225101,0.6347133821771334,0.2933559825169606,0.8857142857142861,0.19502563168631767
0W6I02J9xcqK8MtSeosEXb,1.0,0.0,0.0,0.0,0.0,0.0,0.0,0.0,0.0,0.0,1.0,0.0,0.0,0.0,0.0,0.0,1.0,0.0,0.907303370786517,0.6046511627906977,0.7153759687629414,0.15438235630213692,0.32572603380056797,3.553459119496855e-05,0.07166430928807166,0.8137582086338682,0.21310500971755636,0.13921889749212146,0.9428571428571431,0.24491894809361012
4FyesJzVpA39hbYvcseO2d,0.0,1.0,0.0,0.0,0.0,0.0,0.0,0.0,0.0,0.0,0.0,0.0,0.0,1.0,0.0,0.0,1.0,0.0,0.30898876404494385,0.47001223990208085,0.6032656924806246,0.007656267855102275,0.06739223509409843,0.004968553459119497,0.04196133899104195,0.0015071590052750522,0.602107808106646,0.10894103153296147,0.9714285714285751,0.14356000767900318
2pis38KZgWttvigdurNEk7,1.0,0.0,0.0,0.0,0.0,0.0,1.0,0.0,0.0,0.0,0.0,0.0,0.0,0.0,0.0,0.0,1.0,0.0,0.723314606741573,0.605875152998776,0.5415015086079393,0.3143640726774083,0.2864278578564293,0.00041719077568134176,0.3116454502593116,0.6393583808806116,0.274235452050037,0.27947634975329066,0.9714285714285751,0.00015301225480983616
2m9axSosHP92250FvnnobM,1.0,0.0,0.0,0.0,0.0,0.0,0.0,0.0,0.0,0.0,0.0,1.0,0.0,0.0,0.0,0.0,1.0,0.0,0.5210674157303372,0.7833537331701347,0.814352481807963,0.33607587704262376,0.31848689612664766,0.0,0.1478076379066478,0.48325976961998063,0.7343266835415985,0.23040358574699205,0.8857142857142861,0.10666688066900824
1fRuRNJVZjDU1yKXvarKqW,0.0,1.0,0.0,1.0,0.0,0.0,0.0,0.0,0.0,0.0,0.0,0.0,0.0,0.0,0.0,0.0,1.0,0.0,0.5632022471910114,0.8408812729498163,0.8113944270247884,0.3829276654096675,0.04660556834469878,6.278825995807129e-06,0.22206506364922204,0.17106254709871893,0.6407576354614002,0.2271260414454832,0.6285714285714263,0.06185928404338044
4S2uhQE8L9V6p7rj7SiauJ,1.0,0.0,0.0,0.0,0.0,0.0,0.0,0.0,0.0,0.0,0.0,1.0,0.0,0.0,0.0,0.0,1.0,0.0,0.5463483146067416,0.3427172582619339,0.7617582677631188,0.0411381556393555,0.49015787525104293,0.0,0.08297972654408298,0.2539562923888471,0.533784370429242,0.32330798614979994,0.9142857142857181,0.27935376819979313
7rkUxKdccB5wb18ZlDWQBS,0.0,1.0,0.0,1.0,0.0,0.0,0.0,0.0,0.0,0.0,0.0,0.0,0.0,0.0,0.0,0.0,1.0,0.0,0.7991573033707864,0.3769889840881273,0.6194166715967578,0.35321677522568856,0.1581917047755557,6.907756813417191e-05,0.08887317303158887,0.7384002583701152,0.09976691222141326,0.11102024340864608,0.8571428571428612,0.0045262714464919885
3gOh1UDmnGWN4wrEcaulri,1.0,0.0,0.0,0.0,1.0,0.0,0.0,0.0,0.0,0.0,0.0,0.0,0.0,0.0,0.0,0.0,1.0,0.0,0.6671348314606742,0.31089351285189715,0.6712417913979766,0.025139984001828368,0.3288285213751052,0.0,0.08887317303158887,0.3949833135967274,0.180626331572374,0.17409037108360786,0.8857142857142861,0.05912929112287516
2BqQQXuBOuhaWeUP7okEx0,1.0,0.0,0.0,0.0,0.0,0.0,0.0,0.0,0.0,1.0,0.0,0.0,0.0,0.0,0.0,0.0,1.0,0.0,0.7008426966292134,0.3072215422276622,0.543631308051825,0.05222260313107074,0.7445618563630986,0.0,0.11480433757661479,0.6404349230272366,0.3336160663598902,0.29327819602616145,0.7428571428571473,0.0144464295300101
08F16baYbciTva9P4BvpiI,1.0,0.0,1.0,0.0,0.0,0.0,0.0,0.0,0.0,0.0,0.0,0.0,0.0,0.0,0.0,0.0,1.0,0.0,0.827247191011236,0.405140758873929,0.6237354315801927,0.024454348074505777,0.08011243414970122,7.033542976939204e-06,0.09712399811409711,0.3745290128108516,0.33354260029787147,0.35304134667336606,0.9428571428571431,0.22819780023939232
65OVbaJR5O1RmwOQx0875b,0.0,1.0,0.0,1.0,0.0,0.0,0.0,0.0,0.0,0.0,0.0,0.0,0.0,0.0,0.0,0.0,1.0,0.0,0.43820224719101125,0.3525091799265606,0.696444418150624,0.29608044794880584,0.06387608250962287,2.2746331236897277e-06,0.10655351249410655,0.06771450102271505,0.5073966966987022,0.25413897712866934,0.9428571428571431,0.7282782252919346
7yz6wjkAV0ZByLrlcrMkAx,0.0,1.0,0.0,0.0,0.0,0.0,0.0,0.0,0.0,0.0,1.0,0.0,0.0,0.0,0.0,0.0,1.0,0.0,0.8693820224719102,0.5556915544675642,0.6748506182334495,0.10981602102616844,0.1509525671016354,0.0,0.04302215935879302,0.6038324900419851,0.2535580949582245,0.3756898295214449,0.7142857142857153,0.03791038417972072
5k9BIHGgVxlpQ5G7MzqAvg,0.0,1.0,0.0,1.0,0.0,0.0,0.0,0.0,0.0,0.0,0.0,0.0,0.0,0.0,0.0,0.0,1.0,0.0,0.6544943820224718,0.5507955936352509,0.7072708986570431,0.10753056793509314,0.0004529631858824405,0.0,0.07355021216407354,0.45526967380772965,0.0999873104074695,0.3679826599195646,0.7142857142857153,0.12394584832728606
7EZPH9Px3gXlxD5KJDwtwc,0.0,1.0,0.0,0.0,1.0,0.0,0.0,0.0,0.0,0.0,0.0,0.0,0.0,0.0,0.0,0.0,1.0,0.0,0.8497191011235956,0.7123623011015912,0.750103531917411,0.285795909038967,0.0021572630268282445,0.0,0.13248467703913247,0.5801485628162343,0.4738093488903285,0.4346688082478908,0.7142857142857153,0.12394584832728606
5ravc2aiNoYmu9m37diYXW,1.0,0.0,0.0,0.0,0.0,0.0,1.0,0.0,0.0,0.0,0.0,0.0,0.0,0.0,0.0,0.0,1.0,0.0,0.8707865168539326,0.3892288861689106,0.5955747500443707,0.35093132213461325,0.07959535288727834,0.0,0.1254125412541254,0.39928948218322746,0.4674779100908975,0.18210448197350632,0.8857142857142861,0.08864973556312394
3DzlR0kXE6shimFVhSwI4A,1.0,0.0,0.0,1.0,0.0,0.0,0.0,0.0,0.0,0.0,0.0,0.0,0.0,0.0,0.0,0.0,1.0,0.0,0.5463483146067416,0.7747858017135864,0.710406436727208,0.38864129813735576,0.09665903454723329,3.7421383647798744e-05,0.41772748703441775,0.6145979115082356,0.7484989547782994,0.29524177933444196,0.6571428571428584,0.11963622377111303
4DCBuZK28moF1agkLnqvX9,0.0,1.0,1.0,0.0,0.0,0.0,0.0,0.0,0.0,0.0,0.0,0.0,0.0,0.0,0.0,0.0,1.0,0.0,0.5969101123595506,0.758873929008568,0.8717979056972134,0.0846760370243401,0.05177638096892755,0.0,0.15252239509665252,0.39175368715685227,0.6606201871380961,0.2116717578275284,0.8857142857142861,2.2782018132187327e-05
0LWkaEyQRkF0XAms8Bg1fC,0.0,1.0,0.0,0.0,0.0,0.0,0.0,0.0,0.0,0.0,0.0,0.0,0.0,1.0,0.0,0.0,1.0,0.0,0.34269662921348315,0.9424724602203183,0.8767082766372832,0.3657867672266027,0.07628603280777194,0.0,0.5556341348420556,0.5306276240714825,0.9477255575072296,0.4137295258598035,0.3142857142857167,0.04194704253698882
4FRW5Nza1Ym91BGV4nFWXI,0.0,1.0,0.0,1.0,0.0,0.0,0.0,0.0,0.0,0.0,0.0,0.0,0.0,0.0,0.0,0.0,1.0,0.0,0.7078651685393258,0.5826193390452876,0.7448973554990237,0.3635013141355274,0.10648357853326797,0.0,0.16784535596416786,0.42404995155560343,0.23330149803979178,0.6537534084148164,0.9428571428571431,0.7282782252919346
7kAFSrTIOiVZ0gnHBuAH3l,1.0,0.0,0.0,0.0,0.0,0.0,1.0,0.0,0.0,0.0,0.0,0.0,0.0,0.0,0.0,0.0,1.0,0.0,0.7275280898876404,0.364749082007344,0.49582914275572365,0.33150497086047315,0.08755840432859066,0.0,0.05940594059405941,0.625363332974486,0.6947752272438874,0.4875909523799512,0.3999999999999986,0.022793304636583092
15eWNa3kpCPKILbSvvzSWl,0.0,1.0,1.0,0.0,0.0,0.0,0.0,0.0,0.0,0.0,0.0,0.0,0.0,0.0,0.0,0.0,1.0,0.0,0.7162921348314608,0.8359853121175029,0.7587410518842808,0.024454348074505777,0.0017953061431322302,0.028616352201257866,0.06577086280056577,0.5435461298309829,0.6007720615244876,0.2999005594320325,0.9142857142857181,0.09643701428624128
6wyhUr4Xw8z5uSy0AhoZfU,0.0,1.0,0.0,0.0,0.0,0.0,0.0,0.0,0.0,0.0,0.0,0.0,0.0,1.0,0.0,0.0,1.0,0.0,0.7120786516853932,0.6682986536107711,0.7342483582795952,0.034167523711575824,0.010616712480066518,1.0901467505241091e-05,0.31518151815181517,0.08170954892884057,0.11315777170755165,0.3450251334458785,0.9714285714285751,0.7282782252919346
790MhTXPFrYkrqCKvpg4t1,1.0,0.0,0.0,0.0,0.0,0.0,0.0,0.0,0.0,0.0,0.0,1.0,0.0,0.0,0.0,0.0,1.0,0.0,0.7429775280898876,0.6940024479804161,0.7932911317517599,0.031424980002285455,0.21403648111722645,0.0,0.24563884959924562,0.5866078156959845,0.5806824329288247,0.32798148261051463,0.8285714285714292,0.14356000767900318
19KkDlrVwkToGQX4dWOCQI,0.0,1.0,0.0,1.0,0.0,0.0,0.0,0.0,0.0,0.0,0.0,0.0,0.0,0.0,0.0,0.0,1.0,0.0,0.651685393258427,0.5520195838433293,0.44648878897237165,0.4092103759570335,0.047949979626998256,0.0,0.4012258368694012,0.6522768866401121,0.6678332186817517,0.08352797475513021,0.9714285714285751,0.008439823302110008
2bPI4TKM4oTxl2SijUXM2J,0.0,1.0,0.0,1.0,0.0,0.0,0.0,0.0,0.0,0.0,0.0,0.0,0.0,0.0,0.0,0.0,1.0,0.0,0.5758426966292136,0.5495716034271726,0.5286635508489615,0.2812250028568164,8.273300198766037e-05,1.8134171907756814e-06,0.1914191419141914,0.518785660458607,0.6409646761816348,0.24064617448140585,0.9714285714285751,0.05973504373572705
2UVbBKQOdFAekPTRsnkzcf,0.0,1.0,0.0,0.0,1.0,0.0,0.0,0.0,0.0,0.0,0.0,0.0,0.0,0.0,0.0,0.0,1.0,0.0,0.773876404494382,0.8017135862913096,0.7524699757439506,0.2766540966746658,0.0026846859144995794,0.0,0.1537010843941537,0.5069436968457316,0.8144581210052828,0.2485299404407761,0.8571428571428612,0.11879591913442544
55rDa8pEd81hF1gjfxPFS5,1.0,0.0,0.0,0.0,0.0,0.0,0.0,0.0,0.0,0.0,0.0,0.0,1.0,0.0,0.0,0.0,1.0,0.0,0.7485955056179776,0.3806609547123623,0.6353310063302371,0.1863786995771912,0.2822912077570463,0.0,0.09594530881659594,0.3163957368930994,0.49383219015688334,0.12005188569170061,0.8857142857142861,5.225233516556726e-07
3G7XYAwtxtoGK7fAm4IlD9,0.0,1.0,0.0,0.0,0.0,0.0,0.0,0.0,0.0,0.0,1.0,0.0,0.0,0.0,0.0,0.0,1.0,0.0,0.7359550561797754,0.5189718482252141,0.7136602969887001,0.009027539709747456,0.19128490557061983,0.0,0.3104667609618105,0.5898374421358596,0.2273307108175437,0.3236086204250506,0.7714285714285722,0.0031910936521738313
7xZ9JwN3IB23s7Hbfd4cGq,1.0,0.0,0.0,0.0,0.0,0.0,0.0,1.0,0.0,0.0,0.0,0.0,0.0,0.0,0.0,0.0,1.0,0.0,0.33146067415730335,0.572827417380661,0.6030882091936342,0.5120557650554223,0.42086898608637735,0.0,0.3988684582743989,0.6522768866401121,0.17152321861496428,0.3280151200119413,0.8571428571428612,7.72463688197636e-06
0AhwITdzuLiWF3owNipbAn,1.0,0.0,0.0,0.0,0.0,0.0,0.0,0.0,0.0,0.0,1.0,0.0,0.0,0.0,0.0,0.0,1.0,0.0,0.8890449438202248,0.6364749082007345,0.6484647695675323,0.21837504285224546,0.0028811767942202725,3.008385744234801e-06,0.18316831683168316,0.2819463882010981,0.29054491781819153,0.23847866442697635,0.9428571428571431,0.0025499574996923208
7KSSdFCBHCfq4KPzz78ghk,0.0,1.0,0.0,1.0,0.0,0.0,0.0,0.0,0.0,0.0,0.0,0.0,0.0,0.0,0.0,0.0,1.0,0.0,0.7331460674157304,0.33659730722154224,0.5138732769330887,0.3852131185007428,0.06315216874223085,0.0,0.08168316831683167,0.32716115835934984,0.4662623807011334,0.22125421255894429,0.9142857142857181,0.14252775408908486
5hTpBe8h35rJ67eAWHQsJx,1.0,0.0,0.0,0.0,0.0,0.0,0.0,1.0,0.0,0.0,0.0,0.0,0.0,0.0,0.0,0.0,1.0,0.0,0.946629213483146,0.21297429620563038,0.4698574217594509,0.546337561421552,0.17577246769793353,0.0,0.2751060820367751,0.7211755840241145,0.40076404704499463,0.2892143774663048,0.8285714285714292,0.01668293397976671
7xQAfvXzm3AkraOtGPWIZg,1.0,0.0,0.0,0.0,0.0,0.0,0.0,0.0,0.0,0.0,0.0,0.0,0.0,1.0,0.0,0.0,1.0,0.0,0.7907303370786516,0.4626682986536108,0.6366917115304974,0.20694777739686893,0.14061094185317788,1.8658280922431866e-06,0.0876944837340877,0.3777586392507267,0.2666550901962879,0.1628786047205888,0.8857142857142861,0.3750743507185793
5eJpwQyirY5EEdNadHKRAM,0.0,1.0,0.0,1.0,0.0,0.0,0.0,0.0,0.0,0.0,0.0,0.0,0.0,0.0,0.0,0.0,1.0,0.0,0.5856741573033708,0.780905752753978,0.7216470449032715,0.312078619586333,0.4715429498038194,0.0,0.2774634606317775,0.7696199806222415,0.5683200983109482,0.18603164859006727,0.9142857142857181,0.11774238142664968
4e0FYxSROat25pH16zMTZI,1.0,0.0,0.0,0.0,0.0,0.0,0.0,0.0,0.0,0.0,0.0,0.0,0.0,1.0,0.0,0.0,1.0,0.0,0.6362359550561798,0.4614443084455325,0.6640241377270306,0.28922408867557997,0.6535555541766722,0.0,0.1254125412541254,0.8245236301001185,0.9623920549793292,0.09448115359468193,0.8857142857142861,0.05912929112287516
3s4mrPrEFFPF0LmAfutW0n,1.0,0.0,0.0,0.0,0.0,0.0,1.0,0.0,0.0,0.0,0.0,0.0,0.0,0.0,0.0,0.0,1.0,0.0,0.7275280898876404,0.43574051407588743,0.540732414364314,0.20809050394240658,0.025715485342814533,1.509433962264151e-06,0.14898632720414898,0.1818279685649693,0.25350466509493813,0.2693409802359243,0.8857142857142861,0.22819780023939232
0tdjTo4xacmmF7eINqaM8z,1.0,0.0,0.0,1.0,0.0,0.0,0.0,0.0,0.0,0.0,0.0,0.0,0.0,0.0,0.0,0.0,1.0,0.0,0.6446629213483146,0.3304773561811506,0.7178015736851445,0.0500514226945492,0.0011024172514855746,0.0,0.13130598774163132,0.17429217353859405,0.7617028097429355,0.37412148567992753,0.5714285714285694,0.020287613573498533
2tUL6dZf1mywCj5WvCPZw6,0.0,1.0,0.0,1.0,0.0,0.0,0.0,0.0,0.0,0.0,0.0,0.0,0.0,0.0,0.0,0.0,1.0,0.0,0.8061797752808988,0.7135862913096696,0.7909838490208838,0.09838875557079191,0.018683180173863407,0.0,0.7076850542197076,0.14414899343309295,0.15830600618450658,0.27808670460685236,0.9428571428571431,0.7282782252919346
2Ox2c1WEJDeQCHTXPE3YKM,1.0,0.0,0.0,0.0,0.0,0.0,0.0,0.0,1.0,0.0,0.0,0.0,0.0,0.0,0.0,0.0,1.0,0.0,0.925561797752809,0.36964504283965727,0.5213275749866887,0.48805850759913155,0.07039130641615113,0.0,0.08533710513908535,0.9946172892668748,0.4877278282764194,0.10649811525435132,0.9428571428571431,0.036906364268236874
1TkWsnheqK0gBtvh07BtNX,0.0,1.0,0.0,0.0,1.0,0.0,0.0,0.0,0.0,0.0,0.0,0.0,0.0,0.0,0.0,0.0,1.0,0.0,0.8314606741573034,0.6560587515299877,0.7548955806661539,0.2320877613986973,0.11785936630657128,0.0,0.23031588873173028,0.35192162773172575,0.2536515972189756,0.459915780356178,0.7714285714285722,0.03969069961731434
2gAGWaK4wvt2xrFUlR4mK8,1.0,0.0,0.0,0.0,1.0,0.0,0.0,0.0,0.0,0.0,0.0,0.0,0.0,0.0,0.0,0.0,1.0,0.0,0.025280898876404445,0.7858017135862914,0.7589185351712713,0.16695234830305108,0.3122819209775731,0.0,0.25153229608675154,0.5553880934438584,0.05010385429676284,0.5295536106596925,0.7714285714285722,0.20018084707375253
4JJcP0Rv9AgyPD6ZGaC8EE,1.0,0.0,1.0,0.0,0.0,0.0,0.0,0.0,0.0,0.0,0.0,0.0,0.0,0.0,0.0,0.0,1.0,0.0,0.8764044943820224,0.6609547123623011,0.7341300360882683,0.3600731344989145,0.0031293758001832536,3.207547169811321e-06,0.07178217821782176,0.5037140704058565,0.13643315590166233,0.3215483295876685,0.9428571428571431,0.22819780023939232
34oWbFBfGEElvgO0a5c9V4,1.0,0.0,0.0,0.0,0.0,0.0,0.0,1.0,0.0,0.0,0.0,0.0,0.0,0.0,0.0,0.0,1.0,0.0,0.9508426966292134,0.5312117503059975,0.5767615216233803,0.18752142612272885,0.06956397639627453,0.0,0.0651815181518152,0.8374421358596189,0.38401378490472776,0.19597780772440876,0.7714285714285722,0.08771760615610538
3m8CQnnfJJp4eQMWWl3zay,1.0,0.0,0.0,0.0,0.0,0.0,0.0,0.0,0.0,0.0,1.0,0.0,0.0,0.0,0.0,0.0,1.0,0.0,0.25983146067415736,0.576499388004896,0.5999526711234691,0.30865043994972,0.011754291257396849,0.0,0.19966996699669967,0.2119711486704705,0.48658576494867384,0.3365590199743094,0.6571428571428584,0.006149925674536715
3Vi5XqYrmQgOYBajMWSvCi,0.0,1.0,0.0,1.0,0.0,0.0,0.0,0.0,0.0,0.0,0.0,0.0,0.0,0.0,0.0,0.0,1.0,0.0,0.558988764044944,0.5483476132190942,0.6869786428444653,0.0500514226945492,0.31435024602726463,0.0,0.07543611504007544,0.16890946280546887,0.46755805488582697,0.2911485280483369,0.9428571428571431,0.24491894809361012
252gJUec2oDsGBPcxZs4nX,0.0,1.0,0.0,0.0,1.0,0.0,0.0,0.0,0.0,0.0,0.0,0.0,0.0,0.0,0.0,0.0,1.0,0.0,0.9873595505617978,0.4039167686658507,0.4887889723717682,0.23551594103531026,0.037298105621086985,0.0,0.10537482319660535,0.7868446549682421,0.4408898743730339,0.2649428899993903,0.7714285714285722,0.0073155098063524965
1EuVCg1G7fVjuhKurU7m2b,1.0,0.0,0.0,1.0,0.0,0.0,0.0,0.0,0.0,0.0,0.0,0.0,0.0,0.0,0.0,0.0,1.0,0.0,0.752808988764045,0.32190942472460216,0.3996332012068863,0.04090961033024799,0.6235648409561453,8.102725366876312e-06,0.09358793022159359,0.47249434815373026,0.5345323885152506,0.1369210425071637,0.8285714285714292,0.00425194668687276
25KybV9BOUlvcnv7nN3Pyo,0.0,1.0,0.0,0.0,0.0,0.0,0.0,0.0,0.0,1.0,0.0,0.0,0.0,0.0,0.0,1.0,0.0,0.0,0.33567415730337086,0.6352509179926561,0.7766668638703187,0.05085133127642557,0.08228417545187731,0.0,0.021098538425271096,0.5403165033911078,0.7212230095706242,0.34390248517326416,0.7714285714285722,0.6728145922379295
0Uhnzk5zI46IRlQ04LNOtc,0.0,1.0,0.0,0.0,0.0,0.0,0.0,0.0,0.0,0.0,1.0,0.0,0.0,0.0,0.0,0.0,1.0,0.0,0.7373595505617978,0.6181150550795594,0.7476187658995443,0.35893040795337683,0.026439399110206565,6.635220125786164e-06,0.060113154172560114,0.9698568198944988,0.20243907325902127,0.3373431918950681,0.3999999999999986,0.007249593485541134
1Vp4St7JcXaUoJcIahtf3L,0.0,1.0,0.0,0.0,1.0,0.0,0.0,0.0,0.0,0.0,0.0,0.0,0.0,0.0,0.0,0.0,1.0,0.0,0.6151685393258426,0.7723378212974297,0.7862509613678044,0.19552051194149242,0.010109972842892096,0.0,0.3965110796793965,0.6555065130799872,0.3872863640310161,0.5271148990562606,0.4571428571428555,0.20018084707375253
2AYTGaclgKXACh13nJRVcV,1.0,0.0,0.0,0.0,0.0,0.0,0.0,0.0,0.0,0.0,0.0,0.0,1.0,0.0,0.0,0.0,0.0,1.0,0.41853932584269654,0.6805385556915544,0.6932497189847955,0.42292309450348536,0.10027860338419345,0.0,0.5473833097595473,0.4154376143826031,0.3837265993895638,0.44729124313323987,0.8000000000000043,0.0766504222284778
2MbdDtCv5LUVjYy9RuGTgC,1.0,0.0,0.0,0.0,0.0,0.0,0.0,0.0,0.0,0.0,0.0,0.0,0.0,1.0,0.0,0.0,1.0,0.0,0.8960674157303372,0.6878824969400245,0.7630006507720521,0.2663695577648269,0.06522049379192237,0.0,0.18434700612918434,0.8589729787921198,0.5675520440262074,0.32671587538183705,0.9142857142857181,0.12394584832728606
1jROHCeEzDr6VnV8EnBnik,1.0,0.0,0.0,0.0,0.0,1.0,0.0,0.0,0.0,0.0,0.0,0.0,0.0,0.0,0.0,0.0,1.0,0.0,0.8567415730337078,0.6291309669522644,0.87800982074188,0.13609873157353444,0.4353472614342179,1.2159329140461216e-06,0.0449080622347949,0.6124448272149855,0.5070827962518951,0.35304134667336606,0.7428571428571473,0.08147606472057838
2EBhkPa6ZeNfRE8VpEXrpg,0.0,1.0,0.0,0.0,1.0,0.0,0.0,0.0,0.0,0.0,0.0,0.0,0.0,0.0,0.0,0.0,1.0,0.0,0.771067415730337,0.5569155446756426,0.5596639649766313,0.09153239629756599,0.17887495527247077,0.0,0.13366336633663364,0.34976854343847563,0.30077005790461425,0.28739795778926586,0.8571428571428612,0.004320649798892954
00rMGQGXFeY2VQTrg7SWde,1.0,0.0,0.0,0.0,0.0,0.0,0.0,1.0,0.0,0.0,0.0,0.0,0.0,0.0,0.0,0.0,1.0,0.0,0.6306179775280898,0.6658506731946144,0.6234396261018753,0.2835104559478917,0.01899342893131713,0.0,0.29750117868929754,0.6070621164818603,0.520453619539301,0.1629164467971938,1.0,0.0832090743774021
6ZthdsKjWtiCxnxbhs74vF,1.0,0.0,0.0,0.0,0.0,0.0,0.0,1.0,0.0,0.0,0.0,0.0,0.0,0.0,0.0,0.0,1.0,0.0,0.9634831460674156,0.3880048959608323,0.5680056794651837,0.38178493886412984,0.8004066327047694,0.0,0.09830268741159828,0.5715362256432339,0.38719286177026485,0.11372805422349108,0.8285714285714292,0.05678612223960057
3TXy6nchgKeYlVwOKNk9lE,0.0,1.0,0.0,0.0,0.0,0.0,0.0,0.0,0.0,0.0,1.0,0.0,0.0,0.0,0.0,0.0,1.0,0.0,0.7471910112359552,0.6205630354957161,0.7618174288587823,0.25494229230945037,0.13957677932833212,4.821802935010482e-06,0.035007072135785,0.12584777694046723,0.49403923087711793,0.40521926329886204,0.8285714285714292,0.023943300155074478
0332p5aiaQ6vyomilcGSy4,1.0,0.0,0.0,0.0,0.0,0.0,0.0,0.0,0.0,0.0,0.0,0.0,0.0,1.0,0.0,0.0,1.0,0.0,0.5224719101123596,0.8861689106487147,0.8145299650949535,0.26522683121928925,0.688717080021428,0.00010366876310272538,0.14898632720414898,0.4294326622887286,0.6003846950156617,0.4530558528027313,0.6857142857142833,0.12394584832728606
537l7spEsGg6aWl6Y9eKAs,1.0,0.0,0.0,0.0,0.0,0.0,1.0,0.0,0.0,0.0,0.0,0.0,0.0,0.0,0.0,0.0,1.0,0.0,0.5393258426966292,0.6768665850673194,0.757439507779684,0.012684264655467944,0.1375084542786406,0.0001960167714884696,0.103017444601603,0.12154160835396706,0.5678592657401038,0.22317364677785229,0.8285714285714292,0.00425194668687276
4A8cWXxKfIL3lAyUDzXbCF,0.0,1.0,0.0,0.0,1.0,0.0,0.0,0.0,0.0,0.0,0.0,0.0,0.0,0.0,0.0,0.0,1.0,0.0,0.7851123595505618,0.30966952264381886,0.6795835058865289,0.13381327848245914,0.0027053691649964943,0.0,0.3870815652993871,0.07417375390246528,0.08654969979095561,0.270099924105613,0.9428571428571431,0.08771760615610538
0pn8eHCvZsBAF9Y9wfv4rt,1.0,0.0,0.0,0.0,0.0,0.0,0.0,0.0,0.0,0.0,0.0,0.0,0.0,1.0,0.0,0.0,1.0,0.0,0.6278089887640448,0.9865361077111383,0.7906288824469028,0.4743457890526797,0.3040086207788071,0.0,0.8432343234323432,0.7136397889977393,0.5910211114747308,0.2428809593386887,0.8000000000000043,0.00028522808022377657
6AdLyvisRKHLAwARaZMGr6,1.0,0.0,0.0,0.0,0.0,0.0,0.0,1.0,0.0,0.0,0.0,0.0,0.0,0.0,0.0,0.0,1.0,0.0,0.6825842696629214,0.930232558139535,0.8164231201561851,0.04879442349445778,0.01878659642634798,0.0,0.2680339462517681,0.6425880073204867,0.3673236313606582,0.34608891626599614,0.5714285714285694,0.027883979681365956
6rb3wFQ66EWR7DcPG0oEE1,1.0,0.0,0.0,1.0,0.0,0.0,0.0,0.0,0.0,0.0,0.0,0.0,0.0,0.0,0.0,0.0,1.0,0.0,0.42415730337078644,0.7331701346389229,0.6901733420102939,0.2835104559478917,0.04453724329500727,1.6037735849056604e-05,0.17845355964167844,0.4778770588868555,0.2672027462949729,0.36405969797818194,1.0,0.7282782252919346
3DoBTwfr8yi2LN08SBpFkN,1.0,0.0,0.0,0.0,0.0,0.0,1.0,0.0,0.0,0.0,0.0,0.0,0.0,0.0,0.0,0.0,1.0,0.0,0.6179775280898876,0.4871481028151775,0.7634739395373601,0.016798080219403495,0.03843568439841732,0.0,0.413012729844413,0.23134890730972119,0.12355655884965505,0.30553902884617407,0.8571428571428612,0.22819780023939232
438ydvfdggFaE8RTacR40q,0.0,1.0,1.0,0.0,0.0,0.0,0.0,0.0,0.0,0.0,0.0,0.0,0.0,0.0,0.0,0.0,1.0,0.0,0.8553370786516854,0.3390452876376989,0.5554635271845234,0.46634670323391614,0.033058039269219394,0.0,0.24210278170674213,0.18290451071159436,0.4489778199280032,0.2506722224441356,0.9142857142857181,0.05713700537895988
7vxGCUPJhe0fXfBkwVPFcP,0.0,1.0,0.0,1.0,0.0,0.0,0.0,0.0,0.0,0.0,0.0,0.0,0.0,0.0,0.0,0.0,1.0,0.0,0.9508426966292134,0.6034271725826194,0.7658995444595633,0.28236772940235405,0.0570506098456409,0.0,0.07154644035832156,0.6145979115082356,0.2675300042076017,0.1417564189622441,0.8857142857142861,0.10062832213815441
1xsP6AITcWNigBYBYVnVZw,1.0,0.0,0.0,0.0,0.0,0.0,0.0,0.0,1.0,0.0,0.0,0.0,0.0,0.0,0.0,0.0,1.0,0.0,0.8469101123595506,0.5458996328029375,0.7057327101697922,0.3497885955890756,0.025818901595299114,0.0,0.07307873644507307,0.5317041662181076,0.6677196802222682,0.21321277128038663,0.8857142857142861,0.07290595892945555
0uXO2GrNiIb1xHT9LUdxZE,1.0,0.0,0.0,0.0,0.0,0.0,0.0,0.0,0.0,0.0,0.0,0.0,0.0,1.0,0.0,0.0,1.0,0.0,0.768258426966292,0.5703794369645043,0.7751878364787315,0.02479716603816707,0.07969876913976293,0.0006457023060796646,0.12069778406412068,0.8223705458068684,0.4673576928985032,0.2602294491244815,0.6000000000000014,0.22652291259671775
3pjUyVbFmM96tYhSaKJwTt,1.0,0.0,0.0,0.0,0.0,0.0,0.0,0.0,0.0,0.0,0.0,0.0,0.0,1.0,0.0,0.0,1.0,0.0,0.6657303370786516,0.4430844553243575,0.4358989528486066,0.23551594103531026,0.688717080021428,0.001488469601677149,0.08038661008958037,0.21304769081709551,0.2473068009537231,0.5453631893302162,0.8000000000000043,0.19502563168631767
4DTpngLjoHj5gFxEZFeD3J,1.0,0.0,0.0,1.0,0.0,0.0,0.0,0.0,0.0,0.0,0.0,0.0,0.0,0.0,0.0,0.0,1.0,0.0,0.6601123595505618,0.5422276621787026,0.6368100337218243,0.22294594903439607,0.06739223509409843,6.740041928721175e-05,0.11244695898161244,0.5779954785229842,0.6342993007366642,0.40461589241077156,0.8285714285714292,0.12394584832728606
2f8y4CuG57UJEmkG3ujd0D,0.0,1.0,1.0,0.0,0.0,0.0,0.0,0.0,0.0,0.0,0.0,0.0,0.0,0.0,0.0,0.0,1.0,0.0,0.46629213483146065,0.3806609547123623,0.4218186120806956,0.2640841046737516,0.21093399354268919,1.6142557651991616e-05,0.09358793022159359,0.5220152868984821,0.4010311963614263,0.3332793733352114,0.9142857142857181,0.05678612223960057
0rk2IHFiHFnO7t0jvAeHW9,0.0,1.0,0.0,0.0,0.0,0.0,0.0,1.0,0.0,0.0,0.0,0.0,0.0,0.0,0.0,0.0,1.0,0.0,0.848314606741573,0.49204406364749076,0.5767023605277168,0.48463032796251865,0.0178558501539868,0.0,0.10655351249410655,0.7405533426633653,0.6671853815894049,0.1659333012376461,0.9142857142857181,0.05973504373572705
7vWFaMq63AwkFDhS2OAg5u,1.0,0.0,0.0,0.0,0.0,0.0,0.0,0.0,1.0,0.0,0.0,0.0,0.0,0.0,0.0,0.0,1.0,0.0,0.7724719101123594,0.7980416156670745,0.6107199905342247,0.04513769854873729,0.06842639761894419,2.9035639412997908e-06,0.6758604431871758,0.4294326622887286,0.45378650762377354,0.49524346120451324,0.6285714285714263,0.06862263471531586
0FZmAvivvifvtN3pZScbw1,0.0,1.0,0.0,0.0,0.0,0.0,0.0,0.0,0.0,0.0,1.0,0.0,0.0,0.0,0.0,0.0,1.0,0.0,0.33988764044943826,0.736842105263158,0.8602614920428325,0.02822534567478003,0.16543084244947598,0.0,0.10537482319660535,0.47249434815373026,0.5317540356243613,0.6809786801945082,0.7428571428571473,0.31808322515067916
646iHsrMsAeI48Z2qU8WKf,1.0,0.0,0.0,0.0,0.0,0.0,0.0,0.0,0.0,0.0,1.0,0.0,0.0,0.0,0.0,0.0,1.0,0.0,0.31741573033707865,0.9069767441860466,0.9114358397917528,0.3212204319506342,0.10855190358295948,0.0,0.9999999999999999,0.5962966950156099,0.675787589578505,0.397274529549406,0.6571428571428584,0.06709966202841267
6Gul0FnIbrDUjpL58kB9gX,1.0,0.0,0.0,0.0,0.0,0.0,0.0,0.0,1.0,0.0,0.0,0.0,0.0,0.0,0.0,0.0,1.0,0.0,0.8665730337078652,0.6266829865361078,0.5935041116961485,0.312078619586333,0.05891210239036326,2.9350104821802936e-05,0.11951909476661951,0.5058671546991065,0.2670691716367571,0.11337486150851128,0.9142857142857181,0.021353169318362362
5qgFgsrrxOjyPmX5YCuK2E,0.0,1.0,0.0,0.0,0.0,0.0,0.0,0.0,0.0,0.0,1.0,0.0,0.0,0.0,0.0,0.0,1.0,0.0,0.8665730337078652,0.6070991432068544,0.7320002366443825,0.31779225231402125,0.06232483872235425,0.0,0.11716171617161716,0.26579825600172247,0.43383713241923744,0.21204387158081067,0.9714285714285751,0.13666316970816478
4dqkKnzOJ3fWduqKcHi374,1.0,0.0,0.0,0.0,0.0,0.0,0.0,0.0,0.0,0.0,1.0,0.0,0.0,0.0,0.0,0.0,1.0,0.0,0.7036516853932584,0.6780905752753977,0.7801573685144647,0.029025254256656384,0.3226235462260307,0.0,0.08097595473833097,0.5812251049628593,0.6005716995371637,0.2555307246126968,0.8571428571428612,0.08697564041419939
79reBHqpRoWXaQbjBBY3UC,1.0,0.0,0.0,0.0,0.0,0.0,0.0,0.0,0.0,0.0,0.0,1.0,0.0,0.0,0.0,0.0,1.0,0.0,0.8356741573033708,0.5997552019583844,0.792936165177779,0.0961033024797166,0.0763894490602565,0.0,0.21499292786421498,0.413284530089353,0.4204329154672775,0.5021117981083166,0.7714285714285722,0.20018084707375253
098lWpfeAQN2zT0FeE7jhj,1.0,0.0,0.0,0.0,0.0,0.0,0.0,0.0,0.0,0.0,0.0,0.0,0.0,1.0,0.0,0.0,1.0,0.0,0.7387640449438202,0.9118727050183599,0.8247648346447375,0.15895326248428754,0.0570506098456409,0.0,0.11951909476661951,0.5220152868984821,0.2502454434344716,0.23912197972926097,0.7142857142857153,0.06982085913916508
2yQmSLH9Ni6Wif3fR8xHFR,1.0,0.0,0.0,0.0,0.0,0.0,0.0,0.0,0.0,0.0,0.0,0.0,0.0,1.0,0.0,0.0,1.0,0.0,0.6390449438202246,0.4406364749082008,0.49896468082588885,0.368072220317678,0.17473830517308778,1.1320754716981133e-06,0.10183875530410183,0.3799117235439768,0.6540549926867876,0.3276409039210698,0.9428571428571431,0.04906556974848965
72TFWvU3wUYdUuxejTTIzt,0.0,1.0,0.0,0.0,0.0,0.0,0.0,0.0,0.0,0.0,0.0,0.0,0.0,1.0,0.0,0.0,1.0,0.0,0.6446629213483146,0.45654834761321916,0.7030112997692716,0.07736258713289912,0.07773386034255599,0.0,0.0746110325318246,0.5607708041769837,0.21331872917070177,0.30956500532942577,0.8000000000000043,0.7282782252919346
4NVyCPbCkbmMEESIErpRXq,0.0,1.0,0.0,0.0,0.0,1.0,0.0,0.0,0.0,0.0,0.0,0.0,0.0,0.0,0.0,0.0,1.0,0.0,0.603932584269663,0.6450428396572827,0.7761344140093474,0.017140898183064794,0.04660556834469878,0.0,0.3941537010843942,0.2464204973624718,0.4140280106058278,0.2872528964956135,0.6857142857142833,0.06185928404338044
4RY96Asd9IefaL3X4LOLZ8,1.0,0.0,0.0,0.0,0.0,0.0,0.0,0.0,1.0,0.0,0.0,0.0,0.0,0.0,0.0,0.0,1.0,0.0,0.8932584269662922,0.6842105263157895,0.9078270129562799,0.3657867672266027,0.26884709493405146,0.0,0.05457331447430456,0.8266767143933687,0.20052895564653467,0.25521327163673285,0.4285714285714306,0.11605054660993643
1faIb3PPSzEifCHUOJ691R,0.0,1.0,0.0,1.0,0.0,0.0,0.0,0.0,0.0,0.0,0.0,0.0,0.0,0.0,0.0,0.0,1.0,0.0,0.49157303370786515,0.6217870257037944,0.7294563095308524,0.3349331504970861,0.030782881714558733,0.0,0.11598302687411596,0.25610937668209716,0.6279478257385009,0.26077395456007535,0.8857142857142861,0.01740166484996909
1zeTsUJRsWNZcoq4C50QEi,0.0,1.0,0.0,1.0,0.0,0.0,0.0,0.0,0.0,0.0,0.0,0.0,0.0,0.0,0.0,0.0,1.0,0.0,0.9592696629213482,0.34761321909424725,0.6116665680648404,0.35550222831676387,0.3246918712757222,0.0,0.10537482319660535,0.3820648078372269,0.4006037574551356,0.2319740319260986,0.7428571428571473,0.05964425530337688
28JBD8p18xNuOfyV7Cotdn,1.0,0.0,0.0,0.0,0.0,0.0,1.0,0.0,0.0,0.0,0.0,0.0,0.0,0.0,0.0,1.0,0.0,0.0,0.32724719101123595,0.6242350061199511,0.6713009524936401,0.03336761512969947,0.11785936630657128,0.017714884696016772,0.1407355021216407,0.020023683927225748,0.433850489885059,0.5568083151656327,0.9714285714285751,0.7282782252919346
7n2Dqgp4iXd8Zorfj9XSYo,1.0,0.0,1.0,0.0,0.0,0.0,0.0,0.0,0.0,0.0,0.0,0.0,0.0,0.0,0.0,0.0,1.0,0.0,0.9269662921348316,0.8592411260709913,0.8714429391232325,0.2766540966746658,0.02033784021361661,0.0,0.023338048090523332,0.7986866185811176,0.21697867480581584,0.2540359625868002,0.5428571428571445,0.01694044219618515
59dLtGBS26x7kc0rHbaPrq,0.0,1.0,0.0,0.0,0.0,0.0,0.0,0.0,0.0,0.0,0.0,0.0,1.0,0.0,0.0,0.0,1.0,0.0,0.5926966292134832,0.847001223990208,0.7280956043305921,0.025597074620043424,0.39915157306461657,0.0,0.06789250353606788,0.7599311013026161,0.29359042002551267,0.41257954719853007,0.6285714285714263,0.4614489238126466
5274I4mUMnYczyeXkGDWZN,0.0,1.0,0.0,0.0,0.0,0.0,0.0,0.0,0.0,1.0,0.0,0.0,0.0,0.0,0.0,0.0,1.0,0.0,0.5477528089887642,0.4663402692778458,0.6367508726261609,0.33836133013369907,0.050018304676689766,0.0,0.11480433757661479,0.5532350091506083,0.7084599509781004,0.1461439975108323,0.8571428571428612,0.27935376819979313
0wshkEEcJUQU33RSRBb5dv,1.0,0.0,0.0,0.0,0.0,0.0,0.0,1.0,0.0,0.0,0.0,0.0,0.0,0.0,0.0,0.0,1.0,0.0,0.818820224719101,0.3329253365973073,0.5730935336922439,0.3303622443149355,0.04205525323537746,0.0,0.42362093352192365,0.385294434277102,0.5481636823861777,0.1700580875875886,0.9714285714285751,0.7282782252919346
5UekCh9Iii4veZPgdZzo5q,0.0,1.0,0.0,1.0,0.0,0.0,0.0,0.0,0.0,0.0,0.0,0.0,0.0,0.0,0.0,0.0,1.0,0.0,0.7191011235955056,0.40881272949816405,0.7264982547476778,0.1692378013941264,0.08424908424908424,0.0,0.09712399811409711,0.4595758423942298,0.2861703477616227,0.18041420255181734,0.9428571428571431,0.05713700537895988
45ow4VUKJDbbsLhbmjyydt,1.0,0.0,0.0,0.0,0.0,0.0,0.0,0.0,0.0,0.0,1.0,0.0,0.0,0.0,0.0,0.0,1.0,0.0,0.6867977528089888,0.8849449204406366,0.8557060876767437,0.45149125814192664,0.21610480616691796,0.0,0.20792079207920788,0.5284745397782324,0.26706249290384626,0.21719880334944425,0.8571428571428612,6.275505453384629e-05
6dPyzkyZwoj9LqjQXOFdVv,0.0,1.0,0.0,1.0,0.0,0.0,0.0,0.0,0.0,0.0,0.0,0.0,0.0,0.0,0.0,0.0,1.0,0.0,0.8735955056179776,0.44553243574051415,0.7369106075844524,0.31779225231402125,0.02995555169468213,5.953878406708595e-06,0.12776991984912778,0.22166002799009582,0.4938856200201697,0.15077965189494197,0.8857142857142861,0.2002427573822012
4Q34FP1AT7GEl9oLgNtiWj,0.0,1.0,0.0,0.0,0.0,0.0,0.0,1.0,0.0,0.0,0.0,0.0,0.0,0.0,0.0,0.0,1.0,0.0,0.5351123595505618,0.6193390452876377,0.7429450393421285,0.3166495257684836,0.23885638171352458,0.0,0.12305516265912306,0.7179459575842394,0.7483253077226188,0.2559953412199024,0.9142857142857181,0.7282782252919346
1eL8wZKx7CVJVbZG12becL,0.0,1.0,0.0,0.0,0.0,0.0,0.0,0.0,0.0,1.0,0.0,0.0,0.0,0.0,0.0,0.0,1.0,0.0,0.726123595505618,0.6132190942472461,0.7097556646749097,0.01668380756484974,0.13026931660472033,0.0,0.08533710513908535,0.5230918290451072,0.2467992172525028,0.2402992887791936,0.7428571428571473,0.09643701428624128
71sCy1XpXl9rxTEu4XIPcR,0.0,1.0,1.0,0.0,0.0,0.0,0.0,0.0,0.0,0.0,0.0,0.0,0.0,0.0,0.0,0.0,1.0,0.0,0.8174157303370786,0.36230110159118734,0.4734662485949238,0.3040795337675694,0.1581917047755557,0.0,0.10183875530410183,0.2044353536440952,0.2670424567051139,0.2598005722562918,0.9428571428571431,0.06760439345994446
6lbhWl34Il0WXm5pX1fM9E,1.0,0.0,0.0,0.0,0.0,0.0,0.0,1.0,0.0,0.0,0.0,0.0,0.0,0.0,0.0,0.0,1.0,0.0,0.7191011235955056,0.412484700122399,0.6670413536058686,0.03348188778425323,0.26471044483466843,0.0,0.314002828854314,0.4595758423942298,0.2468526471157892,0.33431582576666996,0.7428571428571473,0.04019126827947795
6x3gud5JkOSGYJpRUYN1Gg,0.0,1.0,0.0,1.0,0.0,0.0,0.0,0.0,0.0,0.0,0.0,0.0,0.0,0.0,0.0,0.0,1.0,0.0,0.646067415730337,0.4247246022031824,0.6182926107791515,0.06856359273225918,0.0012472000049639801,0.0,0.2067421027817067,0.14630207772634296,0.6007186316612012,0.30261257492205584,0.9714285714285751,0.06208143484633685
77N3t8CNrUQV2f2SLQzs9Q,0.0,1.0,0.0,0.0,0.0,0.0,1.0,0.0,0.0,0.0,0.0,0.0,0.0,0.0,0.0,0.0,1.0,0.0,0.7176966292134832,0.7233782129742962,0.7292196651481984,0.22408867557993373,0.09272921695281944,0.0,0.09712399811409711,0.4455807944881043,0.21359255722004417,0.28738744610132005,0.9142857142857181,0.0007328302919745533
788NX6uCNEVuZW8x5BkQqM,0.0,1.0,0.0,0.0,0.0,0.0,0.0,0.0,0.0,0.0,1.0,0.0,0.0,0.0,0.0,0.0,1.0,0.0,0.818820224719101,0.38555691554467564,0.5718511506833105,0.17723688721288997,0.030058967947166705,0.0,0.03571428571428572,0.4789536010334805,0.5003773484094598,0.2691538721904886,0.7714285714285722,0.08771760615610538
69Nny8cf8UCN6ZQgAJbbSz,1.0,0.0,0.0,0.0,0.0,0.0,1.0,0.0,0.0,0.0,0.0,0.0,0.0,0.0,0.0,0.0,1.0,0.0,0.675561797752809,0.390452876376989,0.2565225107968998,0.3349331504970861,0.5935741277356185,0.0,0.17963224893917962,0.6339756701474863,0.13334758129687635,0.14431706614584755,0.9142857142857181,8.054697465772195e-05
44gRhRi2OhEf7moAUj6MD1,0.0,1.0,0.0,1.0,0.0,0.0,0.0,0.0,0.0,0.0,0.0,0.0,0.0,0.0,0.0,1.0,0.0,0.0,0.45505617977528084,0.5593635250917993,0.7315269478790746,0.35093132213461325,0.013098702539696328,0.0,0.2538896746817539,0.12477123479384218,0.24327284627560458,0.37980200184585244,0.9142857142857181,0.14252775408908486
5ihDGnhQgMA0F0tk9fNLlA,0.0,1.0,0.0,0.0,1.0,0.0,0.0,0.0,0.0,0.0,0.0,0.0,0.0,0.0,0.0,0.0,1.0,0.0,0.8356741573033708,0.3512851897184822,0.5836242087203454,0.0961033024797166,0.007834815288231437,0.0004276729559748428,0.0726072607260726,0.012487888900850466,0.4340374944065612,0.4060475843089931,0.7714285714285722,0.13666316970816478
4o1zYFH5QWKu3E4MiC6lgE,0.0,1.0,0.0,0.0,0.0,0.0,0.0,0.0,0.0,0.0,0.0,1.0,0.0,0.0,0.0,0.0,1.0,0.0,0.20646067415730335,0.9388004895960833,0.8548778323374548,0.33607587704262376,0.10958606610780523,0.0,0.3564356435643565,0.4649585531273549,0.15473956281014362,0.44129747866652935,0.8000000000000043,0.23101191941951416
4MzXwWMhyBbmu6hOcLVD49,1.0,0.0,0.0,0.0,0.0,0.0,1.0,0.0,0.0,0.0,0.0,0.0,0.0,0.0,0.0,0.0,1.0,0.0,0.6530898876404494,0.5042839657282742,0.47695675323906994,0.031424980002285455,0.4146640109373029,5.4716981132075475e-05,0.09948137670909948,0.11615889762084185,0.33322869985106424,0.27964874143560225,0.9142857142857181,0.6811668754611921
5gFoAVTN9YlM9uJCrFZtgl,0.0,1.0,0.0,0.0,0.0,0.0,0.0,0.0,0.0,1.0,0.0,0.0,0.0,0.0,0.0,0.0,1.0,0.0,0.47752808988764045,0.762545899632803,0.6997574395077796,0.27551137012912813,0.4498255367820585,0.0,0.7784064120697783,0.4768005167402304,0.13992613321400665,0.4341348145002428,0.7142857142857153,0.19502563168631767
2UjjRu3TgxDcOg3UQbqdkc,0.0,1.0,0.0,0.0,0.0,0.0,0.0,0.0,0.0,0.0,0.0,0.0,1.0,0.0,0.0,0.0,1.0,0.0,0.5814606741573034,0.49449204406364744,0.6263385197893864,0.014055536510113133,0.0625316712273234,0.0,0.37175860443187175,0.5101733232856067,0.2673496784190103,0.18474501798549808,0.8571428571428612,8.325538736380384e-06
7jr6fz888xjUlsAD2tZzKR,0.0,1.0,0.0,1.0,0.0,0.0,0.0,0.0,0.0,0.0,0.0,0.0,0.0,0.0,0.0,0.0,1.0,0.0,0.8525280898876404,0.5226438188494492,0.64639413121931,0.28693863558450466,0.13026931660472033,0.0,0.07555398396982554,0.7427064269566154,0.5812701614249745,0.1849741727827171,1.0,0.06760439345994446
0Fs9cdPDhptWEDJmiCbkEW,0.0,1.0,0.0,1.0,0.0,0.0,0.0,0.0,0.0,0.0,0.0,0.0,0.0,0.0,0.0,0.0,1.0,0.0,0.702247191011236,0.7086903304773562,0.4589717801573684,0.06147868814992572,0.01992417520367831,0.08218029350104822,0.23620933521923623,0.15706749919259338,0.38719286177026485,0.47186546721299416,0.7142857142857153,0.19502563168631767
3vUDNDbhYkfidboErlk7cx,1.0,0.0,0.0,0.0,0.0,0.0,0.0,1.0,0.0,0.0,0.0,0.0,0.0,0.0,0.0,0.0,1.0,0.0,0.7752808988764044,0.572827417380661,0.7427083949594746,0.033938978402468296,0.02468132281796878,1.970649895178197e-06,0.6911834040546911,0.5500053827107332,0.40738267135958967,0.23787739587647505,1.0,0.6811668754611921
4sWuPniHClkInYAnzXAYUF,0.0,1.0,0.0,0.0,0.0,0.0,0.0,0.0,0.0,1.0,0.0,0.0,0.0,0.0,0.0,0.0,1.0,0.0,0.731741573033708,0.675642594859241,0.7613441400934744,0.427494000685636,0.08776523683355981,0.0,0.8114097123998113,0.7793088599418668,0.7681344295360284,0.16122196270032646,0.8857142857142861,0.06445226263235909
2JvzF1RMd7lE3KmFlsyZD8,0.0,1.0,0.0,0.0,0.0,0.0,0.0,0.0,0.0,0.0,1.0,0.0,0.0,0.0,0.0,0.0,1.0,0.0,0.8019662921348314,0.24847001223990203,0.3791043010116547,0.28465318249342936,0.15405505467617267,0.0,0.28571428571428575,0.45849930024760477,0.4271049696451588,0.29752702029386474,0.8857142857142861,0.19502563168631767
7dPlBx9UtMjDlZkWmAdZfR,1.0,0.0,0.0,0.0,0.0,0.0,0.0,0.0,0.0,0.0,0.0,0.0,0.0,1.0,0.0,0.0,1.0,0.0,0.973314606741573,0.583843329253366,0.6440868484884339,0.2972231744943435,0.8521147589470571,0.0,0.3965110796793965,0.7491656798363656,0.40058372125640324,0.29417168950155675,0.8285714285714292,0.00017656934924697938
0hdiDzQu1FsfaYM1NIL8ma,0.0,1.0,0.0,0.0,0.0,0.0,0.0,1.0,0.0,0.0,0.0,0.0,0.0,0.0,0.0,0.0,1.0,0.0,0.7935393258426966,0.7613219094247247,0.6745548127551321,0.029482344874871447,0.08166367793696985,1.331236897274633e-06,0.37883074021687885,0.7900742814081172,0.5343787776583027,0.30771494825096024,0.7142857142857153,0.09643701428624128
6NwhtCYkfwWlcR62Ac4E7y,0.0,1.0,0.0,0.0,0.0,0.0,0.0,0.0,0.0,0.0,1.0,0.0,0.0,0.0,0.0,0.0,1.0,0.0,0.41573033707865176,0.46878824969400246,0.7724072649825473,0.39092675122843107,0.5542759517914798,0.0,0.16666666666666669,0.20874152223059533,0.664420386164337,0.6369620380901524,0.6000000000000014,0.7282782252919346
5cgEadiGKjtTP1Q6NJqVP5,1.0,0.0,0.0,0.0,0.0,0.0,0.0,0.0,0.0,1.0,0.0,0.0,0.0,0.0,0.0,0.0,1.0,0.0,0.50561797752809,0.44675642594859244,0.828787789149855,0.020911895783339046,0.05012172092917435,0.006572327044025158,0.09240924092409239,0.1430724512864679,0.453773150157952,0.21983723702384678,0.8000000000000043,0.22819780023939232
0EHR9OObFtjlhQB8wSt1m7,0.0,1.0,0.0,0.0,0.0,0.0,0.0,0.0,1.0,0.0,0.0,0.0,0.0,0.0,0.0,0.0,0.0,1.0,0.9185393258426966,0.4798041615667076,0.7722297816955569,0.18752142612272885,0.24402719433775333,0.0,0.0566949552098067,0.9795456992141243,0.3472139665662631,0.4516556959683472,0.5714285714285694,0.12394584832728606
5bm0CcD5R9Nj04QbMvwugt,0.0,1.0,0.0,0.0,0.0,0.0,0.0,0.0,0.0,0.0,1.0,0.0,0.0,0.0,0.0,0.0,1.0,0.0,0.7415730337078652,0.4418604651162791,0.6088859965686564,0.15095417666552396,0.033885369289096,0.0,0.15016501650165015,0.5704596834966089,0.17554381582726125,0.21456667668780915,0.7142857142857153,0.7282782252919346
35Xf2ABjPzUXKz19akd7Jj,1.0,0.0,0.0,0.0,0.0,0.0,1.0,0.0,0.0,0.0,0.0,0.0,0.0,0.0,0.0,0.0,1.0,0.0,0.6544943820224718,0.5703794369645043,0.7352540969058746,0.15323962975659927,0.3577850720707863,0.0,0.27392739273927397,0.31747227903972447,0.14323878473775947,0.1332629751020159,0.8857142857142861,0.06445226263235909
6Hmc5Afutf4hcrjnBYNidS,0.0,1.0,0.0,0.0,0.0,0.0,0.0,0.0,0.0,0.0,0.0,1.0,0.0,0.0,0.0,0.0,1.0,0.0,0.931179775280899,0.6022031823745411,0.800272141040052,0.27551137012912813,0.0016815482653991971,8.081761006289309e-06,0.6558227251296558,0.5252449133383573,0.5345056735836076,0.11729361877471561,0.8571428571428612,0.017353435944611268
0J1YRLYhTG1MBosjidD7OI,1.0,0.0,0.0,0.0,0.0,0.0,0.0,0.0,0.0,1.0,0.0,0.0,0.0,0.0,0.0,0.0,1.0,0.0,0.6839887640449438,0.6217870257037944,0.7813405904277346,0.08810421666095303,0.03905618191332477,0.0,0.11008958038661007,0.5887608999892346,0.5404029947438371,0.3687437061268424,1.0,0.1412003357665388
7HuBQSNWUaYsPw5VYmoWtx,0.0,1.0,0.0,0.0,1.0,0.0,0.0,0.0,0.0,0.0,0.0,0.0,0.0,0.0,0.0,0.0,1.0,0.0,0.7907303370786516,0.35985312117503065,0.4874874282671714,0.19666323848703007,0.017235352639079347,4.0461215932914056e-06,0.10655351249410655,0.13230702982021747,0.2503122307635795,0.14653503230241705,0.9428571428571431,0.0009718498904669132
7dDJKoR11canMaT2YyyhSC,0.0,1.0,0.0,0.0,0.0,0.0,0.0,0.0,1.0,0.0,0.0,0.0,0.0,0.0,0.0,0.0,1.0,0.0,0.702247191011236,0.9057527539779682,0.7958942199609536,0.09724602902525425,0.07866460661491717,0.0,0.37647336162187645,0.839595220152869,0.4535594307048066,0.29397827444335356,0.6857142857142833,2.2555591346469873e-06
3KRsRqcimXCJ6uzVm6iPSx,0.0,1.0,0.0,0.0,0.0,0.0,0.0,0.0,0.0,0.0,0.0,1.0,0.0,0.0,0.0,0.0,1.0,0.0,0.6264044943820224,0.7307221542227662,0.7860143169851505,0.2663695577648269,0.3546825844962491,0.0,0.13248467703913247,0.9321778447626226,0.5342051306026221,0.4077021239916663,0.6571428571428584,0.7282782252919346
2QLWLAqMMJuiBRztcBFgvM,0.0,1.0,0.0,0.0,0.0,0.0,1.0,0.0,0.0,0.0,0.0,0.0,0.0,0.0,0.0,1.0,0.0,0.0,0.20646067415730335,0.8004895960832312,0.8289652724368455,0.39892583704719464,0.018476347668894253,0.0,0.5344177274870343,0.6587361395198623,0.08465293964429071,0.36302114320913426,0.6285714285714263,0.12394584832728606
03tqyYWC9Um2ZqU0ZN849H,0.0,1.0,0.0,1.0,0.0,0.0,0.0,0.0,0.0,0.0,0.0,0.0,0.0,0.0,0.0,0.0,1.0,0.0,0.6938202247191012,0.5312117503059975,0.6954386795243447,0.013941263855559369,0.00559068260931615,0.0,0.25035360678925034,0.3486920012918506,0.47728229000394046,0.40302021818059497,0.6285714285714263,0.03614129428546516
11BIoKDpTJHX5mZt6p566h,1.0,0.0,0.0,1.0,0.0,0.0,0.0,0.0,0.0,0.0,0.0,0.0,0.0,0.0,0.0,0.0,1.0,0.0,0.36516853932584276,0.6046511627906977,0.8231083239661597,0.341789509770312,0.058498437380424956,0.0,0.103017444601603,0.1280008612337173,0.4080238297190257,0.4102501571497348,0.7714285714285722,0.13666316970816478
1BpKJw4RZxaFB88NE5uxXf,1.0,0.0,0.0,0.0,0.0,0.0,1.0,0.0,0.0,0.0,0.0,0.0,0.0,0.0,0.0,0.0,1.0,0.0,0.5870786516853934,0.6511627906976744,0.6785777672602495,0.007999085818763574,0.005487266356831575,0.0,0.5627062706270627,0.07632683819571537,0.5005977465955158,0.132552384996878,0.9142857142857181,0.08398024046594313
4Jo9NBrz648AhHLtwSsNx4,0.0,1.0,0.0,0.0,0.0,0.0,1.0,0.0,0.0,0.0,0.0,0.0,0.0,0.0,0.0,0.0,1.0,0.0,0.8075842696629214,0.4614443084455325,0.6363367449565165,0.15895326248428754,0.03295462301673482,0.0,0.40476190476190477,0.28302293034772313,0.2501586199066313,0.11692781203420083,0.9428571428571431,0.0832090743774021
5QrT8pNtw1UnjqFuSUsenv,0.0,1.0,0.0,0.0,0.0,0.0,0.0,0.0,1.0,0.0,0.0,0.0,0.0,0.0,0.0,0.0,1.0,0.0,0.9199438202247192,0.25948592411260707,0.390936520144353,0.34407496286138733,0.21920729374145523,0.0,0.09005186232909004,0.1527613306060932,0.4404423992680108,0.30126707886499,0.8000000000000043,0.20018084707375253
5UsLjwBaTHBX4ektWIr4XX,1.0,0.0,0.0,0.0,0.0,0.0,0.0,1.0,0.0,0.0,0.0,0.0,0.0,0.0,0.0,0.0,0.0,1.0,0.26825842696629215,0.9118727050183599,0.9372892385966987,0.3600731344989145,0.2574713071607481,0.0,0.1808109382366808,0.5413930455377329,0.29377074581410406,0.6005011972812571,0.6000000000000014,0.7282782252919346
46IdjlVO3EmaMqooXZ1Hcu,0.0,1.0,0.0,0.0,0.0,0.0,0.0,0.0,1.0,0.0,0.0,0.0,0.0,0.0,0.0,0.0,1.0,0.0,0.9227528089887642,0.5361077111383109,0.7828787789149854,0.24122957376299853,0.07235621521335807,1.289308176100629e-06,0.07838283828382839,0.678113898159113,0.5208743797126809,0.23055705639100116,0.8000000000000043,0.0032728598479854166
2onCHFrhTinyUc6OawwU4Z,1.0,0.0,0.0,0.0,0.0,0.0,0.0,0.0,1.0,0.0,0.0,0.0,0.0,0.0,0.0,0.0,1.0,0.0,0.6910112359550562,0.3929008567931457,0.40933562089569886,0.16123871557536285,0.15302089215132691,7.2117400419287214e-06,0.1254125412541254,0.06523845408547745,0.3463724462195032,0.3533777206876325,0.7714285714285722,0.13666316970816478
6MSyik7EzWsHQjTOPLFBrr,0.0,1.0,0.0,0.0,0.0,0.0,0.0,0.0,0.0,0.0,0.0,0.0,0.0,1.0,1.0,0.0,0.0,0.0,0.28511235955056174,0.5532435740514076,0.6841980713482813,0.3520740486801509,0.07721677908013311,0.0,0.20792079207920788,0.10539347615459148,0.0828162880938228,0.3425611937913766,0.9428571428571431,0.14252775408908486
16bHRxM89ue0TiCKARYbRp,0.0,1.0,0.0,1.0,0.0,0.0,0.0,0.0,0.0,0.0,0.0,0.0,0.0,0.0,0.0,0.0,1.0,0.0,0.582865168539326,0.5471236230110159,0.711589658640478,0.20580505085133127,0.04929439090929774,0.0,0.23149457802923148,0.2421143287759716,0.253123977319023,0.27054561967451607,0.7714285714285722,0.06795072193742184
2NyrXRn4tancYPW6JwtTl2,1.0,0.0,0.0,0.0,0.0,0.0,0.0,0.0,0.0,0.0,0.0,0.0,1.0,0.0,0.0,0.0,1.0,0.0,0.821629213483146,0.5679314565483476,0.7515825593089983,0.31550679922294594,0.20162653081907742,0.0,0.27982083922677986,0.679190440305738,0.2606509093094858,0.18208766327279302,0.8285714285714292,0.0832090743774021
4a17WC0Cf5hSKFD6ts57mk,0.0,1.0,0.0,0.0,0.0,0.0,0.0,0.0,1.0,0.0,0.0,0.0,0.0,0.0,0.0,0.0,1.0,0.0,0.7191011235955056,0.9253365973072216,0.760338401467195,0.21380413667009485,0.09986493837425514,0.0,0.10655351249410655,0.34546237485197545,0.26672187752539583,0.19450827374958213,0.7714285714285722,0.0031961969635750016
4nNw167LUp6j2VvuJdbtv8,0.0,1.0,0.0,1.0,0.0,0.0,0.0,0.0,0.0,0.0,0.0,0.0,0.0,0.0,0.0,0.0,1.0,0.0,0.7345505617977528,0.5483476132190942,0.7189256345027508,0.16809507484858874,0.045364573314883874,0.0,0.17609618104667607,0.04790612552481431,0.5073633030341482,0.2109254279833747,0.9428571428571431,0.14252775408908486
49vZduMPCMnDDrl1WBxUDk,0.0,1.0,0.0,0.0,1.0,0.0,0.0,0.0,0.0,0.0,0.0,0.0,0.0,0.0,0.0,1.0,0.0,0.0,0.36657303370786526,0.33537331701346385,0.5772939714843518,0.11667238029939436,0.030472632957105006,0.0,0.25271098538425274,0.04413822801162666,0.28494146090603684,0.3190949016211125,0.8000000000000043,0.8313186893957821
6HnydhDiw4UoQy6H8Cj2QF,1.0,0.0,0.0,0.0,0.0,0.0,0.0,1.0,0.0,0.0,0.0,0.0,0.0,0.0,0.0,0.0,1.0,0.0,0.669943820224719,0.4381884944920441,0.4939951487901554,0.3520740486801509,0.10648357853326797,0.0,0.41654879773691655,0.6673484766928626,0.5807225053262894,0.12423974216931805,0.9714285714285751,0.008439823302110008
1YNC4CuWPLfmJ7V0xgSObY,0.0,1.0,0.0,0.0,0.0,0.0,1.0,0.0,0.0,0.0,0.0,0.0,0.0,0.0,0.0,0.0,1.0,0.0,0.9339887640449438,0.36107711138310894,0.7049044548305033,0.36692949377214035,0.1581917047755557,0.0,0.074021687883074,0.5220152868984821,0.2605640857816455,0.24593355351815682,0.6000000000000014,0.0035748522190748124
3avYqdwHKEq8beXbeWCKqJ,1.0,0.0,0.0,0.0,0.0,1.0,0.0,0.0,0.0,0.0,0.0,0.0,0.0,0.0,0.0,0.0,1.0,0.0,0.5421348314606742,0.7968176254589964,0.8474235342838548,0.01599817163752714,0.0012575416302124376,3.1551362683438156e-05,0.7524752475247525,0.7351706319302401,0.44072290605026404,0.3335589842345704,0.6285714285714263,0.27174188314838155
1SRw5p2lVAi7RGlHEmZg66,0.0,1.0,0.0,0.0,1.0,0.0,0.0,0.0,0.0,0.0,0.0,0.0,0.0,0.0,0.0,0.0,1.0,0.0,0.7724719101123594,0.252141982864137,0.5186653256818315,0.03645297680265113,0.3246918712757222,0.0,0.08262611975483261,0.4046721929163527,0.374015721737272,0.28709101650124774,1.0,0.01367730999126306
4sjiIpEv617LDXaidKioOI,1.0,0.0,1.0,0.0,0.0,0.0,0.0,0.0,0.0,0.0,0.0,0.0,0.0,0.0,0.0,0.0,1.0,0.0,0.9353932584269664,0.47246022031823753,0.611370762586523,0.3497885955890756,0.04009034443817053,0.0,0.0752003771805752,0.708257078264614,0.2335152174929373,0.21983723702384678,0.8857142857142861,0.08697564041419939
3oHiR89Y8gn6xt3YGAAzFj,0.0,1.0,0.0,0.0,0.0,0.0,0.0,0.0,0.0,0.0,0.0,0.0,1.0,0.0,0.0,0.0,1.0,0.0,0.705056179775281,0.5801713586291309,0.7806898183754363,0.14066963775568506,0.02985213544219755,0.0,0.33404054691183405,0.649047260200237,0.6742715172077554,0.30059433083645704,0.9142857142857181,0.10062832213815441
7mobUfp1aL8A6CdugCMWft,1.0,0.0,0.0,0.0,0.0,0.0,0.0,1.0,0.0,0.0,0.0,0.0,0.0,0.0,0.0,0.0,1.0,0.0,0.595505617977528,0.9449204406364751,0.888717979056972,0.06433550451376985,0.02602573410026826,2.6310272536687632e-05,0.5473833097595473,0.5230918290451072,0.40041007420072255,0.2437197920367657,1.0,0.1412003357665388
6RiMRVxOiEYd4QSu1cxrls,0.0,1.0,0.0,1.0,0.0,0.0,0.0,0.0,0.0,0.0,0.0,0.0,0.0,0.0,0.0,0.0,1.0,0.0,0.9269662921348316,0.34638922888616897,0.5381884872507838,0.259513198491601,0.2130023185923807,0.0,0.11244695898161244,0.3788351813973518,0.5346392482418236,0.3458660684815446,0.8571428571428612,0.14252775408908486
6JFLZH9vCzgqnUToBdiHQb,0.0,1.0,0.0,0.0,0.0,0.0,1.0,0.0,0.0,0.0,0.0,0.0,0.0,0.0,0.0,0.0,1.0,0.0,0.6657303370786516,0.5055079559363524,0.6615985328048275,0.2492286595817621,0.42500563618576037,0.0,0.2751060820367751,0.31531919474647435,0.5992693466195593,0.14437803393593335,0.6571428571428584,0.20018084707375253
7yNK27ZTpHew0c55VvIJgm,0.0,1.0,0.0,0.0,0.0,0.0,0.0,1.0,0.0,0.0,0.0,0.0,0.0,0.0,0.0,0.0,1.0,0.0,0.46769662921348315,0.5214198286413708,0.7218836892859255,0.01759798880127985,0.28332537028189203,0.0,0.16313059877416314,0.3616105070513511,0.18676408711739206,0.43878938992265504,0.6285714285714263,0.20018084707375253
2c7sRekhMGlj7u1WIIzoQu,0.0,1.0,0.0,1.0,0.0,0.0,0.0,0.0,0.0,0.0,0.0,0.0,0.0,0.0,0.0,0.0,1.0,0.0,0.38202247191011246,0.6217870257037944,0.7780275690705791,0.028453890983887557,0.004484128707731192,1.079664570230608e-05,0.47312588401697314,0.0019377758639250661,0.5451515738434103,0.1646761033593252,1.0,0.00894667095321601
3ZAMtgYJFoHwJjFkhkXqKr,1.0,0.0,0.0,0.0,0.0,0.0,0.0,0.0,0.0,0.0,0.0,0.0,0.0,1.0,0.0,0.0,1.0,0.0,0.731741573033708,0.6964504283965728,0.6704726971543511,0.36921494686321565,0.028507724159898072,0.0016457023060796646,0.06388495992456389,0.7556249327161159,0.6664774359008607,0.31161057980368373,0.6571428571428584,0.265582221122059
54iyLNmcnLWNdCqX5pdtuL,1.0,0.0,0.0,0.0,0.0,0.0,0.0,0.0,0.0,0.0,0.0,0.0,1.0,0.0,0.0,0.0,1.0,0.0,0.6095505617977528,0.7527539779681763,0.8609714251907944,0.29836590103988114,0.2616079572601312,0.0,0.06718528995756717,0.7620841855958661,0.1930754897180907,0.16660815160376824,1.0,0.06760439345994446
6V20oVETqPBJ4suIEoEkIY,1.0,0.0,0.0,0.0,0.0,0.0,0.0,0.0,0.0,0.0,1.0,0.0,0.0,0.0,0.0,0.0,1.0,0.0,0.8117977528089888,0.587515299877601,0.7825829734366679,0.38407039195520515,0.01444311382199581,3.427672955974843e-06,0.3069306930693069,0.1893637635913446,0.647129146658296,0.2583941084091401,0.8857142857142861,0.05973504373572705
4PklAHGXT5ityno3IA8SKd,0.0,1.0,0.0,1.0,0.0,0.0,0.0,0.0,0.0,0.0,0.0,0.0,0.0,0.0,0.0,0.0,1.0,0.0,0.9185393258426966,0.8225214198286412,0.8839259303082292,0.25837047194606333,0.02861114041238265,0.0,0.03653936822253654,0.6544299709333621,0.5409773657741652,0.19689232457569572,0.9142857142857181,0.09281698992341585
475jSz0H6U3duJyNiDS0tT,1.0,0.0,0.0,0.0,0.0,0.0,0.0,0.0,1.0,0.0,0.0,0.0,0.0,0.0,0.0,0.0,1.0,0.0,0.5912921348314608,0.5397796817625459,0.7759569307223568,0.04468060793052223,0.1426792669028694,0.0,0.20556341348420556,0.2927118096673485,0.12324265840284782,0.2836915366195673,0.8571428571428612,0.08398024046594313
3HNWVQHXpW70ubsDhvnegu,0.0,1.0,0.0,1.0,0.0,0.0,0.0,0.0,0.0,0.0,0.0,0.0,0.0,0.0,0.0,1.0,0.0,0.0,0.45505617977528084,0.5593635250917993,0.7315269478790746,0.35093132213461325,0.013098702539696328,0.0,0.2538896746817539,0.12477123479384218,0.24327284627560458,0.37980200184585244,0.9142857142857181,0.14252775408908486
1ACZpHI5vZ5Ea4xGlkdGWM,0.0,1.0,0.0,0.0,0.0,0.0,0.0,0.0,0.0,0.0,0.0,1.0,0.0,0.0,0.0,0.0,1.0,0.0,0.928370786516854,0.252141982864137,0.6107791516298882,0.40578219632042056,0.3360676590490255,0.0,0.12187647336162188,0.5801485628162343,0.26059747944619943,0.539449313691894,0.37142857142857366,0.0038327436192844696
5LTdRSQOg63EazLbKZbWn2,0.0,1.0,0.0,0.0,1.0,0.0,0.0,0.0,0.0,0.0,0.0,0.0,0.0,0.0,0.0,0.0,1.0,0.0,0.925561797752809,0.9094247246022031,0.8731586108974737,0.19894869157810538,0.008051989418449047,0.0,0.09476661951909476,0.7760792335019917,0.3004494787248963,0.21074252461311732,0.8857142857142861,0.06264556847422938
5Qy6a5KzM4XlRxsNcGYhgH,0.0,1.0,0.0,0.0,1.0,0.0,0.0,0.0,0.0,0.0,0.0,0.0,0.0,0.0,0.0,0.0,1.0,0.0,0.13764044943820225,0.7233782129742962,0.7508726261610363,0.3166495257684836,0.0006887522415472726,0.0,0.34111268269684114,0.6124448272149855,0.12746361760246844,0.3710941195515294,0.6571428571428584,0.12394584832728606
6qUabsNxudatEFedWGHoDh,1.0,0.0,0.0,0.0,0.0,0.0,0.0,0.0,0.0,0.0,1.0,0.0,0.0,0.0,0.0,0.0,1.0,0.0,0.8328651685393258,0.7454100367197063,0.7550730639531443,0.3635013141355274,0.0057561486132914706,0.0,0.05245167373880245,0.3346969533857251,0.6344195179290586,0.2844925272410393,0.9142857142857181,0.22819780023939232
15kwOUhZh4wLBhXALRdH2j,1.0,0.0,0.0,0.0,0.0,0.0,0.0,0.0,0.0,0.0,0.0,0.0,0.0,1.0,0.0,0.0,1.0,0.0,0.6235955056179776,0.6952264381884945,0.6573389339170561,0.2195177693977831,0.04443382704252269,6.163522012578617e-05,0.23031588873173028,0.5521584670039833,0.7070440596010126,0.4625037579284407,0.6571428571428584,0.20018084707375253
3GMkpfmfY5Z291hAlS3xqg,0.0,1.0,0.0,0.0,1.0,0.0,0.0,0.0,0.0,0.0,0.0,0.0,0.0,0.0,0.0,0.0,1.0,0.0,0.5617977528089888,0.4516523867809058,0.6278175471809737,0.2343732144897726,0.1488842420519439,0.0,0.1254125412541254,0.17752179997846917,0.66756606936532,0.12783894412196922,1.0,0.0832090743774021
0tISnxqgVmxqhVghsTi2Rr,0.0,1.0,0.0,0.0,0.0,0.0,0.0,0.0,0.0,0.0,0.0,1.0,0.0,0.0,0.0,0.0,1.0,0.0,0.9269662921348316,0.43574051407588743,0.6701177305803703,0.17952234030396527,0.0022193127783189897,0.0,0.07355021216407354,0.26579825600172247,0.48110920396182427,0.26421127651836074,0.8000000000000043,0.08147606472057838
0VYhxVxH9ijmdHUKsON9Bk,0.0,1.0,0.0,1.0,0.0,0.0,0.0,0.0,0.0,0.0,0.0,0.0,0.0,0.0,0.0,0.0,1.0,0.0,0.675561797752809,0.4798041615667076,0.6405371827486244,0.10295966175294252,0.29056450795581235,0.0,0.1041961338991042,0.2421143287759716,0.5466810036799818,0.2500961819447043,0.8000000000000043,0.14356000767900318
27a1mYSG5tYg7dmEjWBcmL,1.0,0.0,0.0,0.0,0.0,0.0,0.0,0.0,0.0,0.0,0.0,0.0,1.0,0.0,0.0,0.0,1.0,0.0,0.6123595505617978,0.6695226438188494,0.7545997751878364,0.03176779796594675,0.20783150596815195,0.0,0.10537482319660535,0.7276348369038648,0.5873678445725277,0.2656009216647991,0.8571428571428612,0.22819780023939232
4356Typ82hUiFAynbLYbPn,1.0,0.0,0.0,0.0,0.0,0.0,0.0,0.0,0.0,1.0,0.0,0.0,0.0,0.0,0.0,0.0,1.0,0.0,0.5575842696629214,0.8567931456548348,0.871028811453588,0.0938178493886413,0.03491953181394175,0.0,0.06294200848656295,0.6641188502529874,0.4002497846108635,0.31267646496139057,0.6285714285714263,0.09445523997041681
5xwpXWWkfJRqg1S27oVxh4,0.0,1.0,0.0,0.0,0.0,0.0,0.0,0.0,0.0,0.0,1.0,0.0,0.0,0.0,0.0,0.0,1.0,0.0,0.75,0.3880048959608323,0.6062237472637992,0.1760941606673523,0.44155223658329246,0.0,0.12423385195662423,0.6996447410916139,0.5070694387860735,0.3945835374352743,0.7714285714285722,0.027336636470506638
6ulEymrJ2Azx1uo3YHSE5w,0.0,1.0,0.0,0.0,1.0,0.0,0.0,0.0,0.0,0.0,0.0,0.0,0.0,0.0,0.0,0.0,1.0,0.0,0.8370786516853932,0.5630354957160343,0.632905401408034,0.2926522683121929,0.39191243539069626,0.0,0.45544554455445546,0.2173538594035957,0.42775280673750576,0.2064411419056849,1.0,0.001860627276743102
0n0HybfiBU3YDQNVtWugtm,0.0,1.0,0.0,0.0,0.0,0.0,0.0,1.0,0.0,0.0,0.0,0.0,0.0,0.0,0.0,0.0,1.0,0.0,0.6165730337078652,0.8714810281517749,0.9944980181032952,0.026854073820134848,0.05136271595898925,0.0,0.36940122583686946,0.626439875121111,0.5472486959773992,0.3474638450493103,0.6857142857142833,0.20018084707375253
3dhjNA0jGA8vHBQ1VdD6vV,1.0,0.0,1.0,0.0,0.0,0.0,0.0,0.0,0.0,0.0,0.0,0.0,0.0,0.0,0.0,0.0,1.0,0.0,0.7120786516853932,0.8053855569155446,0.7202863397030113,0.10410238829848018,0.44258639910813824,0.0,0.04632248939179632,0.5898374421358596,0.22008428560933418,0.4144022738883364,0.8000000000000043,0.6728145922379295
1BHquBolJN628btHI6X0vq,1.0,0.0,0.0,0.0,0.0,0.0,0.0,0.0,0.0,0.0,0.0,0.0,0.0,1.0,0.0,0.0,1.0,0.0,0.9648876404494382,0.2925336597307222,0.6009584097497485,0.1932350588504171,0.40845903578822834,0.0026624737945492665,0.07743988684582742,0.2388847023360965,0.4008775855044781,0.26568711750595486,0.8000000000000043,0.03776621127827639
1DypGkTryeH4cPFBVucxo4,0.0,1.0,0.0,0.0,0.0,0.0,0.0,0.0,0.0,0.0,0.0,0.0,1.0,0.0,0.0,0.0,1.0,0.0,0.6067415730337078,0.6499388004895961,0.7348991303318937,0.2743686435835905,0.004256612952265126,0.0,0.1749174917491749,0.20766498008397033,0.5808160075870406,0.25257694029991945,1.0,0.14356000767900318
7y6c07pgjZvtHI9kuMVqk1,1.0,0.0,0.0,0.0,0.0,0.0,0.0,1.0,0.0,0.0,0.0,0.0,0.0,0.0,0.0,0.0,1.0,0.0,0.723314606741573,0.6854345165238678,0.5317399278234632,0.0279968003656725,0.09769319707207906,0.409853249475891,0.08887317303158887,0.8740445688448704,0.4206065625229581,0.3747732103325687,0.8285714285714292,0.7282782252919346
5FkoSXiJPKTNyYgALRJFhD,0.0,1.0,0.0,1.0,0.0,0.0,0.0,0.0,0.0,0.0,0.0,0.0,0.0,0.0,0.0,0.0,1.0,0.0,0.7921348314606742,0.49326805385556904,0.6093001242383007,0.23780139412638557,0.1830116053718538,0.0,0.11716171617161716,0.07525029604909032,0.16702175263309044,0.12153613602965135,0.8857142857142861,0.017353435944611268
4ZPdLEztrlZqbJkgHNw54L,0.0,1.0,0.0,1.0,0.0,0.0,0.0,0.0,0.0,0.0,0.0,0.0,0.0,0.0,0.0,0.0,1.0,0.0,0.24297752808988765,0.791921664626683,0.6649707152576465,0.36464404068106504,0.0031190341749347964,0.0,0.4837340876944837,0.48433631176660574,0.1531299881786427,0.28366420623090816,0.5428571428571445,0.20018084707375253
56oGoEjA9eTZYgsttEFKY3,1.0,0.0,0.0,0.0,0.0,0.0,0.0,0.0,0.0,0.0,0.0,0.0,1.0,0.0,0.0,0.0,1.0,0.0,0.773876404494382,0.7515299877600979,0.7900372714902679,0.09267512284310364,0.2864278578564293,0.0,0.09358793022159359,0.8277532565399937,0.4471411683775353,0.341129501893155,0.9142857142857181,0.09643701428624128
0w1x05XBSRIuVmKd3D0IPd,1.0,0.0,0.0,0.0,0.0,0.0,0.0,0.0,0.0,0.0,1.0,0.0,0.0,0.0,0.0,1.0,0.0,0.0,0.6109550561797752,0.5924112607099143,0.8896053954919244,0.15666780939321223,0.028300891654928922,0.00018238993710691825,0.3517208863743517,0.5801485628162343,0.32005155981807126,0.25192731798486734,0.9142857142857181,0.06760439345994446
0NA4ULVsnaQ0JhLT0fBxPA,0.0,1.0,0.0,1.0,0.0,0.0,0.0,0.0,0.0,0.0,0.0,0.0,0.0,0.0,0.0,0.0,1.0,0.0,0.818820224719101,0.5887392900856794,0.7849494172632077,0.28465318249342936,0.0064076710039442965,0.0,0.07166430928807166,0.05867154699106471,0.5612539988913303,0.42096156716653244,0.6857142857142833,0.06982085913916508
6VWUOFXGwH1OgyPrfRONrn,1.0,0.0,0.0,0.0,0.0,0.0,0.0,0.0,0.0,0.0,0.0,0.0,0.0,1.0,0.0,0.0,1.0,0.0,0.952247191011236,0.7331701346389229,0.8144116429036264,0.06650668495029138,0.11992769135626279,0.0,0.09948137670909948,0.5467757562708581,0.25357145242404616,0.3065944023159351,0.6857142857142833,0.0073155098063524965
3n31mf1JGlRxAGwHwx3pDd,1.0,0.0,0.0,0.0,0.0,0.0,1.0,0.0,0.0,0.0,0.0,0.0,0.0,0.0,0.0,0.0,1.0,0.0,0.5042134831460674,0.41982864137086906,0.6821274330000591,0.3040795337675694,0.6256331660058368,0.0,0.12894860914662895,0.7233286683173646,0.4676515571465782,0.3434210498653453,0.9714285714285751,0.05973504373572705
1ID1QFSNNxi0hiZCNcwjUC,0.0,1.0,0.0,1.0,0.0,0.0,0.0,0.0,0.0,0.0,0.0,0.0,0.0,0.0,0.0,0.0,1.0,0.0,0.6292134831460674,0.49204406364749076,0.6239720759628467,0.05187978516740945,0.027473561635052317,0.0,0.057755775577557754,0.29378835181397356,0.2675300042076017,0.3569369782260896,0.7714285714285722,0.7282782252919346
6H0AwSQ20mo62jGlPGB8S6,0.0,1.0,0.0,0.0,0.0,0.0,0.0,0.0,0.0,1.0,0.0,0.0,0.0,0.0,0.0,0.0,1.0,0.0,0.7808988764044944,0.4173806609547124,0.6354493285215641,0.13838418466460975,0.032230709249342786,0.000929769392033543,0.10066006600660066,0.5252449133383573,0.08661648712006359,0.29039168651623737,0.8285714285714292,0.06982085913916508
3wGXyJGsCf1myH5MooQIqE,0.0,1.0,0.0,0.0,0.0,0.0,0.0,0.0,0.0,0.0,0.0,1.0,0.0,0.0,0.0,0.0,1.0,0.0,0.702247191011236,0.5446756425948592,0.7133053304147192,0.49034396069020686,0.002715710790244952,0.0,0.16195190947666196,0.3390031219722252,0.6691355715993563,0.14280758775682678,0.8285714285714292,0.029568203074590103
1LjuHrjwyo7d5rh3W1XO5V,1.0,0.0,0.0,0.0,0.0,0.0,0.0,0.0,0.0,0.0,1.0,0.0,0.0,0.0,0.0,0.0,1.0,0.0,0.577247191011236,0.5887392900856794,0.6054546530201739,0.06833504742315163,0.09810686208201735,0.0,0.3670438472418671,0.5790720206696092,0.5609200622457908,0.18485433954013464,0.9428571428571431,0.0832090743774021
3ESSGgWzRf1xvP7G5hHMhB,1.0,0.0,0.0,0.0,0.0,0.0,0.0,0.0,0.0,0.0,0.0,0.0,0.0,1.0,0.0,0.0,1.0,0.0,0.6769662921348314,0.7001223990208079,0.810507010589836,0.05153696720374814,0.006376646128198923,0.0,0.35407826496935413,0.27333405102809777,0.2202980050624796,0.5049142141146741,0.7714285714285722,0.03969069961731434
5FEXPoPnzueFJQCPRIrC3c,1.0,0.0,0.0,0.0,0.0,0.0,0.0,0.0,0.0,0.0,0.0,0.0,0.0,1.0,0.0,0.0,1.0,0.0,0.8497191011235956,0.3414932680538556,0.7023013666213097,0.056222146040452524,0.5160119383721868,4.350104821802935e-06,0.10066006600660066,0.8202174615136184,0.5206873751911787,0.3136582566155308,0.6000000000000014,0.05911839651099314
3qN5qMTKyEEmiTZD38BNTT,1.0,0.0,0.0,0.0,0.0,0.0,0.0,0.0,0.0,0.0,0.0,0.0,0.0,1.0,0.0,0.0,1.0,0.0,0.8890449438202248,0.5201958384332925,0.6066970360291072,0.36121586104445214,0.28849618290612083,0.0,0.06482791136256483,0.48971902249973087,0.6008722425181494,0.2993623610092061,0.8571428571428612,0.7282782252919346
6XU6O2o4nPklVezwKMBbpx,0.0,1.0,0.0,1.0,0.0,0.0,0.0,0.0,0.0,0.0,0.0,0.0,0.0,0.0,0.0,0.0,1.0,0.0,0.45786516853932585,0.7992656058751529,0.7352540969058746,0.05656496400411382,0.06604782381179895,0.0,0.18434700612918434,0.27548713532134783,0.5330964609394306,0.136721320436193,0.9142857142857181,0.0006464833081134534
0M9ydKzuF3oZTfYYPfaGX1,0.0,1.0,0.0,0.0,0.0,0.0,0.0,0.0,0.0,0.0,0.0,0.0,0.0,1.0,0.0,0.0,1.0,0.0,0.9269662921348316,0.6181150550795594,0.7576761521623379,0.24808593303622445,0.06315216874223085,0.0,0.11126826968411127,0.14091936699321783,0.4477756480040606,0.5698974689957764,0.8285714285714292,0.14356000767900318
5kTQa2G88tHnKB1Y6vNTyn,0.0,1.0,0.0,1.0,0.0,0.0,0.0,0.0,0.0,0.0,0.0,0.0,0.0,0.0,0.0,0.0,1.0,0.0,0.5463483146067416,0.7992656058751529,0.881263681003372,0.024911438692720833,0.10338109095873071,0.0,0.438943894389439,0.11292927118096673,0.20679360711685774,0.24993219961274943,0.8571428571428612,0.29841447952615907
6tiYQ631gOeBb2jCtaIs0R,1.0,0.0,0.0,0.0,0.0,0.0,1.0,0.0,0.0,0.0,0.0,0.0,0.0,0.0,0.0,0.0,1.0,0.0,0.88061797752809,0.43084455324357407,0.6012542152280659,0.3852131185007428,0.549105139167251,0.0,0.1466289486091466,0.7760792335019917,0.4409766979008743,0.23896009973489524,1.0,0.004394255921696183
1R7IfLjtJ4B9kqjIqaEeVf,0.0,1.0,0.0,0.0,1.0,0.0,0.0,0.0,0.0,0.0,0.0,0.0,0.0,0.0,0.0,0.0,1.0,0.0,0.651685393258427,0.6915544675642594,0.7842394841152457,0.044109244657753406,0.009199909821027833,4.633123689727464e-06,0.2668552569542669,0.7470125955431156,0.5336574745039371,0.16653456978814746,0.9714285714285751,0.0018053443061379318
0QNNd0qMCDbraS1nQPg3aA,0.0,1.0,0.0,0.0,0.0,0.0,0.0,0.0,0.0,0.0,0.0,0.0,0.0,1.0,0.0,0.0,1.0,0.0,0.7794943820224718,0.5813953488372093,0.8070756670413535,0.1623814421209005,0.14681591700225238,0.0,0.24092409240924093,0.1355366562600926,0.45366629043137935,0.14839349873123925,0.9714285714285751,0.06208143484633685
0utlOiJy2weVl9WTkcEWHy,1.0,0.0,0.0,0.0,0.0,0.0,0.0,0.0,1.0,0.0,0.0,0.0,0.0,0.0,0.0,0.0,1.0,0.0,0.8876404494382022,0.14932680538555684,0.34230609950896274,0.3760713061364416,0.329862683899951,0.00040146750524109015,0.09594530881659594,0.4649585531273549,0.5271924610462901,0.3036784600797627,0.8000000000000043,0.19502563168631767
0xaFw2zDYf1rIJWl2dXiSF,0.0,1.0,0.0,0.0,0.0,0.0,0.0,0.0,0.0,0.0,0.0,1.0,0.0,0.0,0.0,0.0,1.0,0.0,0.5603932584269664,0.5250917992656059,0.6219605987102881,0.15323962975659927,0.7890308449314661,0.013836477987421384,0.13955681282413954,0.19259339003121972,0.11704479426163267,0.3522277420263591,0.9714285714285751,0.22819780023939232
2WsuSYJNXGKXVYkHPnq2yp,1.0,0.0,0.0,0.0,1.0,0.0,0.0,0.0,0.0,0.0,0.0,0.0,0.0,0.0,0.0,0.0,1.0,0.0,0.5870786516853934,0.6242350061199511,0.6920073359758621,0.2995086275854188,0.012271372519819726,0.0,0.05693069306930692,0.4445042523414792,0.8011340488482523,0.20851194443101284,0.8857142857142861,0.27935376819979313
6YLwcpTAxXRLjZXetbCOmo,0.0,1.0,0.0,1.0,0.0,0.0,0.0,0.0,0.0,0.0,0.0,0.0,0.0,0.0,0.0,0.0,0.0,1.0,0.8202247191011236,0.379436964504284,0.33573921789031524,0.21151868357901954,0.23058308151475854,9.266247379454927e-06,0.09830268741159828,0.6598126816664873,0.35593639174775765,0.13934503774747142,0.8857142857142861,5.747756868212399e-07
3TFO78JhsoNbQUrfKfGdIo,1.0,0.0,0.0,0.0,0.0,0.0,0.0,0.0,0.0,1.0,0.0,0.0,0.0,0.0,0.0,0.0,0.0,1.0,0.36235955056179786,0.4283965728274174,0.5593681594983138,0.4457776254142384,0.1354401292289491,0.0,0.06294200848656295,0.5241683711917322,0.14221693860240842,0.3135678560991967,0.9142857142857181,0.06897090523791691
5tLdDm1cVYAH2kk7TyjmdW,1.0,0.0,0.0,0.0,0.0,0.0,0.0,1.0,0.0,0.0,0.0,0.0,0.0,0.0,0.0,0.0,1.0,0.0,0.6348314606741572,0.5458996328029375,0.639768088504999,0.18066506684950293,0.0023123874055551077,1.3836477987421384e-06,0.3187175860443187,0.49725481752610623,0.5669977091946117,0.32436966663232847,0.9714285714285751,0.00856367004517493
2NBQmPrOEEjA8VbeWOQGxO,0.0,1.0,0.0,1.0,0.0,0.0,0.0,0.0,0.0,0.0,0.0,0.0,0.0,0.0,0.0,0.0,1.0,0.0,0.8735955056179776,0.576499388004896,0.842986452109093,0.2195177693977831,0.19645571819484864,0.0,0.08533710513908535,0.6727311874259878,0.21335212283525568,0.40784298061014035,0.4571428571428555,0.09467860128580456
01JMnRUs2YOK6DDpdQASGY,1.0,0.0,0.0,0.0,0.0,0.0,0.0,0.0,0.0,0.0,0.0,0.0,1.0,0.0,0.0,0.0,1.0,0.0,0.773876404494382,0.43084455324357407,0.7015322723776843,0.4194949148668724,0.39294659791554204,0.0,0.09476661951909476,0.15060824631284314,0.4207267797153524,0.276175679738301,0.9142857142857181,0.14252775408908486
04MLEeAMuV9IlHEsD8vF6A,1.0,0.0,0.0,0.0,0.0,0.0,0.0,1.0,0.0,0.0,0.0,0.0,0.0,0.0,0.0,0.0,1.0,0.0,0.7008426966292134,0.664626682986536,0.8005679465183694,0.11438692720831906,0.022199332758338967,0.0,0.23385195662423383,0.4961782753794811,0.581190016630045,0.2524907444587637,0.8571428571428612,0.7282782252919346
0Fg88OWOdERXLMDcTWYwjf,0.0,1.0,0.0,0.0,1.0,0.0,0.0,0.0,0.0,0.0,0.0,0.0,0.0,0.0,0.0,0.0,1.0,0.0,0.6924157303370786,0.40758873929008566,0.5103236111932792,0.35893040795337683,0.3546825844962491,0.0,0.10066006600660066,0.14737861987296802,0.46707718611625,0.2894498392762913,1.0,0.19502563168631767
1L0OmJV0LnPDWuHCIGmBV6,0.0,1.0,0.0,1.0,0.0,0.0,0.0,0.0,0.0,0.0,0.0,0.0,0.0,0.0,0.0,0.0,1.0,0.0,0.49016853932584276,0.576499388004896,0.5668816186475772,0.30293680722203176,0.11165439115749674,0.0,0.11834040546911834,0.16890946280546887,0.6017004053990878,0.42721391915671036,1.0,0.7282782252919346
6LNoArVBBVZzUTUiAX2aKO,0.0,1.0,0.0,0.0,0.0,0.0,0.0,0.0,0.0,0.0,1.0,0.0,0.0,0.0,0.0,0.0,1.0,0.0,0.39325842696629226,0.5862913096695227,0.7418209785245222,0.3920694777739687,0.0452611570623993,0.0,0.12776991984912778,0.6382818387339865,0.5188974747710864,0.5616983523980313,0.9428571428571431,0.20018084707375253
5hDJ86JVWHe7hK0jChYGj1,1.0,0.0,0.0,0.0,0.0,0.0,0.0,0.0,0.0,0.0,1.0,0.0,0.0,0.0,0.0,0.0,1.0,0.0,0.776685393258427,0.3304773561811506,0.33366857954209306,0.5543366472403155,0.3815708101422387,0.0,0.09476661951909476,0.5317041662181076,0.29345684536729694,0.12995179339908042,0.8571428571428612,0.05713700537895988
127QTOFJsJQp5LbJbu3A1y,1.0,0.0,0.0,1.0,0.0,0.0,0.0,0.0,0.0,0.0,0.0,0.0,0.0,0.0,0.0,0.0,1.0,0.0,0.797752808988764,0.35862913096695226,0.4952375317990888,0.19894869157810538,0.3319310089496425,6.446540880503145e-06,0.10066006600660066,0.8611260630853699,0.144153771146538,0.3678817477152846,0.9142857142857181,0.7282782252919346
2iP3unJbxZvRuqyrS0ocZy,0.0,1.0,0.0,0.0,0.0,0.0,0.0,0.0,0.0,1.0,0.0,0.0,0.0,0.0,0.0,0.0,1.0,0.0,0.7162921348314608,0.5862913096695227,0.5953381056617167,0.17952234030396527,0.15405505467617267,0.0,0.08533710513908535,0.3110130261599742,0.6679000060108597,0.277357193463412,0.9142857142857181,0.09281698992341585
78844Rxxkl8STQUVbp4vXi,1.0,0.0,0.0,0.0,0.0,0.0,0.0,0.0,0.0,0.0,0.0,0.0,1.0,0.0,0.0,0.0,1.0,0.0,0.699438202247191,0.6829865361077111,0.661539371709164,0.05713632727688265,0.0633590012472,0.0,0.08203677510608204,0.4466573366347293,0.31340622057183304,0.1972812570296913,0.6285714285714263,0.08641542571144428
5H0NU2sHWUnWCcZyYlX46X,0.0,1.0,1.0,0.0,0.0,0.0,0.0,0.0,0.0,0.0,0.0,0.0,0.0,0.0,0.0,0.0,1.0,0.0,0.7387640449438202,0.48225214198286426,0.6556824232384783,0.3577876814078392,0.040710841953077975,6.69811320754717e-06,0.09240924092409239,0.05048982667671441,0.2666150177988232,0.42367988966932335,0.8571428571428612,0.05179658158953066
0XqGHtlXsdVW2n8HJ3KyeE,0.0,1.0,0.0,0.0,0.0,0.0,0.0,0.0,0.0,0.0,1.0,0.0,0.0,0.0,0.0,0.0,1.0,0.0,0.6657303370786516,0.49326805385556904,0.6750872626161035,0.047880242258027665,0.012995286287211753,0.0,0.11480433757661479,0.09893422327484121,0.6550501238904956,0.16808819726654067,0.9428571428571431,0.7282782252919346
5MD2QLnFM2ChpKAh33z0zr,0.0,1.0,0.0,0.0,0.0,0.0,0.0,1.0,0.0,0.0,0.0,0.0,0.0,0.0,0.0,0.0,1.0,0.0,0.6685393258426966,0.4871481028151775,0.7244276163994556,0.13038509884584618,0.033471704279157695,0.0,0.08262611975483261,0.42404995155560343,0.5803084238858203,0.4388818927765783,0.8000000000000043,0.08147606472057838
1xzBco0xcoJEDXktl7Jxrr,0.0,1.0,0.0,0.0,0.0,0.0,1.0,0.0,0.0,0.0,0.0,0.0,0.0,0.0,0.0,0.0,1.0,0.0,0.6502808988764044,0.5679314565483476,0.7605158847541855,0.005256542109473204,0.20059236829423166,0.010335429769392035,0.25860443187175863,0.24103778662934655,0.574371030328126,0.2351149242843117,0.8571428571428612,0.013458041775463284
20GrahbI4AzAOWxpYfDKkf,1.0,0.0,0.0,0.0,0.0,0.0,1.0,0.0,0.0,0.0,0.0,0.0,0.0,0.0,0.0,0.0,1.0,0.0,0.6896067415730338,0.6854345165238678,0.9001360705200259,0.04822306022168895,0.0019917970228529236,0.0,0.7289014615747289,0.35192162773172575,0.42745226375652007,0.19613548304359618,0.9428571428571431,0.3750743507185793
5oyUurs28XRagLa8lgm6V3,1.0,0.0,0.0,0.0,0.0,0.0,0.0,0.0,1.0,0.0,0.0,0.0,0.0,0.0,0.0,0.0,1.0,0.0,0.9747191011235954,0.47246022031823753,0.6584038336389989,0.05907896240429666,0.051259299706504675,0.0,0.2208863743517209,0.1602971256324685,0.407242417968463,0.3174971250533468,0.8000000000000043,0.14356000767900318
1eQBEelI2NCy7AUTerX0KS,1.0,0.0,1.0,0.0,0.0,0.0,0.0,0.0,0.0,0.0,0.0,0.0,0.0,0.0,0.0,0.0,1.0,0.0,0.45786516853932585,0.2962056303549572,0.5533337277406376,0.4423494457776254,0.6411456038785232,0.0,0.6027817067421027,0.38098826569060185,0.3014446099286043,0.52265794336723,0.8000000000000043,0.20018084707375253
7wTA0NKIm6T7nP2kaymU2a,0.0,1.0,1.0,0.0,0.0,0.0,0.0,0.0,0.0,0.0,0.0,0.0,0.0,0.0,0.0,0.0,1.0,0.0,0.7851123595505618,0.6254589963280295,0.6515411465420339,0.44692035195977603,0.08869598310592099,0.0,0.11126826968411127,0.22488965442997094,0.5808894736490591,0.6522187019747256,0.8857142857142861,0.19502563168631767
2xtIAFJIMkzHGHiCrJ9iwd,0.0,1.0,0.0,1.0,0.0,0.0,0.0,0.0,0.0,0.0,0.0,0.0,0.0,0.0,0.0,0.0,1.0,0.0,0.5575842696629214,0.8910648714810281,0.896053954919245,0.31550679922294594,0.03884934940835562,0.0,0.8903818953323904,0.8611260630853699,0.6154585951953195,0.32257216799359206,0.7142857142857153,0.648463218762657
1cdC9TCqyLwAlsw3fVJaJS,1.0,0.0,0.0,0.0,0.0,0.0,0.0,0.0,0.0,0.0,0.0,1.0,0.0,0.0,0.0,0.0,1.0,0.0,0.27808988764044945,0.7258261933904528,0.6784594450689225,0.11552965375385671,0.48085041252743116,1.6457023060796645e-05,0.4024045261669024,0.438044999461729,0.1767660239499363,0.34384782439594586,0.6000000000000014,0.05911839651099314
6to1tNRE8t1WuTSdvDnsmw,1.0,0.0,0.0,0.0,0.0,0.0,1.0,0.0,0.0,0.0,0.0,0.0,0.0,0.0,0.0,0.0,0.0,1.0,0.7148876404494382,0.6070991432068544,0.6200082825533928,0.7223174494343505,0.04888072589935944,0.0,0.07413955681282414,0.4326622887286038,0.8014546280279704,0.10636777032382305,0.9142857142857181,0.05973504373572705
7KwZNVEaqikRSBSpyhXK2j,0.0,1.0,0.0,0.0,0.0,0.0,0.0,0.0,0.0,0.0,0.0,1.0,0.0,0.0,0.0,0.0,1.0,0.0,0.8918539325842698,0.6560587515299877,0.8686032065313849,0.28922408867557997,0.14991840457678965,0.0,0.3045733144743046,0.6813435245989882,0.2264557968062299,0.33165426637878653,0.2571428571428598,0.08429063675427166
7z4xW9WY86uH3gd1V9pfCM,0.0,1.0,0.0,0.0,0.0,0.0,0.0,0.0,0.0,0.0,0.0,0.0,0.0,1.0,0.0,0.0,1.0,0.0,0.7879213483146066,0.5018359853121175,0.6017866650890373,0.3874985715918181,0.02013100770864746,0.0,0.16195190947666196,0.6275164172677361,0.5476560986849575,0.15630249274167946,0.9428571428571431,0.14356000767900318
67gmXPQZL1ISSh13OJJ1Pu,0.0,1.0,0.0,0.0,0.0,0.0,0.0,0.0,0.0,1.0,0.0,0.0,0.0,0.0,0.0,0.0,1.0,0.0,0.75561797752809,0.5165238678090575,0.7564337691534047,0.2492286595817621,0.07163230144596604,0.0,0.6475719000471475,0.07847992248896545,0.4672909055693954,0.49754131618947106,0.8285714285714292,0.11879591913442544
0LQtEJt7x0s6knb6RKdRYc,0.0,1.0,0.0,0.0,0.0,0.0,0.0,0.0,1.0,0.0,0.0,0.0,0.0,0.0,0.0,0.0,1.0,0.0,0.42134831460674155,0.675642594859241,0.8206235579482931,0.017026625528511023,0.6669996669996671,0.0,0.10066006600660066,0.8266767143933687,0.7335051993935711,0.34914571512064263,0.5714285714285694,0.03245399504111405
6g6A7qNhTfUgOSH7ROOxTD,0.0,1.0,0.0,0.0,0.0,0.0,0.0,0.0,1.0,0.0,0.0,0.0,0.0,0.0,0.0,0.0,1.0,0.0,0.6938202247191012,0.6009791921664627,0.6389398331657101,0.2343732144897726,0.035953694338787506,0.0,0.32814710042432815,0.7771557756486167,0.26902604037961914,0.2220341798045246,0.7142857142857153,0.10389411050344742
2e9EZ2V5QGGZPMJacO3y0Y,1.0,0.0,1.0,0.0,0.0,0.0,0.0,0.0,0.0,0.0,0.0,0.0,0.0,0.0,0.0,0.0,1.0,0.0,0.6165730337078652,0.6621787025703794,0.789090693959652,0.09267512284310364,0.1426792669028694,0.0,0.3953323903818953,0.7900742814081172,0.5344656011861428,0.37510117499647855,0.6285714285714263,0.023376893550602258
6EbVuwU7EnKeF2hdpViXCH,0.0,1.0,0.0,0.0,0.0,0.0,0.0,0.0,0.0,0.0,0.0,0.0,0.0,1.0,0.0,0.0,1.0,0.0,0.7612359550561798,0.5152998776009792,0.7017097556646748,0.35550222831676387,0.8552172465215944,0.0,0.09712399811409711,0.6867262353321134,0.11645706576548304,0.16134389828049805,0.9714285714285751,0.015018653561130755
16QjPRt5HYK0dnLGmGRCvf,0.0,1.0,0.0,0.0,0.0,0.0,0.0,0.0,0.0,0.0,0.0,0.0,0.0,1.0,0.0,0.0,1.0,0.0,0.550561797752809,0.45777233782129745,0.5871147133644914,0.5577648268769285,0.2657446073595142,0.0,0.08191890617633193,0.385294434277102,0.6012262153624215,0.21567881327247768,0.8571428571428612,0.14252775408908486
7zBPzAjKAqQpcv8F8GCq5s,0.0,1.0,0.0,1.0,0.0,0.0,0.0,0.0,0.0,0.0,0.0,0.0,0.0,0.0,0.0,0.0,1.0,0.0,0.7205056179775282,0.35985312117503065,0.1831627521741701,0.28922408867557997,0.056016447320795144,0.0,0.1749174917491749,0.172139089245344,0.5352804066012595,0.17103987924172886,0.8000000000000043,0.008926423173339353
3rPTZlxePEFOTlAuNTerGu,0.0,1.0,0.0,0.0,0.0,0.0,0.0,0.0,0.0,0.0,0.0,0.0,0.0,1.0,0.0,0.0,1.0,0.0,0.6207865168539326,0.8886168910648715,0.8828018694906229,0.07210604502342591,0.2626421197849769,0.0,0.07001414427157002,0.3928302293034773,0.5417253838601739,0.3195679275786747,0.7714285714285722,0.018099642834388207
1vux5TJpXtc7tbjA1YODpp,0.0,1.0,0.0,0.0,1.0,0.0,0.0,0.0,0.0,0.0,0.0,0.0,0.0,0.0,0.0,0.0,1.0,0.0,0.48876404494382025,0.9694002447980417,0.8258297343666804,0.047880242258027665,0.12303017893080004,0.0,0.3564356435643565,0.59844977930886,0.6340455088860542,0.2525496099112603,0.9714285714285751,0.06445226263235909
0Hf4aIJpsN4Os2f0y0VqWl,0.0,1.0,0.0,0.0,0.0,0.0,0.0,0.0,0.0,1.0,0.0,0.0,0.0,0.0,0.0,0.0,1.0,0.0,0.5716292134831462,0.7307221542227662,0.857185115068331,0.1498114501199863,0.040297176943139675,0.0,0.36822253653936826,0.5435461298309829,0.5070627600531625,0.33098151835025363,0.6857142857142833,0.08903892837288215
5Eax0qFko2dh7Rl2lYs3bx,1.0,0.0,0.0,0.0,0.0,0.0,0.0,0.0,0.0,1.0,0.0,0.0,0.0,0.0,0.0,0.0,1.0,0.0,0.7514044943820226,0.38433292533659724,0.5516180559663963,0.02822534567478003,0.14578175447740663,1.8134171907756814e-05,0.0416077322017916,0.2119711486704705,0.25387867413794246,0.2964064743588396,0.9714285714285751,0.6811668754611921
7hRwwjy1cmwGkzBnJlhtnY,0.0,1.0,0.0,0.0,0.0,0.0,0.0,0.0,0.0,0.0,1.0,0.0,0.0,0.0,0.0,0.0,1.0,0.0,0.8089887640449438,0.6389228886168912,0.6321954682600721,0.07519140669637758,0.00981006571068683,0.0,0.053630363036303634,0.27871676176122295,0.4410702001616253,0.2754230428813798,0.8000000000000043,0.06982085913916508
5BmB3OaQyYXCqRyN8iR2Yi,1.0,0.0,0.0,0.0,0.0,0.0,0.0,0.0,1.0,0.0,0.0,0.0,0.0,0.0,0.0,0.0,1.0,0.0,0.943820224719101,0.5446756425948592,0.6936638466544399,0.4480630785053137,0.12096185388110854,0.0,0.5886374351720887,0.7200990418774895,0.40789693379372066,0.10848272193852343,0.9714285714285751,0.06445226263235909
4PmMVdIFpJTB9WQbmILf4p,1.0,0.0,0.0,0.0,0.0,0.0,1.0,0.0,0.0,0.0,0.0,0.0,0.0,0.0,0.0,0.0,1.0,0.0,0.8370786516853932,0.5960832313341493,0.6342069455126308,0.256085018854988,0.04701923335463708,0.0,0.005421970768505424,0.6458176337603618,0.2536449184860648,0.3436502046625643,0.48571428571428754,0.11605054660993643
4VcPtoOpK3oBMDZJ9Ptp9f,1.0,0.0,0.0,0.0,0.0,0.0,0.0,0.0,0.0,0.0,0.0,0.0,0.0,1.0,0.0,0.0,1.0,0.0,0.7008426966292134,0.4798041615667076,0.6510678577767259,0.3783567592275169,0.008465654428387348,0.0,0.20909948137670908,0.5683065992033588,0.6340588663518758,0.23585284477810875,0.8571428571428612,0.05973504373572705
7AFASza1mXqntmGtbxXprO,0.0,1.0,0.0,0.0,0.0,0.0,0.0,0.0,0.0,0.0,0.0,0.0,0.0,1.0,0.0,0.0,1.0,0.0,0.5660112359550562,0.1799265605875153,0.4764243033780985,0.0023997257456290708,0.9131303479129567,0.0,0.08227251296558227,0.5198622026052321,0.03272579126288161,0.10472794700427407,0.8571428571428612,0.3813722114626923
40yJGQyEaBbIkXpwMFkXip,0.0,1.0,1.0,0.0,0.0,0.0,0.0,0.0,0.0,0.0,0.0,0.0,0.0,0.0,0.0,0.0,1.0,0.0,0.699438202247191,0.38433292533659724,0.3255635094361946,0.09953148211632956,0.3567509095459406,0.0,0.13130598774163132,0.3260846162127248,0.4671105797808039,0.35991599058993695,0.8000000000000043,0.0832090743774021
1qA7crrPzO702kDZgRAhyk,1.0,0.0,0.0,0.0,0.0,0.0,0.0,0.0,0.0,0.0,0.0,0.0,1.0,0.0,0.0,0.0,1.0,0.0,0.8328651685393258,0.4736842105263158,0.6821865940957226,0.19437778539595477,0.042365501992831185,0.0,0.2067421027817067,0.08063300678221554,0.4536462542326469,0.19658748562526673,0.9714285714285751,0.06208143484633685
6aD178OGxT0Z1NU36g52X5,0.0,1.0,0.0,0.0,0.0,0.0,0.0,0.0,0.0,0.0,0.0,0.0,0.0,1.0,0.0,0.0,1.0,0.0,0.5758426966292136,0.5826193390452876,0.6664497426492337,0.3372186035881614,0.002136579776331329,0.0,0.28571428571428575,0.1172354397674669,0.5673049309085079,0.35301401628470697,0.6571428571428584,0.12394584832728606
2mNaugzeRDyAq991bw4nqv,0.0,1.0,0.0,0.0,1.0,0.0,0.0,0.0,0.0,0.0,0.0,0.0,0.0,0.0,0.0,0.0,1.0,0.0,0.5308988764044944,0.41982864137086906,0.590191090338993,0.15438235630213692,0.24506135686259908,2.6729559748427675e-06,0.12894860914662895,0.2851760146409732,0.2271169913643984,0.15194014224416125,1.0,0.06760439345994446
4IO8X9W69dIQe0EC5ALXhq,1.0,0.0,0.0,0.0,0.0,0.0,0.0,0.0,1.0,0.0,0.0,0.0,0.0,0.0,0.0,0.0,1.0,0.0,0.6671348314606742,0.8678090575275397,0.8653493462698928,0.5440521083304767,0.00837257980115123,0.0,0.10066006600660066,0.6738077295726128,0.8292314782039549,0.38399406299864813,0.8857142857142861,0.1412003357665388
0OaunKfsxkgBvPv68jBbmm,0.0,1.0,1.0,0.0,0.0,0.0,0.0,0.0,0.0,0.0,0.0,0.0,0.0,0.0,0.0,0.0,1.0,0.0,0.8230337078651686,0.5422276621787026,0.8017511684316392,0.042623700148554454,0.0519832134738967,0.0,0.3517208863743517,0.678113898159113,0.2319390365259903,0.3268609366754895,0.5714285714285694,0.018213047819142545
79tbwF4mSrYD60Oo41JTXY,1.0,0.0,0.0,0.0,0.0,1.0,0.0,0.0,0.0,0.0,0.0,0.0,0.0,0.0,0.0,0.0,1.0,0.0,0.37219101123595516,0.7711138310893514,0.7951251257173282,0.2789395497657411,0.05963601615775529,0.0,0.07060348892032059,0.5435461298309829,0.5546220171109137,0.44380556741040367,0.6571428571428584,0.12394584832728606
0Fpen1PTuEnCmOJtUU9Iud,1.0,0.0,0.0,0.0,0.0,0.0,0.0,0.0,0.0,0.0,1.0,0.0,0.0,0.0,0.0,0.0,1.0,0.0,0.8202247191011236,0.7637698898408813,0.7784416967402235,0.3635013141355274,0.03791860313599445,0.0,0.14898632720414898,0.73301754763699,0.5678859806717469,0.5697902497787289,0.8571428571428612,0.14356000767900318
3RaCGXCiiMufRPoexXxGkV,1.0,0.0,0.0,0.0,0.0,0.0,0.0,1.0,0.0,0.0,0.0,0.0,0.0,0.0,0.0,1.0,0.0,0.0,0.30477528089887646,0.3023255813953488,0.525232207300479,0.026625528511027313,0.5253194010957987,0.0,0.2715700141442716,0.07309721175584025,0.1926547295447107,0.5012372256712239,1.0,0.7282782252919346
7CSxAriQKhvmM7Bu12fm5e,0.0,1.0,0.0,0.0,1.0,0.0,0.0,0.0,0.0,0.0,0.0,0.0,0.0,0.0,0.0,0.0,1.0,0.0,0.6573033707865168,0.5397796817625459,0.6399455717919895,0.23094503485315965,0.0024675117842819705,0.0,0.08333333333333334,0.26041554526859734,0.15662964422389786,0.1869041186895709,1.0,0.05973504373572705
3ncgNpxLoBQ65ABk4djDyd,0.0,1.0,0.0,1.0,0.0,0.0,0.0,0.0,0.0,0.0,0.0,0.0,0.0,0.0,0.0,0.0,1.0,0.0,0.9199438202247192,0.37454100367197063,0.5725610838312725,0.10524511484401783,0.015373860094356989,0.000249475890985325,0.35997171145686,0.2690278824415976,0.5073232306366835,0.2505565938767315,0.8285714285714292,0.11582285705945246
2n8lekNlZSQzbyuQedd4Dx,0.0,1.0,0.0,0.0,1.0,0.0,0.0,0.0,0.0,0.0,0.0,0.0,0.0,0.0,0.0,0.0,1.0,0.0,0.7008426966292134,0.6903304773561811,0.7377388629237412,0.027539709747457432,0.08549007927889915,0.0,0.05398396982555397,0.6856496931854883,0.5339646962178335,0.4494692648756152,0.6571428571428584,0.13666316970816478
7KVPsVMOK3NL7subwJ0dZj,0.0,1.0,1.0,0.0,0.0,0.0,0.0,0.0,0.0,0.0,0.0,0.0,0.0,0.0,0.0,0.0,1.0,0.0,0.9129213483146068,0.7282741738066095,0.6192983494054309,0.18409324648611589,0.09738294831462534,0.0,0.23738802451673738,0.7739261492087416,0.3717115588830487,0.16706646119820628,0.8857142857142861,0.05678612223960057
5dNfHmqgr128gMY2tc5CeJ,0.0,1.0,0.0,1.0,0.0,0.0,0.0,0.0,0.0,0.0,0.0,0.0,0.0,0.0,0.0,0.0,1.0,0.0,0.7429775280898876,0.4430844553243575,0.6481689640892148,0.01759798880127985,0.06304875248974627,0.0,0.074021687883074,0.8805038217246206,0.48748071515872,0.23965597347690898,0.4285714285714306,0.021417474525506124
3WyRgi8CzQnhzO0xw79tTS,0.0,1.0,0.0,0.0,0.0,0.0,0.0,0.0,1.0,0.0,0.0,0.0,0.0,0.0,0.0,0.0,1.0,0.0,0.6867977528089888,0.747858017135863,0.7416434952375317,0.4263512741400983,0.13233764165441184,0.0,0.15134370579915132,0.6899558617719885,0.4866926246752466,0.14664855853223197,0.8857142857142861,0.10062832213815441
3ABFD8SzXwMbUspLFxbbwK,1.0,0.0,0.0,0.0,0.0,0.0,0.0,1.0,0.0,0.0,0.0,0.0,0.0,0.0,0.0,0.0,1.0,0.0,0.7794943820224718,0.5030599755201958,0.7057327101697922,0.15895326248428754,0.00508394297214173,0.0,0.09240924092409239,0.33685003767897514,0.6389209839109324,0.1854156636764418,0.9714285714285751,0.08771760615610538
2fQ6sBFWaLv2Gxos4igHLy,1.0,0.0,0.0,1.0,0.0,0.0,0.0,0.0,0.0,0.0,0.0,0.0,0.0,0.0,0.0,0.0,1.0,0.0,0.643258426966292,0.8678090575275397,0.8582500147902739,0.09838875557079191,0.004649594711706513,0.0,0.948137670909948,0.8320594251264938,0.2202378964662824,0.28481418489218163,0.6000000000000014,0.06428043953688965
53KaP77tkliz36LPxWGlWK,0.0,1.0,0.0,0.0,0.0,0.0,0.0,0.0,0.0,0.0,0.0,0.0,1.0,0.0,0.0,0.0,1.0,0.0,0.44241573033707865,0.20073439412484698,0.5255280127787966,0.22066049594332077,0.013202118792180905,0.0,0.15487977369165487,0.0317579933254387,0.5135945608399173,0.1746664115830392,1.0,0.7282782252919346
76gcXhY3Zv6wW0BTe9nHJo,1.0,0.0,0.0,0.0,0.0,1.0,0.0,0.0,0.0,0.0,0.0,0.0,0.0,0.0,0.0,0.0,1.0,0.0,0.5393258426966292,0.6095471236230111,0.6862095486008399,0.10981602102616844,0.17990911779731653,0.00809224318658281,0.11480433757661479,0.12584777694046723,0.11321120157083803,0.5103718824961474,1.0,0.22819780023939232
7zLYKWcXnYeHHWidalz7rj,0.0,1.0,0.0,0.0,0.0,0.0,0.0,0.0,0.0,0.0,0.0,0.0,0.0,1.0,0.0,0.0,1.0,0.0,0.6081460674157304,0.4859241126070992,0.6211323433709991,0.03816706662095761,0.4777479249528939,0.0,0.103017444601603,0.490795564646356,0.13329415143359008,0.1953660274859616,0.8571428571428612,0.04642053912496358
2dHHgzDwk4BJdRwy9uXhTO,1.0,0.0,0.0,1.0,0.0,0.0,0.0,0.0,0.0,0.0,0.0,0.0,0.0,0.0,0.0,0.0,1.0,0.0,0.6306179775280898,0.5618115055079559,0.7167958350588652,0.024568620729059534,0.4312106113348349,0.0,0.06317774634606316,0.14522553557971796,0.25323083704559574,0.31419014802558964,0.9714285714285751,0.6728145922379295
1gihuPhrLraKYrJMAEONyc,0.0,1.0,0.0,0.0,0.0,0.0,0.0,0.0,0.0,1.0,0.0,0.0,0.0,0.0,0.0,0.0,1.0,0.0,0.6193820224719102,0.93390452876377,0.9039223806424894,0.004685178836704378,0.0009700444483053178,0.007368972746331237,0.2067421027817067,0.9494025191086232,0.4535060008415203,0.28243013406606804,0.6857142857142833,0.20091381670528752
2UmtjSvU9FOVKJH9trz7Ht,1.0,0.0,0.0,1.0,0.0,0.0,0.0,0.0,0.0,0.0,0.0,0.0,0.0,0.0,0.0,0.0,1.0,0.0,0.8412921348314606,0.7906976744186047,0.7429450393421285,0.14524054393783567,0.03285120676425025,0.0,0.1466289486091466,0.48971902249973087,0.46764487841366736,0.2007459093766359,0.7714285714285722,0.004461182454320747
3KCdyM6vGYY4rU15dezvrJ,1.0,0.0,1.0,0.0,0.0,0.0,0.0,0.0,0.0,0.0,0.0,0.0,0.0,0.0,0.0,0.0,1.0,0.0,0.7078651685393258,0.23011015911872698,0.3570963734248357,0.3475031424980003,0.17887495527247077,0.0,0.103017444601603,0.7717730649154915,0.13334758129687635,0.17866505767763174,0.9714285714285751,0.0011040744246033811
5Z3GHaZ6ec9bsiI5BenrbY,0.0,1.0,0.0,1.0,0.0,0.0,0.0,0.0,0.0,0.0,0.0,0.0,0.0,0.0,0.0,0.0,1.0,0.0,0.7485955056179776,0.4626682986536108,0.6963260959592971,0.017369443492172322,0.20576318091846044,1.740041928721174e-05,0.16077322017916076,0.38421789213047697,0.5136880631006686,0.2743024969463546,0.8285714285714292,0.14077553299036527
2xyBvir9n474qfsOkxXMgx,1.0,0.0,1.0,0.0,0.0,0.0,0.0,0.0,0.0,0.0,0.0,0.0,0.0,0.0,0.0,0.0,1.0,0.0,0.6797752808988764,0.5324357405140758,0.7425900727681476,0.2915095417666552,0.49429452535042595,0.0,0.16195190947666196,0.25072666594897197,0.46797881505920697,0.3540084219643822,0.8285714285714292,0.08398024046594313
07oiSjg6TiehyOS3pRJo0l,1.0,0.0,0.0,1.0,0.0,0.0,0.0,0.0,0.0,0.0,0.0,0.0,0.0,0.0,0.0,0.0,1.0,0.0,0.46629213483146065,0.49326805385556904,0.84192155238715,0.047423151639812595,0.3484776093471746,0.0,0.413012729844413,0.5478522984174832,0.7672194431272499,0.24279686583512206,0.7714285714285722,0.003157869875731058
5eqK0tbzUPo2SoeZsov04s,1.0,0.0,0.0,0.0,0.0,0.0,0.0,0.0,0.0,0.0,1.0,0.0,0.0,0.0,0.0,0.0,1.0,0.0,0.8679775280898876,0.22766217870257036,0.5853398804945866,0.36921494686321565,0.015477276346841564,7.337526205450734e-06,0.06895332390381895,0.36484013349122624,0.10006077646948824,0.311640012529932,0.8285714285714292,0.1412003357665388
0eUzRaG60gimqQJ02oSUnH,0.0,1.0,0.0,0.0,0.0,0.0,0.0,0.0,0.0,0.0,0.0,0.0,1.0,0.0,0.0,0.0,1.0,0.0,0.7626404494382024,0.9620563035495715,0.9023841921552386,0.32464861158724717,0.5356610263442563,0.0,0.3729372937293729,0.4369684573151039,0.3495849167495942,0.42908920428624586,0.6285714285714263,0.6999464866418124
6jG2YzhxptolDzLHTGLt7S,1.0,0.0,0.0,0.0,0.0,0.0,0.0,1.0,0.0,0.0,0.0,0.0,0.0,0.0,0.0,0.0,1.0,0.0,0.44522471910112354,0.5630354957160343,0.6637283322487131,0.023997257456290708,0.010016898215655979,0.0011111111111111111,0.17963224893917962,0.38960060286360215,0.5343119903291946,0.5285444886168931,0.7428571428571473,0.31808322515067916
1T4tQ4SSagbhAKpvcWg035,0.0,1.0,0.0,0.0,1.0,0.0,0.0,0.0,0.0,0.0,0.0,0.0,0.0,0.0,0.0,0.0,1.0,0.0,0.6685393258426966,0.5581395348837209,0.6763296456250368,0.008684721746086164,0.05167296471644298,6.205450733752621e-05,0.05009429514380009,0.48864248035310587,0.5808360437857729,0.10956542579694362,0.9714285714285751,0.12394584832728606
1tkg4EHVoqnhR6iFEXb60y,0.0,1.0,0.0,0.0,0.0,0.0,0.0,0.0,0.0,0.0,0.0,0.0,1.0,0.0,0.0,0.0,1.0,0.0,0.622191011235955,0.4736842105263158,0.5696030290480978,0.3726431264998286,0.6721704796238959,1.6666666666666669e-06,0.12305516265912306,0.544622671977608,0.16002911927549107,0.18485433954013464,0.9142857142857181,0.11774238142664968
3B54sVLJ402zGa6Xm4YGNe,0.0,1.0,0.0,0.0,0.0,0.0,0.0,0.0,1.0,0.0,0.0,0.0,0.0,0.0,0.0,0.0,1.0,0.0,0.646067415730337,0.7441860465116279,0.7737088090871442,0.10981602102616844,0.030265800452135855,0.010587002096436059,0.08887317303158887,0.7491656798363656,0.2534645926974734,0.3402212920546355,0.8285714285714292,0.04577291497419901
2ZlABhxMMa43COmZ97kKsJ,1.0,0.0,0.0,0.0,0.0,0.0,0.0,0.0,1.0,0.0,0.0,0.0,0.0,0.0,0.0,0.0,1.0,0.0,0.7485955056179776,0.5067319461444308,0.7018872389516653,0.2915095417666552,0.22851475646506703,0.0,0.19731258840169733,0.3034772311335989,0.26041715365760804,0.13681802796529458,0.9714285714285751,0.7282782252919346
2B9wgj9XzbJZLty03PRbVo,0.0,1.0,0.0,0.0,1.0,0.0,0.0,0.0,0.0,0.0,0.0,0.0,0.0,0.0,0.0,0.0,1.0,0.0,0.5870786516853934,0.6438188494492045,0.7955984144826361,0.19780596503256773,0.016925103881625624,0.0,0.2644978783592645,0.24534395521584673,0.828109451074942,0.16607415785612023,0.8857142857142861,0.09680461817285359
7nc7mlSdWYeFom84zZ8Wr8,0.0,1.0,0.0,0.0,0.0,0.0,0.0,1.0,0.0,0.0,0.0,0.0,0.0,0.0,0.0,0.0,1.0,0.0,0.5702247191011236,0.6805385556915544,0.6297698633378689,0.2275168552165467,0.10648357853326797,0.0,0.43540782649693544,0.46926472171385514,0.6536542687121398,0.22769997960732535,0.9428571428571431,0.01272648295697776
6MF4tRr5lU8qok8IKaFOBE,0.0,1.0,1.0,0.0,0.0,0.0,0.0,0.0,0.0,0.0,0.0,0.0,0.0,0.0,0.0,0.0,1.0,0.0,0.5969101123595506,0.5862913096695227,0.6910015973495829,0.39092675122843107,0.5284218886703359,0.0,0.44837340876944837,0.1355366562600926,0.5252021986388742,0.2732366117886478,0.8857142857142861,0.19502563168631767
58FUwmyGUqkt53YPUcm7cJ,0.0,1.0,0.0,0.0,0.0,0.0,0.0,0.0,0.0,0.0,1.0,0.0,0.0,0.0,0.0,0.0,1.0,0.0,0.45224719101123595,0.8763769889840882,0.7892681772466426,0.15209690321106162,0.00981006571068683,0.0,0.16784535596416786,0.6544299709333621,0.6353545405365693,0.5342355164707638,0.6000000000000014,0.20018084707375253
1Y4ZdPOOgCUhBcKZOrUFiS,0.0,1.0,0.0,0.0,1.0,0.0,0.0,0.0,0.0,0.0,0.0,0.0,0.0,0.0,0.0,0.0,1.0,0.0,0.49578651685393266,0.8678090575275397,0.778855824409868,0.5417666552394014,0.42397147366091464,1.4360587002096436e-06,0.033592644978783594,0.972009904187749,0.8598067174695616,0.3105173642573177,0.5428571428571445,0.0007342672311916064
65kp3OFn7JXbCvkm3m2Ui2,0.0,1.0,0.0,0.0,0.0,0.0,0.0,0.0,0.0,1.0,0.0,0.0,0.0,0.0,0.0,0.0,1.0,0.0,0.0,0.5887392900856794,0.7683843104774299,0.04856587818535025,0.4384497490087552,0.0,0.07743988684582742,0.0,0.10010084886695297,0.23799302444387915,0.8285714285714292,0.14356000767900318
67XRMWvQU3YZcIoDQJ8zez,1.0,0.0,0.0,0.0,0.0,0.0,0.0,0.0,0.0,0.0,1.0,0.0,0.0,0.0,0.0,0.0,1.0,0.0,0.6123595505617978,0.5361077111383109,0.7791516298881854,0.004113815563935551,0.01464994632696496,0.0,0.5968882602545968,0.5941436107223598,0.5339045876216364,0.29990686644479997,0.7714285714285722,0.07376468251428901
11XegnWeJHBDtj9IsNwngu,0.0,1.0,0.0,0.0,0.0,0.0,0.0,0.0,0.0,0.0,0.0,0.0,0.0,1.0,0.0,0.0,1.0,0.0,0.7148876404494382,0.4957160342717257,0.6779861563036147,0.2926522683121929,0.039366430670778496,0.00035744234800838575,0.11598302687411596,0.4757239745936054,0.6699904494119375,0.335867350907474,0.9142857142857181,0.1412003357665388
6pcywuOeGGWeOQzdUyti6k,1.0,0.0,0.0,0.0,0.0,0.0,0.0,0.0,0.0,0.0,0.0,0.0,1.0,0.0,0.0,0.0,1.0,0.0,0.8160112359550562,0.7001223990208079,0.6911199195409098,0.15209690321106162,0.0059009313667698765,1.0901467505241091e-05,0.14427157001414426,0.17752179997846917,0.4674779100908975,0.2554739614977894,0.9142857142857181,0.1412003357665388
5NEKjqTQPKiqOiOG8YxLdS,0.0,1.0,0.0,0.0,0.0,0.0,0.0,0.0,0.0,0.0,0.0,0.0,1.0,0.0,0.0,0.0,1.0,0.0,0.39044943820224726,0.758873929008568,0.8581316925989468,0.18523597303165354,0.01444311382199581,0.0,0.15605846298915604,0.2582624609753472,0.601526758343407,0.3372885311177498,0.6285714285714263,0.09467860128580456
1csF3mqDAQ33FuLJhV4ESS,0.0,1.0,0.0,1.0,0.0,0.0,0.0,0.0,0.0,0.0,0.0,0.0,0.0,0.0,0.0,0.0,1.0,0.0,0.8033707865168538,0.9118727050183599,0.9003727149026799,0.2880813621300423,0.0004105625223637646,0.0,0.23385195662423383,0.734094089783615,0.7017411456698435,0.4210456606700991,0.5428571428571445,0.020287613573498533
0jPYlLm8c7HoMOqqWjyFVQ,1.0,0.0,0.0,1.0,0.0,0.0,0.0,0.0,0.0,0.0,0.0,0.0,0.0,0.0,0.0,0.0,1.0,0.0,0.7794943820224718,0.6768665850673194,0.7790924687925219,0.0826191292423723,0.03564344558133378,0.0,0.1407355021216407,0.19151684788459467,0.5278469768715479,0.43354615997527646,0.9428571428571431,0.023943300155074478
4EWCNWgDS8707fNSZ1oaA5,1.0,0.0,0.0,0.0,0.0,0.0,0.0,0.0,0.0,0.0,0.0,0.0,1.0,0.0,0.0,0.0,1.0,0.0,0.7359550561797754,0.594859241126071,0.718097379163462,0.12467146611815794,0.05322420850371161,0.0,0.25860443187175863,0.6641188502529874,0.1867707658503029,0.2920735565875697,0.5714285714285694,0.20018084707375253
1wsPEJWethuDbGZtP7E3bM,1.0,0.0,0.0,0.0,0.0,1.0,0.0,0.0,0.0,0.0,0.0,0.0,0.0,0.0,0.0,0.0,1.0,0.0,0.8314606741573034,0.6303549571603427,0.7860143169851505,0.054508056222146044,0.05405153852358821,3.857442348008386e-05,0.0876944837340877,0.7136397889977393,0.4672241182402875,0.3491730455093017,0.6285714285714263,0.265582221122059
23RoR84KodL5HWvUTneQ1w,1.0,0.0,0.0,0.0,0.0,0.0,0.0,0.0,0.0,1.0,0.0,0.0,0.0,0.0,0.0,0.0,1.0,0.0,0.5688202247191012,0.8751529987760098,0.7359640300538365,0.009484630327962519,0.1240643414556458,0.19706498951781973,0.06329561527581329,0.99784691570675,0.4672708693706629,0.3352660823569727,1.0,0.007318592694127265
6ApEaAL5iuN3cOwSoAbY1d,0.0,1.0,0.0,0.0,1.0,0.0,0.0,0.0,0.0,0.0,0.0,0.0,0.0,0.0,0.0,0.0,1.0,0.0,0.845505617977528,0.6266829865361078,0.6383482222090752,0.1932350588504171,0.03192046049188906,1.0901467505241091e-05,0.3387553041018388,0.5596942620303585,0.39392502454434347,0.34880093175601945,0.9714285714285751,0.06760439345994446
4Nomj38R7Ds0P8I8orW2Tv,1.0,0.0,0.0,0.0,0.0,0.0,0.0,0.0,0.0,0.0,0.0,0.0,0.0,1.0,0.0,0.0,1.0,0.0,0.45224719101123595,0.8396572827417381,0.7919895876471631,0.04639469774882871,0.014960195084418688,0.0,0.48019801980198024,0.36914630207772636,0.26063087311075345,0.27738452385207113,0.6571428571428584,0.06428043953688965
0PvFJmanyNQMseIFrU708S,1.0,0.0,0.0,0.0,0.0,0.0,0.0,0.0,1.0,0.0,0.0,0.0,0.0,0.0,0.0,0.0,1.0,0.0,0.7823033707865168,0.5201958384332925,0.6812400165651067,0.19780596503256773,0.11785936630657128,0.0,0.19377652050919378,0.3336204112391,0.4403756119389029,0.2489251799075392,0.9142857142857181,0.14252775408908486
27v4tcUfyW9J8opqkrOrg1,0.0,1.0,0.0,0.0,0.0,0.0,0.0,0.0,0.0,0.0,1.0,0.0,0.0,0.0,0.0,0.0,1.0,0.0,0.8230337078651686,0.0,0.0,0.4674894297794538,0.04050400944810883,4.40251572327044e-05,0.05586987270155586,0.279793303907848,0.5339980898823875,0.19488879685322108,0.8285714285714292,0.021215371201808237
2FBo7mg3It3YOefMhBKk60,1.0,0.0,0.0,0.0,0.0,0.0,0.0,0.0,0.0,0.0,0.0,0.0,1.0,0.0,0.0,0.0,1.0,0.0,0.27949438202247195,0.675642594859241,0.7641247115896586,0.06022168894983431,0.1974898807196944,0.0,0.3187175860443187,0.31424265259984935,0.42635695155915015,0.3335085281324304,1.0,0.7282782252919346
2rFqkDRJlumT7QjljlldlR,1.0,0.0,1.0,0.0,0.0,0.0,0.0,0.0,0.0,0.0,0.0,0.0,0.0,0.0,0.0,0.0,1.0,0.0,0.8412921348314606,0.4516523867809058,0.696562740341951,0.025368529310935896,0.5284218886703359,0.0015618448637316562,0.07779349363507779,0.17859834212509423,0.2999686099553192,0.26468640481351213,0.9142857142857181,0.7282782252919346
2TSfStvlAMLw89u3tali79,0.0,1.0,0.0,0.0,0.0,0.0,0.0,0.0,0.0,0.0,0.0,0.0,0.0,1.0,0.0,0.0,1.0,0.0,0.553370786516854,0.25948592411260707,0.4666035614979588,0.6491829505199407,0.15405505467617267,0.0,0.09123055162659122,0.33685003767897514,0.7204883489504372,0.16756471520683847,0.9714285714285751,0.008511931524638491
7osBjxxoPSCceUMdkyFh9O,0.0,1.0,0.0,1.0,0.0,0.0,0.0,0.0,0.0,0.0,0.0,0.0,0.0,0.0,0.0,0.0,1.0,0.0,0.678370786516854,0.4516523867809058,0.7614033011891379,0.013369900582790542,0.029645302937228404,0.0,0.13248467703913247,0.31747227903972447,0.2259749280366528,0.27803835084230155,0.7714285714285722,0.06982085913916508
6vWEAOUSxohKxhp0K1BsxL,0.0,1.0,0.0,0.0,1.0,0.0,0.0,0.0,0.0,0.0,0.0,0.0,0.0,0.0,0.0,0.0,1.0,0.0,0.5547752808988764,0.3414932680538556,0.5334555995977045,0.061021597531710665,0.4725771123286651,0.0,0.11716171617161716,0.3390031219722252,0.6004381248789481,0.3328589058173783,0.8857142857142861,0.20018084707375253
4F6yN5FsFW10Ucx7cLCzBh,0.0,1.0,0.0,1.0,0.0,0.0,0.0,0.0,0.0,0.0,0.0,0.0,0.0,0.0,0.0,0.0,1.0,0.0,0.7401685393258428,0.28641370869033045,0.742057622907176,0.4092103759570335,0.2864278578564293,1.4675052410901468e-05,0.09476661951909476,0.09893422327484121,0.11349170835309125,0.29688160265399094,0.8571428571428612,0.14252775408908486
7wAFfH245FJP77ZugGVISe,0.0,1.0,0.0,0.0,0.0,0.0,0.0,0.0,0.0,0.0,1.0,0.0,0.0,0.0,0.0,0.0,1.0,0.0,0.726123595505618,0.5091799265605874,0.7961308643436076,0.16352416866643815,0.15508921720101843,0.0,0.20202734559170202,0.2582624609753472,0.21712560692985322,0.16485480205440428,0.9142857142857181,0.06709966202841267
1tkMs9wDPknQ3ZHcKDw1ES,0.0,1.0,0.0,1.0,0.0,0.0,0.0,0.0,0.0,0.0,0.0,0.0,0.0,0.0,0.0,0.0,1.0,0.0,0.5997191011235954,0.4749082007343942,0.5904277347216469,0.10524511484401783,0.011237209994973971,0.0,0.046086751532296084,0.6113682850683605,0.13353458581837857,0.32772920209981476,0.5428571428571445,0.04019126827947795
7ySUcLPVX7KudhnmNcgY2D,0.0,1.0,0.0,1.0,0.0,0.0,0.0,0.0,0.0,0.0,0.0,0.0,0.0,0.0,0.0,0.0,1.0,0.0,0.7064606741573034,0.6401468788249695,0.775128675383068,0.01622671694663467,0.010823544985035669,0.0001310272536687631,0.07083922677982085,0.8589729787921198,0.453739756493398,0.36060976199436157,0.6285714285714263,0.5119009047700843
4b5fEUCaZz5aqx0MRaIFie,0.0,1.0,0.0,0.0,0.0,0.0,0.0,0.0,0.0,1.0,0.0,0.0,0.0,0.0,0.0,0.0,1.0,0.0,0.776685393258427,0.5801713586291309,0.32692421463645494,0.33379042395154845,0.2657446073595142,9.80083857442348e-06,0.19613389910419612,0.45849930024760477,0.4384588155935056,0.2718385572918528,0.8571428571428612,4.8420497253425665e-05
6GnhWMhgJb7uyiiPEiEkDA,0.0,1.0,0.0,0.0,0.0,0.0,0.0,0.0,0.0,0.0,1.0,0.0,0.0,0.0,0.0,0.0,1.0,0.0,0.8103932584269662,0.33537331701346385,0.572620244926936,0.17266598103073935,0.4860212251516599,0.0,0.13955681282413954,0.1646032942189687,0.40088426423738893,0.2859347308272068,0.7714285714285722,0.08641542571144428
6c0GmyBsE7mQtrVvxJaWc3,1.0,0.0,0.0,0.0,0.0,0.0,0.0,0.0,0.0,0.0,0.0,0.0,0.0,1.0,0.0,0.0,1.0,0.0,0.7345505617977528,0.4761321909424725,0.632905401408034,0.023311621528968124,0.17990911779731653,0.0,0.038661008958038666,0.7093336204112392,0.7481182670023843,0.3353249478094693,0.6000000000000014,0.023114682624018914
61H24wWW4V9KczIns74dHi,0.0,1.0,0.0,1.0,0.0,0.0,0.0,0.0,0.0,0.0,0.0,0.0,0.0,0.0,0.0,1.0,0.0,0.0,0.39185393258426976,0.5152998776009792,0.504052535052949,0.450348531596389,0.49636285040011746,0.0,0.10066006600660066,0.2840994724943482,0.255888972744091,0.1091701863301805,0.8285714285714292,2.6474516483887415e-06
3JlIWg991WM3tlg8aOXEnq,1.0,0.0,0.0,0.0,0.0,0.0,1.0,0.0,0.0,0.0,0.0,0.0,0.0,0.0,0.0,0.0,1.0,0.0,0.943820224719101,0.17747858017135862,0.3569188901378453,0.229802308307622,0.0553959498058877,0.0,0.07107496463932109,0.10647001830121651,0.30015561447682143,0.20418533367251046,0.8857142857142861,0.000406488332698003
0oJMv049q8hEkes9w0L1J4,0.0,1.0,1.0,0.0,0.0,0.0,0.0,0.0,0.0,0.0,0.0,0.0,0.0,0.0,0.0,0.0,1.0,0.0,0.46488764044943826,0.43574051407588743,0.6601195054132402,0.3874985715918181,0.1850799304215453,0.0,0.32814710042432815,0.4046721929163527,0.21372613187826,0.3899583947391104,0.6000000000000014,0.06862263471531586
3LmObtLcNnsYgojLNMIJBY,0.0,1.0,0.0,0.0,0.0,0.0,1.0,0.0,0.0,0.0,0.0,0.0,0.0,0.0,0.0,0.0,1.0,0.0,0.5070224719101124,0.996328029375765,0.8864698574217593,0.48348760141698094,0.4529280243565958,0.0,0.38943894389438943,0.6651953923996126,0.13997956307729292,0.21198921080349237,0.7142857142857153,0.05964425530337688
7yOoJXW6wkpzlJpfjDKhIV,0.0,1.0,0.0,0.0,0.0,0.0,0.0,0.0,0.0,1.0,0.0,0.0,0.0,0.0,0.0,0.0,1.0,0.0,0.7879213483146066,0.5556915544675642,0.7242501331124651,0.22294594903439607,0.016408022619202746,0.0,0.32814710042432815,0.19797610076434496,0.4872937106372179,0.2776031669613443,0.9142857142857181,0.14356000767900318
2nxAepqcOyM5cY8oOhNkzy,0.0,1.0,0.0,0.0,0.0,0.0,0.0,0.0,0.0,0.0,0.0,0.0,0.0,1.0,0.0,0.0,1.0,0.0,0.8567415730337078,0.3023255813953488,0.3802283618292609,0.33607587704262376,0.018476347668894253,0.0008333333333333334,0.09240924092409239,0.31747227903972447,0.53385115775835,0.1629290608227288,0.8571428571428612,5.251359684139511e-06
4U3JMDnjnUKggATEp7NryT,0.0,1.0,0.0,1.0,0.0,0.0,0.0,0.0,0.0,0.0,0.0,0.0,0.0,0.0,0.0,0.0,1.0,0.0,0.5337078651685394,0.3635250917992656,0.5949831390877358,0.15781053593874989,0.0004881247117271962,0.0,0.09358793022159359,0.18613413715146948,0.5737565869003332,0.2383945709234097,0.2571428571428598,0.008969278796897646
3muBQDekYAg7jm6hDu6R0Z,0.0,1.0,0.0,1.0,0.0,0.0,0.0,0.0,0.0,0.0,0.0,0.0,0.0,0.0,0.0,0.0,1.0,0.0,0.45084269662921345,0.6731946144430844,0.6975684789682304,0.44920580505085134,0.1768066302227793,0.0,0.11362564827911362,0.3702228442243514,0.2536182035544216,0.38393309520856234,0.8285714285714292,0.03161497058663801
6bxUnsSGZCmoHHU5auwtps,0.0,1.0,0.0,1.0,0.0,0.0,0.0,0.0,0.0,0.0,0.0,0.0,0.0,0.0,0.0,0.0,1.0,0.0,0.6095505617977528,0.48102815177478586,0.7224753002425603,0.18295051994057823,0.22644643141537552,1.4255765199161426e-06,0.46016030174446015,0.028205404241576054,0.2477342398600137,0.3429227958567131,0.7142857142857153,0.12394584832728606
6EW1fwOk4JHmTZKINZsyjB,0.0,1.0,0.0,0.0,0.0,0.0,0.0,0.0,0.0,0.0,0.0,0.0,0.0,1.0,0.0,0.0,1.0,0.0,0.558988764044944,0.4798041615667076,0.5800745429805358,0.44349217232316307,0.4705087872789736,0.0,0.17963224893917962,0.7373237162234901,0.18015882026861868,0.31688324247731053,0.9142857142857181,0.7282782252919346
1cz9jUbkmRSX6jZmQrrSA9,1.0,0.0,0.0,0.0,0.0,0.0,0.0,0.0,0.0,0.0,0.0,1.0,0.0,0.0,0.0,0.0,1.0,0.0,0.36376404494382025,0.423500611995104,0.5372419097201679,0.4354930865043995,0.27091541998374297,0.0,0.15134370579915132,0.34007966411885027,0.08910765449578911,0.1392525348935481,0.9714285714285751,0.008439823302110008
3QFInJAm9eyaho5vBzxInN,0.0,1.0,0.0,1.0,0.0,0.0,0.0,0.0,0.0,0.0,0.0,0.0,0.0,0.0,0.0,0.0,1.0,0.0,0.625,0.5507955936352509,0.7494527598651126,0.34636041595246264,0.006045714120248282,0.0,0.23738802451673738,0.11508235547421682,0.49462028064035674,0.3788202101917122,0.9428571428571431,0.23101191941951416
7BjDcHQ6aKuVDjfiNFzk3I,1.0,0.0,0.0,0.0,0.0,0.0,0.0,0.0,0.0,1.0,0.0,0.0,0.0,0.0,0.0,0.0,1.0,0.0,0.6867977528089888,0.3990208078335373,0.5308525113885109,0.31093589304079533,0.07390745900062669,0.0,0.08227251296558227,0.3250080740660998,0.6079583781364999,0.23354447810520518,0.9428571428571431,0.08697564041419939
1FOINGDWa0dPgCpMabLT4Y,1.0,0.0,0.0,0.0,0.0,0.0,0.0,0.0,0.0,1.0,0.0,0.0,0.0,0.0,0.0,0.0,1.0,0.0,0.8356741573033708,0.5361077111383109,0.6097734130036088,0.2172323163067078,0.18818241799608257,0.008962264150943398,0.0865157944365865,0.5273979976316073,0.26709588656840016,0.15121693811348835,0.8857142857142861,0.004829065020053923
6YbhspuOar1D9WSSnfe7ds,0.0,1.0,1.0,0.0,0.0,0.0,0.0,0.0,0.0,0.0,0.0,0.0,0.0,0.0,0.0,0.0,1.0,0.0,0.40308988764044956,0.6009791921664627,0.6765662900076909,0.20466232430579362,0.09272921695281944,0.0,0.09712399811409711,0.5532350091506083,0.23022260216791662,0.28439371737434854,0.6571428571428584,0.4614489238126466
4cOdRhWoQg8wrtggw6YZLY,0.0,1.0,0.0,1.0,0.0,0.0,0.0,0.0,0.0,0.0,0.0,0.0,0.0,0.0,0.0,0.0,1.0,0.0,0.31460674157303375,0.3525091799265606,0.340767911021712,0.26522683121928925,0.14681591700225238,0.8972746331236897,0.11951909476661951,0.12692431908709229,0.39947505159321167,0.13471358803854006,0.9428571428571431,0.008926423173339353
0wbnC9AUenxp613TYaJsGK,0.0,1.0,1.0,0.0,0.0,0.0,0.0,0.0,0.0,0.0,0.0,0.0,0.0,0.0,0.0,0.0,1.0,0.0,0.9410112359550562,0.5189718482252141,0.6630183991007512,0.11210147411724375,0.01464994632696496,0.0,0.12187647336162188,0.22058348584347082,0.4338304536863266,0.38537319645714063,0.8571428571428612,0.11879591913442544
5lrorOJfDv5rGUKqLDKqo8,0.0,1.0,1.0,0.0,0.0,0.0,0.0,0.0,0.0,0.0,0.0,0.0,0.0,0.0,0.0,0.0,1.0,0.0,0.5224719101123596,0.8653610771113831,0.8360054428208009,0.0015998171637527162,0.07607920030280278,4.5911949685534594e-05,0.9646393210749645,0.840671762299494,0.4403422182743489,0.2031930303304244,1.0,0.0832090743774021
7pmfvp91orclnmxPLVjh4f,1.0,0.0,0.0,0.0,0.0,0.0,0.0,0.0,0.0,0.0,0.0,0.0,1.0,0.0,0.0,0.0,1.0,0.0,0.818820224719101,0.6744186046511628,0.6821865940957226,0.35093132213461325,0.08900623186337471,0.0,0.8031588873173031,0.5532350091506083,0.5336908681684911,0.36581304752754584,0.7714285714285722,0.04577291497419901
6klLvorLoo1sxvZcjJIY8I,1.0,0.0,0.0,0.0,0.0,0.0,0.0,0.0,0.0,0.0,0.0,0.0,1.0,0.0,0.0,0.0,1.0,0.0,0.8567415730337078,0.7001223990208079,0.807134828137017,0.3497885955890756,0.021475418990946942,0.0,0.08404054691183405,0.9956938314135,0.6336113912468526,0.16095076115132417,0.8857142857142861,0.10666688066900824
1hGy2eLcmC8eKx7qr1tOqx,1.0,0.0,0.0,1.0,0.0,0.0,0.0,0.0,0.0,0.0,0.0,0.0,0.0,0.0,0.0,0.0,1.0,0.0,0.696629213483146,0.6119951040391677,0.7126545583624208,0.047765969603473894,0.15508921720101843,0.0,0.2680339462517681,0.7879211971148671,0.46734433543268156,0.3222904547566439,0.5428571428571445,0.027883979681365956
4KX8vXbouybtUptEyYxtIk,0.0,1.0,0.0,0.0,0.0,0.0,0.0,0.0,0.0,1.0,0.0,0.0,0.0,0.0,0.0,0.0,1.0,0.0,0.7064606741573034,0.5703794369645043,0.8316275217417025,0.2686550108559022,0.4074248732633826,0.0,0.09123055162659122,0.48756593820648086,0.6538746668981961,0.19334357872518454,0.8571428571428612,0.27935376819979313
0b9oOr2ZgvyQu88wzixux9,0.0,1.0,0.0,0.0,0.0,0.0,0.0,1.0,0.0,0.0,0.0,0.0,0.0,0.0,0.0,0.0,1.0,0.0,0.8258426966292134,0.36964504283965727,0.7076850263266874,0.1258141926636956,0.12096185388110854,0.0,0.38354549740688354,0.5510819248573583,0.40065718731842187,0.32313138979231004,0.8571428571428612,0.10461677771623226
7oBW80497A8axagr4aC9U6,0.0,1.0,0.0,0.0,1.0,0.0,0.0,0.0,0.0,0.0,0.0,0.0,0.0,0.0,0.0,0.0,1.0,0.0,0.33707865168539325,0.3537331701346389,0.3286990475063597,0.3852131185007428,0.07059813892112028,0.0002358490566037736,0.0876944837340877,0.1010873075680913,0.787716474430471,0.2319193711487803,0.8857142857142861,0.09281698992341585
7sB2rmolvEt77KFPCraSNc,1.0,0.0,0.0,0.0,0.0,0.0,0.0,0.0,0.0,0.0,0.0,1.0,0.0,0.0,0.0,0.0,1.0,0.0,0.9101123595505618,0.758873929008568,0.7486245045258237,0.31550679922294594,0.19542155567000288,0.0,0.11480433757661479,0.8288297986866187,0.5346325695089127,0.42845640067190705,0.8571428571428612,0.1412003357665388
2bSk87AVkCIIC3Bcligq1z,0.0,1.0,0.0,1.0,0.0,0.0,0.0,0.0,0.0,0.0,0.0,0.0,0.0,0.0,0.0,0.0,1.0,0.0,0.6320224719101124,0.4651162790697675,0.6041531089155769,0.1395269112101474,0.002136579776331329,0.0,0.10183875530410183,0.37668209710410167,0.5339246238203688,0.36787333836492797,0.8571428571428612,0.14356000767900318
29YW2xXlo6Pc6M0SBTCXYN,0.0,1.0,0.0,1.0,0.0,0.0,0.0,0.0,0.0,0.0,0.0,0.0,0.0,0.0,0.0,0.0,1.0,0.0,0.6151685393258426,0.41982864137086906,0.6727799798852274,0.22408867557993373,0.04184842073040831,0.00044234800838574426,0.13012729844413012,0.03681774141457639,0.15029152669155615,0.31395048154042476,0.9714285714285751,0.7282782252919346
419BgOz6TVQm8vvgiwXq5X,1.0,0.0,0.0,0.0,0.0,1.0,0.0,0.0,0.0,0.0,0.0,0.0,0.0,0.0,0.0,0.0,1.0,0.0,0.678370786516854,0.38433292533659724,0.7419393007158491,0.049594332076334145,0.05239687848383501,0.0,0.3081093823668081,0.2927118096673485,0.09974019728977018,0.44756244468224216,0.37142857142857366,0.008425741297782887
1QgTBfRN5m81a5K01qens6,1.0,0.0,0.0,0.0,0.0,0.0,0.0,0.0,0.0,0.0,0.0,0.0,1.0,0.0,0.0,0.0,1.0,0.0,0.7373595505617978,0.43084455324357407,0.6834881382003194,0.2766540966746658,0.02426765780803048,2.9664570230607968e-05,0.08533710513908535,0.4778770588868555,0.11329134636576749,0.3684872209409642,0.8285714285714292,0.14356000767900318
2d8JP84HNLKhmd6IYOoupQ,0.0,1.0,0.0,0.0,0.0,0.0,0.0,0.0,0.0,1.0,0.0,0.0,0.0,0.0,0.0,0.0,1.0,0.0,0.6741573033707866,0.8714810281517749,0.8470685677098739,0.11552965375385671,0.02519840408039166,0.0,0.38354549740688354,0.839595220152869,0.5880023241990529,0.3153947874641814,0.7714285714285722,0.03969069961731434
3OePAyHePd68TTKmy2hjq0,1.0,0.0,0.0,0.0,0.0,0.0,0.0,0.0,0.0,0.0,0.0,1.0,0.0,0.0,0.0,0.0,1.0,0.0,0.5393258426966292,0.7343941248470013,0.7132461693190557,0.008684721746086164,0.003243133677916287,0.0,0.06706742102781707,0.24857358165572185,0.5181828503496317,0.5239466763093884,0.5714285714285694,0.20018084707375253
6Z8R6UsFuGXGtiIxiD8ISb,0.0,1.0,1.0,0.0,0.0,0.0,0.0,0.0,0.0,0.0,0.0,0.0,0.0,0.0,0.0,0.0,0.0,1.0,0.5463483146067416,0.8053855569155446,0.7850085783588711,0.005370814764026975,0.00014685107852809717,0.0039203354297693924,0.08887317303158887,0.784691570674992,0.3868455676589037,0.2537899890888679,0.7142857142857153,0.007672140702580021
41a7dZcq30Ss5kPMayWRV0,1.0,0.0,0.0,0.0,0.0,0.0,0.0,0.0,0.0,0.0,0.0,0.0,1.0,0.0,0.0,0.0,1.0,0.0,0.8202247191011236,0.38188494492044056,0.732059397740046,0.20809050394240658,0.12096185388110854,0.01079664570230608,0.09358793022159359,0.36914630207772636,0.16977339059233681,0.17981924101408353,0.8571428571428612,0.7282782252919346
6j9iyrrmqWlQZ5SD1hSTaq,1.0,0.0,0.0,0.0,0.0,0.0,0.0,0.0,1.0,0.0,0.0,0.0,0.0,0.0,0.0,0.0,1.0,0.0,0.5168539325842698,0.616891064871481,0.7180382180677984,0.17038052793966404,0.017752433901502225,0.0,0.3965110796793965,0.6178275379481107,0.4746842629016423,0.34847296709210973,0.6857142857142833,0.7282782252919346
59J5nzL1KniFHnU120dQzt,0.0,1.0,0.0,0.0,0.0,0.0,0.0,0.0,0.0,0.0,1.0,0.0,0.0,0.0,0.0,0.0,1.0,0.0,0.728932584269663,0.5618115055079559,0.6776311897296337,0.259513198491601,0.014236281317026658,0.0,0.14309288071664308,0.4746474324469804,0.1231758710737399,0.3436544093377426,0.8285714285714292,0.14356000767900318
6daconu258hc5a7TlCjBlB,1.0,0.0,0.0,1.0,0.0,0.0,0.0,0.0,0.0,0.0,0.0,0.0,0.0,0.0,0.0,0.0,1.0,0.0,0.6292134831460674,0.5507955936352509,0.6755605513814115,0.24351502685407383,0.3246918712757222,0.0,0.1041961338991042,0.8137582086338682,0.5344455649874107,0.25933805798667536,0.7714285714285722,0.03834935604744665
4CzhtKifG867Lu5DNQVBSA,0.0,1.0,0.0,0.0,0.0,0.0,0.0,0.0,0.0,0.0,0.0,0.0,0.0,1.0,0.0,0.0,1.0,0.0,0.5280898876404494,0.6474908200734394,0.7702774655386617,0.26751228431036456,0.0061594719979813145,1.3626834381551364e-06,0.34582743988684583,0.650123802346862,0.6948620507717276,0.10936780606356206,0.9142857142857181,0.08398024046594313
7rbECVPkY5UODxoOUVKZnA,0.0,1.0,1.0,0.0,0.0,0.0,0.0,0.0,0.0,0.0,0.0,0.0,0.0,0.0,0.0,0.0,1.0,0.0,0.38764044943820236,0.37331701346389234,0.5594273205939774,0.06422123185921608,0.14578175447740663,0.00046645702306079664,0.11362564827911362,0.09355151254171602,0.8772582465654615,0.360273387980095,0.5428571428571445,0.20018084707375253
01Z60kvLjK2PCVNHo55eld,0.0,1.0,0.0,1.0,0.0,0.0,0.0,0.0,0.0,0.0,0.0,0.0,0.0,0.0,0.0,0.0,1.0,0.0,0.8384831460674158,0.23500611995104034,0.2158788380760811,0.30522226031310706,0.10855190358295948,0.0,0.0823903818953324,0.48648939605985575,0.3269974420452952,0.34362287427390514,0.8571428571428612,0.010677886613199057
0DiWol3AO6WpXZgp0goxAV,0.0,1.0,0.0,0.0,1.0,0.0,0.0,0.0,0.0,0.0,0.0,0.0,0.0,0.0,0.0,0.0,1.0,0.0,0.48735955056179775,0.6560587515299877,0.5622078920901614,0.12124328648154498,0.020027591456162886,0.0,0.3576143328618577,0.47249434815373026,0.41883669830159814,0.5219788883259295,0.37142857142857366,0.08466799441011486
4GkkxswcdEt1tkSyiRzgnC,0.0,1.0,0.0,0.0,0.0,0.0,0.0,0.0,0.0,0.0,1.0,0.0,0.0,0.0,0.0,0.0,1.0,0.0,0.75561797752809,0.36107711138310894,0.6318996627817546,0.022740258256199297,0.0006556590407522084,0.0,0.3316831683168317,0.13768974055334265,0.4673777290972357,0.32179009841042255,0.8285714285714292,0.13666316970816478
1lAJUXyP5S2dUYHer1xBas,0.0,1.0,0.0,1.0,0.0,0.0,0.0,0.0,0.0,0.0,0.0,0.0,0.0,0.0,0.0,0.0,1.0,0.0,0.7205056179775282,0.3990208078335373,0.5607880257942376,0.15781053593874989,0.28953034543096656,0.0,0.16195190947666196,0.0585638927764022,0.44757528601673685,0.47912063423320383,0.9428571428571431,0.008395818127178073
6K2anECyrckidwf5wxS78Q,0.0,1.0,0.0,0.0,0.0,0.0,0.0,0.0,0.0,0.0,0.0,0.0,0.0,1.0,0.0,0.0,1.0,0.0,0.7064606741573034,0.7906976744186047,0.8965864047802163,0.3189349788595589,0.05322420850371161,0.0,0.09712399811409711,0.35192162773172575,0.1495234724068149,0.1424817254305062,0.8571428571428612,0.10666688066900824
3DFkDKoILOZ3an5oJzKDNZ,0.0,1.0,0.0,0.0,1.0,0.0,0.0,0.0,0.0,0.0,0.0,0.0,0.0,0.0,0.0,0.0,1.0,0.0,0.45926966292134835,0.6891064871481027,0.6483464473762053,0.34636041595246264,0.09262580070033485,0.0,0.7300801508722301,0.5844547314027344,0.14208336394419258,0.3066091186790592,1.0,0.05973504373572705
0RLLvYBopDwooCyvnTwgYu,1.0,0.0,0.0,0.0,0.0,0.0,0.0,0.0,1.0,0.0,0.0,0.0,0.0,0.0,1.0,0.0,0.0,0.0,0.42275280898876405,0.43329253365973075,0.4647695675323905,0.2515141126728374,0.36605837226955235,0.0,0.05822725129655822,0.305630315426849,0.40116477101964204,0.31940394524671983,0.8857142857142861,0.06760439345994446
64zNHSlUfc3xD1yPYv6iEM,0.0,1.0,0.0,1.0,0.0,0.0,0.0,0.0,0.0,0.0,0.0,0.0,0.0,0.0,0.0,0.0,1.0,0.0,0.45505617977528084,0.32068543451652387,0.13192924332958633,0.35550222831676387,0.39708324801492506,0.001509433962264151,0.25153229608675154,0.18290451071159436,0.5005109230676754,0.3044247899239164,0.8571428571428612,4.8420497253425665e-05
7AOtINPzQ4N4JVXk7ygZZz,1.0,0.0,0.0,0.0,0.0,1.0,0.0,0.0,0.0,0.0,0.0,0.0,0.0,0.0,0.0,0.0,1.0,0.0,0.6629213483146068,0.6070991432068544,0.5551677217062059,0.0938178493886413,0.169567492548859,0.0,0.15841584158415842,0.7308644633437399,0.6610342685785653,0.13408078442420124,0.8857142857142861,0.08864973556312394
6XHVuErjQ4XNm6nDPVCxVX,1.0,0.0,0.0,1.0,0.0,0.0,0.0,0.0,0.0,0.0,0.0,0.0,0.0,0.0,0.0,0.0,1.0,0.0,0.603932584269663,0.35862913096695226,0.6723658522155829,0.14409781739229802,0.12716682903018306,0.0,0.14898632720414898,0.10647001830121651,0.21969024036759738,0.39643359451373983,0.8857142857142861,0.7282782252919346
6bUNEbXT7HovLW6BgPCBsb,0.0,1.0,1.0,0.0,0.0,0.0,0.0,0.0,0.0,0.0,0.0,0.0,0.0,0.0,0.0,0.0,1.0,0.0,0.6811797752808988,0.6695226438188494,0.7376205407324143,0.03153925265683922,0.04981147217172062,1.939203354297694e-05,0.09240924092409239,0.5080202389923566,0.3268304737225253,0.6254475351142935,0.4285714285714306,0.021477991438350375
4Vb7lpti4vXzQdkFIOK1s2,1.0,0.0,0.0,0.0,0.0,0.0,0.0,1.0,0.0,0.0,0.0,0.0,0.0,0.0,0.0,0.0,1.0,0.0,0.7457865168539326,0.40758873929008566,0.4239484115245813,0.06022168894983431,0.4001857355894623,0.0,0.09712399811409711,0.2744105931747228,0.3338565007446787,0.3619363370131249,0.8571428571428612,1.9159189560708e-05
2ye9iWj5V4g6k6HFeTTAKa,1.0,0.0,0.0,0.0,0.0,0.0,1.0,0.0,0.0,0.0,0.0,0.0,0.0,0.0,0.0,0.0,1.0,0.0,0.28089887640449446,0.2962056303549572,0.45435721469561596,0.026625528511027313,0.6101207281331505,9.968553459119497e-05,0.08415841584158415,0.0641619119388524,0.10017431492897172,0.3721768234099495,0.6571428571428584,0.6728145922379295
0Zl4G9qcdXV5hVhdOirNHG,1.0,0.0,1.0,0.0,0.0,0.0,0.0,0.0,0.0,0.0,0.0,0.0,0.0,0.0,0.0,0.0,1.0,0.0,0.9620786516853932,0.5042839657282742,0.7169733183458556,0.22865958176208434,0.06894347888136707,0.0,0.10655351249410655,0.412207987942728,0.3006631981780417,0.2921576500911363,0.8857142857142861,0.06897090523791691
1D9XLqQp2YYiOxrr5KLb8K,0.0,1.0,0.0,0.0,0.0,0.0,0.0,0.0,0.0,0.0,1.0,0.0,0.0,0.0,0.0,0.0,1.0,0.0,0.31039325842696625,0.6744186046511628,0.6388215109743831,0.27779682322020344,1.8614925447223583e-05,0.0,0.19966996699669967,0.3874475185703521,0.6423271376954365,0.2954646271188935,0.6571428571428584,0.7282782252919346
4dVpf9jZjcORqGTLUaeYj9,0.0,1.0,0.0,0.0,0.0,0.0,0.0,0.0,0.0,0.0,0.0,0.0,0.0,1.0,0.0,0.0,1.0,0.0,0.7457865168539326,0.8359853121175029,0.7477370880908714,0.2835104559478917,0.06728881884161388,0.0,0.06883545497406882,0.5198622026052321,0.7353819233415035,0.213446130752784,0.8285714285714292,0.03231602275010937
4IWGnyOHDrVZEtPWfs4s7q,0.0,1.0,0.0,0.0,0.0,0.0,0.0,0.0,0.0,0.0,0.0,1.0,0.0,0.0,0.0,0.0,1.0,0.0,0.582865168539326,0.6609547123623011,0.6972135123942493,0.05690778196777512,0.10958606610780523,0.0,0.21145685997171143,0.38852406071697715,0.5337509767646882,0.2168161779082161,0.8000000000000043,0.14356000767900318
6vxU64pcIuQ38O015Zy4qj,0.0,1.0,0.0,0.0,0.0,0.0,0.0,0.0,0.0,0.0,0.0,1.0,0.0,0.0,0.0,0.0,1.0,0.0,0.931179775280899,0.49204406364749076,0.6326095959297164,0.5291966632384871,0.000577062688863931,0.0,0.2538896746817539,0.34007966411885027,0.4669970413213204,0.29813880053231184,0.9142857142857181,0.14356000767900318
6lruHh1jF7ezgbLv72xYmf,0.0,1.0,0.0,0.0,0.0,0.0,0.0,1.0,0.0,0.0,0.0,0.0,0.0,0.0,0.0,0.0,1.0,0.0,0.7808988764044944,0.5067319461444308,0.7200496953203572,0.07599131527825392,0.11682520378172552,0.0,0.09123055162659122,0.6232102486812359,0.2675032892759585,0.31730160765755444,0.8571428571428612,0.006428839930927986
4XvcHTUfIlWfyJTRG0aqlo,1.0,0.0,0.0,0.0,0.0,0.0,0.0,0.0,1.0,0.0,0.0,0.0,0.0,0.0,0.0,0.0,1.0,0.0,0.7907303370786516,0.4296205630354958,0.725078388451754,0.18295051994057823,0.5087728006982666,0.0,0.10773220179160772,0.6468941759069868,0.1367604138142911,0.10914285594152134,0.9428571428571431,0.015018653561130755
1EJIcDYXwSqipW5dFe4uJz,0.0,1.0,0.0,0.0,1.0,0.0,0.0,0.0,0.0,0.0,0.0,0.0,0.0,0.0,0.0,0.0,1.0,0.0,0.29634831460674155,0.6927784577723378,0.832278293794001,0.29608044794880584,0.0008604232206716679,0.0,0.09358793022159359,0.2044353536440952,0.6012729664927972,0.3457336212134272,0.9428571428571431,0.14252775408908486
32OkBQinMWqa7ZydEkHqVi,0.0,1.0,0.0,1.0,0.0,0.0,0.0,0.0,0.0,0.0,0.0,0.0,0.0,0.0,0.0,0.0,1.0,0.0,0.8707865168539326,0.4663402692778458,0.7511684316393539,0.35550222831676387,0.11682520378172552,0.0,0.14427157001414426,0.29809452040047374,0.15685004240995398,0.1406989431548939,0.8571428571428612,0.029568203074590103
2bLqfJjuC5syrsgDsZfGmn,1.0,0.0,0.0,0.0,0.0,1.0,0.0,0.0,0.0,0.0,0.0,0.0,0.0,0.0,0.0,0.0,1.0,0.0,0.6530898876404494,0.7906976744186047,0.6879843814707447,0.08353331047880244,0.1871482554712368,0.7872117400419287,0.34229137199434234,0.783615028528367,0.3654936585431012,0.22505103424497697,0.5428571428571445,0.023611672001223678
6w9GrSUaQQIaMBYtabge7p,1.0,0.0,0.0,0.0,0.0,0.0,1.0,0.0,0.0,0.0,0.0,0.0,0.0,0.0,0.0,0.0,1.0,0.0,0.8356741573033708,0.41003671970624234,0.7444832278293794,0.010055993600731353,0.39501492296523355,2.6939203354297696e-06,0.09240924092409239,0.544622671977608,0.3738353959486806,0.25358606234271885,1.0,0.22819780023939232
0hquQWY3xvYqN4qtiquniF,1.0,0.0,0.0,0.0,0.0,0.0,0.0,0.0,0.0,0.0,1.0,0.0,0.0,0.0,0.0,0.0,1.0,0.0,0.7514044943820226,0.5385556915544676,0.6239720759628467,0.26065592503713864,0.08031926665467037,3.3857442348008386e-05,0.1371994342291372,0.756701474862741,0.6674391734400149,0.2330125866951463,0.9714285714285751,0.24491894809361012
3EApebexZ7YqDIqw2EMTDh,0.0,1.0,0.0,0.0,0.0,0.0,0.0,0.0,0.0,0.0,0.0,1.0,0.0,0.0,0.0,1.0,0.0,0.0,0.34831460674157305,0.6511627906976744,0.7249009051647635,0.4354930865043995,0.1830116053718538,0.0,0.38000942951438,0.2690278824415976,0.33750308891397124,0.354386842730432,0.8571428571428612,0.05179658158953066
422lAAWQO9TqL1LxIPdhOn,0.0,1.0,0.0,0.0,0.0,0.0,0.0,0.0,0.0,0.0,0.0,1.0,0.0,0.0,0.0,0.0,1.0,0.0,0.47331460674157305,0.7613219094247247,0.6643791043010115,0.12695691920923324,0.0036154321868607587,0.0,0.2208863743517209,0.15599095704596838,0.18112723654068347,0.2276011697406346,0.7714285714285722,0.04526879315324415
4R67rQNSbbsR4TdUVOIdez,1.0,0.0,0.0,0.0,0.0,0.0,0.0,1.0,0.0,0.0,0.0,0.0,0.0,0.0,0.0,0.0,1.0,0.0,0.8047752808988764,0.42227662178702574,0.6748506182334495,0.12124328648154498,0.0021055549005859564,0.0,0.11951909476661951,0.4337388308752288,0.6283752646447915,0.16301105198870625,0.9428571428571431,0.22819780023939232
2W5cWH1DZ19KFA6n7G1eiK,0.0,1.0,0.0,1.0,0.0,0.0,0.0,0.0,0.0,0.0,0.0,0.0,0.0,0.0,0.0,0.0,1.0,0.0,0.5702247191011236,0.6034271725826194,0.8041767733538424,0.07964804022397443,0.20783150596815195,0.0,0.08415841584158415,0.3949833135967274,0.12340962672561756,0.24377445281408394,0.9428571428571431,0.27935376819979313
1pacwLXyRO47ka0v6LTIiY,1.0,0.0,0.0,0.0,0.0,0.0,0.0,0.0,0.0,1.0,0.0,0.0,0.0,0.0,0.0,0.0,1.0,0.0,0.7443820224719102,0.4626682986536108,0.7186298290244334,0.01874071534681751,0.10648357853326797,0.0,0.3705799151343706,0.09247497039509096,0.3469868896472961,0.24495386420160575,0.9714285714285751,0.22819780023939232
2cnKST6T9qUo2i907lm8zX,1.0,0.0,0.0,0.0,0.0,0.0,1.0,0.0,0.0,0.0,0.0,0.0,0.0,0.0,0.0,0.0,1.0,0.0,0.6446629213483146,0.675642594859241,0.7068567709873985,0.18295051994057823,0.13130347912956608,0.0,0.6935407826496935,0.18290451071159436,0.03976517575085653,0.1605113725951886,0.9428571428571431,0.19502563168631767
4BhGTc3Cgay2U1QcTS7vQe,1.0,0.0,0.0,1.0,0.0,0.0,0.0,0.0,0.0,0.0,0.0,0.0,0.0,0.0,0.0,0.0,1.0,0.0,0.6404494382022472,0.11138310893512851,0.21948766491155403,0.056222146040452524,0.06935714389130539,0.0,0.0667138142385667,0.25610937668209716,0.13283331886274535,0.3490889520057352,0.8000000000000043,0.7282782252919346
1JAKldTUlrDZSDmbS6Wkwo,0.0,1.0,0.0,1.0,0.0,0.0,0.0,0.0,0.0,0.0,0.0,0.0,0.0,0.0,0.0,0.0,1.0,0.0,0.7443820224719102,0.4173806609547124,0.7522924924569602,0.05576505542223747,0.006779969512888768,0.0,0.12423385195662423,0.23242544945634624,0.6010325321080086,0.1998566205764189,0.8571428571428612,6.827638461634123e-06
0kIHfcHGFGm5xb0dSlKEdp,0.0,1.0,0.0,0.0,0.0,0.0,0.0,0.0,0.0,0.0,0.0,0.0,0.0,1.0,0.0,0.0,1.0,0.0,0.907303370786517,0.5911872705018361,0.6798201502691829,0.29836590103988114,0.007348758901553933,0.0,0.09240924092409239,0.48971902249973087,0.24020062913664014,0.3215903763394518,0.7714285714285722,0.06982085913916508
3ihIZrJreMJPjQdNLrEXnP,1.0,0.0,0.0,0.0,0.0,0.0,1.0,0.0,0.0,0.0,0.0,0.0,0.0,0.0,0.0,0.0,1.0,0.0,0.529494382022472,0.5434516523867808,0.7189847955984143,0.30865043994972,0.0347126993089726,0.0,0.09830268741159828,0.11615889762084185,0.16150511924877603,0.2699380441112473,0.9714285714285751,0.14252775408908486
6ptNBM3aWWACAQqC4rgkmp,0.0,1.0,0.0,1.0,0.0,0.0,0.0,0.0,0.0,0.0,0.0,0.0,0.0,0.0,0.0,0.0,1.0,0.0,0.38202247191011246,0.8029375764993879,0.7853043838371885,0.029253799565763912,0.16646500497432173,0.0,0.36822253653936826,0.44342771019485416,0.5339914111494766,0.29688790966675843,0.6857142857142833,0.03834935604744665
3J8EOeKLTLXORtWPpOU5bE,1.0,0.0,0.0,0.0,0.0,0.0,1.0,0.0,0.0,0.0,0.0,0.0,0.0,0.0,0.0,0.0,1.0,0.0,0.9002808988764046,0.28396572827417377,0.6203040880317102,0.030853616729516635,0.4663721371795906,1.4150943396226415e-06,0.1254125412541254,0.17752179997846917,0.29997528868823004,0.2804224016684151,0.9428571428571431,0.06760439345994446
3kS3AOajZlXtoToQ1Y4rPL,1.0,0.0,0.0,0.0,0.0,0.0,0.0,0.0,0.0,1.0,0.0,0.0,0.0,0.0,0.0,0.0,1.0,0.0,0.672752808988764,0.4969400244798041,0.6621901437614623,0.3017940806764941,0.08900623186337471,0.0,0.10537482319660535,0.9181827968564971,0.6684409833766338,0.2574060097422324,0.7714285714285722,0.0002516385374348444
45khAN78Qv8yzU78TkkGBi,1.0,0.0,0.0,0.0,0.0,0.0,1.0,0.0,0.0,0.0,0.0,0.0,0.0,0.0,0.0,0.0,1.0,0.0,0.5926966292134832,0.6805385556915544,0.8353546707685024,0.3143640726774083,0.26781293240920573,0.0,0.03748231966053748,0.5252449133383573,0.5740437724154974,0.1491440332505713,0.9714285714285751,0.05973504373572705
0IpnZchq8ek2A6pGEP2Qb1,0.0,1.0,1.0,0.0,0.0,0.0,0.0,0.0,0.0,0.0,0.0,0.0,0.0,0.0,0.0,0.0,1.0,0.0,0.6558988764044944,0.4969400244798041,0.6746139738507956,0.33379042395154845,0.01330553504466548,0.0,0.41654879773691655,0.3034772311335989,0.10323317460211451,0.3505521789677942,0.9142857142857181,0.14356000767900318
5RqsqQU0erB0OgLbwem6pU,1.0,0.0,0.0,0.0,0.0,0.0,0.0,0.0,0.0,0.0,0.0,0.0,1.0,0.0,0.0,0.0,1.0,0.0,0.5168539325842698,0.4908200734394126,0.5441637579127965,0.15552508284767458,0.31952105865149344,2.1802935010482183e-06,0.09594530881659594,0.29055872537409844,0.8079931075476361,0.3183107297003538,0.7714285714285722,0.06795072193742184
2nKYHpmwjLaEOXS3o7QMiz,0.0,1.0,0.0,0.0,0.0,0.0,0.0,0.0,0.0,0.0,0.0,0.0,1.0,0.0,0.0,0.0,1.0,0.0,0.9887640449438202,0.36964504283965727,0.6426078210968466,0.3874985715918181,0.09893419210189396,0.0,0.14427157001414426,0.45526967380772965,0.3203721389977893,0.14788893770983957,0.8857142857142861,0.14252775408908486
0NTMtAO2BV4tnGvw9EgBVq,0.0,1.0,0.0,1.0,0.0,0.0,0.0,0.0,0.0,0.0,0.0,0.0,0.0,0.0,0.0,0.0,1.0,0.0,0.723314606741573,0.6940024479804161,0.7773767970182807,0.04022397440292539,0.052603710988804155,2.0335429769392034e-06,0.2692126355492692,0.385294434277102,0.2868916509159882,0.30953557260317743,0.7714285714285722,0.5119009047700843
52i143Ph5c3RQaQFBXWix1,1.0,0.0,0.0,0.0,0.0,0.0,0.0,0.0,0.0,0.0,0.0,0.0,1.0,0.0,0.0,0.0,1.0,0.0,0.8735955056179776,0.3317013463892289,0.5233390522392474,0.07599131527825392,0.058084772370486655,0.0,0.09830268741159828,0.14630207772634296,0.26668848386084193,0.21215529547303646,0.8571428571428612,0.14252775408908486
7y911sqgHGHcyU4ivapjwi,0.0,1.0,0.0,1.0,0.0,0.0,0.0,0.0,0.0,0.0,0.0,0.0,0.0,0.0,0.0,0.0,1.0,0.0,0.5674157303370788,0.43329253365973075,0.6592912500739512,0.42292309450348536,0.07287329647578093,0.0,0.260961810466761,0.41436107223597807,0.41389443594761194,0.4179342010381343,0.7142857142857153,0.7282782252919346
3WCXvxgQ7U3mznWsQjiEMu,0.0,1.0,0.0,0.0,0.0,0.0,0.0,1.0,0.0,0.0,0.0,0.0,0.0,0.0,0.0,0.0,1.0,0.0,0.8497191011235956,0.6621787025703794,0.5972904218186119,0.25837047194606333,0.3060769458284986,0.0,0.0737859500235738,0.6867262353321134,0.43448496951158416,0.12448781800483955,0.8857142857142861,0.00990256646401237
1w7MZ7xqRhYrqnUuRpG6r3,0.0,1.0,0.0,0.0,1.0,0.0,0.0,0.0,0.0,0.0,0.0,0.0,0.0,0.0,0.0,0.0,1.0,0.0,0.42556179775280895,0.5275397796817625,0.5380110039637933,0.26522683121928925,0.013926032559572933,0.0001488469601677149,0.10066006600660066,0.516632576165357,0.46724415443901973,0.15177195523702802,1.0,3.8405466346691944e-06
6bCWyr3C3ngZdwizTYWQTG,0.0,1.0,0.0,1.0,0.0,0.0,0.0,0.0,0.0,0.0,0.0,0.0,0.0,0.0,0.0,0.0,1.0,0.0,0.580056179775281,0.7747858017135864,0.8363012482991183,0.30750771340418237,0.3505459343968661,1.729559748427673e-05,0.09948137670909948,0.7114867047044892,0.601306360157351,0.21792200748011714,0.9428571428571431,0.01744275260285428
45sDIKapDyxPl307QpEAwl,1.0,0.0,0.0,0.0,0.0,0.0,1.0,0.0,0.0,0.0,0.0,0.0,0.0,0.0,0.0,0.0,1.0,0.0,0.558988764044944,0.8372093023255813,0.710288114535881,0.021940349674322943,0.1871482554712368,0.0,0.28099952852428106,0.34438583270535045,0.24024070153410487,0.29260544799762855,0.6285714285714263,0.009713717816001482
7hav1MHURQf5SAoPk0egqh,1.0,0.0,0.0,0.0,0.0,0.0,0.0,0.0,0.0,0.0,0.0,0.0,1.0,0.0,0.0,0.0,1.0,0.0,0.7106741573033708,0.5789473684210527,0.7111163698751699,0.21151868357901954,0.13957677932833212,0.0,0.47548326261197554,0.6824200667456132,0.6679935082716106,0.29051992910917646,0.9142857142857181,0.14356000767900318
4q6dqyGM25sKFU8nYAGRe4,0.0,1.0,0.0,0.0,0.0,0.0,0.0,0.0,0.0,1.0,0.0,0.0,0.0,0.0,0.0,0.0,1.0,0.0,0.625,0.4247246022031824,0.6402413772703068,0.026625528511027313,0.03667760810617953,0.0,0.13248467703913247,0.6738077295726128,0.2542192895163929,0.3063694521938944,0.7428571428571473,0.18249520819960363
7BbbLiARcvEIhyMCcTRfJr,0.0,1.0,0.0,0.0,0.0,0.0,0.0,0.0,0.0,0.0,0.0,0.0,0.0,1.0,0.0,0.0,1.0,0.0,0.6137640449438202,0.9351285189718483,0.924214636455067,0.10753056793509314,0.021475418990946942,0.0,0.38354549740688354,0.3874475185703521,0.5270321714564312,0.42261400451161646,0.6857142857142833,0.13666316970816478
5VKsvhjnjQ3IAspPjGiNPf,1.0,0.0,0.0,0.0,0.0,0.0,0.0,0.0,0.0,0.0,0.0,0.0,0.0,1.0,0.0,0.0,0.0,1.0,0.35252808988764045,0.598531211750306,0.7824054901496775,0.30750771340418237,0.05146613221147382,0.0,0.8844884488448844,0.4100549036494779,0.47664113164450445,0.39604045738456584,0.6571428571428584,0.09680461817285359
4Pwjz3DfvfQWV0rO2V8jyh,0.0,1.0,0.0,1.0,0.0,0.0,0.0,0.0,0.0,0.0,0.0,0.0,0.0,0.0,0.0,0.0,1.0,0.0,0.45084269662921345,0.657282741738066,0.5426847305212091,0.0770197691692378,0.015684108851810714,0.0,0.48727015558698733,0.06609968780277749,0.4936919367657568,0.5017186609791427,0.6857142857142833,0.23101191941951416
7GUMqIKEU9Whg5VVUlqeuh,0.0,1.0,0.0,0.0,0.0,0.0,0.0,0.0,0.0,1.0,0.0,0.0,0.0,0.0,0.0,0.0,1.0,0.0,0.8497191011235956,0.3892288861689106,0.5710820564396851,0.5074848588732717,0.4146640109373029,1.6561844863731658e-05,0.07567185289957568,0.5618473463236087,0.5478497819393704,0.14028478264982835,0.9142857142857181,0.015018653561130755
4y2bMYA83ZNN3pW47ZOgmr,0.0,1.0,0.0,0.0,0.0,1.0,0.0,0.0,0.0,0.0,0.0,0.0,0.0,0.0,0.0,0.0,1.0,0.0,0.678370786516854,0.8616891064871481,0.7627640063893982,0.01645526225574221,0.005507949607328489,0.0,0.19966996699669967,0.359457422758101,0.3464926634118975,0.3026420076483041,0.7428571428571473,0.04020656950495893
1ULa3GfdMKs0MfRpm6xVlu,0.0,1.0,0.0,0.0,0.0,0.0,0.0,0.0,0.0,0.0,1.0,0.0,0.0,0.0,0.0,0.0,1.0,0.0,0.6334269662921348,0.8580171358629132,0.7918712654558362,0.030967889384070392,0.007090218270342495,0.0,0.3446487505893447,0.5198622026052321,0.4674244802276111,0.32136542621741115,0.7428571428571473,0.09643701428624128
1AR6VrButtOFNqS9ck6Wam,1.0,0.0,0.0,0.0,0.0,0.0,0.0,0.0,0.0,0.0,0.0,0.0,0.0,1.0,0.0,0.0,1.0,0.0,0.648876404494382,0.8261933904528764,0.6829556883393479,0.2732259170380528,0.05549936605837227,0.0,0.48727015558698733,0.5295510819248574,0.46683007299855056,0.3259632385249158,0.6857142857142833,0.03834935604744665
6Slt6WiWnriaqCb8xXb2ZT,0.0,1.0,0.0,0.0,0.0,0.0,0.0,0.0,0.0,1.0,0.0,0.0,0.0,0.0,0.0,0.0,1.0,0.0,0.41573033707865176,0.30966952264381886,0.6560373898124592,0.368072220317678,0.04598507082979132,0.0,0.2067421027817067,0.47034126386048014,0.6397691829906029,0.2949054053201755,0.6285714285714263,0.265582221122059
1ATOtTLEUzRioB7CPD0CMj,0.0,1.0,0.0,0.0,0.0,0.0,0.0,0.0,0.0,0.0,0.0,0.0,0.0,1.0,0.0,0.0,1.0,0.0,0.577247191011236,0.37454100367197063,0.319824883156836,0.684607473431608,0.1974898807196944,0.0,0.20556341348420556,0.5198622026052321,0.552170922132653,0.07959029645062343,0.9428571428571431,0.008439823302110008
0FZ4Dmg8jJJAPJnvBIzD9z,1.0,0.0,0.0,0.0,0.0,0.0,0.0,0.0,0.0,0.0,1.0,0.0,0.0,0.0,0.0,0.0,1.0,0.0,0.8356741573033708,0.5410036719706243,0.7296337928178429,0.17038052793966404,0.053844706018619064,0.0,0.0752003771805752,0.5026375282592314,0.2538519592062994,0.32941107217114707,0.8571428571428612,0.22819780023939232
6yXzFVpLb4aYlUs3AbBfYJ,0.0,1.0,1.0,0.0,0.0,0.0,0.0,0.0,0.0,0.0,0.0,0.0,0.0,0.0,0.0,0.0,1.0,0.0,0.6446629213483146,0.6340269277845778,0.7164408684848842,0.022740258256199297,0.0087448783100957,0.0,0.3434700612918435,0.4466573366347293,0.43381041748759425,0.2427821494719979,0.8000000000000043,9.370585439691729e-06
0F13K9dwYH2zpTWiR8d628,1.0,0.0,0.0,0.0,0.0,0.0,1.0,0.0,0.0,0.0,0.0,0.0,0.0,0.0,0.0,0.0,1.0,0.0,0.5997191011235954,0.33414932680538556,0.5522688280186948,0.4092103759570335,0.21093399354268919,0.0,0.29278642149929285,0.5435461298309829,0.5812634826920635,0.10021002352515762,0.9142857142857181,0.20018084707375253
4yNoUQkYf1QF8iYlEzNynH,1.0,0.0,0.0,0.0,0.0,0.0,0.0,1.0,0.0,0.0,0.0,0.0,0.0,0.0,0.0,0.0,1.0,0.0,0.6643258426966292,0.7086903304773562,0.7253741939300715,0.3497885955890756,0.00461856983596114,0.0,0.15605846298915604,0.48541285391323075,0.10379418816662106,0.43682580661437453,0.9428571428571431,0.1412003357665388
4NQfLaqLd1Fms4UTkkTj7J,0.0,1.0,0.0,0.0,1.0,0.0,0.0,0.0,0.0,0.0,0.0,0.0,0.0,0.0,0.0,0.0,1.0,0.0,0.5702247191011236,0.4614443084455325,0.6834289771046559,0.08696149011541537,0.010285780472115875,0.0004832285115303983,0.48609146628948613,0.031435030681451176,0.49959593665889696,0.1948257267255461,1.0,0.0832090743774021
2i2qDe3dnTl6maUE31FO7c,1.0,0.0,0.0,0.0,0.0,0.0,0.0,1.0,0.0,0.0,0.0,0.0,0.0,0.0,0.0,0.0,1.0,0.0,0.8876404494382022,0.5862913096695227,0.5516772170620599,0.26065592503713864,0.021889084000885243,0.0,0.0746110325318246,0.6921089460652385,0.6007787402573983,0.17139937896947616,0.9714285714285751,0.13666316970816478
0g2Bbgy7P41pFjMWJuzsf4,1.0,0.0,0.0,0.0,0.0,0.0,1.0,0.0,0.0,0.0,0.0,0.0,0.0,0.0,0.0,0.0,1.0,0.0,0.6348314606741572,0.3671970624235007,0.6179376442051705,0.06033596160438807,0.07028789016366656,0.0,0.29985855728429983,0.15491441489934332,0.46697032638967734,0.22306642756080486,0.9714285714285751,0.7282782252919346
70pwY1UfPmSVE3ybPjFy0p,0.0,1.0,0.0,1.0,0.0,0.0,0.0,0.0,0.0,0.0,0.0,0.0,0.0,0.0,0.0,0.0,1.0,0.0,0.5337078651685394,0.5336597307221542,0.7144293912323255,0.427494000685636,0.11372271620718825,0.0,0.0792079207920792,0.6059855743352353,0.19015688343607445,0.2371878291472288,0.9714285714285751,0.13666316970816478
6HZILIRieu8S0iqY8kIKhj,0.0,1.0,0.0,1.0,0.0,0.0,0.0,0.0,0.0,0.0,0.0,0.0,0.0,0.0,0.0,0.0,1.0,0.0,0.5224719101123596,0.4430844553243575,0.6778086730166242,0.37721403268197923,0.004659936336954971,0.0,0.06553512494106553,0.41436107223597807,0.5334905061811672,0.23940369296620911,0.8285714285714292,0.23101191941951416
1qJjofprTOxvqkIAdDixaP,1.0,0.0,1.0,0.0,0.0,0.0,0.0,0.0,0.0,0.0,0.0,0.0,0.0,0.0,0.0,0.0,1.0,0.0,0.9985955056179776,0.21175030599755204,0.5997751878364787,0.10753056793509314,0.2812570452322005,0.0,0.09476661951909476,0.10754656044784154,0.40037668053616865,0.41302734510502226,0.7714285714285722,0.09643701428624128
2bnDTGikdoO8CwzlAPyBHR,1.0,0.0,0.0,0.0,0.0,0.0,0.0,0.0,1.0,0.0,0.0,0.0,0.0,0.0,0.0,0.0,1.0,0.0,0.5603932584269664,0.8776009791921664,0.7913388155948646,0.20466232430579362,0.003325866679903947,0.0,0.04443658651579443,0.38421789213047697,0.2204850095839817,0.5197420011310576,0.6285714285714263,0.6999464866418124
1BzXvBpIFWJgu0P8P6xmP4,0.0,1.0,0.0,0.0,0.0,0.0,0.0,0.0,0.0,1.0,0.0,0.0,0.0,0.0,0.0,0.0,1.0,0.0,0.5688202247191012,0.8518971848225214,0.7505176595870555,0.30293680722203176,0.275052070083126,0.0,0.7536539368222537,0.6027559478953601,0.3909730245977732,0.4987816953670786,0.9714285714285751,0.19502563168631767
2EsyJN3AvC3zBlkQpb119M,1.0,0.0,0.0,0.0,0.0,0.0,0.0,1.0,0.0,0.0,0.0,0.0,0.0,0.0,0.0,0.0,1.0,0.0,0.5856741573033708,0.5458996328029375,0.7395728568893094,0.03793852131185008,0.15508921720101843,0.0,0.13955681282413954,0.4940251910862311,0.6205277534746108,0.16579244461917203,0.8857142857142861,0.018724493675743116
4fUh9VvKW4shhWN5LfN1Ba,1.0,0.0,0.0,0.0,0.0,0.0,0.0,0.0,0.0,0.0,0.0,1.0,0.0,0.0,0.0,0.0,1.0,0.0,0.696629213483146,0.5507955936352509,0.7489203100041412,0.06936350131413554,0.1261326665053373,0.00033018867924528304,0.13248467703913247,0.3756055549574766,0.26648144314060734,0.2831596452095084,0.7714285714285722,0.02602245540620251
598yNsG1JFrGd4n2kMoz7F,0.0,1.0,0.0,0.0,0.0,0.0,0.0,0.0,0.0,0.0,0.0,0.0,0.0,1.0,0.0,0.0,1.0,0.0,0.8651685393258428,0.5397796817625459,0.7434774892031,0.2492286595817621,0.018269515163925103,0.0,0.17609618104667607,0.4229734094089784,0.5538339266274401,0.23323122980441952,0.8857142857142861,0.14252775408908486
2Ih0U9yUuY0oU2In3h21If,0.0,1.0,0.0,0.0,0.0,0.0,0.0,0.0,0.0,0.0,0.0,0.0,0.0,1.0,0.0,0.0,1.0,0.0,0.6867977528089888,0.5079559363525091,0.7509909483523634,0.14638327048337332,0.0033362083051524044,0.0,0.13955681282413954,0.5575411777371085,0.49985640724241803,0.42950967180407895,0.7428571428571473,0.13666316970816478
6rLi6PyWXu1rPlShuIZpj6,1.0,0.0,0.0,0.0,0.0,0.0,0.0,0.0,0.0,0.0,0.0,0.0,0.0,1.0,0.0,0.0,1.0,0.0,0.9536516853932584,0.5152998776009792,0.5776489380583327,0.051422694549194396,0.11785936630657128,0.0,0.0876944837340877,0.9364840133491227,0.3205190711218268,0.20357775810924167,0.9142857142857181,0.09680461817285359
4jlpT1ZTTOcrwAyjJAND2e,0.0,1.0,0.0,0.0,1.0,0.0,0.0,0.0,0.0,0.0,0.0,0.0,0.0,0.0,0.0,0.0,1.0,0.0,0.794943820224719,0.5924112607099143,0.8416257469088326,0.06056450691349561,0.8272948583507591,0.0,0.06989627534181991,0.6102917429217354,0.23391594146758482,0.2308934304052676,0.9428571428571431,0.001128824614026805
3J5YrOvX2A0EA0j4BARQ9o,1.0,0.0,0.0,0.0,0.0,1.0,0.0,0.0,0.0,0.0,0.0,0.0,0.0,0.0,0.0,0.0,1.0,0.0,0.7373595505617978,0.5214198286413708,0.7718156540259125,0.01645526225574221,0.42086898608637735,0.0,0.1407355021216407,0.5370868769512327,0.24058799564546612,0.2257427033118124,0.8571428571428612,0.06897090523791691
3klzr0269NpGoBpe9BUNXN,0.0,1.0,0.0,0.0,1.0,0.0,0.0,0.0,0.0,0.0,0.0,0.0,0.0,0.0,0.0,0.0,1.0,0.0,0.6095505617977528,0.6511627906976744,0.6843755546352717,0.12924237230030855,0.0038429479423268244,0.0,0.3363979255068364,0.5252449133383573,0.4938722625543481,0.2909635223404904,0.8000000000000043,0.265582221122059
11BbPUv7NlzlcbY7AmHHKy,1.0,0.0,0.0,0.0,0.0,0.0,0.0,0.0,1.0,0.0,0.0,0.0,0.0,0.0,0.0,0.0,1.0,0.0,0.8441011235955056,0.6266829865361078,0.6621901437614623,0.0846760370243401,0.10544941600842221,0.019916142557651992,0.08887317303158887,0.5704596834966089,0.2870519405058472,0.3488934346099428,1.0,0.22819780023939232
0dmz0Lj2EkEuX0Msjh6eUW,0.0,1.0,0.0,0.0,0.0,0.0,0.0,0.0,1.0,0.0,0.0,0.0,0.0,0.0,0.0,0.0,0.0,1.0,0.21910112359550565,0.4039167686658507,0.7346624859492397,0.3897840246828934,0.20162653081907742,0.0,0.13366336633663364,0.6813435245989882,0.8302332881405738,0.23050449795127198,0.9428571428571431,0.14356000767900318
1dorm2V2hMTJdrhzSiXgr2,1.0,0.0,1.0,0.0,0.0,0.0,0.0,0.0,0.0,0.0,0.0,0.0,0.0,0.0,0.0,0.0,1.0,0.0,0.8848314606741574,0.6842105263157895,0.7015914334733478,0.3749285795909039,0.17473830517308778,0.0,0.2633191890617633,1.0,0.5347394292354855,0.2943714115725275,0.9142857142857181,0.10666688066900824
3KGQPtjS7kjEwMizD1bvC8,0.0,1.0,0.0,0.0,0.0,0.0,0.0,0.0,0.0,0.0,0.0,0.0,0.0,1.0,0.0,0.0,1.0,0.0,0.8665730337078652,0.39779681762545904,0.5884162574690881,0.2789395497657411,0.016925103881625624,0.0,0.5096652522395096,0.4574227581009797,0.5005777103967834,0.2476805960547533,0.7714285714285722,0.000423156827615819
3ALgsy4RtDm58xl3VNoSgZ,0.0,1.0,0.0,0.0,0.0,0.0,0.0,0.0,0.0,0.0,1.0,0.0,0.0,0.0,0.0,0.0,1.0,0.0,0.9915730337078652,0.3929008567931457,0.7095190202922557,0.049480059421780374,0.008982735690810225,0.0,0.1419141914191419,0.04263106900635161,0.433977385810364,0.23926914336050253,0.8571428571428612,0.0832090743774021
5uqphUYsR45kPYplrYSAQh,1.0,0.0,0.0,0.0,0.0,0.0,0.0,0.0,1.0,0.0,0.0,0.0,0.0,0.0,0.0,0.0,1.0,0.0,0.8328651685393258,0.5703794369645043,0.6040939478199134,0.11781510684493202,0.04009034443817053,0.00021174004192872119,0.08533710513908535,0.599526321455485,0.5478431032064597,0.39604045738456584,0.7714285714285722,0.265582221122059
4wRJHXHDJnKSPr9IVn0BFR,1.0,0.0,0.0,0.0,0.0,0.0,0.0,0.0,0.0,0.0,0.0,0.0,0.0,1.0,0.0,0.0,1.0,0.0,0.8890449438202248,0.5152998776009792,0.6416612435662308,0.2709404639469775,0.04081425820556255,0.0,0.08415841584158415,0.5037140704058565,0.6006785592637365,0.44385392117495437,0.9714285714285751,0.10666688066900824
1lOe9qE0vR9zwWQAOk6CoO,1.0,0.0,0.0,0.0,0.0,0.0,0.0,0.0,0.0,1.0,0.0,0.0,0.0,0.0,0.0,0.0,1.0,0.0,0.672752808988764,0.5887392900856794,0.7018872389516653,0.2972231744943435,0.02106175398100864,0.0,0.04384724186704384,0.20335881149747015,0.8010472253204122,0.12439111047573798,0.8857142857142861,0.05912929112287516
1AWQoqb9bSvzTjaLralEkT,1.0,0.0,0.0,0.0,0.0,0.0,1.0,0.0,0.0,0.0,0.0,0.0,0.0,0.0,0.0,0.0,1.0,0.0,0.8792134831460674,0.6768665850673194,0.7138377802756906,0.13038509884584618,0.20783150596815195,0.00024528301886792453,0.0276991984912777,0.839595220152869,0.2734139679020096,0.4103657857171389,0.3999999999999986,0.11809813274190192
3sDyGrpProusVfcccFLAHq,0.0,1.0,0.0,0.0,0.0,0.0,0.0,0.0,0.0,0.0,0.0,0.0,1.0,0.0,0.0,0.0,1.0,0.0,0.49719101123595505,0.45899632802937584,0.7135419747973731,0.03496743229345218,0.2336855690892958,0.0,0.25271098538425274,0.225966196576596,0.1561888478517856,0.15061356722539793,0.8857142857142861,0.08055324493794182
7n6TT5TDeS0A1DqEtSdapf,0.0,1.0,0.0,0.0,0.0,0.0,0.0,1.0,0.0,0.0,0.0,0.0,0.0,0.0,0.0,0.0,0.0,1.0,0.38623595505617986,0.9694002447980417,0.8218659409572264,0.09153239629756599,0.04960463966675147,0.0,0.1925978312116926,0.8815803638712456,0.3429128625717129,0.32915879166044726,0.6000000000000014,0.18249520819960363
1RL3FJflxMXmdgfRdUnFmz,1.0,0.0,0.0,0.0,0.0,0.0,0.0,0.0,0.0,0.0,0.0,0.0,1.0,0.0,0.0,0.0,1.0,0.0,0.7457865168539326,0.6107711138310894,0.728805537478554,0.07484858873271627,0.07204596645590433,5.1362683438155135e-06,0.12305516265912306,0.2668747981483475,0.4005436488589385,0.4377529374911965,0.8571428571428612,0.0025678800506541105
0NJp8GyCOWnQh71xKSPfuV,0.0,1.0,0.0,0.0,0.0,0.0,0.0,0.0,0.0,0.0,1.0,0.0,0.0,0.0,0.0,0.0,1.0,0.0,0.9831460674157304,0.49204406364749076,0.7310536591137666,0.03988115643926409,0.002053846774343669,0.0,0.09005186232909004,0.3508450855851007,0.30025579547048326,0.21413149280685195,0.8857142857142861,0.05489101713037072
4jPy3l0RUwlUI9T5XHBW2m,1.0,0.0,0.0,0.0,0.0,0.0,0.0,0.0,0.0,1.0,0.0,0.0,0.0,0.0,0.0,0.0,1.0,0.0,0.6109550561797752,0.6793145654834761,0.8548778323374548,0.010513084218946409,0.17990911779731653,0.0,0.34818481848184824,0.7480891376897406,0.20686039444596577,0.14392813369185198,0.9428571428571431,0.018724493675743116
5A4WcRuy0FFEAC5pAK43oa,0.0,1.0,0.0,0.0,0.0,0.0,0.0,0.0,0.0,0.0,0.0,0.0,0.0,1.0,0.0,0.0,1.0,0.0,0.7879213483146066,0.28518971848225216,0.47612849789978096,0.6080447948805853,0.2616079572601312,0.0,0.10773220179160772,0.7297879211971149,0.647610015427873,0.2539791994718928,0.9428571428571431,0.05973504373572705
34tz0eDhGuFErIuW3q4mPX,0.0,1.0,0.0,0.0,0.0,0.0,0.0,0.0,0.0,0.0,0.0,1.0,0.0,0.0,0.0,0.0,1.0,0.0,0.8075842696629214,0.24112607099143205,0.5769981660060344,0.6446120443377901,0.020751505223554914,0.0,0.425978312116926,0.31424265259984935,0.6543822505994163,0.3983341076943453,0.9714285714285751,0.7282782252919346
2TdZdeKIDMqi1B3139W4Wb,0.0,1.0,0.0,0.0,0.0,0.0,0.0,0.0,0.0,1.0,0.0,0.0,0.0,0.0,0.0,0.0,1.0,0.0,0.8890449438202248,0.41003671970624234,0.7945335147606933,0.34636041595246264,0.14061094185317788,0.0,0.13012729844413012,0.11615889762084185,0.4475552498180045,0.32580346086813927,0.8285714285714292,0.08398024046594313
7o1RFIJYqa7tsbZ79LRR3n,1.0,0.0,0.0,0.0,0.0,0.0,1.0,0.0,0.0,0.0,0.0,0.0,0.0,0.0,0.0,0.0,1.0,0.0,0.6671348314606742,0.7343941248470013,0.8430456132047565,0.027768255056564974,0.24299303181290757,0.0,0.10655351249410655,0.19366993217784478,0.14367290237696112,0.1629395725106746,0.8285714285714292,0.08055324493794182
5Nq6lLSxphlsA6nQB0KtES,1.0,0.0,0.0,1.0,0.0,0.0,0.0,0.0,0.0,0.0,0.0,0.0,0.0,0.0,0.0,0.0,1.0,0.0,0.8693820224719102,0.5458996328029375,0.6199491214577293,0.4092103759570335,0.010027239840904438,0.0,0.3493635077793494,0.38098826569060185,0.5199593933039024,0.26724705199711557,0.8285714285714292,0.08398024046594313
0CjHqLvr4EdjBJ0XiKtbCI,0.0,1.0,1.0,0.0,0.0,0.0,0.0,0.0,0.0,0.0,0.0,0.0,0.0,0.0,0.0,1.0,0.0,0.0,0.9985955056179776,0.1738066095471236,0.4318759983434892,0.5851902639698322,0.06325558499471542,0.0,0.18316831683168316,0.19044030573796966,0.3742027262587742,0.15371451516941687,0.8285714285714292,0.0832090743774021
0HCnj7pfrvshnocOJUFeit,0.0,1.0,0.0,1.0,0.0,0.0,0.0,0.0,0.0,0.0,0.0,0.0,0.0,0.0,0.0,0.0,1.0,0.0,0.898876404494382,0.28641370869033045,0.40489853872093706,0.20466232430579362,0.010616712480066518,0.00020440251572327044,0.1041961338991042,0.36484013349122624,0.5745179624521637,0.26352381212670367,0.8571428571428612,0.05678612223960057
3wMUvT6eIw2L5cZFG1yH9j,0.0,1.0,0.0,0.0,1.0,0.0,0.0,0.0,0.0,0.0,0.0,0.0,0.0,0.0,0.0,0.0,1.0,0.0,0.8412921348314606,0.6156670746634028,0.6684612199017925,0.09267512284310364,0.007090218270342495,0.0,0.13366336633663364,0.5683065992033588,0.686553707030702,0.4518512133641396,0.34285714285714164,0.022793304636583092
6KlqjCLNImX7W9zYt2Xa7D,0.0,1.0,0.0,0.0,0.0,0.0,0.0,0.0,0.0,0.0,0.0,0.0,1.0,0.0,0.0,0.0,1.0,0.0,0.675561797752809,0.49449204406364744,0.5479500680352599,0.07896240429665183,0.003770556565587622,0.0,0.08887317303158887,0.385294434277102,0.5605326957369647,0.3819253628109094,1.0,0.05973504373572705
2wUwC1gBJIC05JH87v2hgN,1.0,0.0,0.0,0.0,1.0,0.0,0.0,0.0,0.0,0.0,0.0,0.0,0.0,0.0,0.0,0.0,0.0,1.0,0.5926966292134832,0.401468788249694,0.6208365378926817,0.16695234830305108,0.6401114413536774,0.0,0.1466289486091466,0.5618473463236087,0.1694394539467972,0.29022349950910414,0.8857142857142861,0.06760439345994446
6ltWTSzsV2TaSsOhoA8eBC,1.0,0.0,0.0,0.0,0.0,0.0,0.0,0.0,0.0,0.0,0.0,0.0,0.0,1.0,0.0,0.0,1.0,0.0,0.30056179775280895,0.5789473684210527,0.6345027509909482,0.3372186035881614,0.02406082530306133,0.0,0.41772748703441775,0.2765636774679729,0.694394539467972,0.3686911476871133,1.0,0.7282782252919346
0UMqDSXk4xvoCNRrIEPf7T,0.0,1.0,0.0,1.0,0.0,0.0,0.0,0.0,0.0,0.0,0.0,0.0,0.0,0.0,0.0,0.0,1.0,0.0,0.7752808988764044,0.44675642594859244,0.5941548837484469,0.285795909038967,0.010616712480066518,0.0,0.13837812352663836,0.5317041662181076,0.43429796499008205,0.29962935788303013,1.0,0.08771760615610538
4iz9lGMjU1lXS51oPmUmTe,0.0,1.0,0.0,1.0,0.0,0.0,0.0,0.0,0.0,0.0,0.0,0.0,0.0,0.0,0.0,0.0,1.0,0.0,0.5632022471910114,0.7172582619339045,0.6544400402295449,0.18523597303165354,0.3484776093471746,0.0,0.10183875530410183,0.9483259769619982,0.17954437684082575,0.2762913083057051,0.5428571428571445,0.20018084707375253
0hwkukpHcBJfGcIUxi1tK2,0.0,1.0,0.0,0.0,0.0,0.0,0.0,0.0,0.0,1.0,0.0,0.0,0.0,0.0,0.0,0.0,1.0,0.0,0.797752808988764,0.5630354957160343,0.7078625096136779,0.06307850531367845,0.09490095825499552,0.0,0.055752003771805746,0.6199806222413607,0.5344054925899457,0.3625144798501454,0.8571428571428612,0.08697564041419939
0CAfXk7DXMnon4gLudAp7J,1.0,0.0,0.0,0.0,0.0,0.0,0.0,0.0,0.0,0.0,0.0,0.0,1.0,0.0,0.0,0.0,1.0,0.0,0.9157303370786518,0.5483476132190942,0.7383896349760397,0.059650325677065484,0.09593512077984126,0.0,0.13012729844413012,0.2873290989342233,0.4539801908781866,0.3349612434065437,0.5714285714285694,0.07555715532853116
7wyz8PA0B7oBWvR2P5qTWt,0.0,1.0,0.0,0.0,1.0,0.0,0.0,0.0,0.0,0.0,0.0,0.0,0.0,0.0,0.0,0.0,1.0,0.0,0.6769662921348314,0.4895960832313342,0.6523102407856592,0.07564849731459264,0.33813598409871704,0.0,0.15487977369165487,0.07955646463559049,0.0,0.07658395369811694,0.9714285714285751,0.017353435944611268
3gdKXck3m7MNH0IbMnvGpw,0.0,1.0,0.0,0.0,1.0,0.0,0.0,0.0,0.0,0.0,0.0,0.0,0.0,0.0,0.0,0.0,1.0,0.0,0.25842696629213485,0.3525091799265606,0.35987694492101985,0.1498114501199863,0.008155405670933622,0.0,0.17020273455917018,0.11077618688771666,0.5061678098431166,0.3129581781983387,0.7714285714285722,6.397427568770953e-05
2cOhlVJutH98Tc8Youes7w,1.0,0.0,0.0,0.0,1.0,0.0,0.0,0.0,0.0,0.0,0.0,0.0,0.0,0.0,0.0,0.0,1.0,0.0,0.8623595505617978,0.5263157894736842,0.565047624682009,0.37949948577305453,0.0452611570623993,0.0,0.09830268741159828,0.48433631176660574,0.5345991758443589,0.23765875276720183,0.9428571428571431,0.004394255921696183
1LxKKYsJNPeBdOwdudsJzv,1.0,0.0,0.0,1.0,0.0,0.0,0.0,0.0,0.0,0.0,0.0,0.0,0.0,0.0,0.0,0.0,1.0,0.0,0.7162921348314608,0.6132190942472461,0.6569839673430751,0.025139984001828368,0.0015884736381630792,2.20125786163522e-05,0.07083922677982085,0.3088599418667241,0.6204075362822166,0.23264677995463157,0.8000000000000043,0.03791038417972072
16Of7eeW44kt0a1M0nitHM,1.0,0.0,0.0,0.0,0.0,0.0,0.0,0.0,0.0,1.0,0.0,0.0,0.0,0.0,0.0,0.0,1.0,0.0,0.5646067415730338,0.8518971848225214,0.8978879488848133,0.030396526111301565,0.01971734269870916,7.033542976939204e-06,0.01166902404526167,0.7653138120357412,0.48036786460872644,0.3019398268935229,0.6571428571428584,0.004354796699923652
3l4ha5okkyLgMAFIKRSNVG,0.0,1.0,0.0,0.0,0.0,0.0,0.0,0.0,0.0,0.0,1.0,0.0,0.0,0.0,0.0,0.0,1.0,0.0,0.6924157303370786,0.605875152998776,0.7409927231852333,0.04685178836704377,0.13130347912956608,0.0,0.0865157944365865,0.5952201528689849,0.4736223443688264,0.30855588328662636,0.8285714285714292,0.18249520819960363
5JW6ETuv1CrlBjGq6rDpYj,0.0,1.0,0.0,1.0,0.0,0.0,0.0,0.0,0.0,0.0,0.0,0.0,0.0,0.0,0.0,0.0,1.0,0.0,0.577247191011236,0.22276621787025705,0.49364018221617456,0.4709176094160668,0.0013092497564547254,1.6457023060796645e-05,0.12187647336162188,0.17429217353859405,0.7336387740517869,0.15715393946529144,0.9714285714285751,0.008439823302110008
0YrKSfpvflYnLSBd4Jtu6J,0.0,1.0,0.0,1.0,0.0,0.0,0.0,0.0,0.0,0.0,0.0,0.0,0.0,0.0,0.0,0.0,1.0,0.0,0.907303370786517,0.5471236230110159,0.6173460332485357,0.42292309450348536,0.04732948211209081,0.0,0.25860443187175863,0.31208956830659923,0.513995284814565,0.1362903412304141,0.9428571428571431,0.036906364268236874
2qlBAT108lYOzlXhBxBqEv,1.0,0.0,1.0,0.0,0.0,0.0,0.0,0.0,0.0,0.0,0.0,0.0,0.0,0.0,0.0,0.0,1.0,0.0,0.46769662921348315,0.5997552019583844,0.6677512867538307,0.019083533310478802,0.19438739314515713,0.001509433962264151,0.15605846298915604,0.23242544945634624,0.5606863065939129,0.25910890318945634,1.0,0.14356000767900318
0w3Q3VFdrYzo24QUIGnBNy,1.0,0.0,0.0,0.0,0.0,0.0,0.0,0.0,0.0,0.0,0.0,0.0,0.0,1.0,0.0,0.0,0.0,1.0,0.39185393258426976,0.736842105263158,0.7450156776903507,0.43435035995886184,0.00735910052680239,0.0,0.7536539368222537,0.7696199806222415,0.44450974761068324,0.24159012405894115,0.7714285714285722,0.03969069961731434
3kIl0UA8j3BR4rIuEPKHOn,0.0,1.0,0.0,1.0,0.0,0.0,0.0,0.0,0.0,0.0,0.0,0.0,0.0,0.0,0.0,0.0,1.0,0.0,0.38623595505617986,0.6817625458996328,0.6953203573330177,0.33379042395154845,0.4570646744559788,6.509433962264152e-05,0.08309759547383308,0.6059855743352353,0.6278142510802851,0.5777917466430924,0.8571428571428612,5.307095508316116e-05
1jKlRcH7X78ps1yKBTWyUV,1.0,0.0,0.0,0.0,0.0,0.0,0.0,0.0,1.0,0.0,0.0,0.0,0.0,0.0,0.0,0.0,1.0,0.0,0.24859550561797755,0.5116279069767441,0.6865053540791575,0.18295051994057823,0.12923515407987457,0.0,0.30103724658180103,0.23565507589622137,0.15890709214647797,0.3539600681998314,0.9428571428571431,0.27935376819979313
792MY19uNkA4SJBqdw5a84,1.0,0.0,0.0,0.0,0.0,0.0,0.0,0.0,0.0,0.0,1.0,0.0,0.0,0.0,0.0,0.0,1.0,0.0,0.7134831460674158,0.6793145654834761,0.7800390463231378,0.019312078619586337,0.31745273360180193,0.0,0.08097595473833097,0.5833781892561094,0.6011059981700273,0.2555307246126968,0.8571428571428612,0.08697564041419939
7wdzLe2Gsx1RGqbvYZHASz,1.0,0.0,0.0,0.0,0.0,0.0,0.0,0.0,0.0,0.0,0.0,0.0,1.0,0.0,0.0,0.0,1.0,0.0,0.6867977528089888,0.8849449204406366,0.7587410518842808,0.042166609530339384,0.021475418990946942,3.1132075471698115e-06,0.25860443187175863,0.9257185918828723,0.4133668160476594,0.3360817893415689,0.7428571428571473,0.23101191941951416
2sqsNXfN0HtgDEgaHXiUTa,1.0,0.0,0.0,0.0,0.0,0.0,0.0,0.0,0.0,1.0,0.0,0.0,0.0,0.0,0.0,0.0,1.0,0.0,0.9115168539325844,0.5226438188494492,0.6992249896468081,0.04662324305793624,0.08517983052144543,0.0001771488469601677,0.08887317303158887,0.31424265259984935,0.42678439046544087,0.3082825794000349,0.8857142857142861,0.7282782252919346
2Tb7xvrJZj4eFQYXmKM65v,0.0,1.0,0.0,0.0,0.0,0.0,0.0,1.0,0.0,0.0,0.0,0.0,0.0,0.0,0.0,0.0,1.0,0.0,0.46488764044943826,0.31211750305997554,0.5841566585813168,0.008684721746086164,0.29987197067942406,0.0050628930817610066,0.103017444601603,0.21412423296372052,0.4666029960795837,0.35051854156636764,0.7714285714285722,0.0017420928544200126
6HSqyfGnsHYw9MmIpa9zlZ,1.0,0.0,0.0,0.0,0.0,0.0,0.0,1.0,0.0,0.0,0.0,0.0,0.0,0.0,0.0,0.0,1.0,0.0,0.20926966292134835,0.9363525091799265,0.9949121457729396,0.39664038395611934,0.2616079572601312,0.0,0.2680339462517681,0.5435461298309829,0.6571138523599303,0.5997443557491575,0.6000000000000014,0.7282782252919346
4VA2prpKDv7ywbnPFfPrWS,0.0,1.0,0.0,0.0,0.0,0.0,0.0,1.0,0.0,0.0,0.0,0.0,0.0,0.0,0.0,0.0,1.0,0.0,0.46488764044943826,0.646266829865361,0.817488019878128,0.4789166952348303,0.48291873757712267,0.0,0.6287128712871287,0.6533534287867371,0.3894769884257558,0.14767449927574466,0.9428571428571431,0.0036403679386499063
2XERAvP5rto44nAuJE2Rni,1.0,0.0,0.0,0.0,0.0,0.0,1.0,0.0,0.0,0.0,0.0,0.0,0.0,0.0,0.0,0.0,1.0,0.0,0.5702247191011236,0.9106487148102815,0.9188309767496893,0.03908124785738774,0.006800652763385684,0.00044234800838574426,0.2256011315417256,0.7427064269566154,0.45406701440602676,0.3238335705470913,0.6857142857142833,0.20091381670528752
3xuZ8v1cf4cpHjBblkVGye,1.0,0.0,0.0,0.0,0.0,0.0,0.0,0.0,0.0,0.0,0.0,0.0,1.0,0.0,0.0,0.0,1.0,0.0,0.7345505617977528,0.40636474908200737,0.6487014139501863,0.29836590103988114,0.05994626491520902,0.0,0.09476661951909476,0.5866078156959845,0.12327605206740183,0.2065462587851432,0.8857142857142861,1.6198223901325855e-06
7jVMNHk15YGRHRXYFoCXK8,1.0,0.0,0.0,1.0,0.0,0.0,0.0,0.0,0.0,0.0,0.0,0.0,0.0,0.0,0.0,0.0,1.0,0.0,0.48735955056179775,0.5165238678090575,0.4779624918653492,0.15095417666552396,0.027266729130083166,0.0035429769392033546,0.12894860914662895,0.22811928086984606,0.6676261779615171,0.27750225475706436,1.0,0.05973504373572705
3zc8VZEpM1onYV4FWGdFvm,0.0,1.0,0.0,0.0,0.0,0.0,0.0,0.0,0.0,0.0,1.0,0.0,0.0,0.0,0.0,0.0,1.0,0.0,0.39887640449438216,0.5826193390452876,0.7637105839200141,0.15552508284767458,0.6173598658070708,0.0,0.11834040546911834,0.5360103348046077,0.16305458528407984,0.18501832187208955,0.9428571428571431,0.05512821660585481
2j7mcsEz4n5XxMMqqjjB6p,1.0,0.0,0.0,1.0,0.0,0.0,0.0,0.0,0.0,0.0,0.0,0.0,0.0,0.0,0.0,0.0,0.0,1.0,0.532303370786517,0.6291309669522644,0.7595693072235696,0.20009141812364303,0.010720128732551093,0.0,0.2880716643092881,0.14414899343309295,0.40498500624461525,0.28812116191993875,0.8857142857142861,0.13666316970816478
1BNvadXnbiSf3ZofMMdDYK,0.0,1.0,0.0,0.0,0.0,0.0,0.0,0.0,0.0,0.0,0.0,0.0,0.0,1.0,0.0,0.0,1.0,0.0,0.7921348314606742,0.41982864137086906,0.5443412411997869,0.48577305450805625,0.01444311382199581,2.872117400419287e-05,0.09594530881659594,0.12154160835396706,0.6476367303595161,0.157046720248244,0.8857142857142861,0.03308835580746909
25ypHCQpDX2nrDFly7eZLZ,0.0,1.0,0.0,1.0,0.0,0.0,0.0,0.0,0.0,0.0,0.0,0.0,0.0,0.0,0.0,0.0,1.0,0.0,0.33707865168539325,0.7148102815177478,0.7146660356149794,0.34864586904353795,0.061394092449993075,0.0,0.40594059405940597,0.26579825600172247,0.6796545759338539,0.25412005609036686,0.6571428571428584,0.10461677771623226
3F44dsHfwqv3WL2evzjJCw,1.0,0.0,0.0,0.0,0.0,1.0,0.0,0.0,0.0,0.0,0.0,0.0,0.0,0.0,0.0,0.0,1.0,0.0,0.29634831460674155,0.594859241126071,0.7965449920132519,0.36121586104445214,0.09014381064070505,0.0,0.10655351249410655,0.5510819248573583,0.33274783108148714,0.3789148153832246,0.8000000000000043,0.18249520819960363
2eAZfqOm4EnOF9VvN50Tyc,0.0,1.0,0.0,1.0,0.0,0.0,0.0,0.0,0.0,0.0,0.0,0.0,0.0,0.0,0.0,0.0,1.0,0.0,0.6137640449438202,0.7294981640146879,0.8583683369816008,0.026396983201919785,0.6380431163039859,0.0,0.09123055162659122,0.7093336204112392,0.146758476981747,0.31466737865833017,0.8285714285714292,0.14356000767900318
5wuXWTCiKIlNEXfwAuTY1G,0.0,1.0,0.0,0.0,0.0,0.0,0.0,0.0,0.0,0.0,0.0,0.0,0.0,1.0,0.0,0.0,1.0,0.0,0.6418539325842696,0.6768665850673194,0.7741229367567887,0.0306250714204091,0.001929747271362178,5.691823899371069e-05,0.06482791136256483,0.3756055549574766,0.18709134503002084,0.24904501315012162,0.6000000000000014,0.18249520819960363
6Tguhaf2uAe6OjRLsR2Tql,1.0,0.0,0.0,0.0,0.0,0.0,0.0,0.0,0.0,0.0,1.0,0.0,0.0,0.0,0.0,0.0,1.0,0.0,0.8146067415730336,0.390452876376989,0.5622078920901614,0.37949948577305453,0.2781545576576633,0.0,0.08286185761433287,0.41113144579610295,0.5543014379311957,0.2048938214400592,0.9142857142857181,0.14252775408908486
5JblhVwaXyEI6t5sggWr3v,1.0,0.0,0.0,0.0,0.0,0.0,0.0,0.0,0.0,0.0,0.0,0.0,0.0,1.0,0.0,0.0,1.0,0.0,0.6376404494382022,0.4785801713586292,0.53931254806839,0.1498114501199863,0.7580059691860934,0.0,0.08533710513908535,0.5112498654322317,0.4673510141655924,0.26300243240459065,0.9142857142857181,3.309314560485927e-07
7bOlOJHn9IOaXX7IwaK905,0.0,1.0,0.0,0.0,0.0,0.0,0.0,1.0,0.0,0.0,0.0,0.0,0.0,0.0,0.0,0.0,1.0,0.0,0.8637640449438202,0.5140758873929008,0.7666686387031887,0.07222031767797968,0.6525213916518265,0.0,0.08250825082508251,0.9031112068037465,0.12338291179397437,0.1923533777206876,0.8571428571428612,0.10666688066900824
7xYnUQigPoIDAMPVK79NEq,1.0,0.0,0.0,1.0,0.0,0.0,0.0,0.0,0.0,0.0,0.0,0.0,0.0,0.0,0.0,0.0,1.0,0.0,0.8146067415730336,0.3929008567931457,0.6744364905638052,0.11667238029939436,0.02540523658536081,0.0,0.42951438000942954,0.18828722144471954,0.27339393170327714,0.3317383598823532,0.48571428571428754,0.18249520819960363
5gx2E5aIXMRBellPZW1up5,1.0,0.0,0.0,0.0,0.0,0.0,0.0,0.0,0.0,1.0,0.0,0.0,0.0,0.0,0.0,0.0,1.0,0.0,0.7780898876404494,0.6548347613219093,0.7811039460450806,0.17723688721288997,0.12303017893080004,0.0,0.23974540311173972,0.624286790827861,0.5673383245730619,0.4653797557504189,0.8285714285714292,0.18249520819960363
26oF6WjkOjDIRK9YsdZp2l,0.0,1.0,0.0,0.0,0.0,0.0,0.0,0.0,0.0,0.0,1.0,0.0,0.0,0.0,0.0,1.0,0.0,0.0,0.47331460674157305,0.4908200734394126,0.6448559427320593,0.36692949377214035,0.2636762823098227,0.0,0.08415841584158415,0.3906771450102272,0.8036385736897995,0.3299156331925468,0.7714285714285722,0.13666316970816478
5egD7A5x9AHdVO2fMo3Wbo,0.0,1.0,0.0,0.0,0.0,0.0,0.0,0.0,0.0,0.0,1.0,0.0,0.0,0.0,0.0,0.0,1.0,0.0,0.8946629213483146,0.45777233782129745,0.7030112997692716,0.29608044794880584,0.030782881714558733,0.0,0.0665959453088166,0.12907740338034235,0.46806563858704714,0.25989097277262585,0.9142857142857181,0.14356000767900318
6qaGOYPk0tmPmPDIrRiBPM,1.0,0.0,0.0,0.0,0.0,0.0,0.0,0.0,0.0,0.0,0.0,0.0,1.0,0.0,0.0,0.0,1.0,0.0,0.6123595505617978,0.4516523867809058,0.6523694018813226,0.4263512741400983,0.08962672937828217,0.0,0.03465346534653465,0.6931854882118637,0.7414528915574137,0.3522025139752891,0.7428571428571473,0.265582221122059
0lWjRSzq5chA9fps3pM8Zr,0.0,1.0,0.0,0.0,0.0,0.0,0.0,0.0,1.0,0.0,0.0,0.0,0.0,0.0,0.0,0.0,1.0,0.0,0.22050561797752805,0.5899632802937577,0.6424894989055197,0.2972231744943435,0.04701923335463708,0.0,0.169024045261669,0.7222521261707396,0.16230656719807118,0.29566224685227505,0.5428571428571445,0.20018084707375253
14SaZBTjxlorHJQxXh01Hu,1.0,0.0,0.0,0.0,0.0,0.0,0.0,0.0,1.0,0.0,0.0,0.0,0.0,0.0,0.0,0.0,1.0,0.0,0.5477528089887642,0.3317013463892289,0.511151866532568,0.2172323163067078,0.45809883698082454,0.0,0.12187647336162188,0.056626116912477126,0.2470329729043806,0.31598554432673687,0.8571428571428612,0.7282782252919346
5z7mYFfhw6N6f23VwrokJD,1.0,0.0,0.0,0.0,0.0,0.0,0.0,1.0,0.0,0.0,0.0,0.0,0.0,0.0,0.0,0.0,1.0,0.0,0.8497191011235956,0.5336597307221542,0.7802756907057917,0.022283167637984228,0.13026931660472033,0.00011844863731656184,0.04148986327204148,0.6436645494671117,0.440562616460405,0.34042732113837376,0.4285714285714306,0.021477991438350375
2kEDuZRwYUoQLIYKpQfKWa,0.0,1.0,0.0,0.0,0.0,0.0,0.0,0.0,0.0,0.0,1.0,0.0,0.0,0.0,0.0,0.0,1.0,0.0,0.6629213483146068,0.47246022031823753,0.6851446488788971,0.12124328648154498,0.05394812227110364,1.289308176100629e-06,0.09476661951909476,0.2894821832274734,0.5477763158773516,0.4468056031501426,0.7142857142857153,0.265582221122059
1jUA4rb6ZCv4gby4YU53xq,1.0,0.0,0.0,0.0,0.0,0.0,0.0,0.0,0.0,0.0,1.0,0.0,0.0,0.0,0.0,0.0,1.0,0.0,0.28089887640449446,0.7319461444308446,0.7775542803052711,0.19666323848703007,0.053844706018619064,0.0,0.035478547854785485,0.3131661104532243,0.6678666123463055,0.40428162073409424,0.5428571428571445,0.18249520819960363
2yJVeT8cP1zstJxRP7Nlv8,0.0,1.0,0.0,1.0,0.0,0.0,0.0,0.0,0.0,0.0,0.0,0.0,0.0,0.0,0.0,0.0,1.0,0.0,0.32443820224719105,0.6670746634026927,0.6901733420102939,0.04548051651239859,0.23471973161414156,0.0,0.23031588873173028,0.5521584670039833,0.2869584382450961,0.30098957030322016,0.6857142857142833,0.006087806356747384
2OvqbosjvY48JgqmySJ2l2,0.0,1.0,0.0,1.0,0.0,0.0,0.0,0.0,0.0,0.0,0.0,0.0,0.0,0.0,0.0,0.0,1.0,0.0,0.39466292134831465,0.5569155446756426,0.6280541915636276,0.19209233230487946,0.022819830273246425,0.0,0.10773220179160772,0.29163526752072344,0.2669890268418276,0.2524087532927862,1.0,0.06760439345994446
4ppTAJUbNXELZcoUaL90wo,1.0,0.0,0.0,0.0,0.0,0.0,0.0,0.0,0.0,0.0,1.0,0.0,0.0,0.0,0.0,0.0,1.0,0.0,0.26685393258426976,0.6340269277845778,0.7302254037744778,0.042395154839446926,0.616325703282225,0.0006006289308176101,0.11834040546911834,0.07525029604909032,0.2136660232820629,0.3133218826012643,0.8571428571428612,0.6728145922379295
1Ci4wASMY4xtKVMeHA6Sd5,1.0,0.0,0.0,0.0,0.0,0.0,0.0,1.0,0.0,0.0,0.0,0.0,0.0,0.0,0.0,0.0,1.0,0.0,0.6713483146067416,0.5238678090575275,0.9999999999999999,0.01028453890983888,0.3722633474186269,0.0,0.10655351249410655,0.22058348584347082,0.4475886434825585,0.45024502744601724,0.8000000000000043,0.22819780023939232
0VjIjW4GlUZAMYd2vXMi3b,0.0,1.0,0.0,1.0,0.0,0.0,0.0,0.0,0.0,0.0,0.0,0.0,0.0,0.0,0.0,0.0,1.0,0.0,0.34831460674157305,0.6964504283965728,0.7209962728509731,0.037595703348188785,0.0014747157604300461,0.0001,0.07201791607732203,0.31962536333297453,0.7411456698435173,0.269031936610317,0.9142857142857181,0.6728145922379295
3FsRe2nUQRsvDRmlPen4Ss,0.0,1.0,1.0,0.0,0.0,0.0,0.0,0.0,0.0,0.0,0.0,0.0,0.0,0.0,0.0,0.0,1.0,0.0,0.8918539325842698,0.7135862913096696,0.8659409572265278,0.2926522683121929,0.10855190358295948,8.165618448637317e-06,0.07991513437057993,0.59844977930886,0.5070226876556978,0.29567275854022085,0.7142857142857153,0.11879591913442544
4AwJDh8ErDvjeiswR41DKM,1.0,0.0,0.0,1.0,0.0,0.0,0.0,0.0,0.0,0.0,0.0,0.0,0.0,0.0,0.0,0.0,1.0,0.0,0.723314606741573,0.5006119951040391,0.7434183281074365,0.30750771340418237,0.12096185388110854,0.0,0.09830268741159828,0.3411562062654753,0.7610883663151427,0.18645211610790036,0.8000000000000043,0.08147606472057838
29gsi1zZrZxdStACmTQB0Z,1.0,0.0,0.0,0.0,0.0,0.0,0.0,0.0,0.0,0.0,1.0,0.0,0.0,0.0,0.0,1.0,0.0,0.0,0.622191011235955,0.5238678090575275,0.6120215346388214,0.01874071534681751,0.05239687848383501,0.0,0.03524280999528525,0.5844547314027344,0.4934782173126114,0.43307103168012506,0.7428571428571473,0.04020656950495893
5fHrHoJKfCgBd35zwIBmUK,0.0,1.0,0.0,1.0,0.0,0.0,0.0,0.0,0.0,0.0,0.0,0.0,0.0,0.0,0.0,0.0,1.0,0.0,0.6348314606741572,0.6670746634026927,0.7343075193752587,0.03782424865729631,0.013202118792180905,0.0,0.3811881188118812,0.8374421358596189,0.7344602581998143,0.24619214104162418,0.9142857142857181,0.7282782252919346
7loXv8g9YbDzxfAFENqTdr,0.0,1.0,0.0,0.0,0.0,0.0,1.0,0.0,0.0,0.0,0.0,0.0,0.0,0.0,0.0,0.0,1.0,0.0,0.818820224719101,0.34883720930232565,0.5981778382535643,0.03028225345674781,0.004329004329004329,8.962264150943397e-05,0.09476661951909476,0.6318225858542362,0.5207808774519298,0.2361240463271111,0.8000000000000043,0.04546648115462054
625SmNWs5ggrNdqqaQNp7p,0.0,1.0,0.0,0.0,0.0,0.0,0.0,0.0,1.0,0.0,0.0,0.0,0.0,0.0,0.0,1.0,0.0,0.0,0.5617977528089888,0.6793145654834761,0.8157723481038868,0.04673751571249001,0.010823544985035669,1.7819706498951782e-05,0.11008958038661007,0.5456992141242331,0.5478698181381028,0.31071498399069925,0.7142857142857153,0.009713717816001482
0azC730Exh71aQlOt9Zj3y,1.0,0.0,0.0,0.0,0.0,0.0,0.0,0.0,0.0,0.0,0.0,1.0,0.0,0.0,0.0,0.0,1.0,0.0,0.5126404494382022,0.9375764993880049,0.9071762409039814,0.007199177236887212,0.20576318091846044,0.12473794549266247,0.1407355021216407,0.4606523845408549,0.42695803752112144,0.3155356440826555,0.8000000000000043,0.5119009047700843
4hanO6Du5J7QEguNHYZHmw,0.0,1.0,0.0,0.0,0.0,0.0,0.0,0.0,0.0,0.0,0.0,0.0,0.0,1.0,0.0,0.0,1.0,0.0,0.8469101123595506,0.5250917992656059,0.586108974738212,0.26294137812821394,0.07235621521335807,0.0,0.24446016030174442,0.4757239745936054,0.3199113064269446,0.16624234486325346,0.8857142857142861,0.05713700537895988
1N7CHs4eGjgr3gjyUgq75Y,0.0,1.0,0.0,0.0,1.0,0.0,0.0,0.0,0.0,0.0,0.0,0.0,0.0,0.0,0.0,0.0,1.0,0.0,0.7837078651685392,0.854345165238678,0.7367331242974618,0.3143640726774083,0.050845634696566375,0.0,0.2963224893917964,0.9321778447626226,0.11980978968670059,0.0646847229434408,0.8857142857142861,0.10062832213815441
37Nqx7iavZpotJSDXZWbJ3,1.0,0.0,0.0,0.0,0.0,0.0,0.0,0.0,0.0,1.0,0.0,0.0,0.0,0.0,0.0,0.0,1.0,0.0,0.7036516853932584,0.3390452876376989,0.5558184937585042,0.30065135413095645,0.1871482554712368,0.0,0.13366336633663364,0.3702228442243514,0.17993174334965162,0.31515722331660573,0.9428571428571431,0.7282782252919346
1Rq4GtIucW9CAcF8B6PAbW,0.0,1.0,0.0,1.0,0.0,0.0,0.0,0.0,0.0,0.0,0.0,0.0,0.0,0.0,0.0,0.0,1.0,0.0,0.5196629213483146,0.5006119951040391,0.7186889901200969,0.03451034167523712,0.011340626247458544,0.002138364779874214,0.046086751532296084,0.055118957907202074,0.7224251814945668,0.24980185468222116,0.7714285714285722,0.13666316970816478
4XVfNwP88Hn9kSkXVnxj2S,0.0,1.0,0.0,1.0,0.0,0.0,0.0,0.0,0.0,0.0,0.0,0.0,0.0,0.0,0.0,0.0,1.0,0.0,0.7106741573033708,0.8861689106487147,0.7918712654558362,0.06604959433207633,0.1995582057693859,9.937106918238995e-06,0.07861857614332862,0.5112498654322317,0.233395000300543,0.2802163725846769,0.6857142857142833,0.12394584832728606
2bJvI42r8EF3wxjOuDav4r,0.0,1.0,0.0,1.0,0.0,0.0,0.0,0.0,0.0,0.0,0.0,0.0,0.0,0.0,0.0,0.0,1.0,0.0,0.6390449438202246,0.7845777233782131,0.7291013429568715,0.035881613529882304,0.09521120701244924,0.0,0.7842998585572842,0.7394768005167403,0.42735876149576907,0.33067247472464634,0.7428571428571473,0.08903892837288215
3LVcKphzONOdQ2EATazlZq,0.0,1.0,0.0,0.0,0.0,0.0,0.0,0.0,0.0,0.0,0.0,0.0,0.0,1.0,0.0,0.0,1.0,0.0,0.8160112359550562,0.9192166462668299,0.8869431461870673,0.26294137812821394,0.08073293166460868,0.0,0.13366336633663364,0.9074173753902466,0.1432721784023135,0.1783265813257761,0.9428571428571431,0.06445226263235909
7eBqSVxrzQZtK2mmgRG6lC,1.0,0.0,1.0,0.0,0.0,0.0,0.0,0.0,0.0,0.0,0.0,0.0,0.0,0.0,0.0,0.0,1.0,0.0,0.6924157303370786,0.6964504283965728,0.5996568656451516,0.02822534567478003,0.14991840457678965,3.207547169811321e-06,0.09594530881659594,0.756701474862741,0.36714998430497764,0.4128192136836949,0.8571428571428612,0.08697564041419939
4rmVZajAF7PkrCagGPHbqa,0.0,1.0,0.0,0.0,0.0,0.0,0.0,0.0,1.0,0.0,0.0,0.0,0.0,0.0,0.0,0.0,1.0,0.0,0.824438202247191,0.40881272949816405,0.20653138496124934,0.12924237230030855,0.09479754200251095,0.00022746331236897274,0.06577086280056577,0.043384648508989127,0.514215683000621,0.35982769241119195,0.9714285714285751,0.7282782252919346
4Z7XtjSL1fyFnd6bTYhEIQ,1.0,0.0,0.0,0.0,0.0,0.0,0.0,0.0,0.0,0.0,0.0,0.0,1.0,0.0,0.0,0.0,1.0,0.0,0.9859550561797752,0.6083231334149327,0.7687392770514109,0.22523140212547138,0.17887495527247077,0.0,0.06812824139556814,0.8040693293142428,0.4470743810484275,0.048845711546668724,0.8857142857142861,0.0832090743774021
0b7UwotRCrS7qBoLDjfvSY,0.0,1.0,0.0,1.0,0.0,0.0,0.0,0.0,0.0,0.0,0.0,0.0,0.0,0.0,0.0,0.0,1.0,0.0,0.7837078651685392,0.5165238678090575,0.6853221321658876,0.1372414581190721,0.0025812696620150038,0.0,0.27982083922677986,0.12584777694046723,0.5841353378437042,0.343582929859711,0.9714285714285751,0.14252775408908486
2QKBvCMHdokPoy2b44dK2m,0.0,1.0,1.0,0.0,0.0,0.0,0.0,0.0,0.0,0.0,0.0,0.0,0.0,0.0,0.0,0.0,1.0,0.0,0.582865168539326,0.6952264381884945,0.8360054428208009,0.006513541309564622,0.0020641883995921265,0.0,0.1407355021216407,0.0687910431693401,0.4540202632756513,0.4496521682458726,0.7428571428571473,0.22819780023939232
6OaVWaGfhXn70ZJfdVcabn,0.0,1.0,0.0,1.0,0.0,0.0,0.0,0.0,0.0,0.0,0.0,0.0,0.0,0.0,0.0,0.0,1.0,0.0,0.6530898876404494,0.7955936352509181,0.881263681003372,0.05062278596731803,0.02106175398100864,0.0,0.4507307873644507,0.41866724082247825,0.581123229300937,0.3073869835870504,0.8571428571428612,0.22819780023939232
7CEJH5Ed7FBbXF6CqBQPlJ,1.0,0.0,0.0,0.0,0.0,0.0,0.0,0.0,0.0,0.0,0.0,0.0,1.0,0.0,0.0,0.0,1.0,0.0,0.9508426966292134,0.46878824969400246,0.6998166006034431,0.042623700148554454,0.0347126993089726,0.0,0.07873644507307873,0.5144794918721068,0.48740057036379053,0.30137219574444823,0.8285714285714292,0.14252775408908486
7fBv7CLKzipRk6EC6TWHOB,1.0,0.0,1.0,0.0,0.0,0.0,0.0,0.0,0.0,0.0,0.0,0.0,0.0,0.0,0.0,0.0,1.0,0.0,0.44803370786516855,0.49326805385556904,0.6542033958468909,0.02811107302022626,0.06935714389130539,0.0,0.1254125412541254,0.10754656044784154,0.3537658035517501,0.3577779132617558,0.7714285714285722,0.6728145922379295
6DCZcSspjsKoFjzjrWoCdn,0.0,1.0,0.0,0.0,0.0,0.0,0.0,0.0,0.0,1.0,0.0,0.0,0.0,0.0,0.0,0.0,1.0,0.0,0.6853932584269662,0.3525091799265606,0.5271253623617108,0.0938178493886413,0.034299034299034296,8.689727463312369e-05,0.6169259783121169,0.34438583270535045,0.11444008842642367,0.2667887424026775,0.8571428571428612,0.7282782252919346
1zi7xx7UVEFkmKfv06H8x0,0.0,1.0,0.0,1.0,0.0,0.0,0.0,0.0,0.0,0.0,0.0,0.0,0.0,0.0,0.0,0.0,1.0,0.0,0.7387640449438202,0.5679314565483476,0.7402236289416079,0.030510798765855336,0.0079899396669583,0.0018867924528301887,0.35407826496935413,0.358380880611476,0.2934167729698321,0.21425973539979104,0.8000000000000043,0.7282782252919346
5RqR4ZCCKJDcBLIn4sih9l,1.0,0.0,0.0,0.0,0.0,0.0,0.0,0.0,1.0,0.0,0.0,0.0,0.0,0.0,0.0,0.0,1.0,0.0,0.648876404494382,0.3304773561811506,0.48245873513577464,0.04033824705747915,0.7745525695836255,0.0,0.08368694012258368,0.6372052965873615,0.46743115896052195,0.1592058209523169,0.9142857142857181,0.0016467497601879077
7v0hKO3RYhEXt2EPXf4AOS,1.0,0.0,0.0,0.0,0.0,0.0,0.0,0.0,1.0,0.0,0.0,0.0,0.0,0.0,0.0,0.0,1.0,0.0,0.5632022471910114,0.7013463892288861,0.7133053304147192,0.10524511484401783,0.039883511933201374,0.0,0.09358793022159359,0.7179459575842394,0.4560505980805322,0.2907280605305039,0.6285714285714263,0.7282782252919346
6Y46tOTRhkBamosyuWa6YX,1.0,0.0,1.0,0.0,0.0,0.0,0.0,0.0,0.0,0.0,0.0,0.0,0.0,0.0,0.0,0.0,1.0,0.0,0.702247191011236,0.16401468788249693,0.6050996864461928,0.022283167637984228,0.9793167495030849,4.654088050314466e-05,0.10655351249410655,0.8266767143933687,0.50746348402781,0.24394474215880635,0.9714285714285751,0.6728145922379295
5rZlwNFl01HqLWBQGryKSm,1.0,0.0,0.0,0.0,0.0,0.0,0.0,0.0,0.0,0.0,0.0,0.0,1.0,0.0,0.0,0.0,1.0,0.0,0.30056179775280895,0.5397796817625459,0.6972726734899128,0.3897840246828934,0.5036019880740378,0.0,0.06624233851956624,0.2496501238023469,0.7998717683281127,0.29697831018309256,0.9142857142857181,0.11774238142664968
1o0kWPueYo94LIjPYOE5Nf,1.0,0.0,0.0,0.0,1.0,0.0,0.0,0.0,0.0,0.0,0.0,0.0,0.0,0.0,0.0,0.0,1.0,0.0,0.27387640449438205,0.747858017135863,0.8365970537774359,0.397783110501657,0.291598670480658,0.0,0.17609618104667607,0.4057487350629777,0.7145175617281889,0.6307874725907736,0.8000000000000043,0.20018084707375253
6Yt0M7Q8apD5sxtgYry7wK,1.0,0.0,0.0,0.0,0.0,0.0,0.0,0.0,0.0,0.0,0.0,0.0,0.0,1.0,0.0,0.0,1.0,0.0,0.5884831460674158,0.6193390452876377,0.7055552268828018,0.3429322363158497,0.1261326665053373,0.0,0.8102310231023101,0.2873290989342233,0.6676328566944278,0.24859721524362938,1.0,0.06760439345994446
5Nf7BaUIK8AsFTjrmT80zV,0.0,1.0,0.0,0.0,0.0,0.0,0.0,0.0,0.0,1.0,0.0,0.0,0.0,0.0,0.0,0.0,1.0,0.0,0.35955056179775285,0.872705018359853,0.7917529432645092,0.03999542909381785,0.0,1.4675052410901468e-05,0.13837812352663836,0.38852406071697715,0.5611404604318468,0.30538766053975414,0.6000000000000014,0.12394584832728606
6Z4rmc0uujCpl8yXe3yjgI,0.0,1.0,0.0,0.0,0.0,0.0,0.0,0.0,0.0,1.0,0.0,0.0,0.0,0.0,0.0,0.0,1.0,0.0,0.7401685393258428,0.2913096695226438,0.6326095959297164,0.07793395040566795,0.1240643414556458,0.0,0.11244695898161244,0.0008612337173000348,0.4135137481716968,0.32487002297854983,0.8857142857142861,0.22819780023939232
3f4MjCmGeEjuJ9EhswsRpe,1.0,0.0,0.0,0.0,0.0,0.0,0.0,1.0,0.0,0.0,0.0,0.0,0.0,0.0,0.0,0.0,1.0,0.0,0.8820224719101124,0.20318237454100366,0.512216766254511,0.4526339846874643,0.015063611336903263,9.004192872117401e-05,0.07685054219707685,0.21089460652384545,0.53410494960896,0.3241131814464503,0.8000000000000043,0.12394584832728606
3S68RFe1lsdCdTMPIMJM3X,0.0,1.0,0.0,0.0,0.0,0.0,0.0,0.0,0.0,1.0,0.0,0.0,0.0,0.0,0.0,0.0,1.0,0.0,0.8581460674157304,0.4883720930232559,0.8501449446843754,0.03736715803908126,0.0074211502782931356,1.5199161425576521e-06,0.0651815181518152,0.12584777694046723,0.4003032144741499,0.30287116244552315,0.9714285714285751,0.1412003357665388
7fxSLnklnayJNBIKntXedZ,0.0,1.0,0.0,0.0,1.0,0.0,0.0,0.0,0.0,0.0,0.0,0.0,0.0,0.0,0.0,0.0,1.0,0.0,0.7134831460674158,0.6670746634026927,0.6878660592794177,0.3749285795909039,0.0016505233896538243,1.3417190775681343e-06,0.08887317303158887,0.3712993863709765,0.620167101897428,0.2374905657600686,0.9142857142857181,0.1412003357665388
4knL4iPxPOZjQzTUlELGSY,1.0,0.0,0.0,1.0,0.0,0.0,0.0,0.0,0.0,0.0,0.0,0.0,0.0,0.0,0.0,0.0,1.0,0.0,0.904494382022472,0.34638922888616897,0.5913151511565993,0.36235858758998973,0.022716414020761844,0.0,0.12776991984912778,0.5306276240714825,0.6005449846055206,0.4294255783005123,0.8285714285714292,0.265582221122059
11kDth1aKUEUMq9r1pqyds,1.0,0.0,0.0,0.0,0.0,0.0,1.0,0.0,0.0,0.0,0.0,0.0,0.0,0.0,0.0,0.0,1.0,0.0,0.6264044943820224,0.3916768665850673,0.7517008815003252,0.024911438692720833,0.17887495527247077,0.0,0.25035360678925034,0.02680589945096351,0.5340715559444063,0.26082861533739365,0.8571428571428612,0.22819780023939232
3BtuIIrQlkujKPuWF2B85z,0.0,1.0,0.0,0.0,0.0,0.0,0.0,0.0,0.0,1.0,0.0,0.0,0.0,0.0,0.0,0.0,1.0,0.0,0.7415730337078652,0.6022031823745411,0.6082943856120213,0.08810421666095303,0.050535385939112644,5.115303983228512e-05,0.08415841584158415,0.3874475185703521,0.3871127169753354,0.4021792831449288,0.8000000000000043,0.7282782252919346
7vJDoWPSNTXu5v8H5siOin,1.0,0.0,0.0,1.0,0.0,0.0,0.0,0.0,0.0,0.0,0.0,0.0,0.0,0.0,0.0,0.0,1.0,0.0,0.9564606741573034,0.3304773561811506,0.6480506418978879,0.48463032796251865,0.3743316724683184,0.0,0.26567656765676567,0.6834966088922383,0.4478624715319009,0.16960818734350724,0.9714285714285751,0.0008870878941058355
712uvW1Vezq8WpQi38v2L9,0.0,1.0,0.0,1.0,0.0,0.0,0.0,0.0,0.0,0.0,0.0,0.0,0.0,0.0,0.0,0.0,1.0,0.0,0.45084269662921345,0.657282741738066,0.5426847305212091,0.0770197691692378,0.015684108851810714,0.0,0.48727015558698733,0.06609968780277749,0.4936919367657568,0.5017186609791427,0.6857142857142833,0.23101191941951416
4DvhkX2ic4zWkQeWMwQ2qf,0.0,1.0,0.0,0.0,0.0,1.0,0.0,0.0,0.0,0.0,0.0,0.0,0.0,0.0,0.0,0.0,1.0,0.0,0.23735955056179775,0.8274173806609546,0.5913151511565993,0.48234487487144334,0.006955777142112546,0.0,0.1041961338991042,0.7976100764344926,0.4333095125192848,0.30446263200052137,0.6285714285714263,0.009713717816001482
5NVogFFUlBxL7CZAnRFaVQ,1.0,0.0,0.0,0.0,0.0,0.0,0.0,0.0,1.0,0.0,0.0,0.0,0.0,0.0,0.0,0.0,1.0,0.0,0.6165730337078652,0.6621787025703794,0.7882624386203632,0.4103531025025712,0.1240643414556458,0.0,0.048444130127298445,0.4466573366347293,0.6943277521388642,0.2521838031707455,0.8857142857142861,9.231245879250217e-06
1V4jC0vJ5525lEF1bFgPX2,0.0,1.0,0.0,1.0,0.0,0.0,0.0,0.0,0.0,0.0,0.0,0.0,0.0,0.0,0.0,0.0,1.0,0.0,0.7851123595505618,0.850673194614443,0.9589421996095366,0.023654439492629423,0.008765561560592617,1.4675052410901467e-06,0.11598302687411596,0.18290451071159436,0.45403362074147285,0.315478880967748,0.6000000000000014,0.0364123706915816
5xrH7dVah85mTEr4jgT1mu,0.0,1.0,0.0,1.0,0.0,0.0,0.0,0.0,0.0,0.0,0.0,0.0,0.0,0.0,0.0,0.0,1.0,0.0,0.7359550561797754,0.7062423500611995,0.6924806247411701,0.5154839446920353,0.1333718041792576,5.534591194968554e-06,0.1478076379066478,0.5575411777371085,0.7212764394339106,0.19799394947241838,0.9428571428571431,0.05712706001783337
3JKgcAa7r07ocVWcV8bS0H,0.0,1.0,0.0,0.0,0.0,0.0,0.0,0.0,0.0,1.0,0.0,0.0,0.0,0.0,0.0,0.0,1.0,0.0,0.726123595505618,0.3892288861689106,0.44222919008460015,0.5874757170609075,0.15405505467617267,0.0,0.08533710513908535,0.5338572505113576,0.7746862665215155,0.1928390177037848,0.9142857142857181,0.09281698992341585
6RpiAj9Ofv0Uqp6n2OuRoh,1.0,0.0,0.0,0.0,0.0,0.0,0.0,1.0,0.0,0.0,0.0,0.0,0.0,0.0,0.0,0.0,1.0,0.0,0.7921348314606742,0.7160342717258262,0.700171567177424,0.03542452291166725,0.004680619587451885,0.0,0.27274870344177277,0.6555065130799872,0.44051586533002957,0.3120604800477651,0.5714285714285694,0.07555715532853116
6Gg1gjgKi2AK4e0qzsR7sd,1.0,0.0,0.0,0.0,0.0,0.0,0.0,1.0,0.0,0.0,0.0,0.0,0.0,0.0,0.0,0.0,1.0,0.0,0.29213483146067415,0.5752753977968177,0.7239543276341476,0.36121586104445214,0.07101180393105858,0.0,0.12187647336162188,0.4175906986758532,0.8015614877545432,0.24650118466723148,0.8857142857142861,0.27935376819979313
7hvHtzmKMkh4N6Kl7WHTVJ,0.0,1.0,0.0,1.0,0.0,0.0,0.0,0.0,0.0,0.0,0.0,0.0,0.0,0.0,0.0,0.0,1.0,0.0,0.48876404494382025,0.908200734394125,0.8153582204342423,0.30865043994972,0.15612337972586418,0.0,0.11598302687411596,0.7502422219829907,0.6288561334143687,0.17644498918347307,0.6285714285714263,0.09680461817285359
48YCxFA6VaPwpFd7sFuwnM,1.0,0.0,0.0,0.0,0.0,0.0,1.0,0.0,0.0,0.0,0.0,0.0,0.0,0.0,0.0,0.0,1.0,0.0,0.752808988764045,0.4406364749082008,0.48807903922380624,0.3749285795909039,0.013926032559572933,0.0,0.17727487034417724,0.3831413499838519,0.32056582225220226,0.5514179215870126,0.7714285714285722,0.7282782252919346
68LR4RQ7JLHwRodWxPOB0k,0.0,1.0,0.0,1.0,0.0,0.0,0.0,0.0,0.0,0.0,0.0,0.0,0.0,0.0,0.0,0.0,1.0,0.0,0.7935393258426966,0.7086903304773562,0.8518014553629532,0.14295509084676036,0.005725123737546098,0.0,0.32225365393682226,0.18613413715146948,0.5343453839937486,0.44910345813510044,0.6571428571428584,0.12394584832728606
3EMp20j5E42MxfFbsEsIvD,0.0,1.0,0.0,0.0,0.0,0.0,0.0,0.0,0.0,0.0,0.0,0.0,0.0,1.0,0.0,0.0,1.0,0.0,0.6235955056179776,0.4418604651162791,0.5335739217890314,0.3806422123185922,0.6359747912542943,0.0,0.09594530881659594,0.358380880611476,0.24319938021358584,0.49879010471743535,0.9714285714285751,0.7282782252919346
6BmuMUfRlHMgQE0vCL7VXI,0.0,1.0,0.0,0.0,0.0,0.0,0.0,0.0,0.0,0.0,0.0,1.0,0.0,0.0,0.0,0.0,1.0,0.0,0.6615168539325842,0.5373317013463892,0.5021002188960538,0.2709404639469775,0.051259299706504675,0.0,0.07484677039132484,0.1646032942189687,0.8024564379645893,0.27455687979464366,0.8857142857142861,3.51222779537888e-05
3vJKLsUYcC7mARUTOMUPaJ,1.0,0.0,0.0,0.0,0.0,0.0,0.0,0.0,0.0,0.0,0.0,0.0,1.0,0.0,0.0,0.0,1.0,0.0,0.7078651685393258,0.4895960832313342,0.7780275690705791,0.06410695920466233,0.1447475919525609,0.0,0.11126826968411127,0.8320594251264938,0.573663084639582,0.21262201441783118,0.9428571428571431,0.14252775408908486
0RyA3o15NOLJYtm9NlDu5c,0.0,1.0,0.0,1.0,0.0,0.0,0.0,0.0,0.0,0.0,0.0,0.0,0.0,0.0,0.0,0.0,1.0,0.0,0.5182584269662922,0.7539779681762546,0.7160267408152399,0.23323048794423495,0.1871482554712368,0.0,0.3870815652993871,0.15060824631284314,0.4545278469768715,0.3087808334086671,0.8285714285714292,0.11582285705945246
6zpoUJVDLVTDGOqGM356Iq,0.0,1.0,0.0,1.0,0.0,0.0,0.0,0.0,0.0,0.0,0.0,0.0,0.0,0.0,0.0,0.0,1.0,0.0,0.6067415730337078,0.6780905752753977,0.8521564219369342,0.31322134613187064,0.04981147217172062,2.9769392033542977e-05,0.1254125412541254,0.2722575088814727,0.7019014352597024,0.36214446843445225,0.9428571428571431,0.01744275260285428
02WDt2eCNOU2mt0DF5w678,0.0,1.0,0.0,0.0,0.0,0.0,0.0,0.0,0.0,0.0,1.0,0.0,0.0,0.0,0.0,0.0,1.0,0.0,0.577247191011236,0.4859241126070992,0.6176418387268531,0.1715232544852017,0.17266998012339627,0.0,0.3965110796793965,0.37345247066422654,0.5640256730493092,0.26984343891973483,0.9714285714285751,0.14356000767900318
6uFn47ACjqYkc0jADwEdj1,0.0,1.0,0.0,1.0,0.0,0.0,0.0,0.0,0.0,0.0,0.0,0.0,0.0,0.0,0.0,0.0,1.0,0.0,0.7106741573033708,0.5850673194614443,0.6508903744897354,0.5029139526911212,0.15508921720101843,0.0,0.04856199905704856,0.24103778662934655,0.7218240955325954,0.19864567412505962,0.8857142857142861,0.09281698992341585
6bnF93Rx87YqUBLSgjiMU8,1.0,0.0,0.0,0.0,0.0,0.0,0.0,0.0,0.0,0.0,0.0,0.0,1.0,0.0,0.0,0.0,1.0,0.0,0.38061797752808996,0.7160342717258262,0.7462580606992841,0.14066963775568506,0.024371074060515054,1.058700209643606e-06,0.15016501650165015,0.23134890730972119,0.7348476247086404,0.2653044920647268,0.9142857142857181,0.6728145922379295
4eOJxoVUcN0kFX3ymAoREV,1.0,0.0,0.0,0.0,0.0,0.0,1.0,0.0,0.0,0.0,0.0,0.0,0.0,0.0,0.0,0.0,0.0,1.0,0.22331460674157305,0.6425948592411261,0.5861681358338755,0.12238601302708263,5.491403006930958e-05,0.0,0.29750117868929754,0.46388201098073,0.3116363563504731,0.3099581424585997,0.6857142857142833,0.20018084707375253
1sZWRWPnJoV9ac32i3oMwz,1.0,0.0,0.0,0.0,0.0,0.0,1.0,0.0,0.0,0.0,0.0,0.0,0.0,0.0,0.0,0.0,1.0,0.0,0.46067415730337075,0.7955936352509181,0.849967461397385,0.07827676836932923,0.1013127659090392,0.0,0.103017444601603,0.09785768112821618,0.5601987590914252,0.4217730694759503,0.7714285714285722,0.18249520819960363
1e2j0v2S32Pc0s71DtQPdh,1.0,0.0,0.0,0.0,0.0,0.0,0.0,0.0,0.0,0.0,0.0,0.0,1.0,0.0,0.0,0.0,1.0,0.0,0.6306179775280898,0.7405140758873929,0.6957936460983256,0.4046394697748829,0.1768066302227793,0.0,0.40594059405940597,0.7889977392614922,0.7328373261024919,0.262193032432762,0.6857142857142833,0.265582221122059
3sNVsP50132BTNlImLx70i,0.0,1.0,0.0,1.0,0.0,0.0,0.0,0.0,0.0,0.0,0.0,0.0,0.0,0.0,0.0,0.0,1.0,0.0,0.14185393258426965,0.616891064871481,0.9051647636514227,0.022397440292538,0.14991840457678965,0.0,0.09948137670909948,0.29378835181397356,0.5935991023782967,0.3302246768181541,0.7142857142857153,0.20018084707375253
14mHfNsSHN0FbLftyjrV9g,0.0,1.0,0.0,0.0,0.0,0.0,0.0,0.0,0.0,1.0,0.0,0.0,0.0,0.0,0.0,0.0,1.0,0.0,0.7387640449438202,0.7123623011015912,0.9060521800863751,0.06650668495029138,0.11062022863265099,0.0,0.18198962753418196,0.758854559155991,0.6010191746421869,0.25977534420522175,0.8571428571428612,0.011192720162862864
5OI48E8HqkN8fnTOu3Hfuf,0.0,1.0,0.0,1.0,0.0,0.0,0.0,0.0,0.0,0.0,0.0,0.0,0.0,0.0,0.0,0.0,1.0,0.0,0.6825842696629214,0.8898408812729499,0.8441696740223628,0.01062735687350018,0.011650875004912272,0.0,0.425978312116926,0.9913876628269997,0.5072965157050404,0.544381397676076,0.6857142857142833,0.09643701428624128
1tuXnhZviiIp2yDlmLhwEK,1.0,0.0,0.0,0.0,0.0,0.0,1.0,0.0,0.0,0.0,0.0,0.0,0.0,0.0,0.0,0.0,1.0,0.0,0.7303370786516854,0.4259485924112607,0.49358102112051105,0.053822420294823446,0.6835462673971991,0.0,0.06954266855256955,0.4445042523414792,0.4339506708787208,0.3590960789301625,0.8857142857142861,2.717121428609498e-06
3lSR267IJfT54p0Gfuw7mi,0.0,1.0,0.0,0.0,1.0,0.0,0.0,0.0,0.0,0.0,0.0,0.0,0.0,0.0,0.0,0.0,1.0,0.0,0.9129213483146068,0.17135862913096692,0.6190617050227769,0.24008684721746087,0.12096185388110854,0.0,0.07119283356907119,0.3379265798256002,0.27038182316051,0.2491753580806499,0.7714285714285722,0.7282782252919346
1dMRwAGThjgwoJetd21QLs,1.0,0.0,0.0,0.0,0.0,0.0,0.0,1.0,0.0,0.0,0.0,0.0,0.0,0.0,0.0,0.0,1.0,0.0,0.5814606741573034,0.8188494492044063,0.8400283973259184,0.0717632270597646,0.0017125731411445698,0.0,0.41654879773691655,0.6468941759069868,0.2863573522831248,0.5016072370869169,0.7428571428571473,0.0766504222284778
3D0b0441vvXFJvgbaiDyp3,1.0,0.0,0.0,0.0,0.0,0.0,0.0,0.0,0.0,0.0,0.0,1.0,0.0,0.0,0.0,0.0,1.0,0.0,0.773876404494382,0.6707466340269277,0.735904868958173,0.031082162038624163,0.014546530074480386,0.0,0.055398396982555394,0.6565830552266122,0.3605046450587394,0.26149715869074824,0.7142857142857153,0.006087806356747384
6BbINUfGabVyiNFJpQXn3x,1.0,0.0,0.0,0.0,0.0,0.0,0.0,0.0,0.0,0.0,0.0,0.0,0.0,1.0,0.0,0.0,1.0,0.0,0.6348314606741572,0.6340269277845778,0.7230669111991953,0.04993715003999543,0.0019400888966106357,0.01090146750524109,0.4200848656294201,0.1807514264183443,0.6540883863513414,0.2129142393427252,0.8000000000000043,0.13666316970816478
1a7tOEheXeaSNathZW4Gzk,1.0,0.0,0.0,0.0,0.0,0.0,0.0,0.0,0.0,0.0,0.0,0.0,0.0,1.0,0.0,0.0,1.0,0.0,0.7823033707865168,0.5813953488372093,0.6437910430101164,0.039195520511941494,0.01733876889156392,0.0,0.09358793022159359,0.49833135967273123,0.6140694187498748,0.28133691851970205,0.9714285714285751,0.05973504373572705
2L8cFPItBljPNJgPjTnuIf,0.0,1.0,0.0,0.0,0.0,0.0,0.0,0.0,0.0,0.0,1.0,0.0,0.0,0.0,0.0,0.0,1.0,0.0,0.925561797752809,0.4369645042839657,0.7270898657043128,0.09038966975202833,0.004442762206737362,0.0,0.08132956152758133,0.21950694369684576,0.40092433663485355,0.33426116498935166,0.7714285714285722,0.06410705758008776
60SdxE8apGAxMiRrpbmLY0,1.0,0.0,0.0,0.0,0.0,0.0,0.0,0.0,0.0,0.0,0.0,0.0,1.0,0.0,0.0,0.0,1.0,0.0,0.8567415730337078,0.7649938800489596,0.7831154232976394,0.3189349788595589,0.06480682878198406,0.0,0.11598302687411596,0.5790720206696092,0.6213492376226384,0.36287818425307095,0.8571428571428612,0.6999464866418124
3X2r2CnHOJeV5YekPTgBnK,0.0,1.0,0.0,0.0,0.0,0.0,0.0,0.0,0.0,0.0,0.0,1.0,0.0,0.0,0.0,0.0,1.0,0.0,0.8160112359550562,0.572827417380661,0.7283322487132461,0.08581876356987772,0.03285120676425025,0.0,0.14545025931164543,0.0774033803423404,0.5071963347113786,0.38569485410828297,0.9428571428571431,0.11879591913442544
1geOe7YkJHbsoRdNU0IvGS,0.0,1.0,0.0,0.0,0.0,0.0,0.0,0.0,1.0,0.0,0.0,0.0,0.0,0.0,0.0,0.0,1.0,0.0,0.6882022471910112,0.657282741738066,0.7488019878128142,0.17266598103073935,0.08776523683355981,0.0,0.2267798208392268,0.6705781031327377,0.1166307128211636,0.36925877883618796,0.9428571428571431,0.09281698992341585
43PuMrRfbyyuz4QpZ3oAwN,0.0,1.0,0.0,0.0,0.0,0.0,0.0,0.0,1.0,0.0,0.0,0.0,0.0,0.0,0.0,0.0,1.0,0.0,0.36376404494382025,0.3329253365973073,0.4450689226764478,0.18066506684950293,0.11062022863265099,0.0,0.1254125412541254,0.2571859188287222,0.6683675173146151,0.2576225505139164,0.7714285714285722,0.06795072193742184
6NMtzpDQBTOfJwMzgMX0zl,1.0,0.0,1.0,0.0,0.0,0.0,0.0,0.0,0.0,0.0,0.0,0.0,0.0,0.0,0.0,0.0,1.0,0.0,0.27247191011235955,0.6425948592411261,0.7201680175116842,0.011198720146269006,0.0014747157604300461,0.0,0.4082979726544083,0.23134890730972119,0.5878620708079263,0.15455545020508304,0.8571428571428612,0.22819780023939232
6oECOh5nAYmxz4EiYhjsPi,0.0,1.0,0.0,0.0,0.0,0.0,0.0,0.0,0.0,0.0,0.0,0.0,0.0,1.0,0.0,0.0,1.0,0.0,0.675561797752809,0.3929008567931457,0.5708454120570312,0.11895783339046967,0.09272921695281944,0.0,0.09476661951909476,0.7308644633437399,0.3008835963640977,0.24302812296993026,0.8000000000000043,0.042417844785553105
3hv6ndi7uFT9L9wrhQCsqY,0.0,1.0,0.0,0.0,0.0,0.0,0.0,0.0,0.0,0.0,1.0,0.0,0.0,0.0,0.0,0.0,1.0,0.0,0.7780898876404494,0.5410036719706243,0.6472815476542624,0.3212204319506342,0.03626394309624123,0.01666666666666667,0.11008958038661007,0.15060824631284314,0.6674859245703906,0.1677223905260259,0.8571428571428612,0.0832090743774021
3A4cpTBPaIQdtPFb5JxtaX,1.0,0.0,0.0,0.0,1.0,0.0,0.0,0.0,0.0,0.0,0.0,0.0,0.0,0.0,0.0,0.0,1.0,0.0,0.41151685393258436,0.7001223990208079,0.7372655741584333,0.1646668952119758,0.3246918712757222,0.0,0.30103724658180103,0.6178275379481107,0.5682332747831083,0.5129304273421618,0.4571428571428555,0.20018084707375253
2rzBvHM9h36Tpdj7Jdajka,0.0,1.0,0.0,0.0,1.0,0.0,0.0,0.0,0.0,0.0,0.0,0.0,0.0,0.0,0.0,0.0,1.0,0.0,0.6896067415730338,0.8408812729498163,0.8215701354789089,0.3520740486801509,0.04970805591923604,0.0,0.1089108910891089,0.6985681989449888,0.5340381622798522,0.295521390233801,0.7142857142857153,0.11582285705945246
3FSwpQ9dBZBeBV6UdYHI2R,1.0,0.0,0.0,0.0,0.0,0.0,0.0,1.0,0.0,0.0,0.0,0.0,0.0,0.0,0.0,0.0,1.0,0.0,0.625,0.6425948592411261,0.6928947524108146,0.2789395497657411,0.03667760810617953,0.0,0.11244695898161244,0.5370868769512327,0.5806290030655383,0.21257786532845868,0.9714285714285751,0.13666316970816478
5DddJVNEGBfUxy9Dtr45gI,0.0,1.0,1.0,0.0,0.0,0.0,0.0,0.0,0.0,0.0,0.0,0.0,0.0,0.0,0.0,0.0,1.0,0.0,0.46910112359550565,0.5238678090575275,0.5507306395314441,0.10295966175294252,0.10100251715158547,0.0,0.16313059877416314,0.18721067929809454,0.4333095125192848,0.4362791988411915,0.8000000000000043,0.01040855195158814
7MXVkk9YMctZqd1Srtv4MB,0.0,1.0,0.0,0.0,0.0,0.0,0.0,0.0,0.0,1.0,0.0,0.0,0.0,0.0,0.0,0.0,1.0,0.0,0.580056179775281,0.5214198286413708,0.6570431284387386,0.28465318249342936,0.14578175447740663,6.656184486373166e-06,0.12776991984912778,0.48325976961998063,0.8413133060395781,0.3329703297096041,0.8000000000000043,0.6728145922379295
5bJ1DrEM4hNCafcDd1oxHx,0.0,1.0,0.0,1.0,0.0,0.0,0.0,0.0,0.0,0.0,0.0,0.0,0.0,0.0,0.0,0.0,1.0,0.0,0.35674157303370796,0.4614443084455325,0.5923208897828787,0.20466232430579362,0.3795024850925472,0.0019601677148846962,0.10655351249410655,0.15060824631284314,0.5467210760774466,0.5740664044350914,0.8571428571428612,0.08641542571144428
04Ila6SwYXDbdfZab8IyUV,0.0,1.0,0.0,1.0,0.0,0.0,0.0,0.0,0.0,0.0,0.0,0.0,0.0,0.0,0.0,0.0,1.0,0.0,0.7668539325842698,0.6303549571603427,0.8057149618410933,0.025368529310935896,0.04712264960712166,0.0,0.07578972182932578,0.36914630207772636,0.3606448984498661,0.4127918832950357,0.7428571428571473,0.003157869875731058
2sHekv6OdEiO4htSjdB9j4,1.0,0.0,0.0,0.0,0.0,0.0,0.0,1.0,0.0,0.0,0.0,0.0,0.0,0.0,0.0,0.0,0.0,1.0,0.5280898876404494,0.5238678090575275,0.6347393953736022,0.3143640726774083,0.12820099155502881,0.0,0.06859971711456861,0.7351706319302401,0.237155126929319,0.15954850197935083,0.9428571428571431,0.06897090523791691
2PIvq1pGrUjY007X5y1UpM,1.0,0.0,0.0,0.0,1.0,0.0,0.0,0.0,0.0,0.0,0.0,0.0,0.0,0.0,0.0,1.0,0.0,0.0,0.5519662921348316,0.2692778457772338,0.721706205998935,0.003999542909381787,0.3981174105397708,0.0,0.08085808580858084,0.41866724082247825,0.3994550153944793,0.3787466283760914,0.7428571428571473,0.6728145922379295
2FvD20Z8aoWIePi7PoN8sG,0.0,1.0,0.0,0.0,0.0,0.0,0.0,0.0,0.0,0.0,1.0,0.0,0.0,0.0,0.0,0.0,1.0,0.0,0.7724719101123594,0.5152998776009792,0.8270721173756137,0.35893040795337683,0.08207734294690816,6.121593291404613e-06,0.07425742574257427,0.5435461298309829,0.6676729290918926,0.1351676929577998,0.8857142857142861,0.14252775408908486
7ohROa13QK43JBRqfCmz4P,1.0,0.0,0.0,0.0,0.0,0.0,0.0,0.0,1.0,0.0,0.0,0.0,0.0,0.0,0.0,0.0,1.0,0.0,0.7429775280898876,0.44675642594859244,0.5345204993196473,0.2023768712147183,0.0692537276388208,2.0964360587002096e-06,0.12423385195662423,0.16890946280546887,0.5343186690621056,0.2298296475851499,0.9714285714285751,0.05973504373572705
4eEVH4nGz68ClNAwEI96ek,0.0,1.0,0.0,0.0,1.0,0.0,0.0,0.0,0.0,0.0,0.0,0.0,0.0,0.0,0.0,0.0,1.0,0.0,0.45926966292134835,0.6499388004895961,0.4755960480388095,0.5211975774197235,0.17473830517308778,0.0,0.08415841584158415,0.7222521261707396,0.47443047105103214,0.2891618190265756,0.8285714285714292,0.0832090743774021
3US2qDmY0lqxoEe7dPrGOR,1.0,0.0,0.0,0.0,0.0,0.0,0.0,0.0,0.0,0.0,0.0,0.0,1.0,0.0,0.0,0.0,1.0,0.0,0.6685393258426966,0.5703794369645043,0.7080399929006684,0.25837047194606333,0.27401790755828026,0.0,0.0876944837340877,0.2539562923888471,0.5874680255661895,0.24394894683398471,0.8000000000000043,0.06208143484633685
2D4dV2KXDTszzJ3p3cFqhA,0.0,1.0,1.0,0.0,0.0,0.0,0.0,0.0,0.0,0.0,0.0,0.0,0.0,0.0,0.0,0.0,1.0,0.0,0.37780898876404506,0.7711138310893514,0.7437141335857539,0.006627813964118386,0.0009576344980071689,0.00016247379454926625,0.05917020273455916,0.49833135967273123,0.5539808587514776,0.2937848593851503,0.9714285714285751,0.6728145922379295
4bDPr2VAjcfgUDmN9dGOC3,0.0,1.0,0.0,0.0,0.0,0.0,0.0,1.0,0.0,0.0,0.0,0.0,0.0,0.0,0.0,0.0,1.0,0.0,0.30056179775280895,0.791921664626683,0.8275454061409216,0.01759798880127985,0.02674964786766029,0.0,0.28099952852428106,0.358380880611476,0.42311776609741597,0.2720025396238077,0.6571428571428584,0.20018084707375253
52WWw9qNZXZZtWU336TtKG,1.0,0.0,0.0,0.0,0.0,0.0,0.0,0.0,0.0,0.0,1.0,0.0,0.0,0.0,0.0,0.0,1.0,0.0,0.669943820224719,0.6768665850673194,0.7156717742412588,0.08924694320649068,0.012995286287211753,0.0,0.0724893917963225,0.7663903541823663,0.5246879362047432,0.11107490418596438,1.0,0.27935376819979313
37EDnGj3yFe5Hs4Zk3s3YF,0.0,1.0,0.0,0.0,0.0,0.0,0.0,0.0,0.0,0.0,0.0,0.0,0.0,1.0,0.0,0.0,1.0,0.0,0.5674157303370788,0.7209302325581395,0.778974146601195,0.20351959776025597,0.010616712480066518,0.0,0.3646864686468647,0.5295510819248574,0.22955472887683742,0.20773407952302164,0.7714285714285722,0.06709966202841267
3F5CgOj3wFlRv51JsHbxhe,0.0,1.0,1.0,0.0,0.0,0.0,0.0,0.0,0.0,0.0,0.0,0.0,0.0,0.0,0.0,0.0,1.0,0.0,0.36938202247191015,0.6266829865361078,0.7933502928474234,0.1692378013941264,0.000282326369282891,2.5262054507337526e-06,0.07590759075907591,0.3540747120249758,0.7071909917250498,0.3075572729317728,0.9714285714285751,0.7282782252919346
2e3Ea0o24lReQFR4FA7yXH,0.0,1.0,0.0,0.0,0.0,0.0,0.0,0.0,0.0,0.0,1.0,0.0,0.0,0.0,0.0,0.0,1.0,0.0,0.577247191011236,0.583843329253366,0.5614387978465359,0.3497885955890756,0.6090865656083048,0.0,0.19377652050919378,0.4283561201421036,0.15211482077620236,0.2931184183693849,0.7428571428571473,0.19502563168631767
1JTZqN0snbMSNtp59zveTs,0.0,1.0,0.0,0.0,0.0,0.0,0.0,0.0,0.0,0.0,0.0,1.0,0.0,0.0,0.0,0.0,1.0,0.0,0.6137640449438202,0.7527539779681763,0.8703780394012897,0.3166495257684836,0.011133793742489396,0.0,0.8385195662423385,0.5424695876843579,0.14981733665488978,0.36209611466990144,0.6571428571428584,0.023727785398684097
3GpbwCm3YxiWDvy29Uo3vP,0.0,1.0,0.0,0.0,0.0,0.0,0.0,0.0,0.0,1.0,0.0,0.0,0.0,0.0,0.0,0.0,1.0,0.0,0.6376404494382022,0.6254589963280295,0.6666863870318878,0.032224888584161816,0.009272301197767036,0.0,0.23974540311173972,0.7190224997308645,0.4337970600217726,0.27870268952047783,0.6000000000000014,0.07555715532853116
7fEoXCZTZFosUFvFQg1BmW,0.0,1.0,0.0,1.0,0.0,0.0,0.0,0.0,0.0,0.0,0.0,0.0,0.0,0.0,0.0,0.0,1.0,0.0,0.7780898876404494,0.5275397796817625,0.657812222682364,0.30065135413095645,0.015373860094356989,4.937106918238994e-06,0.1089108910891089,0.3906771450102272,0.6675126395020337,0.2609169135161386,0.9142857142857181,0.03308835580746909
0qHPxjC83zQYcxe39xSShx,0.0,1.0,0.0,0.0,0.0,0.0,0.0,0.0,0.0,1.0,0.0,0.0,0.0,0.0,0.0,0.0,1.0,0.0,0.8553370786516854,0.3880048959608323,0.4471987221203336,0.21837504285224546,0.007379783777299306,0.0,0.13955681282413954,0.4003660243298525,0.4605387065965845,0.27096398485476,0.9428571428571431,0.08864973556312394
2IGr3q6ljcpLvHDFLtI0yW,0.0,1.0,1.0,0.0,0.0,0.0,0.0,0.0,0.0,0.0,0.0,0.0,0.0,0.0,0.0,0.0,1.0,0.0,0.7303370786516854,0.5165238678090575,0.6333786901733419,0.014169809164666897,0.0570506098456409,1.928721174004193e-06,0.3505421970768506,0.20658843793734527,0.40065718731842187,0.3278132956033814,0.8000000000000043,0.06410705758008776
5vDNippoMr52KpXBO9b9KQ,1.0,0.0,0.0,0.0,0.0,0.0,0.0,0.0,1.0,0.0,0.0,0.0,0.0,0.0,0.0,0.0,1.0,0.0,0.9185393258426966,0.47246022031823753,0.7774359581139441,0.28008227631127874,0.024888155322937932,1.5199161425576521e-06,0.08392267798208392,0.6124448272149855,0.5210480267683615,0.03671522365718441,0.9142857142857181,0.0832090743774021
4n4BflhWjCHIxrI4v7Xt9s,0.0,1.0,0.0,1.0,0.0,0.0,0.0,0.0,0.0,0.0,0.0,0.0,0.0,0.0,0.0,0.0,1.0,0.0,0.7345505617977528,0.29742962056303546,0.5772348103886882,0.2320877613986973,0.21196815606753494,0.0,0.2244224422442244,0.46818817956723,0.41426844499061627,0.34371958180300677,0.8857142857142861,0.7282782252919346
2uAbEJGrLecIbkW9p3OqQl,0.0,1.0,0.0,0.0,1.0,0.0,0.0,0.0,0.0,0.0,0.0,0.0,0.0,0.0,0.0,0.0,1.0,0.0,0.6797752808988764,0.872705018359853,0.7862509613678044,0.24580047994514914,0.09459070949754178,0.0,0.314002828854314,0.5543115512972334,0.293744030882461,0.30524890625886925,0.6285714285714263,0.265582221122059
08LwMWf5Tcfsd752EPzFV0,0.0,1.0,0.0,1.0,0.0,0.0,0.0,0.0,0.0,0.0,0.0,0.0,0.0,0.0,0.0,1.0,0.0,0.0,0.7078651685393258,0.5055079559363524,0.7451931609773412,0.09038966975202833,0.0637726662571383,0.0,0.08887317303158887,0.0720206696092152,0.2599897147513173,0.12813747605963072,0.9428571428571431,0.19502563168631767
5tFep7dXGd7vEJ668wTPux,1.0,0.0,0.0,0.0,0.0,0.0,0.0,0.0,0.0,1.0,0.0,0.0,0.0,0.0,0.0,0.0,1.0,0.0,0.8202247191011236,0.29865361077111385,0.6278175471809737,0.22637412867100903,0.12303017893080004,0.00012368972746331237,0.04962281942479962,0.3303907847992249,0.5339112663545471,0.24858039654291608,0.8000000000000043,0.7282782252919346
7CyPwkp0oE8Ro9Dd5CUDjW,0.0,1.0,0.0,0.0,0.0,0.0,0.0,0.0,0.0,0.0,1.0,0.0,0.0,0.0,0.0,0.0,1.0,0.0,0.35955056179775285,0.587515299877601,0.7001124060817605,0.005599360073134503,0.056326696078248875,0.0,0.15723715228665724,0.17752179997846917,0.18350486545692551,0.36289079827860593,1.0,0.6728145922379295
1bM50INir8voAkVoKuvEUI,1.0,0.0,0.0,0.0,0.0,0.0,1.0,0.0,0.0,0.0,0.0,0.0,0.0,0.0,0.0,0.0,1.0,0.0,0.723314606741573,0.7148102815177478,0.7283322487132461,0.007199177236887212,0.20472901839361468,1.1949685534591195e-05,0.39061763319189063,0.3110130261599742,0.4672708693706629,0.41504558919062107,0.6285714285714263,0.09445523997041681
6tiKwZppNjrls8RsPQwK6r,1.0,0.0,0.0,0.0,0.0,0.0,0.0,1.0,0.0,0.0,0.0,0.0,0.0,0.0,0.0,0.0,1.0,0.0,0.48735955056179775,0.5556915544675642,0.7845944506892266,0.09153239629756599,0.31848689612664766,0.0,0.09240924092409239,0.3282377005059749,0.17864274789786877,0.324071134694667,0.9428571428571431,0.7282782252919346
5PX4uS1LqlWEPL69phPVQQ,0.0,1.0,1.0,0.0,0.0,0.0,0.0,0.0,0.0,0.0,0.0,0.0,0.0,0.0,0.0,0.0,1.0,0.0,0.6404494382022472,0.6438188494492045,0.7650712891202744,0.03279625185693064,0.009779040834941457,0.004329140461215933,0.020744931636020744,0.626439875121111,0.4540135845427405,0.6339704117007701,0.6857142857142833,0.05911839651099314
2DTpP3caqX3QdJIEoS83mD,1.0,0.0,0.0,0.0,0.0,0.0,0.0,0.0,1.0,0.0,0.0,0.0,0.0,0.0,0.0,0.0,1.0,0.0,0.8356741573033708,0.5826193390452876,0.6164586168135833,0.12124328648154498,0.4053565482136911,0.0,0.07578972182932578,0.7717730649154915,0.1801387840698862,0.2660487195712913,0.9428571428571431,0.19502563168631767
0wHFktze2PHC5jDt3B17DC,1.0,0.0,0.0,0.0,0.0,0.0,0.0,1.0,0.0,0.0,0.0,0.0,0.0,0.0,0.0,0.0,1.0,0.0,0.8932584269662922,0.5152998776009792,0.7228894279122048,0.0938178493886413,0.11475687873203401,3.3333333333333337e-06,0.09712399811409711,0.31747227903972447,0.31370676355281873,0.21417774423381358,0.9714285714285751,0.029406072787293874
2Fw5S2gaOSZzdN5dFoC2dj,0.0,1.0,0.0,0.0,0.0,0.0,0.0,0.0,0.0,0.0,0.0,1.0,0.0,0.0,0.0,0.0,1.0,0.0,0.48174157303370785,0.780905752753978,0.6648523930663195,0.24351502685407383,0.3412384716732543,0.0,0.09358793022159359,0.5866078156959845,0.6525522777818593,0.30155299677711644,0.6571428571428584,0.23101191941951416
5U8sc8et1PiuDQfIQ2J98a,0.0,1.0,0.0,0.0,0.0,0.0,0.0,0.0,0.0,0.0,1.0,0.0,0.0,0.0,0.0,0.0,1.0,0.0,0.75,0.7197062423500612,0.7796249186534934,0.34636041595246264,0.21093399354268919,0.0,0.09948137670909948,0.9946172892668748,0.613221219670204,0.08893098235928529,0.8857142857142861,0.10062832213815441
1LKIVWjYTBgm5A493AALJv,0.0,1.0,0.0,0.0,0.0,0.0,0.0,0.0,0.0,0.0,1.0,0.0,0.0,0.0,0.0,0.0,1.0,0.0,0.8174157303370786,0.3145654834761322,0.49245696030290464,0.4549194377785396,0.07494162152547244,0.0,0.09123055162659122,0.21950694369684576,0.5003773484094598,0.342744097161634,0.8285714285714292,2.4384423077264724e-07
7oDd86yk8itslrA9HRP2ki,1.0,0.0,0.0,1.0,0.0,0.0,0.0,0.0,0.0,0.0,0.0,0.0,0.0,0.0,0.0,0.0,1.0,0.0,0.37219101123595516,0.44553243574051415,0.6875110927054369,0.04593760713061366,0.23989054423837033,0.0,0.48609146628948613,0.5004844439659814,0.04585618016549903,0.3380243492739577,1.0,0.8313186893957821
7EiZI6JVHllARrX9PUvAdX,0.0,1.0,0.0,0.0,0.0,0.0,0.0,0.0,0.0,0.0,1.0,0.0,0.0,0.0,0.0,0.0,1.0,0.0,0.6404494382022472,0.20807833537331702,0.611252440395196,0.05222260313107074,0.3484776093471746,0.29559748427672955,0.13837812352663836,0.06986758531596511,0.560526017004054,0.5076619693437132,0.8000000000000043,0.6728145922379295
60fLBoD7INAvDtg5F7Z4nA,1.0,0.0,0.0,0.0,0.0,0.0,0.0,0.0,0.0,0.0,0.0,1.0,0.0,0.0,0.0,0.0,1.0,0.0,0.696629213483146,0.5152998776009792,0.6658581316925989,0.05256542109473205,0.1375084542786406,1.708595387840671e-06,0.35997171145686,0.3831413499838519,0.30692117091545396,0.2681342384597434,0.8000000000000043,0.20018084707375253
5viZ8CLipufc1Q1NXpMRNN,0.0,1.0,0.0,0.0,0.0,0.0,0.0,0.0,0.0,0.0,0.0,0.0,0.0,1.0,0.0,1.0,0.0,0.0,0.28230337078651696,0.9473684210526316,0.8884813346743181,0.11210147411724375,0.0002037300173946137,0.0,0.44365865157944373,0.2765636774679729,0.3009904560906705,0.24698472231273955,1.0,0.14356000767900318
5lFDtgWsjRJu8fPOAyJIAK,1.0,0.0,0.0,1.0,0.0,0.0,0.0,0.0,0.0,0.0,0.0,0.0,0.0,0.0,0.0,0.0,1.0,0.0,0.88061797752809,0.390452876376989,0.8515056498846357,0.3760713061364416,0.008806928061586448,0.0,0.103017444601603,0.3712993863709765,0.17993842208256244,0.2072190068136761,0.7714285714285722,0.7282782252919346
21vc2kQZMS00cAyNT82a1M,1.0,0.0,0.0,1.0,0.0,0.0,0.0,0.0,0.0,0.0,0.0,0.0,0.0,0.0,0.0,0.0,1.0,0.0,0.6264044943820224,0.48102815177478586,0.6589954445956339,0.2103759570334819,0.1623283548749387,0.0,0.10773220179160772,0.5360103348046077,0.5747183244394873,0.3478590845160734,1.0,0.20018084707375253
1K5EkhJPR3xJ1yqAWhXR9l,1.0,0.0,0.0,0.0,0.0,0.0,0.0,0.0,0.0,0.0,1.0,0.0,0.0,0.0,0.0,0.0,1.0,0.0,0.824438202247191,0.5887392900856794,0.6736673963201798,0.08307621986058736,0.06118725994502392,3.7421383647798744e-05,0.314002828854314,0.1807514264183443,0.4000894950210045,0.22692421703692334,1.0,1.0189205357285617e-05
6fqqAsCYfDOtXAD8Ydo06K,1.0,0.0,0.0,0.0,0.0,0.0,0.0,0.0,0.0,0.0,0.0,1.0,0.0,0.0,0.0,0.0,1.0,0.0,0.925561797752809,0.7099143206854345,0.7273265100869667,0.32921951776939784,0.06749565134658302,0.0,0.01815181518151815,0.6641188502529874,0.22043825845360615,0.3679826599195646,0.37142857142857366,0.0022824081261995613
50S4mpD9sR0ITKEfC0O2cb,1.0,0.0,0.0,0.0,0.0,0.0,0.0,0.0,0.0,0.0,0.0,0.0,0.0,1.0,0.0,0.0,1.0,0.0,0.5084269662921348,0.8359853121175029,0.9049281192687687,0.054279510913038516,0.013615783802119205,0.0,0.09358793022159359,0.35515125417160087,0.3677109978694841,0.27071170434406017,0.8000000000000043,0.22819780023939232
4h5KBcltGefua73AUPYps7,1.0,0.0,0.0,1.0,0.0,0.0,0.0,0.0,0.0,0.0,0.0,0.0,0.0,0.0,0.0,0.0,1.0,0.0,0.49438202247191015,0.8359853121175029,0.832396615985328,0.3600731344989145,0.018372931416409676,0.0001320754716981132,0.04101838755304101,0.7104101625578642,0.16280747216638064,0.35435951234177276,0.37142857142857366,0.0766504222284778
6bdFbw9THAMceZtkPWXu8e,0.0,1.0,0.0,0.0,0.0,0.0,0.0,1.0,0.0,0.0,0.0,0.0,0.0,0.0,0.0,0.0,1.0,0.0,0.7935393258426966,0.5569155446756426,0.740105306750281,0.14409781739229802,0.09790002957704821,0.0,0.09594530881659594,0.839595220152869,0.45400690580982966,0.3170219967581954,0.7142857142857153,0.12394584832728606
7FCDmAel69bzxRkOxbh2dB,1.0,0.0,0.0,0.0,0.0,0.0,0.0,1.0,0.0,0.0,0.0,0.0,0.0,0.0,0.0,0.0,1.0,0.0,0.582865168539326,0.4418604651162791,0.5549902384192154,0.31550679922294594,0.01971734269870916,0.0,0.45544554455445546,0.19582301647109485,0.7541090904233649,0.2067459808561139,0.9428571428571431,0.1412003357665388
1kPpge9JDLpcj15qgrPbYX,0.0,1.0,0.0,0.0,0.0,1.0,0.0,0.0,0.0,0.0,0.0,0.0,0.0,0.0,0.0,0.0,1.0,0.0,0.41292134831460686,0.8702570379436965,0.8194994971306868,0.12924237230030855,0.02468132281796878,7.316561844863732e-06,0.4035832154644036,0.6942620303584887,0.44090323183885544,0.28142101202326864,0.6857142857142833,0.04396640369924238
62hsxntVcY4SZuq459n4O0,1.0,0.0,0.0,0.0,0.0,0.0,0.0,0.0,0.0,0.0,0.0,0.0,0.0,1.0,0.0,0.0,1.0,0.0,0.7485955056179776,0.6009791921664627,0.6093592853339642,0.10981602102616844,0.016408022619202746,0.0,0.19966996699669967,0.29378835181397356,0.2603770812601433,0.13401140728375882,1.0,3.8405466346691944e-06
02rdXe0KhMe8p6ZHzYtuw0,1.0,0.0,0.0,1.0,0.0,0.0,0.0,0.0,0.0,0.0,0.0,0.0,0.0,0.0,0.0,0.0,1.0,0.0,0.5379213483146068,0.22766217870257036,0.6182926107791515,0.43092218032224894,0.5015336630243463,3.39622641509434e-05,0.1478076379066478,0.14953170416621808,0.7343934708707063,0.41553963852407494,0.9428571428571431,0.04579530509981746
30QR0ndUdiiMQMA9g1PGCm,0.0,1.0,0.0,0.0,1.0,0.0,0.0,0.0,0.0,0.0,0.0,0.0,0.0,0.0,0.0,0.0,1.0,0.0,0.7387640449438202,0.4283965728274174,0.6652665207359638,0.01599817163752714,0.12820099155502881,9.475890985324948e-05,0.13130598774163132,0.07955646463559049,0.3603109618043265,0.20270318567214884,0.9142857142857181,0.05712706001783337
45XhKYRRkyeqoW3teSOkCM,0.0,1.0,0.0,0.0,0.0,0.0,0.0,0.0,0.0,0.0,1.0,0.0,0.0,0.0,0.0,0.0,1.0,0.0,0.48735955056179775,0.6364749082007345,0.889309590013607,0.05816478116786653,0.029645302937228404,0.0,0.11480433757661479,0.626439875121111,0.2510335339179451,0.27875314562261777,0.8285714285714292,0.5119009047700843
6Bl1k7SZTP5gkfLPjkIwtx,0.0,1.0,0.0,0.0,1.0,0.0,0.0,0.0,0.0,0.0,0.0,0.0,0.0,0.0,0.0,0.0,1.0,0.0,0.7303370786516854,0.5826193390452876,0.6811216943737797,0.35550222831676387,0.038228851893448164,0.0,0.3387553041018388,0.41866724082247825,0.13325407903612524,0.3342990070659566,0.9714285714285751,0.03791038417972072
3Gva0j7oBU6MdvUMQyDRTJ,1.0,0.0,0.0,1.0,0.0,0.0,0.0,0.0,0.0,0.0,0.0,0.0,0.0,0.0,0.0,0.0,1.0,0.0,0.23876404494382025,0.7331701346389229,0.8936875110927053,0.08581876356987772,0.034816115561457174,0.0,0.23503064592173503,0.16137366777909357,0.5913884417848245,0.26667731851045173,0.6857142857142833,0.06982085913916508
5hUYsaOyMY32yjRXeuQwGj,1.0,0.0,0.0,0.0,0.0,0.0,0.0,1.0,0.0,0.0,0.0,0.0,0.0,0.0,0.0,0.0,1.0,0.0,0.0870786516853933,0.5642594859241126,0.6407146660356149,0.06822077476859789,0.8872762847918128,0.0,0.08887317303158887,0.39175368715685227,0.09505840551930483,0.3280088129991738,0.6571428571428584,0.4614489238126466
4YhJ3a6kBPGJWX4Ek77sDd,1.0,0.0,0.0,0.0,0.0,0.0,0.0,0.0,0.0,0.0,1.0,0.0,0.0,0.0,0.0,0.0,1.0,0.0,0.7823033707865168,0.41982864137086906,0.5603147370289296,0.15209690321106162,0.2130023185923807,0.0,0.4578029231494578,0.4778770588868555,0.3536455863593559,0.2056821980359962,0.9142857142857181,0.22819780023939232
4PYICbxa2pc51H4yRnwg9L,1.0,0.0,0.0,1.0,0.0,0.0,0.0,0.0,0.0,0.0,0.0,0.0,0.0,0.0,0.0,0.0,1.0,0.0,0.8356741573033708,0.4406364749082008,0.7919304265514996,0.1418123643012227,0.279188720182509,0.0,0.12305516265912306,0.3669932177844763,0.3007767366375251,0.39733129266431344,0.8000000000000043,0.005359051746915745
2cEnKRR4dYBB2VA1mjlb1z,1.0,0.0,1.0,0.0,0.0,0.0,0.0,0.0,0.0,0.0,0.0,0.0,0.0,0.0,0.0,0.0,1.0,0.0,0.7176966292134832,0.5250917992656059,0.554931077323552,0.29608044794880584,0.41052736083791985,0.0,0.16548797736916548,0.21627731725697064,0.587354487106706,0.17589417673511176,0.9428571428571431,0.10666688066900824
4at3d5QWnlibMVN75ECDrp,0.0,1.0,0.0,0.0,0.0,0.0,0.0,0.0,0.0,0.0,0.0,1.0,0.0,0.0,0.0,0.0,1.0,0.0,0.48314606741573035,0.3635250917992656,0.40140803407679093,0.3806422123185922,0.7197419557668004,0.0001079664570230608,0.0667138142385667,0.22488965442997094,0.882026861863767,0.35376034612886065,0.8571428571428612,0.19502563168631767
220CLdJWvaRzfXzoyqfrIe,1.0,0.0,1.0,0.0,0.0,0.0,0.0,0.0,0.0,0.0,0.0,0.0,0.0,0.0,0.0,0.0,1.0,0.0,0.6067415730337078,0.8078335373317014,0.5567059101934566,0.3577876814078392,0.0007435628553640976,0.0015513626834381552,0.16666666666666669,0.6834966088922383,0.6685211281715633,0.0,1.0,1.0267583860033968e-05
1cCXT1cErAY6tmIqHbodrt,0.0,1.0,1.0,0.0,0.0,0.0,0.0,0.0,0.0,0.0,0.0,0.0,0.0,0.0,0.0,1.0,0.0,0.0,0.29073033707865165,0.4516523867809058,0.5688339348044724,0.2537995657639127,0.8397048086489082,7.253668763102726e-06,0.23385195662423383,0.6458176337603618,0.09816401632282323,0.5868633333403411,0.9428571428571431,0.7282782252919346
6m0S4wcG6sTCP010ZrgdJI,1.0,0.0,0.0,0.0,0.0,0.0,0.0,0.0,0.0,0.0,0.0,0.0,1.0,0.0,0.0,0.0,1.0,0.0,0.5730337078651686,0.5789473684210527,0.5842749807726438,0.14524054393783567,0.019820758951193732,0.0,0.1466289486091466,0.39821294003660246,0.6607671192621336,0.19776269233761018,1.0,0.1412003357665388
2D2w9943rsnJOGCrI4aMQp,1.0,0.0,1.0,0.0,0.0,0.0,0.0,0.0,0.0,0.0,0.0,0.0,0.0,0.0,0.0,0.0,1.0,0.0,0.8370786516853932,0.1383108935128519,0.7278589599479381,0.4446348988687007,0.10069226839413174,0.1939203354297694,0.18198962753418196,0.12584777694046723,0.11659731915660959,0.16097178452721578,0.8285714285714292,0.1412003357665388
2RwFo57JjznjveEqvBuRJX,0.0,1.0,0.0,0.0,0.0,0.0,0.0,0.0,0.0,0.0,1.0,0.0,0.0,0.0,0.0,0.0,1.0,0.0,0.6151685393258426,0.3157894736842105,0.5997160267408151,0.4172094617757971,0.5180802634218784,0.0,0.0876944837340877,0.19905264291096997,0.6629644223897841,0.5879145021349238,0.6000000000000014,0.7282782252919346
3opVsyWVYEAFK9bJAG8Opa,0.0,1.0,0.0,0.0,0.0,0.0,0.0,0.0,0.0,0.0,0.0,1.0,0.0,0.0,0.0,0.0,1.0,0.0,0.8426966292134832,0.8518971848225214,0.7233627166775127,0.04513769854873729,0.13440596670410335,0.0017819706498951782,0.11951909476661951,0.39928948218322746,0.46761148474911335,0.37709208869341815,0.6000000000000014,0.06862263471531586
6Rb0ptOEjBjPPQUlQtQGbL,0.0,1.0,0.0,1.0,0.0,0.0,0.0,0.0,0.0,0.0,0.0,0.0,0.0,0.0,0.0,0.0,1.0,0.0,0.821629213483146,0.572827417380661,0.575992427379755,0.1692378013941264,0.007255684274317815,0.000389937106918239,0.05421970768505422,0.8094520400473679,0.4404624354667432,0.3480798299629358,0.6000000000000014,0.08903892837288215
6O7fPYTsb2mY0PiFt2ymDB,0.0,1.0,0.0,0.0,0.0,0.0,0.0,0.0,0.0,0.0,0.0,0.0,0.0,1.0,0.0,0.0,1.0,0.0,0.6278089887640448,0.5434516523867808,0.6291190912855704,0.09153239629756599,0.5139436133224954,3.626834381551363e-06,0.10183875530410183,0.4251264937022285,0.5475959900887604,0.21797877059502457,0.9142857142857181,0.11774238142664968
6ScJMrlpiLfZUGtWp4QIVt,1.0,0.0,0.0,0.0,0.0,0.0,0.0,0.0,1.0,0.0,0.0,0.0,0.0,0.0,0.0,0.0,1.0,0.0,0.5730337078651686,0.653610771113831,0.5611429923682186,0.28693863558450466,0.03998692818568595,0.002117400419287212,0.19495520980669495,0.7922273657013673,0.6107834821577649,0.31486289605412254,0.5714285714285694,0.12394584832728606
