danceability,energy,key,loudness,mode,speechiness,acousticness,instrumentalness,liveness,valence,tempo,duration_ms,time_signature,track_id,track_name,track_source_playlist,track_artists_id,track_artists_name,track_artists_followers,track_artists_popularity,release_date,release_date_precision,popularity,generated_timestamp
0.594,0.469,4,-9.192,0,0.476,0.412,2.57e-06,0.0911,0.473,74.517,225000,5,2Y3EY4bEFhRbRvys4Fo9jK,World War 3,6Jq0QdwB0vk7VPcIqpo4pr,3r8Hq14XJAyy6K8mlBs2s5,Rebel Sixx,50851,34,2020-02-13,day,31,2024-01-08
0.817,0.441,8,-9.154,0,0.311,0.494,1.16e-05,0.0749,0.433,99.935,172800,4,3YK38gmKuG9reDly3KeKQ8,Weak Heart,6Jq0QdwB0vk7VPcIqpo4pr,3r8Hq14XJAyy6K8mlBs2s5,Rebel Sixx,50851,34,2020-01-17,day,24,2024-01-08
0.833,0.511,0,-7.91,0,0.202,0.73,0.0,0.224,0.49,100.044,203990,4,5wPcFRwPMK1aVhboTtJK5f,Rifle War,6Jq0QdwB0vk7VPcIqpo4pr,3r8Hq14XJAyy6K8mlBs2s5,Rebel Sixx,50851,34,2020-01-01,day,37,2024-01-08
0.688,0.734,6,-3.922,0,0.437,0.569,0.0,0.315,0.501,55.547,161071,4,0MCA6RAlibvowsEaZy9p8y,Welcome 2 TriniBad,6Jq0QdwB0vk7VPcIqpo4pr,"6QJrx4J9XqIxXUBhacoJHC,22VTLijlsfRm7CFJPHnj72","Medz Boss,Icee Dan","34233,14","27,0",2020-03-06,day,36,2024-01-08
0.738,0.629,9,-10.361,0,0.405,0.316,4.88e-06,0.0903,0.318,133.324,206495,5,3KowpMVfbYubAEk68w8qT1,Work,6Jq0QdwB0vk7VPcIqpo4pr,"6QJrx4J9XqIxXUBhacoJHC,4Eg9wMIN73JI2iMSj1b05y","Medz Boss,Kyler","34233,68","27,4",2019-10-17,day,15,2024-01-08
0.879,0.673,0,-8.447,0,0.257,0.655,0.0,0.103,0.657,91.527,194119,4,4jmstnoEZPzv3z5eI42KG4,Long Time,6Jq0QdwB0vk7VPcIqpo4pr,6QJrx4J9XqIxXUBhacoJHC,Medz Boss,34233,27,2019-10-17,day,21,2024-01-08
0.561,0.642,10,-5.014,0,0.303,0.463,0.0,0.133,0.264,63.17,177659,3,7GqFgSi809aPSq4jwAqa1F,MEDTek Life,6Jq0QdwB0vk7VPcIqpo4pr,6QJrx4J9XqIxXUBhacoJHC,Medz Boss,34233,27,2020-01-18,day,22,2024-01-08
0.629,0.549,11,-8.933,0,0.28,0.87,0.0,0.161,0.547,100.045,194096,4,7xRW9W9dbsbKrt9dWawAF5,Fear We,6Jq0QdwB0vk7VPcIqpo4pr,6QJrx4J9XqIxXUBhacoJHC,Medz Boss,34233,27,2019-10-11,day,33,2024-01-08
0.565,0.529,7,-9.547,0,0.445,0.629,0.0,0.607,0.173,127.96,180000,5,46i8AWxlJkIjXj9mH9xrZf,War Start,6Jq0QdwB0vk7VPcIqpo4pr,1q8eLau7GFYIqG56nO7Cwt,CJ Dan,6886,9,2019-12-02,day,0,2024-01-08
0.87,0.494,2,-6.46,1,0.393,0.345,0.0,0.0754,0.526,99.97,174000,4,0XD8Gu2zhc8T0vX0xndGaz,Santa Cruz,6Jq0QdwB0vk7VPcIqpo4pr,1q8eLau7GFYIqG56nO7Cwt,CJ Dan,6886,9,2019-12-17,day,21,2024-01-08
0.619,0.489,6,-10.842,1,0.789,0.0784,0.0,0.106,0.355,131.774,187819,5,0PPzyHDLMpja5U3RqJegCP,Protect Yuh Life,6Jq0QdwB0vk7VPcIqpo4pr,"1q8eLau7GFYIqG56nO7Cwt,1z3USAQkpBPZ7J9In62MFb","CJ Dan,Vers","6886,856","9,7",2019-05-31,day,18,2024-01-08
0.819,0.568,5,-6.389,0,0.256,0.507,0.0,0.11,0.39,100.051,146955,4,2bQzXrzbcyJr78LdHpDwQY,Adrenaline,6Jq0QdwB0vk7VPcIqpo4pr,3UwGbC4Sl9MmonrpWo6grS,Boy Boy,29068,41,2019-10-01,day,52,2024-01-08
0.579,0.594,10,-9.885,0,0.249,0.117,0.0,0.17,0.414,124.784,182927,5,1Ka57wTaOw10FpX7HRUPKE,Die Die,6Jq0QdwB0vk7VPcIqpo4pr,3UwGbC4Sl9MmonrpWo6grS,Boy Boy,29068,41,2019-09-18,day,38,2024-01-08
0.748,0.3,9,-15.961,0,0.556,0.407,0.0,0.0905,0.265,132.758,187272,5,21KP3XpgIzDDt9rzgjD8dY,Rabia,6Jq0QdwB0vk7VPcIqpo4pr,3UwGbC4Sl9MmonrpWo6grS,Boy Boy,29068,41,2020-01-03,day,23,2024-01-08
0.945,0.676,6,-6.939,0,0.334,0.271,0.0,0.102,0.814,106.728,138067,4,2T8GiqWOZfjW3XwhVpoW9a,Zesser More Zessing,6Jq0QdwB0vk7VPcIqpo4pr,1yBSwrhGAh8xLabpLtbzTL,Trinidad Ghost,670,7,2020-07-01,day,37,2024-01-08
0.592,0.57,6,-9.438,0,0.272,0.457,0.0,0.0891,0.164,131.881,194926,5,6wn3vuQJnKgF1kwfYo8TOa,AR 15,6Jq0QdwB0vk7VPcIqpo4pr,3ATKkAzfZsIJuoCnOepK67,Trigger Dan,1834,6,2019-02-18,day,23,2024-01-08
0.818,0.485,1,-13.836,0,0.527,0.425,1.33e-06,0.0886,0.219,65.439,197784,3,3ZK1L4ZP55CVwEIQ6kSpF6,Heaven,6Jq0QdwB0vk7VPcIqpo4pr,6wrNAJbDJ1gRcACD4l0ZNz,2k Zelle,459,6,2018-08-07,day,23,2024-01-08
0.625,0.668,8,-4.838,1,0.185,0.262,0.0,0.12,0.298,128.318,177647,5,0DhOQjBHAQpr32thkMN7qx,ME1,6Jq0QdwB0vk7VPcIqpo4pr,3iWwLfjZAKzmAB57v38i45,Raskality,5723,15,2019-07-04,day,14,2024-01-08
0.873,0.444,8,-4.758,0,0.0701,0.218,1.64e-05,0.263,0.735,99.986,204147,4,6eeRZj1uNCKglx0Ztkwntg,Violation,6Jq0QdwB0vk7VPcIqpo4pr,32nq4XgOuAaSoDItiHi9Uu,Boogie and G5,2767,4,2019-06-30,day,21,2024-01-08
0.683,0.455,9,-10.688,0,0.294,0.579,0.00149,0.112,0.282,132.985,177046,5,2nzbXgD7dS6pQCt0bvCdZd,Play Mad,6Jq0QdwB0vk7VPcIqpo4pr,0RyIm05wJ3OkfUC9w84mly,Leo King,1253,0,2019-05-17,day,7,2024-01-08
0.791,0.327,1,-12.23,1,0.405,0.144,0.0,0.223,0.446,99.865,185318,4,2L0zqG5XhtUQlY4wZYFXlW,No Kriminal,6Jq0QdwB0vk7VPcIqpo4pr,0RyIm05wJ3OkfUC9w84mly,Leo King,1253,0,2019-01-28,day,0,2024-01-08
0.753,0.658,6,-4.899,0,0.149,0.0813,0.0,0.132,0.497,199.893,199407,4,5TxhYV1tPYi2clOzsR0MrF,My Journey,6Jq0QdwB0vk7VPcIqpo4pr,58GP6t4N8aiJkHTOM41ECz,Plumpy Boss,21328,31,2018-10-19,day,30,2024-01-08
0.729,0.446,6,-4.881,1,0.412,0.495,5.81e-06,0.14,0.331,92.832,209110,4,1PU9tXyTkEUuVwqmghk0TC,Drama,6Jq0QdwB0vk7VPcIqpo4pr,58GP6t4N8aiJkHTOM41ECz,Plumpy Boss,21328,31,2019-11-15,day,19,2024-01-08
0.625,0.707,11,-7.29,0,0.443,0.734,0.0,0.164,0.539,96.965,196837,4,5y9RZ1drpPaWnYnBZg0zbK,My Story,6Jq0QdwB0vk7VPcIqpo4pr,58GP6t4N8aiJkHTOM41ECz,Plumpy Boss,21328,31,2019-05-31,day,31,2024-01-08
0.598,0.526,4,-9.075,0,0.433,0.829,0.0012,0.111,0.178,99.54,201637,4,3lchEyFZsEZitzLKymD0Nc,Badness,6Jq0QdwB0vk7VPcIqpo4pr,58GP6t4N8aiJkHTOM41ECz,Plumpy Boss,21328,31,2019-01-18,day,20,2024-01-08
0.892,0.505,8,-6.609,0,0.0745,0.656,0.0,0.326,0.768,100.007,128448,4,5r6SDXeZmaNlA9bDNtpuW7,March Out,6Jq0QdwB0vk7VPcIqpo4pr,7zow5Va8ESrfnxvUF62HRH,Icee Dan,8058,22,2019-10-18,day,25,2024-01-08
0.767,0.776,0,-6.026,1,0.252,0.0722,0.0,0.124,0.707,100.164,174586,4,1IYfttY0MISlli2vuuvXmY,Up in Her,6Jq0QdwB0vk7VPcIqpo4pr,2Jv0w50BNaGlwnXpq69HGm,Prince Swanny,112646,43,2019-07-19,day,19,2024-01-08
0.858,0.56,7,-5.52,1,0.126,0.148,0.0,0.279,0.297,97.987,161633,4,161otjvz4uq0emZV2VSamG,My Team,6Jq0QdwB0vk7VPcIqpo4pr,2Jv0w50BNaGlwnXpq69HGm,Prince Swanny,112646,43,2020-01-10,day,10,2024-01-08
0.781,0.664,6,-6.261,0,0.171,0.256,0.0,0.18,0.505,100.042,206448,4,4RlWhK4iGgRMcLE4iJSDzs,Stacking,6Jq0QdwB0vk7VPcIqpo4pr,2Jv0w50BNaGlwnXpq69HGm,Prince Swanny,112646,43,2019-09-07,day,28,2024-01-08
0.818,0.581,9,-7.173,0,0.0467,0.211,0.0,0.151,0.332,100.055,163224,1,2vVHPNZS2XSqhQpp5EqQEL,Through The Storm,6Jq0QdwB0vk7VPcIqpo4pr,2Jv0w50BNaGlwnXpq69HGm,Prince Swanny,112646,43,2019-11-29,day,26,2024-01-08
0.708,0.627,11,-6.16,0,0.0961,0.779,0.0,0.248,0.576,99.887,196848,4,2feAJHCfwyGdleWaBxBMx1,Dreams,6Jq0QdwB0vk7VPcIqpo4pr,2Jv0w50BNaGlwnXpq69HGm,Prince Swanny,112646,43,2019-06-07,day,39,2024-01-08
0.536,0.722,6,-5.473,1,0.346,0.378,0.0,0.106,0.635,89.524,170323,4,2NvvlvoJ2GwAPm6eprR9Xn,Bread Winner,6Jq0QdwB0vk7VPcIqpo4pr,2Jv0w50BNaGlwnXpq69HGm,Prince Swanny,112646,43,2019-04-27,day,36,2024-01-08
0.611,0.433,6,-11.762,0,0.184,0.298,0.0,0.179,0.499,99.941,196791,4,2bxinDmXBPJIMI4JLaxEUj,Watch Your Friends,6Jq0QdwB0vk7VPcIqpo4pr,2Jv0w50BNaGlwnXpq69HGm,Prince Swanny,112646,43,2018-08-17,day,23,2024-01-08
0.799,0.692,8,-4.058,0,0.186,0.258,0.0,0.108,0.327,99.995,175200,4,3MpbRnELaqYKMvGmudyn0A,Real Mad Dawgs,6Jq0QdwB0vk7VPcIqpo4pr,2Jv0w50BNaGlwnXpq69HGm,Prince Swanny,112646,43,2020-01-17,day,35,2024-01-08
0.833,0.48,1,-8.973,0,0.0519,0.566,0.0,0.135,0.726,108.985,181890,4,4Zw3tuvYoHSec4hLbUG63a,Unknown Car,6Jq0QdwB0vk7VPcIqpo4pr,2Jv0w50BNaGlwnXpq69HGm,Prince Swanny,112646,43,2018-06-08,day,25,2024-01-08
0.75,0.612,8,-7.651,1,0.115,0.124,0.0,0.0689,0.363,105.019,226351,4,0QeCogkgKfyuNa6xbPa9F0,Day One Dawgz (Parallel Riddim),6Jq0QdwB0vk7VPcIqpo4pr,2Jv0w50BNaGlwnXpq69HGm,Prince Swanny,112646,43,2017-12-22,day,12,2024-01-08
0.541,0.79,6,-4.64,0,0.139,0.307,2.91e-06,0.207,0.421,97.776,194448,4,4vMHb0zEv0PnDsiRyXHK3N,Lef Mi Alone,6Jq0QdwB0vk7VPcIqpo4pr,2Jv0w50BNaGlwnXpq69HGm,Prince Swanny,112646,43,2019-02-06,day,10,2024-01-08
0.606,0.865,4,-0.642,0,0.219,0.67,0.0,0.121,0.422,94.117,192128,4,5S5NnFS2LhCVoSbWmevXQG,Bonafide,6Jq0QdwB0vk7VPcIqpo4pr,2Jv0w50BNaGlwnXpq69HGm,Prince Swanny,112646,43,2019-12-27,day,41,2024-01-08
0.904,0.6,7,-6.211,1,0.336,0.237,0.0,0.112,0.646,99.949,195814,4,4bRDN062IRSGZ3OEZ23Fzx,Right Now,6Jq0QdwB0vk7VPcIqpo4pr,2Jv0w50BNaGlwnXpq69HGm,Prince Swanny,112646,43,2019-04-05,day,10,2024-01-08
0.623,0.774,9,-6.003,0,0.0792,0.26,0.0,0.164,0.745,102.404,145882,4,6pWaU8G1BmpUfVKk1ePXP1,Mad Mi So,6Jq0QdwB0vk7VPcIqpo4pr,2Jv0w50BNaGlwnXpq69HGm,Prince Swanny,112646,43,2020-01-17,day,35,2024-01-08
0.45,0.807,8,-4.1,0,0.324,0.256,0.0,0.135,0.299,88.89,251185,4,1cvkRNLXX4BWPZ6bzIRn5n,Awakening (3rd Eye Riddim),6Jq0QdwB0vk7VPcIqpo4pr,2Jv0w50BNaGlwnXpq69HGm,Prince Swanny,112646,43,2019-09-27,day,9,2024-01-08
0.604,0.682,11,-6.517,0,0.176,0.506,0.0,0.0926,0.425,76.142,255648,4,7cFNi8u0TkLiLydiwdeu4w,Life Mi Live,6Jq0QdwB0vk7VPcIqpo4pr,2Jv0w50BNaGlwnXpq69HGm,Prince Swanny,112646,43,2019-04-19,day,15,2024-01-08
0.585,0.781,1,-3.861,0,0.279,0.282,0.0,0.219,0.345,97.938,177699,4,53z9xoWTnO5BYNUUqovX6T,War Dem Want,6Jq0QdwB0vk7VPcIqpo4pr,6CxUKwVnCBKKP60XMvnMOL,Jahllano,20037,25,2018-08-31,day,28,2024-01-08
0.766,0.601,2,-8.882,0,0.313,0.602,2.4e-05,0.201,0.439,119.04,208315,4,5PladfqJw4e4lOKvyJaH7W,Sen Dem Out,6Jq0QdwB0vk7VPcIqpo4pr,6CxUKwVnCBKKP60XMvnMOL,Jahllano,20037,25,2018-09-28,day,25,2024-01-08
0.704,0.54,5,-8.019,0,0.485,0.183,0.0,0.14,0.471,65.962,166388,5,4ldvcEduEhNJSoMob2CLrH,Come From Nothing,6Jq0QdwB0vk7VPcIqpo4pr,6CxUKwVnCBKKP60XMvnMOL,Jahllano,20037,25,2019-07-19,day,20,2024-01-08
0.523,0.669,6,-5.451,1,0.38,0.23,0.0,0.196,0.58,87.468,147097,4,3Ra8BI93mKfo9N6GBeieXC,Need a Change,6Jq0QdwB0vk7VPcIqpo4pr,6CxUKwVnCBKKP60XMvnMOL,Jahllano,20037,25,2019-04-27,day,25,2024-01-08
0.617,0.528,9,-8.548,0,0.454,0.275,0.0,0.0831,0.502,120.529,157803,5,4paVh8BUwk6sefYXTdh9yQ,We Badness Expensive,6Jq0QdwB0vk7VPcIqpo4pr,6CxUKwVnCBKKP60XMvnMOL,Jahllano,20037,25,2019-12-11,day,0,2024-01-08
0.591,0.652,4,-5.769,1,0.103,0.561,5.59e-06,0.0793,0.612,100.03,163200,4,6OppoqjaEkXBav5EQ8UXdu,Zesser,6Jq0QdwB0vk7VPcIqpo4pr,3iWwLfjZAKzmAB57v38i45,Raskality,5723,15,2019-03-01,day,21,2024-01-08
0.804,0.694,5,-6.279,0,0.338,0.332,0.0,0.145,0.521,67.309,166388,3,6PZNwGXVSVv2mEyNJ47A5W,Draco,6Jq0QdwB0vk7VPcIqpo4pr,"3iWwLfjZAKzmAB57v38i45,6CxUKwVnCBKKP60XMvnMOL","Raskality,Jahllano","5723,20037","15,25",2019-07-19,day,18,2024-01-08
0.621,0.743,2,-4.266,0,0.416,0.673,0.0,0.193,0.718,141.817,186758,5,23jXNDEJFCWK96A5rf2uyo,Accustom,6Jq0QdwB0vk7VPcIqpo4pr,6CxUKwVnCBKKP60XMvnMOL,Jahllano,20037,25,2019-12-11,day,0,2024-01-08
0.676,0.868,7,-3.592,1,0.329,0.022,0.000431,0.0705,0.579,97.928,151905,4,77jyxSFI9aK2LI9fyjAEsE,Bang Bang,6Jq0QdwB0vk7VPcIqpo4pr,6CxUKwVnCBKKP60XMvnMOL,Jahllano,20037,25,2019-12-11,day,0,2024-01-08
0.695,0.535,8,-6.605,0,0.446,0.584,0.0,0.161,0.526,66.123,131495,3,0mNULGg8I9BjWyu8YQbC1F,Crazy,6Jq0QdwB0vk7VPcIqpo4pr,6CxUKwVnCBKKP60XMvnMOL,Jahllano,20037,25,2019-12-11,day,0,2024-01-08
0.61,0.744,0,-6.389,0,0.212,0.224,0.0,0.167,0.787,93.684,137953,4,4VzWXU4YaMFYNQ2nu1PXug,The Last Days,6Jq0QdwB0vk7VPcIqpo4pr,6CxUKwVnCBKKP60XMvnMOL,Jahllano,20037,25,2019-12-20,day,4,2024-01-08
0.818,0.537,0,-3.395,1,0.584,0.756,8.32e-06,0.248,0.549,66.803,177000,5,019qEwupgC31lCp19jgttK,868 King,6Jq0QdwB0vk7VPcIqpo4pr,3r8Hq14XJAyy6K8mlBs2s5,Rebel Sixx,50851,34,2020-02-13,day,33,2024-01-08
0.628,0.805,7,-1.367,1,0.241,0.795,0.0,0.0963,0.52,93.297,194043,4,3JTKA1ccm6yGyqCV7AYlaT,Bad Gyal,6Jq0QdwB0vk7VPcIqpo4pr,6QJrx4J9XqIxXUBhacoJHC,Medz Boss,34233,27,2019-12-27,day,35,2024-01-08
0.592,0.554,1,-4.342,0,0.329,0.282,0.0,0.268,0.592,65.752,127321,3,0N2RgrS7OvQiXctzY0pkq6,Touchdown,6Jq0QdwB0vk7VPcIqpo4pr,363rd3ZlAT1FYFhYLFzK6L,Rondo,4068,12,2019-10-21,day,30,2024-01-08
0.894,0.597,8,-4.656,0,0.0865,0.565,0.0,0.161,0.778,100.046,128424,4,5eZodd2wTkSEHsI19p1p6l,Bompton Law,6Jq0QdwB0vk7VPcIqpo4pr,7tnzhcb2y0dtPFIFVTp0A4,Tafari,26094,22,2020-10-24,day,31,2024-01-08
0.669,0.533,8,-5.257,0,0.402,0.174,0.0,0.421,0.6,100.104,129750,4,6Bi6IgisCcr1e6VXyo03yn,Man Ah General,6Jq0QdwB0vk7VPcIqpo4pr,2uXytzsWyyjXiAaQQ5O0s3,Pablo Dan,2941,5,2019-06-30,day,20,2024-01-08
0.608,0.704,11,-6.804,1,0.101,0.232,0.0,0.149,0.488,94.74,142849,4,0E8DbilKrdRl53ePxl60O8,Marrow Ago Fly,6Jq0QdwB0vk7VPcIqpo4pr,2Jv0w50BNaGlwnXpq69HGm,Prince Swanny,112646,43,2020-02-14,day,25,2024-01-08
0.718,0.715,10,-8.166,0,0.37,0.0746,0.0,0.11,0.16,91.392,175031,4,2Mlqv0dinMap5eK334XB5O,Badmind People,6Jq0QdwB0vk7VPcIqpo4pr,2Jv0w50BNaGlwnXpq69HGm,Prince Swanny,112646,43,2017-03-11,day,12,2024-01-08
0.802,0.656,0,-6.537,1,0.355,0.294,0.0,0.0948,0.819,107.842,148924,4,1kfe98OlFHXMHph4ACJkfe,Malandros (Weekend Riddim),6Jq0QdwB0vk7VPcIqpo4pr,6fanvfSBKMMExePwhUq8Mi,K Lion,40088,30,2019-11-01,day,36,2024-01-08
0.751,0.548,0,-6.787,1,0.807,0.717,4.03e-06,0.117,0.419,66.282,174000,5,7DydPolaoKNe92MY6sqBa9,Team,6Jq0QdwB0vk7VPcIqpo4pr,6fanvfSBKMMExePwhUq8Mi,K Lion,40088,30,2019-12-17,day,33,2024-01-08
0.582,0.515,4,-9.438,0,0.613,0.441,3.5e-05,0.0879,0.397,48.077,210129,4,5bW0A0OE84BCIiJljaGLN2,Step Pon Dem,6Jq0QdwB0vk7VPcIqpo4pr,6fanvfSBKMMExePwhUq8Mi,K Lion,40088,30,2020-08-25,day,22,2024-01-08
0.601,0.771,1,-2.189,1,0.293,0.484,0.0,0.0784,0.717,97.12,179592,4,1kKjv1AxaVtPSNWUxCyG8e,One Link,6Jq0QdwB0vk7VPcIqpo4pr,6fanvfSBKMMExePwhUq8Mi,K Lion,40088,30,2019-11-15,day,27,2024-01-08
0.779,0.826,5,-4.593,0,0.342,0.738,0.0,0.0942,0.909,99.479,163200,4,6azxWpKgFoC34i0z1HaikT,Safe,6Jq0QdwB0vk7VPcIqpo4pr,6fanvfSBKMMExePwhUq8Mi,K Lion,40088,30,2020-01-03,day,30,2024-01-08
0.878,0.476,3,-9.058,0,0.346,0.192,0.0,0.269,0.6,95.069,191608,4,5i3yN6MeOlwq6IyFKsLSb3,New K,6Jq0QdwB0vk7VPcIqpo4pr,"6Ex07b1orPPrEObwY9hzks,2PoIH45Qs8JLY2RfpdzyVE","Boogie,G5","2053,6015","3,20",2019-12-13,day,19,2024-01-08
0.923,0.53,2,-7.553,1,0.15,0.0804,0.000177,0.0971,0.419,100.021,184947,4,2e393wLift2N4BmCBZzuCF,Blood,6Jq0QdwB0vk7VPcIqpo4pr,6QJrx4J9XqIxXUBhacoJHC,Medz Boss,34233,27,2020-05-08,day,31,2024-01-08
0.536,0.756,11,-3.123,0,0.329,0.46,0.0,0.158,0.671,72.908,159273,5,54RE0090RyBRlc1OPCoU7E,Formula,6Jq0QdwB0vk7VPcIqpo4pr,2Jv0w50BNaGlwnXpq69HGm,Prince Swanny,112646,43,2020-05-07,day,41,2024-01-08
0.746,0.669,4,-8.261,0,0.216,0.437,4.78e-06,0.285,0.332,95.108,154737,4,7yQLYPU264ANcDOluHJHix,Grimm,6Jq0QdwB0vk7VPcIqpo4pr,6QJrx4J9XqIxXUBhacoJHC,Medz Boss,34233,27,2020-05-01,day,8,2024-01-08
0.935,0.627,6,-6.972,0,0.126,0.127,0.0,0.15,0.342,104.888,157714,4,6f1QkHunn0AAwW7xnS7EnR,Expert,6Jq0QdwB0vk7VPcIqpo4pr,2Jv0w50BNaGlwnXpq69HGm,Prince Swanny,112646,43,2020-05-27,day,33,2024-01-08
0.731,0.744,1,-3.647,0,0.213,0.0417,0.0,0.144,0.44,93.958,250358,4,4ZYs6suTVIJPg5vxibOyIw,Catch 22,6Jq0QdwB0vk7VPcIqpo4pr,2Jv0w50BNaGlwnXpq69HGm,Prince Swanny,112646,43,2021-01-14,day,55,2024-01-08
0.677,0.552,5,-7.733,0,0.322,0.804,0.0,0.144,0.88,142.923,168889,5,2f33W36xOV4apM1O3KE0wN,Private Zess,6Jq0QdwB0vk7VPcIqpo4pr,"6fanvfSBKMMExePwhUq8Mi,3TkImpONkqVur05k1iIe7l","K Lion,LR","40088,156","30,25",2020-03-17,day,37,2024-01-08
0.721,0.692,7,-5.914,0,0.233,0.565,6.82e-06,0.12,0.828,97.506,180000,4,6FOeRc9pBD9Y3DGJihVOmf,Monsterz Out,6Jq0QdwB0vk7VPcIqpo4pr,6fanvfSBKMMExePwhUq8Mi,K Lion,40088,30,2020-05-01,day,30,2024-01-08
0.759,0.609,9,-8.625,1,0.316,0.539,0.0,0.0743,0.64,103.867,216947,4,4D0BXEORpR7AcoeftXO2z1,Extraordinary,6Jq0QdwB0vk7VPcIqpo4pr,6fanvfSBKMMExePwhUq8Mi,K Lion,40088,30,2020-03-14,day,30,2024-01-08
0.929,0.547,6,-6.595,0,0.131,0.232,9.71e-05,0.0846,0.354,104.029,240000,4,5m6x2kHWoFSvYkSiX0CZNi,OMG,6Jq0QdwB0vk7VPcIqpo4pr,3r8Hq14XJAyy6K8mlBs2s5,Rebel Sixx,50851,34,2020-02-15,day,29,2024-01-08
0.878,0.617,8,-5.441,1,0.117,0.167,0.000217,0.206,0.305,100.061,194444,4,1ovhpahCxobkKqn5RPk3TM,Parliament,6Jq0QdwB0vk7VPcIqpo4pr,3r8Hq14XJAyy6K8mlBs2s5,Rebel Sixx,50851,34,2020-03-06,day,31,2024-01-08
0.715,0.77,0,-5.755,0,0.368,0.31,0.0,0.258,0.145,89.885,252891,4,7GB8WAeAZi426mRkJrtkOQ,Avaricious Fren,6Jq0QdwB0vk7VPcIqpo4pr,"3zorWCDx017sz4UYP2fC9w,3r8Hq14XJAyy6K8mlBs2s5","Chronic Law,Rebel Sixx","158123,50851","50,34",2020-06-17,day,10,2024-01-08
0.531,0.691,6,-7.46,0,0.0767,0.188,0.0,0.0978,0.389,102.509,243000,5,3AGXiyg3dXfFCB2taHrZwM,Murda,6Jq0QdwB0vk7VPcIqpo4pr,6CxUKwVnCBKKP60XMvnMOL,Jahllano,20037,25,2020-04-17,day,13,2024-01-08
0.86,0.394,8,-15.573,0,0.151,0.626,0.0,0.121,0.289,100.031,158459,4,4oaNAnqd6C3TUu6ZAtuVFk,Dead,6Jq0QdwB0vk7VPcIqpo4pr,"1q8eLau7GFYIqG56nO7Cwt,3oPS5gQSuTmiuCDWQo2Mdw","CJ Dan,Sin Sin","6886,534","9,5",2020-05-08,day,12,2024-01-08
0.569,0.663,0,-5.858,0,0.161,0.822,0.0,0.169,0.771,130.552,188576,5,1QbQFDVEm6ImPZ8giR4Z4E,Dreams,6Jq0QdwB0vk7VPcIqpo4pr,1q8eLau7GFYIqG56nO7Cwt,CJ Dan,6886,9,2020-01-17,day,7,2024-01-08
0.693,0.474,6,-6.837,1,0.459,0.167,0.0,0.27,0.509,200.021,153712,4,2Z7ZC8V7qCuoH8p6GXiRsk,Clean and Dutty,6Jq0QdwB0vk7VPcIqpo4pr,"1q8eLau7GFYIqG56nO7Cwt,7zow5Va8ESrfnxvUF62HRH","CJ Dan,Icee Dan","6886,8058","9,22",2020-04-14,day,0,2024-01-08
0.757,0.676,8,-3.803,1,0.0792,0.0726,7.5e-05,0.0789,0.158,101.999,155109,4,2UmAhS7gLpVfyJa7yrtSmE,No Talk,6Jq0QdwB0vk7VPcIqpo4pr,3UwGbC4Sl9MmonrpWo6grS,Boy Boy,29068,41,2020-03-31,day,32,2024-01-08
0.838,0.715,6,-5.574,0,0.328,0.666,0.0,0.305,0.245,133.444,188082,5,5nhQjFM1HQvNis4UJKNcLe,Loose Cannon,6Jq0QdwB0vk7VPcIqpo4pr,"3UwGbC4Sl9MmonrpWo6grS,3iWwLfjZAKzmAB57v38i45","Boy Boy,Raskality","29068,5723","41,15",2020-03-09,day,30,2024-01-08
0.517,0.707,5,-7.085,0,0.33,0.396,0.0,0.151,0.962,104.873,163248,4,02pEeameBALo1rYgeJMUMB,5 A.M.,6Jq0QdwB0vk7VPcIqpo4pr,7zow5Va8ESrfnxvUF62HRH,Icee Dan,8058,22,2020-01-10,day,11,2024-01-08
0.453,0.688,4,-8.017,0,0.343,0.377,0.0,0.843,0.311,80.687,222316,3,1toycZmQ2NubH2pHPsEvSj,Shadow Boy,6Jq0QdwB0vk7VPcIqpo4pr,7zow5Va8ESrfnxvUF62HRH,Icee Dan,8058,22,2020-05-01,day,12,2024-01-08
0.681,0.843,7,-4.369,1,0.365,0.171,0.0,0.0518,0.731,75.011,158459,3,1EYSTU7jibop13r4YWRsR7,Run Up,6Jq0QdwB0vk7VPcIqpo4pr,"7zow5Va8ESrfnxvUF62HRH,6fanvfSBKMMExePwhUq8Mi","Icee Dan,K Lion","8058,40088","22,30",2019-05-03,day,23,2024-01-08
0.623,0.464,1,-12.393,0,0.843,0.399,0.0,0.193,0.875,80.999,177648,3,166hxLuWumBykweM6qZuQM,IG Gal,6Jq0QdwB0vk7VPcIqpo4pr,7zow5Va8ESrfnxvUF62HRH,Icee Dan,8058,22,2020-06-05,day,1,2024-01-08
0.732,0.627,1,-5.72,1,0.191,0.491,0.0,0.119,0.531,171.992,133669,4,0zEOnRjdV8gJModPpt9rbY,Cap,6Jq0QdwB0vk7VPcIqpo4pr,363rd3ZlAT1FYFhYLFzK6L,Rondo,4068,12,2021-10-30,day,0,2024-01-08
0.878,0.53,2,-5.793,1,0.107,0.312,0.0,0.25,0.325,110.005,123402,4,7v6XmZ5ijbDJeDvP2VXNNI,Beg Please,6Jq0QdwB0vk7VPcIqpo4pr,363rd3ZlAT1FYFhYLFzK6L,Rondo,4068,12,2019-10-21,day,19,2024-01-08
0.647,0.661,8,-4.109,1,0.394,0.299,0.0,0.184,0.535,127.375,204121,5,3lZ35cg1X4ij07O7daezB1,Disrespect.,6Jq0QdwB0vk7VPcIqpo4pr,363rd3ZlAT1FYFhYLFzK6L,Rondo,4068,12,2019-10-22,day,12,2024-01-08
0.778,0.687,9,-3.825,0,0.317,0.0573,0.0,0.228,0.265,180.102,182831,4,7rost6QtzTUZpiajgNiayM,Fuck Time,6Jq0QdwB0vk7VPcIqpo4pr,363rd3ZlAT1FYFhYLFzK6L,Rondo,4068,12,2019-10-21,day,4,2024-01-08
0.571,0.513,5,-1.487,0,0.318,0.388,0.0,0.0771,0.393,86.682,188936,1,6dPC0A0QIVeWiDP5TXxV2Z,Mad Move,6Jq0QdwB0vk7VPcIqpo4pr,363rd3ZlAT1FYFhYLFzK6L,Rondo,4068,12,2020-03-25,day,6,2024-01-08
0.848,0.514,3,-6.254,0,0.216,0.542,0.0,0.0998,0.529,91.972,188071,4,1HxRxpQaKZ4YCBcuWkdvw5,Vengeance,6Jq0QdwB0vk7VPcIqpo4pr,58GP6t4N8aiJkHTOM41ECz,Plumpy Boss,21328,31,2019-03-05,day,15,2024-01-08
0.705,0.865,8,0.407,0,0.289,0.421,5.35e-06,0.416,0.355,92.868,209032,4,16S50hbW9Ui4kYTPyWQurr,My Queen,6Jq0QdwB0vk7VPcIqpo4pr,58GP6t4N8aiJkHTOM41ECz,Plumpy Boss,21328,31,2020-05-03,day,15,2024-01-08
0.861,0.677,6,-5.097,0,0.16,0.593,0.0,0.173,0.53,96.98,164299,4,2JMoaiETMzWj1JuH3Qoqzw,March Out,6Jq0QdwB0vk7VPcIqpo4pr,58GP6t4N8aiJkHTOM41ECz,Plumpy Boss,21328,31,2020-05-15,day,11,2024-01-08
0.833,0.497,0,-5.785,0,0.0629,0.341,0.0,0.134,0.407,100.098,184000,4,2n4DDrBbyFRy7DtBslqoSG,Walking Dead,6Jq0QdwB0vk7VPcIqpo4pr,1q8eLau7GFYIqG56nO7Cwt,CJ Dan,6886,9,2020-06-16,day,1,2024-01-08
0.568,0.481,1,-8.623,1,0.184,0.0309,2.19e-05,0.135,0.179,99.104,188265,4,2HYdeo3DodKgsBmD3TVQTK,Zess in Peace,6Jq0QdwB0vk7VPcIqpo4pr,6fanvfSBKMMExePwhUq8Mi,K Lion,40088,30,2020-06-06,day,34,2024-01-08
0.669,0.573,0,-9.535,0,0.184,0.236,0.0,0.178,0.516,96.171,180050,4,4mBWrY8fUrB4mlrpX5EsaA,Full Ah Zess,6Jq0QdwB0vk7VPcIqpo4pr,3iWwLfjZAKzmAB57v38i45,Raskality,5723,15,2019-05-09,day,16,2024-01-08
0.721,0.419,1,-12.849,0,0.523,0.397,0.00256,0.102,0.626,119.667,184416,5,43XCJ7TGzi5YUY9H9ZM02y,Shella Business,6Jq0QdwB0vk7VPcIqpo4pr,3iWwLfjZAKzmAB57v38i45,Raskality,5723,15,2019-11-15,day,2,2024-01-08
0.649,0.751,10,-3.356,0,0.123,0.624,0.000394,0.26,0.762,126.752,180037,5,4o9Xjt2Vom7Jz6o5HefWll,Please Jah,6Jq0QdwB0vk7VPcIqpo4pr,58GP6t4N8aiJkHTOM41ECz,Plumpy Boss,21328,31,2019-08-30,day,11,2024-01-08
0.836,0.625,10,-6.0,0,0.485,0.174,0.0,0.155,0.294,105.905,186000,4,3UnrwZ6tnJfx1HIPeR8iP1,Dark,6Jq0QdwB0vk7VPcIqpo4pr,3r8Hq14XJAyy6K8mlBs2s5,Rebel Sixx,50851,34,2020-03-02,day,15,2024-01-08
0.774,0.702,5,-7.118,0,0.0949,0.24,0.0,0.52,0.58,100.078,158119,4,4QH8r0iy4wVQZu3YPGG29i,Fully 6ixx,6Jq0QdwB0vk7VPcIqpo4pr,"4DbFUy6A1B8aJuNKjrQX3k,60XkthNPxcF6LNmFB4i1j8","Tafari,Rebel","6287,63","9,12",2019-02-24,day,25,2024-01-08
0.798,0.728,1,-2.101,1,0.117,0.407,2.11e-06,0.288,0.45,102.086,144118,4,743mjyeoiLPuaDF8ZvZwzt,Heights of Greatness,6Jq0QdwB0vk7VPcIqpo4pr,3r8Hq14XJAyy6K8mlBs2s5,Rebel Sixx,50851,34,2020-03-13,day,10,2024-01-08
0.5,0.626,4,-8.286,1,0.359,0.551,2.15e-05,0.161,0.347,66.92,174042,5,1cbTNx0Il06pTerFdwfmHu,Lifestyle,6Jq0QdwB0vk7VPcIqpo4pr,6fanvfSBKMMExePwhUq8Mi,K Lion,40088,30,2019-04-05,day,14,2024-01-08
0.795,0.611,6,-7.626,0,0.297,0.377,0.0,0.158,0.329,100.025,199416,4,7xcuZ6it2nDqVUh0B29znm,Rise Up,6Jq0QdwB0vk7VPcIqpo4pr,6fanvfSBKMMExePwhUq8Mi,K Lion,40088,30,2019-11-11,day,27,2024-01-08
0.727,0.677,2,-6.647,1,0.44,0.29,0.0,0.107,0.39,104.563,178426,4,0nKXu2MA0BDfHlOGFHQg9S,Looney,6Jq0QdwB0vk7VPcIqpo4pr,3r8Hq14XJAyy6K8mlBs2s5,Rebel Sixx,50851,34,2020-03-16,day,18,2024-01-08
0.54,0.892,4,-3.194,0,0.137,0.683,0.0,0.119,0.589,66.318,170947,5,2ZtoZ5KfkJopYmxSsAH78U,Things Mi Like,6Jq0QdwB0vk7VPcIqpo4pr,58GP6t4N8aiJkHTOM41ECz,Plumpy Boss,21328,31,2020-03-24,day,6,2024-01-08
0.635,0.785,8,0.082,1,0.386,0.651,0.0,0.0765,0.469,122.461,224176,5,22VkCYoJYaLyqHyJbOEmd4,Y.W. & F.,6Jq0QdwB0vk7VPcIqpo4pr,"58GP6t4N8aiJkHTOM41ECz,6QJrx4J9XqIxXUBhacoJHC","Plumpy Boss,Medz Boss","21328,34233","31,27",2020-03-25,day,11,2024-01-08
0.622,0.502,9,-9.788,0,0.38,0.84,0.0,0.122,0.738,130.147,157649,5,7KUixnExocVYLhLSej3OVS,Doom,6Jq0QdwB0vk7VPcIqpo4pr,5slhysoEJ05kVNc173rOJU,K Lion,2585,5,2021-01-11,day,15,2024-01-08
0.645,0.687,4,-3.991,0,0.0975,0.631,0.0,0.145,0.767,103.951,135027,4,4N5wDxNrfUq2S6GUN8ljtk,Knock,6Jq0QdwB0vk7VPcIqpo4pr,"2CzDoKM72K2fdbbtnAVtlJ,7zow5Va8ESrfnxvUF62HRH","Teejah,Icee Dan","3464,8058","2,22",2019-10-18,day,14,2024-01-08
0.635,0.765,8,-0.682,1,0.302,0.214,0.0,0.163,0.273,187.762,173617,4,0XCSfWmpzQctqknug6zyfi,Come See Me,6Jq0QdwB0vk7VPcIqpo4pr,58GP6t4N8aiJkHTOM41ECz,Plumpy Boss,21328,31,2020-03-25,day,12,2024-01-08
0.563,0.599,8,-1.144,1,0.271,0.319,0.0,0.151,0.309,94.443,188936,4,1qJt9lT5en6fjZPtuXs90U,Why Pree,6Jq0QdwB0vk7VPcIqpo4pr,7zow5Va8ESrfnxvUF62HRH,Icee Dan,8058,22,2020-03-25,day,6,2024-01-08
0.601,0.636,5,-1.407,0,0.244,0.351,4.26e-06,0.0998,0.331,92.192,186383,4,6hm6NmNeK2v2udArr7Y8x1,Trini Bad,6Jq0QdwB0vk7VPcIqpo4pr,2y0QGjnlzB39Nf2duLQoxk,KG,242,18,2020-03-25,day,5,2024-01-08
0.728,0.622,9,-7.544,0,0.169,0.258,0.0,0.327,0.419,133.212,175200,5,49dMKmMc4VpV5dEMs2SrzQ,New Settings,6Jq0QdwB0vk7VPcIqpo4pr,6QJrx4J9XqIxXUBhacoJHC,Medz Boss,34233,27,2020-04-17,day,19,2024-01-08
0.747,0.724,5,-4.982,0,0.231,0.189,1.17e-06,0.133,0.195,66.707,137445,3,4pmZNiKyksRl4Hs4Q4FHI3,King Life,6Jq0QdwB0vk7VPcIqpo4pr,3r8Hq14XJAyy6K8mlBs2s5,Rebel Sixx,50851,34,2020-03-26,day,37,2024-01-08
0.822,0.79,5,-4.426,1,0.105,0.319,0.0,0.645,0.532,104.031,161538,4,4pXmpmYfGA9FcpQ26Z58Rx,Deal With It,6Jq0QdwB0vk7VPcIqpo4pr,"3r8Hq14XJAyy6K8mlBs2s5,5AVAzwpIu9f3H1oegupPCd","Rebel Sixx,Travis World","50851,14484","34,41",2020-03-26,day,15,2024-01-08
0.785,0.724,8,-3.29,0,0.0989,0.429,0.0,0.109,0.62,102.076,134430,4,1cOxR1m0uBQF3yJmU1zL5e,So Right,6Jq0QdwB0vk7VPcIqpo4pr,3r8Hq14XJAyy6K8mlBs2s5,Rebel Sixx,50851,34,2020-03-26,day,13,2024-01-08
0.786,0.764,3,-3.842,0,0.126,0.458,0.0,0.225,0.596,103.004,188738,4,2Q0whzivIxh6gvETkZVAz8,History Book,6Jq0QdwB0vk7VPcIqpo4pr,3r8Hq14XJAyy6K8mlBs2s5,Rebel Sixx,50851,34,2020-03-26,day,13,2024-01-08
0.78,0.574,5,-7.391,0,0.062,0.329,0.0,0.133,0.58,105.046,205714,4,2NdDPlnepE6rdWo3Ea5ZvW,Ghetto Prophet,6Jq0QdwB0vk7VPcIqpo4pr,3r8Hq14XJAyy6K8mlBs2s5,Rebel Sixx,50851,34,2020-03-26,day,29,2024-01-08
0.864,0.336,7,-13.343,0,0.446,0.729,4.11e-06,0.087,0.268,102.998,170097,4,1Ws1EbaVbgeGYXs47971q3,Cramp Dem,6Jq0QdwB0vk7VPcIqpo4pr,3r8Hq14XJAyy6K8mlBs2s5,Rebel Sixx,50851,34,2020-01-01,day,18,2024-01-08
0.624,0.811,0,-4.148,0,0.32,0.45,0.0,0.0996,0.547,86.317,188395,4,3rYUmKC2wm9v4WDEiaFrfS,Knock It,6Jq0QdwB0vk7VPcIqpo4pr,58GP6t4N8aiJkHTOM41ECz,Plumpy Boss,21328,31,2020-01-17,day,16,2024-01-08
0.62,0.575,11,-8.166,0,0.403,0.602,0.0,0.257,0.54,129.591,181316,5,34CSnxpzP47wjhIYFbzdmN,Outside,6Jq0QdwB0vk7VPcIqpo4pr,3r8Hq14XJAyy6K8mlBs2s5,Rebel Sixx,50851,34,2019-04-05,day,5,2024-01-08
0.948,0.474,1,-7.502,1,0.215,0.328,0.0,0.0748,0.756,102.008,170527,4,1Rb8dGAGOpo0ou6KWd7Rh2,Jump on My Cocky,6Jq0QdwB0vk7VPcIqpo4pr,"09LprKSjs0a3gH492PixiV,1yBSwrhGAh8xLabpLtbzTL,6gIIlxlZpVoCOJWu20Rj2g","Potential Kidd,Trinidad Ghost,Mr Grills","950,670,8","13,7,0",2019-03-25,day,0,2024-01-08
0.673,0.908,10,-2.056,0,0.382,0.0746,6.64e-06,0.169,0.561,104.934,160000,4,72aC1kO5NRlhciYesmu6Y7,Champions League,6Jq0QdwB0vk7VPcIqpo4pr,3r8Hq14XJAyy6K8mlBs2s5,Rebel Sixx,50851,34,2020-04-05,day,5,2024-01-08
0.789,0.441,6,-11.237,0,0.44,0.409,0.000569,0.153,0.239,134.565,192475,5,2xJvjFqDlw5rovw9gflcZh,Hide & Seek,6Jq0QdwB0vk7VPcIqpo4pr,"3r8Hq14XJAyy6K8mlBs2s5,1MdzISNKOYvAhoak5FBn2C","Rebel Sixx,Coutain","50851,1825","34,16",2020-01-27,day,14,2024-01-08
0.591,0.437,9,-11.115,0,0.106,0.342,0.00132,0.103,0.187,133.215,178561,5,2Kash1TDMUyeImXTZAB3hd,Military Standard,6Jq0QdwB0vk7VPcIqpo4pr,3RZVAxQEhF9JEFvHDRovxQ,Ice Dan,1284,0,2019-05-17,day,4,2024-01-08
0.563,0.658,11,-9.837,0,0.663,0.297,0.0,0.655,0.875,93.604,194273,4,1NHXo5h3Kysh5zWHZQKQax,We out Here,6Jq0QdwB0vk7VPcIqpo4pr,3ATKkAzfZsIJuoCnOepK67,Trigger Dan,1834,6,2019-07-19,day,3,2024-01-08
0.901,0.574,10,-6.654,0,0.4,0.0556,0.0,0.0529,0.232,92.088,130435,4,69IXRZewcuVI1H2KWkKYMW,Lock It,6Jq0QdwB0vk7VPcIqpo4pr,6QJrx4J9XqIxXUBhacoJHC,Medz Boss,34233,27,2020-04-20,day,5,2024-01-08
0.653,0.593,1,-4.64,1,0.439,0.282,0.0,0.106,0.283,200.065,160800,4,0rwZImnu68KfWCa4Wim7iG,Last Days,6Jq0QdwB0vk7VPcIqpo4pr,3r8Hq14XJAyy6K8mlBs2s5,Rebel Sixx,50851,34,2020-05-01,day,9,2024-01-08
0.886,0.641,6,-4.928,0,0.0967,0.603,6.31e-05,0.37,0.771,100.088,176400,4,2gSJCm1gcCXXfcLeElXUXz,Tight & Good,6Jq0QdwB0vk7VPcIqpo4pr,3r8Hq14XJAyy6K8mlBs2s5,Rebel Sixx,50851,34,2020-05-05,day,5,2024-01-08
0.923,0.537,6,-4.164,1,0.206,0.0961,3.49e-06,0.249,0.546,100.023,156778,4,5ytiuWdHukOZLtZBfzcfqR,Black Rain,6Jq0QdwB0vk7VPcIqpo4pr,3r8Hq14XJAyy6K8mlBs2s5,Rebel Sixx,50851,34,2020-04-11,day,23,2024-01-08
0.77,0.581,5,-3.092,1,0.111,0.447,1.32e-05,0.187,0.542,99.958,156549,4,0EyAByUg4sNJDQFw0aIn2V,Plan,6Jq0QdwB0vk7VPcIqpo4pr,3r8Hq14XJAyy6K8mlBs2s5,Rebel Sixx,50851,34,2020-05-31,day,20,2024-01-08
0.78,0.837,5,0.055,0,0.278,0.181,0.0,0.085,0.345,130.936,144528,5,3ju22V3WVQQUV0gCwgk0UI,Kill a Clown,6Jq0QdwB0vk7VPcIqpo4pr,3r8Hq14XJAyy6K8mlBs2s5,Rebel Sixx,50851,34,2020-05-29,day,8,2024-01-08
0.578,0.816,5,0.874,0,0.289,0.847,0.0,0.137,0.672,137.036,205385,5,0qKqGgquhT9TtlRu3X99wy,Name of the Game,6Jq0QdwB0vk7VPcIqpo4pr,"6CxUKwVnCBKKP60XMvnMOL,6p3yRoqpqsQp5AajLW9MVa,4DbFUy6A1B8aJuNKjrQX3k","Jahllano,LRG,Tafari","20037,1137,6287","25,3,9",2020-04-15,day,6,2024-01-08
0.753,0.484,2,-6.867,0,0.303,0.671,5.96e-05,0.107,0.376,104.037,166154,4,6jj7fDpv5pWwlTMXBzY4t7,No Trust No Love,6Jq0QdwB0vk7VPcIqpo4pr,"3r8Hq14XJAyy6K8mlBs2s5,5AVAzwpIu9f3H1oegupPCd","Rebel Sixx,Travis World","50851,14484","34,41",2020-06-03,day,48,2024-01-08
0.855,0.87,2,-3.803,0,0.123,0.354,0.0,0.0824,0.519,130.002,184615,4,1adZB0M09tyKc0Uyu2lPas,World War 4,6Jq0QdwB0vk7VPcIqpo4pr,3r8Hq14XJAyy6K8mlBs2s5,Rebel Sixx,50851,34,2020-08-21,day,16,2024-01-08
0.882,0.725,2,-4.698,1,0.305,0.132,0.0,0.284,0.582,102.989,184111,4,15E33ox5QcaPZOEJ3pFhVL,Covid (Freestyle),6Jq0QdwB0vk7VPcIqpo4pr,3r8Hq14XJAyy6K8mlBs2s5,Rebel Sixx,50851,34,2020-08-31,day,11,2024-01-08
0.614,0.472,9,-10.899,0,0.338,0.555,0.0,0.176,0.328,132.567,177647,5,1pDrlfTUcDSeLJ2VSbp83g,Warn Dem,6Jq0QdwB0vk7VPcIqpo4pr,6fanvfSBKMMExePwhUq8Mi,K Lion,40088,30,2019-05-17,day,8,2024-01-08
0.804,0.636,9,-6.571,0,0.201,0.57,1.06e-06,0.173,0.669,97.962,189518,4,3VvPOFYAc3mGzVKIOWxD46,Squeeze,6Jq0QdwB0vk7VPcIqpo4pr,0WK9Tb5kguLaYynIb3vrNc,Rebel,363,24,2019-11-22,day,21,2024-01-08
0.874,0.657,4,-4.597,0,0.238,0.0785,1.38e-06,0.157,0.286,104.155,185744,4,6IKSQrj2ZH5YB2J8ISvRXn,Me Will Dweet,6Jq0QdwB0vk7VPcIqpo4pr,3r8Hq14XJAyy6K8mlBs2s5,Rebel Sixx,50851,34,2020-04-15,day,10,2024-01-08
0.609,0.892,8,-1.169,1,0.248,0.767,0.0,0.103,0.488,116.75,152967,5,42Vc4jGkhnFz42d3bxMTev,Hold on Strong,6Jq0QdwB0vk7VPcIqpo4pr,2y0QGjnlzB39Nf2duLQoxk,KG,242,18,2020-03-25,day,0,2024-01-08
0.658,0.838,8,-1.989,1,0.159,0.742,0.0,0.127,0.518,118.158,171429,5,7xHnWDqtWUbC24DoaqKjo3,S.I.P.,6Jq0QdwB0vk7VPcIqpo4pr,0Gkq3acWre3Hu02EAvBiIa,Rheon Elbourne,3987,22,2020-03-25,day,1,2024-01-08
0.604,0.767,5,-0.659,0,0.309,0.545,0.0,0.0851,0.483,117.445,161538,5,60qr7ujYw4FxrvQFlnYELs,Too Bad Mind,6Jq0QdwB0vk7VPcIqpo4pr,559YLWpCvVYo3qCEhMJ3pq,Lawless,6074,13,2020-03-25,day,1,2024-01-08
0.567,0.89,4,-4.955,0,0.185,0.665,5.99e-05,0.286,0.78,67.653,142200,5,39kdGduxJeBHaBc5fW8Nwo,Spanish Zess,6Jq0QdwB0vk7VPcIqpo4pr,1yBSwrhGAh8xLabpLtbzTL,Trinidad Ghost,670,7,2020-04-02,day,4,2024-01-08
0.698,0.701,6,-5.4,0,0.33,0.78,0.0,0.13,0.699,97.643,163344,4,5m50Hb5bR1EnnraPNfdSDt,Grim Reaper,6Jq0QdwB0vk7VPcIqpo4pr,3KaFfC4kfSJiwbdCA1vF5H,Tejah,3256,16,2020-05-07,day,7,2024-01-08
0.593,0.848,5,0.091,0,0.348,0.169,0.0,0.0944,0.386,98.09,144490,4,0Z5EtyQrPdS3mBxYmyv9fT,Murder Change,6Jq0QdwB0vk7VPcIqpo4pr,3r8Hq14XJAyy6K8mlBs2s5,Rebel Sixx,50851,34,2020-05-30,day,10,2024-01-08
0.723,0.848,8,-0.208,1,0.093,0.331,0.0,0.15,0.404,130.683,129796,5,4TxjfLX82XwczzmPFnHauo,People Dead,6Jq0QdwB0vk7VPcIqpo4pr,1q8eLau7GFYIqG56nO7Cwt,CJ Dan,6886,9,2020-05-30,day,4,2024-01-08
0.571,0.868,1,-0.006,1,0.353,0.249,0.0,0.22,0.407,131.987,159184,5,45Ufw6TGvpoJvUuyw0mklX,Jordan,6Jq0QdwB0vk7VPcIqpo4pr,6CxUKwVnCBKKP60XMvnMOL,Jahllano,20037,25,2020-05-30,day,8,2024-01-08
0.896,0.491,2,-11.2,1,0.335,0.0356,5.71e-06,0.158,0.407,99.891,136072,4,3fRcLIcRDZBNcJwk3diMoM,Titanic,6Jq0QdwB0vk7VPcIqpo4pr,5tr6GdAE9bwCqYuLXUwIhd,Toppy Boss,8031,4,2020-06-15,day,13,2024-01-08
0.788,0.62,6,-7.242,0,0.118,0.671,0.0,0.0758,0.533,122.055,255765,4,1UzSUI6i19pFHhvWZEFA0G,Collatoral Damage,6Jq0QdwB0vk7VPcIqpo4pr,"0JSBUUBuT8pbdbw1UZggSY,0WhrKY560yMc8mma8YXNKp","Tefflon,Faces","19249,44","28,0",2020-07-25,day,0,2024-01-08
0.605,0.629,11,-6.172,0,0.29,0.0633,0.0282,0.375,0.44,129.808,154105,5,6daXR3jHpIkMkSU8ahbTLz,Scamma,6Jq0QdwB0vk7VPcIqpo4pr,3r8Hq14XJAyy6K8mlBs2s5,Rebel Sixx,50851,34,2020-09-23,day,12,2024-01-08
0.684,0.423,6,-7.599,1,0.759,0.0309,0.0,0.14,0.565,100.508,160825,4,4joTWJy5q9JjLyNMu53C3P,Plenty,6Jq0QdwB0vk7VPcIqpo4pr,2uXytzsWyyjXiAaQQ5O0s3,Pablo Dan,2941,5,2020-04-13,day,0,2024-01-08
0.9,0.467,8,-6.77,1,0.396,0.0478,0.0,0.28,0.628,100.227,156056,4,0aOHFUjXW62VtifbWpDYEi,Scarface,6Jq0QdwB0vk7VPcIqpo4pr,"6FOHdBHp21uRWCc1fbETV5,5JsN0iGKAkfJ0XmLF512sW","JP,Shortz","8,17","0,0",2020-04-09,day,2,2024-01-08
0.494,0.623,0,-7.549,0,0.226,0.739,0.0,0.174,0.593,99.946,204038,4,77HAwXtSwccgC50iEor9WU,Hurricane,6Jq0QdwB0vk7VPcIqpo4pr,0JSBUUBuT8pbdbw1UZggSY,Tefflon,19249,28,2020-06-22,day,20,2024-01-08
0.88,0.466,9,-8.935,0,0.185,0.477,0.0,0.156,0.69,105.048,146286,4,42u3ZN44ZMd6r4oM8N4Hj9,Buss Like Bamboo,6Jq0QdwB0vk7VPcIqpo4pr,0JSBUUBuT8pbdbw1UZggSY,Tefflon,19249,28,2020-08-31,day,0,2024-01-08
0.649,0.684,8,-6.138,1,0.271,0.716,0.00496,0.11,0.554,196.098,151091,4,2zNBZQL5BUVRDvYkbE0osv,Good,6Jq0QdwB0vk7VPcIqpo4pr,6fanvfSBKMMExePwhUq8Mi,K Lion,40088,30,2020-04-24,day,29,2024-01-08
0.789,0.585,11,-4.965,1,0.212,0.645,0.0,0.128,0.516,96.139,170000,4,5uNZnaxxztf8AWaaa00DVo,Candle,6Jq0QdwB0vk7VPcIqpo4pr,3r8Hq14XJAyy6K8mlBs2s5,Rebel Sixx,50851,34,2020-06-29,day,12,2024-01-08
0.819,0.733,2,-5.883,1,0.151,0.109,0.0,0.21,0.207,101.935,164191,4,1vfHVs1nldp5Ef8EzcpOyE,Me Against the World,6Jq0QdwB0vk7VPcIqpo4pr,3r8Hq14XJAyy6K8mlBs2s5,Rebel Sixx,50851,34,2020-07-01,day,17,2024-01-08
0.781,0.577,4,-7.653,0,0.0796,0.527,0.0,0.125,0.664,100.003,202000,4,08I57pk6tgCToD2jNHNrTM,Evil,6Jq0QdwB0vk7VPcIqpo4pr,3r8Hq14XJAyy6K8mlBs2s5,Rebel Sixx,50851,34,2020-07-24,day,30,2024-01-08
0.701,0.34,9,-9.321,1,0.684,0.3,0.0,0.114,0.48,132.979,187200,5,3Z7lC6x2vymyE9wahQJhu7,3 Points,6Jq0QdwB0vk7VPcIqpo4pr,1q8eLau7GFYIqG56nO7Cwt,CJ Dan,6886,9,2020-08-14,day,6,2024-01-08
0.651,0.73,6,-2.999,0,0.244,0.407,0.0,0.212,0.519,65.657,195918,5,76P8ZWpGNUFpZ8zE9uIFfa,Steamy,6Jq0QdwB0vk7VPcIqpo4pr,5tr6GdAE9bwCqYuLXUwIhd,Toppy Boss,8031,4,2020-08-25,day,3,2024-01-08
0.696,0.685,6,-3.58,0,0.272,0.407,0.0,0.0994,0.509,65.517,178776,5,3VjnY5y5BHE7TSxZY7a2JI,Wah You Need,6Jq0QdwB0vk7VPcIqpo4pr,7zow5Va8ESrfnxvUF62HRH,Icee Dan,8058,22,2020-08-25,day,2,2024-01-08
0.739,0.623,9,-3.58,1,0.335,0.411,6.62e-06,0.101,0.534,65.372,178776,5,5w14makz0nZWypVSGQRfJP,Another Girl,6Jq0QdwB0vk7VPcIqpo4pr,58GP6t4N8aiJkHTOM41ECz,Plumpy Boss,21328,31,2020-08-25,day,7,2024-01-08
0.846,0.608,9,-3.644,1,0.303,0.336,1.56e-06,0.103,0.432,65.329,195918,5,5mltUpm5Yedugv4GUIzuUI,Braff Lyfe,6Jq0QdwB0vk7VPcIqpo4pr,3iWwLfjZAKzmAB57v38i45,Raskality,5723,15,2020-10-09,day,1,2024-01-08
0.526,0.749,9,-2.691,1,0.265,0.475,1.66e-06,0.0968,0.473,77.746,185000,3,2eHQjFGP9uotZX3ghZPyFY,Say Less,6Jq0QdwB0vk7VPcIqpo4pr,"1K23l3n63BTCtIMm0TyS4c,6QJrx4J9XqIxXUBhacoJHC","Nailah Blackman,Medz Boss","35226,34233","41,27",2020-08-25,day,23,2024-01-08
0.78,0.52,4,-9.246,0,0.362,0.396,1.15e-06,0.114,0.551,100.124,204000,4,3M263yhWbaDLpJqONPo6s1,Diss Once,6Jq0QdwB0vk7VPcIqpo4pr,6fanvfSBKMMExePwhUq8Mi,K Lion,40088,30,2020-07-24,day,26,2024-01-08
0.939,0.582,11,-6.405,0,0.12,0.366,3.73e-06,0.127,0.536,105.976,153962,4,7nJzkn8NZ99JNtC7ooYkxK,Gyal Come (Secret Sauce Riddim),6Jq0QdwB0vk7VPcIqpo4pr,6QJrx4J9XqIxXUBhacoJHC,Medz Boss,34233,27,2020-08-30,day,18,2024-01-08
0.716,0.738,1,-3.919,1,0.311,0.266,0.0,0.106,0.497,66.702,180061,5,6t7p7MRpPYIDm1QLTgURRF,Who Run Things,6Jq0QdwB0vk7VPcIqpo4pr,"3tylMtQ2jNczaYAtAOqhv3,6hhy54ByINNSzZKbPgosRO","KellyBeatz,Jza King","1506,355","10,2",2020-05-04,day,9,2024-01-08
0.501,0.787,3,-4.131,0,0.435,0.0883,0.0,0.103,0.338,66.356,180036,5,3YLRzQqfSJUFqKCuUp7Yqe,Covid 19,6Jq0QdwB0vk7VPcIqpo4pr,"3tylMtQ2jNczaYAtAOqhv3,7IbkKTNpBj7MORRdt3oge3","KellyBeatz,Zerimar","1506,30169","10,34",2020-05-04,day,28,2024-01-08
0.621,0.751,8,-4.161,0,0.36,0.0655,0.0,0.147,0.544,66.64,180061,5,44AvImSEOe40SXred0sA0q,Ghetto Story,6Jq0QdwB0vk7VPcIqpo4pr,"3tylMtQ2jNczaYAtAOqhv3,3qi65wjB2eT1o4f5FzQxfH","KellyBeatz,Teejah","1506,41","10,0",2020-05-04,day,7,2024-01-08
0.764,0.633,3,-7.443,0,0.166,0.539,0.0,0.122,0.435,66.669,156029,5,7fZXMwD5s7Xyhkn5pp2DE0,Far,6Jq0QdwB0vk7VPcIqpo4pr,"3tylMtQ2jNczaYAtAOqhv3,5UoVuwjRIYT6WGDUJjT1Se","KellyBeatz,Lu City","1506,8395","10,37",2020-05-04,day,6,2024-01-08
0.627,0.741,8,-4.341,0,0.34,0.0655,0.0,0.117,0.377,66.629,159686,5,0KhJepSMBUfyPIdEBBe90Y,Hold on,6Jq0QdwB0vk7VPcIqpo4pr,"3tylMtQ2jNczaYAtAOqhv3,58w0KtpWYgz26s686wB8Fk","KellyBeatz,King Rilla","1506,58","10,7",2020-05-04,day,3,2024-01-08
0.578,0.724,8,-3.924,0,0.413,0.0301,0.0,0.113,0.484,199.966,159660,4,1joGpygyEerhzMR0auKgR7,Mental,6Jq0QdwB0vk7VPcIqpo4pr,"3tylMtQ2jNczaYAtAOqhv3,3sKXlq0SyWTuHLTLPQc9tm","KellyBeatz,Ants Major","1506,18","10,0",2020-05-04,day,4,2024-01-08
0.806,0.777,3,-4.104,0,0.197,0.0838,0.0,0.117,0.596,66.757,160731,5,609vp55J5byaLzJWzMKTDi,Identity Thief,6Jq0QdwB0vk7VPcIqpo4pr,"3tylMtQ2jNczaYAtAOqhv3,3I5TPl1uItSuR7GCt9uz3i","KellyBeatz,Sound Station","1506,142","10,0",2020-05-04,day,4,2024-01-08
0.665,0.787,10,-4.313,0,0.336,0.309,1.21e-05,0.113,0.557,66.937,159686,5,6aGhMxsKBeQ9WsWNlmxYip,Up in Her,6Jq0QdwB0vk7VPcIqpo4pr,"3tylMtQ2jNczaYAtAOqhv3,7G7HG3gbFmkyzhjGqzDsr9","KellyBeatz,Junior B","1506,76","10,0",2020-05-04,day,2,2024-01-08
0.767,0.753,3,-4.498,0,0.292,0.106,0.0,0.09,0.325,66.764,158458,5,7aWiMvfLaLYr5tR6D9ceXv,Tired & Fed Up,6Jq0QdwB0vk7VPcIqpo4pr,"3tylMtQ2jNczaYAtAOqhv3,7LTTG84rluVx1qTfRAAcOO","KellyBeatz,Zebulun","1506,34","10,1",2020-05-04,day,2,2024-01-08
0.568,0.827,4,-1.858,0,0.34,0.822,0.0,0.087,0.418,92.362,191489,3,0yL1Hpf0MVasCOJ90gXGnM,Decisions,6Jq0QdwB0vk7VPcIqpo4pr,6CxUKwVnCBKKP60XMvnMOL,Jahllano,20037,25,2019-12-27,day,23,2024-01-08
0.829,0.687,2,-5.328,1,0.355,0.576,0.0,0.107,0.402,91.798,117391,4,5TZCsfqAxGSShYE11dg0zW,Charged Up,6Jq0QdwB0vk7VPcIqpo4pr,3iWwLfjZAKzmAB57v38i45,Raskality,5723,15,2020-10-09,day,1,2024-01-08
0.663,0.516,1,-3.77,1,0.309,0.443,0.0,0.0789,0.332,130.494,192000,5,1K8NuQRdyZFIxP1S8ptGC0,Trinibad Confidential,6Jq0QdwB0vk7VPcIqpo4pr,3iWwLfjZAKzmAB57v38i45,Raskality,5723,15,2020-10-09,day,5,2024-01-08
0.563,0.462,4,-9.489,0,0.435,0.558,7.35e-06,0.0933,0.331,64.446,158400,5,4kcE6XvAPDDkKjl3phjw8m,Eastside Badness,6Jq0QdwB0vk7VPcIqpo4pr,"3iWwLfjZAKzmAB57v38i45,0Oq6MntkXWsKtjEIYAeyMO","Raskality,Tafari","5723,1076","15,1",2020-10-09,day,3,2024-01-08
0.824,0.614,0,-5.858,1,0.0919,0.544,0.0,0.114,0.142,100.092,211200,4,6cHIEEPnRaz1nfqaBY9UJ6,Bad Gyal,6Jq0QdwB0vk7VPcIqpo4pr,3iWwLfjZAKzmAB57v38i45,Raskality,5723,15,2020-10-09,day,1,2024-01-08
0.812,0.47,7,-8.849,1,0.0597,0.421,0.000618,0.0447,0.317,103.02,326214,4,07gOK5Q3xDrT2yGwaF5EMJ,Fall in Love,6Jq0QdwB0vk7VPcIqpo4pr,3iWwLfjZAKzmAB57v38i45,Raskality,5723,15,2020-10-09,day,0,2024-01-08
0.76,0.603,9,-6.316,0,0.299,0.507,0.0004,0.261,0.741,193.912,197938,4,4XtU3TkyfyHqUFmNuCZGgC,Domestic Business,6Jq0QdwB0vk7VPcIqpo4pr,3iWwLfjZAKzmAB57v38i45,Raskality,5723,15,2020-10-09,day,1,2024-01-08
0.68,0.544,8,-10.031,1,0.0932,0.687,8.75e-06,0.11,0.371,133.272,136856,5,7Aulk2eOgxy4sEx6Yi0Cls,Trust,6Jq0QdwB0vk7VPcIqpo4pr,1q8eLau7GFYIqG56nO7Cwt,CJ Dan,6886,9,2020-08-07,day,3,2024-01-08
0.619,0.734,0,-4.56,0,0.336,0.296,0.0,0.271,0.311,108.266,178909,4,5o0pq7nCA1yO90GKIpYZA5,Outside,6Jq0QdwB0vk7VPcIqpo4pr,"6CxUKwVnCBKKP60XMvnMOL,1eIXle4BzQymnCdkECuQ0n","Jahllano,Rheon Elbourne","20037,24","25,0",2020-09-23,day,13,2024-01-08
0.91,0.561,10,-7.574,1,0.239,0.684,0.0,0.271,0.713,104.999,182875,4,4avzr1FWOgsL9J5vc4UQLZ,Diss F1,6Jq0QdwB0vk7VPcIqpo4pr,0WhrKY560yMc8mma8YXNKp,Faces,44,0,2020-08-29,day,0,2024-01-08
0.598,0.641,1,-7.46,0,0.313,0.142,0.00027,0.242,0.224,107.16,166699,4,2QXv4NKNCuqCDmOTwcOjrN,Crocodile Teeth,6Jq0QdwB0vk7VPcIqpo4pr,5FkUhnHQ0KC63549LHHtst,Skillibeng,325197,59,2020-09-21,day,62,2024-01-08
0.608,0.577,9,-8.009,0,0.342,0.212,0.0,0.0913,0.756,89.004,192000,4,4oW9otzqrP2cK6dPupvFB4,With Ease,6Jq0QdwB0vk7VPcIqpo4pr,6fanvfSBKMMExePwhUq8Mi,K Lion,40088,30,2020-10-27,day,18,2024-01-08
0.644,0.722,4,-3.961,0,0.511,0.152,0.0,0.129,0.315,118.78,228000,4,5SwTOyDUCpzJ96KfTa4HVc,Evil Eyes,6Jq0QdwB0vk7VPcIqpo4pr,7IbkKTNpBj7MORRdt3oge3,Zerimar,30169,34,2020-03-04,day,41,2024-01-08
0.871,0.654,1,-4.091,0,0.0658,0.227,0.000153,0.28,0.446,100.105,127500,4,4w8csfMWmslT9xy9Ler1XE,Squeeze It,6Jq0QdwB0vk7VPcIqpo4pr,5PEQBJgODj2Ih0zH2JbMZt,Jp.,126,0,2019-09-06,day,7,2024-01-08
0.52,0.645,9,-6.281,0,0.0835,0.278,5.12e-06,0.164,0.342,95.184,229500,4,7m4ZumzC3oKc6O3GWHBvyj,Born Bad,6Jq0QdwB0vk7VPcIqpo4pr,0UvfwKuB7bkbJJSkp2Be6e,Brad,849,15,2020-03-03,day,30,2024-01-08
0.821,0.806,8,-0.289,0,0.0913,0.55,0.0,0.287,0.239,99.961,213600,4,1NXMcpoaDQj1ccehLL2TBb,Fully Devil Up,6Jq0QdwB0vk7VPcIqpo4pr,5EsCbG7ZqKDZP0CAESy0v2,Born King,228,11,2020-08-03,day,18,2024-01-08
0.596,0.832,11,-5.082,1,0.317,0.587,2.88e-06,0.212,0.711,130.549,178087,5,6ZWsoeRisjnu7RgS6vewIC,Lit,6Jq0QdwB0vk7VPcIqpo4pr,3r8Hq14XJAyy6K8mlBs2s5,Rebel Sixx,50851,34,2020-11-01,day,0,2024-01-08
0.55,0.553,2,-6.011,1,0.364,0.198,0.0,0.131,0.177,82.473,204000,1,6isfhRobq7dfDZep6Vqdir,Arima,6Jq0QdwB0vk7VPcIqpo4pr,7IbkKTNpBj7MORRdt3oge3,Zerimar,30169,34,2020-01-26,day,37,2024-01-08
0.729,0.736,11,-1.882,1,0.058,0.111,0.0,0.112,0.205,100.068,216000,4,5BQfIMshGofPt9pgzw68FR,Killing Feeling,6Jq0QdwB0vk7VPcIqpo4pr,"4W1YDUIlG2VramwT3zKYah,3r8Hq14XJAyy6K8mlBs2s5","Mountainside Music,Rebel Sixx","829,50851","4,34",2020-07-26,day,4,2024-01-08
0.686,0.691,4,-4.51,0,0.0663,0.514,0.0,0.645,0.236,99.918,180000,4,1lESimg6fmSfOlMV8zN27W,Buss Meh Gun,6Jq0QdwB0vk7VPcIqpo4pr,"4W1YDUIlG2VramwT3zKYah,4geH4SPSu6IGFtDrJ4Ssl2","Mountainside Music,tafari","829,6","4,2",2020-07-26,day,3,2024-01-08
0.624,0.774,9,-6.278,1,0.454,0.327,0.0,0.0772,0.415,100.246,175009,4,1EnnW5r4AadGHvSrJ7tl0i,Love Investment,6Jq0QdwB0vk7VPcIqpo4pr,7zow5Va8ESrfnxvUF62HRH,Icee Dan,8058,22,2020-08-13,day,1,2024-01-08
0.57,0.646,4,-5.101,0,0.0964,0.505,0.0,0.162,0.206,99.746,216000,4,0SfGFN0GhRUscIYEQCIKgy,Amazing Grace,6Jq0QdwB0vk7VPcIqpo4pr,"4W1YDUIlG2VramwT3zKYah,3iWwLfjZAKzmAB57v38i45","Mountainside Music,Raskality","829,5723","4,15",2020-07-26,day,1,2024-01-08
0.617,0.622,0,-4.638,0,0.318,0.15,0.0,0.183,0.5,132.423,205891,5,69HFkrscVafgyqdhZvOruQ,Hard Fi Dead,6Jq0QdwB0vk7VPcIqpo4pr,2kNL5eBpFCpOQu81GJ4lZb,Jovi Ton,3954,4,2020-09-18,day,0,2024-01-08
0.847,0.645,1,-5.78,1,0.327,0.232,0.0,0.0683,0.682,105.565,171429,4,7DO2PLJTnE4oO5qTkdwqJo,Dweet Mad,6Jq0QdwB0vk7VPcIqpo4pr,"3UwGbC4Sl9MmonrpWo6grS,4i7qK1Yors4Rq1GW1dBn0w","Boy Boy,Blackwick","29068,10","41,3",2020-10-20,day,18,2024-01-08
0.857,0.503,9,-8.433,1,0.0913,0.434,0.0,0.301,0.627,105.034,182857,4,0jwDHDTezDatqItgR5W8DB,Fall in Love,6Jq0QdwB0vk7VPcIqpo4pr,0JSBUUBuT8pbdbw1UZggSY,Tefflon,19249,28,2020-10-09,day,34,2024-01-08
0.672,0.598,2,-6.403,1,0.351,0.00918,0.0101,0.338,0.297,199.843,210031,4,5x9WhtovDq6IhfwCrySJab,Sun Tzu,6Jq0QdwB0vk7VPcIqpo4pr,3r8Hq14XJAyy6K8mlBs2s5,Rebel Sixx,50851,34,2020-05-08,day,16,2024-01-08
0.758,0.493,1,-7.131,1,0.319,0.234,0.0,0.15,0.479,65.258,172032,3,5P6LieuBzOvWdrMzDiOOrM,Pain,6Jq0QdwB0vk7VPcIqpo4pr,"2kNL5eBpFCpOQu81GJ4lZb,1CrCGh7AtRKTlANy7DYXrN","Jovi Ton,Power","3954,3","4,0",2020-06-07,day,5,2024-01-08
0.628,0.679,0,-8.717,0,0.397,0.416,1.13e-06,0.118,0.603,132.24,204000,5,6PxTl0AmTosngscF5vpJ8O,2 Pan Drum,6Jq0QdwB0vk7VPcIqpo4pr,2kNL5eBpFCpOQu81GJ4lZb,Jovi Ton,3954,4,2020-04-17,day,0,2024-01-08
0.64,0.653,1,-5.748,1,0.252,0.555,0.0,0.178,0.606,101.292,177308,4,4m85DsX3Bf1rM1vShK7Knw,1 Ah Day,6Jq0QdwB0vk7VPcIqpo4pr,2kNL5eBpFCpOQu81GJ4lZb,Jovi Ton,3954,4,2019-11-22,day,6,2024-01-08
0.807,0.701,8,-3.387,0,0.129,0.05,0.0,0.132,0.533,95.987,223401,4,6xfhjg8CsugU9JFCgcQPyY,First Class Flight (feat. Prince Swanny),6Jq0QdwB0vk7VPcIqpo4pr,"40vpvFOIfRil2lXkK5GrTK,2Jv0w50BNaGlwnXpq69HGm","Jahvillani,Prince Swanny","106005,112646","36,43",2020-06-19,day,18,2024-01-08
0.549,0.643,9,-5.684,0,0.141,0.167,0.0,0.0709,0.577,124.692,178000,5,0rt5yG9xdLAI2wFVYgXVYn,Money Mission,6Jq0QdwB0vk7VPcIqpo4pr,"7IbkKTNpBj7MORRdt3oge3,6CxUKwVnCBKKP60XMvnMOL","Zerimar,Jahllano","30169,20037","34,25",2020-06-03,day,14,2024-01-08
0.56,0.568,1,-6.792,0,0.176,0.122,0.0,0.067,0.205,98.471,181244,4,292zkVbfcsChUsLbjkiUXY,Just Fxck,6Jq0QdwB0vk7VPcIqpo4pr,7IbkKTNpBj7MORRdt3oge3,Zerimar,30169,34,2020-05-19,day,42,2024-01-08
0.483,0.882,2,-0.043,1,0.322,0.181,0.0,0.26,0.802,69.043,155016,3,2ynhblEkrZ6YLns7mWRsw7,Heavenly,6Jq0QdwB0vk7VPcIqpo4pr,3r8Hq14XJAyy6K8mlBs2s5,Rebel Sixx,50851,34,2020-07-02,day,5,2024-01-08
0.673,0.664,6,-4.531,1,0.386,0.503,0.0,0.121,0.438,133.034,194456,5,0w9JwRlD2JnSMbUCpJkrTs,Fade Away,6Jq0QdwB0vk7VPcIqpo4pr,58GP6t4N8aiJkHTOM41ECz,Plumpy Boss,21328,31,2020-06-23,day,16,2024-01-08
0.838,0.655,9,-2.095,1,0.1,0.175,0.0,0.0911,0.316,100.005,216150,4,25iN7vsEUC87ErvNJWOauk,Lex Luthor,6Jq0QdwB0vk7VPcIqpo4pr,"4W1YDUIlG2VramwT3zKYah,3UwGbC4Sl9MmonrpWo6grS","Mountainside Music,Boy Boy","829,29068","4,41",2020-07-24,day,5,2024-01-08
0.896,0.498,0,-9.301,1,0.0604,0.115,2.27e-06,0.0998,0.374,100.059,222000,4,7mlglU3rCinMvUj0j0KG39,From a War,6Jq0QdwB0vk7VPcIqpo4pr,1q8eLau7GFYIqG56nO7Cwt,CJ Dan,6886,9,2019-02-08,day,12,2024-01-08
0.579,0.652,5,-6.009,0,0.36,0.433,0.0,0.179,0.413,95.898,141467,4,01cuE2jA7QJ4BqNBgFblUM,Level Up,6Jq0QdwB0vk7VPcIqpo4pr,6fanvfSBKMMExePwhUq8Mi,K Lion,40088,30,2019-07-12,day,27,2024-01-08
0.755,0.695,1,-5.047,0,0.138,0.0478,0.0,0.0528,0.458,133.152,174636,5,4nlXNM4Yp6YDdqJdYBsGpQ,Adolf,6Jq0QdwB0vk7VPcIqpo4pr,3r8Hq14XJAyy6K8mlBs2s5,Rebel Sixx,50851,34,2020-08-07,day,11,2024-01-08
0.744,0.656,2,-7.64,0,0.074,0.51,0.0,0.203,0.764,103.043,151456,4,1Nme72HTJeuqzBKnr1sAkD,Biggest Gyallis,6Jq0QdwB0vk7VPcIqpo4pr,3r8Hq14XJAyy6K8mlBs2s5,Rebel Sixx,50851,34,2020-08-14,day,10,2024-01-08
0.751,0.661,3,-6.411,0,0.275,0.593,0.0,0.177,0.478,133.009,180000,4,7dLC0DxKryrgUSQp38ynAi,Camouflage Friend,6Jq0QdwB0vk7VPcIqpo4pr,3r8Hq14XJAyy6K8mlBs2s5,Rebel Sixx,50851,34,2020-07-28,day,6,2024-01-08
0.79,0.489,8,-8.73,0,0.611,0.139,2.41e-05,0.153,0.433,133.019,175200,5,1NaOa4lgForxtXILSVMv06,Loyal,6Jq0QdwB0vk7VPcIqpo4pr,7zow5Va8ESrfnxvUF62HRH,Icee Dan,8058,22,2020-10-29,day,28,2024-01-08
0.765,0.822,8,-2.476,0,0.232,0.442,0.0,0.127,0.518,103.502,184686,4,6L2o4ow2TdJ96hLznNqNXE,Doh Ramp,6Jq0QdwB0vk7VPcIqpo4pr,7zow5Va8ESrfnxvUF62HRH,Icee Dan,8058,22,2020-10-29,day,3,2024-01-08
0.62,0.648,7,-6.485,0,0.368,0.0879,0.0,0.262,0.238,66.97,150094,3,3NTaYXgfzXHy9zTe3loh5G,Nobody Wa Dead,6Jq0QdwB0vk7VPcIqpo4pr,2kNL5eBpFCpOQu81GJ4lZb,Jovi Ton,3954,4,2020-09-18,day,0,2024-01-08
0.823,0.427,2,-9.601,0,0.201,0.595,1.4e-06,0.101,0.197,99.963,146400,4,3bET0TTzxFWvtYN1Q9rMLR,ReaL,6Jq0QdwB0vk7VPcIqpo4pr,"2kNL5eBpFCpOQu81GJ4lZb,1aZr62NOS4cpLzDAHDu2bE","Jovi Ton,Lucrativ","3954,41","4,1",2021-06-04,day,1,2024-01-08
0.75,0.611,1,-4.759,0,0.182,0.548,0.00088,0.22,0.496,100.15,127269,4,3yWQxf143l5gO7JaDhAV5n,Murdera,6Jq0QdwB0vk7VPcIqpo4pr,2kNL5eBpFCpOQu81GJ4lZb,Jovi Ton,3954,4,2020-08-14,day,0,2024-01-08
0.792,0.496,6,-7.393,1,0.39,0.182,0.0,0.33,0.378,99.754,158412,4,7hTwNGXBq7k7oFE1l2CcaX,Evil,6Jq0QdwB0vk7VPcIqpo4pr,"0nIakJQchHrnMygVzo1FuB,1PORbJtUKuxAWKDI6EzREy","Tafari,LRG","33,18","0,0",2020-04-17,day,0,2024-01-08
0.66,0.403,6,-5.567,1,0.626,0.569,0.0,0.308,0.583,99.372,156029,4,4BVY5sNmlq3fPgeOM9XYUS,Close Case,6Jq0QdwB0vk7VPcIqpo4pr,28B0kkgGpew8x5JIK5rFFb,Rondo,13,0,2020-04-11,day,2,2024-01-08
0.619,0.542,1,-7.725,1,0.539,0.183,0.0,0.169,0.539,71.196,158877,3,1O8N9NiCwUCASLfHltRwKp,On Dem Endz,6Jq0QdwB0vk7VPcIqpo4pr,5QzlLj4WGVPkMArSIwpTn8,One6,236,1,2020-04-11,day,3,2024-01-08
0.795,0.693,1,-7.189,0,0.0803,0.202,0.0,0.311,0.56,95.979,185678,4,1J2ZZP0TkUNgsPBL5jLqtv,Nuh Believe,6Jq0QdwB0vk7VPcIqpo4pr,3r8Hq14XJAyy6K8mlBs2s5,Rebel Sixx,50851,34,2020-07-31,day,7,2024-01-08
0.92,0.547,4,-5.756,0,0.258,0.0706,0.0,0.0882,0.582,120.065,226038,4,3vMkMQJCIYt5E84Z5kGUBM,March Out,6Jq0QdwB0vk7VPcIqpo4pr,7tnzhcb2y0dtPFIFVTp0A4,Tafari,26094,22,2020-10-14,day,5,2024-01-08
0.933,0.618,9,-4.762,1,0.405,0.0114,0.0,0.107,0.311,109.973,174432,4,0ukIivIfCz3ruGIQCV1AJS,Crisis,6Jq0QdwB0vk7VPcIqpo4pr,7tnzhcb2y0dtPFIFVTp0A4,Tafari,26094,22,2020-10-24,day,17,2024-01-08
0.627,0.648,5,-9.571,0,0.166,0.212,0.0,0.105,0.932,200.009,159347,4,4jipvgmO8jIc5uzs3mqqXh,Tafari (Top Gyallis),6Jq0QdwB0vk7VPcIqpo4pr,7tnzhcb2y0dtPFIFVTp0A4,Tafari,26094,22,2020-10-14,day,22,2024-01-08
0.749,0.641,7,-4.663,0,0.31,0.618,0.0,0.165,0.448,97.046,257320,4,0b6SnhvBbyM5pYfBmFc1cF,Freak,6Jq0QdwB0vk7VPcIqpo4pr,7tnzhcb2y0dtPFIFVTp0A4,Tafari,26094,22,2020-10-09,day,29,2024-01-08
0.682,0.559,5,-8.072,0,0.031,0.657,0.0,0.1,0.259,97.004,191134,4,7bJK12SkQXk9BNgtLu4hK0,Heathen,6Jq0QdwB0vk7VPcIqpo4pr,2Jv0w50BNaGlwnXpq69HGm,Prince Swanny,112646,43,2020-11-28,day,22,2024-01-08
0.619,0.651,7,-5.011,0,0.177,0.211,0.0,0.0592,0.48,96.207,183980,3,2a4jIWKlPhvXQNcMxtZMS8,Load Up,6Jq0QdwB0vk7VPcIqpo4pr,"2Jv0w50BNaGlwnXpq69HGm,7zow5Va8ESrfnxvUF62HRH","Prince Swanny,Icee Dan","112646,8058","43,22",2020-08-09,day,31,2024-01-08
0.77,0.592,6,-4.788,0,0.0647,0.382,0.0,0.113,0.499,95.967,200200,4,5Pvym8LwF4f8PxDpm3NppH,Crazy and Evil,6Jq0QdwB0vk7VPcIqpo4pr,2Jv0w50BNaGlwnXpq69HGm,Prince Swanny,112646,43,2020-08-18,day,17,2024-01-08
0.552,0.513,2,-9.66,1,0.325,0.264,3.85e-06,0.139,0.497,89.106,175334,4,7v7N1O7gs7M7Yt4wxgMkWf,Trials,6Jq0QdwB0vk7VPcIqpo4pr,"6QJrx4J9XqIxXUBhacoJHC,22VTLijlsfRm7CFJPHnj72","Medz Boss,Icee Dan","34233,14","27,0",2020-11-29,day,4,2024-01-08
0.826,0.666,6,-6.138,0,0.247,0.134,0.0,0.0594,0.659,171.924,173415,4,4pn2zjysUiFuK4naF2Mg19,Feel Like,6Jq0QdwB0vk7VPcIqpo4pr,6QJrx4J9XqIxXUBhacoJHC,Medz Boss,34233,27,2020-09-25,day,1,2024-01-08
0.796,0.878,5,-0.103,0,0.17,0.18,0.0,0.122,0.482,130.577,139592,5,7stjBH8WN9SFWjdVrSdc4P,No Media Badness,6Jq0QdwB0vk7VPcIqpo4pr,6QJrx4J9XqIxXUBhacoJHC,Medz Boss,34233,27,2020-05-30,day,20,2024-01-08
0.913,0.692,6,-5.63,1,0.0756,0.194,0.0,0.129,0.835,105.987,158491,4,1DAmauzVcyZTmAYkcZ5oSQ,Bad From Birth,6Jq0QdwB0vk7VPcIqpo4pr,58GP6t4N8aiJkHTOM41ECz,Plumpy Boss,21328,31,2020-09-22,day,20,2024-01-08
0.68,0.706,8,-4.806,0,0.189,0.177,0.0,0.363,0.386,132.175,177084,5,3vlWFS43iqZnNn6dYUxrhj,Lit,6Jq0QdwB0vk7VPcIqpo4pr,3r8Hq14XJAyy6K8mlBs2s5,Rebel Sixx,50851,34,2020-11-06,day,12,2024-01-08
0.685,0.834,10,-2.567,0,0.245,0.523,0.0369,0.207,0.568,94.918,208421,4,6TliebJ28D70PIYL1gZn9V,Worst Way,6Jq0QdwB0vk7VPcIqpo4pr,3r8Hq14XJAyy6K8mlBs2s5,Rebel Sixx,50851,34,2020-11-13,day,5,2024-01-08
0.714,0.507,1,-10.957,0,0.292,0.255,0.0,0.498,0.576,99.432,194400,4,4EjJ7Am2OlS7V7Cd1xzxdl,Life so Hard,6Jq0QdwB0vk7VPcIqpo4pr,0K9Bx0HTyKyr0WlTgPGPT3,K-Lion,686,2,2018-08-17,day,11,2024-01-08
0.571,0.92,1,0.406,1,0.329,0.419,0.0,0.119,0.357,129.894,139592,5,2R85aeAK3wk4uQvL1IS5Mg,Ever High,6Jq0QdwB0vk7VPcIqpo4pr,363rd3ZlAT1FYFhYLFzK6L,Rondo,4068,12,2020-05-30,day,3,2024-01-08
0.596,0.876,8,0.125,1,0.309,0.122,0.0,0.126,0.421,125.217,129796,5,09m8FdBfsHN3TyAZLy1sVe,Start Problems,6Jq0QdwB0vk7VPcIqpo4pr,"7zow5Va8ESrfnxvUF62HRH,7elF2mcmpVjDa1VWb0Umhz","Icee Dan,Youngin","8058,89","22,5",2020-05-30,day,4,2024-01-08
0.563,0.921,8,0.079,1,0.296,0.0499,0.0,0.319,0.243,132.743,139592,5,7xbCg47z1YSWMMlnt4PZrJ,Rich Badness,6Jq0QdwB0vk7VPcIqpo4pr,3bJ6gnTDrlHSMszDydll2L,Orlando Octave,12295,24,2020-05-30,day,2,2024-01-08
0.747,0.478,7,-10.153,0,0.195,0.585,0.0,0.13,0.731,105.201,193515,4,4SQVg9en6rKo7zqE2BOUfY,Evil Head,6Jq0QdwB0vk7VPcIqpo4pr,5tr6GdAE9bwCqYuLXUwIhd,Toppy Boss,8031,4,2020-05-13,day,5,2024-01-08
0.518,0.721,7,-3.245,0,0.388,0.162,0.0,0.177,0.318,57.894,209659,5,0S8kWaWVyLn2eQMvyKKhYM,Expensive Lifestyle,6Jq0QdwB0vk7VPcIqpo4pr,6CxUKwVnCBKKP60XMvnMOL,Jahllano,20037,25,2020-11-13,day,11,2024-01-08
0.869,0.629,2,-5.429,1,0.14,0.239,0.0,0.261,0.329,99.955,168000,4,6EzIzu6Nv0Mxfw8idpob1s,Pumpy,6Jq0QdwB0vk7VPcIqpo4pr,0RyIm05wJ3OkfUC9w84mly,Leo King,1253,0,2020-03-09,day,3,2024-01-08
0.495,0.666,9,-4.603,0,0.214,0.236,0.0,0.169,0.286,97.412,232800,4,2YHMVdgPdN26y7hvpexBpa,Wild & Mean,6Jq0QdwB0vk7VPcIqpo4pr,"4W1YDUIlG2VramwT3zKYah,69kGneYBN4Lc9e2MbYzJwO","Mountainside Music,Nyo","829,1","4,0",2020-07-26,day,0,2024-01-08
0.701,0.778,1,-5.045,0,0.381,0.626,0.0,0.118,0.691,112.49,198214,4,49wTz8ZfiFThb92zEMTioz,I Am Who I Am,6Jq0QdwB0vk7VPcIqpo4pr,6CxUKwVnCBKKP60XMvnMOL,Jahllano,20037,25,2020-08-28,day,9,2024-01-08
0.746,0.46,8,-7.585,1,0.476,0.0472,0.0,0.0884,0.275,92.241,138261,4,01cFORzajKTXYge6MM7i72,Torment,6Jq0QdwB0vk7VPcIqpo4pr,3UwGbC4Sl9MmonrpWo6grS,Boy Boy,29068,41,2020-04-20,day,32,2024-01-08
0.534,0.66,4,-7.856,0,0.162,0.3,0.0,0.091,0.641,96.762,202044,4,0vrBv4yJmpcDmKgdAtm8Nv,911,6Jq0QdwB0vk7VPcIqpo4pr,"7IbkKTNpBj7MORRdt3oge3,21eMY05o0HGXY7jtnLyo36","Zerimar,Riima Dan","30169,51","34,7",2019-09-21,day,25,2024-01-08
0.622,0.44,2,-12.313,0,0.44,0.136,0.0,0.097,0.323,95.909,170000,4,3iU8GYRZq4lZHBGgRizcjl,Pineapple,6Jq0QdwB0vk7VPcIqpo4pr,"6CxUKwVnCBKKP60XMvnMOL,46WOjzWNH7CX49Geoe8ly0,6QJrx4J9XqIxXUBhacoJHC","Jahllano,Jah Z Blaze,Medz Boss","20037,27,34233","25,0,27",2020-07-27,day,9,2024-01-08
0.667,0.459,2,-7.049,0,0.111,0.657,0.0,0.0976,0.739,81.971,187344,4,0akz4SNJ1fibxRttlXnUOR,Tell Me,6Jq0QdwB0vk7VPcIqpo4pr,2Jv0w50BNaGlwnXpq69HGm,Prince Swanny,112646,43,2020-12-13,day,22,2024-01-08
0.835,0.508,4,-7.67,0,0.146,0.00873,0.0,0.154,0.221,104.141,144000,4,2ln3xEe51Mg2RPuExpuVhg,Fun Time,6Jq0QdwB0vk7VPcIqpo4pr,5EsCbG7ZqKDZP0CAESy0v2,Born King,228,11,2020-12-04,day,0,2024-01-08
0.641,0.757,6,-4.991,0,0.171,0.0255,4.27e-06,0.112,0.391,200.267,159000,4,03M5SyWkuSk5PbngjFa6Px,Lash Up,6Jq0QdwB0vk7VPcIqpo4pr,"58GP6t4N8aiJkHTOM41ECz,1hB8Q14TiEwNUgXw90taX8","Plumpy Boss,Kyler","21328,271","31,16",2020-11-13,day,9,2024-01-08
0.509,0.806,6,-5.31,0,0.376,0.0193,0.0,0.103,0.337,202.519,122400,4,4AQa1R8TnEdosEp3WAeUaT,Make Dem Know,6Jq0QdwB0vk7VPcIqpo4pr,0pkzJ3QKFO7psSnObYpoh0,Lead Pipe,1312,12,2020-11-13,day,13,2024-01-08
0.477,0.794,6,-5.127,0,0.388,0.0216,0.0,0.132,0.345,67.256,159600,5,4ARIuR9vFXEZSBNBRZ20zd,Thanks & Praise,6Jq0QdwB0vk7VPcIqpo4pr,6CxUKwVnCBKKP60XMvnMOL,Jahllano,20037,25,2020-11-13,day,6,2024-01-08
0.745,0.747,10,-2.399,0,0.216,0.347,0.0,0.136,0.313,100.012,196833,4,39mZ6THG0Si5gV7sbAhEqB,Rifle Tun On,6Jq0QdwB0vk7VPcIqpo4pr,5QzlLj4WGVPkMArSIwpTn8,One6,236,1,2020-02-27,day,1,2024-01-08
0.438,0.626,11,-7.934,0,0.302,0.0357,0.013,0.105,0.241,64.139,210648,5,4xdm1oaggrLVtSIRxdxuQU,My Life,6Jq0QdwB0vk7VPcIqpo4pr,6wrNAJbDJ1gRcACD4l0ZNz,2k Zelle,459,6,2020-04-09,day,2,2024-01-08
0.79,0.684,1,-5.985,1,0.341,0.0301,0.0,0.121,0.498,129.211,180094,5,3sletTDRRFsgmfGh2pWILi,Keltec,6Jq0QdwB0vk7VPcIqpo4pr,1AAfBSGnu3LdmP1rBKAZpq,Toppy Boss,650,2,2019-02-17,day,5,2024-01-08
0.683,0.51,8,-6.132,1,0.645,0.0531,0.0,0.0918,0.349,117.074,148696,5,4fER4bAuy8q72pplsZZAfR,Pan Belly,6Jq0QdwB0vk7VPcIqpo4pr,6CxUKwVnCBKKP60XMvnMOL,Jahllano,20037,25,2020-04-20,day,9,2024-01-08
0.572,0.878,8,0.391,1,0.367,0.0504,0.0,0.368,0.329,132.865,142041,5,2sVH2unOiigUL293nGmQ0T,Start the War,6Jq0QdwB0vk7VPcIqpo4pr,3ATKkAzfZsIJuoCnOepK67,Trigger Dan,1834,6,2020-05-30,day,4,2024-01-08
0.703,0.409,5,-7.205,0,0.178,0.486,4.39e-06,0.121,0.161,95.749,212584,4,2xWCaB47OfQ7u1nPfn6644,Young Legend,6Jq0QdwB0vk7VPcIqpo4pr,2kNL5eBpFCpOQu81GJ4lZb,Jovi Ton,3954,4,2020-07-03,day,1,2024-01-08
0.762,0.555,0,-5.111,0,0.0421,0.176,0.0,0.117,0.18,100.07,184000,4,0mtAukMhCAYgVb7KX2hK8a,Faker,6Jq0QdwB0vk7VPcIqpo4pr,4hkCzTAcWmwVPLscNvweK6,Brad,323,2,2020-06-16,day,9,2024-01-08
0.717,0.526,10,-6.833,0,0.641,0.0199,0.0,0.152,0.175,120.835,127826,5,1I8CFCZy9A4Cfk3YfiYvxP,6 Feet,6Jq0QdwB0vk7VPcIqpo4pr,2uXytzsWyyjXiAaQQ5O0s3,Pablo Dan,2941,5,2020-04-20,day,4,2024-01-08
0.786,0.507,8,-9.62,1,0.24,0.164,1.53e-06,0.27,0.181,103.02,193534,4,2CI5bciUhcdBPqHlMPm7hL,Cya Done,6Jq0QdwB0vk7VPcIqpo4pr,3r8Hq14XJAyy6K8mlBs2s5,Rebel Sixx,50851,34,2020-07-28,day,13,2024-01-08
0.439,0.509,11,-10.119,0,0.33,0.307,0.0,0.115,0.253,73.579,140081,3,4MWKlJPWmS4y6gvAcK2g21,Life Over Everything,6Jq0QdwB0vk7VPcIqpo4pr,"2kNL5eBpFCpOQu81GJ4lZb,3r8Hq14XJAyy6K8mlBs2s5","Jovi Ton,Rebel Sixx","3954,50851","4,34",2020-07-31,day,0,2024-01-08
0.803,0.613,11,-6.08,0,0.14,0.396,0.0,0.415,0.532,98.105,156735,4,4caxOPHcSqvINZ1rFBC6Uw,Pull Up,6Jq0QdwB0vk7VPcIqpo4pr,1q8eLau7GFYIqG56nO7Cwt,CJ Dan,6886,9,2020-09-16,day,1,2024-01-08
0.567,0.82,11,-7.254,0,0.516,0.022,0.0,0.509,0.683,129.38,161633,5,6nRvAw8jAzhrlxijSpIn54,Specialized,6Jq0QdwB0vk7VPcIqpo4pr,6CxUKwVnCBKKP60XMvnMOL,Jahllano,20037,25,2020-09-16,day,10,2024-01-08
0.756,0.827,11,-2.749,0,0.378,0.295,0.0,0.184,0.589,98.23,163314,4,6GvrrRBzYGepDQZz8t6kEk,Dem Know,6Jq0QdwB0vk7VPcIqpo4pr,3r8Hq14XJAyy6K8mlBs2s5,Rebel Sixx,50851,34,2020-09-16,day,11,2024-01-08
0.884,0.651,1,-4.258,1,0.137,0.673,0.0,0.313,0.83,104.936,132885,4,7e4z8bwoE2Dmk0sC243weY,Welcome to Bompton,6Jq0QdwB0vk7VPcIqpo4pr,"7tnzhcb2y0dtPFIFVTp0A4,7vdcsB9p8PtIooVpemHb63","Tafari,Rebel","26094,1864","22,22",2020-10-25,day,8,2024-01-08
0.816,0.556,7,-7.945,1,0.071,0.487,0.0,0.0664,0.643,112.051,128571,4,4vkkQIUmyx4ZjMLNK4S4xF,20/20 Freestyle,6Jq0QdwB0vk7VPcIqpo4pr,0JSBUUBuT8pbdbw1UZggSY,Tefflon,19249,28,2020-11-14,day,0,2024-01-08
0.9,0.511,4,-9.248,0,0.161,0.435,0.0,0.103,0.438,111.977,154286,4,32mxKFqbSKfdzVHVOMCeCV,Steamy,6Jq0QdwB0vk7VPcIqpo4pr,"0WhrKY560yMc8mma8YXNKp,0JSBUUBuT8pbdbw1UZggSY","Faces,Tefflon","44,19249","0,28",2020-11-26,day,0,2024-01-08
0.67,0.532,1,-7.843,1,0.312,0.552,0.0,0.41,0.209,110.789,139636,4,04vtY9Yh7HpbKUVYPulnd1,GunSmith,6Jq0QdwB0vk7VPcIqpo4pr,0WhrKY560yMc8mma8YXNKp,Faces,44,0,2020-11-08,day,0,2024-01-08
0.672,0.372,8,-9.075,0,0.416,0.0444,1.57e-05,0.0663,0.493,99.952,213600,4,2aBdTSCJkHRS1nNiqEiNVw,Hall of Fame,6Jq0QdwB0vk7VPcIqpo4pr,1q8eLau7GFYIqG56nO7Cwt,CJ Dan,6886,9,2020-12-17,day,5,2024-01-08
0.541,0.741,5,-3.227,0,0.0538,0.267,2.1e-06,0.0817,0.435,117.142,162000,4,1tNtf36ROqQVuevmEMViO0,Evil East,6Jq0QdwB0vk7VPcIqpo4pr,7IbkKTNpBj7MORRdt3oge3,Zerimar,30169,34,2020-11-20,day,23,2024-01-08
0.851,0.569,10,-4.458,1,0.33,0.0404,0.0,0.0386,0.773,66.687,175256,5,24mHpuOzE1B1X6KEGZJgIi,Best Friend,6Jq0QdwB0vk7VPcIqpo4pr,7zow5Va8ESrfnxvUF62HRH,Icee Dan,8058,22,2020-11-27,day,0,2024-01-08
0.665,0.662,9,-5.017,0,0.191,0.735,0.0,0.105,0.673,94.927,159269,4,7f7D3vbamq0VLi2Xm53klx,Thugz Mansion,6Jq0QdwB0vk7VPcIqpo4pr,"7tnzhcb2y0dtPFIFVTp0A4,6bsjIzIKLCOtbAptmob0WW","Tafari,Hezefrm3","26094,13","22,0",2020-10-26,day,2,2024-01-08
0.821,0.565,8,-6.048,1,0.241,0.508,0.0,0.133,0.5,102.99,214369,4,4Ykv8btpS8HbDanxUR8rLB,K Go Off,6Jq0QdwB0vk7VPcIqpo4pr,3r8Hq14XJAyy6K8mlBs2s5,Rebel Sixx,50851,34,2020-12-07,day,6,2024-01-08
0.912,0.734,11,-4.151,0,0.159,0.226,0.0,0.106,0.742,116.03,169667,4,4iIpXZkRfQbz496USds1fn,Duppy Season,6Jq0QdwB0vk7VPcIqpo4pr,"7tnzhcb2y0dtPFIFVTp0A4,7c8WSGTjxRP9sOob1KukJA","Tafari,Kalonji","26094,33554","22,29",2020-12-18,day,19,2024-01-08
0.705,0.687,2,-6.545,1,0.249,0.0638,0.0,0.303,0.187,102.156,144248,4,5ltSlUazdhm6RnE4yJdFwg,Real,6Jq0QdwB0vk7VPcIqpo4pr,7tnzhcb2y0dtPFIFVTp0A4,Tafari,26094,22,2020-12-18,day,2,2024-01-08
0.821,0.635,3,-4.228,0,0.0543,0.121,0.0,0.331,0.257,104.073,156970,4,1G56f6y4M8Ly0dzj93jv29,Tafari (Fully Active),6Jq0QdwB0vk7VPcIqpo4pr,7tnzhcb2y0dtPFIFVTp0A4,Tafari,26094,22,2020-12-18,day,24,2024-01-08
0.831,0.59,4,-7.739,0,0.0967,0.116,0.0,0.0834,0.311,100.046,178000,4,65EN3Xl8Autc6AMzuZCBNY,Ztekk for Lyfe,6Jq0QdwB0vk7VPcIqpo4pr,4hkCzTAcWmwVPLscNvweK6,Brad,323,2,2020-12-04,day,2,2024-01-08
0.63,0.485,7,-8.267,1,0.342,0.2,0.000122,0.084,0.255,133.145,178000,5,1OMEud3WV46sEsxG6O5Gas,Bonnie & Clyde,6Jq0QdwB0vk7VPcIqpo4pr,1q8eLau7GFYIqG56nO7Cwt,CJ Dan,6886,9,2020-12-04,day,1,2024-01-08
0.856,0.479,7,-8.569,1,0.28,0.363,6.22e-06,0.0715,0.189,100.035,178000,4,6JvlElmYnu0W70muUOhItN,Reminiscing,6Jq0QdwB0vk7VPcIqpo4pr,"6QJrx4J9XqIxXUBhacoJHC,5wgCr1KSfkaiLfn7GICGBW","Medz Boss,Milk Marie","34233,0","27,0",2020-12-04,day,0,2024-01-08
0.711,0.645,11,-7.253,0,0.415,0.445,0.0,0.0812,0.498,67.189,165642,3,4d0oXRIRhEvepntypNEwtp,Nah Stop,6Jq0QdwB0vk7VPcIqpo4pr,"7gPEv7OUsJZnu7yhXvXOCl,2BqkqcjWwdPWIMRy1bgpap","Asim,Pablo Dan","382,0","0,0",2020-10-06,day,0,2024-01-08
0.665,0.527,11,-6.64,1,0.477,0.589,0.0,0.101,0.362,128.37,188291,5,4HdZhMbxSvJkR9wyL4EFAt,Father God,6Jq0QdwB0vk7VPcIqpo4pr,5100dmCu2ug7rtxRO5wOe9,Fari Dan,570,0,2020-11-06,day,0,2024-01-08
0.776,0.448,6,-9.493,0,0.41,0.782,0.0,0.232,0.389,110.587,261773,5,0OK9UhWif1NTeJIklm2hzi,6ixx Never Die,6Jq0QdwB0vk7VPcIqpo4pr,5100dmCu2ug7rtxRO5wOe9,Fari Dan,570,0,2020-11-06,day,3,2024-01-08
0.667,0.637,4,-2.668,0,0.345,0.555,1.8e-05,0.166,0.57,194.151,198269,4,7vf5vWsHy1xXjRVZ3HvOf0,Must Get It,6Jq0QdwB0vk7VPcIqpo4pr,5100dmCu2ug7rtxRO5wOe9,Fari Dan,570,0,2020-11-06,day,1,2024-01-08
0.671,0.615,11,-6.695,0,0.482,0.755,0.0,0.164,0.413,106.548,203311,4,6R0I0sT3TQ3Efm7UmvGODH,Ghetto Champange,6Jq0QdwB0vk7VPcIqpo4pr,5100dmCu2ug7rtxRO5wOe9,Fari Dan,570,0,2020-11-06,day,0,2024-01-08
0.653,0.683,11,-4.649,0,0.416,0.562,0.0,0.338,0.352,103.754,168255,4,2BC9eRDbCm8hwYGxSBH9Kw,Careful Ah Friend,6Jq0QdwB0vk7VPcIqpo4pr,5100dmCu2ug7rtxRO5wOe9,Fari Dan,570,0,2020-11-06,day,1,2024-01-08
0.763,0.753,7,-5.836,0,0.389,0.356,0.0,0.128,0.206,110.483,234397,4,4igfS6Oubz6fm732R8wSzj,Ready,6Jq0QdwB0vk7VPcIqpo4pr,"5100dmCu2ug7rtxRO5wOe9,1XK7JEkEviy2mcbi1ljpaR","Fari Dan,Zebee","570,3085","0,19",2020-11-06,day,1,2024-01-08
0.569,0.406,8,-7.567,0,0.444,0.693,4.28e-05,0.191,0.381,95.582,203886,4,59QgmEcpd6z1zPx4fmeCFh,Call My Phone,6Jq0QdwB0vk7VPcIqpo4pr,5100dmCu2ug7rtxRO5wOe9,Fari Dan,570,0,2020-11-06,day,1,2024-01-08
0.865,0.534,10,-6.792,0,0.114,0.816,3.84e-06,0.0781,0.398,98.983,194482,4,2keToNgdfoiZx6DrLG8hYb,Freakiness,6Jq0QdwB0vk7VPcIqpo4pr,5100dmCu2ug7rtxRO5wOe9,Fari Dan,570,0,2020-11-06,day,0,2024-01-08
0.543,0.697,1,-4.912,1,0.232,0.696,0.0,0.204,0.36,129.725,185992,5,1Kebxio1eDJoNRYaYOAgSE,Wine Mi Like,6Jq0QdwB0vk7VPcIqpo4pr,5100dmCu2ug7rtxRO5wOe9,Fari Dan,570,0,2020-11-06,day,1,2024-01-08
0.556,0.416,7,-8.026,0,0.123,0.898,0.0,0.137,0.671,77.248,156970,4,3QupWFcm16y94mNPwqbEWu,Life Hard Freestyle (Bonus Track),6Jq0QdwB0vk7VPcIqpo4pr,5100dmCu2ug7rtxRO5wOe9,Fari Dan,570,0,2020-11-06,day,0,2024-01-08
0.774,0.795,7,-4.455,0,0.204,0.456,0.0,0.108,0.748,101.625,115331,4,15Wvl6cLtdYAmvJ9WDjEf9,6 Resurrection,6Jq0QdwB0vk7VPcIqpo4pr,5100dmCu2ug7rtxRO5wOe9,Fari Dan,570,0,2020-11-15,day,1,2024-01-08
0.542,0.865,7,-1.948,1,0.339,0.26,0.0,0.142,0.448,159.475,161013,4,4kFIUhQOxuleH2COy30E9c,Confuses,6Jq0QdwB0vk7VPcIqpo4pr,58GP6t4N8aiJkHTOM41ECz,Plumpy Boss,21328,31,2020-11-13,day,5,2024-01-08
0.454,0.722,11,-8.883,0,0.389,0.158,0.0,0.131,0.475,67.29,213066,3,4ZQJLV4AOuHHH6hIsup9L8,Bad Everyday,6Jq0QdwB0vk7VPcIqpo4pr,"5FkUhnHQ0KC63549LHHtst,2Jv0w50BNaGlwnXpq69HGm","Skillibeng,Prince Swanny","325197,112646","59,43",2020,year,43,2024-01-08
0.877,0.634,9,-6.483,0,0.339,0.725,0.000163,0.0974,0.319,95.874,195531,4,0yipRTNx3N32TIUGvCqbVu,Gun Talk,6Jq0QdwB0vk7VPcIqpo4pr,5FkUhnHQ0KC63549LHHtst,Skillibeng,325197,59,2020,year,22,2024-01-08
0.612,0.377,6,-10.453,0,0.433,0.405,4.83e-05,0.16,0.451,99.924,203280,4,5RFxrpl1SF1L1WPSh0nwhO,Drip,6Jq0QdwB0vk7VPcIqpo4pr,"7tnzhcb2y0dtPFIFVTp0A4,4CKIwngDJ11W3PffsIyEtZ","Tafari,Young General","26094,10","22,0",2020-10-24,day,2,2024-01-08
0.609,0.584,11,-7.537,1,0.352,0.14,0.0,0.134,0.6,105.56,202025,4,5YUE9Bgj7hm72PdsYTLrSn,Badman,6Jq0QdwB0vk7VPcIqpo4pr,5FkUhnHQ0KC63549LHHtst,Skillibeng,325197,59,2020,year,56,2024-01-08
0.897,0.634,0,-6.106,1,0.158,0.671,1.54e-06,0.105,0.702,101.959,197647,4,0JqD6rLAOJshru8cPdTB8o,Vybez,6Jq0QdwB0vk7VPcIqpo4pr,7tnzhcb2y0dtPFIFVTp0A4,Tafari,26094,22,2021-01-01,day,21,2024-01-08
0.787,0.31,5,-7.489,0,0.306,0.369,2.68e-06,0.115,0.585,66.66,235200,5,7thpzIdiLdnfpyXbeilJLR,Top Class,6Jq0QdwB0vk7VPcIqpo4pr,7tnzhcb2y0dtPFIFVTp0A4,Tafari,26094,22,2021-01-01,day,23,2024-01-08
0.73,0.551,6,-5.267,1,0.0738,0.581,0.0,0.111,0.366,95.805,144987,4,2Aey9trkJtDRF0pfbisujQ,"Hustle, Pt. 2",6Jq0QdwB0vk7VPcIqpo4pr,4DbFUy6A1B8aJuNKjrQX3k,Tafari,6287,9,2020-04-28,day,1,2024-01-08
0.545,0.447,0,-7.683,0,0.381,0.717,0.0,0.125,0.753,70.823,127530,3,5TOfFd6Ffpo2pJW7q6qZcL,Target,6Jq0QdwB0vk7VPcIqpo4pr,"2uXytzsWyyjXiAaQQ5O0s3,0rSGxwbSl2cBOf3YYezMmb","Pablo Dan,KJ","2941,132","5,10",2019-09-18,day,3,2024-01-08
0.645,0.521,2,-5.736,0,0.328,0.421,5.32e-05,0.386,0.48,94.463,134113,4,1tVihtCeCHlqpyledrurD9,Achievement Road,6Jq0QdwB0vk7VPcIqpo4pr,"2uXytzsWyyjXiAaQQ5O0s3,7FdbTi9UwQzq0ML3C0JAGU","Pablo Dan,Ambi","2941,154","5,5",2019-12-22,day,2,2024-01-08
0.543,0.647,4,-7.424,1,0.234,0.254,0.0,0.243,0.462,101.445,213616,4,5KMf9JeWOFHxy2uFYDElrb,Far Away,6Jq0QdwB0vk7VPcIqpo4pr,2kNL5eBpFCpOQu81GJ4lZb,Jovi Ton,3954,4,2020-04-26,day,0,2024-01-08
0.508,0.539,2,-4.507,1,0.438,0.17,0.0,0.151,0.349,73.095,165669,3,1iGmjiBvrsWB55ccNe4dQB,Genocide,6Jq0QdwB0vk7VPcIqpo4pr,5kXPcSKYXkxHKzzqLGaHOA,Tefflon,1140,18,2020-10-30,day,2,2024-01-08
0.73,0.521,2,-4.957,1,0.474,0.311,0.0,0.123,0.38,67.352,172852,3,09rYlPNBeosKjQeL408OtR,Warzone,6Jq0QdwB0vk7VPcIqpo4pr,"1AAfBSGnu3LdmP1rBKAZpq,26gV2ouZmJOfagbDsykVja","Toppy Boss,Rondo","650,3367","2,7",2020-10-30,day,4,2024-01-08
0.658,0.601,0,-7.108,1,0.3,0.178,0.0,0.0733,0.267,125.3,166250,5,0sWZpWfIarqH0uZvwqxqtF,Dem Never Believe,6Jq0QdwB0vk7VPcIqpo4pr,64bBzE7260THp1IfTSlCtp,Jovi Ton,0,0,2020-11-23,day,1,2024-01-08
0.879,0.47,7,-8.728,1,0.113,0.0722,0.0,0.0889,0.122,99.968,178000,4,32f6qFgcmuNwjOWhNmSrxU,Crime Nah Regular,6Jq0QdwB0vk7VPcIqpo4pr,5HdzwHfe3sGLC2o4EiNiVR,Kryme,35,0,2020-12-04,day,0,2024-01-08
0.561,0.529,7,-8.385,1,0.495,0.0764,0.0,0.0846,0.396,73.915,178000,3,3IIIlP1NZ7qdnUEH859cOH,Life,6Jq0QdwB0vk7VPcIqpo4pr,1TF3UZmYSGgcki8xpjhSXg,Anzola,199,1,2020-12-22,day,1,2024-01-08
0.662,0.617,8,-4.637,0,0.377,0.393,1.68e-06,0.5,0.611,132.706,216000,5,3RhPr2VtDCofBnDxoLd0Iy,Bad and Hide,6Jq0QdwB0vk7VPcIqpo4pr,3iWwLfjZAKzmAB57v38i45,Raskality,5723,15,2020-12-07,day,1,2024-01-08
0.652,0.693,11,-6.609,0,0.43,0.488,0.000131,0.302,0.496,67.437,158433,5,33wBzXA4JEQtsNPrYQWIET,Nah Tek Talk,6Jq0QdwB0vk7VPcIqpo4pr,"7gPEv7OUsJZnu7yhXvXOCl,2CzDoKM72K2fdbbtnAVtlJ","Asim,Teejah","382,3464","0,2",2020-11-30,day,0,2024-01-08
0.632,0.75,11,-6.774,0,0.394,0.522,1.98e-05,0.343,0.523,66.62,158433,3,1neG6Hk9H9cVvfFvASz8QL,Real War,6Jq0QdwB0vk7VPcIqpo4pr,"7gPEv7OUsJZnu7yhXvXOCl,6WyuFnNuHWFae5f9FTxrMF","Asim,Shottalinkz","382,13","0,0",2020-11-10,day,0,2024-01-08
0.711,0.702,11,-5.975,0,0.314,0.268,0.0,0.0977,0.338,66.58,160836,3,5CFyxDgFv8UuRmZQ2vMlIi,Easy Kill,6Jq0QdwB0vk7VPcIqpo4pr,"7gPEv7OUsJZnu7yhXvXOCl,26gV2ouZmJOfagbDsykVja","Asim,Rondo","382,3367","0,7",2020-11-08,day,0,2024-01-08
0.577,0.746,11,-6.979,0,0.387,0.639,5.44e-05,0.14,0.285,100.057,158433,4,3u0EPkcAvyb1uQZz1ueZVM,Dun Dem,6Jq0QdwB0vk7VPcIqpo4pr,"7gPEv7OUsJZnu7yhXvXOCl,38QLK2LFm3jmOtnSkRUXGl","Asim,Menace","382,57","0,7",2020-11-07,day,0,2024-01-08
0.665,0.804,11,-5.882,0,0.33,0.651,2.31e-06,0.212,0.442,100.103,158433,4,7w9kMXaEMo9XlF91jn87Ks,Killing Trade,6Jq0QdwB0vk7VPcIqpo4pr,"7gPEv7OUsJZnu7yhXvXOCl,5SXlv0JnAn32FcXUP7Ib2n","Asim,Klass","382,41445","0,35",2020-11-07,day,0,2024-01-08
0.71,0.798,11,-5.387,0,0.325,0.499,0.0,0.309,0.518,99.239,160836,4,6d5lTyTxBaPaGPy22Y8b3N,Mass Murder,6Jq0QdwB0vk7VPcIqpo4pr,"7gPEv7OUsJZnu7yhXvXOCl,4yFgbdNVLWP2h95vIV0wzC","Asim,Jayy Bangah","382,0","0,0",2020-11-07,day,0,2024-01-08
0.634,0.689,2,-6.446,1,0.308,0.674,0.000549,0.101,0.392,99.986,163239,4,4WjAQbq6CzGqI6YaprCisv,No Clown Ting,6Jq0QdwB0vk7VPcIqpo4pr,"7gPEv7OUsJZnu7yhXvXOCl,0JtrE4fxVexa8o5Am4ASni","Asim,Enzo Ronin","382,2","0,0",2020-10-28,day,0,2024-01-08
0.56,0.768,11,-6.264,0,0.405,0.604,2.55e-05,0.137,0.451,66.554,158433,5,5FURUfothhakyP82HYRobZ,From Them Diss,6Jq0QdwB0vk7VPcIqpo4pr,"7gPEv7OUsJZnu7yhXvXOCl,53e6DYW0Ndry9rbINgVpdZ","Asim,M4","382,212","0,13",2020-10-05,day,0,2024-01-08
0.58,0.679,11,-7.072,0,0.415,0.355,1.02e-06,0.152,0.481,67.06,165642,3,7I5CbkG5YndZxCbIpHFJwJ,Know Dis,6Jq0QdwB0vk7VPcIqpo4pr,"7gPEv7OUsJZnu7yhXvXOCl,6fFLbONWDAaqzHL3ErGe0T,7MhWoo5iZyOq2CjqgesMVB","Asim,Fada Kg,Tre Maddawg","382,0,1","0,0,0",2020-10-05,day,0,2024-01-08
0.556,0.723,11,-6.902,0,0.532,0.416,0.0,0.149,0.507,75.022,165642,3,7yOjFkXisqhXReinQCaqsQ,Top Shottas,6Jq0QdwB0vk7VPcIqpo4pr,"7gPEv7OUsJZnu7yhXvXOCl,35gsdIyJCy3qmTr4buweuh","Asim,Kdon","382,1","0,0",2020-10-05,day,0,2024-01-08
0.843,0.533,8,-8.69,0,0.122,0.324,0.0,0.128,0.459,100.039,177600,4,0z1jbGR0Sco7lnkRVnAS9n,Govern,6Jq0QdwB0vk7VPcIqpo4pr,"4DbFUy6A1B8aJuNKjrQX3k,5gkKrHTFcl50fyKehisGlO","Tafari,Skem","6287,108","9,0",2020-12-21,day,0,2024-01-08
0.782,0.582,1,-7.326,1,0.339,0.438,7.16e-06,0.0576,0.72,104.532,185143,4,48HYfaeAIbL1ha24AIoExW,Hold on,6Jq0QdwB0vk7VPcIqpo4pr,"5CQDsePfyYgdoKJs45sVUP,5qt5xhVlqFzFmlfeIukzZr","Toppy Boss,Ray M","9,1","0,0",2020-10-20,day,0,2024-01-08
0.916,0.49,7,-10.829,1,0.224,0.22,0.0,0.103,0.277,99.971,211122,4,5PGHkWdedEKDDB1qFzDfIe,Duppy Maker,6Jq0QdwB0vk7VPcIqpo4pr,5QzlLj4WGVPkMArSIwpTn8,One6,236,1,2020-09-11,day,0,2024-01-08
0.557,0.756,2,-7.047,1,0.345,0.209,0.0,0.0987,0.521,66.157,139285,3,0G2Y5YU4wsUCKEnmkjZf1c,ABG,6Jq0QdwB0vk7VPcIqpo4pr,5tr6GdAE9bwCqYuLXUwIhd,Toppy Boss,8031,4,2020-12-30,day,10,2024-01-08
0.473,0.74,4,-5.935,0,0.346,0.204,0.0,0.227,0.578,70.956,163135,3,6hAbKrwLbSao0x67DZSAZp,Brand New Toys,6Jq0QdwB0vk7VPcIqpo4pr,"7gPEv7OUsJZnu7yhXvXOCl,2BqkqcjWwdPWIMRy1bgpap","Asim,Pablo Dan","382,0","0,0",2020-12-17,day,0,2024-01-08
0.705,0.728,9,-5.067,0,0.255,0.235,0.0,0.122,0.649,102.847,163135,4,7HzOWEMe4lLIYVTwGAGXBO,Xmas Letter,6Jq0QdwB0vk7VPcIqpo4pr,"7gPEv7OUsJZnu7yhXvXOCl,2CzDoKM72K2fdbbtnAVtlJ,1utWLRpVwJUOcSXlcl98C2","Asim,Teejah,Tre MadDawg","382,3464,1","0,2,0",2020-12-17,day,0,2024-01-08
0.903,0.495,11,-11.194,0,0.0864,0.283,0.0,0.109,0.685,115.969,149029,4,0pkIPg0ldg8hgiY1hL7jbJ,Evil Head,6Jq0QdwB0vk7VPcIqpo4pr,0JSBUUBuT8pbdbw1UZggSY,Tefflon,19249,28,2021-01-09,day,25,2024-01-08
0.538,0.512,8,-7.606,0,0.315,0.697,0.0,0.0961,0.431,133.025,165600,5,4wTaPHXs8lnly30my1QaLX,Survivor,6Jq0QdwB0vk7VPcIqpo4pr,7tnzhcb2y0dtPFIFVTp0A4,Tafari,26094,22,2021-01-01,day,6,2024-01-08
0.742,0.548,0,-8.102,0,0.193,0.423,0.0,0.107,0.485,87.979,245455,4,32Wz43w9oOb8FDlkvxscdv,Loyalty,6Jq0QdwB0vk7VPcIqpo4pr,7tnzhcb2y0dtPFIFVTp0A4,Tafari,26094,22,2021-01-01,day,6,2024-01-08
0.818,0.498,11,-11.78,0,0.0902,0.744,0.0,0.0744,0.593,100.182,216000,4,6sKKaeL26TEFQXsiMoe9u0,East Side,6Jq0QdwB0vk7VPcIqpo4pr,7tnzhcb2y0dtPFIFVTp0A4,Tafari,26094,22,2021-01-01,day,9,2024-01-08
0.533,0.457,7,-10.927,0,0.15,0.635,0.0,0.11,0.596,93.22,280851,4,0iPbqcRcByyBaAbUPCFWTD,Life,6Jq0QdwB0vk7VPcIqpo4pr,7tnzhcb2y0dtPFIFVTp0A4,Tafari,26094,22,2021-01-01,day,5,2024-01-08
0.583,0.627,4,-6.485,0,0.305,0.126,0.000134,0.331,0.506,132.473,158354,5,1uFPH4NpS5Fb9JP7CbGMVO,Drip Drip,6Jq0QdwB0vk7VPcIqpo4pr,7tnzhcb2y0dtPFIFVTp0A4,Tafari,26094,22,2021-01-01,day,2,2024-01-08
0.801,0.451,7,-9.987,1,0.352,0.0498,0.0,0.0974,0.273,84.943,242824,4,4TRlfLA9QTwJgUVvQmj8Ta,Jah Guide Me,6Jq0QdwB0vk7VPcIqpo4pr,0RyIm05wJ3OkfUC9w84mly,Leo King,1253,0,2020-08-15,day,0,2024-01-08
0.882,0.495,5,-11.719,0,0.116,0.473,0.0,0.109,0.523,94.971,144734,4,5Vq2ItMIqqlHd0W0xqkRGE,Melody,6Jq0QdwB0vk7VPcIqpo4pr,0RyIm05wJ3OkfUC9w84mly,Leo King,1253,0,2020-08-15,day,0,2024-01-08
0.788,0.495,1,-9.952,0,0.48,0.543,0.0,0.101,0.223,90.141,138000,4,4vQbV1meZu8YZ6LgCg6hJm,Vision,6Jq0QdwB0vk7VPcIqpo4pr,0RyIm05wJ3OkfUC9w84mly,Leo King,1253,0,2020-08-15,day,0,2024-01-08
0.904,0.649,11,-5.409,0,0.231,0.703,0.0,0.077,0.819,104.865,190067,4,0O1rX5Z2Bpp10e8UrCU0rb,Gun Play,6Jq0QdwB0vk7VPcIqpo4pr,0RyIm05wJ3OkfUC9w84mly,Leo King,1253,0,2020-08-15,day,0,2024-01-08
0.905,0.452,2,-10.723,1,0.0584,0.0999,0.0122,0.107,0.449,120.059,130027,4,3Iiy6SKdQmCk6V8tAkw9jk,KingPin,6Jq0QdwB0vk7VPcIqpo4pr,0RyIm05wJ3OkfUC9w84mly,Leo King,1253,0,2020-08-15,day,0,2024-01-08
0.853,0.54,6,-7.801,0,0.309,0.709,4.11e-06,0.11,0.553,129.47,143866,5,6vnKQT6g2yJOogZwk5SdQH,Murder,6Jq0QdwB0vk7VPcIqpo4pr,3CumbRVZIGvcO3yM97iWqd,Tafari,4172,0,2020-10-24,day,18,2024-01-08
0.778,0.546,6,-7.145,0,0.0455,0.193,1.9e-05,0.202,0.245,100.123,103200,4,3OvyiFXyAn9FChWmkrYBoK,Midas Touch,6Jq0QdwB0vk7VPcIqpo4pr,3r8Hq14XJAyy6K8mlBs2s5,Rebel Sixx,50851,34,2021-01-06,day,38,2024-01-08
0.608,0.61,1,-6.654,0,0.335,0.255,0.0,0.0969,0.536,99.809,199430,4,6RrChnfw9yt5WOtrdNAkbn,Winning,6Jq0QdwB0vk7VPcIqpo4pr,3r8Hq14XJAyy6K8mlBs2s5,Rebel Sixx,50851,34,2021-01-06,day,16,2024-01-08
0.758,0.733,5,-3.875,1,0.11,0.728,0.000195,0.114,0.596,100.067,196997,4,7pYCe4jQwXQLNUKfTBNecZ,Tour Bus,6Jq0QdwB0vk7VPcIqpo4pr,3r8Hq14XJAyy6K8mlBs2s5,Rebel Sixx,50851,34,2021-01-06,day,19,2024-01-08
0.719,0.56,0,-7.957,0,0.222,0.241,3.57e-06,0.102,0.685,200.095,147022,4,0bRengdNyNdvsV2ZwPdiOe,How?,6Jq0QdwB0vk7VPcIqpo4pr,3r8Hq14XJAyy6K8mlBs2s5,Rebel Sixx,50851,34,2021-01-06,day,21,2024-01-08
0.479,0.746,0,-3.787,1,0.495,0.132,0.0,0.303,0.743,69.622,158490,3,57HDLAxvI2pfrFC03uqKx5,Heavenly - Remastered,6Jq0QdwB0vk7VPcIqpo4pr,3r8Hq14XJAyy6K8mlBs2s5,Rebel Sixx,50851,34,2021-01-06,day,9,2024-01-08
0.877,0.759,5,-5.43,1,0.123,0.158,0.0,0.207,0.466,104.955,208000,4,68XXNl0e5w9D0OKzpyvj3I,Kriss,6Jq0QdwB0vk7VPcIqpo4pr,3r8Hq14XJAyy6K8mlBs2s5,Rebel Sixx,50851,34,2021-01-06,day,12,2024-01-08
0.821,0.552,8,-6.712,1,0.297,0.364,0.0,0.0965,0.529,102.99,214369,3,5nBKmUmkDyomPAiey74uMi,K Go Off,6Jq0QdwB0vk7VPcIqpo4pr,3r8Hq14XJAyy6K8mlBs2s5,Rebel Sixx,50851,34,2021-01-06,day,19,2024-01-08
0.898,0.531,1,-6.187,1,0.184,0.0913,0.0,0.304,0.729,109.949,159273,4,3JEc7sZW8pcdQsnxJj29aa,Big 40,6Jq0QdwB0vk7VPcIqpo4pr,3r8Hq14XJAyy6K8mlBs2s5,Rebel Sixx,50851,34,2021-01-06,day,14,2024-01-08
0.59,0.685,11,-4.607,0,0.376,0.232,0.0,0.261,0.192,99.986,225600,4,7m82BwOTZw9NKQrTZJwXaH,March Out,6Jq0QdwB0vk7VPcIqpo4pr,3r8Hq14XJAyy6K8mlBs2s5,Rebel Sixx,50851,34,2021-01-06,day,13,2024-01-08
0.836,0.576,8,-7.54,0,0.239,0.404,0.0,0.101,0.287,110.183,176726,4,3BH2NYaTylku1sbo02me2n,Twisted Thoughts,6Jq0QdwB0vk7VPcIqpo4pr,3r8Hq14XJAyy6K8mlBs2s5,Rebel Sixx,50851,34,2021-01-06,day,12,2024-01-08
0.9,0.552,9,-7.536,0,0.112,0.759,0.0,0.562,0.724,110.051,183275,4,0xWSKIzrhWGkozdtDMXpYb,6ixx Army,6Jq0QdwB0vk7VPcIqpo4pr,277jOUSGN5AKoZoDxvfmUP,Young Star 6ixx,15424,28,2020-09-16,day,17,2024-01-08
0.597,0.698,11,-5.312,1,0.54,0.116,0.0,0.26,0.646,99.997,153974,4,2ZqhQgQvd6MoSVOUwlsswA,La Badness,6Jq0QdwB0vk7VPcIqpo4pr,277jOUSGN5AKoZoDxvfmUP,Young Star 6ixx,15424,28,2020-09-16,day,28,2024-01-08
0.616,0.538,5,-9.932,0,0.378,0.556,0.0,0.11,0.457,107.492,168448,4,443kvnLjYdeoLdJ9nacloA,Fly High,6Jq0QdwB0vk7VPcIqpo4pr,277jOUSGN5AKoZoDxvfmUP,Young Star 6ixx,15424,28,2020-07-25,day,3,2024-01-08
0.635,0.523,0,-5.639,0,0.323,0.133,6.55e-05,0.149,0.459,100.482,205087,4,66B3Yp0vHKi2aTI64UXzgq,Bad Long Time,6Jq0QdwB0vk7VPcIqpo4pr,2uXytzsWyyjXiAaQQ5O0s3,Pablo Dan,2941,5,2019-12-14,day,7,2024-01-08
0.748,0.417,7,-11.392,0,0.19,0.201,0.0,0.0772,0.321,133.358,172800,5,5H4tDrl4ep3ReBc7374Geo,Until The Day,6Jq0QdwB0vk7VPcIqpo4pr,2Jv0w50BNaGlwnXpq69HGm,Prince Swanny,112646,43,2021-01-14,day,19,2024-01-08
0.833,0.853,11,-3.605,0,0.153,0.174,0.0,0.0798,0.487,107.954,184000,4,7HwlMs7KIlkfLPxREIqHxF,Power,6Jq0QdwB0vk7VPcIqpo4pr,"2Jv0w50BNaGlwnXpq69HGm,5Xi3NfsVBIEbaWVUfBTy39","Prince Swanny,Govana","112646,150190","43,39",2021-01-14,day,24,2024-01-08
0.644,0.491,1,-8.603,0,0.0334,0.714,0.0,0.297,0.442,134.082,189851,4,3Bd3xgz6TO0qG9at8fRTls,Through The Valley,6Jq0QdwB0vk7VPcIqpo4pr,2Jv0w50BNaGlwnXpq69HGm,Prince Swanny,112646,43,2021-01-14,day,18,2024-01-08
0.443,0.471,7,-8.951,0,0.0924,0.379,0.0,0.0811,0.308,170.36,186353,4,1sHsxtwc0KOif4BsGMA8NB,Reminisce,6Jq0QdwB0vk7VPcIqpo4pr,"2Jv0w50BNaGlwnXpq69HGm,6iyC1SjgM7Xj3vNDkJPjpd","Prince Swanny,Icee Dan","112646,0","43,0",2021-01-14,day,18,2024-01-08
0.675,0.501,1,-8.663,0,0.05,0.786,0.0,0.17,0.461,119.853,200000,4,1T5L6LJop4hjW24265gUfm,Watch Over Me,6Jq0QdwB0vk7VPcIqpo4pr,2Jv0w50BNaGlwnXpq69HGm,Prince Swanny,112646,43,2021-01-14,day,21,2024-01-08
0.725,0.337,5,-14.516,0,0.0449,0.719,0.0,0.0968,0.343,97.039,188041,4,4c2a3q65NrvEriqdebsuxA,Heathen,6Jq0QdwB0vk7VPcIqpo4pr,2Jv0w50BNaGlwnXpq69HGm,Prince Swanny,112646,43,2021-01-14,day,0,2024-01-08
0.494,0.638,6,-7.957,0,0.264,0.0529,0.0,0.119,0.726,79.932,168000,5,0NCvaf3w46g66o7HfSiB1A,Pablo,6Jq0QdwB0vk7VPcIqpo4pr,2Jv0w50BNaGlwnXpq69HGm,Prince Swanny,112646,43,2021-01-14,day,31,2024-01-08
0.531,0.546,11,-6.543,1,0.222,0.414,0.0,0.127,0.553,199.867,180000,4,5JnXrf5G19IvW2xWjkw7I5,Wicked,6Jq0QdwB0vk7VPcIqpo4pr,2Jv0w50BNaGlwnXpq69HGm,Prince Swanny,112646,43,2021-01-14,day,23,2024-01-08
0.637,0.47,0,-6.487,0,0.308,0.457,2.88e-06,0.164,0.688,86.082,258461,5,1RqDKE4YjSxyZU8AkQOEkN,Best Friend,6Jq0QdwB0vk7VPcIqpo4pr,"2Jv0w50BNaGlwnXpq69HGm,2PoZhAROPNkQPIiASuQeD4","Prince Swanny,Plumpy Boss","112646,0","43,0",2021-01-14,day,0,2024-01-08
0.699,0.447,0,-7.134,0,0.123,0.664,0.0,0.0988,0.706,81.943,187317,4,32nwrFypIiyWraPgFeqsnN,Tell Me,6Jq0QdwB0vk7VPcIqpo4pr,2Jv0w50BNaGlwnXpq69HGm,Prince Swanny,112646,43,2021-01-14,day,33,2024-01-08
0.464,0.633,0,-6.85,1,0.107,0.492,0.0,0.117,0.625,127.931,184848,5,6S5fxwEvW0d3TOgH9CmCUv,Fall in love,6Jq0QdwB0vk7VPcIqpo4pr,2Jv0w50BNaGlwnXpq69HGm,Prince Swanny,112646,43,2021-01-14,day,22,2024-01-08
0.675,0.607,2,-7.268,0,0.163,0.236,0.0,0.125,0.397,133.279,149100,5,1UtAEm1jcpo9khE0yqsWHa,Bonnie & Clyde,6Jq0QdwB0vk7VPcIqpo4pr,2Jv0w50BNaGlwnXpq69HGm,Prince Swanny,112646,43,2021-01-14,day,21,2024-01-08
0.375,0.56,2,-8.942,0,0.075,0.198,0.0,0.061,0.426,80.951,252000,5,1pP821pp9IzJwbwR73vGSN,"Bury Mi Ah ""G"" (Outro)",6Jq0QdwB0vk7VPcIqpo4pr,2Jv0w50BNaGlwnXpq69HGm,Prince Swanny,112646,43,2021-01-14,day,17,2024-01-08
0.86,0.661,5,-7.781,1,0.405,0.268,0.0,0.0916,0.538,100.094,165624,4,12XtvrtlHHKj9nCPYlL5Rc,Perfect,6Jq0QdwB0vk7VPcIqpo4pr,"58l6vON4QpVAsfXOdU8TbC,2kNL5eBpFCpOQu81GJ4lZb","Zayah Dan,Jovi Ton","1,3954","0,4",2020-08-19,day,0,2024-01-08
0.673,0.668,11,-5.245,0,0.303,0.626,0.0,0.153,0.581,94.157,154105,4,2zpP9bHHsDqRcKgbZ4OsLc,So Good,6Jq0QdwB0vk7VPcIqpo4pr,2Jv0w50BNaGlwnXpq69HGm,Prince Swanny,112646,43,2018-12-14,day,8,2024-01-08
0.636,0.79,10,-5.043,0,0.318,0.477,0.0,0.14,0.904,93.898,147075,4,6eNBlLn4eo6D4FjVYG4GWa,Fade Away,6Jq0QdwB0vk7VPcIqpo4pr,3iWwLfjZAKzmAB57v38i45,Raskality,5723,15,2019-11-15,day,1,2024-01-08
0.82,0.501,10,-10.025,0,0.12,0.783,0.0,0.172,0.459,119.902,214000,4,4MqVvKjVxbjjqLTBWT1617,Triple,6Jq0QdwB0vk7VPcIqpo4pr,7c8WSGTjxRP9sOob1KukJA,Kalonji,33554,29,2020-11-10,day,33,2024-01-08
0.51,0.639,0,-6.108,0,0.128,0.477,0.0,0.146,0.142,119.425,198139,5,2Ing8iozbMv7epKwu6c8cU,Send Threat,6Jq0QdwB0vk7VPcIqpo4pr,7c8WSGTjxRP9sOob1KukJA,Kalonji,33554,29,2020-10-23,day,17,2024-01-08
0.836,0.655,0,-6.463,0,0.0954,0.73,0.0,0.0968,0.382,104.974,192444,4,5TlzhemDe2P5t85cbxMnSM,Know Bout,6Jq0QdwB0vk7VPcIqpo4pr,7c8WSGTjxRP9sOob1KukJA,Kalonji,33554,29,2020-10-21,day,25,2024-01-08
0.693,0.652,8,-4.704,0,0.192,0.576,2.86e-05,0.101,0.562,99.728,154200,4,1fNyTdHLVvobRGdi8zWy9w,Shots Gold,6Jq0QdwB0vk7VPcIqpo4pr,7c8WSGTjxRP9sOob1KukJA,Kalonji,33554,29,2020-10-23,day,15,2024-01-08
0.516,0.607,4,-9.071,0,0.218,0.426,0.0,0.32,0.359,105.181,201169,4,1qCvntm2ShBlCIkxpp5ypd,Low Low,6Jq0QdwB0vk7VPcIqpo4pr,7c8WSGTjxRP9sOob1KukJA,Kalonji,33554,29,2020-10-23,day,13,2024-01-08
0.717,0.391,3,-7.456,0,0.666,0.262,0.0,0.0688,0.429,119.832,195500,5,6K37qXNvH5zBQBbzjDb2t3,Protect My Family,6Jq0QdwB0vk7VPcIqpo4pr,0UvfwKuB7bkbJJSkp2Be6e,Brad,849,15,2020-01-01,day,25,2024-01-08
0.556,0.529,6,-9.194,0,0.506,0.531,0.0,0.111,0.323,80.047,155410,3,7IhAojggh9HGoSq68YIrxA,Send Dem Home,6Jq0QdwB0vk7VPcIqpo4pr,49ItLMSGeJCLoAsJmOGlz9,Yung Choppa,6261,19,2021-01-08,day,40,2024-01-08
0.679,0.548,4,-10.472,0,0.215,0.216,0.0,0.0654,0.294,103.834,189257,4,2Whu3rr9fahMZ5ib9B9G5g,The Message,6Jq0QdwB0vk7VPcIqpo4pr,7c8WSGTjxRP9sOob1KukJA,Kalonji,33554,29,2021-01-15,day,11,2024-01-08
0.854,0.61,1,-9.922,1,0.251,0.203,0.0,0.098,0.487,98.017,186925,4,0D9OXb3JhJFJ8O8d5Ld0HT,Murder Pandemic - Caribbean Radio Edit,6Jq0QdwB0vk7VPcIqpo4pr,2kNL5eBpFCpOQu81GJ4lZb,Jovi Ton,3954,4,2020-05-22,day,5,2024-01-08
0.673,0.485,4,-10.753,0,0.5,0.232,0.0,0.0837,0.359,118.152,224052,4,4LSde8UiFKjPLeboBqSkCp,Tension,6Jq0QdwB0vk7VPcIqpo4pr,0WhrKY560yMc8mma8YXNKp,Faces,44,0,2024-01-03,day,0,2024-01-08
0.618,0.695,10,-7.325,0,0.229,0.0763,0.0,0.189,0.661,127.667,166019,5,6xRCEBOJtUdN3aMKGvqX5f,Not,6Jq0QdwB0vk7VPcIqpo4pr,"5FkUhnHQ0KC63549LHHtst,3SCF5O7tDI61AtzlE5z8Vv","Skillibeng,Quenga","325197,737","59,15",2020,year,44,2024-01-08
0.823,0.535,1,-9.424,0,0.261,0.13,0.0,0.113,0.482,113.46,152947,4,34iHE2gOGgbxr3Xj4n93Ad,Kettle And Pot,6Jq0QdwB0vk7VPcIqpo4pr,0WhrKY560yMc8mma8YXNKp,Faces,44,0,2020-12-29,day,0,2024-01-08
0.466,0.575,9,-7.648,1,0.088,0.0879,0.0,0.0846,0.307,66.703,164875,5,7wcyXBpJEQMGNVBOUkEz9Q,Protection,6Jq0QdwB0vk7VPcIqpo4pr,0vJGJHGCbOXAUAd7L1mKF0,Logiq,1340,10,2020-12-08,day,24,2024-01-08
0.879,0.525,0,-5.174,1,0.194,0.27,4.74e-06,0.0997,0.583,94.984,162978,4,2N7tIqMZUpnryXz58kfu3O,My Life,6Jq0QdwB0vk7VPcIqpo4pr,5PEQBJgODj2Ih0zH2JbMZt,Jp.,126,0,2019-09-03,day,0,2024-01-08
0.682,0.537,10,-8.491,1,0.923,0.229,0.0,0.132,0.592,118.621,203429,5,3XHGvTfhjKyOUR9yKla4so,Run Up,6Jq0QdwB0vk7VPcIqpo4pr,7c8WSGTjxRP9sOob1KukJA,Kalonji,33554,29,2021-01-25,day,35,2024-01-08
0.602,0.615,2,-7.235,1,0.315,0.0235,2.21e-05,0.125,0.25,69.838,160862,3,6RkSKLzdaboOQA9zVHYkWq,Grimey,6Jq0QdwB0vk7VPcIqpo4pr,2Jd4rUFlIWzOrgbaSj1BiD,Keefff,62,2,2021-01-16,day,0,2024-01-08
0.935,0.487,8,-10.383,0,0.55,0.367,0.0,0.309,0.374,99.984,139200,4,7nS5kOGvZdEC4MDkdc4HSH,TriniBad Anthem,6Jq0QdwB0vk7VPcIqpo4pr,28aeXnDdKLtyUB2rrzZBei,Kj Productions,173,1,2020-11-30,day,9,2024-01-08
0.86,0.492,6,-9.601,0,0.0607,0.692,0.000646,0.0822,0.461,121.982,253770,4,0aKJOi7YBXNIfXSMoocxiZ,Military Standard,6Jq0QdwB0vk7VPcIqpo4pr,6ryeoWsd9PnGRcseBwrj4t,King B,57,0,2021-01-08,day,0,2024-01-08
0.764,0.57,5,-8.256,0,0.344,0.159,0.0,0.0952,0.593,133.368,194448,5,4LIxj6iQZjWF6vIY0rQB4M,Bad Like We,6Jq0QdwB0vk7VPcIqpo4pr,4HbXLwAjSoIci1IiqobPOm,One 6ix,2,0,2021-01-22,day,0,2024-01-08
0.724,0.797,5,-5.233,0,0.231,0.134,0.0,0.0745,0.3,128.279,222772,5,7m5YPuiQy8Hyi9OXnZUQBY,Nuh Ready,6Jq0QdwB0vk7VPcIqpo4pr,58GP6t4N8aiJkHTOM41ECz,Plumpy Boss,21328,31,2021-01-27,day,10,2024-01-08
0.622,0.617,1,-7.076,1,0.199,0.351,0.0,0.173,0.432,184.007,198261,4,1TyJTpAwf250tqIOhEDnbz,Resurrection - Track,6Jq0QdwB0vk7VPcIqpo4pr,2kNL5eBpFCpOQu81GJ4lZb,Jovi Ton,3954,4,2021-02-01,day,2,2024-01-08
0.658,0.701,4,-5.11,0,0.135,0.082,0.0,0.0988,0.321,120.417,176000,5,2cFdUemnNpEF2u8faX7o2q,Brain Guh,6Jq0QdwB0vk7VPcIqpo4pr,"3UwGbC4Sl9MmonrpWo6grS,1XK7JEkEviy2mcbi1ljpaR","Boy Boy,Zebee","29068,3085","41,19",2021-01-22,day,32,2024-01-08
0.653,0.705,9,-5.752,0,0.31,0.221,0.0,0.141,0.202,89.257,176000,4,49U71TC1tAZEzzZ5Ou6nlo,All Now,6Jq0QdwB0vk7VPcIqpo4pr,3iWwLfjZAKzmAB57v38i45,Raskality,5723,15,2021-01-22,day,1,2024-01-08
0.655,0.622,9,-6.831,1,0.405,0.0577,0.0,0.152,0.386,179.93,160000,4,4YtbzksOAixcqQgqMDbKvX,Steamy Demons,6Jq0QdwB0vk7VPcIqpo4pr,0Gkq3acWre3Hu02EAvBiIa,Rheon Elbourne,3987,22,2021-01-22,day,2,2024-01-08
0.621,0.77,2,-1.104,0,0.071,0.441,0.0,0.149,0.722,93.275,144894,4,6UMpt2hrxLYJm2qiiJ3unK,Body Missing,6Jq0QdwB0vk7VPcIqpo4pr,559YLWpCvVYo3qCEhMJ3pq,Lawless,6074,13,2021-01-26,day,1,2024-01-08
0.75,0.632,2,-1.667,1,0.315,0.139,0.0,0.103,0.2,93.864,148085,4,00AlWMvMkY0N4MTqJBnfhd,Brain Fly,6Jq0QdwB0vk7VPcIqpo4pr,2rKUiOCTXp1YYvsPLTed0P,2 Gun,111,1,2021-01-26,day,2,2024-01-08
0.619,0.689,2,-5.202,0,0.301,0.494,0.0,0.146,0.337,93.815,145532,4,0yY4V2vwTqCgjMRz48j0yQ,Gunslinger,6Jq0QdwB0vk7VPcIqpo4pr,0S96v5UXUohZd31g8plQLt,Chosen,355,5,2021-01-26,day,1,2024-01-08
0.633,0.798,2,-1.982,1,0.301,0.458,0.0,0.132,0.41,88.669,148085,4,2eqh6J1Laa8ZrjFQz3PhV8,Cemetery,6Jq0QdwB0vk7VPcIqpo4pr,5uf5X5Wnvl7CGNnZfoEpF6,Lyfe,305,0,2021-01-26,day,0,2024-01-08
0.648,0.767,2,-1.433,1,0.346,0.212,0.0,0.11,0.401,101.498,148085,4,34TNdAfpqgtKhAvLbefqsc,Big Spliff,6Jq0QdwB0vk7VPcIqpo4pr,6krXv9z3sbSwKu4N5JICy4,Warrior,15,0,2021-01-26,day,1,2024-01-08
0.557,0.744,2,-1.89,1,0.358,0.525,0.0,0.147,0.32,87.267,141702,1,7pR00g4OiTtUqvdfa8QswM,Ransom,6Jq0QdwB0vk7VPcIqpo4pr,3aajqT4mg3NqrYWvcE1h7X,Power,15,0,2021-01-26,day,0,2024-01-08
0.786,0.8,2,-1.798,1,0.321,0.347,0.0,0.106,0.348,93.93,145532,4,5QSD2qCHP0FP5EJ7YNZBkc,Trigger Finger,6Jq0QdwB0vk7VPcIqpo4pr,1VqDnAuCZJuWfVQiDt8WwM,Sin Sin,21,0,2021-01-26,day,1,2024-01-08
0.748,0.799,2,-1.568,1,0.239,0.382,0.0,0.109,0.246,94.221,165957,4,6WWWbct2HGo27DqWuaKUtb,Squeeze,6Jq0QdwB0vk7VPcIqpo4pr,3ATKkAzfZsIJuoCnOepK67,Trigger Dan,1834,6,2021-01-26,day,1,2024-01-08
0.519,0.308,7,-11.245,0,0.313,0.659,0.0,0.136,0.505,71.412,148611,5,4BvXBj70lf9DBuoc9cbjot,Baddie,6Jq0QdwB0vk7VPcIqpo4pr,7c8WSGTjxRP9sOob1KukJA,Kalonji,33554,29,2021-02-01,day,14,2024-01-08
0.637,0.488,2,-8.626,0,0.397,0.258,0.0,0.118,0.358,134.521,158285,5,4kgvt58DnH7Noa39hXhsje,Now,6Jq0QdwB0vk7VPcIqpo4pr,3KaFfC4kfSJiwbdCA1vF5H,Tejah,3256,16,2021-01-31,day,15,2024-01-08
0.59,0.605,6,-6.327,0,0.154,0.256,0.0,0.158,0.296,127.124,175256,5,3Ijyrp6Q9mRC34Td2ibzRR,Life My Life,6Jq0QdwB0vk7VPcIqpo4pr,58GP6t4N8aiJkHTOM41ECz,Plumpy Boss,21328,31,2020-04-19,day,16,2024-01-08
0.429,0.496,1,-7.364,0,0.0341,0.519,0.0,0.101,0.227,128.006,177500,5,4RGFBu3uDTTjQ5QhHPniJZ,Noble,6Jq0QdwB0vk7VPcIqpo4pr,6hhy54ByINNSzZKbPgosRO,Jza King,355,2,2021-01-31,day,0,2024-01-08
0.681,0.543,4,-7.016,0,0.457,0.122,0.0,0.0959,0.404,106.021,215094,4,5LVaNey4wI2Z63qzInySLh,Somebody Great,6Jq0QdwB0vk7VPcIqpo4pr,7IbkKTNpBj7MORRdt3oge3,Zerimar,30169,34,2021-02-02,day,13,2024-01-08
0.593,0.711,10,-7.001,0,0.193,0.131,0.0,0.0734,0.299,103.545,139200,4,3r5IUxk20uHM3AmQTuXl6d,Bin Walid,6Jq0QdwB0vk7VPcIqpo4pr,7c8WSGTjxRP9sOob1KukJA,Kalonji,33554,29,2021-02-06,day,14,2024-01-08
0.738,0.442,7,-11.088,1,0.346,0.274,0.0,0.101,0.303,133.295,211252,5,43qNRJyj5qFqKwAazFh0K6,Start It (Reflex Riddim),6Jq0QdwB0vk7VPcIqpo4pr,58GP6t4N8aiJkHTOM41ECz,Plumpy Boss,21328,31,2021-02-09,day,5,2024-01-08
0.49,0.479,1,-7.007,1,0.368,0.257,5.66e-06,0.0954,0.203,76.189,193985,3,0pCkMVkHYzJwXrgv7rbol8,Murda,6Jq0QdwB0vk7VPcIqpo4pr,24r0hQtbDP3Y4PhK63EUOP,Mickey Dan,7,0,2021-01-22,day,0,2024-01-08
0.577,0.414,1,-11.92,0,0.412,0.356,0.00041,0.203,0.391,145.611,161496,5,2yxNEhLtM4sA1ktMaF8Ptl,New Condition (crocodile teeth riddim),6Jq0QdwB0vk7VPcIqpo4pr,3OIDi1AVfENrdBzYtetQ8J,Natty,2,0,2021-02-08,day,0,2024-01-08
0.767,0.576,3,-8.311,0,0.101,0.917,0.00209,0.0957,0.762,99.996,191033,4,4aJifNeBsQUV5TFHkHfkqd,KILLA REGULAR RASTA - Freestyle,6Jq0QdwB0vk7VPcIqpo4pr,6aLFwSkawhlqA9ASsMruS8,Chucky,1479,3,2019-09-17,day,17,2024-01-08
0.514,0.527,5,-7.974,0,0.122,0.439,0.0,0.154,0.502,78.576,176516,4,4ytiASAkTqdnC4UEHPCWtb,Tribute to women,6Jq0QdwB0vk7VPcIqpo4pr,2Jv0w50BNaGlwnXpq69HGm,Prince Swanny,112646,43,2021-02-13,day,5,2024-01-08
0.879,0.648,0,-6.257,1,0.191,0.692,0.0,0.336,0.723,104.065,150000,4,5mQ6eGVivnfUM3AoKR0ogS,M16,6Jq0QdwB0vk7VPcIqpo4pr,277jOUSGN5AKoZoDxvfmUP,Young Star 6ixx,15424,28,2020-12-26,day,20,2024-01-08
0.901,0.673,8,-6.044,1,0.139,0.288,0.0,0.211,0.337,110.033,178909,4,5ullZhL8qA5830FTyU9V6V,Steamy,6Jq0QdwB0vk7VPcIqpo4pr,3iWwLfjZAKzmAB57v38i45,Raskality,5723,15,2021-02-12,day,1,2024-01-08
0.548,0.611,7,-6.011,1,0.0703,0.00458,0.0,0.0743,0.159,129.192,181812,5,105CUaZAGndOQzBpMLD30N,Anatomy,6Jq0QdwB0vk7VPcIqpo4pr,3UwGbC4Sl9MmonrpWo6grS,Boy Boy,29068,41,2021-02-08,day,17,2024-01-08
0.766,0.825,0,-4.064,1,0.21,0.0796,0.0,0.41,0.55,88.017,198610,4,3oCkLkZiQWPn5f7ubV4OgW,Bad Style,6Jq0QdwB0vk7VPcIqpo4pr,"637ZCX3cypzBoKWaRvmIGV,6QJrx4J9XqIxXUBhacoJHC","Donpert,Medz Boss","17,34233","0,27",2019-11-27,day,2,2024-01-08
0.56,0.803,0,-3.505,1,0.12,0.0024,3.71e-05,0.132,0.792,120.254,176667,5,5cpk3jx5V3loZIwe3D6wjV,Easy II Love,6Jq0QdwB0vk7VPcIqpo4pr,"7KyDUKtDsgx2cXDCaywYWH,4WJfEOdZi5RHn0iBaqaR8G","Jadel,Prince Swanny","1307,0","19,0",2021-02-19,day,0,2024-01-08
0.483,0.481,5,-8.333,1,0.309,0.257,0.0,0.152,0.591,72.318,175200,3,7j7w9eIYqyagxMCB6yTCJe,Trust No One,6Jq0QdwB0vk7VPcIqpo4pr,"5mVdf7szMepaFfSec6lwcG,11ppP1jeJcAGeXHJjLgQcE","Zayah Dan Productions,Kyler","8,589","0,5",2021-02-12,day,0,2024-01-08
0.625,0.571,9,-10.9,0,0.485,0.0397,0.0,0.158,0.529,73.12,215808,3,0AqeFjpHJDbjs86OEms4MQ,Play,6Jq0QdwB0vk7VPcIqpo4pr,"5mVdf7szMepaFfSec6lwcG,11ppP1jeJcAGeXHJjLgQcE","Zayah Dan Productions,Kyler","8,589","0,5",2021-02-12,day,0,2024-01-08
0.691,0.666,0,-8.354,0,0.0658,0.734,0.0,0.141,0.711,97.057,183171,4,5OEvg2qC5nGbOcoMeFmVw7,Sold Out,6Jq0QdwB0vk7VPcIqpo4pr,2kNL5eBpFCpOQu81GJ4lZb,Jovi Ton,3954,4,2021-02-17,day,0,2024-01-08
0.597,0.548,9,-10.496,0,0.331,0.187,0.0,0.0999,0.511,131.975,252192,5,6N1gkVIzcWg6RAGIUdhLHu,Cyah Frighten We,6Jq0QdwB0vk7VPcIqpo4pr,58GP6t4N8aiJkHTOM41ECz,Plumpy Boss,21328,31,2021-02-15,day,13,2024-01-08
0.394,0.704,9,-8.31,0,0.242,0.122,0.0,0.104,0.352,168.021,211084,4,6JPts5ibuxABerxTk6tDZK,Entanglement,6Jq0QdwB0vk7VPcIqpo4pr,2Jv0w50BNaGlwnXpq69HGm,Prince Swanny,112646,43,2021-02-19,day,28,2024-01-08
0.534,0.461,4,-13.357,0,0.274,0.739,7.46e-05,0.278,0.601,103.051,180094,4,1RQJUypbVUK44kgEaftgF3,Tattoo - Freestyle,6Jq0QdwB0vk7VPcIqpo4pr,0Mr9fQ8yPc2T8YGPxQWTVx,Yvng Nene,12,0,2020-05-01,day,0,2024-01-08
0.625,0.838,5,-3.347,1,0.436,0.298,0.0,0.134,0.745,138.802,230264,5,2k6gOLcbiLGGSOIglgnp59,Bad Gyal,6Jq0QdwB0vk7VPcIqpo4pr,5slhysoEJ05kVNc173rOJU,K Lion,2585,5,2019-05-01,day,20,2024-01-08
0.647,0.671,9,-5.272,1,0.415,0.546,0.0,0.118,0.567,77.177,217874,4,3oDyw74RVPQ7Ir2KTyIrWS,Guide Me,6Jq0QdwB0vk7VPcIqpo4pr,5slhysoEJ05kVNc173rOJU,K Lion,2585,5,2019-06-10,day,6,2024-01-08
0.607,0.552,8,-10.197,0,0.469,0.792,0.000362,0.122,0.433,129.724,178129,5,0Oj2n84jlOBj4GcHnPwIEU,Letter From My Heart,6Jq0QdwB0vk7VPcIqpo4pr,6gwPuGtckUClFDH3aEMtf9,Rebel 6,1435,4,2019-10-02,day,21,2024-01-08
0.8,0.492,0,-11.621,0,0.0986,0.646,0.0,0.181,0.802,89.979,171807,4,5Ttig9GHWIRO6AaIy9mSvt,City Lights,6Jq0QdwB0vk7VPcIqpo4pr,6gwPuGtckUClFDH3aEMtf9,Rebel 6,1435,4,2019-10-11,day,3,2024-01-08
0.598,0.666,1,-6.112,0,0.183,0.295,0.0,0.126,0.422,94.037,187021,4,1rUsIaqu0OGanLtfClZoRp,Nah Lie,6Jq0QdwB0vk7VPcIqpo4pr,7tnzhcb2y0dtPFIFVTp0A4,Tafari,26094,22,2021-02-23,day,6,2024-01-08
0.801,0.538,0,-5.353,1,0.205,0.344,1.09e-05,0.141,0.201,131.845,152726,5,5SQb41eMD6kw8a5ATUsOOk,Enough Madness,6Jq0QdwB0vk7VPcIqpo4pr,3rrQQTcOU4VAkdOCieyj2r,M Vik,19,0,2021-02-22,day,0,2024-01-08
0.674,0.567,7,-13.089,0,0.295,0.624,0.0,0.107,0.322,133.23,173075,5,1cPdmA1NSx5bTVDZrdJiKA,Movie,6Jq0QdwB0vk7VPcIqpo4pr,6Iym59CxrdzsxIn9LPFR9n,Gskell,4727,9,2021-12-25,day,0,2024-01-08
0.832,0.588,7,-7.719,0,0.054,0.428,0.0,0.197,0.436,119.928,218723,5,5viU0PEoFH5NlZUdHxA1MZ,Unconditional Love,6Jq0QdwB0vk7VPcIqpo4pr,0JSBUUBuT8pbdbw1UZggSY,Tefflon,19249,28,2022-08-25,day,14,2024-01-08
0.747,0.444,1,-13.106,1,0.378,0.427,0.0,0.122,0.296,104.335,124615,4,2f6sUg95Qne5HvbY5TzbyX,No Small Talk,6Jq0QdwB0vk7VPcIqpo4pr,0WhrKY560yMc8mma8YXNKp,Faces,44,0,2021-02-24,day,0,2024-01-08
0.939,0.577,11,-9.62,0,0.323,0.449,0.0,0.108,0.656,116.039,149002,4,3SEAXeVpmYYQIo18kMmUXI,Bruce Banner,6Jq0QdwB0vk7VPcIqpo4pr,0WhrKY560yMc8mma8YXNKp,Faces,44,0,2021-02-09,day,0,2024-01-08
0.672,0.529,10,-12.363,0,0.437,0.454,0.0,0.135,0.578,66.824,158499,5,13Zgz8VZtmwn3vpKxj8wgt,Murder,6Jq0QdwB0vk7VPcIqpo4pr,"3nBjHCZ1PUtbqOF8ZaHx5Q,6dENBUJBJDGnfVQoxswbJR","2 Star,BTL Lex","646,0","5,0",2020-07-17,day,0,2024-01-08
0.497,0.831,7,-2.85,1,0.312,0.64,0.0,0.34,0.52,90.235,228798,4,3ngHXvYEgaZex41OjmpMJu,Bless-Sin,6Jq0QdwB0vk7VPcIqpo4pr,7IbkKTNpBj7MORRdt3oge3,Zerimar,30169,34,2020-08-07,day,25,2024-01-08
0.41,0.535,1,-9.752,0,0.367,0.354,0.0,0.0808,0.448,83.671,197333,1,7gzp2Z5StSZpXJudqrIfbe,Radar,6Jq0QdwB0vk7VPcIqpo4pr,2Jv0w50BNaGlwnXpq69HGm,Prince Swanny,112646,43,2021-02-26,day,26,2024-01-08
0.63,0.517,1,-6.573,0,0.545,0.802,0.0,0.0915,0.624,123.563,198296,5,7J3p5gq3hDghY1KsdI2A22,Dawg Life,6Jq0QdwB0vk7VPcIqpo4pr,3NNndNeIufzflgpHZy5obj,Daan Chorus,445,4,2020-04-30,day,11,2024-01-08
0.688,0.765,5,-3.786,0,0.287,0.198,0.0,0.266,0.728,128.246,161724,5,5B15DjxsaNmzmwUfn0gkAY,7 Again,6Jq0QdwB0vk7VPcIqpo4pr,"6QJrx4J9XqIxXUBhacoJHC,7zow5Va8ESrfnxvUF62HRH","Medz Boss,Icee Dan","34233,8058","27,22",2021-02-27,day,17,2024-01-08
0.825,0.675,1,-6.194,1,0.0714,0.27,0.0,0.0682,0.468,106.061,165642,4,4UXUXjS924x4ZNElOWCPef,24 : 7,6Jq0QdwB0vk7VPcIqpo4pr,4cJGv7y0rQLqGSe4aKrurE,Toppy Boss,3790,13,2021-02-26,day,3,2024-01-08
0.807,0.624,2,-5.913,1,0.278,0.608,0.0,0.222,0.303,106.149,203678,4,211LFfcFfWJW12W6dSv1pw,Escobar,6Jq0QdwB0vk7VPcIqpo4pr,7vNDXKoPxikRdimDDzPZpQ,Jovi Ton,11,0,2020-04-06,day,0,2024-01-08
0.589,0.683,7,-7.306,0,0.192,0.0843,0.0,0.0707,0.684,99.132,175439,4,7pvPwQabN1Z4imzTOPYM0W,Action,6Jq0QdwB0vk7VPcIqpo4pr,6aD2OHPRtOac8QQshjOHTc,Jahllano,5,0,2017-07-27,day,0,2024-01-08
0.781,0.796,9,-4.456,0,0.19,0.269,0.0,0.182,0.582,95.051,209215,4,0HC8WAXE5hVVDiMBL8X3sk,Dash D Body,6Jq0QdwB0vk7VPcIqpo4pr,3r8Hq14XJAyy6K8mlBs2s5,Rebel Sixx,50851,34,2019-08-02,day,9,2024-01-08
0.651,0.711,4,-4.562,0,0.429,0.439,0.0,0.132,0.288,91.845,190218,4,5no3MRU0wjEA6AtiC93vRU,Neverland,6Jq0QdwB0vk7VPcIqpo4pr,5EsCbG7ZqKDZP0CAESy0v2,Born King,228,11,2020-12-11,day,0,2024-01-08
0.651,0.688,0,-4.932,1,0.194,0.0536,0.0,0.537,0.19,125.01,165715,5,7f6JQ81wsgVjwUUhh5j75u,Pree Dem,6Jq0QdwB0vk7VPcIqpo4pr,0vJGJHGCbOXAUAd7L1mKF0,Logiq,1340,10,2020-10-09,day,11,2024-01-08
0.532,0.645,8,-7.23,1,0.0713,0.0316,0.0,0.386,0.288,64.108,154200,5,2ecUajnVvEbmURytAJHbnq,New Uprising,6Jq0QdwB0vk7VPcIqpo4pr,"3UwGbC4Sl9MmonrpWo6grS,5AVAzwpIu9f3H1oegupPCd","Boy Boy,Travis World","29068,14484","41,41",2021-03-05,day,43,2024-01-08
0.683,0.505,11,-10.221,1,0.217,0.498,0.0,0.115,0.174,98.743,193200,4,29u97DqiimBMQnK3Y6XDmB,Domestics,6Jq0QdwB0vk7VPcIqpo4pr,0JSBUUBuT8pbdbw1UZggSY,Tefflon,19249,28,2021-03-12,day,3,2024-01-08
0.835,0.441,10,-12.293,0,0.331,0.155,0.0,0.116,0.331,97.026,224098,4,1UXhraeHHyXTzX5QRJzRM0,Guard Up,6Jq0QdwB0vk7VPcIqpo4pr,6Iym59CxrdzsxIn9LPFR9n,Gskell,4727,9,2021-03-09,day,1,2024-01-08
0.709,0.687,8,-3.61,0,0.0693,0.609,1.24e-05,0.114,0.314,179.826,197333,4,4npNY2QdV6RCsBcvaKHU5T,Ever Blessed,6Jq0QdwB0vk7VPcIqpo4pr,40hfAj6oxHglI5VyqaLZ6C,M Vik,88,3,2021-03-04,day,1,2024-01-08
0.851,0.438,5,-12.598,1,0.0941,0.751,0.0,0.136,0.644,102.011,136471,4,7JTiimmdm1Bic3zEVZb5aS,Infidelity,6Jq0QdwB0vk7VPcIqpo4pr,28aeXnDdKLtyUB2rrzZBei,Kj Productions,173,1,2021-03-06,day,1,2024-01-08
0.637,0.777,1,-4.885,0,0.354,0.435,0.0,0.156,0.546,128.11,143386,5,0gj7YItcJtPrksdhEpHexi,In Charge,6Jq0QdwB0vk7VPcIqpo4pr,1Kvyt9ESa2QvnE2dVMgRXN,Toppy Boss,1735,0,2020-10-08,day,7,2024-01-08
0.72,0.521,8,-5.196,0,0.274,0.699,1.68e-05,0.126,0.434,128.424,184000,5,6RNBanrHt8ulrGbdbXDkVQ,Hold Dem,6Jq0QdwB0vk7VPcIqpo4pr,0AFKg3CHOgGjrCzD9npcE0,BOYO,381,0,2021-01-06,day,6,2024-01-08
0.959,0.521,5,-6.27,0,0.0824,0.604,1.03e-05,0.152,0.841,107.985,169404,4,7fsD12HflwpnraqQhRH0Gi,Gangsta Fuck,6Jq0QdwB0vk7VPcIqpo4pr,2dEnrSsn2wPfBfuPbXMa0e,King Mongrel,36,0,2020-05-05,day,1,2024-01-08
0.91,0.381,11,-11.742,0,0.184,0.39,0.0,0.102,0.351,114.099,134766,4,45a7qdRfjSdjMW5kfP6H4y,Pretend,6Jq0QdwB0vk7VPcIqpo4pr,0WhrKY560yMc8mma8YXNKp,Faces,44,0,2020-03-18,day,0,2024-01-08
0.834,0.527,9,-8.83,0,0.157,0.54,0.0,0.163,0.562,105.024,150857,4,6Bazky5aowyhqvcAaSv8JC,Drill Dem,6Jq0QdwB0vk7VPcIqpo4pr,6T4PVhWvwCTJDNlVDK6iXa,Vulga,9,0,2021-02-20,day,0,2024-01-08
0.839,0.547,4,-5.829,0,0.048,0.178,0.0,0.131,0.246,96.01,203625,4,7FLqTCVfJ7jUWRSStmVDvC,Good Over Evil,6Jq0QdwB0vk7VPcIqpo4pr,45NxtETWPvuCA56m3uItKW,Shorto,28,0,2021-02-08,day,1,2024-01-08
0.714,0.458,9,-11.643,0,0.153,0.898,1.15e-06,0.104,0.497,95.04,153704,4,777NpHDTASCxmsSsBhudhO,1 Million Gyal,6Jq0QdwB0vk7VPcIqpo4pr,7vdcsB9p8PtIooVpemHb63,Rebel,1864,22,2019-11-29,day,1,2024-01-08
0.878,0.622,6,-8.767,0,0.163,0.516,0.0,0.111,0.592,118.923,133146,4,3LImmKocZY0MLG484WHoXB,Fatality,6Jq0QdwB0vk7VPcIqpo4pr,0JSBUUBuT8pbdbw1UZggSY,Tefflon,19249,28,2020-07-24,day,20,2024-01-08
0.73,0.723,7,-5.249,1,0.539,0.269,0.0,0.191,0.372,73.729,145493,3,2fw1fbuMu8cYqYWFz0YvA2,Life Of A Six,6Jq0QdwB0vk7VPcIqpo4pr,52hLbiHfJsarTXovhOd3qC,Wacko Dan,17910,33,2021-03-03,day,19,2024-01-08
0.868,0.638,3,-5.087,0,0.0694,0.419,0.000301,0.192,0.141,104.007,147722,4,6qLG2DeSLiIJTHSHCWmZfZ,Sick,6Jq0QdwB0vk7VPcIqpo4pr,3mHQJrb6eklnVpWmnv2sIs,Wacko Dan,1002,0,2020-10-31,day,1,2024-01-08
0.92,0.45,5,-4.771,0,0.0419,0.382,4.15e-06,0.112,0.42,109.956,183269,4,5ugZy5CrIyhgiManUJmPXP,Roll,6Jq0QdwB0vk7VPcIqpo4pr,52hLbiHfJsarTXovhOd3qC,Wacko Dan,17910,33,2021-03-26,day,12,2024-01-08
0.604,0.522,0,-8.607,1,0.489,0.422,0.0,0.0874,0.689,157.071,204000,5,6OUi6FAhR28vJ9EiBWhRpI,EarthQuake,6Jq0QdwB0vk7VPcIqpo4pr,10CcNhI5LQh948SS836xVO,Melo Dan,386,0,2020-07-28,day,4,2024-01-08
0.838,0.496,5,-7.083,0,0.311,0.0997,0.0,0.212,0.333,100.884,194851,4,2ZVad6FP9mLYzR4jVkzUzB,Try Run Up,6Jq0QdwB0vk7VPcIqpo4pr,"1jGM687jFlYVxRV4xZivTO,044woZT7yGKhwIi4B3chKE,7xMIYIFmEBrQAMnvQj7HXg,4v5svwH75xhxdyaegqliH8","Sebz Beats,Brownine,Young Star Sixx,Reiga","426,2,25,129","26,0,0,8",2021-03-11,day,3,2024-01-08
0.827,0.63,3,-4.101,0,0.119,0.0754,0.000159,0.222,0.225,103.948,156970,4,4j177brOgfjpX4L3gDatsL,Savage,6Jq0QdwB0vk7VPcIqpo4pr,277jOUSGN5AKoZoDxvfmUP,Young Star 6ixx,15424,28,2021-03-04,day,15,2024-01-08
0.641,0.496,10,-12.03,1,0.182,0.653,0.0,0.38,0.814,99.364,162424,4,62XeZd6D8Ng1jmJgetmuKq,Hell Gates,6Jq0QdwB0vk7VPcIqpo4pr,"4PawLeisBLvgf2PlaKcESw,2kNL5eBpFCpOQu81GJ4lZb","Kg Kilogram,Jovi Ton","1,3954","0,4",2020-07-10,day,0,2024-01-08
0.478,0.665,5,-5.051,1,0.361,0.0744,0.0,0.362,0.536,199.185,163320,4,4BKofBI5AsQixNUwHK6Gq2,Miami Vice,6Jq0QdwB0vk7VPcIqpo4pr,7tnzhcb2y0dtPFIFVTp0A4,Tafari,26094,22,2020-10-24,day,4,2024-01-08
0.694,0.756,11,-2.215,0,0.0622,0.173,0.0,0.48,0.443,105.034,150942,4,318Hl4H6jI0XvPHcK4RsIY,Faith,6Jq0QdwB0vk7VPcIqpo4pr,3r8Hq14XJAyy6K8mlBs2s5,Rebel Sixx,50851,34,2020-03-22,day,8,2024-01-08
0.602,0.52,10,-11.106,1,0.91,0.187,0.0,0.232,0.657,67.908,163370,5,7pVlit4T7E1Pg3nGVmhTWc,Start It,6Jq0QdwB0vk7VPcIqpo4pr,0zLYSdSRybfmcQMOaoIEUl,Raevon,21,0,2019-08-11,day,0,2024-01-08
0.829,0.638,2,-7.354,1,0.052,0.14,0.0,0.176,0.327,99.915,168072,4,3UFzJ3DYsE5GmlMqYtUj9G,Start It,6Jq0QdwB0vk7VPcIqpo4pr,59r1CoioEBmm5ngktFs1pd,Brad!,863,0,2023-12-30,day,0,2024-01-08
0.55,0.717,11,-3.223,1,0.134,0.536,0.0,0.45,0.658,104.388,148571,4,6WzBIp7S6rHuyJ3AIFN4dV,Good Life,6Jq0QdwB0vk7VPcIqpo4pr,"5AVAzwpIu9f3H1oegupPCd,7IbkKTNpBj7MORRdt3oge3","Travis World,Zerimar","14484,30169","41,34",2021-03-08,day,0,2024-01-08
0.78,0.221,5,-14.83,0,0.326,0.683,0.0,0.128,0.258,110.05,185496,4,5apytHOo9RnlxqHSzAQufR,Chicken Head,6Jq0QdwB0vk7VPcIqpo4pr,61qFMjCwvz1F1uFijD52g6,One 6,33,0,2021-03-08,day,1,2024-01-08
0.489,0.545,11,-10.539,0,0.313,0.103,0.00456,0.337,0.535,72.972,144300,4,5MVelyqBJMFSPHPFKZyUcG,Ingram,6Jq0QdwB0vk7VPcIqpo4pr,61qFMjCwvz1F1uFijD52g6,One 6,33,0,2021-03-05,day,1,2024-01-08
0.909,0.679,1,-6.086,1,0.147,0.435,0.0,0.0584,0.485,120.009,202136,4,2U2oAzcjqZUwP2QSEmoeka,Kill Dem,6Jq0QdwB0vk7VPcIqpo4pr,61qFMjCwvz1F1uFijD52g6,One 6,33,0,2021-03-05,day,1,2024-01-08
0.834,0.546,8,-8.543,1,0.054,0.269,0.0,0.0793,0.502,99.981,206080,4,12uLhXcNKjrRiUQKdi6tR5,FLEXIN,6Jq0QdwB0vk7VPcIqpo4pr,3ATKkAzfZsIJuoCnOepK67,Trigger Dan,1834,6,2023-04-26,day,3,2024-01-08
0.625,0.834,10,-2.435,0,0.354,0.178,0.0,0.2,0.36,102.378,194421,4,6zh2juLIp6mFImhYXSlXCD,Energy,6Jq0QdwB0vk7VPcIqpo4pr,58GP6t4N8aiJkHTOM41ECz,Plumpy Boss,21328,31,2021-04-27,day,20,2024-01-08
0.651,0.579,9,-10.058,0,0.249,0.255,0.0,0.177,0.812,102.529,155388,4,2xyRFHjBRE4vCXabYwbFVK,Mind Storm,6Jq0QdwB0vk7VPcIqpo4pr,10CcNhI5LQh948SS836xVO,Melo Dan,386,0,2020-04-10,day,2,2024-01-08
0.811,0.675,5,-3.573,1,0.241,0.686,0.0,0.108,0.659,94.038,160851,4,3ysqUvlCrun6QVcWEeQLwe,Full ah Gyal,6Jq0QdwB0vk7VPcIqpo4pr,6QJrx4J9XqIxXUBhacoJHC,Medz Boss,34233,27,2021-04-02,day,3,2024-01-08
0.796,0.786,2,-2.098,0,0.159,0.737,2.85e-05,0.124,0.566,93.901,165957,4,1uP5xP82ADg1c7f3WCeVef,Di Banner,6Jq0QdwB0vk7VPcIqpo4pr,"4hkCzTAcWmwVPLscNvweK6,1q8eLau7GFYIqG56nO7Cwt","Brad,CJ Dan","323,6886","2,9",2021-04-02,day,8,2024-01-08
0.654,0.774,10,-3.501,1,0.345,0.873,0.0,0.101,0.648,91.604,165957,4,7KGSUEgXfzSjlkMaPQL066,Send Dem Home,6Jq0QdwB0vk7VPcIqpo4pr,3ATKkAzfZsIJuoCnOepK67,Trigger Dan,1834,6,2021-04-02,day,2,2024-01-08
0.671,0.657,0,-4.212,1,0.36,0.859,0.0,0.113,0.635,92.578,165957,4,5OMdg7W69nc7A1m0zUPCgM,Ahh Killa,6Jq0QdwB0vk7VPcIqpo4pr,6krXv9z3sbSwKu4N5JICy4,Warrior,15,0,2021-04-02,day,1,2024-01-08
0.731,0.778,2,-1.892,0,0.276,0.736,0.0,0.121,0.706,93.444,165957,4,4uKyHom4tg4JxpWhv4QXhN,One King,6Jq0QdwB0vk7VPcIqpo4pr,3aajqT4mg3NqrYWvcE1h7X,Power,15,0,2021-04-02,day,0,2024-01-08
0.591,0.735,0,-3.219,1,0.329,0.911,0.000161,0.198,0.717,89.993,145532,4,4YQEXX598k9mOifdY0R3Id,Casket Closed,6Jq0QdwB0vk7VPcIqpo4pr,5uf5X5Wnvl7CGNnZfoEpF6,Lyfe,305,0,2021-04-02,day,0,2024-01-08
0.554,0.802,2,-2.675,0,0.354,0.578,0.0,0.11,0.486,79.197,165957,3,3PNveKPDRT030nMCB6kDhk,Beat It up,6Jq0QdwB0vk7VPcIqpo4pr,3oPS5gQSuTmiuCDWQo2Mdw,Sin Sin,534,5,2021-04-02,day,1,2024-01-08
0.781,0.767,2,-1.497,0,0.158,0.669,0.0,0.165,0.75,94.098,165957,4,5VmuUYUXQSodx25S4OKG8s,Evil,6Jq0QdwB0vk7VPcIqpo4pr,2rKUiOCTXp1YYvsPLTed0P,2 Gun,111,1,2021-04-02,day,2,2024-01-08
0.591,0.916,2,-1.772,0,0.27,0.641,0.0,0.703,0.628,85.726,136596,4,1D8JC6Z9vls5cXwrKdDQ6o,Just Touch Down,6Jq0QdwB0vk7VPcIqpo4pr,559YLWpCvVYo3qCEhMJ3pq,Lawless,6074,13,2021-04-02,day,2,2024-01-08
0.598,0.793,2,-1.759,0,0.261,0.745,0.0,0.103,0.424,92.505,155745,4,2JQPrAYON7jVjqkSRBFsaF,Plenty Gun,6Jq0QdwB0vk7VPcIqpo4pr,0S96v5UXUohZd31g8plQLt,Chosen,355,5,2021-04-02,day,0,2024-01-08
0.793,0.693,8,-4.196,1,0.132,0.143,1.68e-06,0.0835,0.691,106.792,170527,4,09r6HH4tfhIjrKRfnu4uFV,Bad Like We,6Jq0QdwB0vk7VPcIqpo4pr,7zow5Va8ESrfnxvUF62HRH,Icee Dan,8058,22,2021-03-26,day,2,2024-01-08
0.618,0.584,5,-9.593,0,0.234,0.0268,0.0,0.0819,0.639,119.746,148000,4,7gddHObkauQki1n9Xhfr0t,Focus,6Jq0QdwB0vk7VPcIqpo4pr,7zow5Va8ESrfnxvUF62HRH,Icee Dan,8058,22,2021-03-29,day,0,2024-01-08
0.581,0.742,9,-6.775,0,0.388,0.139,0.0,0.289,0.556,199.95,158400,4,4a8Qc1LRwH3Mkjp6kHzJnp,Death Campaign,6Jq0QdwB0vk7VPcIqpo4pr,7zow5Va8ESrfnxvUF62HRH,Icee Dan,8058,22,2021-03-29,day,1,2024-01-08
0.555,0.753,10,-6.641,1,0.351,0.234,0.0,0.192,0.617,100.082,194400,4,5EuTPmm3idRWEULSLJjTE6,Evidential,6Jq0QdwB0vk7VPcIqpo4pr,7zow5Va8ESrfnxvUF62HRH,Icee Dan,8058,22,2021-03-29,day,1,2024-01-08
0.774,0.686,8,-4.055,0,0.146,0.145,0.0,0.0781,0.684,106.965,170467,4,5izLLn3PmKo98eye2EpwTr,Bad Like We,6Jq0QdwB0vk7VPcIqpo4pr,7zow5Va8ESrfnxvUF62HRH,Icee Dan,8058,22,2021-03-29,day,1,2024-01-08
0.607,0.715,10,-7.371,0,0.168,0.182,0.0,0.147,0.782,103.147,188738,4,0n8riREK4AJ4rq5ibQRPGs,Fame,6Jq0QdwB0vk7VPcIqpo4pr,7zow5Va8ESrfnxvUF62HRH,Icee Dan,8058,22,2021-03-29,day,0,2024-01-08
0.553,0.697,5,-6.398,1,0.38,0.0716,0.0,0.0891,0.633,73.052,177600,3,5Jw42JcOVzmXlderyHNuIX,2021,6Jq0QdwB0vk7VPcIqpo4pr,7zow5Va8ESrfnxvUF62HRH,Icee Dan,8058,22,2021-03-29,day,2,2024-01-08
0.881,0.672,8,-8.978,0,0.2,0.348,3.07e-06,0.273,0.651,100.031,134420,4,5pMN6XrnVo89FodnuPPw64,BORN BAD (TRINIBAD),6Jq0QdwB0vk7VPcIqpo4pr,2f0nNgMYBrIHHvL7ZpYo5u,Kairi,90,1,2020-11-27,day,1,2024-01-08
0.566,0.55,10,-9.198,0,0.319,0.712,0.0,0.115,0.708,99.336,135600,4,1jCyzZK7bMqyZ61zWS1xtO,Trinibad,6Jq0QdwB0vk7VPcIqpo4pr,1GCAK6PEZ5GbffMob0FHdW,President,18,0,2020-05-22,day,1,2024-01-08
0.505,0.437,1,-10.012,1,0.402,0.376,0.0,0.0995,0.0563,72.451,261818,3,2IaAJ4pK6JxrdqSSHMhsuP,Ground Dem,6Jq0QdwB0vk7VPcIqpo4pr,11ODkITb8E6t7OIesM1vqv,Tokeii,1690,8,2021-02-24,day,17,2024-01-08
0.612,0.677,0,-6.888,0,0.355,0.134,0.0,0.127,0.258,119.492,199027,5,6eoNMI1qR8ICueaFKQmyOQ,Rise Up,6Jq0QdwB0vk7VPcIqpo4pr,11ODkITb8E6t7OIesM1vqv,Tokeii,1690,8,2021-02-24,day,6,2024-01-08
0.853,0.439,11,-11.908,0,0.429,0.414,0.0,0.119,0.668,116.029,149185,4,62xCDzgO5NaSkI8HpaE3jZ,Bowl Out,6Jq0QdwB0vk7VPcIqpo4pr,"5YuBEhmT2ay66jvYs5etdQ,3EzJUZ24qqwBi3Y1RolFi3,5OG7XnRBTHjPJ8S6fGYvZw","47ondabeat,Raw Lyfe,T-Man","7,1,5","0,0,0",2020-12-17,day,3,2024-01-08
0.848,0.689,9,-3.661,1,0.184,0.515,0.0,0.142,0.638,102.939,172425,4,28r0u2Y5WmsAhxbjt67PLl,Die Tonight,6Jq0QdwB0vk7VPcIqpo4pr,"7f7sbIc0DpHIv84c7MG098,26TOV4sfq4bfE46VZFqP5N","Toppy Boss,Draggy9","3313,0","10,0",2021-04-05,day,1,2024-01-08
0.602,0.56,4,-10.095,0,0.691,0.75,0.0,0.0893,0.551,97.43,201549,4,0bSQJoC8cUCPkioH2Aygze,Rock City,6Jq0QdwB0vk7VPcIqpo4pr,6cui6F7yKrfk5mXs8tVG2w,Sharp Man,12,0,2020-09-16,day,0,2024-01-08
0.523,0.639,9,-9.857,0,0.313,0.427,0.0,0.0822,0.494,87.994,216633,4,3KLXcwfMfCftS5yOp8DygJ,Trinibad War,6Jq0QdwB0vk7VPcIqpo4pr,6cui6F7yKrfk5mXs8tVG2w,Sharp Man,12,0,2020-09-03,day,0,2024-01-08
0.564,0.625,10,-8.348,1,0.196,0.266,1.54e-05,0.117,0.24,144.425,170182,5,2gsE7Yob47loOWGL0WM47v,Way Up,6Jq0QdwB0vk7VPcIqpo4pr,"6CxUKwVnCBKKP60XMvnMOL,44F5pSoj0VbXAzcxyfUwvQ,0Gkq3acWre3Hu02EAvBiIa","Jahllano,Jah-Z Blaze,Rheon Elbourne","20037,41,3987","25,2,22",2021-04-08,day,9,2024-01-08
0.691,0.656,8,-6.046,0,0.221,0.189,1.91e-06,0.217,0.407,120.581,152033,5,2Gh2NMDxurmPYKHJXgZzQ0,Eastsyde,6Jq0QdwB0vk7VPcIqpo4pr,"4CXmBF7FIcagdMP1LLFetV,0AqLRLhkKQbv15AvpYQYnR","KG,Rassii","71,7","1,0",2021-04-03,day,0,2024-01-08
0.597,0.727,7,-5.593,1,0.331,0.453,0.000344,0.0988,0.554,96.369,226795,4,0vpvydwa3Nbqjr3Wl52EYi,Such is Life,6Jq0QdwB0vk7VPcIqpo4pr,4CXmBF7FIcagdMP1LLFetV,KG,71,1,2021-04-06,day,0,2024-01-08
0.705,0.657,0,-4.951,1,0.191,0.393,0.0,0.178,0.217,132.74,192000,5,31dnXJ6MmKNC43iIUwGlT5,No Drones,6Jq0QdwB0vk7VPcIqpo4pr,7c8WSGTjxRP9sOob1KukJA,Kalonji,33554,29,2021-04-09,day,11,2024-01-08
0.885,0.687,8,-3.587,0,0.2,0.428,0.0,0.0957,0.45,99.08,139675,4,2EGDmFdF7fZE3rMN4Z1Mrh,People Die,6Jq0QdwB0vk7VPcIqpo4pr,"3mHQJrb6eklnVpWmnv2sIs,1twsAxinjl0ith5MTAl1cl","Wacko Dan,Tyo","1002,10","0,0",2020-11-12,day,1,2024-01-08
0.588,0.561,4,-6.72,0,0.165,0.758,0.0,0.443,0.373,99.279,199088,4,3OcUKbLGdYoIqWwxorQ6OF,Zerimar - My Life,6Jq0QdwB0vk7VPcIqpo4pr,44eJR2gUe85LAjajYYk5mx,Brandon Roghubir,12,1,2020-07-07,day,11,2024-01-08
0.641,0.854,8,-3.086,0,0.301,0.697,0.0,0.332,0.841,104.949,147429,4,2lCsVuNh4nW7F0b7yyxrJM,Rich Lifestyle,6Jq0QdwB0vk7VPcIqpo4pr,"5AVAzwpIu9f3H1oegupPCd,3RZVAxQEhF9JEFvHDRovxQ","Travis World,Ice Dan","14484,1284","41,0",2021-03-08,day,0,2024-01-08
0.635,0.859,8,-3.306,0,0.293,0.736,0.0,0.361,0.846,105.704,147429,4,35nJiUPlDB3dJa3R6enNc1,Big Topic,6Jq0QdwB0vk7VPcIqpo4pr,"5AVAzwpIu9f3H1oegupPCd,6hhy54ByINNSzZKbPgosRO","Travis World,Jza King","14484,355","41,2",2021-03-08,day,0,2024-01-08
0.918,0.686,0,-5.886,0,0.174,0.496,0.00073,0.11,0.795,105.987,151698,4,1PVppX1wGKf1jibKVaFF4f,Keyboard Gangsta,6Jq0QdwB0vk7VPcIqpo4pr,0zNEMNrPc9yM3zQzDkfQY2,Tech Sounds,1845,16,2021-04-12,day,8,2024-01-08
0.938,0.583,1,-3.789,1,0.0928,0.0764,0.000278,0.086,0.613,110.034,124865,4,48jXl7WpYNdEgBBfYX1qNX,Round and Round,6Jq0QdwB0vk7VPcIqpo4pr,0zNEMNrPc9yM3zQzDkfQY2,Tech Sounds,1845,16,2020-10-09,day,36,2024-01-08
0.555,0.809,5,-4.6,0,0.319,0.0523,0.0,0.0449,0.762,130.905,166026,5,4VpTxytTJjAbyajC5GLrZH,When we Reach,6Jq0QdwB0vk7VPcIqpo4pr,6CxUKwVnCBKKP60XMvnMOL,Jahllano,20037,25,2021-04-10,day,3,2024-01-08
0.725,0.749,3,-6.745,0,0.295,0.09,0.0,0.171,0.776,119.885,156709,5,6Er06INWn1UInW6QU0o1Fi,Stop Talk,6Jq0QdwB0vk7VPcIqpo4pr,6CxUKwVnCBKKP60XMvnMOL,Jahllano,20037,25,2021-04-09,day,7,2024-01-08
0.75,0.814,8,-2.494,1,0.324,0.233,0.0,0.182,0.505,100.015,156000,4,0bYNbCF9tw28Ip9CT0tuhL,My Life,6Jq0QdwB0vk7VPcIqpo4pr,2rKUiOCTXp1YYvsPLTed0P,2 Gun,111,1,2021-03-26,day,7,2024-01-08
0.804,0.673,11,-4.741,0,0.256,0.478,0.0,0.103,0.434,99.992,160874,4,60YMGD1NZxj3ko4viVlRzC,Empty,6Jq0QdwB0vk7VPcIqpo4pr,277jOUSGN5AKoZoDxvfmUP,Young Star 6ixx,15424,28,2020-08-17,day,10,2024-01-08
0.926,0.46,1,-8.295,1,0.108,0.136,0.0,0.0741,0.168,101.948,164023,4,1xKUgUo1lzA5kkviYjBro6,Dirt & Done,6Jq0QdwB0vk7VPcIqpo4pr,277jOUSGN5AKoZoDxvfmUP,Young Star 6ixx,15424,28,2020-11-16,day,15,2024-01-08
0.81,0.72,0,-6.284,1,0.25,0.715,0.0,0.112,0.813,103.735,151731,4,4xluUIyHNivA20D2uEwi2K,Fireworks,6Jq0QdwB0vk7VPcIqpo4pr,4dJjk5u4PWhMy2b4xS8J78,Sagiker,2,0,2021-02-19,day,0,2024-01-08
0.658,0.558,5,-11.926,0,0.37,0.715,0.0,0.0673,0.546,106.783,135288,4,1VWiMdbSr4pW94Zu9eLjPc,King,6Jq0QdwB0vk7VPcIqpo4pr,7f7sbIc0DpHIv84c7MG098,Toppy Boss,3313,10,2021-04-12,day,15,2024-01-08
0.939,0.689,4,-6.371,0,0.128,0.139,0.0,0.0698,0.941,102.035,148235,4,46KKuWDNIi5scqTYwRewKs,Warn Dem,6Jq0QdwB0vk7VPcIqpo4pr,4dJjk5u4PWhMy2b4xS8J78,Sagiker,2,0,2020-10-21,day,0,2024-01-08
0.884,0.629,2,-6.4,1,0.09,0.148,0.0,0.296,0.255,100.085,210071,4,65Xb8R0tx7grocM8mOcNuc,Start It,6Jq0QdwB0vk7VPcIqpo4pr,7JtGVC055Bxx7Kpxqb7Kgg,Markie Lambkin,5,0,2021-02-08,day,0,2024-01-08
0.673,0.61,8,-6.875,1,0.363,0.692,0.0,0.119,0.641,126.272,186667,5,1rC6poCsFV6ytj1nRqIyS6,Good Brain,6Jq0QdwB0vk7VPcIqpo4pr,7IbkKTNpBj7MORRdt3oge3,Zerimar,30169,34,2021-04-18,day,21,2024-01-08
0.873,0.607,4,-3.971,0,0.0484,0.682,0.0,0.0835,0.294,102.039,155985,4,40W4CAtthdEqRjvw33htWv,Must Make It,6Jq0QdwB0vk7VPcIqpo4pr,40hfAj6oxHglI5VyqaLZ6C,M Vik,88,3,2021-04-17,day,0,2024-01-08
0.652,0.888,7,-4.036,1,0.426,0.133,0.0,0.0608,0.704,122.586,167941,5,5zE1u3guE3OEHBMYhrWBqI,Evil,6Jq0QdwB0vk7VPcIqpo4pr,"5fw8ZIicZdRlUXS2LFhzze,6HWh3ClHMEe2ygpdzupyKM","Young Sosa,Jojo Dan","68,10","0,0",2020-06-19,day,3,2024-01-08
0.753,0.582,4,-6.336,0,0.301,0.163,0.0,0.126,0.552,99.746,129646,4,2FPU61ysszCq1pg5w2Moeb,Tek Dem Soul,6Jq0QdwB0vk7VPcIqpo4pr,5fw8ZIicZdRlUXS2LFhzze,Young Sosa,68,0,2020-06-19,day,1,2024-01-08
0.656,0.571,5,-7.168,0,0.295,0.266,0.0,0.305,0.23,196.026,220473,4,7IvtBBUVcHrDB9h8ezuD6Z,YHWH,6Jq0QdwB0vk7VPcIqpo4pr,45NxtETWPvuCA56m3uItKW,Shorto,28,0,2021-04-16,day,0,2024-01-08
0.821,0.53,7,-6.614,1,0.393,0.219,0.0,0.077,0.484,102.136,160026,4,101Q3GpFxHQbl9XVGeGqTO,Rifle Hill,6Jq0QdwB0vk7VPcIqpo4pr,6kOU1DMAK6CyiikQJ0tF40,Chappa Vybz,4,0,2021-01-11,day,0,2024-01-08
0.784,0.812,1,-3.927,1,0.0997,0.462,2.72e-05,0.0895,0.803,106.955,163814,4,5rq0YlMnmRHd3UHMyskdCx,Bag Ah Money,6Jq0QdwB0vk7VPcIqpo4pr,61qFMjCwvz1F1uFijD52g6,One 6,33,0,2021-04-23,day,0,2024-01-08
0.48,0.537,1,-6.714,0,0.151,0.807,0.0,0.255,0.552,63.751,146400,5,4KLWNqJFBGKhLN4XRgt0Pq,Young Star Six (Who Boost Dem),6Jq0QdwB0vk7VPcIqpo4pr,5y95WRDteZL4a18L7xPqaG,Yung Prodigies Riddim,85,0,2020-12-17,day,0,2024-01-08
0.569,0.534,1,-6.845,0,0.0985,0.562,0.0,0.254,0.526,96.161,148800,4,7GFAz8LVCVPchfcaR6qBJF,(Vice Versa) Reprisal,6Jq0QdwB0vk7VPcIqpo4pr,5y95WRDteZL4a18L7xPqaG,Yung Prodigies Riddim,85,0,2020-12-17,day,0,2024-01-08
0.608,0.582,8,-7.681,0,0.0386,0.652,0.0,0.214,0.624,99.655,146400,4,6iG4fFCATHYGnP06t8trfB,BIL (TranquilBoss),6Jq0QdwB0vk7VPcIqpo4pr,5y95WRDteZL4a18L7xPqaG,Yung Prodigies Riddim,85,0,2020-12-17,day,0,2024-01-08
0.858,0.546,8,-6.499,0,0.0603,0.557,0.0,0.231,0.656,100.044,146416,4,4zJQNvjvB5a4ProkpqAq7L,(Sagiker) Eye Red,6Jq0QdwB0vk7VPcIqpo4pr,5y95WRDteZL4a18L7xPqaG,Yung Prodigies Riddim,85,0,2020-12-17,day,0,2024-01-08
0.669,0.561,4,-6.041,1,0.043,0.507,0.0,0.246,0.496,41.309,146400,3,7bmKukjChGuGnHQ21jkq0J,Heart Of Iron (Jza King),6Jq0QdwB0vk7VPcIqpo4pr,5y95WRDteZL4a18L7xPqaG,Yung Prodigies Riddim,85,0,2020-12-17,day,0,2024-01-08
0.807,0.638,11,-6.118,1,0.0511,0.618,0.0,0.24,0.679,99.988,147017,4,6BWTB0BdGbhvGUjGPCeErL,(Heze) BadBro,6Jq0QdwB0vk7VPcIqpo4pr,5y95WRDteZL4a18L7xPqaG,Yung Prodigies Riddim,85,0,2020-12-17,day,1,2024-01-08
0.942,0.551,1,-4.209,1,0.0783,0.138,0.00025,0.121,0.461,110.008,144065,4,4233vYlkTDmyzrU7ocW3gX,Whine Pon Top,6Jq0QdwB0vk7VPcIqpo4pr,"3JpsXHhzfe6mmRR3j47XWn,2TCGHQ4kwHVAsuM8EkLWkJ","Vanni,Chezzy","398,34","8,8",2020-10-09,day,27,2024-01-08
0.779,0.835,4,-0.62,0,0.259,0.843,0.0,0.0814,0.649,94.009,194043,4,1mRWw3m8rqsUUYX5vYxyVk,To My Thugz,6Jq0QdwB0vk7VPcIqpo4pr,3k6xjBNj60uTsHXGoCQjhk,Tech Sounds,361,0,2019-12-27,day,5,2024-01-08
0.716,0.468,11,-9.193,0,0.527,0.556,0.0,0.083,0.749,120.04,150021,4,6N2o4ssmYemkOHhvEytwn0,Bread,6Jq0QdwB0vk7VPcIqpo4pr,0JSBUUBuT8pbdbw1UZggSY,Tefflon,19249,28,2021-05-07,day,0,2024-01-08
0.6,0.457,6,-9.516,0,0.452,0.753,6.42e-05,0.0692,0.622,150.543,150047,5,0pXIoGIUc6857AVd7QQ8jf,No Fear,6Jq0QdwB0vk7VPcIqpo4pr,5yFDw11XsFbYndz6zvFTgQ,Jah B,2,0,2021-05-07,day,0,2024-01-08
0.642,0.466,6,-8.453,0,0.435,0.647,0.0,0.0933,0.787,159.818,150021,5,3aOeieinE4AysxuizV7Gfd,Squeeze,6Jq0QdwB0vk7VPcIqpo4pr,0otV87HgAtj9q7CbzAQ2Ft,Keltec,136,0,2021-05-07,day,0,2024-01-08
0.961,0.533,6,-9.326,0,0.332,0.51,0.0,0.0777,0.746,119.961,150021,4,4Qk7aT5SFrMGmYIyoh6Thq,Cyah Cramp,6Jq0QdwB0vk7VPcIqpo4pr,28aeXnDdKLtyUB2rrzZBei,Kj Productions,173,1,2021-05-07,day,0,2024-01-08
0.798,0.645,7,-8.982,1,0.169,0.616,0.0,0.149,0.542,114.989,237158,4,1bgqoAtjKS3jguIAmdztId,Mini 4,6Jq0QdwB0vk7VPcIqpo4pr,6Iym59CxrdzsxIn9LPFR9n,Gskell,4727,9,2021-05-07,day,1,2024-01-08
0.641,0.73,0,-3.823,1,0.323,0.0581,0.0,0.0725,0.498,92.27,139200,4,5LonRf9NdIUmq9PWVtAb1f,Hungry Fi Kill,6Jq0QdwB0vk7VPcIqpo4pr,6CxUKwVnCBKKP60XMvnMOL,Jahllano,20037,25,2021-05-07,day,23,2024-01-08
0.611,0.664,1,-6.585,1,0.107,0.283,3.33e-05,0.124,0.337,193.713,210338,4,6Kd5FduGYjp3nNYBm6Hmov,Good AfterAll,6Jq0QdwB0vk7VPcIqpo4pr,"7gPEv7OUsJZnu7yhXvXOCl,53e6DYW0Ndry9rbINgVpdZ,24r0hQtbDP3Y4PhK63EUOP","Asim,M4,Mickey Dan","382,212,7","0,13,0",2021-04-28,day,0,2024-01-08
0.686,0.817,6,-7.023,1,0.481,0.0755,0.0,0.52,0.831,79.475,176203,4,19AWkdwExHMZnMwvmoWV65,No More Parties - Remix,6Jq0QdwB0vk7VPcIqpo4pr,7zow5Va8ESrfnxvUF62HRH,Icee Dan,8058,22,2021-04-26,day,1,2024-01-08
0.618,0.75,0,-5.593,0,0.434,0.303,0.0,0.149,0.363,64.253,204042,3,3DxzZSHvwsofQWluKLkXeJ,Long Time,6Jq0QdwB0vk7VPcIqpo4pr,5yFDw11XsFbYndz6zvFTgQ,Jah B,2,0,2021-03-18,day,0,2024-01-08
0.657,0.528,4,-11.549,0,0.452,0.484,0.0,0.0942,0.195,67.29,168751,5,0gXUTpqR1rls2iVOlHzy7K,Calling,6Jq0QdwB0vk7VPcIqpo4pr,5yFDw11XsFbYndz6zvFTgQ,Jah B,2,0,2021-03-18,day,0,2024-01-08
0.66,0.663,5,-6.784,1,0.388,0.72,0.0,0.0933,0.519,104.863,182857,4,4lToFIgoSMzxIb8JIRDLpt,Kill Him And Done,6Jq0QdwB0vk7VPcIqpo4pr,5yFDw11XsFbYndz6zvFTgQ,Jah B,2,0,2021-03-18,day,0,2024-01-08
0.829,0.673,9,-6.408,0,0.138,0.533,0.0,0.0794,0.384,102.921,170156,4,3j0sqwFexADh8HWsC5PVPB,Uncrowned King,6Jq0QdwB0vk7VPcIqpo4pr,4K9NxJKUPoCBeSyLh21RiQ,Rebel 6ixx,565,0,2019-01-01,day,0,2024-01-08
0.85,0.816,1,-7.113,1,0.205,0.168,0.0,0.219,0.611,109.031,161520,4,4fheDxcEa8HAcznWWouBJA,Evil Mind,6Jq0QdwB0vk7VPcIqpo4pr,6WtD7YmHZue7RHGscX0X01,DarkoMusiq,19,0,2021-02-08,day,0,2024-01-08
0.885,0.468,4,-11.068,0,0.605,0.448,0.0,0.0852,0.51,119.974,224026,4,2fJiuGsFZVCZUTvD04eS9L,Ketch Kixx,6Jq0QdwB0vk7VPcIqpo4pr,"0otV87HgAtj9q7CbzAQ2Ft,0yoNQbSHVp6Mk0wUqmNLfm","Keltec,Tre' Maddawg","136,1","0,0",2020-05-14,day,0,2024-01-08
0.932,0.473,0,-5.772,0,0.236,0.428,1.17e-05,0.135,0.668,100.004,204069,4,3tSkDUIN4R5Xld6eDWlBtF,Headshot,6Jq0QdwB0vk7VPcIqpo4pr,"2cVi0QLfryqOOJOynha5ki,7cbKZp4c7ofc7XarfXoREm","Young Prime,Spitta","188,18098","2,22",2020-03-28,day,1,2024-01-08
0.887,0.755,9,-4.074,0,0.296,0.254,0.0,0.0839,0.579,100.098,206481,4,4zdHy9ZlRP0aQw3xUxnVbZ,Talk Tuff,6Jq0QdwB0vk7VPcIqpo4pr,2cVi0QLfryqOOJOynha5ki,Young Prime,188,2,2020-09-11,day,0,2024-01-08
0.518,0.718,3,-4.517,0,0.461,0.311,0.0,0.112,0.387,66.668,180000,3,3gZweaPlZbIwvgBDPxQB6i,Mask Up,6Jq0QdwB0vk7VPcIqpo4pr,2cVi0QLfryqOOJOynha5ki,Young Prime,188,2,2020-04-23,day,0,2024-01-08
0.867,0.462,8,-4.245,0,0.209,0.524,8.29e-05,0.321,0.724,99.975,127500,4,4pvSaQa7rCMqyIqhrcJ5Yq,Cartoon Criminal,6Jq0QdwB0vk7VPcIqpo4pr,3QGMOS3ORskjO28pQ9Pldc,Bankz,13,0,2019-08-22,day,2,2024-01-08
0.87,0.567,2,-7.775,1,0.159,0.238,0.0,0.31,0.609,110.023,123455,4,2NNXWIBzjR8Dlj5NX1gSgx,Torture Dem,6Jq0QdwB0vk7VPcIqpo4pr,3QGMOS3ORskjO28pQ9Pldc,Bankz,13,0,2019-09-06,day,0,2024-01-08
0.733,0.529,0,-8.215,0,0.0943,0.388,0.000208,0.119,0.472,100.0,230400,4,26fp1kTh7UR37RKTAW0wZW,Jovi Ton | Tell You Bout Jesus,6Jq0QdwB0vk7VPcIqpo4pr,3BXTAqDidYV4IJ0RvyJWAf,Shaka Pro,75,0,2021-01-07,day,0,2024-01-08
0.777,0.663,4,-9.291,1,0.0562,0.479,5.99e-05,0.192,0.691,98.033,205714,4,0WwCdZdiCkDxuScjlow85b,Jovi Ton (Sunshine and Rain),6Jq0QdwB0vk7VPcIqpo4pr,3BXTAqDidYV4IJ0RvyJWAf,Shaka Pro,75,0,2021-03-23,day,3,2024-01-08
0.63,0.822,1,-7.25,1,0.158,0.159,0.000759,0.132,0.269,200.004,208800,4,37sMvgLfaKUrbYaDvOE9nD,Joviton | Street Life | Harmony Riddim,6Jq0QdwB0vk7VPcIqpo4pr,3BXTAqDidYV4IJ0RvyJWAf,Shaka Pro,75,0,2021-03-30,day,0,2024-01-08
0.68,0.44,4,-9.972,0,0.62,0.32,2.1e-06,0.147,0.366,73.74,223592,5,0VWuneSyn4xCfrjnGfo0gM,From Dem Diss,6Jq0QdwB0vk7VPcIqpo4pr,6J5jQOy2P8rlz8j9nl22Qv,Corie Dan,8,0,2021-04-02,day,0,2024-01-08
0.675,0.543,6,-6.832,0,0.335,0.585,0.00164,0.121,0.543,128.102,143357,5,5wbVhnG06iBvgVx2QbmaAp,Bounce Pon Top,6Jq0QdwB0vk7VPcIqpo4pr,1twsAxinjl0ith5MTAl1cl,Tyo,10,0,2022-01-30,day,0,2024-01-08
0.628,0.729,8,-0.027,0,0.213,0.447,3.15e-05,0.112,0.522,92.834,209032,4,3joxiNBe1RlaNYbp9oNDEX,Stay Real,6Jq0QdwB0vk7VPcIqpo4pr,6CxUKwVnCBKKP60XMvnMOL,Jahllano,20037,25,2020-05-03,day,5,2024-01-08
0.837,0.663,1,-4.166,1,0.0907,0.119,0.0,0.445,0.323,105.954,167547,4,6pxxKq7AplwiKrQIB1i1Aq,Covid Squad,6Jq0QdwB0vk7VPcIqpo4pr,"61qFMjCwvz1F1uFijD52g6,0tluFVpifIuT5slS3M1yTi","One 6,Simha","33,509810","0,44",2021-05-10,day,7,2024-01-08
0.86,0.673,5,-4.283,0,0.112,0.467,0.0,0.151,0.382,105.058,201195,4,0NDOfH2q4K1NZhwhiDNSfx,Nobody,6Jq0QdwB0vk7VPcIqpo4pr,"2JC7YH9Umra4Zc8mseZsRD,277jOUSGN5AKoZoDxvfmUP,7tnzhcb2y0dtPFIFVTp0A4","Going Global Records,Young Star 6ixx,Tafari","8937,15424,26094","37,28,22",2021-05-13,day,24,2024-01-08
0.651,0.666,5,-5.034,0,0.328,0.187,0.0,0.16,0.423,101.498,188473,4,37SWj6TWLKAxUNyLiTfu6N,Kalonji (Life We Choose),6Jq0QdwB0vk7VPcIqpo4pr,2JC7YH9Umra4Zc8mseZsRD,Going Global Records,8937,37,2021-05-13,day,18,2024-01-08
0.953,0.617,5,-4.331,0,0.0659,0.371,2.88e-05,0.113,0.395,110.009,166034,4,7vj0JMmTNXMcHYZLcl16XW,Toppy Boss (Boomland),6Jq0QdwB0vk7VPcIqpo4pr,2JC7YH9Umra4Zc8mseZsRD,Going Global Records,8937,37,2021-05-13,day,23,2024-01-08
0.735,0.694,2,-6.422,0,0.161,0.535,0.0,0.0776,0.82,107.025,153130,4,5S110kfOdgpwvgWUeixvE5,Wacko Dan (Easy),6Jq0QdwB0vk7VPcIqpo4pr,2JC7YH9Umra4Zc8mseZsRD,Going Global Records,8937,37,2021-05-13,day,18,2024-01-08
0.809,0.589,2,-5.97,0,0.111,0.571,0.0,0.0661,0.653,106.896,152555,4,2sJrRd3TkDccoAv2iVH40V,Young Star 6ixx (People Dead),6Jq0QdwB0vk7VPcIqpo4pr,2JC7YH9Umra4Zc8mseZsRD,Going Global Records,8937,37,2021-05-13,day,15,2024-01-08
0.661,0.592,8,-3.318,0,0.154,0.619,0.0,0.119,0.742,100.745,127478,4,6EjcNyCCJVPmkE0DQfIpEF,BI6,6Jq0QdwB0vk7VPcIqpo4pr,"6fanvfSBKMMExePwhUq8Mi,2Ana0KNn0YKzlkgYIztJay","K Lion,Rebel Sixx","40088,38","30,18",2019-09-20,day,39,2024-01-08
0.536,0.564,0,-9.55,0,0.157,0.257,4.62e-06,0.106,0.336,197.929,210939,4,6mOjta0DbksIaHsV97Vddd,Jovi Ton x Jaron | Switch It Up,6Jq0QdwB0vk7VPcIqpo4pr,3BXTAqDidYV4IJ0RvyJWAf,Shaka Pro,75,0,2021-05-14,day,3,2024-01-08
0.943,0.857,1,-4.391,1,0.137,0.283,0.000248,0.0617,0.65,117.929,173767,4,6HxD3GDCypTTj9XOy5w8jL,Boom Again,6Jq0QdwB0vk7VPcIqpo4pr,0zNEMNrPc9yM3zQzDkfQY2,Tech Sounds,1845,16,2021-05-13,day,13,2024-01-08
0.806,0.704,10,-5.277,0,0.0493,0.184,0.0,0.163,0.487,99.975,144000,4,5VR8DqqV5LigJoVMofawWS,Fully Evil,6Jq0QdwB0vk7VPcIqpo4pr,0WhrKY560yMc8mma8YXNKp,Faces,44,0,2020-07-19,day,0,2024-01-08
0.875,0.483,7,-8.259,1,0.246,0.375,0.0,0.0974,0.709,107.033,197383,4,4JzSB8sQdoX24TuXdyqq19,Better Man,6Jq0QdwB0vk7VPcIqpo4pr,0WhrKY560yMc8mma8YXNKp,Faces,44,0,2020-06-20,day,0,2024-01-08
0.565,0.545,7,-10.124,1,0.43,0.527,0.0,0.0942,0.213,201.948,168777,4,10jaLieiKxFAbNqDoYha9O,Make D Thing Better,6Jq0QdwB0vk7VPcIqpo4pr,0WhrKY560yMc8mma8YXNKp,Faces,44,0,2024-01-03,day,0,2024-01-08
0.645,0.787,11,-2.818,0,0.448,0.51,0.0,0.14,0.524,102.442,146400,4,01dU1K5Fs09B7z4PDKWFeV,Remedy,6Jq0QdwB0vk7VPcIqpo4pr,559YLWpCvVYo3qCEhMJ3pq,Lawless,6074,13,2021-03-26,day,1,2024-01-08
0.509,0.712,7,-3.262,0,0.428,0.197,0.0,0.256,0.357,63.767,209659,5,44CqBwnCWGi0nQJp4Rf5hY,Jahllano (Expensive Lifestyle),6Jq0QdwB0vk7VPcIqpo4pr,2taZulmUbsXlErp6i54qbP,Digital1,97,5,2021-02-26,day,15,2024-01-08
0.851,0.505,5,-10.763,0,0.408,0.463,0.0,0.11,0.7,96.03,182491,4,1LQI33KH8ipi48WGYH7mMy,Full Ah Mouth,6Jq0QdwB0vk7VPcIqpo4pr,"0RyIm05wJ3OkfUC9w84mly,2C3fBJF72ks7hF8DLoIBBq","Leo King,Buzzy","1253,22","0,0",2021-05-21,day,0,2024-01-08
0.634,0.474,6,-8.037,0,0.452,0.551,0.0,0.071,0.709,79.777,150000,5,78O60A6bk1rpt2Oc3KmBvg,Serial Killa,6Jq0QdwB0vk7VPcIqpo4pr,6WtD7YmHZue7RHGscX0X01,DarkoMusiq,19,0,2021-05-11,day,0,2024-01-08
0.769,0.793,9,-3.965,0,0.231,0.204,0.0,0.0921,0.25,99.924,228362,4,1cBmZM4xYuYt5FujjDQmaT,Knock It,6Jq0QdwB0vk7VPcIqpo4pr,"4W1YDUIlG2VramwT3zKYah,0efCvWr3pu7M0VYoKcjKLB,5DJOxyxPR3r1qaQE8mINOe,14yHr0DjYS7fS9ZAUfGVZY","Mountainside Music,BooDan,Trini Changes,5Star Smurf","829,14,1,0","4,0,0,0",2021-05-20,day,0,2024-01-08
0.672,0.688,4,-3.078,0,0.221,0.174,0.0,0.127,0.22,99.96,231079,4,7IDiX2T4UhfCCmXGG4SRh1,Tough Chat,6Jq0QdwB0vk7VPcIqpo4pr,"4W1YDUIlG2VramwT3zKYah,61lvFsoX94X8urcMmo917g","Mountainside Music,Raw Lyfe","829,0","4,0",2021-05-20,day,0,2024-01-08
0.933,0.734,5,-4.022,0,0.0694,0.387,1.08e-06,0.15,0.748,97.965,198452,4,4lM1zEv8xLOc6XWPt0I5Qn,Polymer Pree,6Jq0QdwB0vk7VPcIqpo4pr,"7dktRJgRYSf4QKN4ONb5yB,3UwGbC4Sl9MmonrpWo6grS","iTron,Boy Boy","96,29068","3,41",2021-05-21,day,0,2024-01-08
0.74,0.87,5,-3.57,0,0.127,0.284,0.0,0.0772,0.906,98.129,166583,4,3fDkmxbwO86UjJBVktz4pZ,Terrorist,6Jq0QdwB0vk7VPcIqpo4pr,"7dktRJgRYSf4QKN4ONb5yB,5gkKrHTFcl50fyKehisGlO","iTron,Skem","96,108","3,0",2021-06-02,day,0,2024-01-08
0.624,0.688,5,-4.187,0,0.156,0.517,7.69e-05,0.127,0.804,98.097,188630,4,0Q8xjM8ErnzynJsit8X32b,Sativa,6Jq0QdwB0vk7VPcIqpo4pr,"7dktRJgRYSf4QKN4ONb5yB,0VUqHwL8eRaiXcFK8avgJF,1JyyotrzYfIjDjP2OSC3Wk","iTron,Rassi,KG","96,62,490","3,0,2",2021-06-02,day,1,2024-01-08
0.902,0.668,2,-2.928,1,0.0555,0.0202,0.0,0.102,0.655,104.955,149447,4,1s0QYbvJO9vRlo4W9rhJCL,Bad Yu F%^k,6Jq0QdwB0vk7VPcIqpo4pr,"7dktRJgRYSf4QKN4ONb5yB,3UwGbC4Sl9MmonrpWo6grS","iTron,Boy Boy","96,29068","3,41",2021-05-21,day,0,2024-01-08
0.855,0.771,2,-3.984,1,0.0795,0.232,0.0,0.131,0.628,105.082,148637,4,0YZCKxhkjHUstXgy69i9lH,Solid,6Jq0QdwB0vk7VPcIqpo4pr,"7dktRJgRYSf4QKN4ONb5yB,5gkKrHTFcl50fyKehisGlO","iTron,Skem","96,108","3,0",2021-06-02,day,0,2024-01-08
0.761,0.674,1,-6.975,1,0.203,0.278,0.0,0.157,0.389,100.062,157220,4,0sMcCrVZQEb0JoSv4Svk6L,Evil,6Jq0QdwB0vk7VPcIqpo4pr,6cui6F7yKrfk5mXs8tVG2w,Sharp Man,12,0,2021-05-06,day,0,2024-01-08
0.587,0.673,1,-6.193,1,0.223,0.404,0.0,0.17,0.523,99.519,156914,4,4QX51TEsh3z3iJCxAKi3T0,Lauren Hill,6Jq0QdwB0vk7VPcIqpo4pr,"7zeUAn11CUWKEMRN701Vsv,26TOV4sfq4bfE46VZFqP5N","Magic D One Dan,Draggy9","15,0","0,0",2021-05-06,day,1,2024-01-08
0.692,0.38,5,-8.889,0,0.222,0.696,0.0,0.103,0.307,109.626,183273,4,4Ou2YRNlYDTjDqFGRHP5VN,Ready,6Jq0QdwB0vk7VPcIqpo4pr,1GxloojqHAloHcTVbFHIOn,Sharpman,2,0,2021-04-19,day,0,2024-01-08
0.605,0.705,3,-6.104,0,0.0901,0.146,0.0,0.134,0.249,193.952,216529,4,19ew9I4edzObLoqLdslHPA,Sunday Lit,6Jq0QdwB0vk7VPcIqpo4pr,"7gPEv7OUsJZnu7yhXvXOCl,5SXlv0JnAn32FcXUP7Ib2n","Asim,Klass","382,41445","0,35",2021-04-28,day,0,2024-01-08
0.606,0.336,0,-9.184,1,0.246,0.621,4.32e-05,0.107,0.209,74.391,177600,3,3Cye7X4c7rc9tY5hC4oFpU,Hear Me Out,6Jq0QdwB0vk7VPcIqpo4pr,"6hhy54ByINNSzZKbPgosRO,412qaDusLSmjeqSNjPUh8M","Jza King,Trini Baby","355,0","2,0",2021-05-22,day,1,2024-01-08
0.744,0.781,6,-7.09,0,0.232,0.556,1.23e-05,0.106,0.574,109.954,126067,4,6bhnlcHrpEEN8hP6e9CU89,BUSS HEAD,6Jq0QdwB0vk7VPcIqpo4pr,"1XK7JEkEviy2mcbi1ljpaR,5lsIJq4NcAdFNDlw9aYwWV","Zebee,KIAH","3085,37","19,1",2021-05-07,day,13,2024-01-08
0.663,0.875,4,-2.426,0,0.324,0.262,0.0,0.121,0.497,74.009,148965,4,742eb8Fp7ynbxVHmUpVYJG,Beat It,6Jq0QdwB0vk7VPcIqpo4pr,"6QJrx4J9XqIxXUBhacoJHC,559YLWpCvVYo3qCEhMJ3pq,2Jv0w50BNaGlwnXpq69HGm,3szgLNscALgBXdMNxcGxYz","Medz Boss,Lawless,Prince Swanny,Ando","34233,6074,112646,19","27,13,43,0",2020-04-21,day,2,2024-01-08
0.586,0.779,5,0.616,0,0.33,0.812,1e-05,0.131,0.754,142.509,289615,5,1dBVazHHmJV9tgsIHLqPid,No Licks,6Jq0QdwB0vk7VPcIqpo4pr,3bJ6gnTDrlHSMszDydll2L,Orlando Octave,12295,24,2020-04-15,day,2,2024-01-08
0.622,0.876,5,1.043,0,0.205,0.819,0.000336,0.0804,0.65,138.619,223846,5,3OWmfRgzw2BGft0XNhQP1X,Shady Friends,6Jq0QdwB0vk7VPcIqpo4pr,5t1isx1eZd9BxtigVkLlaR,Sadiki,1481,16,2020-04-15,day,0,2024-01-08
0.865,0.785,1,-0.081,1,0.123,0.775,4.92e-05,0.102,0.536,104.109,159231,4,0GRKlyapt2AYF3dOJ0Souv,Put It In,6Jq0QdwB0vk7VPcIqpo4pr,"559YLWpCvVYo3qCEhMJ3pq,5itNYCN95bPdhqRACdQsia","Lawless,Kalika B","6074,15","13,0",2020-04-15,day,6,2024-01-08
0.564,0.769,5,0.574,0,0.209,0.856,0.000175,0.102,0.617,141.618,198462,5,4yi7a79YWaizBiTQ9xfvuM,R.O.D. (Ride or Die),6Jq0QdwB0vk7VPcIqpo4pr,2y0QGjnlzB39Nf2duLQoxk,KG,242,18,2020-04-15,day,1,2024-01-08
0.776,0.613,11,-6.887,0,0.259,0.116,0.0038,0.114,0.525,66.519,154105,5,22uKo1lg6QkStrFnkLy2MK,Blessed,6Jq0QdwB0vk7VPcIqpo4pr,277jOUSGN5AKoZoDxvfmUP,Young Star 6ixx,15424,28,2020-12-04,day,0,2024-01-08
0.817,0.76,2,-7.317,1,0.167,0.636,1.04e-05,0.111,0.429,105.01,155565,4,0t3nLHHIn0iva15U2lrEjQ,Anybody Gets It,6Jq0QdwB0vk7VPcIqpo4pr,6Iym59CxrdzsxIn9LPFR9n,Gskell,4727,9,2020-09-09,day,16,2024-01-08
0.861,0.589,11,-9.205,1,0.297,0.556,0.0,0.129,0.338,109.95,214970,4,7GgpDNdXoImJiT45tkK2ZM,Militant,6Jq0QdwB0vk7VPcIqpo4pr,6Iym59CxrdzsxIn9LPFR9n,Gskell,4727,9,2020-09-09,day,9,2024-01-08
0.877,0.839,0,-7.175,0,0.112,0.294,1.49e-05,0.132,0.568,110.064,209455,4,6pqJmelGBx5rt5NsPAit6S,Hawk Out,6Jq0QdwB0vk7VPcIqpo4pr,6Iym59CxrdzsxIn9LPFR9n,Gskell,4727,9,2020-09-10,day,11,2024-01-08
0.817,0.479,1,-10.035,1,0.306,0.719,0.0,0.132,0.695,107.109,183980,4,4GzFcQJGvuFNEx8ErHooCj,Roar Like A Lion,6Jq0QdwB0vk7VPcIqpo4pr,0JSBUUBuT8pbdbw1UZggSY,Tefflon,19249,28,2021-05-23,day,7,2024-01-08
0.683,0.562,9,-10.746,0,0.668,0.715,0.0,0.105,0.306,132.285,176039,5,65qinPQU5XgYKalTkbMy1L,Sweet,6Jq0QdwB0vk7VPcIqpo4pr,"0WhrKY560yMc8mma8YXNKp,6XTF9SkuqFjuBOJ7Y34D3N,1BmHVv2rQN9VBkte3CCmC9","Faces,Kj Productions,Bago","44,0,1080","0,0,9",2021-05-28,day,0,2024-01-08
0.682,0.73,5,-4.107,0,0.441,0.159,0.0,0.161,0.577,125.796,181224,5,7bVCdyNgYh4seIr0pPNRrS,Better Days,6Jq0QdwB0vk7VPcIqpo4pr,6fanvfSBKMMExePwhUq8Mi,K Lion,40088,30,2021-05-24,day,14,2024-01-08
0.644,0.553,6,-10.162,1,0.251,0.235,0.000511,0.0875,0.412,127.432,135419,5,5ZMAwq9GNjAzi64tXm0dHD,Perfect(Sharpman),6Jq0QdwB0vk7VPcIqpo4pr,2Tfe5UdBBWDTGkGwPzblJQ,Toby Boss Ent,4612,28,2021-05-20,day,2,2024-01-08
0.743,0.504,3,-9.709,0,0.0909,0.342,5.66e-05,0.095,0.507,129.772,132963,5,6ASNAmGTdxNyoXJyqMYGcx,Sexappeal(T man),6Jq0QdwB0vk7VPcIqpo4pr,2Tfe5UdBBWDTGkGwPzblJQ,Toby Boss Ent,4612,28,2021-05-19,day,1,2024-01-08
0.607,0.626,10,-9.614,0,0.224,0.178,4e-05,0.1,0.633,132.349,132963,5,3ZjQWH3LOg9OAUWaKwS912,Bounce Pon It (Toppy Boss),6Jq0QdwB0vk7VPcIqpo4pr,2Tfe5UdBBWDTGkGwPzblJQ,Toby Boss Ent,4612,28,2021-05-14,day,0,2024-01-08
0.658,0.621,6,-9.507,1,0.273,0.328,0.0,0.098,0.303,129.222,132963,5,6WcBy94xrVZU5sOqBQ9icy,Bad Gyal(Clevin Don),6Jq0QdwB0vk7VPcIqpo4pr,2Tfe5UdBBWDTGkGwPzblJQ,Toby Boss Ent,4612,28,2021-05-14,day,0,2024-01-08
0.573,0.511,10,-9.521,0,0.131,0.371,1.34e-05,0.09,0.297,130.813,132963,5,51X1Ac1Ofzh4NgHX9PUvrs,Only Gyal (Wacko Dan),6Jq0QdwB0vk7VPcIqpo4pr,2Tfe5UdBBWDTGkGwPzblJQ,Toby Boss Ent,4612,28,2021-05-14,day,3,2024-01-08
0.555,0.573,10,-9.422,0,0.161,0.131,0.0,0.104,0.383,129.445,132963,5,75RIZzJHk3PzKpf0wiezX9,Take Way Boy Gyal(Magic),6Jq0QdwB0vk7VPcIqpo4pr,2Tfe5UdBBWDTGkGwPzblJQ,Toby Boss Ent,4612,28,2021-05-14,day,0,2024-01-08
0.617,0.632,10,-8.824,0,0.232,0.266,5.19e-05,0.109,0.516,128.415,132963,5,76C1XlCq9nuB6cCRYgMXxl,She Wanna(Raw Lyfe),6Jq0QdwB0vk7VPcIqpo4pr,2Tfe5UdBBWDTGkGwPzblJQ,Toby Boss Ent,4612,28,2021-05-14,day,0,2024-01-08
0.694,0.531,10,-9.55,0,0.28,0.195,0.0,0.104,0.626,130.13,132963,5,4LpmWlp3E8wD22KLQLvU91,Pleasure(Tytan),6Jq0QdwB0vk7VPcIqpo4pr,2Tfe5UdBBWDTGkGwPzblJQ,Toby Boss Ent,4612,28,2021-05-14,day,0,2024-01-08
0.734,0.611,1,-9.463,1,0.323,0.33,0.0,0.0908,0.26,129.906,132963,5,43ZwJdUZDieH1oXcOumMZA,Diamond Hole(Stewie boss),6Jq0QdwB0vk7VPcIqpo4pr,2Tfe5UdBBWDTGkGwPzblJQ,Toby Boss Ent,4612,28,2021-05-14,day,0,2024-01-08
0.641,0.465,5,-6.567,0,0.138,0.31,8.36e-05,0.152,0.125,109.491,183273,4,4bhdwEtxJg9T2ttZZouaWC,Pass The General,6Jq0QdwB0vk7VPcIqpo4pr,2uXytzsWyyjXiAaQQ5O0s3,Pablo Dan,2941,5,2021-05-31,day,1,2024-01-08
0.925,0.644,7,-5.062,1,0.1,0.0793,0.0,0.0929,0.242,124.98,119066,4,1Qe8C9vMDvvdzq6zavRjG9,Yard.,6Jq0QdwB0vk7VPcIqpo4pr,4cJGv7y0rQLqGSe4aKrurE,Toppy Boss,3790,13,2021-05-28,day,1,2024-01-08
0.678,0.642,6,-6.538,0,0.47,0.483,0.0,0.421,0.522,80.767,224000,3,4oNYgYhhj9wsjsSGJonVqV,Monstas & Malandros,6Jq0QdwB0vk7VPcIqpo4pr,6p3yRoqpqsQp5AajLW9MVa,LRG,1137,3,2020-03-28,day,7,2024-01-08
0.633,0.66,9,-6.983,0,0.426,0.32,0.0,0.302,0.711,106.671,206994,4,4E8gZl9DSen562KoOY6r2L,Chargie,6Jq0QdwB0vk7VPcIqpo4pr,6p3yRoqpqsQp5AajLW9MVa,LRG,1137,3,2019-10-11,day,13,2024-01-08
0.724,0.508,9,-11.066,0,0.146,0.686,0.00275,0.112,0.0824,133.307,177647,5,6iiteshVGzmC4sdZ0KEE07,Winner,6Jq0QdwB0vk7VPcIqpo4pr,1auD3BLS3ss0JXndZzdhie,Rebel 6ix,1894,0,2019-05-17,day,3,2024-01-08
0.728,0.663,5,-4.003,0,0.345,0.181,0.0,0.11,0.586,67.089,204000,3,2d4vpKJ5iTPRlOS0EnPtQ3,Rifle,6Jq0QdwB0vk7VPcIqpo4pr,3KaFfC4kfSJiwbdCA1vF5H,Tejah,3256,16,2019-10-29,day,19,2024-01-08
0.914,0.693,9,-7.375,0,0.313,0.0835,6.75e-06,0.0848,0.198,117.952,181055,4,0NE4TxgVEDm394SjJMzxXc,Narcos,6Jq0QdwB0vk7VPcIqpo4pr,6Iym59CxrdzsxIn9LPFR9n,Gskell,4727,9,2021-12-25,day,8,2024-01-08
0.81,0.593,1,-7.059,1,0.308,0.274,0.0,0.143,0.568,120.133,180023,4,5SluailwJ2zVg2Du4chQxL,Murderer,6Jq0QdwB0vk7VPcIqpo4pr,2SeCsPep6yGO1MR619XEDt,Flanka,289,1,2021-06-04,day,3,2024-01-08
0.934,0.51,3,-12.195,0,0.211,0.267,0.000164,0.132,0.479,104.028,148495,4,7cEoqCb2gsu0W1J7XsAbVb,Try We,6Jq0QdwB0vk7VPcIqpo4pr,40hfAj6oxHglI5VyqaLZ6C,M Vik,88,3,2021-06-04,day,3,2024-01-08
0.567,0.366,5,-14.54,1,0.378,0.3,8.52e-06,0.187,0.328,148.216,186906,5,4ja8ioYZiiO7VbiaOMxHZe,E'Side Badness,6Jq0QdwB0vk7VPcIqpo4pr,2SeCsPep6yGO1MR619XEDt,Flanka,289,1,2021-05-14,day,3,2024-01-08
0.803,0.454,11,-9.774,0,0.0491,0.456,0.0,0.13,0.343,99.885,225097,4,43Fy0hosEoWf8OMFM0VqaH,Crime Scene,6Jq0QdwB0vk7VPcIqpo4pr,2SeCsPep6yGO1MR619XEDt,Flanka,289,1,2021-04-30,day,2,2024-01-08
0.592,0.45,8,-6.562,0,0.482,0.775,0.0,0.303,0.577,72.855,130090,3,4IixABqolmimZQSSw7X6kO,Murda Dem,6Jq0QdwB0vk7VPcIqpo4pr,2SeCsPep6yGO1MR619XEDt,Flanka,289,1,2021-04-30,day,2,2024-01-08
0.61,0.467,0,-10.807,1,0.551,0.358,0.0,0.138,0.668,105.008,240091,4,0edGtxO5Gq518RkTMZxDnh,La Maldad,6Jq0QdwB0vk7VPcIqpo4pr,"2SeCsPep6yGO1MR619XEDt,30OZ0Q3AfTlIro2SLZNWnp","Flanka,T Man9","289,81","1,0",2021-05-21,day,6,2024-01-08
0.672,0.466,0,-10.827,0,0.0908,0.739,0.0,0.146,0.687,152.809,189804,4,5Fz4dUDZTNqaRG3yoO0v6Z,7 Family,6Jq0QdwB0vk7VPcIqpo4pr,"4hkCzTAcWmwVPLscNvweK6,5EsCbG7ZqKDZP0CAESy0v2","Brad,Born King","323,228","2,11",2021-06-11,day,8,2024-01-08
0.83,0.7,8,-2.935,1,0.081,0.754,6.68e-06,0.121,0.584,153.001,202353,4,4FBOEfueVAcIzqXfR5VJhH,My Life,6Jq0QdwB0vk7VPcIqpo4pr,6QJrx4J9XqIxXUBhacoJHC,Medz Boss,34233,27,2021-06-11,day,22,2024-01-08
0.675,0.375,1,-15.654,1,0.342,0.343,0.0,0.0686,0.61,90.209,178683,4,2RQmuj9fl0T33tkitFzzFK,One Round,6Jq0QdwB0vk7VPcIqpo4pr,"3IDfJpj4YVkaBl7Dd52Pxv,4Eg9wMIN73JI2iMSj1b05y,6QJrx4J9XqIxXUBhacoJHC","Byron Messia,Kyler,Medz Boss","65600,68,34233","61,4,27",2021-05-13,day,11,2024-01-08
0.666,0.847,9,-3.28,1,0.344,0.725,2.83e-06,0.267,0.794,95.655,157419,4,3kF99pLeDQYvXvspdHWFuK,Chuck Norris,6Jq0QdwB0vk7VPcIqpo4pr,5tr6GdAE9bwCqYuLXUwIhd,Toppy Boss,8031,4,2021-06-11,day,1,2024-01-08
0.608,0.574,5,-6.561,0,0.327,0.817,7.4e-06,0.111,0.607,101.875,192941,5,3GlAvg8SUYeUMOmKqSbaU4,Millions Billions,6Jq0QdwB0vk7VPcIqpo4pr,"58GP6t4N8aiJkHTOM41ECz,2rKUiOCTXp1YYvsPLTed0P","Plumpy Boss,2 Gun","21328,111","31,1",2021-06-11,day,7,2024-01-08
0.865,0.495,10,-13.304,0,0.069,0.618,0.0,0.143,0.5,100.992,171089,4,5MnhjRvnMDLYUsmex143iJ,Amina,6Jq0QdwB0vk7VPcIqpo4pr,"0WhrKY560yMc8mma8YXNKp,1BmHVv2rQN9VBkte3CCmC9","Faces,Bago","44,1080","0,9",2021-06-13,day,0,2024-01-08
0.766,0.704,8,-6.028,0,0.482,0.423,0.0,0.105,0.513,59.721,169500,4,4DjT5oDe4L8ZcLazY4ysbR,BloodShed,6Jq0QdwB0vk7VPcIqpo4pr,6WtD7YmHZue7RHGscX0X01,DarkoMusiq,19,0,2021-06-15,day,0,2024-01-08
0.869,0.381,1,-9.291,1,0.134,0.326,2.13e-06,0.152,0.114,110.153,185455,4,6bGLau1W3ecHSHxn1PiRTi,Moody,6Jq0QdwB0vk7VPcIqpo4pr,7eeTc9VuHEmL6jtn3iOODr,tj ferro,7,0,2021-05-23,day,0,2024-01-08
0.614,0.572,1,-7.957,0,0.422,0.646,0.000117,0.603,0.301,144.044,159190,5,7ip9egRCoPwPEyLD4qrddj,Like Us,6Jq0QdwB0vk7VPcIqpo4pr,"6SogOhr5NG60bPMcm9IPK2,07dHr7YsaEgKS3KD8kw8QB,7uEnfG0KsErvNswB3tT9cL","Melody Felony,Wrecky,Frass","20,16,7","0,0,0",2020-12-13,day,1,2024-01-08
0.836,0.536,11,-10.026,1,0.362,0.584,0.0,0.096,0.751,99.981,134426,4,6yXdQPrZ31SjfDGFK7w6r8,96(Toppy boss),6Jq0QdwB0vk7VPcIqpo4pr,2Tfe5UdBBWDTGkGwPzblJQ,Toby Boss Ent,4612,28,2021-06-19,day,25,2024-01-08
0.587,0.752,5,-5.79,0,0.345,0.165,0.0,0.135,0.533,136.096,160000,5,1ceKWTBuJlDGvHSBMORAeS,3rd Eye Open,6Jq0QdwB0vk7VPcIqpo4pr,"710P6hrWqHnZ6zA3wNdGre,277jOUSGN5AKoZoDxvfmUP","Lampshade Muzic,Young Star 6ixx","119,15424","19,28",2021-06-18,day,8,2024-01-08
0.472,0.624,2,-4.842,1,0.147,0.836,0.00015,0.0646,0.46,55.969,164754,4,1YDoSBZS9Ooh7qWMBgvNNJ,Rifle Rise,6Jq0QdwB0vk7VPcIqpo4pr,7f7sbIc0DpHIv84c7MG098,Toppy Boss,3313,10,2021-06-19,day,10,2024-01-08
0.7,0.722,4,-8.544,0,0.287,0.617,0.0,0.0957,0.401,101.943,153992,4,3WWgKbrspkg1YVc8Y0FwFp,Out this world,6Jq0QdwB0vk7VPcIqpo4pr,7f7sbIc0DpHIv84c7MG098,Toppy Boss,3313,10,2021-05-19,day,1,2024-01-08
0.909,0.58,2,-5.549,1,0.0723,0.153,0.0,0.323,0.188,100.018,201600,4,7sDz1M5MYowfFJp6zImmDb,Rifle Rave,6Jq0QdwB0vk7VPcIqpo4pr,1PqH7MWe3CZgnCFhfoxBZF,Lincoln,46,0,2020-01-26,day,5,2024-01-08
0.64,0.732,10,-4.699,1,0.459,0.28,0.0,0.09,0.316,136.866,262041,3,3okMjd6BDyZN1GjDKkSa5A,Switch,6Jq0QdwB0vk7VPcIqpo4pr,7IbkKTNpBj7MORRdt3oge3,Zerimar,30169,34,2021-12-09,day,34,2024-01-08
0.726,0.62,10,-3.133,0,0.166,0.378,0.000471,0.0909,0.4,123.412,167742,5,76IiB3jEgSrRVrh4MhDK77,Big Mood,6Jq0QdwB0vk7VPcIqpo4pr,"6CxUKwVnCBKKP60XMvnMOL,3iWwLfjZAKzmAB57v38i45","Jahllano,Raskality","20037,5723","25,15",2021-06-29,day,18,2024-01-08
0.965,0.754,11,-6.223,1,0.18,0.0675,0.0,0.0554,0.911,104.968,141740,4,31sTGp62YJQy3dTa0TmVHo,Grip Meh,6Jq0QdwB0vk7VPcIqpo4pr,26QL5yG54Jo5TV405TDyzP,Melick,737,9,2020-12-09,day,20,2024-01-08
0.961,0.548,0,-9.956,1,0.217,0.173,1.57e-06,0.0651,0.688,109.998,161437,4,7bEYZB94zVzNzT2dwufejd,Call For The Pussy,6Jq0QdwB0vk7VPcIqpo4pr,26QL5yG54Jo5TV405TDyzP,Melick,737,9,2020-12-08,day,12,2024-01-08
0.635,0.63,8,-6.066,0,0.252,0.255,0.000162,0.108,0.531,130.578,195600,5,4BHGm0sUtNvWllnQEPis45,Roll Out,6Jq0QdwB0vk7VPcIqpo4pr,6CxUKwVnCBKKP60XMvnMOL,Jahllano,20037,25,2021-07-02,day,26,2024-01-08
0.645,0.584,5,-7.699,0,0.402,0.838,4.04e-05,0.109,0.545,61.493,193045,5,5jOripNNrVXjFjjXwKz9Rb,4 Rounds,6Jq0QdwB0vk7VPcIqpo4pr,6CxUKwVnCBKKP60XMvnMOL,Jahllano,20037,25,2021-07-02,day,14,2024-01-08
0.473,0.664,8,-5.372,0,0.165,0.627,5.81e-06,0.13,0.462,200.064,156032,4,2WKsRBB8ZF52FEN8nRrv2O,Global,6Jq0QdwB0vk7VPcIqpo4pr,6Iym59CxrdzsxIn9LPFR9n,Gskell,4727,9,2021-07-02,day,1,2024-01-08
0.795,0.771,5,-9.255,0,0.0906,0.69,0.0,0.0987,0.421,109.997,192000,4,7HUbVKjq6fdwdHzWPMGAob,Heavyweight Champion,6Jq0QdwB0vk7VPcIqpo4pr,6Iym59CxrdzsxIn9LPFR9n,Gskell,4727,9,2021-07-02,day,1,2024-01-08
0.844,0.602,9,-9.014,1,0.152,0.288,0.0,0.227,0.302,114.102,240000,4,1R6ySwtW8ptDul4Bc7Sn7P,Focused,6Jq0QdwB0vk7VPcIqpo4pr,6Iym59CxrdzsxIn9LPFR9n,Gskell,4727,9,2021-12-25,day,1,2024-01-08
0.805,0.581,10,-9.074,0,0.141,0.66,1.09e-05,0.351,0.307,108.005,182124,4,4UsnWcDsDSNbJjz2UCLIJ3,2 Freddy,6Jq0QdwB0vk7VPcIqpo4pr,6Iym59CxrdzsxIn9LPFR9n,Gskell,4727,9,2021-07-02,day,11,2024-01-08
0.798,0.645,7,-8.982,1,0.169,0.616,0.0,0.149,0.542,114.989,237158,4,6q0ccc7CiPjMIPvSycYPdP,Mini 4,6Jq0QdwB0vk7VPcIqpo4pr,6Iym59CxrdzsxIn9LPFR9n,Gskell,4727,9,2021-07-02,day,5,2024-01-08
0.818,0.711,8,-4.874,1,0.203,0.214,0.0,0.114,0.475,139.928,192000,4,6bnYWngQMBupsvy7SohdEv,Roll Out,6Jq0QdwB0vk7VPcIqpo4pr,6Iym59CxrdzsxIn9LPFR9n,Gskell,4727,9,2021-07-02,day,5,2024-01-08
0.739,0.538,7,-6.37,0,0.148,0.189,0.0,0.225,0.127,97.972,244898,4,2EvzKcJ3ogNf1aXQgVF9vM,Get Low,6Jq0QdwB0vk7VPcIqpo4pr,"6Iym59CxrdzsxIn9LPFR9n,0R986BZVubngdUyHi1i8g0","Gskell,Mayhem","4727,0","9,0",2021-07-02,day,1,2024-01-08
0.689,0.682,1,-5.92,1,0.295,0.027,0.0,0.144,0.542,93.865,173400,4,5bZuHNv5EoWSEIWVYyKLjU,Al Capone,6Jq0QdwB0vk7VPcIqpo4pr,3iWwLfjZAKzmAB57v38i45,Raskality,5723,15,2021-07-02,day,13,2024-01-08
0.655,0.46,0,-11.285,0,0.153,0.476,0.0,0.0993,0.382,99.845,177659,4,65T4uJIuArwgmbVml3ltFq,We Doh Fantasize (W.D.F),6Jq0QdwB0vk7VPcIqpo4pr,"4F9FUmZP7GwhLmMHyf7E15,3Y70JRAuc8cg0REvdfORW1","Chady Beats,Sin Sin","69,0","4,0",2021-06-25,day,1,2024-01-08
0.721,0.422,0,-13.22,0,0.434,0.799,0.0,0.114,0.543,100.756,180062,4,4Aw9tgKtn0Ajo1lSagHabs,El Patron,6Jq0QdwB0vk7VPcIqpo4pr,"4F9FUmZP7GwhLmMHyf7E15,3ATKkAzfZsIJuoCnOepK67","Chady Beats,Trigger Dan","69,1834","4,6",2021-06-25,day,1,2024-01-08
0.523,0.314,4,-10.905,0,0.0739,0.0905,0.626,0.104,0.167,99.976,204199,4,3RlqApiJuNJxDmxdODE5wP,Dem Dead Riddim,6Jq0QdwB0vk7VPcIqpo4pr,4F9FUmZP7GwhLmMHyf7E15,Chady Beats,69,4,2021-01-26,day,0,2024-01-08
0.948,0.576,11,-8.995,1,0.267,0.482,0.0,0.0913,0.709,100.051,136856,4,11f9JCN7tWU5Adw9lX2E5c,Magic (Ready),6Jq0QdwB0vk7VPcIqpo4pr,2Tfe5UdBBWDTGkGwPzblJQ,Toby Boss Ent,4612,28,2021-06-28,day,1,2024-01-08
0.779,0.562,1,-9.516,1,0.244,0.292,0.0,0.127,0.638,110.818,431949,4,32ETYAY68HOD75zGDpo253,A69 Riddim (Mix),6Jq0QdwB0vk7VPcIqpo4pr,2Tfe5UdBBWDTGkGwPzblJQ,Toby Boss Ent,4612,28,2021-06-30,day,5,2024-01-08
0.544,0.363,10,-8.761,0,0.48,0.475,0.0,0.1,0.164,68.01,197646,5,4zqmIU6mzsORNuo9bOFI28,Say Six,6Jq0QdwB0vk7VPcIqpo4pr,"52hLbiHfJsarTXovhOd3qC,277jOUSGN5AKoZoDxvfmUP","Wacko Dan,Young Star 6ixx","17910,15424","33,28",2021-07-02,day,27,2024-01-08
0.819,0.536,11,-9.984,1,0.352,0.436,2.61e-06,0.122,0.606,99.967,134452,4,3T1OFhctsNMuHDVnSr0OCz,Cettie (Evil Drill),6Jq0QdwB0vk7VPcIqpo4pr,2Tfe5UdBBWDTGkGwPzblJQ,Toby Boss Ent,4612,28,2021-07-02,day,0,2024-01-08
0.92,0.577,11,-9.102,1,0.346,0.548,0.00754,0.122,0.654,99.979,136856,4,41MH24ma9ufTlJcjkXhjk6,HennDog (Squeeze),6Jq0QdwB0vk7VPcIqpo4pr,2Tfe5UdBBWDTGkGwPzblJQ,Toby Boss Ent,4612,28,2021-07-02,day,0,2024-01-08
0.635,0.561,11,-10.028,1,0.398,0.662,0.0,0.11,0.628,126.25,134452,5,5UIO5GySiuf2eqSJrmdac3,Tman & Stewie Boss (Start It),6Jq0QdwB0vk7VPcIqpo4pr,2Tfe5UdBBWDTGkGwPzblJQ,Toby Boss Ent,4612,28,2021-07-02,day,2,2024-01-08
0.706,0.543,5,-8.284,0,0.718,0.462,0.0,0.139,0.352,129.923,237750,5,193gGKHlqceXW7oBaRhbBB,Kill Everybody,6Jq0QdwB0vk7VPcIqpo4pr,11ODkITb8E6t7OIesM1vqv,Tokeii,1690,8,2021-07-09,day,15,2024-01-08
0.789,0.743,2,-4.91,1,0.0933,0.299,0.0,0.0505,0.511,99.996,230280,4,0kOVqR7kMLU8ZUunuwOQxZ,Trinibad Thug,6Jq0QdwB0vk7VPcIqpo4pr,"4fHChxx6In8Yxp9a8RQ7tO,7f7sbIc0DpHIv84c7MG098","Yung Lion,Toppy Boss","116,3313","4,10",2021-07-04,day,1,2024-01-08
0.672,0.67,6,-9.304,0,0.295,0.506,0.0,0.0645,0.253,91.75,213913,4,3TdgktMyzvMBUM9V3s7EMx,Life We Living,6Jq0QdwB0vk7VPcIqpo4pr,0WhrKY560yMc8mma8YXNKp,Faces,44,0,2021-07-03,day,0,2024-01-08
0.792,0.555,11,-8.907,1,0.348,0.506,1.19e-05,0.116,0.701,99.98,134452,4,6ZkndW9RBIx0JVOKxGbIPX,Wacko Dan & Young Star 6ix (A69),6Jq0QdwB0vk7VPcIqpo4pr,2Tfe5UdBBWDTGkGwPzblJQ,Toby Boss Ent,4612,28,2021-07-06,day,32,2024-01-08
0.811,0.695,5,-4.031,0,0.111,0.186,0.00111,0.292,0.254,104.972,178338,4,5sXkJeozd1jV8E0qlmkscm,Some Bwoy,6Jq0QdwB0vk7VPcIqpo4pr,"7gPEv7OUsJZnu7yhXvXOCl,3exqVQiXeIhYVbW6yos9jd,1aBHFnYypXk8HhZ0NH8fnQ","Asim,WallDawg,Psymon","382,0,654","0,0,2",2021-06-26,day,0,2024-01-08
0.617,0.605,11,-8.415,0,0.198,0.0675,0.0,0.0862,0.325,139.776,185143,5,6UbqDA9EDIc9gx6OatlhAn,No Detachment,6Jq0QdwB0vk7VPcIqpo4pr,7zow5Va8ESrfnxvUF62HRH,Icee Dan,8058,22,2021-07-11,day,0,2024-01-08
0.611,0.301,3,-13.651,0,0.119,0.77,0.0,0.0855,0.375,184.106,176144,4,7z9gbsm5J3IhVv7qBcrBRt,How Far,6Jq0QdwB0vk7VPcIqpo4pr,7tnzhcb2y0dtPFIFVTp0A4,Tafari,26094,22,2021-07-13,day,9,2024-01-08
0.817,0.419,9,-9.714,1,0.108,0.532,0.0,0.126,0.582,104.866,153143,4,7v6e6mcBd9Ow2sgFE2thfx,Tia,6Jq0QdwB0vk7VPcIqpo4pr,0WhrKY560yMc8mma8YXNKp,Faces,44,0,2024-01-03,day,0,2024-01-08
0.946,0.573,8,-5.634,1,0.141,0.421,0.000704,0.119,0.327,101.997,163579,4,3gIfoGCwzU6w14yKnDQIBX,Warm Up,6Jq0QdwB0vk7VPcIqpo4pr,277jOUSGN5AKoZoDxvfmUP,Young Star 6ixx,15424,28,2021-07-30,day,4,2024-01-08
0.808,0.578,11,-9.203,1,0.229,0.355,0.0,0.114,0.71,99.942,134452,4,1ZQyaiWWxYjEj9FVUCecUW,Gskell (Hide & Seek),6Jq0QdwB0vk7VPcIqpo4pr,2Tfe5UdBBWDTGkGwPzblJQ,Toby Boss Ent,4612,28,2021-07-15,day,6,2024-01-08
0.45,0.666,4,-4.105,0,0.181,0.107,0.0,0.199,0.132,92.848,220000,4,7gNuXSC1LsnLRkZgp6uI2r,Broken Lights,6Jq0QdwB0vk7VPcIqpo4pr,2kNL5eBpFCpOQu81GJ4lZb,Jovi Ton,3954,4,2021-07-31,day,1,2024-01-08
0.839,0.579,10,-4.44,1,0.357,0.0628,0.0,0.0386,0.769,66.692,175256,5,5b4tXXEZ2e1etomlZZAxKg,Best Friend,6Jq0QdwB0vk7VPcIqpo4pr,7zow5Va8ESrfnxvUF62HRH,Icee Dan,8058,22,2020-11-27,day,1,2024-01-08
0.747,0.62,10,-5.784,0,0.467,0.109,0.0,0.0776,0.222,122.806,141848,5,54cEYj2Y3JIDq2c3mbK28q,Great White,6Jq0QdwB0vk7VPcIqpo4pr,1XK7JEkEviy2mcbi1ljpaR,Zebee,3085,19,2020-04-20,day,10,2024-01-08
0.738,0.601,4,-9.263,0,0.24,0.748,0.0,0.38,0.461,110.105,174545,4,4aq6UPfRplF40yeyMRKq8x,Moses,6Jq0QdwB0vk7VPcIqpo4pr,7f7sbIc0DpHIv84c7MG098,Toppy Boss,3313,10,2021-08-02,day,2,2024-01-08
0.689,0.645,4,-9.938,0,0.343,0.757,0.0,0.365,0.521,110.305,174545,4,72mNJWhV3dqOri6nkSyLEA,Kill Time,6Jq0QdwB0vk7VPcIqpo4pr,0otV87HgAtj9q7CbzAQ2Ft,Keltec,136,0,2021-08-02,day,0,2024-01-08
0.842,0.583,4,-9.499,0,0.129,0.726,0.0,0.249,0.636,110.04,174545,4,7zkMNGO9XAJT8l34IW0KRv,Start It,6Jq0QdwB0vk7VPcIqpo4pr,0WhrKY560yMc8mma8YXNKp,Faces,44,0,2021-08-02,day,0,2024-01-08
0.695,0.519,11,-8.222,0,0.21,0.689,1.31e-05,0.137,0.606,126.656,203102,5,0qQRe8gRpd8IwNG0I89xrt,ANY MEANS,6Jq0QdwB0vk7VPcIqpo4pr,7tnzhcb2y0dtPFIFVTp0A4,Tafari,26094,22,2021-08-02,day,15,2024-01-08
0.62,0.43,8,-10.434,1,0.221,0.772,0.0,0.108,0.687,173.842,135172,4,34gmbTXdUwapDyIBTtCFD5,Sex Drive,6Jq0QdwB0vk7VPcIqpo4pr,"5PpoqS0ArS7r5n66AZBoC0,0JSBUUBuT8pbdbw1UZggSY","Fragile Riddim,Tefflon","41,19249","0,28",2021-07-14,day,9,2024-01-08
0.781,0.715,5,-6.163,0,0.257,0.0638,7.38e-06,0.134,0.374,102.011,156187,4,3wMjMJWFN8DeB0FjzRIeHs,WOW,6Jq0QdwB0vk7VPcIqpo4pr,"710P6hrWqHnZ6zA3wNdGre,5tr6GdAE9bwCqYuLXUwIhd","Lampshade Muzic,Toppy Boss","119,8031","19,4",2021-08-07,day,2,2024-01-08
0.878,0.552,0,-7.405,0,0.0737,0.451,0.0,0.128,0.824,110.118,183273,4,0NSrwnD5hI98NjsOS2315w,Bobo & Friends,6Jq0QdwB0vk7VPcIqpo4pr,"0JSBUUBuT8pbdbw1UZggSY,1e4cD1TAhruTMjnhDjCy60","Tefflon,Toppy Boss","19249,1","28,0",2021-08-14,day,0,2024-01-08
0.578,0.408,2,-15.145,1,0.28,0.448,0.0,0.118,0.392,132.864,269793,5,3Ie3IIcuwedmOUMVcYZ6IK,Champion,6Jq0QdwB0vk7VPcIqpo4pr,2kNL5eBpFCpOQu81GJ4lZb,Jovi Ton,3954,4,2021-08-14,day,2,2024-01-08
0.65,0.656,1,-5.648,1,0.361,0.0406,0.0,0.112,0.357,102.008,166217,4,4G44LafRlBwEGfxDXZr5aQ,Strike Team,6Jq0QdwB0vk7VPcIqpo4pr,7c8WSGTjxRP9sOob1KukJA,Kalonji,33554,29,2021-08-18,day,20,2024-01-08
0.831,0.513,10,-7.937,0,0.136,0.304,0.0,0.254,0.248,103.981,166205,4,0CQynGyn84vYnSL4BtisRm,Lock It,6Jq0QdwB0vk7VPcIqpo4pr,277jOUSGN5AKoZoDxvfmUP,Young Star 6ixx,15424,28,2021-08-14,day,25,2024-01-08
0.658,0.488,6,-11.293,0,0.297,0.687,0.0,0.237,0.536,94.137,177778,4,4ajrtJVgbeZGCf4w9lJDXI,Sweet Cake,6Jq0QdwB0vk7VPcIqpo4pr,2Jv0w50BNaGlwnXpq69HGm,Prince Swanny,112646,43,2021-08-27,day,29,2024-01-08
0.712,0.661,7,-6.268,1,0.069,0.295,0.0,0.134,0.437,95.172,194210,4,572Z2N6BuAQV2mtJBVti0N,My Last,6Jq0QdwB0vk7VPcIqpo4pr,6Iym59CxrdzsxIn9LPFR9n,Gskell,4727,9,2021-08-12,day,0,2024-01-08
0.796,0.55,7,-4.933,0,0.324,0.0615,0.0,0.098,0.167,66.846,153800,5,6smv0nRdmvhbsW2xWJk5ey,Life Over Everything,6Jq0QdwB0vk7VPcIqpo4pr,"2JC7YH9Umra4Zc8mseZsRD,7tnzhcb2y0dtPFIFVTp0A4","Going Global Records,Tafari","8937,26094","37,22",2021-08-21,day,12,2024-01-08
0.676,0.583,7,-4.26,0,0.31,0.167,0.0,0.137,0.439,73.057,190800,3,5S3OscqLmWAism30W13qWP,Lonely Road,6Jq0QdwB0vk7VPcIqpo4pr,"2JC7YH9Umra4Zc8mseZsRD,7c8WSGTjxRP9sOob1KukJA","Going Global Records,Kalonji","8937,33554","37,29",2021-08-21,day,28,2024-01-08
0.884,0.506,7,-5.162,0,0.203,0.0806,0.0,0.194,0.357,100.019,144000,4,6K5nEAZkRXFthzKdSuL7QL,Six Life,6Jq0QdwB0vk7VPcIqpo4pr,"2JC7YH9Umra4Zc8mseZsRD,52hLbiHfJsarTXovhOd3qC","Going Global Records,Wacko Dan","8937,17910","37,33",2021-08-21,day,17,2024-01-08
0.827,0.403,7,-5.73,0,0.189,0.246,6.92e-06,0.122,0.37,66.696,153600,3,02qZTWm9gD5GqWdxYnoJL6,Careful,6Jq0QdwB0vk7VPcIqpo4pr,"2JC7YH9Umra4Zc8mseZsRD,277jOUSGN5AKoZoDxvfmUP","Going Global Records,Young Star 6ixx","8937,15424","37,28",2021-08-21,day,17,2024-01-08
0.661,0.393,7,-7.091,0,0.379,0.134,0.00616,0.142,0.418,70.92,192000,3,1b2DVOkbHJ5hRQaTe6EYCy,Run Out,6Jq0QdwB0vk7VPcIqpo4pr,"2JC7YH9Umra4Zc8mseZsRD,0sP79Bq6zJj6EskteStNBW","Going Global Records,Malie Donn","8937,61277","37,49",2021-08-21,day,10,2024-01-08
0.803,0.516,7,-12.241,1,0.182,0.737,0.0,0.211,0.428,100.007,134400,4,4SoVT7hHo3RdV7onSXtdZt,How Far,6Jq0QdwB0vk7VPcIqpo4pr,0WhrKY560yMc8mma8YXNKp,Faces,44,0,2021-08-23,day,0,2024-01-08
0.759,0.511,0,-9.631,1,0.118,0.0143,8.66e-05,0.15,0.256,99.986,192000,4,1nDn6RbzdbKjzCEhDvMxAD,Rock My Baby - Track,6Jq0QdwB0vk7VPcIqpo4pr,2kNL5eBpFCpOQu81GJ4lZb,Jovi Ton,3954,4,2021-08-21,day,0,2024-01-08
0.576,0.567,10,-8.445,0,0.154,0.907,0.0,0.138,0.794,89.95,134667,4,60QhTuaFqSgKZLUAaI52vI,Authentic,6Jq0QdwB0vk7VPcIqpo4pr,"5PpoqS0ArS7r5n66AZBoC0,7LCEPA8tZCyUZVGH9uTeL6","Fragile Riddim,SagiKer","41,62","0,0",2021-07-14,day,0,2024-01-08
0.551,0.67,10,-7.188,0,0.342,0.822,0.0,0.0655,0.744,179.707,133333,4,1hzBLxdYlWPSqW9NBjPUIv,Pre Energy,6Jq0QdwB0vk7VPcIqpo4pr,"5PpoqS0ArS7r5n66AZBoC0,1xbQocP9DQJFvNhSB4zUO8","Fragile Riddim,Vice Versa","41,0","0,0",2021-07-14,day,0,2024-01-08
0.468,0.603,6,-7.439,1,0.0754,0.823,0.0,0.127,0.42,88.321,154667,4,6evKcchseBLVwhqKye65DY,Baddest,6Jq0QdwB0vk7VPcIqpo4pr,"5PpoqS0ArS7r5n66AZBoC0,5aRBW98isnTZJV5QpEcGFs,4KTYZjeFbx87abj5vl8j0W","Fragile Riddim,Jza King,Lila","41,2,1","0,0,0",2021-07-14,day,0,2024-01-08
0.625,0.585,1,-7.012,0,0.349,0.795,0.0,0.187,0.308,87.894,178024,4,0F3Vk4CXNDj8CpvZpd7Vcx,Life,6Jq0QdwB0vk7VPcIqpo4pr,4CXmBF7FIcagdMP1LLFetV,KG,71,1,2021-07-18,day,0,2024-01-08
0.837,0.531,11,-10.127,1,0.391,0.549,0.0,0.0922,0.749,99.992,134478,4,6jveuub5ikkWiXBh4RDNAx,Tytan (Hot Steppa),6Jq0QdwB0vk7VPcIqpo4pr,"2Tfe5UdBBWDTGkGwPzblJQ,2g6Nnz1GILORdD0azf48kw","Toby Boss Ent,Siah Boss","4612,38","28,4",2021-07-15,day,20,2024-01-08
0.643,0.602,10,-8.295,1,0.252,0.497,0.0,0.123,0.335,65.95,257068,5,4Q0vNtBfYIYok2BhFZ9Het,Wanted,6Jq0QdwB0vk7VPcIqpo4pr,"4DbFUy6A1B8aJuNKjrQX3k,6bsjIzIKLCOtbAptmob0WW","Tafari,Hezefrm3","6287,13","9,0",2021-09-03,day,2,2024-01-08
0.744,0.574,0,-9.903,1,0.052,0.634,1.52e-05,0.128,0.41,113.112,161416,4,1RJgZqS5FGH8ET2x8vFkB9,Anointed,6Jq0QdwB0vk7VPcIqpo4pr,2kNL5eBpFCpOQu81GJ4lZb,Jovi Ton,3954,4,2021-05-27,day,1,2024-01-08
0.82,0.567,9,-5.5,0,0.307,0.155,0.0,0.116,0.435,102.095,188235,4,7kW5uZEK1blSw8hixyj2pt,Doh Violate,6Jq0QdwB0vk7VPcIqpo4pr,277jOUSGN5AKoZoDxvfmUP,Young Star 6ixx,15424,28,2021-09-02,day,5,2024-01-08
0.725,0.403,1,-11.255,0,0.449,0.124,0.0,0.175,0.421,191.919,162500,4,0wA7cIqnnXlmkjKwnJYSIr,Bad Bro,6Jq0QdwB0vk7VPcIqpo4pr,"11ppP1jeJcAGeXHJjLgQcE,6QJrx4J9XqIxXUBhacoJHC,3JyKWUithZB7zOSmIdu9po","Kyler,Medz Boss,Born King","589,34233,2","5,27,0",2021-08-31,day,4,2024-01-08
0.834,0.592,9,-5.881,0,0.314,0.118,0.0,0.107,0.349,102.025,188235,4,1UOjpd7XuvfBSCxXjAoBYp,Nuh Play,6Jq0QdwB0vk7VPcIqpo4pr,52hLbiHfJsarTXovhOd3qC,Wacko Dan,17910,33,2021-08-30,day,15,2024-01-08
0.632,0.509,8,-11.921,1,0.0717,0.505,6.34e-06,0.0989,0.397,92.968,190968,4,1cSqJvkVpfmIdOibJabcwq,Let My Light Shine,6Jq0QdwB0vk7VPcIqpo4pr,2kNL5eBpFCpOQu81GJ4lZb,Jovi Ton,3954,4,2021-06-27,day,0,2024-01-08
0.749,0.578,8,-7.825,1,0.0338,0.184,0.0,0.0881,0.591,106.974,188411,4,2X6DmfBzsRtsJWkH83kukO,No Turning Back,6Jq0QdwB0vk7VPcIqpo4pr,2kNL5eBpFCpOQu81GJ4lZb,Jovi Ton,3954,4,2021-07-04,day,1,2024-01-08
0.439,0.701,5,-3.938,0,0.0702,0.706,0.0,0.173,0.312,100.489,221143,3,6jTsLejWZiJOcc3WvtdfIu,Ungrateful,6Jq0QdwB0vk7VPcIqpo4pr,2Jv0w50BNaGlwnXpq69HGm,Prince Swanny,112646,43,2021-09-14,day,26,2024-01-08
0.68,0.434,8,-11.991,1,0.399,0.518,4.88e-05,0.154,0.563,101.125,189600,4,75DIyvYaDZoAjkZJ7bEezB,Thoughts,6Jq0QdwB0vk7VPcIqpo4pr,7f7sbIc0DpHIv84c7MG098,Toppy Boss,3313,10,2021-09-18,day,3,2024-01-08
0.625,0.573,6,-6.459,1,0.437,0.379,0.0,0.0955,0.369,103.758,133937,4,26l678EVcreaA1K5Zcv9L0,Alotta heat,6Jq0QdwB0vk7VPcIqpo4pr,0Axhoeh7NOjZu0Xl1lEov6,Sif Sose,129,5,2021-09-24,day,0,2024-01-08
0.716,0.609,6,-9.258,1,0.398,0.424,0.0,0.135,0.587,97.184,122500,4,798J6mwkQgOncRTVE9ddOR,Toppy Boss (Otf),6Jq0QdwB0vk7VPcIqpo4pr,"2Tfe5UdBBWDTGkGwPzblJQ,26C1fVbHtktFDqWFEmHv3E,5kxHvSq3Ts3W0bO0TgWxwE","Toby Boss Ent,Pop Off,Draggy 9","4612,1,0","28,0,0",2021-09-13,day,2,2024-01-08
0.939,0.618,4,-7.157,1,0.127,0.494,0.0,0.0785,0.707,116.9,155897,4,2pDKi2XrwCF9hSoQowuAEv,Berzerk,6Jq0QdwB0vk7VPcIqpo4pr,28aeXnDdKLtyUB2rrzZBei,Kj Productions,173,1,2021-09-10,day,0,2024-01-08
0.76,0.57,10,-10.091,0,0.45,0.197,0.0,0.214,0.439,96.06,122500,4,5l8FxAQBJJRSxNp0NiuIGZ,Broad Day,6Jq0QdwB0vk7VPcIqpo4pr,52hLbiHfJsarTXovhOd3qC,Wacko Dan,17910,33,2021-08-25,day,9,2024-01-08
0.921,0.497,7,-13.406,1,0.298,0.454,0.00106,0.132,0.559,110.025,142909,4,7eShbgIo5bNdQEiJqLqSL0,Brawling,6Jq0QdwB0vk7VPcIqpo4pr,4VF0sdPSFLYdVWF6FRK6OK,Father Philis,9937,28,2021-03-23,day,33,2024-01-08
0.796,0.496,11,-10.414,1,0.336,0.423,0.0,0.146,0.594,100.152,144000,4,7hTezwuwg21I6uku6xCQ3t,Chucky (Bad Up & Bully),6Jq0QdwB0vk7VPcIqpo4pr,2Tfe5UdBBWDTGkGwPzblJQ,Toby Boss Ent,4612,28,2021-08-28,day,13,2024-01-08
0.584,0.563,3,-9.939,0,0.459,0.338,3.18e-06,0.0983,0.589,128.634,122500,5,5vRDczJ6jTRFQmuKYbQcp9,Fari Dan (Up Again),6Jq0QdwB0vk7VPcIqpo4pr,2Tfe5UdBBWDTGkGwPzblJQ,Toby Boss Ent,4612,28,2021-08-29,day,3,2024-01-08
0.704,0.529,10,-9.867,0,0.331,0.107,0.0,0.197,0.506,96.473,122500,4,1UHsGPu4kJ1s1cGyLgkM4h,Siah Boss (Warn Dem),6Jq0QdwB0vk7VPcIqpo4pr,2Tfe5UdBBWDTGkGwPzblJQ,Toby Boss Ent,4612,28,2021-08-26,day,4,2024-01-08
0.856,0.52,10,-9.825,0,0.461,0.259,8.84e-06,0.0744,0.497,96.038,122500,4,3ePx4JLERNg3greGf1GlFA,Magic (Squeeze Trigger),6Jq0QdwB0vk7VPcIqpo4pr,2Tfe5UdBBWDTGkGwPzblJQ,Toby Boss Ent,4612,28,2021-08-26,day,2,2024-01-08
0.921,0.515,10,-10.017,0,0.283,0.313,0.0,0.0963,0.522,96.047,122500,4,511anngk6AYgBI7an2mLJp,TMan (Knoc Dem),6Jq0QdwB0vk7VPcIqpo4pr,2Tfe5UdBBWDTGkGwPzblJQ,Toby Boss Ent,4612,28,2021-08-26,day,3,2024-01-08
0.602,0.526,10,-9.823,0,0.486,0.223,0.0,0.163,0.622,94.251,122500,4,09J6kpJhJ2IPVxHvCBVSxL,Raw Lyfe (Parabellum),6Jq0QdwB0vk7VPcIqpo4pr,2Tfe5UdBBWDTGkGwPzblJQ,Toby Boss Ent,4612,28,2021-08-26,day,3,2024-01-08
0.603,0.648,10,-9.742,0,0.383,0.338,4.69e-06,0.22,0.451,127.718,122500,5,2mis84Tyr8OGbEjl44it4m,Clevin Don (Why Me),6Jq0QdwB0vk7VPcIqpo4pr,2Tfe5UdBBWDTGkGwPzblJQ,Toby Boss Ent,4612,28,2021-08-26,day,0,2024-01-08
0.665,0.672,8,-7.492,0,0.312,0.468,0.0,0.194,0.65,101.717,117696,4,1pQvynV3GQz7SrZUvWuetz,30 Mil Freestyle,6Jq0QdwB0vk7VPcIqpo4pr,6CxUKwVnCBKKP60XMvnMOL,Jahllano,20037,25,2021-09-30,day,30,2024-01-08
0.868,0.662,9,-7.881,1,0.398,0.544,0.0,0.155,0.379,120.04,229018,4,22LD7YOvOwoFQxV4T71Z6w,Destruction,6Jq0QdwB0vk7VPcIqpo4pr,7f7sbIc0DpHIv84c7MG098,Toppy Boss,3313,10,2021-10-06,day,5,2024-01-08
0.687,0.683,1,-6.957,1,0.363,0.283,0.0,0.0787,0.564,192.072,155063,4,0FzRMr7qIiyo6vQpLwfsz4,Tman (Real Brother Tribute),6Jq0QdwB0vk7VPcIqpo4pr,2Tfe5UdBBWDTGkGwPzblJQ,Toby Boss Ent,4612,28,2021-10-02,day,0,2024-01-08
0.918,0.414,4,-7.678,0,0.334,0.347,0.00223,0.149,0.523,106.066,168072,4,7xGfiwicUA7O4IweGY8OLo,Paranoid,6Jq0QdwB0vk7VPcIqpo4pr,277jOUSGN5AKoZoDxvfmUP,Young Star 6ixx,15424,28,2021-10-15,day,7,2024-01-08
0.646,0.768,10,-3.764,0,0.289,0.512,0.0,0.0659,0.555,99.094,179592,4,2WCEZ5VMC0lgN8HJQwWsaj,Break Me Down,6Jq0QdwB0vk7VPcIqpo4pr,3mcmXmpjr301UeCF2CRZLu,Rebel,8528,29,2019-11-15,day,20,2024-01-08
0.749,0.699,10,-3.706,0,0.183,0.516,4.88e-05,0.131,0.181,103.852,159295,4,53aYg8fIX6bmVZcnW5W6bs,Slowly,6Jq0QdwB0vk7VPcIqpo4pr,7f7sbIc0DpHIv84c7MG098,Toppy Boss,3313,10,2021-10-24,day,18,2024-01-08
0.611,0.593,2,-7.571,1,0.381,0.26,0.0,0.153,0.665,62.459,192000,5,1DHqUAJk0C1v1Xcdh60vFt,Top Ah Di Line,6Jq0QdwB0vk7VPcIqpo4pr,6CxUKwVnCBKKP60XMvnMOL,Jahllano,20037,25,2021-10-14,day,8,2024-01-08
0.561,0.35,1,-11.546,0,0.153,0.192,0.0665,0.125,0.0727,74.687,156000,3,5coLvdB79XTrunoOPWv7ub,Life Story,6Jq0QdwB0vk7VPcIqpo4pr,"4KIMqkoEaNcjMUUjmmXCNV,59r1CoioEBmm5ngktFs1pd","Showtime Empire Studio,Brad!","12,863","0,0",2021-10-15,day,0,2024-01-08
0.526,0.358,1,-10.68,0,0.234,0.11,2.75e-06,0.142,0.126,75.08,160800,3,205ZEHPQbZeFc6H2SetOle,Who Tell Dem (Life Stoy Riddim),6Jq0QdwB0vk7VPcIqpo4pr,"4KIMqkoEaNcjMUUjmmXCNV,7zzyarLHPuEWGtDCYTEgep,1qck5CUFsowcLY43YPqZjI","Showtime Empire Studio,Jza King,KIMI","12,0,417","0,0,13",2021-09-29,day,3,2024-01-08
0.753,0.347,1,-11.585,0,0.105,0.141,0.0816,0.172,0.0782,100.167,156000,4,7851Kq3GKhujVzmtugBhH7,Tribute,6Jq0QdwB0vk7VPcIqpo4pr,"4KIMqkoEaNcjMUUjmmXCNV,2Wa6zAOhYYzis4a2bgUMdF","Showtime Empire Studio,Vers","12,0","0,0",2021-10-15,day,0,2024-01-08
0.852,0.587,6,-6.596,0,0.237,0.0696,0.0,0.111,0.497,97.952,240000,4,2w8VY8xmgUpVa1FMU0MyE6,Extinction,6Jq0QdwB0vk7VPcIqpo4pr,6Iym59CxrdzsxIn9LPFR9n,Gskell,4727,9,2021-10-31,day,1,2024-01-08
0.77,0.716,6,-3.55,1,0.362,0.295,0.0,0.0892,0.739,130.642,192052,5,4xcFgijxmTyqNWlXV6YnqC,Know Bout,6Jq0QdwB0vk7VPcIqpo4pr,363rd3ZlAT1FYFhYLFzK6L,Rondo,4068,12,2021-10-23,day,2,2024-01-08
0.558,0.163,2,-10.058,1,0.17,0.431,0.0,0.112,0.0349,129.62,252571,5,04vl0DHQ7C44gqDPy8GWCw,Murder Toll,6Jq0QdwB0vk7VPcIqpo4pr,"2E6caRkyK2t9naKzpZsvow,0LyfQWJT6nXafLPZqxe9Of,7jZORL7b8NFAgQaUquDAOX","TAFARI,Various Artists,HEZEFRM3","42,2354694,0","0,0,0",2021-09-24,day,3,2024-01-08
0.542,0.659,1,-4.051,0,0.377,0.293,0.0,0.174,0.263,66.713,172800,3,072dsNMTBLIKFXQlzm2L6W,Homicide,6Jq0QdwB0vk7VPcIqpo4pr,"2fhaT9yNhCjDToMNARiwFy,0LyfQWJT6nXafLPZqxe9Of","YOUNG STAR SIXX,Various Artists","11,2354694","0,0",2021-09-24,day,0,2024-01-08
0.748,0.487,2,-9.317,1,0.386,0.0209,0.0,0.0995,0.672,99.847,235200,4,6ZNBKX5WqbCEEPa1l9vWkj,Influential,6Jq0QdwB0vk7VPcIqpo4pr,6Iym59CxrdzsxIn9LPFR9n,Gskell,4727,9,2021-11-08,day,1,2024-01-08
0.925,0.597,1,-7.79,1,0.124,0.0436,8.26e-05,0.094,0.578,110.04,145843,4,7KkeNLBiXuxJF4D9DhLWvv,"Titanic, Pt. 2",6Jq0QdwB0vk7VPcIqpo4pr,5tr6GdAE9bwCqYuLXUwIhd,Toppy Boss,8031,4,2021-09-24,day,0,2024-01-08
0.668,0.645,6,-7.246,0,0.239,0.495,0.0,0.181,0.367,99.753,172852,4,2QTla9ZHldx9QumtdCOx9R,Link,6Jq0QdwB0vk7VPcIqpo4pr,"52bTYinDO5AvzhQ3ulzkWW,5bQJMoWZ2Xd70Daa1LakVD","Killoboss6ixxx,Toppy Boss","8,1","0,0",2021-07-14,day,0,2024-01-08
0.798,0.57,1,-8.85,1,0.323,0.159,0.0,0.11,0.714,101.707,160000,4,7usQyUPPeR0g5mqInA2aou,"Gunman in She Hole, Pt.2",6Jq0QdwB0vk7VPcIqpo4pr,"1urq8kMcszfaha2Ebjrzgx,388w2rhZy1nTRExLrlYVQc","Trinidad Killa,Punz","1314,136","21,6",2021-11-03,day,23,2024-01-08
0.912,0.534,2,-8.79,0,0.412,0.412,0.0,0.135,0.671,100.054,170400,4,5EAUoyi9efDfWWsDuxaFnh,Machine,6Jq0QdwB0vk7VPcIqpo4pr,1AKDQSYf0qjiy6b5z8z1KZ,Young General,279,6,2021-08-21,day,4,2024-01-08
0.551,0.794,9,-3.694,1,0.0819,0.197,0.0,0.12,0.196,88.265,200097,4,2QuVqxrW5IY33VsPMmRuVE,Greed,6Jq0QdwB0vk7VPcIqpo4pr,"0vJGJHGCbOXAUAd7L1mKF0,1fvFPEXKwHYKtAp3kwQlc1","Logiq,Isasha","1340,2353","10,17",2021-09-15,day,20,2024-01-08
0.804,0.58,7,-7.673,1,0.0762,0.736,0.0,0.0929,0.298,106.917,120372,4,4fzWtPr5E0p3jMjzk0fkrL,Fully Evil,6Jq0QdwB0vk7VPcIqpo4pr,40hfAj6oxHglI5VyqaLZ6C,M Vik,88,3,2021-08-17,day,3,2024-01-08
0.576,0.525,5,-10.164,0,0.31,0.0308,0.0,0.108,0.151,105.202,203494,4,4VMp2y2PuHly1yaCy8ZeB1,Better Days,6Jq0QdwB0vk7VPcIqpo4pr,45NxtETWPvuCA56m3uItKW,Shorto,28,0,2021-08-09,day,0,2024-01-08
0.977,0.754,9,-6.958,1,0.268,0.513,0.00401,0.0895,0.779,114.999,151808,4,5YfoN6FOO5vmfXXbN0S8IF,Gyal Jus Cum,6Jq0QdwB0vk7VPcIqpo4pr,1UofgHnwA2w0Ae2psOv8rN,Trinidad Ghost,2530,23,2020-04-23,day,15,2024-01-08
0.912,0.686,1,-6.244,1,0.226,0.114,0.0,0.391,0.909,130.506,78955,4,76ykXFstMeZxnMYPJ3ew2e,Rockin Chair,6Jq0QdwB0vk7VPcIqpo4pr,10AVFI86WCq4tNhY31g6FL,Yung Bredda,35344,38,2021-10-29,day,36,2024-01-08
0.7,0.535,5,-8.626,0,0.54,0.569,0.0,0.108,0.474,107.025,182581,4,2hOY9DuZYK9qjRNsp9Vinc,Strange,6Jq0QdwB0vk7VPcIqpo4pr,"52hLbiHfJsarTXovhOd3qC,1HyoBVv7XLRzydEFGKeJON","Wacko Dan,Young General","17910,12","33,6",2021-11-21,day,23,2024-01-08
0.872,0.533,7,-6.654,0,0.219,0.791,0.0,0.104,0.61,105.917,190250,4,4XTFFESBjiTsMHWDrk9Sjt,Thugs Roll,6Jq0QdwB0vk7VPcIqpo4pr,2FTEciQYTjn5BLWuyOTGzP,Boyo Boss,175,0,2021-05-27,day,7,2024-01-08
0.621,0.513,1,-9.047,0,0.381,0.306,0.0,0.373,0.313,130.225,157710,5,7LtbAmxzq6zxzF7IAZkToQ,Homicide,6Jq0QdwB0vk7VPcIqpo4pr,7xMIYIFmEBrQAMnvQj7HXg,Young Star Sixx,25,0,2021-11-17,day,0,2024-01-08
0.688,0.314,1,-13.549,1,0.436,0.284,0.0,0.0895,0.0457,131.752,215770,5,6bBfMRk2Y422YT8P6Z8IVK,Prosper,6Jq0QdwB0vk7VPcIqpo4pr,2Jd4rUFlIWzOrgbaSj1BiD,Keefff,62,2,2021-10-30,day,0,2024-01-08
0.585,0.441,2,-11.355,0,0.114,0.242,0.0,0.118,0.292,121.125,167640,4,5TgD3FO3rwK9biqYX1ivH7,Stay Alive,6Jq0QdwB0vk7VPcIqpo4pr,3pPgwvbgVrOKUzkGdDiyGc,Shaba Dan,4,0,2021-01-25,day,0,2024-01-08
0.536,0.669,9,-6.157,0,0.381,0.118,0.0,0.113,0.296,84.573,207059,3,31wNnsN4d234FhOuhqAesO,Darkness (Official Audio),6Jq0QdwB0vk7VPcIqpo4pr,1AKDQSYf0qjiy6b5z8z1KZ,Young General,279,6,2021-11-25,day,1,2024-01-08
0.625,0.59,1,-5.777,0,0.416,0.56,0.0,0.154,0.41,133.444,165669,5,2RJ9wLVb3tbk1IAyZZOwt2,One Mission,6Jq0QdwB0vk7VPcIqpo4pr,277jOUSGN5AKoZoDxvfmUP,Young Star 6ixx,15424,28,2021-11-25,day,9,2024-01-08
0.68,0.651,11,-6.456,0,0.113,0.492,0.0,0.203,0.245,150.106,182465,4,0qSWSU06JkS6PTce0id6Ql,Relentless ZTG,6Jq0QdwB0vk7VPcIqpo4pr,2Jv0w50BNaGlwnXpq69HGm,Prince Swanny,112646,43,2021-12-03,day,34,2024-01-08
0.496,0.396,8,-11.758,1,0.227,0.178,0.00057,0.076,0.283,121.183,200072,5,2lWtKh98gNMfQcTi7ttFB3,Show Me,6Jq0QdwB0vk7VPcIqpo4pr,"07BobxdfcxRkyz9bhhcvUy,2uXytzsWyyjXiAaQQ5O0s3","Tj Melody,Pablo Dan","8,2941","0,5",2021-11-16,day,0,2024-01-08
0.546,0.545,8,-5.331,0,0.336,0.525,0.0,0.102,0.391,193.595,188041,4,0zMwKcBRleYcvAK6OtMpAW,Nuh Fear Dem,6Jq0QdwB0vk7VPcIqpo4pr,7Cp6h3fC0PPecAmsSb2lRJ,Bobo & Beans,1120,3,2021-06-17,day,15,2024-01-08
0.949,0.576,1,-4.204,1,0.236,0.134,0.0,0.0876,0.551,109.995,141818,4,2ackGyfOndWZT1jmrdqjLx,Activate,6Jq0QdwB0vk7VPcIqpo4pr,7Cp6h3fC0PPecAmsSb2lRJ,Bobo & Beans,1120,3,2021-05-29,day,4,2024-01-08
0.575,0.726,5,-6.08,0,0.298,0.0504,3.58e-06,0.182,0.392,101.973,208600,4,7wPH2Plr7Izg6a8e5e1FCi,Wow - Remix,6Jq0QdwB0vk7VPcIqpo4pr,"5tr6GdAE9bwCqYuLXUwIhd,710P6hrWqHnZ6zA3wNdGre,6UsCuzFNa4JLDTfsNQNOFz","Toppy Boss,Lampshade Muzic,Shawn Storm","8031,119,57805","4,19,24",2021-12-17,day,2,2024-01-08
0.628,0.505,6,-5.192,0,0.279,0.306,0.0,0.124,0.115,93.012,185806,4,5LvysDtkCMIH23aaahs6o9,SOLDIER,6Jq0QdwB0vk7VPcIqpo4pr,2Jv0w50BNaGlwnXpq69HGm,Prince Swanny,112646,43,2021-12-10,day,24,2024-01-08
0.698,0.601,4,-5.047,0,0.074,0.803,0.0,0.109,0.284,76.016,191112,4,6wq2jrbSJkuMS6LIckbefS,Bad & Clean,6Jq0QdwB0vk7VPcIqpo4pr,2Jv0w50BNaGlwnXpq69HGm,Prince Swanny,112646,43,2021-12-24,day,33,2024-01-08
0.748,0.577,0,-8.277,0,0.139,0.785,5.67e-06,0.109,0.64,97.963,164153,4,4ok8TXLkfwX2CGW6zyk5Yi,Best Move,6Jq0QdwB0vk7VPcIqpo4pr,2Jv0w50BNaGlwnXpq69HGm,Prince Swanny,112646,43,2021-12-27,day,29,2024-01-08
0.588,0.622,1,-6.05,0,0.42,0.0581,0.0,0.234,0.786,147.098,161255,5,4NOCgsUsfZZqLmPX9dym7n,Crocodile Teeth Freestyle,6Jq0QdwB0vk7VPcIqpo4pr,0Axhoeh7NOjZu0Xl1lEov6,Sif Sose,129,5,2022-01-06,day,3,2024-01-08
0.525,0.528,10,-7.549,0,0.0634,0.12,0.0,0.209,0.198,66.707,148800,3,4KcW0ELaO2mSB258X2U1wk,Young Star 6ixx (Torment),6Jq0QdwB0vk7VPcIqpo4pr,2Tfe5UdBBWDTGkGwPzblJQ,Toby Boss Ent,4612,28,2022-01-04,day,7,2024-01-08
0.457,0.636,10,-8.289,0,0.159,0.152,0.0,0.143,0.0811,73.354,146400,3,6g9NPsD5moMoEg91Obay8m,Wacko Dan (69),6Jq0QdwB0vk7VPcIqpo4pr,2Tfe5UdBBWDTGkGwPzblJQ,Toby Boss Ent,4612,28,2022-01-04,day,6,2024-01-08
0.672,0.63,10,-8.565,0,0.293,0.155,0.0,0.106,0.0619,71.746,146400,3,4kfDZ1WGpZHNanbCkBLP7u,Tytan (Ready),6Jq0QdwB0vk7VPcIqpo4pr,2Tfe5UdBBWDTGkGwPzblJQ,Toby Boss Ent,4612,28,2022-01-04,day,2,2024-01-08
0.7,0.646,10,-8.899,0,0.281,0.558,0.0,0.0773,0.101,124.851,146400,5,11mbeLLe88Gjzt9lNx5FNU,Tman (Buss Head & Laugh),6Jq0QdwB0vk7VPcIqpo4pr,2Tfe5UdBBWDTGkGwPzblJQ,Toby Boss Ent,4612,28,2022-01-04,day,3,2024-01-08
0.628,0.604,10,-7.893,0,0.314,0.181,0.0,0.0928,0.118,127.451,147000,5,35tlIUOxHFmheDpyIhv7ru,Raw Lyfe (Fury),6Jq0QdwB0vk7VPcIqpo4pr,"2Tfe5UdBBWDTGkGwPzblJQ,6MVeUEtni8vBYtIs9jy2ZK","Toby Boss Ent,B6","4612,35","28,3",2022-01-04,day,3,2024-01-08
0.71,0.701,10,-7.897,0,0.253,0.278,1.62e-06,0.106,0.141,68.199,146400,3,3yFfNkwOBElkUaGKM13MXy,Clevin Don (Squid Game),6Jq0QdwB0vk7VPcIqpo4pr,2Tfe5UdBBWDTGkGwPzblJQ,Toby Boss Ent,4612,28,2022-01-04,day,1,2024-01-08
0.638,0.517,10,-8.693,0,0.122,0.157,0.835,0.104,0.0646,99.966,146400,4,5tOf2AHuz5wUMxnoHACGZD,Short Boss (Hk Bomber),6Jq0QdwB0vk7VPcIqpo4pr,2Tfe5UdBBWDTGkGwPzblJQ,Toby Boss Ent,4612,28,2022-01-04,day,1,2024-01-08
0.659,0.674,10,-5.683,0,0.201,0.22,0.0,0.111,0.0883,133.519,146336,5,4zSqXnvfhbUGng5RHjlc01,Splinter(Bravery),6Jq0QdwB0vk7VPcIqpo4pr,2Tfe5UdBBWDTGkGwPzblJQ,Toby Boss Ent,4612,28,2022-01-04,day,2,2024-01-08
0.749,0.582,10,-10.376,0,0.378,0.167,0.0,0.0827,0.438,133.367,146469,5,2daxB0rJ20838eIerTsa97,Wacko Dan & Siah Boss (Dem Scared),6Jq0QdwB0vk7VPcIqpo4pr,2Tfe5UdBBWDTGkGwPzblJQ,Toby Boss Ent,4612,28,2021-12-20,day,6,2024-01-08
0.716,0.535,10,-11.092,0,0.499,0.411,0.0,0.0793,0.334,127.331,146469,5,3lGPdksR0kk8hJZeBbbbWN,Riima Dan (Nuh Trust Dem),6Jq0QdwB0vk7VPcIqpo4pr,2Tfe5UdBBWDTGkGwPzblJQ,Toby Boss Ent,4612,28,2021-12-20,day,1,2024-01-08
0.703,0.5,10,-10.496,0,0.478,0.248,0.0,0.0998,0.365,126.82,148872,5,59gVEfJY7LQeXKJiXsQRau,Tytan (C.l.k),6Jq0QdwB0vk7VPcIqpo4pr,2Tfe5UdBBWDTGkGwPzblJQ,Toby Boss Ent,4612,28,2021-12-20,day,1,2024-01-08
0.744,0.502,10,-10.139,0,0.588,0.403,0.0,0.105,0.336,133.343,148872,5,02kS01VM5qQu7cFuyXmcuQ,Tman (3 Mad Dogs),6Jq0QdwB0vk7VPcIqpo4pr,2Tfe5UdBBWDTGkGwPzblJQ,Toby Boss Ent,4612,28,2021-12-20,day,4,2024-01-08
0.641,0.534,1,-9.524,1,0.468,0.387,0.0,0.112,0.352,131.147,146469,5,6lqrgz0EJhG811wX3didKZ,Stewie (Boss Blur Papper),6Jq0QdwB0vk7VPcIqpo4pr,2Tfe5UdBBWDTGkGwPzblJQ,Toby Boss Ent,4612,28,2021-12-20,day,0,2024-01-08
0.812,0.579,10,-11.422,0,0.176,0.284,0.000128,0.168,0.239,133.683,146469,5,0WX7aBONygm9jxtC3cSAbz,Stumpy (Tell Me This),6Jq0QdwB0vk7VPcIqpo4pr,2Tfe5UdBBWDTGkGwPzblJQ,Toby Boss Ent,4612,28,2021-12-20,day,0,2024-01-08
0.663,0.521,10,-11.293,0,0.192,0.142,0.00237,0.0962,0.2,130.365,146469,5,277cXmsdVvYRXKTN9hONBl,Raw Lyfe (Numb),6Jq0QdwB0vk7VPcIqpo4pr,2Tfe5UdBBWDTGkGwPzblJQ,Toby Boss Ent,4612,28,2021-12-20,day,1,2024-01-08
0.914,0.606,10,-8.465,0,0.398,0.27,6.99e-06,0.0966,0.345,133.173,146469,5,4cBqSbVwZp0VHRc4pId1Tj,Short Boss (Savage),6Jq0QdwB0vk7VPcIqpo4pr,2Tfe5UdBBWDTGkGwPzblJQ,Toby Boss Ent,4612,28,2021-12-20,day,1,2024-01-08
0.887,0.544,3,-5.589,0,0.172,0.732,9.01e-06,0.103,0.457,104.928,240048,4,4v4cexV51FzdjewwG2zUT4,Trenches,6Jq0QdwB0vk7VPcIqpo4pr,277jOUSGN5AKoZoDxvfmUP,Young Star 6ixx,15424,28,2022-01-06,day,26,2024-01-08
0.763,0.461,8,-9.449,0,0.146,0.592,0.0,0.101,0.41,96.833,157785,4,61O7u1O9C2qeyGq5zdfymS,BRAVE,6Jq0QdwB0vk7VPcIqpo4pr,7c8WSGTjxRP9sOob1KukJA,Kalonji,33554,29,2022-01-05,day,23,2024-01-08
0.55,0.63,8,-7.527,1,0.49,0.67,0.0,0.0942,0.652,90.524,189600,4,2QLGHovsEtxfjij6UFvLMY,Make It,6Jq0QdwB0vk7VPcIqpo4pr,7IbkKTNpBj7MORRdt3oge3,Zerimar,30169,34,2021-12-09,day,38,2024-01-08
0.515,0.56,1,-5.871,0,0.277,0.12,0.0,0.077,0.752,78.145,189600,3,1pZTHJQTLbGhqUaZQ8Itzu,Klean,6Jq0QdwB0vk7VPcIqpo4pr,7IbkKTNpBj7MORRdt3oge3,Zerimar,30169,34,2021-12-09,day,19,2024-01-08
0.559,0.663,1,-6.275,0,0.44,0.669,0.0,0.117,0.327,176.322,200455,4,51TxNNwgVh2ivfJYZGW7b6,Love Until Death,6Jq0QdwB0vk7VPcIqpo4pr,7IbkKTNpBj7MORRdt3oge3,Zerimar,30169,34,2021-12-09,day,19,2024-01-08
0.618,0.6,1,-7.765,1,0.437,0.538,0.0,0.122,0.523,116.636,200455,5,6fQ59rI47r4ghEUSw5Wbsu,Buss Gun,6Jq0QdwB0vk7VPcIqpo4pr,7IbkKTNpBj7MORRdt3oge3,Zerimar,30169,34,2021-12-09,day,16,2024-01-08
0.619,0.682,8,-3.698,1,0.417,0.616,0.0,0.107,0.423,135.897,207059,5,316xVpDm6Z7P69klTIEWpC,A Few,6Jq0QdwB0vk7VPcIqpo4pr,7IbkKTNpBj7MORRdt3oge3,Zerimar,30169,34,2021-12-09,day,24,2024-01-08
0.629,0.475,6,-9.571,0,0.494,0.18,0.0,0.116,0.539,66.224,182442,5,3Bn2Y5z3KXOX1OUS8Yqpjv,Part Of Life,6Jq0QdwB0vk7VPcIqpo4pr,52hLbiHfJsarTXovhOd3qC,Wacko Dan,17910,33,2021-12-27,day,20,2024-01-08
0.842,0.228,6,-16.401,1,0.342,0.281,8.84e-05,0.101,0.253,103.029,135158,4,7LbwcipwisUianMTFNgPH7,1AM Freestyle,6Jq0QdwB0vk7VPcIqpo4pr,277jOUSGN5AKoZoDxvfmUP,Young Star 6ixx,15424,28,2021-12-31,day,4,2024-01-08
0.812,0.457,2,-7.895,0,0.176,0.324,0.0,0.369,0.469,99.107,155154,4,0mfQuuhIDHD6ZzeWPUGUAt,Talk Less,6Jq0QdwB0vk7VPcIqpo4pr,"52hLbiHfJsarTXovhOd3qC,6Iym59CxrdzsxIn9LPFR9n","Wacko Dan,Gskell","17910,4727","33,9",2021-12-27,day,10,2024-01-08
0.815,0.468,11,-10.806,0,0.34,0.165,1.56e-05,0.0968,0.231,100.053,173750,4,18ZJFI1qb1ESHt5bWEjhDN,OTF,6Jq0QdwB0vk7VPcIqpo4pr,"52hLbiHfJsarTXovhOd3qC,0JcdxX5zHvwTpEdvqp5M8C","Wacko Dan,Wildlife Pettodene","17910,1191","33,12",2021-12-26,day,7,2024-01-08
0.697,0.609,7,-3.209,1,0.404,0.0399,0.0,0.283,0.528,193.851,201400,4,6KQ3xZUZcG219ExRnAXkUM,Legacy Live On,6Jq0QdwB0vk7VPcIqpo4pr,"3r8Hq14XJAyy6K8mlBs2s5,710P6hrWqHnZ6zA3wNdGre,3Dnqbxd8TK6AJu4n29nBhm,0IYgOcukUpbC4nISgoVfg9","Rebel Sixx,Lampshade Muzic,Franco Wildlife,Bobby 6ix","50851,119,11557,16946","34,19,24,18",2022-01-14,day,12,2024-01-08
0.906,0.677,10,-5.97,0,0.21,0.0445,0.0,0.13,0.416,103.041,153507,4,6B3FJdLfDFShcDhiwLHYUR,bad habits,6Jq0QdwB0vk7VPcIqpo4pr,"11ppP1jeJcAGeXHJjLgQcE,5XZH46hzlppbhm3dhBYidh","Kyler,rebel six","589,1","5,0",2022-01-05,day,0,2024-01-08
0.726,0.394,0,-8.964,0,0.101,0.445,4.93e-06,0.109,0.47,97.95,161020,4,2hbZUXjFAe2cYynYnn1xXc,Heaven on Earth,6Jq0QdwB0vk7VPcIqpo4pr,10AVFI86WCq4tNhY31g6FL,Yung Bredda,35344,38,2022-01-14,day,26,2024-01-08
0.939,0.58,10,-12.566,1,0.149,0.167,0.0,0.11,0.631,110.044,176000,4,6PrC1vV0f5rPFiUzd88DTe,Welcome to the East,6Jq0QdwB0vk7VPcIqpo4pr,4Kon1xTUGgEL83OSXKJSbl,Gartar Boss,12,0,2022-01-07,day,1,2024-01-08
0.632,0.37,6,-13.585,0,0.37,0.269,0.0,0.179,0.262,130.718,235651,5,3X641qe0xWK8sygUNf4ezE,Evil To Inno,6Jq0QdwB0vk7VPcIqpo4pr,7tnzhcb2y0dtPFIFVTp0A4,Tafari,26094,22,2022-01-13,day,15,2024-01-08
0.877,0.451,4,-11.681,1,0.391,0.547,0.0,0.0838,0.659,94.942,120629,4,32AbwCiY9pU4CwCvqZosEK,Everybody Is Involved,6Jq0QdwB0vk7VPcIqpo4pr,"2JC7YH9Umra4Zc8mseZsRD,7tnzhcb2y0dtPFIFVTp0A4","Going Global Records,Tafari","8937,26094","37,22",2022-01-14,day,10,2024-01-08
0.883,0.664,5,-6.633,0,0.23,0.229,0.0,0.259,0.558,109.044,139534,4,3nQQIDKl6mWZKnV1kHbkX9,Boomland Pt2,6Jq0QdwB0vk7VPcIqpo4pr,"2JC7YH9Umra4Zc8mseZsRD,4OAh7q2iOF6YICeoDbn0CS","Going Global Records,Toppy Boss","8937,22","37,5",2022-01-14,day,7,2024-01-08
0.653,0.474,1,-7.199,0,0.367,0.424,0.0,0.106,0.427,106.015,185049,4,3pArY02FsNGiFHPc9M7NPH,Send Them,6Jq0QdwB0vk7VPcIqpo4pr,"2JC7YH9Umra4Zc8mseZsRD,277jOUSGN5AKoZoDxvfmUP,52hLbiHfJsarTXovhOd3qC","Going Global Records,Young Star 6ixx,Wacko Dan","8937,15424,17910","37,28,33",2022-01-14,day,5,2024-01-08
0.847,0.477,3,-10.452,0,0.641,0.51,0.0,0.118,0.222,95.985,145320,4,4Y4B4LvfDWTxyAzqoAouAr,123,6Jq0QdwB0vk7VPcIqpo4pr,"2JC7YH9Umra4Zc8mseZsRD,277jOUSGN5AKoZoDxvfmUP,4OAh7q2iOF6YICeoDbn0CS","Going Global Records,Young Star 6ixx,Toppy Boss","8937,15424,22","37,28,5",2022-01-14,day,15,2024-01-08
0.819,0.576,1,-5.984,0,0.378,0.691,0.00212,0.101,0.341,109.928,160366,4,1gQUk1cSy8IDbLg3EjYSfW,Money Guns & Bitches,6Jq0QdwB0vk7VPcIqpo4pr,"2JC7YH9Umra4Zc8mseZsRD,4OAh7q2iOF6YICeoDbn0CS","Going Global Records,Toppy Boss","8937,22","37,5",2022-01-14,day,2,2024-01-08
0.521,0.716,9,-7.961,1,0.375,0.0417,3.18e-06,0.304,0.132,104.454,175842,4,2PdlVM6bgXMe8n5nEGk5DH,OTF,6Jq0QdwB0vk7VPcIqpo4pr,2kNL5eBpFCpOQu81GJ4lZb,Jovi Ton,3954,4,2022-01-14,day,2,2024-01-08
0.876,0.703,0,-9.258,1,0.248,0.367,0.0,0.204,0.904,115.44,78255,4,7LV2r7VzJVe7agrOzAfXGS,Trampoline,6Jq0QdwB0vk7VPcIqpo4pr,10AVFI86WCq4tNhY31g6FL,Yung Bredda,35344,38,2021-06-04,day,31,2024-01-08
0.859,0.595,5,-6.108,0,0.0894,0.478,0.0,0.125,0.649,99.988,176064,4,3M1EFL1seAIoxW41iQ8kHy,Steph Curry,6Jq0QdwB0vk7VPcIqpo4pr,277jOUSGN5AKoZoDxvfmUP,Young Star 6ixx,15424,28,2021-12-16,day,3,2024-01-08
0.898,0.587,6,-10.282,0,0.165,0.121,1.13e-06,0.085,0.732,104.987,173593,4,1ZjWinyjeZvIdNrqQg82Dr,Freak Out,6Jq0QdwB0vk7VPcIqpo4pr,"0PC8mhJwp2zZ8XFELC95bA,2SeCsPep6yGO1MR619XEDt","Cj Dan,Flanka","36,289","2,1",2021-12-24,day,1,2024-01-08
0.431,0.686,6,-7.294,0,0.156,0.153,0.000734,0.209,0.173,100.627,201665,4,63pFTs3s5Zv3R8eJHNOTWy,Badder Than You,6Jq0QdwB0vk7VPcIqpo4pr,"2CzDoKM72K2fdbbtnAVtlJ,2uXytzsWyyjXiAaQQ5O0s3","Teejah,Pablo Dan","3464,2941","2,5",2022-01-05,day,6,2024-01-08
0.515,0.523,9,-11.327,0,0.0686,0.244,4.59e-05,0.197,0.273,130.31,244898,5,5LgMMOIr7gcmd3hNrdIIm9,Vengeance,6Jq0QdwB0vk7VPcIqpo4pr,0PC8mhJwp2zZ8XFELC95bA,Cj Dan,36,2,2021-06-11,day,2,2024-01-08
0.514,0.667,7,-9.514,0,0.474,0.0146,0.0,0.127,0.218,178.295,143464,4,0ZVIJMgGYbYeM64H3W6gHq,First Born,6Jq0QdwB0vk7VPcIqpo4pr,7zow5Va8ESrfnxvUF62HRH,Icee Dan,8058,22,2022-01-21,day,1,2024-01-08
0.537,0.597,0,-11.107,0,0.38,0.273,0.0,0.108,0.576,100.763,165600,4,1VxDhSRfFJb7vwjKNeoVMY,No Feelings,6Jq0QdwB0vk7VPcIqpo4pr,7zow5Va8ESrfnxvUF62HRH,Icee Dan,8058,22,2022-01-21,day,0,2024-01-08
0.596,0.593,0,-7.779,1,0.482,0.397,0.0,0.127,0.544,144.343,164384,4,4xG7NAbB4G7NZNDQR9Tgn7,Y.W.E,6Jq0QdwB0vk7VPcIqpo4pr,7zow5Va8ESrfnxvUF62HRH,Icee Dan,8058,22,2022-01-21,day,2,2024-01-08
0.64,0.548,8,-8.075,1,0.566,0.47,0.0,0.0903,0.597,67.141,194667,3,7r8UXOarRAYyU7poG6h9mL,Honda,6Jq0QdwB0vk7VPcIqpo4pr,7zow5Va8ESrfnxvUF62HRH,Icee Dan,8058,22,2022-01-21,day,0,2024-01-08
0.646,0.716,4,-5.411,0,0.442,0.106,0.0,0.102,0.64,125.992,163240,5,6U5Od4sD8YwbLic53FZ3Xs,Badness Real,6Jq0QdwB0vk7VPcIqpo4pr,7zow5Va8ESrfnxvUF62HRH,Icee Dan,8058,22,2022-01-21,day,1,2024-01-08
0.501,0.405,10,-13.543,0,0.256,0.259,0.0,0.113,0.648,154.42,178064,4,2Wc1vEoLJXLStpHiyonTgB,Different,6Jq0QdwB0vk7VPcIqpo4pr,7zow5Va8ESrfnxvUF62HRH,Icee Dan,8058,22,2022-01-21,day,0,2024-01-08
0.766,0.57,11,-7.372,1,0.41,0.583,0.0,0.102,0.38,101.837,171765,4,4TPKCaXeUR6BcnBHO9TGnt,Run Di Globe,6Jq0QdwB0vk7VPcIqpo4pr,"7zow5Va8ESrfnxvUF62HRH,2SEQqHc0dPYjMrLjnOiRIF","Icee Dan,Power Genna","8058,1","22,0",2022-01-21,day,0,2024-01-08
0.572,0.54,1,-8.811,0,0.219,0.456,0.0,0.0845,0.429,86.537,184000,4,0VCkHkqcWoxFLFfb7kYHtV,Gangster Love,6Jq0QdwB0vk7VPcIqpo4pr,"7zow5Va8ESrfnxvUF62HRH,0gaDeIrKqptDCzEeT4GIGu","Icee Dan,Niyalee","8058,0","22,0",2022-01-21,day,0,2024-01-08
0.588,0.446,2,-11.66,1,0.516,0.0337,0.0,0.0911,0.202,93.514,165333,4,0RGL4PFuYHQZsHKyadmUsb,Trust,6Jq0QdwB0vk7VPcIqpo4pr,"7zow5Va8ESrfnxvUF62HRH,4UzseJvTrVnzMmzqpjJb7e","Icee Dan,Karmaa","8058,19","22,0",2022-01-21,day,1,2024-01-08
0.581,0.606,9,-9.12,0,0.241,0.284,0.0,0.095,0.287,121.448,186667,5,1ZWqPrnjydepTDHS4DdJlu,Things Change,6Jq0QdwB0vk7VPcIqpo4pr,7zow5Va8ESrfnxvUF62HRH,Icee Dan,8058,22,2022-01-21,day,0,2024-01-08
0.5,0.588,1,-9.647,1,0.308,0.629,0.0,0.128,0.493,144.07,191667,4,3h5Ekkfk0O3iqMprNxeoHa,Stronger,6Jq0QdwB0vk7VPcIqpo4pr,7zow5Va8ESrfnxvUF62HRH,Icee Dan,8058,22,2022-01-21,day,0,2024-01-08
0.395,0.498,7,-11.812,1,0.325,0.205,0.0,0.062,0.379,81.245,147273,1,3q8nB5N505tsw0yxYJV4Dl,Legendary,6Jq0QdwB0vk7VPcIqpo4pr,"7zow5Va8ESrfnxvUF62HRH,11ppP1jeJcAGeXHJjLgQcE","Icee Dan,Kyler","8058,589","22,5",2022-01-21,day,0,2024-01-08
0.627,0.542,5,-10.016,1,0.478,0.268,0.0,0.108,0.676,71.112,108048,3,6yEP1qNW7Yq8nGeIwfIuZY,PG 18+,6Jq0QdwB0vk7VPcIqpo4pr,0PC8mhJwp2zZ8XFELC95bA,Cj Dan,36,2,2022-01-01,day,1,2024-01-08
0.653,0.655,4,-4.677,0,0.37,0.284,0.0,0.536,0.652,70.577,136856,3,5hgjH457SZyy2OBU8pwV2B,Don't Judge,6Jq0QdwB0vk7VPcIqpo4pr,0JSBUUBuT8pbdbw1UZggSY,Tefflon,19249,28,2022-01-26,day,7,2024-01-08
0.601,0.419,1,-10.984,0,0.187,0.0738,0.0,0.115,0.0543,102.15,172069,4,6lVGz3xI0tM3IsU4VNaq0Z,GOOD,6Jq0QdwB0vk7VPcIqpo4pr,"4W1YDUIlG2VramwT3zKYah,7c8WSGTjxRP9sOob1KukJA","Mountainside Music,Kalonji","829,33554","4,29",2022-08-11,day,9,2024-01-08
0.63,0.788,7,-4.342,0,0.206,0.814,0.0,0.11,0.601,90.963,158511,4,6QTNJ4hvJuZ1BZ8jImhCQ5,SAVAGE,6Jq0QdwB0vk7VPcIqpo4pr,1XK7JEkEviy2mcbi1ljpaR,Zebee,3085,19,2022-02-04,day,29,2024-01-08
0.593,0.88,11,-3.738,0,0.47,0.285,0.0,0.358,0.613,116.808,172729,5,2X4SJJAqsbMiPo8vMTbFgO,Most Wanted,6Jq0QdwB0vk7VPcIqpo4pr,"6CxUKwVnCBKKP60XMvnMOL,5pzWFizoqhuhkImntBH12H","Jahllano,Pop Style","20037,365","25,23",2022-02-04,day,8,2024-01-08
0.837,0.305,7,-14.461,0,0.402,0.176,0.0,0.125,0.309,104.036,206438,4,1bwGXybqUcLpLhUnCSYoqQ,Fully Up,6Jq0QdwB0vk7VPcIqpo4pr,52hLbiHfJsarTXovhOd3qC,Wacko Dan,17910,33,2022-02-01,day,21,2024-01-08
0.65,0.621,9,-5.297,0,0.388,0.523,0.0,0.189,0.382,133.366,176553,5,5vtIsvu1zZg1m3yM3Vqycj,Nuh Fear,6Jq0QdwB0vk7VPcIqpo4pr,2uXytzsWyyjXiAaQQ5O0s3,Pablo Dan,2941,5,2020-03-13,day,3,2024-01-08
0.962,0.575,6,-9.739,1,0.344,0.0718,0.0,0.1,0.557,109.988,159242,4,4L6NPDVM2hos2Rphxf9MYS,SUCK CUNT (RAW),6Jq0QdwB0vk7VPcIqpo4pr,144Zov1xqPMqpeCpTxrWWP,Trinidad Mad Man,1213,14,2021-03-20,day,24,2024-01-08
0.696,0.488,9,-6.537,0,0.068,0.402,0.0,0.138,0.36,92.005,232000,4,1yDFhPMMH8mFtN8FjF6jwo,In This Life,6Jq0QdwB0vk7VPcIqpo4pr,3y5QkoDaJHfqJobiWYplS3,Brad & Vers,539,0,2019-06-28,day,8,2024-01-08
0.575,0.713,7,-4.898,0,0.335,0.622,0.0,0.163,0.576,79.927,210783,3,3m2jp3vklDGDngu8jlKWhe,New Intel,6Jq0QdwB0vk7VPcIqpo4pr,7IbkKTNpBj7MORRdt3oge3,Zerimar,30169,34,2022-02-08,day,24,2024-01-08
0.887,0.701,5,-4.456,0,0.304,0.442,1.36e-06,0.0893,0.45,105.67,205923,4,4K82A9fgyNDNBH78IoRVZP,Mystery,6Jq0QdwB0vk7VPcIqpo4pr,"0y99Nr0Ysu2JSWqUqHoGb5,2DDEfzEolFuaKQ8Pmnnr9k","GSD Menace,Bobby Dan","99,1","0,0",2021-09-01,day,4,2024-01-08
0.732,0.809,10,-6.614,0,0.218,0.4,0.000175,0.195,0.578,146.078,164441,4,3kJvmPLdkM11dx3xJhJmrL,Evil and Dark,6Jq0QdwB0vk7VPcIqpo4pr,"7gPEv7OUsJZnu7yhXvXOCl,2BqkqcjWwdPWIMRy1bgpap","Asim,Pablo Dan","382,0","0,0",2022-02-08,day,0,2024-01-08
0.897,0.474,2,-9.652,1,0.322,0.503,0.0,0.0878,0.257,105.042,86256,4,6qCKYQfjmZtDl5BmRtX9Sc,Freestyle,6Jq0QdwB0vk7VPcIqpo4pr,"2JC7YH9Umra4Zc8mseZsRD,277jOUSGN5AKoZoDxvfmUP","Going Global Records,Young Star 6ixx","8937,15424","37,28",2022-02-11,day,33,2024-01-08
0.799,0.551,2,-10.775,0,0.205,0.718,0.0,0.0876,0.314,104.945,148571,4,6xn2xpprWdSyUv8IzmhSmn,Try Jesus,6Jq0QdwB0vk7VPcIqpo4pr,"2JC7YH9Umra4Zc8mseZsRD,4OAh7q2iOF6YICeoDbn0CS","Going Global Records,Toppy Boss","8937,22","37,5",2022-02-11,day,16,2024-01-08
0.883,0.457,2,-9.574,0,0.372,0.343,0.0,0.0926,0.132,105.124,148571,4,5xLAotti74uiWMut0XFLbg,Since When,6Jq0QdwB0vk7VPcIqpo4pr,"2JC7YH9Umra4Zc8mseZsRD,5n8bQpfGmSb1HcU2DSfefT","Going Global Records,Skem","8937,88","37,2",2022-02-11,day,15,2024-01-08
0.928,0.428,2,-11.112,0,0.332,0.281,0.0,0.0925,0.221,104.983,148571,4,7A4ZI9TUiJDuVEPxKKDapf,New K,6Jq0QdwB0vk7VPcIqpo4pr,"2JC7YH9Umra4Zc8mseZsRD,40hfAj6oxHglI5VyqaLZ6C","Going Global Records,M Vik","8937,88","37,3",2022-02-11,day,17,2024-01-08
0.75,0.292,7,-14.135,1,0.447,0.691,0.000147,0.113,0.686,94.626,172227,4,7KW4zjirMFkTCQKHuLgF2k,GET,6Jq0QdwB0vk7VPcIqpo4pr,"2JC7YH9Umra4Zc8mseZsRD,0y99Nr0Ysu2JSWqUqHoGb5,2DDEfzEolFuaKQ8Pmnnr9k","Going Global Records,GSD Menace,Bobby Dan","8937,99,1","37,0,0",2022-02-11,day,2,2024-01-08
0.682,0.526,7,-9.788,0,0.518,0.198,1.98e-05,0.0898,0.306,118.077,151425,4,1gIcdFAmUjcQUaoLp4Vszp,STK,6Jq0QdwB0vk7VPcIqpo4pr,"2JC7YH9Umra4Zc8mseZsRD,4LjT4i9cwSPFJ6EpudsgMR","Going Global Records,Malachii","8937,396","37,0",2022-02-11,day,6,2024-01-08
0.922,0.45,2,-10.999,0,0.408,0.438,0.0,0.345,0.208,105.053,173555,4,5jjeogeaLGS43zThkurWJN,Reverse The Hearse,6Jq0QdwB0vk7VPcIqpo4pr,"2JC7YH9Umra4Zc8mseZsRD,58GP6t4N8aiJkHTOM41ECz","Going Global Records,Plumpy Boss","8937,21328","37,31",2022-02-11,day,20,2024-01-08
0.633,0.701,2,-7.157,1,0.241,0.248,5.84e-06,0.123,0.307,99.799,187272,4,1zti1oDBOIp2VQIsBwXAbR,8:45,6Jq0QdwB0vk7VPcIqpo4pr,"2wFgrYh6XSnQHwRkOdJsB8,1AKDQSYf0qjiy6b5z8z1KZ","Enzo Ronin,Young General","10,279","0,6",2022-02-08,day,0,2024-01-08
0.771,0.397,1,-10.679,0,0.0911,0.052,0.0,0.188,0.0995,101.033,164188,4,5MZPh8WezU8gwLPIO2kB0l,Nah kill ah soul,6Jq0QdwB0vk7VPcIqpo4pr,1AKDQSYf0qjiy6b5z8z1KZ,Young General,279,6,2022-02-05,day,0,2024-01-08
0.703,0.691,10,-3.655,0,0.231,0.478,4.01e-05,0.132,0.177,103.98,159229,4,0n5dP6IQwiXyx4j52iPDtZ,Slowly,6Jq0QdwB0vk7VPcIqpo4pr,"2JC7YH9Umra4Zc8mseZsRD,4OAh7q2iOF6YICeoDbn0CS","Going Global Records,Toppy Boss","8937,22","37,5",2022-02-10,day,3,2024-01-08
0.798,0.727,3,-2.919,0,0.0471,0.0679,0.0,0.385,0.237,103.997,156921,4,2xo7Z7UTvku5vgbqvRx3ss,Fully Active,6Jq0QdwB0vk7VPcIqpo4pr,"2JC7YH9Umra4Zc8mseZsRD,7tnzhcb2y0dtPFIFVTp0A4","Going Global Records,Tafari","8937,26094","37,22",2022-02-10,day,8,2024-01-08
0.697,0.524,3,-8.412,0,0.401,0.0772,0.0,0.31,0.32,64.86,148167,5,6hpvTwUauzDduqpt5x3USP,Speak Fluent,6Jq0QdwB0vk7VPcIqpo4pr,"2JC7YH9Umra4Zc8mseZsRD,0UYwfX94ZK9z24YwIjANDD","Going Global Records,Mafi","8937,245","37,25",2022-02-10,day,0,2024-01-08
0.834,0.64,3,-4.056,0,0.0758,0.0651,0.000263,0.179,0.206,103.947,156921,4,1Yry2jkwyGVvCdsN0XtpCq,Savage,6Jq0QdwB0vk7VPcIqpo4pr,"2JC7YH9Umra4Zc8mseZsRD,277jOUSGN5AKoZoDxvfmUP","Going Global Records,Young Star 6ixx","8937,15424","37,28",2022-02-10,day,2,2024-01-08
0.62,0.512,3,-5.09,0,0.224,0.182,0.000455,0.111,0.0724,138.666,154614,5,5DWLz9pXSo9o2BKsnMeukK,Sick,6Jq0QdwB0vk7VPcIqpo4pr,"2JC7YH9Umra4Zc8mseZsRD,52hLbiHfJsarTXovhOd3qC","Going Global Records,Wacko Dan","8937,17910","37,33",2022-02-10,day,19,2024-01-08
0.551,0.592,11,-4.585,0,0.0551,0.871,0.0,0.12,0.538,145.075,240048,4,5Gzm3nV4Jg9w1PQPMAiZSi,Dominant,6Jq0QdwB0vk7VPcIqpo4pr,2Jv0w50BNaGlwnXpq69HGm,Prince Swanny,112646,43,2022-02-18,day,23,2024-01-08
0.748,0.492,2,-4.65,1,0.323,0.92,0.0,0.112,0.557,103.769,150000,4,0HsgZuIlwDfmSaEZNjlAtI,Chip Pun File,6Jq0QdwB0vk7VPcIqpo4pr,6QJrx4J9XqIxXUBhacoJHC,Medz Boss,34233,27,2022-01-14,day,18,2024-01-08
0.828,0.759,1,-6.047,1,0.0722,0.474,0.0,0.112,0.696,113.984,155789,4,5SlDIjQ3B2hvyMEv3oTeAN,Greatest,6Jq0QdwB0vk7VPcIqpo4pr,6QJrx4J9XqIxXUBhacoJHC,Medz Boss,34233,27,2021-11-05,day,9,2024-01-08
0.757,0.743,1,-4.789,1,0.102,0.495,0.0,0.113,0.603,113.265,155789,4,5FrH5MbBRm86z3xRyuEK27,See Meh Fall,6Jq0QdwB0vk7VPcIqpo4pr,2rKUiOCTXp1YYvsPLTed0P,2 Gun,111,1,2021-11-05,day,0,2024-01-08
0.769,0.779,1,-6.017,1,0.0449,0.332,0.0,0.206,0.377,113.966,145263,4,3y0f80dchJZ7ITcM8BbIRy,A Class Gyal,6Jq0QdwB0vk7VPcIqpo4pr,4cDQO3NM8cURew5tdHkfrd,Lawless,13261,29,2021-11-05,day,0,2024-01-08
0.637,0.73,3,-2.438,0,0.213,0.547,0.0,0.166,0.407,68.408,184800,5,5A5GSfw2X8pmEBNXEmZvsd,Bad Like We,6Jq0QdwB0vk7VPcIqpo4pr,58GP6t4N8aiJkHTOM41ECz,Plumpy Boss,21328,31,2022-02-23,day,24,2024-01-08
0.629,0.469,5,-9.109,0,0.59,0.202,0.0,0.59,0.327,98.96,120555,4,5Wf7YYyF4ypPtlsIwrsqiS,Big Guns,6Jq0QdwB0vk7VPcIqpo4pr,4GjfdRM9UmdLr6pxyLZrNV,Jeff Fullyauto,25162,38,2022-02-11,day,47,2024-01-08
0.542,0.467,10,-11.838,0,0.354,0.298,0.0,0.116,0.315,66.709,187488,5,6hEZPZ2LhlqLXuqZX0R1vO,Get Rich,6Jq0QdwB0vk7VPcIqpo4pr,2Jv0w50BNaGlwnXpq69HGm,Prince Swanny,112646,43,2022-03-11,day,25,2024-01-08
0.488,0.578,0,-6.425,0,0.366,0.769,0.000316,0.107,0.463,68.92,159184,3,0kMeVyvmcjzrCQ81yf5AzW,One Day,6Jq0QdwB0vk7VPcIqpo4pr,58GP6t4N8aiJkHTOM41ECz,Plumpy Boss,21328,31,2021-10-01,day,17,2024-01-08
0.564,0.473,3,-13.156,0,0.561,0.489,0.0,0.124,0.484,128.961,161633,5,2GTCHYLpnrsMY5JR2w3qTd,Get Ditch,6Jq0QdwB0vk7VPcIqpo4pr,7c8WSGTjxRP9sOob1KukJA,Kalonji,33554,29,2022-03-12,day,20,2024-01-08
0.58,0.427,7,-9.83,1,0.0775,0.88,0.0,0.121,0.359,96.091,195030,4,1wozOPQRw1FI0DjSpdH59E,Caribbean Beauty,6Jq0QdwB0vk7VPcIqpo4pr,7tnzhcb2y0dtPFIFVTp0A4,Tafari,26094,22,2022-03-09,day,7,2024-01-08
0.944,0.691,10,-3.577,0,0.263,0.155,0.0,0.0986,0.712,99.986,175256,4,51rvkgzEuNkYYaTMcLVIPN,Big Song,6Jq0QdwB0vk7VPcIqpo4pr,58GP6t4N8aiJkHTOM41ECz,Plumpy Boss,21328,31,2022-03-25,day,15,2024-01-08
0.675,0.49,1,-11.018,0,0.498,0.371,0.0,0.107,0.354,110.909,191319,4,6yAhQv5K20Y1I2J4yrIknU,Apply Pressure,6Jq0QdwB0vk7VPcIqpo4pr,7c8WSGTjxRP9sOob1KukJA,Kalonji,33554,29,2022-03-24,day,25,2024-01-08
0.577,0.432,10,-11.338,0,0.297,0.255,0.0,0.289,0.402,140.101,192052,5,3Gs4ZnEz31cQv7paVggSGM,Bleach Out Jeans,6Jq0QdwB0vk7VPcIqpo4pr,"4W1YDUIlG2VramwT3zKYah,1rfMUXJ4sDKRFGXM1Y694N,4uDhjNkgDFalbcAszCT36E","Mountainside Music,FAMOH,Cozier","829,0,420","4,0,18",2021-12-20,day,0,2024-01-08
0.805,0.624,5,-8.903,0,0.261,0.629,0.000124,0.133,0.275,105.049,184955,4,26elK375Nrt73DkOcSJVvI,Freestyle,6Jq0QdwB0vk7VPcIqpo4pr,"4W1YDUIlG2VramwT3zKYah,2Z2ttTDzbwUhfMWVt246Vg","Mountainside Music,Bonez 6ixx","829,67","4,5",2022-02-21,day,2,2024-01-08
0.744,0.565,4,-7.578,0,0.0883,0.465,0.0,0.223,0.772,99.942,224000,4,3KL2YPlSsp68D1uYsX1NfJ,In It To Win It,6Jq0QdwB0vk7VPcIqpo4pr,"6CxUKwVnCBKKP60XMvnMOL,2F6Rwo9PLMBf1nQsdAJ4pw","Jahllano,Bada Dan","20037,43","25,2",2022-03-31,day,13,2024-01-08
0.892,0.776,1,-5.007,1,0.208,0.313,1.06e-06,0.114,0.734,133.482,180273,4,2yhSSTHmHMw7UVciSo80ey,Feel It,6Jq0QdwB0vk7VPcIqpo4pr,"10AVFI86WCq4tNhY31g6FL,3koUXwy5R38DSWqJ20mUT1","Yung Bredda,Optimus Productionstt","35344,579","38,22",2022-03-16,day,39,2024-01-08
0.767,0.743,8,-6.519,1,0.232,0.103,0.0,0.105,0.638,105.962,163082,4,1i3R74V6wAtdiE53EqYwgT,Nothing Bout Badness,6Jq0QdwB0vk7VPcIqpo4pr,7zow5Va8ESrfnxvUF62HRH,Icee Dan,8058,22,2022-04-10,day,6,2024-01-08
0.674,0.4,1,-10.104,1,0.0703,0.937,8.05e-06,0.24,0.637,99.888,177600,4,4Mr0nv9Z0cevWkl9hRC3XF,Prosperity,6Jq0QdwB0vk7VPcIqpo4pr,3iWwLfjZAKzmAB57v38i45,Raskality,5723,15,2022-03-08,day,2,2024-01-08
0.643,0.814,0,-4.039,0,0.308,0.72,0.0,0.121,0.52,131.881,159184,5,3RZXNx4hldQ1yjv9dr2IrE,Greatest Riches,6Jq0QdwB0vk7VPcIqpo4pr,"2sBexSi4NCVNN9ONd2rOKa,3PCR0hmrgLLiWcCO64NYjl","2 GUN,Warrior","1,2708","0,15",2021-10-01,day,1,2024-01-08
0.491,0.545,0,-7.304,0,0.158,0.713,1.2e-05,0.114,0.422,101.66,180000,4,731Y4210aiPv87Df6wGfLl,The Greatest,6Jq0QdwB0vk7VPcIqpo4pr,4cDQO3NM8cURew5tdHkfrd,Lawless,13261,29,2021-10-01,day,0,2024-01-08
0.585,0.703,0,-4.44,0,0.483,0.734,0.0,0.11,0.53,74.924,161633,3,38yQtQPiqNxn1VXq4pdTvo,Fatally,6Jq0QdwB0vk7VPcIqpo4pr,"5EsCbG7ZqKDZP0CAESy0v2,3aajqT4mg3NqrYWvcE1h7X","Born King,Power","228,15","11,0",2021-10-01,day,1,2024-01-08
0.682,0.57,0,-7.668,0,0.196,0.652,5.66e-06,0.111,0.494,131.903,208163,5,4qJjTwbCxcu57QDl1XzDxn,Revelation,6Jq0QdwB0vk7VPcIqpo4pr,3bJ6gnTDrlHSMszDydll2L,Orlando Octave,12295,24,2021-10-01,day,4,2024-01-08
0.792,0.662,0,-3.456,0,0.215,0.697,0.0,0.209,0.723,97.858,171429,4,1XcfSUlG0ryfdmafvsGpaI,7th Seal,6Jq0QdwB0vk7VPcIqpo4pr,3196qOXihCTtj9iVVAX3qs,King Bana,6,0,2021-10-01,day,0,2024-01-08
0.737,0.533,0,-6.466,0,0.213,0.948,0.000243,0.15,0.561,97.991,181224,4,5rr7PMVJ7qnKdNphEMtV1Q,No Religion,6Jq0QdwB0vk7VPcIqpo4pr,0TeHv23w6TOqGzmF1ZeD4i,Beat,56,0,2021-10-01,day,2,2024-01-08
0.571,0.624,0,-5.72,0,0.062,0.761,0.0,0.161,0.393,125.761,159184,5,1DjIXSpdDtdvFN4iwpAiAz,Protect Me,6Jq0QdwB0vk7VPcIqpo4pr,3oPS5gQSuTmiuCDWQo2Mdw,Sin Sin,534,5,2021-10-01,day,0,2024-01-08
0.785,0.417,7,-11.24,1,0.167,0.674,0.0,0.091,0.617,143.865,156667,4,6MGsu7BzWau3iqvLoWrAPI,Money Romance,6Jq0QdwB0vk7VPcIqpo4pr,"27GA6NMM69byd5ankSWsXw,6QJrx4J9XqIxXUBhacoJHC","Hey Choppi,Medz Boss","3881,34233","30,27",2022-04-15,day,18,2024-01-08
0.68,0.427,0,-11.624,0,0.466,0.578,1.8e-06,0.186,0.395,99.824,177600,4,757xayMCIi5uSyZBxKtgzh,Lil,6Jq0QdwB0vk7VPcIqpo4pr,7Cp6h3fC0PPecAmsSb2lRJ,Bobo & Beans,1120,3,2022-01-20,day,7,2024-01-08
0.919,0.355,1,-13.421,1,0.517,0.32,0.0,0.139,0.16,100.98,211017,4,1G2vy1av4dlnJh8ArqTmoC,Demons,6Jq0QdwB0vk7VPcIqpo4pr,"2JC7YH9Umra4Zc8mseZsRD,52hLbiHfJsarTXovhOd3qC","Going Global Records,Wacko Dan","8937,17910","37,33",2022-03-15,day,11,2024-01-08
0.756,0.372,1,-13.957,1,0.813,0.256,0.0,0.131,0.468,96.037,168000,4,134SeysjIGCD53ivL4T3g9,Why,6Jq0QdwB0vk7VPcIqpo4pr,"2JC7YH9Umra4Zc8mseZsRD,52hLbiHfJsarTXovhOd3qC","Going Global Records,Wacko Dan","8937,17910","37,33",2022-03-15,day,19,2024-01-08
0.633,0.43,9,-12.983,0,0.536,0.485,0.0,0.113,0.515,122.545,200816,5,1bkFfbXPkVpxjZAb8Ic0IO,Active,6Jq0QdwB0vk7VPcIqpo4pr,"2JC7YH9Umra4Zc8mseZsRD,52hLbiHfJsarTXovhOd3qC","Going Global Records,Wacko Dan","8937,17910","37,33",2022-03-15,day,15,2024-01-08
0.521,0.362,6,-12.446,0,0.127,0.0883,0.000135,0.111,0.247,97.223,189902,4,6iCX65n3r8qgWS3a9JloTa,Cya Leave,6Jq0QdwB0vk7VPcIqpo4pr,"2JC7YH9Umra4Zc8mseZsRD,52hLbiHfJsarTXovhOd3qC","Going Global Records,Wacko Dan","8937,17910","37,33",2022-03-15,day,8,2024-01-08
0.754,0.576,4,-9.108,0,0.396,0.066,0.0,0.0837,0.242,99.939,158400,4,68n9lwnJgOzHWyB3XbjIQL,Pitch Out,6Jq0QdwB0vk7VPcIqpo4pr,"3UwGbC4Sl9MmonrpWo6grS,65O3QUAeUUs925oniksGJp,0dUCgtuvTnnLNohdnNECkL","Boy Boy,DJ Smo,Reid Waters","29068,475,239","41,30,30",2022-04-22,day,45,2024-01-08
0.658,0.345,5,-8.223,0,0.345,0.573,0.0,0.11,0.596,185.72,206643,4,1reXHIzi34xpFq1XnHPR37,Stronger,6Jq0QdwB0vk7VPcIqpo4pr,7tnzhcb2y0dtPFIFVTp0A4,Tafari,26094,22,2022-04-12,day,4,2024-01-08
0.717,0.486,11,-6.127,1,0.472,0.472,0.0,0.0959,0.313,120.527,198261,5,07a31X5Hn89u4rC3sU6NyB,Cyat Ting,6Jq0QdwB0vk7VPcIqpo4pr,11ODkITb8E6t7OIesM1vqv,Tokeii,1690,8,2022-04-24,day,12,2024-01-08
0.617,0.659,10,-4.572,0,0.371,0.34,0.0,0.113,0.514,67.274,175200,5,3YixPSGE3Q5OqLLnEKeHEH,Nuh Take Chat,6Jq0QdwB0vk7VPcIqpo4pr,6QJrx4J9XqIxXUBhacoJHC,Medz Boss,34233,27,2022-04-05,day,26,2024-01-08
0.784,0.327,3,-11.837,0,0.0644,0.157,0.0,0.11,0.182,103.959,166152,4,0agQ8BFHwRjjC60UlimrOX,Free Kartel,6Jq0QdwB0vk7VPcIqpo4pr,"6J8dvJPNJjACbcuIjzsirY,6jZBjkvVS8ZomkJzffljUE","Fully 8 Recordz,Tafari","2458,464","9,3",2022-05-13,day,15,2024-01-08
0.953,0.455,0,-12.387,1,0.316,0.36,0.0,0.157,0.66,113.056,143789,4,7JOil4DFL3mgC5ZiDr82TG,Face Beat,6Jq0QdwB0vk7VPcIqpo4pr,4VF0sdPSFLYdVWF6FRK6OK,Father Philis,9937,28,2022-03-05,day,43,2024-01-08
0.795,0.797,2,-1.092,1,0.24,0.134,0.0,0.584,0.182,108.036,160000,4,5eBM09BVWX434VW6EQ3xL3,Gyallis,6Jq0QdwB0vk7VPcIqpo4pr,"3NNndNeIufzflgpHZy5obj,6QJrx4J9XqIxXUBhacoJHC","Daan Chorus,Medz Boss","445,34233","4,27",2022-04-20,day,8,2024-01-08
0.797,0.354,1,-11.319,1,0.277,0.152,0.0,0.131,0.295,104.015,170841,4,5qXGOAL4s1ape4mcCvjTtJ,8 Campaign,6Jq0QdwB0vk7VPcIqpo4pr,"6J8dvJPNJjACbcuIjzsirY,0xnwFKJzKoFbFeDs973lyi","Fully 8 Recordz,Skelly","2458,96","9,19",2022-05-13,day,8,2024-01-08
0.717,0.311,6,-13.163,1,0.313,0.107,0.0,0.0777,0.251,103.881,190224,4,0PQ3SM39pMcSXzt0WL9T5b,Hokus Pokus,6Jq0QdwB0vk7VPcIqpo4pr,"6J8dvJPNJjACbcuIjzsirY,3NNndNeIufzflgpHZy5obj","Fully 8 Recordz,Daan Chorus","2458,445","9,4",2022-05-13,day,4,2024-01-08
0.634,0.77,1,-4.802,1,0.218,0.311,0.0,0.171,0.313,175.872,244933,4,0p9mUcff7qINBXbt20PY36,Punani Imperial,6Jq0QdwB0vk7VPcIqpo4pr,"3J7r4VsNmuWixU0nXvyPd8,2Jv0w50BNaGlwnXpq69HGm","Kalash,Prince Swanny","660334,112646","60,43",2022-04-29,day,43,2024-01-08
0.737,0.556,11,-5.579,0,0.22,0.283,0.0,0.329,0.547,150.884,244768,4,5CetNFYZk68iCFCSWjbmtM,Dead Boi,6Jq0QdwB0vk7VPcIqpo4pr,"6QJrx4J9XqIxXUBhacoJHC,09CgCmW9nrYOJswLZHJjO6","Medz Boss,Trigga","34233,122","27,12",2022-05-07,day,6,2024-01-08
0.736,0.558,11,-7.813,0,0.197,0.342,0.0,0.11,0.124,99.692,201648,4,4K8ritPgmln8gEii4rzp5C,Die Tonight,6Jq0QdwB0vk7VPcIqpo4pr,2Jv0w50BNaGlwnXpq69HGm,Prince Swanny,112646,43,2022-03-15,day,18,2024-01-08
0.488,0.572,2,-9.055,0,0.306,0.189,0.0,0.144,0.397,91.065,145803,4,3g8bUji8bmAWvQ5mAWWJi1,Yours Truly,6Jq0QdwB0vk7VPcIqpo4pr,7c8WSGTjxRP9sOob1KukJA,Kalonji,33554,29,2022-05-21,day,22,2024-01-08
0.662,0.453,4,-9.03,0,0.682,0.405,0.0,0.0738,0.373,105.023,206857,4,0PDnxaRGq79hWL4BoY4A0n,Daily,6Jq0QdwB0vk7VPcIqpo4pr,"6CxUKwVnCBKKP60XMvnMOL,4pP4fxW65oev1NdRd2Fbn7","Jahllano,Jahshii","20037,74606","25,39",2022-05-22,day,7,2024-01-08
0.894,0.626,1,-4.764,1,0.216,0.547,0.0,0.083,0.477,99.96,196800,4,5G466Gbja3rdzdYco239BN,Nuh Take Chat - Extended Mix,6Jq0QdwB0vk7VPcIqpo4pr,6QJrx4J9XqIxXUBhacoJHC,Medz Boss,34233,27,2022-06-01,day,14,2024-01-08
0.613,0.465,2,-7.489,1,0.408,0.333,0.0,0.101,0.151,106.209,220000,3,6WWtM0iRuSHgQwMcdECa27,Differently,6Jq0QdwB0vk7VPcIqpo4pr,7IbkKTNpBj7MORRdt3oge3,Zerimar,30169,34,2022-05-26,day,31,2024-01-08
0.707,0.384,0,-10.819,0,0.6,0.5,0.0,0.109,0.453,75.015,178014,3,5zMEWgizE64QXMe0Ajqouo,King Kong,6Jq0QdwB0vk7VPcIqpo4pr,"7Cp6h3fC0PPecAmsSb2lRJ,5eyQNZzeKGAeoqV7OLfAtY","Bobo & Beans,Jasse","1120,159","3,4",2022-01-20,day,3,2024-01-08
0.621,0.385,1,-10.404,0,0.413,0.257,1.73e-06,0.0828,0.34,130.637,203337,5,3a7yIEqX5SELrESul1ELjn,Rich Badness,6Jq0QdwB0vk7VPcIqpo4pr,52hLbiHfJsarTXovhOd3qC,Wacko Dan,17910,33,2022-05-31,day,7,2024-01-08
0.503,0.551,5,-5.62,1,0.35,0.724,0.0,0.108,0.541,191.217,148470,4,6IkTCdQdesX4y9fEjKrVn5,My Time,6Jq0QdwB0vk7VPcIqpo4pr,52hLbiHfJsarTXovhOd3qC,Wacko Dan,17910,33,2022-05-31,day,12,2024-01-08
0.925,0.335,0,-8.031,0,0.216,0.299,0.0,0.0709,0.659,98.082,196106,4,0aoTkqXBkjHn6Upg31J9jR,Iphone 12,6Jq0QdwB0vk7VPcIqpo4pr,52hLbiHfJsarTXovhOd3qC,Wacko Dan,17910,33,2022-05-31,day,8,2024-01-08
0.775,0.412,1,-11.587,1,0.387,0.166,0.0,0.123,0.578,108.949,164140,4,7v10XwnuT4XJq5oS57f7gG,Big Back,6Jq0QdwB0vk7VPcIqpo4pr,"5lNzZzqn2pOmP4dFuPluNF,3WJps7HNM1yNBed5t6ptQJ","Shade Mischif,Lady Lava","1,956","0,16",2022-06-07,day,0,2024-01-08
0.549,0.558,10,-7.109,1,0.495,0.331,0.0,0.105,0.25,67.361,240577,5,5nDmYjogXKkgPm1xyVaC5r,Heart Grief,6Jq0QdwB0vk7VPcIqpo4pr,7c8WSGTjxRP9sOob1KukJA,Kalonji,33554,29,2022-06-28,day,23,2024-01-08
0.894,0.48,5,-8.283,1,0.235,0.693,0.0,0.107,0.381,94.975,164284,4,3lwIOzWr7pFcgpY4NYofdD,Keep It Real,6Jq0QdwB0vk7VPcIqpo4pr,0JSBUUBuT8pbdbw1UZggSY,Tefflon,19249,28,2022-06-23,day,6,2024-01-08
0.6,0.48,5,-7.751,0,0.328,0.351,1.58e-06,0.123,0.688,126.434,196545,5,6vkvYx46FskrDBNvYIxvJS,The Best,6Jq0QdwB0vk7VPcIqpo4pr,6CxUKwVnCBKKP60XMvnMOL,Jahllano,20037,25,2022-06-13,day,5,2024-01-08
0.66,0.645,9,-4.442,0,0.473,0.253,9.49e-05,0.103,0.341,100.162,177605,4,7JSt8uiLKkqKpFYy6TUSl6,Askel,6Jq0QdwB0vk7VPcIqpo4pr,"3iWwLfjZAKzmAB57v38i45,6jcSOT54WIEgWu8pVtyTOG","Raskality,Ragz To Richez","5723,355","15,27",2022-06-24,day,1,2024-01-08
0.856,0.589,0,-7.197,0,0.161,0.0683,0.0,0.0976,0.531,103.021,207125,4,4XpgiCs4NJbQSW4niQkm0o,Light It Up,6Jq0QdwB0vk7VPcIqpo4pr,"6fanvfSBKMMExePwhUq8Mi,0uNHvvSHwND1DgjDWl9nJE","K Lion,Cashan","40088,614","30,17",2022-04-20,day,9,2024-01-08
0.727,0.577,1,-7.423,0,0.112,0.715,0.0,0.111,0.307,90.044,181394,4,1Kmw6jCOBXFzJtZpELdNdd,Govern,6Jq0QdwB0vk7VPcIqpo4pr,2Jv0w50BNaGlwnXpq69HGm,Prince Swanny,112646,43,2022-07-01,day,23,2024-01-08
0.755,0.395,10,-11.467,1,0.434,0.0185,0.0,0.146,0.101,68.656,225745,5,4ZG7m26e9GvVSooMqEjdMh,GSF Badness,6Jq0QdwB0vk7VPcIqpo4pr,"2JC7YH9Umra4Zc8mseZsRD,0PC8mhJwp2zZ8XFELC95bA,52hLbiHfJsarTXovhOd3qC","Going Global Records,Cj Dan,Wacko Dan","8937,36,17910","37,2,33",2022-06-29,day,12,2024-01-08
0.811,0.396,5,-8.775,1,0.101,0.474,0.0,0.113,0.252,96.091,160752,4,0paMeC8Ss4CAcP7qbH1DcN,Dear God,6Jq0QdwB0vk7VPcIqpo4pr,"4GjfdRM9UmdLr6pxyLZrNV,2ZoRuY63B7fzl9HaKjlWoF","Jeff Fullyauto,Weekday","25162,1390","38,44",2021-11-19,day,40,2024-01-08
0.749,0.558,1,-7.036,1,0.217,0.166,0.0,0.0979,0.58,168.043,162865,4,6vxN75DIe6RWQBIIud4ILK,Dutty Song,6Jq0QdwB0vk7VPcIqpo4pr,"4GjfdRM9UmdLr6pxyLZrNV,7hWaGGtpmVl4GvriwUpHSA","Jeff Fullyauto,Rajev Caution","25162,253","38,32",2022-06-19,day,50,2024-01-08
0.523,0.628,11,-7.023,0,0.428,0.193,0.000146,0.628,0.665,125.123,159264,5,2FYlNtraxNoJ3Mak0PukkB,Malandro Lifestyle,6Jq0QdwB0vk7VPcIqpo4pr,52hLbiHfJsarTXovhOd3qC,Wacko Dan,17910,33,2022-07-22,day,13,2024-01-08
0.605,0.509,1,-8.722,0,0.464,0.468,0.0,0.0876,0.267,100.132,174275,4,33pPkol9SlNdvievtq2GGg,Topic,6Jq0QdwB0vk7VPcIqpo4pr,7IbkKTNpBj7MORRdt3oge3,Zerimar,30169,34,2022-07-26,day,18,2024-01-08
0.486,0.634,6,-8.365,0,0.273,0.0885,0.0,0.122,0.531,149.441,212223,4,15fEhxXm3R1IbnyXWrTkC0,Give Thanks,6Jq0QdwB0vk7VPcIqpo4pr,"4W1YDUIlG2VramwT3zKYah,1bLMwR1E1MIAK4H1BZSXRD,6CxUKwVnCBKKP60XMvnMOL","Mountainside Music,Skripturez,Jahllano","829,14,20037","4,0,25",2022-08-11,day,1,2024-01-08
0.724,0.611,1,-6.756,0,0.429,0.122,0.0,0.0803,0.778,91.105,159138,4,5hGxzt32Rtx8r51f8sVrPG,Bag Ah Weed,6Jq0QdwB0vk7VPcIqpo4pr,"4W1YDUIlG2VramwT3zKYah,1rfMUXJ4sDKRFGXM1Y694N,1bLMwR1E1MIAK4H1BZSXRD","Mountainside Music,FAMOH,Skripturez","829,0,14","4,0,0",2022-08-11,day,0,2024-01-08
0.69,0.603,0,-6.007,1,0.0384,0.0618,0.0,0.0843,0.418,88.53,181750,4,7nBBjXlBvsYWhwgQGp2WKz,1 Up,6Jq0QdwB0vk7VPcIqpo4pr,"4W1YDUIlG2VramwT3zKYah,3UwGbC4Sl9MmonrpWo6grS","Mountainside Music,Boy Boy","829,29068","4,41",2022-08-11,day,1,2024-01-08
0.461,0.667,4,-6.602,0,0.187,0.603,0.0,0.219,0.302,83.321,187376,4,1jOeXRTzK2g6qKoTbhVtWi,Against The World,6Jq0QdwB0vk7VPcIqpo4pr,2Jv0w50BNaGlwnXpq69HGm,Prince Swanny,112646,43,2022-08-05,day,22,2024-01-08
0.704,0.397,11,-10.797,1,0.319,0.165,1.49e-06,0.138,0.347,127.471,163584,5,2aHZP3uJSuVGRS0NlephhZ,Me Alone,6Jq0QdwB0vk7VPcIqpo4pr,58GP6t4N8aiJkHTOM41ECz,Plumpy Boss,21328,31,2022-09-01,day,17,2024-01-08
0.685,0.638,0,-6.925,0,0.45,0.827,1.54e-06,0.113,0.517,118.052,205440,5,0qXt6rKeYeIHKfm5LGC0yV,Paranoid,6Jq0QdwB0vk7VPcIqpo4pr,58GP6t4N8aiJkHTOM41ECz,Plumpy Boss,21328,31,2022-09-01,day,17,2024-01-08
0.466,0.718,5,-7.601,1,0.236,0.283,0.0,0.107,0.254,70.368,182443,3,3EOyDe8uORCmWmiVsC7VId,Avoid Me,6Jq0QdwB0vk7VPcIqpo4pr,58GP6t4N8aiJkHTOM41ECz,Plumpy Boss,21328,31,2022-09-01,day,11,2024-01-08
0.6,0.692,11,-6.417,1,0.289,0.165,0.0,0.276,0.386,127.727,180075,5,5dCs66iNwIAQ110k7XUB2W,Pandemic,6Jq0QdwB0vk7VPcIqpo4pr,58GP6t4N8aiJkHTOM41ECz,Plumpy Boss,21328,31,2022-09-01,day,8,2024-01-08
0.595,0.594,8,-7.926,1,0.146,0.521,0.0,0.136,0.393,57.272,181419,5,03SIjZtsI2zfWhEapnSWqT,Behind My Eyes,6Jq0QdwB0vk7VPcIqpo4pr,58GP6t4N8aiJkHTOM41ECz,Plumpy Boss,21328,31,2022-09-01,day,12,2024-01-08
0.608,0.619,2,-6.516,1,0.0702,0.227,0.0,0.0855,0.0979,122.356,216043,5,4P5zO3RAZy3gTFWiUeCAIa,Burial Ground,6Jq0QdwB0vk7VPcIqpo4pr,58GP6t4N8aiJkHTOM41ECz,Plumpy Boss,21328,31,2022-09-01,day,12,2024-01-08
0.921,0.445,1,-11.686,0,0.16,0.158,0.0367,0.0761,0.691,95.005,142784,4,6UjGbyQ8EnS6MVYNVr3qun,Load D Clip,6Jq0QdwB0vk7VPcIqpo4pr,58GP6t4N8aiJkHTOM41ECz,Plumpy Boss,21328,31,2022-09-01,day,34,2024-01-08
0.925,0.376,4,-12.443,1,0.194,0.666,0.0,0.104,0.714,102.085,145946,4,5kvrFtZQEQ6xYhriLyulFd,Change,6Jq0QdwB0vk7VPcIqpo4pr,3UwGbC4Sl9MmonrpWo6grS,Boy Boy,29068,41,2022-07-02,day,15,2024-01-08
0.493,0.659,5,-3.853,0,0.353,0.238,0.0,0.193,0.318,81.698,167852,4,37NmSma5VIYaEaiQgMuoVO,Fully Six,6Jq0QdwB0vk7VPcIqpo4pr,52hLbiHfJsarTXovhOd3qC,Wacko Dan,17910,33,2022-08-26,day,26,2024-01-08
0.606,0.378,9,-14.694,0,0.318,0.569,0.0,0.0969,0.436,128.583,202952,5,5DKuyqt5V20dmn7RX3cisB,Outcast,6Jq0QdwB0vk7VPcIqpo4pr,3IDfJpj4YVkaBl7Dd52Pxv,Byron Messia,65600,61,2021-09-10,day,34,2024-01-08
0.684,0.479,6,-12.356,0,0.2,0.384,0.0,0.111,0.21,126.09,177846,5,6Itc5Cztzw2TKPHD0nU2II,Paranoid,6Jq0QdwB0vk7VPcIqpo4pr,3IDfJpj4YVkaBl7Dd52Pxv,Byron Messia,65600,61,2021-09-10,day,31,2024-01-08
0.64,0.615,8,-6.141,0,0.158,0.328,0.0,0.0839,0.349,128.905,183711,5,2mQYc7RE859jb1mAMPWaJx,Killa Vybe,6Jq0QdwB0vk7VPcIqpo4pr,27Wmihskck8Oqi5h4uB8nh,Khid,382,2,2021-08-20,day,9,2024-01-08
0.785,0.555,4,-7.794,0,0.202,0.522,0.0,0.178,0.19,95.091,156638,4,2iP56OQQCdhiP8GTP8gwJu,How Dem Feel,6Jq0QdwB0vk7VPcIqpo4pr,"2MuuAt4UaBpracdBrvmL7O,5Udy2IkFrw0nS0oOOBW82W","Tadre,Lenoi Bentley","190,24","1,3",2022-08-07,day,9,2024-01-08
0.506,0.625,10,-7.46,0,0.14,0.0362,0.000558,0.123,0.115,141.455,184286,5,1kWZfeetImDrxmiPkSMxd3,SHAKE,6Jq0QdwB0vk7VPcIqpo4pr,"2Jv0w50BNaGlwnXpq69HGm,5FkUhnHQ0KC63549LHHtst","Prince Swanny,Skillibeng","112646,325197","43,59",2022-09-09,day,26,2024-01-08
0.854,0.656,5,-6.039,0,0.0938,0.673,0.0,0.11,0.726,140.099,166348,4,6cscXckiwvo9VarTwE3a1G,Ready,6Jq0QdwB0vk7VPcIqpo4pr,"2VpYQkkjCohjSPskaQGyp0,6QJrx4J9XqIxXUBhacoJHC","West Bank Records,Medz Boss","4114,34233","32,27",2022-09-21,day,16,2024-01-08
0.843,0.579,1,-5.635,1,0.529,0.477,0.0,0.0631,0.151,96.239,166081,4,28IUnpT40yKEHF9T5d1nw8,Knock It,6Jq0QdwB0vk7VPcIqpo4pr,"2JC7YH9Umra4Zc8mseZsRD,5z13HVjZiBk0yNgEUM7c78","Going Global Records,T Man Nine","8937,828","37,7",2022-09-13,day,21,2024-01-08
0.808,0.508,1,-5.216,1,0.552,0.0999,0.0,0.0628,0.124,95.56,166091,4,7JqKFLpLoB9AkYm8U0rXjb,4AM Freestyle,6Jq0QdwB0vk7VPcIqpo4pr,"2JC7YH9Umra4Zc8mseZsRD,7tnzhcb2y0dtPFIFVTp0A4","Going Global Records,Tafari","8937,26094","37,22",2022-09-13,day,10,2024-01-08
0.91,0.494,1,-4.815,1,0.523,0.385,0.0,0.0516,0.175,96.09,171245,4,3LZCQdxnLjN02YuL4yv7oT,3 Jump Out,6Jq0QdwB0vk7VPcIqpo4pr,"2JC7YH9Umra4Zc8mseZsRD,5wqm8u0YEPKbX3LHFzErxG","Going Global Records,Young Shotta","8937,3","37,1",2022-09-13,day,7,2024-01-08
0.627,0.547,1,-5.458,1,0.562,0.209,0.0,0.147,0.278,92.274,166091,4,6W9H3PJBPoXniF81Av7QBe,PSG,6Jq0QdwB0vk7VPcIqpo4pr,"2JC7YH9Umra4Zc8mseZsRD,5QzlLj4WGVPkMArSIwpTn8","Going Global Records,One6","8937,236","37,1",2022-09-13,day,4,2024-01-08
0.618,0.587,1,-8.694,1,0.83,0.357,0.0,0.0744,0.238,83.848,164996,1,2TdT59ewWmllCG4rtc52vw,Head Ah Bounce,6Jq0QdwB0vk7VPcIqpo4pr,"2JC7YH9Umra4Zc8mseZsRD,2SeCsPep6yGO1MR619XEDt","Going Global Records,Flanka","8937,289","37,1",2022-09-13,day,4,2024-01-08
0.67,0.409,1,-10.563,1,0.6,0.322,1.81e-06,0.0668,0.14,95.133,167500,4,2ykbnUbtvCwK1IYrahwZBl,Aliens,6Jq0QdwB0vk7VPcIqpo4pr,"2JC7YH9Umra4Zc8mseZsRD,1HyoBVv7XLRzydEFGKeJON","Going Global Records,Young General","8937,12","37,6",2022-09-13,day,5,2024-01-08
0.621,0.124,1,-18.922,1,0.104,0.075,0.903,0.0744,0.0485,99.747,167497,4,4nm6r3mu2f1fOM73Cq7BfL,Riddim,6Jq0QdwB0vk7VPcIqpo4pr,2JC7YH9Umra4Zc8mseZsRD,Going Global Records,8937,37,2022-09-13,day,2,2024-01-08
0.629,0.538,1,-6.421,0,0.238,0.394,0.0,0.0864,0.175,95.874,163125,4,4yzGchS11url4tUKHpHR8h,Get Back Gang (GBG),6Jq0QdwB0vk7VPcIqpo4pr,52hLbiHfJsarTXovhOd3qC,Wacko Dan,17910,33,2022-09-01,day,17,2024-01-08
0.723,0.717,1,-4.715,1,0.349,0.219,0.0,0.17,0.43,101.726,152941,4,2NcpEqWnKzoQlqf2lb7tai,God Did,6Jq0QdwB0vk7VPcIqpo4pr,5tr6GdAE9bwCqYuLXUwIhd,Toppy Boss,8031,4,2022-09-09,day,2,2024-01-08
0.819,0.576,1,-5.984,0,0.378,0.691,0.00212,0.101,0.341,109.928,160366,4,4TvEaJuG9lVb52SY2EeWus,"Money, Guns N Bitches.",6Jq0QdwB0vk7VPcIqpo4pr,7f7sbIc0DpHIv84c7MG098,Toppy Boss,3313,10,2022-01-21,day,11,2024-01-08
0.897,0.512,6,-8.595,0,0.181,0.775,0.000859,0.109,0.472,100.011,182419,4,0GMYQXqp7tOsUHCldNnMJU,QuickQuick,6Jq0QdwB0vk7VPcIqpo4pr,7f7sbIc0DpHIv84c7MG098,Toppy Boss,3313,10,2022-03-02,day,4,2024-01-08
0.517,0.442,7,-13.565,0,0.192,0.173,0.0,0.17,0.459,102.633,175256,4,0HwAJ2JekZbDtfT1vN4JRb,Big Draco,6Jq0QdwB0vk7VPcIqpo4pr,7f7sbIc0DpHIv84c7MG098,Toppy Boss,3313,10,2022-08-15,day,1,2024-01-08
0.89,0.735,1,-0.665,1,0.134,0.349,0.0,0.0922,0.152,98.972,206059,4,3eirgp6d5TT0QBKtjniqm4,BullPop,6Jq0QdwB0vk7VPcIqpo4pr,"2JC7YH9Umra4Zc8mseZsRD,277jOUSGN5AKoZoDxvfmUP,7tnzhcb2y0dtPFIFVTp0A4,52hLbiHfJsarTXovhOd3qC","Going Global Records,Young Star 6ixx,Tafari,Wacko Dan","8937,15424,26094,17910","37,28,22,33",2022-09-26,day,14,2024-01-08
0.777,0.622,4,-6.643,0,0.0516,0.277,0.0,0.136,0.691,91.99,195709,4,1p7j210kk4x2FQlVnkxcwP,Instructions,6Jq0QdwB0vk7VPcIqpo4pr,52hLbiHfJsarTXovhOd3qC,Wacko Dan,17910,33,2022-09-22,day,11,2024-01-08
0.664,0.573,11,-5.843,0,0.446,0.649,0.0,0.271,0.772,125.688,193939,5,2iENtUfpvZMiMpHcppHW5y,Amazing,6Jq0QdwB0vk7VPcIqpo4pr,52hLbiHfJsarTXovhOd3qC,Wacko Dan,17910,33,2022-09-22,day,9,2024-01-08
0.568,0.559,6,-6.566,1,0.398,0.698,2.77e-06,0.0823,0.522,92.387,203478,4,7diJyA5LSVuQTXG0HSbUYd,SHI,6Jq0QdwB0vk7VPcIqpo4pr,"52hLbiHfJsarTXovhOd3qC,3AgkOAJp5n9GZQTuIphgrl","Wacko Dan,Level Boss","17910,1","33,0",2022-09-22,day,7,2024-01-08
0.497,0.481,4,-7.779,0,0.113,0.729,0.0,0.119,0.28,85.746,126000,4,1ppAhlqKWeGPSBvV3oQ8GT,Gyal Mi Wa Yuh,6Jq0QdwB0vk7VPcIqpo4pr,"52hLbiHfJsarTXovhOd3qC,5C2msAV8YB6J6VXwrjNnFV","Wacko Dan,Mello","17910,33","33,1",2022-09-22,day,8,2024-01-08
0.555,0.684,6,-5.628,1,0.203,0.774,0.0,0.1,0.707,103.556,155000,4,4bHGqDi5QCjtL5Ky83Dm2S,Everything Set,6Jq0QdwB0vk7VPcIqpo4pr,"52hLbiHfJsarTXovhOd3qC,6omS8cxg176TgGaOMKDGae","Wacko Dan,DJ Ana","17910,2482","33,13",2022-09-22,day,9,2024-01-08
0.486,0.743,3,-4.774,0,0.304,0.572,0.0,0.122,0.525,168.529,140198,1,4DIkL4gsf19Xega6Oi3cEH,Sweet,6Jq0QdwB0vk7VPcIqpo4pr,52hLbiHfJsarTXovhOd3qC,Wacko Dan,17910,33,2022-09-22,day,9,2024-01-08
0.63,0.468,3,-7.715,0,0.379,0.703,0.0,0.0924,0.418,127.987,227500,5,4PSQaUDT1nEQvSevPrBMYN,Steamy,6Jq0QdwB0vk7VPcIqpo4pr,52hLbiHfJsarTXovhOd3qC,Wacko Dan,17910,33,2022-09-22,day,8,2024-01-08
0.593,0.528,9,-5.0,0,0.182,0.847,0.0,0.111,0.679,78.453,159000,4,2woVLlk2LtRc9Kiym4lInl,Go Inside,6Jq0QdwB0vk7VPcIqpo4pr,52hLbiHfJsarTXovhOd3qC,Wacko Dan,17910,33,2022-09-22,day,7,2024-01-08
0.578,0.482,2,-10.223,1,0.523,0.022,0.0,0.0968,0.18,67.412,240000,5,1bA0nBgKqIVG9BNZhJkD0H,Blame,6Jq0QdwB0vk7VPcIqpo4pr,4p8rJDmYB2ggiYD8sHbIf4,Kalonji,6688,7,2022-09-26,day,25,2024-01-08
0.562,0.387,3,-11.298,0,0.361,0.0871,0.0,0.0757,0.36,136.859,168460,5,2diMxkdxFXIAXzAyjhmcIm,Retribution,6Jq0QdwB0vk7VPcIqpo4pr,"6J8dvJPNJjACbcuIjzsirY,7c8WSGTjxRP9sOob1KukJA","Fully 8 Recordz,Kalonji","2458,33554","9,29",2022-05-13,day,21,2024-01-08
0.484,0.361,8,-12.455,1,0.214,0.00149,0.000188,0.11,0.119,139.224,166154,5,3dVskBTP0xMzS1aKGsAQ1e,Chosen,6Jq0QdwB0vk7VPcIqpo4pr,"6J8dvJPNJjACbcuIjzsirY,3IDfJpj4YVkaBl7Dd52Pxv","Fully 8 Recordz,Byron Messia","2458,65600","9,61",2022-05-13,day,11,2024-01-08
0.701,0.592,1,-5.097,1,0.1,0.00701,0.0,0.111,0.114,104.378,168462,4,3qsCinWdmQj3T7AcvPv6lO,OTRG,6Jq0QdwB0vk7VPcIqpo4pr,"6J8dvJPNJjACbcuIjzsirY,6Iym59CxrdzsxIn9LPFR9n","Fully 8 Recordz,Gskell","2458,4727","9,9",2022-08-12,day,3,2024-01-08
0.729,0.54,2,-7.322,1,0.139,0.264,0.0,0.126,0.249,94.062,199758,4,4biVJIpQmT2yE06O6mRfTm,No Looking Back,6Jq0QdwB0vk7VPcIqpo4pr,2Jv0w50BNaGlwnXpq69HGm,Prince Swanny,112646,43,2022-09-30,day,19,2024-01-08
0.554,0.69,7,-5.833,1,0.269,0.234,0.0,0.0939,0.332,93.795,157725,4,40my1vckOOlU9fi6YlDvUb,Almighty,6Jq0QdwB0vk7VPcIqpo4pr,"4WbdSmUVWp9piHBZdc71mc,5Udy2IkFrw0nS0oOOBW82W","One Pong,Lenoi Bentley","129,24","1,3",2022-09-30,day,0,2024-01-08
0.754,0.484,11,-9.305,1,0.245,0.252,0.0,0.108,0.35,100.014,212370,4,6uMUt0wdbGGt8Xo5YgjLla,I Need Your Love,6Jq0QdwB0vk7VPcIqpo4pr,7tnzhcb2y0dtPFIFVTp0A4,Tafari,26094,22,2022-05-20,day,5,2024-01-08
0.79,0.521,2,-5.955,1,0.222,0.362,0.0,0.109,0.358,93.972,199200,4,1705vm5DonNsho1cvXn3hf,No Looking Back,6Jq0QdwB0vk7VPcIqpo4pr,2Jv0w50BNaGlwnXpq69HGm,Prince Swanny,112646,43,2022-10-14,day,29,2024-01-08
0.746,0.486,9,-8.568,0,0.192,0.475,0.0,0.101,0.251,116.055,199482,5,6FDuLrmos747084Cki2rEl,Resume,6Jq0QdwB0vk7VPcIqpo4pr,2Jv0w50BNaGlwnXpq69HGm,Prince Swanny,112646,43,2022-10-14,day,29,2024-01-08
0.664,0.424,2,-12.894,0,0.186,0.451,0.0,0.117,0.311,82.965,199576,4,3d49O7sY6EEFP3JBIm5LoU,I Try,6Jq0QdwB0vk7VPcIqpo4pr,2Jv0w50BNaGlwnXpq69HGm,Prince Swanny,112646,43,2022-10-14,day,23,2024-01-08
0.458,0.569,2,-8.737,0,0.321,0.418,0.0,0.15,0.297,97.736,174165,4,59GU1vEhzOMO1BwtGNra8b,Stay High,6Jq0QdwB0vk7VPcIqpo4pr,2Jv0w50BNaGlwnXpq69HGm,Prince Swanny,112646,43,2022-10-14,day,25,2024-01-08
0.697,0.713,0,-6.524,1,0.341,0.467,0.0,0.218,0.347,170.046,206185,4,6HFGRUomml1zwcGBIYCEW9,Time Is Now,6Jq0QdwB0vk7VPcIqpo4pr,2Jv0w50BNaGlwnXpq69HGm,Prince Swanny,112646,43,2022-10-14,day,19,2024-01-08
0.657,0.799,5,-3.4,0,0.0834,0.33,0.0,0.073,0.569,90.075,160731,4,20yYPae67u3J5JO0DNPWQs,Rich Badness,6Jq0QdwB0vk7VPcIqpo4pr,"2Jv0w50BNaGlwnXpq69HGm,3IDfJpj4YVkaBl7Dd52Pxv","Prince Swanny,Byron Messia","112646,65600","43,61",2022-10-14,day,33,2024-01-08
0.359,0.366,6,-12.854,0,0.179,0.346,0.0,0.114,0.584,185.552,191040,5,1fVJoyIkzdreZ9hEjzt7W6,Killyz,6Jq0QdwB0vk7VPcIqpo4pr,2Jv0w50BNaGlwnXpq69HGm,Prince Swanny,112646,43,2022-10-14,day,19,2024-01-08
0.727,0.577,1,-7.423,0,0.112,0.715,0.0,0.111,0.307,90.044,181394,4,72tO2yLuRqoSy1E9pkDc5A,Govern,6Jq0QdwB0vk7VPcIqpo4pr,2Jv0w50BNaGlwnXpq69HGm,Prince Swanny,112646,43,2022-10-14,day,20,2024-01-08
0.506,0.625,10,-7.46,0,0.14,0.0362,0.000558,0.123,0.115,141.455,184286,5,4cVtLU7BqRnjcZRpSicMqL,SHAKE,6Jq0QdwB0vk7VPcIqpo4pr,"2Jv0w50BNaGlwnXpq69HGm,5FkUhnHQ0KC63549LHHtst","Prince Swanny,Skillibeng","112646,325197","43,59",2022-10-14,day,22,2024-01-08
0.736,0.429,5,-12.271,1,0.24,0.702,0.0,0.105,0.383,101.799,161020,4,2NJhUa1mC6hrHDcAsBdebV,Bestie,6Jq0QdwB0vk7VPcIqpo4pr,2Jv0w50BNaGlwnXpq69HGm,Prince Swanny,112646,43,2022-10-14,day,31,2024-01-08
0.65,0.505,8,-9.959,0,0.254,0.448,0.0,0.394,0.509,176.102,155544,4,1NBY0CKccVUgzZfLMm7L3K,Love It,6Jq0QdwB0vk7VPcIqpo4pr,"2Jv0w50BNaGlwnXpq69HGm,3J7r4VsNmuWixU0nXvyPd8","Prince Swanny,Kalash","112646,660334","43,60",2022-10-14,day,28,2024-01-08
0.479,0.617,4,-9.802,0,0.231,0.586,0.0,0.0809,0.374,96.084,190999,4,716il8q0LfZkgfkr5RXTkX,Match Energy,6Jq0QdwB0vk7VPcIqpo4pr,2Jv0w50BNaGlwnXpq69HGm,Prince Swanny,112646,43,2022-10-14,day,25,2024-01-08
0.671,0.625,1,-13.029,1,0.429,0.107,3.55e-06,0.121,0.507,199.736,184869,4,4tfrWY6rAT3J0k9gEJhony,Step by Step,6Jq0QdwB0vk7VPcIqpo4pr,"2Jv0w50BNaGlwnXpq69HGm,40NRiKuuhj1pgGYppptlBO","Prince Swanny,Not3s","112646,465183","43,53",2022-10-14,day,16,2024-01-08
0.461,0.667,4,-6.602,0,0.187,0.603,0.0,0.219,0.302,83.321,187376,4,0npohEpcx8EMAyEYwE2gBV,Against The World,6Jq0QdwB0vk7VPcIqpo4pr,2Jv0w50BNaGlwnXpq69HGm,Prince Swanny,112646,43,2022-10-14,day,25,2024-01-08
0.866,0.661,2,-3.355,1,0.0508,0.135,0.0,0.161,0.631,110.015,113454,4,2m6ufFCp2rBnofGksxGruW,Nanny (Gunman In Yuh Hole Riddim),6Jq0QdwB0vk7VPcIqpo4pr,6QJrx4J9XqIxXUBhacoJHC,Medz Boss,34233,27,2022-10-14,day,4,2024-01-08
0.786,0.713,5,-3.901,1,0.379,0.58,0.0,0.68,0.234,102.971,178331,4,4YyEoproMK80YGv0GxAh0M,Grave Shift,6Jq0QdwB0vk7VPcIqpo4pr,"2JC7YH9Umra4Zc8mseZsRD,6Iym59CxrdzsxIn9LPFR9n","Going Global Records,Gskell","8937,4727","37,9",2022-10-14,day,2,2024-01-08
0.831,0.616,7,-4.061,0,0.335,0.424,0.0,0.115,0.174,68.671,167765,5,1iRSzvf08rkARRA2y1kPOn,Fully Active,6Jq0QdwB0vk7VPcIqpo4pr,"2JC7YH9Umra4Zc8mseZsRD,6TE0wEz9oa2avDdUTLWesJ","Going Global Records,Reiga","8937,3","37,0",2022-10-14,day,3,2024-01-08
0.838,0.782,10,-3.106,1,0.354,0.5,0.0,0.11,0.243,103.004,97863,4,3cNl8C1AzOUcck6cNpgQy8,Wa Dey Know Freestyle,6Jq0QdwB0vk7VPcIqpo4pr,"2JC7YH9Umra4Zc8mseZsRD,0ZmsMH6X0dz63imIjUGTzF","Going Global Records,Skelly 12k","8937,2271","37,23",2022-10-14,day,20,2024-01-08
0.933,0.66,0,-3.882,1,0.33,0.219,0.0,0.072,0.339,103.072,226017,4,6TPPVyDbwd5LjBuQJf14zz,New Draco,6Jq0QdwB0vk7VPcIqpo4pr,"2JC7YH9Umra4Zc8mseZsRD,2Z2ttTDzbwUhfMWVt246Vg","Going Global Records,Bonez 6ixx","8937,67","37,5",2022-10-14,day,3,2024-01-08
0.595,0.536,7,-4.918,0,0.505,0.0894,0.0,0.105,0.109,69.483,208824,5,74xzMfg3Ns0GKwVcn2mzZ9,East Side,6Jq0QdwB0vk7VPcIqpo4pr,"2JC7YH9Umra4Zc8mseZsRD,2SeCsPep6yGO1MR619XEDt","Going Global Records,Flanka","8937,289","37,1",2022-10-14,day,1,2024-01-08
0.496,0.625,10,-2.399,0,0.195,0.286,4.53e-06,0.0922,0.386,160.533,141087,1,7kDNOG5ZhUVdTVWTp82yGL,Murderer,6Jq0QdwB0vk7VPcIqpo4pr,52hLbiHfJsarTXovhOd3qC,Wacko Dan,17910,33,2022-10-07,day,12,2024-01-08
0.697,0.423,2,-10.076,1,0.0717,0.789,0.0,0.117,0.824,87.909,175987,4,3MeGERGp0gVSWS8Lg5ywFD,Friend Zone,6Jq0QdwB0vk7VPcIqpo4pr,0JSBUUBuT8pbdbw1UZggSY,Tefflon,19249,28,2022-10-12,day,4,2024-01-08
0.802,0.769,2,-5.3,0,0.167,0.208,1.71e-05,0.112,0.204,100.042,177600,4,3D23o7uPjoEO7gMp8pvi6e,Dead Opps,6Jq0QdwB0vk7VPcIqpo4pr,277jOUSGN5AKoZoDxvfmUP,Young Star 6ixx,15424,28,2022-09-01,day,6,2024-01-08
0.893,0.506,8,-6.155,0,0.187,0.422,0.0,0.0861,0.467,95.993,167500,4,2F5c2pDNrdriX6PMvUt6l5,Press The 16,6Jq0QdwB0vk7VPcIqpo4pr,277jOUSGN5AKoZoDxvfmUP,Young Star 6ixx,15424,28,2022-08-22,day,19,2024-01-08
0.861,0.459,4,-7.166,0,0.14,0.117,1.22e-05,0.143,0.164,122.734,187826,5,3qA8vrsEK44koiygpAay8J,Midnight,6Jq0QdwB0vk7VPcIqpo4pr,3UwGbC4Sl9MmonrpWo6grS,Boy Boy,29068,41,2022-09-16,day,25,2024-01-08
0.623,0.513,9,-8.704,1,0.246,0.141,0.0,0.304,0.412,142.37,174796,4,305nTDx8qex0xzuZgqhsMf,Feel Yuh Tuff,6Jq0QdwB0vk7VPcIqpo4pr,7IbkKTNpBj7MORRdt3oge3,Zerimar,30169,34,2022-09-23,day,29,2024-01-08
0.759,0.593,1,-6.27,0,0.191,0.189,0.0,0.147,0.347,94.026,214468,4,4sn3LNPwXoij7nOmCmYsKq,Cold World,6Jq0QdwB0vk7VPcIqpo4pr,7c8WSGTjxRP9sOob1KukJA,Kalonji,33554,29,2022-11-04,day,20,2024-01-08
0.59,0.628,9,-6.048,0,0.32,0.355,0.0,0.136,0.47,98.122,168138,4,3RRovL6Hf315J29YAgfEV8,No Days Off,6Jq0QdwB0vk7VPcIqpo4pr,7c8WSGTjxRP9sOob1KukJA,Kalonji,33554,29,2022-11-04,day,16,2024-01-08
0.855,0.67,7,-7.294,0,0.073,0.126,0.0,0.117,0.232,117.007,229799,4,6rh7zdJoLXruTDhEaJ3IxY,45,6Jq0QdwB0vk7VPcIqpo4pr,7c8WSGTjxRP9sOob1KukJA,Kalonji,33554,29,2022-11-04,day,18,2024-01-08
0.706,0.567,10,-7.182,0,0.354,0.15,0.0,0.148,0.239,126.715,245106,5,20WGWQksrncYOxhj7zkTMT,Man Kind,6Jq0QdwB0vk7VPcIqpo4pr,7c8WSGTjxRP9sOob1KukJA,Kalonji,33554,29,2022-11-04,day,24,2024-01-08
0.726,0.7,1,-5.608,1,0.564,0.0861,8.73e-05,0.132,0.6,63.888,134400,5,3vwhqxvC0ckWFtcBrttwsc,Bedroom Freestyle,6Jq0QdwB0vk7VPcIqpo4pr,7c8WSGTjxRP9sOob1KukJA,Kalonji,33554,29,2022-11-04,day,12,2024-01-08
0.565,0.581,7,-6.252,1,0.142,0.634,0.0,0.11,0.423,91.432,193384,4,1KOuffoi8w3wLjs7WK8f7r,Likke Bit,6Jq0QdwB0vk7VPcIqpo4pr,7c8WSGTjxRP9sOob1KukJA,Kalonji,33554,29,2020-11-29,day,10,2024-01-08
0.615,0.573,0,-6.64,1,0.079,0.19,0.0,0.163,0.184,87.366,168016,4,5b5L42YI1LJ5n0IBHOWdcO,Don't Violate,6Jq0QdwB0vk7VPcIqpo4pr,06GpZJWPcLAs6Ms6AZToL4,Big Smoak,1525,37,2023-03-27,day,28,2024-01-08
0.774,0.613,4,-8.125,1,0.316,0.204,0.0,0.104,0.538,101.031,156832,4,3YYuaKmDu6Eb5Ds6PHxy4Z,BIG PARTY,6Jq0QdwB0vk7VPcIqpo4pr,"51RG7tEip3vlXG9y9vylxp,6QJrx4J9XqIxXUBhacoJHC","Tency,Medz Boss","14867,34233","30,27",2022-12-01,day,10,2024-01-08
0.799,0.849,2,-1.046,1,0.194,0.706,0.0,0.358,0.322,99.996,169628,4,3LEtN1oaJYFNN7JXG4O0k5,Buss Yuh Head Now,6Jq0QdwB0vk7VPcIqpo4pr,3r8Hq14XJAyy6K8mlBs2s5,Rebel Sixx,50851,34,2022-10-07,day,11,2024-01-08
0.609,0.75,8,-4.195,0,0.444,0.252,0.0,0.0893,0.142,125.766,180000,5,4fyU0mk5xLc8sHqw0vVJaf,Camouflage Friend,6Jq0QdwB0vk7VPcIqpo4pr,3r8Hq14XJAyy6K8mlBs2s5,Rebel Sixx,50851,34,2022-10-07,day,20,2024-01-08
0.873,0.639,5,-6.168,0,0.0914,0.0479,0.0,0.0979,0.561,99.921,117600,4,5aeeYQoIp4LAUyudhD5cuj,Chop Stick (Cut Audio),6Jq0QdwB0vk7VPcIqpo4pr,7c8WSGTjxRP9sOob1KukJA,Kalonji,33554,29,2022-11-02,day,30,2024-01-08
0.718,0.567,5,-10.385,0,0.231,0.0641,1.01e-06,0.0939,0.357,80.641,142810,5,7xuyTCbwp0zjry8SOtILHj,East Side,6Jq0QdwB0vk7VPcIqpo4pr,7c8WSGTjxRP9sOob1KukJA,Kalonji,33554,29,2022-12-24,day,23,2024-01-08
0.508,0.704,4,-6.51,0,0.248,0.614,0.0,0.449,0.398,115.916,172330,5,1u1JtowrKeYBF30maELdF9,Real Life,6Jq0QdwB0vk7VPcIqpo4pr,"2VpYQkkjCohjSPskaQGyp0,52hLbiHfJsarTXovhOd3qC","West Bank Records,Wacko Dan","4114,17910","32,33",2022-12-30,day,26,2024-01-08
0.801,0.884,7,-3.476,1,0.164,0.0589,0.0,0.16,0.894,110.017,159818,4,4SDs2cNKpF2v4VKKrRTn3Z,Like Dat,6Jq0QdwB0vk7VPcIqpo4pr,"6CxUKwVnCBKKP60XMvnMOL,0kUuFJFB1xoz0HZPnhsUkB","Jahllano,Brooklyn Decent","20037,197","25,14",2022-11-21,day,9,2024-01-08
0.762,0.602,10,-8.701,1,0.222,0.366,2.02e-05,0.0649,0.823,87.828,166426,4,5tvRkCrGsrTljHOnPHE5Vj,Party Hard,6Jq0QdwB0vk7VPcIqpo4pr,"2Jd4rUFlIWzOrgbaSj1BiD,58GP6t4N8aiJkHTOM41ECz","Keefff,Plumpy Boss","62,21328","2,31",2022-11-28,day,4,2024-01-08
0.585,0.736,5,-6.254,1,0.329,0.113,0.0,0.206,0.511,100.6,171089,4,4743JRwwps0fTzAiC5RV5B,Sinners Paradise,6Jq0QdwB0vk7VPcIqpo4pr,7c8WSGTjxRP9sOob1KukJA,Kalonji,33554,29,2022-10-26,day,15,2024-01-08
0.517,0.719,6,-4.755,0,0.264,0.266,0.0,0.184,0.303,120.85,173333,5,2XT0h1MNRF6feCWQy2WxYh,Novice,6Jq0QdwB0vk7VPcIqpo4pr,7c8WSGTjxRP9sOob1KukJA,Kalonji,33554,29,2023-01-13,day,15,2024-01-08
0.778,0.686,5,-6.587,0,0.133,0.379,4.56e-06,0.112,0.344,90.042,216000,4,0uIYj1j0ZhAWLCdChqk5TB,All I Need,6Jq0QdwB0vk7VPcIqpo4pr,7tnzhcb2y0dtPFIFVTp0A4,Tafari,26094,22,2023-01-09,day,7,2024-01-08
0.572,0.803,0,-4.184,1,0.107,0.237,0.0,0.243,0.517,190.031,213200,4,6kZSnwaw5XjmssmOV7h0zK,Vengeance,6Jq0QdwB0vk7VPcIqpo4pr,"4GjfdRM9UmdLr6pxyLZrNV,6jcSOT54WIEgWu8pVtyTOG","Jeff Fullyauto,Ragz To Richez","25162,355","38,27",2023-01-01,day,16,2024-01-08
0.616,0.629,7,-7.732,1,0.3,0.0101,0.0,0.0794,0.105,90.725,163669,4,05YhIJSLySNE6aTO7tMeVm,Devotion,6Jq0QdwB0vk7VPcIqpo4pr,"3IDfJpj4YVkaBl7Dd52Pxv,2Jv0w50BNaGlwnXpq69HGm","Byron Messia,Prince Swanny","65600,112646","61,43",2023-01-20,day,37,2024-01-08
0.495,0.561,5,-6.339,1,0.394,0.132,1.19e-06,0.108,0.229,179.867,218411,4,78Y0c9bIUkSqN7nnzFw2BD,California,6Jq0QdwB0vk7VPcIqpo4pr,3IDfJpj4YVkaBl7Dd52Pxv,Byron Messia,65600,61,2023-01-20,day,37,2024-01-08
0.583,0.704,1,-8.856,1,0.306,0.0699,0.0,0.141,0.388,111.569,208000,5,03oaYIK0Q2cHjldc9jdiCP,Hear Me Out,6Jq0QdwB0vk7VPcIqpo4pr,3IDfJpj4YVkaBl7Dd52Pxv,Byron Messia,65600,61,2023-01-20,day,33,2024-01-08
0.607,0.579,9,-5.074,1,0.154,0.522,0.0,0.0992,0.49,116.611,140853,5,0MElGIMyUieiQJUmruR6Wu,Gorilla Glue,6Jq0QdwB0vk7VPcIqpo4pr,3IDfJpj4YVkaBl7Dd52Pxv,Byron Messia,65600,61,2023-01-20,day,40,2024-01-08
0.519,0.716,6,-6.558,0,0.299,0.369,0.0,0.111,0.457,122.281,168000,5,52BIpviOWUcgklZXRN6i95,Too Much Pain,6Jq0QdwB0vk7VPcIqpo4pr,3IDfJpj4YVkaBl7Dd52Pxv,Byron Messia,65600,61,2023-01-20,day,34,2024-01-08
0.627,0.581,1,-5.221,1,0.0905,0.387,0.0,0.116,0.262,95.025,206637,4,7mkJXtuxedWBw0VnuM2VQu,Vent,6Jq0QdwB0vk7VPcIqpo4pr,3IDfJpj4YVkaBl7Dd52Pxv,Byron Messia,65600,61,2023-01-20,day,44,2024-01-08
0.651,0.545,8,-10.183,0,0.373,0.0183,0.0,0.0943,0.389,100.375,196832,4,5vLu3FEZ4TvRWBjc6KoQtp,Hall Of Fame,6Jq0QdwB0vk7VPcIqpo4pr,3IDfJpj4YVkaBl7Dd52Pxv,Byron Messia,65600,61,2023-01-20,day,32,2024-01-08
0.634,0.657,4,-5.343,0,0.456,0.33,0.0,0.0692,0.299,89.163,175484,4,4m5cLRAuud95LZJhBPuQnH,Dream Team,6Jq0QdwB0vk7VPcIqpo4pr,"3IDfJpj4YVkaBl7Dd52Pxv,5Xi3NfsVBIEbaWVUfBTy39","Byron Messia,Govana","65600,150190","61,39",2023-01-20,day,37,2024-01-08
0.419,0.612,4,-6.997,0,0.272,0.0423,0.0,0.0912,0.143,82.944,164000,4,3CKTqEGRltWDriMJVbRcCo,Stay Real,6Jq0QdwB0vk7VPcIqpo4pr,3IDfJpj4YVkaBl7Dd52Pxv,Byron Messia,65600,61,2023-01-20,day,34,2024-01-08
0.561,0.542,8,-9.228,0,0.291,0.591,0.0,0.116,0.348,129.997,162873,5,2Qk8F8qbJ6hLveLfVWXxdv,Believe,6Jq0QdwB0vk7VPcIqpo4pr,"3IDfJpj4YVkaBl7Dd52Pxv,4pP4fxW65oev1NdRd2Fbn7","Byron Messia,Jahshii","65600,74606","61,39",2023-01-20,day,33,2024-01-08
0.929,0.43,4,-9.387,0,0.206,0.571,0.0,0.102,0.498,103.01,188738,4,0TTOsyDKykWhCh3qDd9wMY,Talibans,6Jq0QdwB0vk7VPcIqpo4pr,3IDfJpj4YVkaBl7Dd52Pxv,Byron Messia,65600,61,2023-01-20,day,71,2024-01-08
0.619,0.663,0,-5.316,0,0.438,0.222,0.0,0.131,0.323,130.118,183673,5,4zA7iFgWdAi1cIejUpAg0I,Smallest Circle,6Jq0QdwB0vk7VPcIqpo4pr,3IDfJpj4YVkaBl7Dd52Pxv,Byron Messia,65600,61,2023-01-20,day,50,2024-01-08
0.54,0.539,8,-8.419,0,0.401,0.572,0.0,0.0872,0.605,93.921,212963,4,1sKhleuX68DOl0Cd5t0753,Heart A Mi Yard,6Jq0QdwB0vk7VPcIqpo4pr,"3IDfJpj4YVkaBl7Dd52Pxv,2XmUEusYfpe4UG5BJtRwgX","Byron Messia,Rytikal","65600,78244","61,33",2023-01-20,day,33,2024-01-08
0.492,0.548,1,-6.929,0,0.0751,0.392,8.15e-05,0.0725,0.0634,99.963,184000,4,5vXqf8L1GgzCNnNtQwhOI7,Hold On,6Jq0QdwB0vk7VPcIqpo4pr,3IDfJpj4YVkaBl7Dd52Pxv,Byron Messia,65600,61,2023-01-20,day,33,2024-01-08
0.567,0.52,10,-6.299,1,0.155,0.644,0.0,0.116,0.35,95.699,199751,4,45MEntmion15hrPnRNUk24,No Love,6Jq0QdwB0vk7VPcIqpo4pr,3IDfJpj4YVkaBl7Dd52Pxv,Byron Messia,65600,61,2023-01-20,day,36,2024-01-08
0.425,0.678,5,-6.576,0,0.0875,0.314,0.0,0.131,0.368,94.841,154839,4,29lAYflf6vkZSX7s7uUfvy,Wa Me Do,6Jq0QdwB0vk7VPcIqpo4pr,3IDfJpj4YVkaBl7Dd52Pxv,Byron Messia,65600,61,2023-01-20,day,32,2024-01-08
0.787,0.477,0,-9.782,0,0.158,0.528,0.0,0.219,0.307,104.03,147692,4,2vztMtjwysMmXruAj4z3JP,Evil We Dwell,6Jq0QdwB0vk7VPcIqpo4pr,"2JC7YH9Umra4Zc8mseZsRD,277jOUSGN5AKoZoDxvfmUP","Going Global Records,Young Star 6ixx","8937,15424","37,28",2023-01-23,day,3,2024-01-08
0.84,0.598,6,-7.193,0,0.0872,0.512,7.74e-05,0.0651,0.504,104.03,129231,4,23pJ9gtLNz2SdNCvmscvEi,Troublemaker,6Jq0QdwB0vk7VPcIqpo4pr,"2JC7YH9Umra4Zc8mseZsRD,277jOUSGN5AKoZoDxvfmUP","Going Global Records,Young Star 6ixx","8937,15424","37,28",2023-01-23,day,17,2024-01-08
0.421,0.378,1,-10.74,1,0.0982,0.861,0.0062,0.129,0.0975,93.934,170753,4,3rHwMvSq74hl0FLmqBWxdz,I Hate YS6,6Jq0QdwB0vk7VPcIqpo4pr,"2JC7YH9Umra4Zc8mseZsRD,277jOUSGN5AKoZoDxvfmUP","Going Global Records,Young Star 6ixx","8937,15424","37,28",2023-01-23,day,2,2024-01-08
0.474,0.495,1,-8.147,0,0.308,0.777,0.0,0.0808,0.212,67.342,214118,5,5U1BOiKgMxGQv4AcQAueLs,Daily Routine,6Jq0QdwB0vk7VPcIqpo4pr,"2JC7YH9Umra4Zc8mseZsRD,277jOUSGN5AKoZoDxvfmUP","Going Global Records,Young Star 6ixx","8937,15424","37,28",2023-01-23,day,3,2024-01-08
0.841,0.502,1,-6.591,0,0.103,0.385,1.22e-06,0.159,0.277,133.946,114627,4,67z7oyM9fzZBrsvnI8YXIL,#DUMB,6Jq0QdwB0vk7VPcIqpo4pr,"2JC7YH9Umra4Zc8mseZsRD,277jOUSGN5AKoZoDxvfmUP","Going Global Records,Young Star 6ixx","8937,15424","37,28",2023-01-23,day,2,2024-01-08
0.784,0.422,0,-6.412,0,0.0842,0.855,1.02e-06,0.153,0.488,125.062,130560,4,5oDJR1PyMCKtzffBDge0Q1,6ixx Real Freestyle,6Jq0QdwB0vk7VPcIqpo4pr,"2JC7YH9Umra4Zc8mseZsRD,277jOUSGN5AKoZoDxvfmUP","Going Global Records,Young Star 6ixx","8937,15424","37,28",2023-01-23,day,2,2024-01-08
0.681,0.678,6,-7.329,0,0.355,0.461,0.0,0.11,0.693,119.782,173333,5,49gpK9HlRMb1xjPodupDWw,Guns & Drugs,6Jq0QdwB0vk7VPcIqpo4pr,52hLbiHfJsarTXovhOd3qC,Wacko Dan,17910,33,2023-01-16,day,34,2024-01-08
0.633,0.762,8,-8.813,1,0.326,0.839,2.7e-05,0.346,0.713,101.414,225985,4,7FBMfb2gfZpFa4NMzX5hJB,Inna Dem Face (Flanka),6Jq0QdwB0vk7VPcIqpo4pr,2Tfe5UdBBWDTGkGwPzblJQ,Toby Boss Ent,4612,28,2023-01-14,day,2,2024-01-08
0.974,0.618,6,-6.26,1,0.359,0.0128,4.74e-06,0.0882,0.498,115.994,206072,4,2lv5MSOc7nnHRrUwDxo14W,Dirtmas Freestyle,6Jq0QdwB0vk7VPcIqpo4pr,6Iym59CxrdzsxIn9LPFR9n,Gskell,4727,9,2022-12-25,day,1,2024-01-08
0.651,0.626,7,-6.771,0,0.189,0.606,1.98e-06,0.152,0.645,101.162,208457,4,7AqszXJIAdJqnpkfxBQpSD,Burna Boy,6Jq0QdwB0vk7VPcIqpo4pr,0JSBUUBuT8pbdbw1UZggSY,Tefflon,19249,28,2023-01-12,day,7,2024-01-08
0.851,0.363,1,-12.946,1,0.408,0.669,0.0037,0.115,0.115,103.059,158604,4,1ldTyX5JGQzHe0sMJ40voU,T-Man (Dead Opps),6Jq0QdwB0vk7VPcIqpo4pr,5uvzVDn9FlHYS983u4ycGL,Toby boss ent,2683,17,2022-12-15,day,32,2024-01-08
0.89,0.531,6,-8.381,0,0.232,0.788,2.61e-05,0.109,0.418,100.078,182419,4,5NhdASXwweaNsKYM7MwUsk,Toppy Boss (Quick Quick),6Jq0QdwB0vk7VPcIqpo4pr,5uvzVDn9FlHYS983u4ycGL,Toby boss ent,2683,17,2022-02-24,day,30,2024-01-08
0.916,0.448,1,-12.133,1,0.391,0.0396,0.0,0.104,0.279,103.095,163318,4,5y3T0Pct3LxwwPTbv0UJzO,Messy (Toppy Boss),6Jq0QdwB0vk7VPcIqpo4pr,5uvzVDn9FlHYS983u4ycGL,Toby boss ent,2683,17,2022-12-15,day,12,2024-01-08
0.646,0.545,6,-9.694,0,0.253,0.821,0.0,0.101,0.521,128.392,182419,5,3uY2wLIAEKx6n7wl03LUQY,Tman (Evil Tonic),6Jq0QdwB0vk7VPcIqpo4pr,5uvzVDn9FlHYS983u4ycGL,Toby boss ent,2683,17,2022-03-18,day,23,2024-01-08
0.935,0.701,1,-8.605,0,0.26,0.151,6.81e-05,0.128,0.901,132.091,155173,4,54LHT53Et0yih6N7n9b8rF,Center,6Jq0QdwB0vk7VPcIqpo4pr,7f7sbIc0DpHIv84c7MG098,Toppy Boss,3313,10,2022-12-25,day,20,2024-01-08
0.55,0.714,11,-8.149,0,0.388,0.408,0.0,0.121,0.495,197.844,133392,4,4TNNL5BZ3IcJqS0z1Jj0fH,Never Yet,6Jq0QdwB0vk7VPcIqpo4pr,7zow5Va8ESrfnxvUF62HRH,Icee Dan,8058,22,2023-01-01,day,12,2024-01-08
0.663,0.278,2,-16.024,1,0.675,0.0904,0.0,0.0892,0.208,99.022,211057,4,6X8SpkqigZf451MRjbjkp7,People Fi Dead,6Jq0QdwB0vk7VPcIqpo4pr,3r8Hq14XJAyy6K8mlBs2s5,Rebel Sixx,50851,34,2023-02-06,day,2,2024-01-08
0.849,0.761,3,-5.569,0,0.308,0.322,0.0,0.0628,0.773,108.086,146024,4,2LPM2JyB67G8ZE2svyDd9x,Big Guns,6Jq0QdwB0vk7VPcIqpo4pr,6QJrx4J9XqIxXUBhacoJHC,Medz Boss,34233,27,2023-02-10,day,13,2024-01-08
0.879,0.67,1,-7.736,1,0.43,0.34,1.8e-06,0.267,0.262,102.027,169614,4,0W5wSRwk2nVYVYZFilItWN,No Survivor -Flanka - Chopstick Riddim,6Jq0QdwB0vk7VPcIqpo4pr,2Tfe5UdBBWDTGkGwPzblJQ,Toby Boss Ent,4612,28,2023-02-06,day,1,2024-01-08
0.854,0.569,9,-8.689,0,0.526,0.332,0.0,0.117,0.568,96.029,165000,4,4TmbAvKwiEzJuiBjVUEi5i,Badman Kingdom,6Jq0QdwB0vk7VPcIqpo4pr,271MSQRWEJLWldGZpUUQSW,Royale Music,56,2,2022-08-05,day,14,2024-01-08
0.534,0.433,9,-10.03,0,0.384,0.218,8.57e-06,0.106,0.334,99.602,188616,4,5CESVHwLvPuS960MtZzjEc,Young Generals,6Jq0QdwB0vk7VPcIqpo4pr,"52hLbiHfJsarTXovhOd3qC,4v5svwH75xhxdyaegqliH8","Wacko Dan,Reiga","17910,129","33,8",2023-02-06,day,10,2024-01-08
0.87,0.726,1,-6.548,0,0.275,0.128,0.0,0.0999,0.51,94.995,175500,4,02DQ9aGXvn8ZC5g5JgdCpq,West Bank,6Jq0QdwB0vk7VPcIqpo4pr,"2VpYQkkjCohjSPskaQGyp0,1HXkVBU6RwIxxN6xuI6b00","West Bank Records,Squash","4114,164547","32,43",2023-03-10,day,24,2024-01-08
0.517,0.592,8,-5.68,0,0.368,0.513,0.0,0.11,0.599,66.683,214831,3,2Tqrs3XmsnVoYxU754NylT,Pounds,6Jq0QdwB0vk7VPcIqpo4pr,"2VpYQkkjCohjSPskaQGyp0,6I1j34QzSTWe6u4qQWKYJe,09CgCmW9nrYOJswLZHJjO6","West Bank Records,10Tik,Trigga","4114,57293,122","32,37,12",2023-03-10,day,31,2024-01-08
0.506,0.734,7,-6.11,0,0.152,0.558,0.0,0.279,0.66,100.949,133069,4,75koO0rdVIh9c133rkwavl,R4L,6Jq0QdwB0vk7VPcIqpo4pr,"2VpYQkkjCohjSPskaQGyp0,4v5svwH75xhxdyaegqliH8","West Bank Records,Reiga","4114,129","32,8",2023-03-10,day,18,2024-01-08
0.695,0.689,9,-5.79,0,0.266,0.048,0.0,0.329,0.347,96.887,190002,4,0ZK4V3TvqsP1U1F8in0Yd9,Levelz,6Jq0QdwB0vk7VPcIqpo4pr,"2VpYQkkjCohjSPskaQGyp0,3IDfJpj4YVkaBl7Dd52Pxv","West Bank Records,Byron Messia","4114,65600","32,61",2023-03-10,day,38,2024-01-08
0.497,0.676,3,-8.19,0,0.239,0.739,0.0,0.0518,0.782,93.54,183226,4,0qGVidAbIMlpXzXCYp6pPU,Faith,6Jq0QdwB0vk7VPcIqpo4pr,"2VpYQkkjCohjSPskaQGyp0,4pP4fxW65oev1NdRd2Fbn7,6CxUKwVnCBKKP60XMvnMOL","West Bank Records,Jahshii,Jahllano","4114,74606,20037","32,39,25",2023-03-10,day,21,2024-01-08
0.732,0.7,7,-5.621,0,0.238,0.114,0.0,0.171,0.56,98.884,146818,4,5HctqAADNghQPrj3nbkmi1,Rifle Shot,6Jq0QdwB0vk7VPcIqpo4pr,"2VpYQkkjCohjSPskaQGyp0,4hUusgCL7ygXSbHyupFzao,52hLbiHfJsarTXovhOd3qC","West Bank Records,ShaqStar,Wacko Dan","4114,10022,17910","32,19,33",2023-03-10,day,20,2024-01-08
0.541,0.726,8,-6.241,0,0.124,0.519,0.0,0.167,0.352,101.351,215719,4,0jN9VurBtJ2wedvschUSIP,Stable,6Jq0QdwB0vk7VPcIqpo4pr,"2VpYQkkjCohjSPskaQGyp0,67gCSHQaBba1dikpWTEQJm,77XpBnLUoQMaZ2maul2fo0","West Bank Records,DynamiQ,Kant10t","4114,57,6042","32,7,23",2023-03-10,day,18,2024-01-08
0.65,0.553,9,-5.683,1,0.413,0.145,0.0,0.295,0.392,183.71,161739,4,3fcRZ9R8epvskhPXUwOjAL,Billboard,6Jq0QdwB0vk7VPcIqpo4pr,"2VpYQkkjCohjSPskaQGyp0,0x9s7TypDyrz5scXXzfxia","West Bank Records,YoungStar6ixx","4114,2","32,3",2023-03-10,day,17,2024-01-08
0.671,0.608,4,-7.861,0,0.17,0.26,0.0,0.383,0.24,100.053,182419,4,2ToGmJFCrKpV7HvAGNGTKV,Level Up,6Jq0QdwB0vk7VPcIqpo4pr,"2VpYQkkjCohjSPskaQGyp0,2Jv0w50BNaGlwnXpq69HGm","West Bank Records,Prince Swanny","4114,112646","32,43",2023-03-10,day,26,2024-01-08
0.492,0.775,3,-4.77,0,0.107,0.509,0.0,0.0583,0.697,92.409,170397,4,2T2yqtXc8ayP25zoSu4NCM,Havoc,6Jq0QdwB0vk7VPcIqpo4pr,"2VpYQkkjCohjSPskaQGyp0,7dvG18F378r7HRxmiHn3ti","West Bank Records,Valiant","4114,150629","32,53",2023-03-10,day,23,2024-01-08
0.719,0.487,7,-6.36,0,0.503,0.517,0.0,0.125,0.728,124.066,175484,5,3dx3ZDtP3vs9FW2Ls9wivx,Gyal & Money,6Jq0QdwB0vk7VPcIqpo4pr,"2VpYQkkjCohjSPskaQGyp0,6CxUKwVnCBKKP60XMvnMOL,1rcvxZy3klBRCw0mBLrPnx","West Bank Records,Jahllano,IMARK","4114,20037,1130","32,25,9",2023-03-10,day,22,2024-01-08
0.563,0.699,9,-5.26,0,0.378,0.511,0.0,0.0528,0.397,123.604,211304,5,74ZtuxZvo2nZec37q27zIS,W$i,6Jq0QdwB0vk7VPcIqpo4pr,"2VpYQkkjCohjSPskaQGyp0,2Jv0w50BNaGlwnXpq69HGm,52hLbiHfJsarTXovhOd3qC","West Bank Records,Prince Swanny,Wacko Dan","4114,112646,17910","32,43,33",2023-03-10,day,28,2024-01-08
0.717,0.73,10,-6.439,0,0.349,0.369,1.35e-06,0.132,0.419,95.008,141474,4,5MYBsoXxtwWEptn4dBfh6e,Icy,6Jq0QdwB0vk7VPcIqpo4pr,"2VpYQkkjCohjSPskaQGyp0,52hLbiHfJsarTXovhOd3qC,4v5svwH75xhxdyaegqliH8","West Bank Records,Wacko Dan,Reiga","4114,17910,129","32,33,8",2023-03-10,day,19,2024-01-08
0.666,0.586,1,-7.731,1,0.172,0.248,0.0,0.164,0.211,93.003,185806,4,2fbwdrWSvn1ChXlSrzhAME,No Long Talker,6Jq0QdwB0vk7VPcIqpo4pr,"2VpYQkkjCohjSPskaQGyp0,3zorWCDx017sz4UYP2fC9w","West Bank Records,Chronic Law","4114,158123","32,50",2023-03-10,day,21,2024-01-08
0.678,0.787,7,-4.242,1,0.184,0.04,0.0,0.394,0.468,93.008,175484,4,48VAJ5Ej6CO84cHF76CS87,Fighter,6Jq0QdwB0vk7VPcIqpo4pr,"2VpYQkkjCohjSPskaQGyp0,52hLbiHfJsarTXovhOd3qC,77XpBnLUoQMaZ2maul2fo0","West Bank Records,Wacko Dan,Kant10t","4114,17910,6042","32,33,23",2023-03-10,day,18,2024-01-08
0.589,0.553,0,-6.045,1,0.073,0.0418,9.65e-06,0.12,0.393,108.378,157037,5,5kVccc1dKlLe52EDuKxcdq,ROCK STAR,6Jq0QdwB0vk7VPcIqpo4pr,2Jv0w50BNaGlwnXpq69HGm,Prince Swanny,112646,43,2023-03-04,day,25,2024-01-08
0.886,0.572,1,-6.541,0,0.335,0.354,0.0,0.0857,0.367,117.98,205686,4,2cVFoSqLAvX9hfkzM7ZOs5,Jump Out,6Jq0QdwB0vk7VPcIqpo4pr,"2JC7YH9Umra4Zc8mseZsRD,5np2XqLanbxQzpEVFG0big,0ZmsMH6X0dz63imIjUGTzF,52hLbiHfJsarTXovhOd3qC","Going Global Records,Kman 6ixx,Skelly 12k,Wacko Dan","8937,16819,2271,17910","37,40,23,33",2023-03-07,day,32,2024-01-08
0.575,0.644,3,-6.362,0,0.337,0.554,0.0,0.118,0.692,111.121,157838,4,2lfOwFSoO3kuzn8tovK92T,Organized Crime,6Jq0QdwB0vk7VPcIqpo4pr,"2JC7YH9Umra4Zc8mseZsRD,7tnzhcb2y0dtPFIFVTp0A4,277jOUSGN5AKoZoDxvfmUP","Going Global Records,Tafari,Young Star 6ixx","8937,26094,15424","37,22,28",2023-03-07,day,12,2024-01-08
0.475,0.529,4,-8.815,0,0.417,0.556,0.0,0.216,0.306,182.726,149714,3,2o65n9OuCzauCKaCLyrmYx,Ocean Eyes,6Jq0QdwB0vk7VPcIqpo4pr,"2JC7YH9Umra4Zc8mseZsRD,3IDfJpj4YVkaBl7Dd52Pxv","Going Global Records,Byron Messia","8937,65600","37,61",2023-03-07,day,35,2024-01-08
0.794,0.522,9,-8.746,0,0.183,0.671,0.0,0.113,0.573,118.005,131311,4,6Vj2d26R8ikSHmzQMmo3Or,Alone,6Jq0QdwB0vk7VPcIqpo4pr,"2JC7YH9Umra4Zc8mseZsRD,3NNndNeIufzflgpHZy5obj","Going Global Records,Daan Chorus","8937,445","37,4",2023-03-07,day,7,2024-01-08
0.43,0.509,7,-6.927,1,0.0725,0.724,0.0,0.405,0.332,86.75,175104,4,4Z2VnIDSfy5JNPakfRsi8n,War Bring Pain,6Jq0QdwB0vk7VPcIqpo4pr,"2JC7YH9Umra4Zc8mseZsRD,4hUusgCL7ygXSbHyupFzao","Going Global Records,ShaqStar","8937,10022","37,19",2023-03-07,day,7,2024-01-08
0.727,0.515,6,-9.536,0,0.044,0.737,2.9e-06,0.0873,0.0904,89.98,200047,4,3QKCVJIKuHcEAz2UKLcJ7f,Demon Thoughts,6Jq0QdwB0vk7VPcIqpo4pr,"2JC7YH9Umra4Zc8mseZsRD,277jOUSGN5AKoZoDxvfmUP","Going Global Records,Young Star 6ixx","8937,15424","37,28",2023-03-07,day,9,2024-01-08
0.901,0.445,1,-4.989,1,0.107,0.303,3.84e-05,0.109,0.522,109.998,161824,4,2AfvcCjjGzLh20EjddDxMs,Fully Dark,6Jq0QdwB0vk7VPcIqpo4pr,"277jOUSGN5AKoZoDxvfmUP,52hLbiHfJsarTXovhOd3qC","Young Star 6ixx,Wacko Dan","15424,17910","28,33",2023-02-24,day,26,2024-01-08
0.541,0.574,0,-6.092,0,0.1,0.481,0.00149,0.0992,0.267,128.79,183093,5,25gAArCPkbQRxgb7HXYqrP,Moca,6Jq0QdwB0vk7VPcIqpo4pr,3IDfJpj4YVkaBl7Dd52Pxv,Byron Messia,65600,61,2023-03-17,day,48,2024-01-08
0.62,0.419,1,-8.815,0,0.246,0.437,0.0,0.11,0.122,92.341,182609,4,5LZ3yREm0WL9pMKiJo5z5u,Save Me,6Jq0QdwB0vk7VPcIqpo4pr,3IDfJpj4YVkaBl7Dd52Pxv,Byron Messia,65600,61,2023-03-17,day,28,2024-01-08
0.561,0.44,1,-9.757,1,0.402,0.467,0.0,0.0856,0.0696,122.61,245063,5,0ZxmKT960wi0uD6j5OiKCU,Bad Fi Real,6Jq0QdwB0vk7VPcIqpo4pr,66Eiq6SzJR0w5TIRVEDrcK,Flanka Dan,635,6,2022-09-08,day,17,2024-01-08
0.71,0.813,10,-2.884,0,0.111,0.614,0.00035,0.176,0.623,100.018,158560,4,2LzOam31hfrzIcmmTWRwCS,Gunz,6Jq0QdwB0vk7VPcIqpo4pr,4GjfdRM9UmdLr6pxyLZrNV,Jeff Fullyauto,25162,38,2022-10-28,day,29,2024-01-08
0.881,0.701,5,-4.907,0,0.119,0.644,0.0,0.087,0.835,105.08,156000,4,12UmBRNMTgcHeYGbaPewMg,Bad Anyway,6Jq0QdwB0vk7VPcIqpo4pr,"6QJrx4J9XqIxXUBhacoJHC,3dgEGCM7G8z1gd6mgOjYSv,2JC7YH9Umra4Zc8mseZsRD","Medz Boss,38 from BL,Going Global Records","34233,1376,8937","27,14,37",2023-03-09,day,9,2024-01-08
0.891,0.544,0,-10.054,0,0.376,0.725,0.0,0.314,0.843,99.948,134400,4,3kUAENVYvMtNr7o9kdVn9m,Bruce Lee,6Jq0QdwB0vk7VPcIqpo4pr,"4F9FUmZP7GwhLmMHyf7E15,6QJrx4J9XqIxXUBhacoJHC,2I2uQygMCImgdjD6WcOQk1","Chady Beats,Medz Boss,Jah Jah","69,34233,0","4,27,0",2023-03-16,day,7,2024-01-08
0.66,0.549,1,-8.24,1,0.532,0.251,0.0,0.093,0.384,99.967,148800,4,1qZgPEeCgrXkgWqeRxjqmf,Chip Glock,6Jq0QdwB0vk7VPcIqpo4pr,"4F9FUmZP7GwhLmMHyf7E15,6QJrx4J9XqIxXUBhacoJHC,4fD9BYCEzxeA7Gls5EHRxf","Chady Beats,Medz Boss,38","69,34233,0","4,27,0",2023-03-16,day,5,2024-01-08
0.871,0.598,1,-8.108,0,0.345,0.306,0.0,0.377,0.254,100.0,127200,4,2WepQM9aH0htiNuJzG4B4h,Can Do,6Jq0QdwB0vk7VPcIqpo4pr,"4F9FUmZP7GwhLmMHyf7E15,6QJrx4J9XqIxXUBhacoJHC,1AKDQSYf0qjiy6b5z8z1KZ","Chady Beats,Medz Boss,Young General","69,34233,279","4,27,6",2023-03-16,day,3,2024-01-08
0.875,0.511,0,-8.612,1,0.282,0.137,0.0,0.104,0.373,101.005,158311,4,7bE3AQCgf2sfg7ZK6hSRqJ,Squeeze,6Jq0QdwB0vk7VPcIqpo4pr,"277jOUSGN5AKoZoDxvfmUP,2JC7YH9Umra4Zc8mseZsRD","Young Star 6ixx,Going Global Records","15424,8937","28,37",2023-03-09,day,10,2024-01-08
0.604,0.897,1,-4.903,0,0.232,0.184,1.34e-06,0.14,0.288,150.039,154400,4,1V2djvKzus6MvaBBr7Pmvt,Contract,6Jq0QdwB0vk7VPcIqpo4pr,3UwGbC4Sl9MmonrpWo6grS,Boy Boy,29068,41,2023-01-19,day,34,2024-01-08
0.761,0.611,1,-7.066,1,0.235,0.0389,0.0,0.171,0.358,97.975,173878,4,4PUFl3OyaPjDEcXnhfWibA,Aresenal,6Jq0QdwB0vk7VPcIqpo4pr,277jOUSGN5AKoZoDxvfmUP,Young Star 6ixx,15424,28,2022-05-13,day,15,2024-01-08
0.59,0.435,1,-8.183,0,0.346,0.0628,0.0,0.0794,0.127,135.963,188235,5,5FuUs5dhaZL3ZW82KzEC5J,Escape,6Jq0QdwB0vk7VPcIqpo4pr,7c8WSGTjxRP9sOob1KukJA,Kalonji,33554,29,2023-03-31,day,18,2024-01-08
0.667,0.62,10,-8.163,0,0.247,0.228,0.0,0.15,0.413,94.535,186540,4,7bRLFKENP2YF740sSM7Osb,Dear God,6Jq0QdwB0vk7VPcIqpo4pr,7oGGekD4rk6G8JdQz6zO8K,Prince Kratos,57,4,2023-03-30,day,0,2024-01-08
0.382,0.543,4,-11.255,0,0.36,0.104,0.0,0.119,0.354,198.186,183188,4,6oC3NuvFpO9Cpb85e5oVVp,Baila Me,6Jq0QdwB0vk7VPcIqpo4pr,"4W1YDUIlG2VramwT3zKYah,1RibojNR07sKTI6H21OIcH","Mountainside Music,Gustavo","829,1","4,12",2023-04-14,day,0,2024-01-08
0.471,0.531,11,-10.892,0,0.589,0.203,0.0,0.154,0.485,75.503,194625,3,7okyK9yr6QQyQdr8bDHFrL,My 3 Points,6Jq0QdwB0vk7VPcIqpo4pr,"4W1YDUIlG2VramwT3zKYah,6CxUKwVnCBKKP60XMvnMOL","Mountainside Music,Jahllano","829,20037","4,25",2023-04-14,day,0,2024-01-08
0.514,0.59,4,-9.628,0,0.524,0.0983,0.0,0.108,0.386,193.022,241800,4,7aJjUdmsQNg3XNbWpmomxa,Guide Meh Steps,6Jq0QdwB0vk7VPcIqpo4pr,"4W1YDUIlG2VramwT3zKYah,1SLMAdG5Kpsv1J8psTYjEf","Mountainside Music,Gully Lyon","829,0","4,0",2023-04-14,day,0,2024-01-08
0.545,0.505,11,-10.704,0,0.486,0.0337,2.33e-06,0.112,0.557,199.924,187763,4,2G6R8fRDgs2vRNtTnqBTtE,Mama,6Jq0QdwB0vk7VPcIqpo4pr,"4W1YDUIlG2VramwT3zKYah,0KScp699akXe713AEh7qzp,0jLuzGZtzYmwFc6sM5UQRP,3o3l4ug9crjhOJuuTYCvK8","Mountainside Music,Mr Renzo,Ovy Thouni,Jeico","829,304,0,0","4,9,0,0",2023-04-14,day,0,2024-01-08
0.466,0.547,11,-10.596,0,0.514,0.00737,0.0,0.121,0.58,198.22,240750,4,0SYHZvgn7isoGtr5e7OvMF,My Type,6Jq0QdwB0vk7VPcIqpo4pr,"4W1YDUIlG2VramwT3zKYah,05My8nWYrssR5yegW9Z295","Mountainside Music,Don Trini","829,0","4,0",2023-04-14,day,0,2024-01-08
0.535,0.524,11,-10.205,0,0.359,0.0332,0.0,0.109,0.566,86.779,182850,1,2U0CmMfc4QCZJiSmmlatJK,Place to F_ck,6Jq0QdwB0vk7VPcIqpo4pr,"4W1YDUIlG2VramwT3zKYah,4GG6KG2KY40XjjfyBeYbAo","Mountainside Music,Shade Mischif","829,199","4,4",2023-04-14,day,0,2024-01-08
0.63,0.503,8,-6.053,1,0.226,0.081,0.0,0.111,0.144,93.143,188936,4,0HhzLfoSzR74w8Bl6kbOi7,Stranger to Happiness,6Jq0QdwB0vk7VPcIqpo4pr,"3IDfJpj4YVkaBl7Dd52Pxv,5Xi3NfsVBIEbaWVUfBTy39","Byron Messia,Govana","65600,150190","61,39",2023-04-17,day,35,2024-01-08
0.748,0.612,9,-9.379,0,0.4,0.535,0.0,0.109,0.307,97.947,149388,4,3sVnxj2nUt5pBgj67wXZBw,Nuclear,6Jq0QdwB0vk7VPcIqpo4pr,58GP6t4N8aiJkHTOM41ECz,Plumpy Boss,21328,31,2023-04-25,day,27,2024-01-08
0.698,0.545,1,-9.173,0,0.217,0.886,0.00433,0.107,0.503,99.99,199200,4,00B3fskasf9VLNtMneXV5k,Flame,6Jq0QdwB0vk7VPcIqpo4pr,277jOUSGN5AKoZoDxvfmUP,Young Star 6ixx,15424,28,2023-04-23,day,5,2024-01-08
0.794,0.836,2,-1.844,0,0.0878,0.785,0.0,0.128,0.767,106.014,166000,4,0H6MYene1BeuiEBtAgbtNe,Malandro,6Jq0QdwB0vk7VPcIqpo4pr,"52hLbiHfJsarTXovhOd3qC,1FrcEspJXiHYcND44UGFC0","Wacko Dan,Tman","17910,46","33,2",2023-04-05,day,10,2024-01-08
0.852,0.493,0,-6.864,1,0.126,0.69,0.0,0.136,0.536,95.961,135000,4,60dsUQLmBvLRlD6aLDOiAr,GBG Pt2,6Jq0QdwB0vk7VPcIqpo4pr,"52hLbiHfJsarTXovhOd3qC,0ZmsMH6X0dz63imIjUGTzF","Wacko Dan,Skelly 12k","17910,2271","33,23",2023-04-04,day,36,2024-01-08
0.56,0.595,6,-7.978,0,0.442,0.0908,0.0,0.157,0.276,129.959,183750,5,16f81p8orSNLos6Yt1jOPt,Balance,6Jq0QdwB0vk7VPcIqpo4pr,"7c8WSGTjxRP9sOob1KukJA,52hLbiHfJsarTXovhOd3qC","Kalonji,Wacko Dan","33554,17910","29,33",2023-05-04,day,26,2024-01-08
0.613,0.72,5,-7.253,1,0.232,0.357,0.0,0.21,0.809,181.959,175750,4,7mFWpUjhZBLAEp2wr6SL48,Greatness,6Jq0QdwB0vk7VPcIqpo4pr,"7tnzhcb2y0dtPFIFVTp0A4,6bsjIzIKLCOtbAptmob0WW","Tafari,Hezefrm3","26094,13","22,0",2023-04-28,day,4,2024-01-08
0.799,0.573,1,-7.477,1,0.401,0.0527,0.0,0.325,0.851,86.981,178458,4,1UaZFhGJjhEMpiwwN3QtT7,Chop Money,6Jq0QdwB0vk7VPcIqpo4pr,0Axhoeh7NOjZu0Xl1lEov6,Sif Sose,129,5,2023-04-22,day,0,2024-01-08
0.928,0.553,8,-8.906,1,0.354,0.472,0.0,0.0948,0.694,101.973,161569,4,1erTiBNgFjL64K5XMNxOal,Opp Killa,6Jq0QdwB0vk7VPcIqpo4pr,"6QJrx4J9XqIxXUBhacoJHC,5XqEmYPTQk1zmHhG9Mia4a,08zV53NIwdMxzgCRsjAlaY","Medz Boss,Young General,DiTRUTH","34233,12,63","27,2,22",2023-05-09,day,16,2024-01-08
0.537,0.583,2,-8.768,1,0.504,0.367,0.0,0.17,0.0975,81.194,218947,3,0TKbzCtQuLgWF0tqdBO9BI,My Route,6Jq0QdwB0vk7VPcIqpo4pr,7IbkKTNpBj7MORRdt3oge3,Zerimar,30169,34,2023-05-16,day,23,2024-01-08
0.805,0.428,0,-10.214,0,0.195,0.087,1.94e-06,0.17,0.226,105.073,148571,4,3csxMcFHYMoWXa41NYLVvo,17,6Jq0QdwB0vk7VPcIqpo4pr,7c8WSGTjxRP9sOob1KukJA,Kalonji,33554,29,2023-05-15,day,17,2024-01-08
0.86,0.64,9,-4.867,0,0.35,0.355,0.0,0.111,0.445,103.859,171000,4,0XYspW7tKsN7qINb4NGjko,Buss,6Jq0QdwB0vk7VPcIqpo4pr,52hLbiHfJsarTXovhOd3qC,Wacko Dan,17910,33,2023-05-16,day,25,2024-01-08
0.855,0.684,4,-5.09,0,0.0876,0.354,0.0,0.181,0.114,101.965,174118,4,1AeaFQUFmRzhlsGqHw4hWO,Bereaved,6Jq0QdwB0vk7VPcIqpo4pr,277jOUSGN5AKoZoDxvfmUP,Young Star 6ixx,15424,28,2023-05-12,day,7,2024-01-08
0.76,0.48,5,-7.715,0,0.556,0.734,0.0,0.3,0.371,125.242,168000,5,0zrE7om43N5KZKEF4fIXPA,Born Winner,6Jq0QdwB0vk7VPcIqpo4pr,52hLbiHfJsarTXovhOd3qC,Wacko Dan,17910,33,2023-05-16,day,42,2024-01-08
0.76,0.55,4,-6.986,0,0.202,0.493,0.0,0.106,0.122,114.778,133953,5,5OXeiXt8EylJCPybgoTI1i,Revenge,6Jq0QdwB0vk7VPcIqpo4pr,52hLbiHfJsarTXovhOd3qC,Wacko Dan,17910,33,2023-05-16,day,27,2024-01-08
0.859,0.601,4,-5.619,0,0.245,0.14,0.0,0.118,0.449,111.048,192432,4,4fSXmMHvNWuM1sBzRsYRT1,Got Gun,6Jq0QdwB0vk7VPcIqpo4pr,52hLbiHfJsarTXovhOd3qC,Wacko Dan,17910,33,2023-05-16,day,21,2024-01-08
0.808,0.554,3,-7.737,0,0.29,0.594,0.0,0.1,0.495,102.124,157465,4,0kZLclYUP3JsHpEUF5rSUZ,Brawling,6Jq0QdwB0vk7VPcIqpo4pr,52hLbiHfJsarTXovhOd3qC,Wacko Dan,17910,33,2023-05-16,day,30,2024-01-08
0.791,0.503,10,-10.171,0,0.181,0.478,2.31e-05,0.147,0.353,104.048,138462,4,2de6xxOnLD4kd6ziTuCpWd,Black Rain,6Jq0QdwB0vk7VPcIqpo4pr,5np2XqLanbxQzpEVFG0big,Kman 6ixx,16819,40,2023-04-28,day,47,2024-01-08
0.638,0.449,2,-8.729,0,0.267,0.394,0.0,0.265,0.358,99.984,168176,4,66PatK9za7dmGwupmjFG5h,Government Badness,6Jq0QdwB0vk7VPcIqpo4pr,"7tnzhcb2y0dtPFIFVTp0A4,3ZvDK5kO0JI9ZFS2grjpOr","Tafari,Blutooth","26094,6","22,0",2023-05-27,day,6,2024-01-08
0.718,0.65,8,-8.851,0,0.228,0.302,0.0101,0.111,0.494,123.305,166000,5,107a7kDsUhcDPFGAoFMjaX,IDK,6Jq0QdwB0vk7VPcIqpo4pr,3IDfJpj4YVkaBl7Dd52Pxv,Byron Messia,65600,61,2020-12-25,day,14,2024-01-08
0.91,0.554,10,-7.722,0,0.218,0.271,1.88e-06,0.102,0.515,103.984,172072,4,4Aftb2WWgB1aPLkdUsn3CC,90z,6Jq0QdwB0vk7VPcIqpo4pr,3IDfJpj4YVkaBl7Dd52Pxv,Byron Messia,65600,61,2023-05-26,day,55,2024-01-08
0.924,0.513,4,-6.996,1,0.0526,0.457,0.00267,0.0802,0.732,100.001,194448,4,3BcnfcYc6Gi3G034DIFCFO,Baghdad,6Jq0QdwB0vk7VPcIqpo4pr,2Jv0w50BNaGlwnXpq69HGm,Prince Swanny,112646,43,2023-05-28,day,39,2024-01-08
0.587,0.301,1,-12.019,0,0.853,0.472,0.0,0.0981,0.115,99.449,192451,4,1nueTvULXP3uOsVQrrBh5x,Envy & Jealousy,6Jq0QdwB0vk7VPcIqpo4pr,"7tnzhcb2y0dtPFIFVTp0A4,42vTbs0hn99UDZg4JDIcmf","Tafari,Wacko Dan","26094,1","22,0",2023-05-26,day,9,2024-01-08
0.65,0.505,10,-7.429,0,0.0963,0.242,0.0,0.103,0.68,133.319,192000,5,7mvsQ4pXGOgbsSScX62zis,FOCUS,6Jq0QdwB0vk7VPcIqpo4pr,5np2XqLanbxQzpEVFG0big,Kman 6ixx,16819,40,2023-03-19,day,42,2024-01-08
0.632,0.491,8,-13.093,1,0.396,0.157,0.0,0.298,0.419,128.208,222929,5,3cFNIkopgpJmRDKB6T3qgV,Mash Dem,6Jq0QdwB0vk7VPcIqpo4pr,"0694wSygwjV7uwEZzURfak,52hLbiHfJsarTXovhOd3qC","DAMOO BEATZ,Wacko Dan","86,17910","5,33",2023-06-03,day,11,2024-01-08
0.872,0.533,1,-10.35,0,0.123,0.415,0.0,0.0738,0.927,102.962,233326,4,3A6LU4YYxCHem7qQtdrPsL,From Di Gutter,6Jq0QdwB0vk7VPcIqpo4pr,"0694wSygwjV7uwEZzURfak,52hLbiHfJsarTXovhOd3qC","DAMOO BEATZ,Wacko Dan","86,17910","5,33",2023-06-03,day,11,2024-01-08
0.827,0.693,8,-4.549,0,0.389,0.299,0.0,0.116,0.515,141.877,198716,4,1nRg4wYz5qbayok2YFYUrG,Bufu,6Jq0QdwB0vk7VPcIqpo4pr,3UwGbC4Sl9MmonrpWo6grS,Boy Boy,29068,41,2023-05-18,day,41,2024-01-08
0.784,0.532,10,-6.526,0,0.564,0.72,0.0,0.117,0.664,99.783,156056,4,6OktTIuNAkOieejZJ1phTv,Banger,6Jq0QdwB0vk7VPcIqpo4pr,277jOUSGN5AKoZoDxvfmUP,Young Star 6ixx,15424,28,2023-06-09,day,6,2024-01-08
0.864,0.488,10,-7.017,1,0.101,0.305,0.0,0.145,0.205,101.994,175187,4,7JYhc2ePyk2s1GpECk1kzX,Dark Side,6Jq0QdwB0vk7VPcIqpo4pr,5np2XqLanbxQzpEVFG0big,Kman 6ixx,16819,40,2023-04-19,day,43,2024-01-08
0.928,0.466,10,-6.599,0,0.351,0.458,0.0,0.0904,0.34,100.062,154050,4,4l3ltOnYxyXSiGOm2ynsFW,GBG,6Jq0QdwB0vk7VPcIqpo4pr,"5np2XqLanbxQzpEVFG0big,2JC7YH9Umra4Zc8mseZsRD","Kman 6ixx,Going Global Records","16819,8937","40,37",2023-03-19,day,39,2024-01-08
0.493,0.566,2,-5.005,0,0.08,0.292,0.0,0.107,0.131,121.036,197802,5,4oQlQcDItI187o2lofmxEo,Reincarnation,6Jq0QdwB0vk7VPcIqpo4pr,5np2XqLanbxQzpEVFG0big,Kman 6ixx,16819,40,2023-04-19,day,31,2024-01-08
0.793,0.48,1,-9.778,0,0.341,0.094,0.0,0.204,0.31,99.978,154854,4,6ByNVafdCnTA0JUc1K3NAo,Flip Side,6Jq0QdwB0vk7VPcIqpo4pr,7c8WSGTjxRP9sOob1KukJA,Kalonji,33554,29,2023-06-05,day,27,2024-01-08
0.796,0.895,8,-5.24,0,0.312,0.436,0.000123,0.224,0.817,107.08,139065,4,51FGjUhYDhZqJyBgEC9m1o,Bounce,6Jq0QdwB0vk7VPcIqpo4pr,"3UwGbC4Sl9MmonrpWo6grS,51op6E2hjkeutwFhgw32mL","Boy Boy,BackRoad Gee","29068,33628","41,43",2023-06-08,day,25,2024-01-08
0.608,0.563,5,-9.171,0,0.174,0.699,8.69e-05,0.146,0.379,92.947,198999,4,4qcE1UTVpXpOAN2nMUH8li,Garrison Above (Remix) - Speed Up,6Jq0QdwB0vk7VPcIqpo4pr,"3zorWCDx017sz4UYP2fC9w,3IDfJpj4YVkaBl7Dd52Pxv,3fRULl7jxXqrHyIOFeYzVd","Chronic Law,Byron Messia,Akeem876","158123,65600,217","50,61,28",2023-06-09,day,29,2024-01-08
0.586,0.574,2,-5.96,0,0.194,0.427,0.0,0.141,0.674,95.442,166000,4,06K4Io2YMa74MtnadbHcSy,Overcome,6Jq0QdwB0vk7VPcIqpo4pr,"2JC7YH9Umra4Zc8mseZsRD,2kNL5eBpFCpOQu81GJ4lZb","Going Global Records,Jovi Ton","8937,3954","37,4",2023-06-02,day,4,2024-01-08
0.385,0.695,1,-5.243,0,0.172,0.0268,0.00135,0.192,0.391,66.85,146400,5,3clQTD7DMfHOzpWJIx9crL,Murda Dem,6Jq0QdwB0vk7VPcIqpo4pr,"2VpYQkkjCohjSPskaQGyp0,7m9XVoclUiChouSrsuE2Za","West Bank Records,Priceless","4114,340","32,4",2023-04-05,day,9,2024-01-08
0.753,0.586,10,-8.027,0,0.128,0.706,0.0,0.129,0.608,133.423,139259,5,15XTSOsWXWAjuEaQs7Y7te,Nightmare,6Jq0QdwB0vk7VPcIqpo4pr,2Jv0w50BNaGlwnXpq69HGm,Prince Swanny,112646,43,2023-06-13,day,41,2024-01-08
0.68,0.412,5,-9.918,0,0.42,0.207,0.0,0.105,0.389,116.154,186000,5,78caUue2kS1L8XZgPijdn6,I Hate Byron,6Jq0QdwB0vk7VPcIqpo4pr,3IDfJpj4YVkaBl7Dd52Pxv,Byron Messia,65600,61,2023-06-23,day,34,2024-01-08
0.541,0.726,5,-5.309,1,0.31,0.686,0.0,0.0843,0.85,133.169,89986,5,45hMYTDreHlTlgUei0IoDC,Advance War,6Jq0QdwB0vk7VPcIqpo4pr,3UwGbC4Sl9MmonrpWo6grS,Boy Boy,29068,41,2023-06-23,day,31,2024-01-08
0.594,0.459,5,-9.233,0,0.276,0.691,0.0,0.184,0.484,141.747,125070,4,5zqxOFotUZnUxYa76XHWWT,Risky Procedure,6Jq0QdwB0vk7VPcIqpo4pr,7IbkKTNpBj7MORRdt3oge3,Zerimar,30169,34,2023-06-14,day,34,2024-01-08
0.691,0.596,9,-6.3,0,0.171,0.195,0.0,0.203,0.496,99.896,117600,4,4pQh1nFlbv7J9cs2g6Ag4X,Be Somebody,6Jq0QdwB0vk7VPcIqpo4pr,6QJrx4J9XqIxXUBhacoJHC,Medz Boss,34233,27,2023-06-19,day,14,2024-01-08
0.749,0.552,11,-9.169,0,0.253,0.0584,0.0,0.113,0.149,102.156,190588,4,7nbjJUMXongH1eeg8nrnDn,Lethal,6Jq0QdwB0vk7VPcIqpo4pr,58GP6t4N8aiJkHTOM41ECz,Plumpy Boss,21328,31,2023-06-27,day,24,2024-01-08
0.822,0.545,3,-5.234,0,0.278,0.422,0.0,0.102,0.19,103.968,171923,4,25gMSkqJ3hRdU67dOA3xQA,We Done Ready,6Jq0QdwB0vk7VPcIqpo4pr,5np2XqLanbxQzpEVFG0big,Kman 6ixx,16819,40,2023-06-21,day,43,2024-01-08
0.924,0.653,2,-4.933,1,0.0891,0.11,6.88e-06,0.108,0.0577,109.956,166364,4,3ZHDUlubVq5lbNnxmlRLVS,Steamy,6Jq0QdwB0vk7VPcIqpo4pr,58GP6t4N8aiJkHTOM41ECz,Plumpy Boss,21328,31,2023-06-19,day,25,2024-01-08
0.792,0.864,11,-4.297,0,0.212,0.546,0.0,0.0818,0.322,90.046,173528,4,5eLEYrck7xPNB3f8vX08Dd,Brand New,6Jq0QdwB0vk7VPcIqpo4pr,2Jv0w50BNaGlwnXpq69HGm,Prince Swanny,112646,43,2023-03-01,day,28,2024-01-08
0.596,0.616,6,-8.202,0,0.414,0.358,1.59e-06,0.132,0.272,127.163,117816,5,3lIBGfn48kWNRPXoSVChF8,Spain Town,6Jq0QdwB0vk7VPcIqpo4pr,"3IDfJpj4YVkaBl7Dd52Pxv,3oPAWnUbHSkerwat9nlVXK","Byron Messia,Finga Quenga","65600,2451","61,14",2023-06-23,day,29,2024-01-08
0.599,0.546,7,-11.796,0,0.363,0.181,0.0,0.0999,0.249,115.517,136718,4,7fIV5VwU5VmgpPqaz4s3Ef,Panic,6Jq0QdwB0vk7VPcIqpo4pr,26ZEKZVt8FKYaYc4wEO6xf,Yung Mike,95,3,2023-07-10,day,0,2024-01-08
0.576,0.434,5,-14.06,0,0.44,0.0671,0.0,0.135,0.296,105.667,149499,4,0AfFMvabXuwhYTY6AlTdRF,No Opportunity - Remix,6Jq0QdwB0vk7VPcIqpo4pr,"26ZEKZVt8FKYaYc4wEO6xf,3adjEuueg4rtrN4r5E0qUH","Yung Mike,Sa'ra Charismata","95,593","3,2",2023-06-13,day,10,2024-01-08
0.767,0.428,5,-14.127,0,0.0598,0.577,0.000185,0.101,0.502,104.038,144248,4,2Qs7fPu6eUpp3x3atFg9yZ,OWN STYLE,6Jq0QdwB0vk7VPcIqpo4pr,26ZEKZVt8FKYaYc4wEO6xf,Yung Mike,95,3,2022-03-20,day,0,2024-01-08
0.657,0.43,0,-13.262,0,0.451,0.204,0.0,0.117,0.54,131.733,130800,5,79KXEIIWJNJ9XjrXHr8Tlh,No time,6Jq0QdwB0vk7VPcIqpo4pr,2Jv0w50BNaGlwnXpq69HGm,Prince Swanny,112646,43,2023-07-10,day,38,2024-01-08
0.711,0.574,11,-11.648,0,0.365,0.0973,0.0,0.0898,0.0391,102.19,219429,4,0UCn1BRWP15ngsJ0MYtrfJ,Lethal,6Jq0QdwB0vk7VPcIqpo4pr,58GP6t4N8aiJkHTOM41ECz,Plumpy Boss,21328,31,2023-07-19,day,0,2024-01-08
0.914,0.505,9,-6.77,0,0.31,0.227,2.73e-06,0.132,0.54,102.937,176453,4,5zq5fYXIE7X842DD5HBiiB,Talibans II,6Jq0QdwB0vk7VPcIqpo4pr,"3wcj11K77LjEY1PkEazffa,3IDfJpj4YVkaBl7Dd52Pxv","Burna Boy,Byron Messia","7755761,65600","78,61",2023-07-20,day,65,2024-01-08
0.633,0.58,10,-7.962,0,0.48,0.188,0.0,0.0878,0.322,127.516,128964,5,3wfk1Ne521VKDna6by6WSu,More Than 100,6Jq0QdwB0vk7VPcIqpo4pr,3UwGbC4Sl9MmonrpWo6grS,Boy Boy,29068,41,2023-07-20,day,35,2024-01-08
0.825,0.695,8,-4.542,0,0.402,0.296,0.0,0.153,0.521,141.897,198716,4,51sF6PkE0xZ6QxZDcCalGS,Bufu,6Jq0QdwB0vk7VPcIqpo4pr,3UwGbC4Sl9MmonrpWo6grS,Boy Boy,29068,41,2023-07-20,day,11,2024-01-08
0.604,0.897,1,-4.903,0,0.232,0.184,1.34e-06,0.14,0.288,150.039,154400,4,0U5PrY6Pl2XR6ssb7OA6PQ,Contract,6Jq0QdwB0vk7VPcIqpo4pr,3UwGbC4Sl9MmonrpWo6grS,Boy Boy,29068,41,2023-07-20,day,11,2024-01-08
0.762,0.604,7,-6.505,0,0.244,0.344,0.0,0.547,0.48,180.087,157344,4,5PHE6H3iJaLYsSeIJ9oF6b,7.62,6Jq0QdwB0vk7VPcIqpo4pr,7tnzhcb2y0dtPFIFVTp0A4,Tafari,26094,22,2023-07-19,day,12,2024-01-08
0.756,0.438,2,-9.052,0,0.302,0.573,0.0,0.0972,0.434,64.769,166243,4,0IxYmZd1kOsdCu0YL1RGw2,Moody,6Jq0QdwB0vk7VPcIqpo4pr,7tnzhcb2y0dtPFIFVTp0A4,Tafari,26094,22,2023-07-19,day,15,2024-01-08
0.894,0.211,7,-16.759,0,0.518,0.366,0.0,0.0666,0.625,104.858,129411,4,2PpGNd392BdGqRdNIVh3h9,Freaky,6Jq0QdwB0vk7VPcIqpo4pr,7tnzhcb2y0dtPFIFVTp0A4,Tafari,26094,22,2023-07-19,day,7,2024-01-08
0.784,0.407,0,-9.945,0,0.0788,0.563,0.0,0.202,0.401,103.018,192000,4,02UuyhRUd4e8BrVhVlA3V0,Lifestyle,6Jq0QdwB0vk7VPcIqpo4pr,7tnzhcb2y0dtPFIFVTp0A4,Tafari,26094,22,2023-07-19,day,12,2024-01-08
0.748,0.466,11,-10.398,1,0.142,0.368,0.0,0.152,0.331,96.03,247432,4,6ryQ8mGP9lg9ORBe8c5bfW,Unstoppable,6Jq0QdwB0vk7VPcIqpo4pr,7tnzhcb2y0dtPFIFVTp0A4,Tafari,26094,22,2023-07-19,day,5,2024-01-08
0.722,0.374,1,-12.669,1,0.337,0.205,0.0,0.145,0.685,88.107,156015,4,3pkZHwTN5kNMKkw0kdokwb,Dreams Turn Reality,6Jq0QdwB0vk7VPcIqpo4pr,"7tnzhcb2y0dtPFIFVTp0A4,0NLLA3BxzC9yDxn6TleUvn","Tafari,Kman 6ixx","26094,0","22,0",2023-07-19,day,7,2024-01-08
0.858,0.774,11,-5.228,1,0.209,0.254,1.3e-05,0.243,0.279,101.98,171765,4,6NFFQg2hBT4iZtgm1FYXbR,Duppy Maker,6Jq0QdwB0vk7VPcIqpo4pr,"277jOUSGN5AKoZoDxvfmUP,2Z2ttTDzbwUhfMWVt246Vg","Young Star 6ixx,Bonez 6ixx","15424,67","28,5",2023-07-13,day,7,2024-01-08
0.558,0.726,7,-8.03,0,0.294,0.536,0.0,0.134,0.413,124.225,187200,5,4vzUh9FsJQ1rMVNMUfJYOW,D.M.U (Doh Much Up),6Jq0QdwB0vk7VPcIqpo4pr,"7IbkKTNpBj7MORRdt3oge3,1lIkGKWtOn1ws5NZ5eNuEd","Zerimar,Dynasty Global","30169,29","34,11",2023-07-14,day,27,2024-01-08
0.497,0.699,10,-6.694,0,0.27,0.365,0.0,0.124,0.817,92.87,170323,4,68oguKBVPCAfdWRy0AtFlx,Celebrate,6Jq0QdwB0vk7VPcIqpo4pr,"2VpYQkkjCohjSPskaQGyp0,52hLbiHfJsarTXovhOd3qC","West Bank Records,Wacko Dan","4114,17910","32,33",2023-06-29,day,18,2024-01-08
0.536,0.497,5,-6.654,1,0.109,0.266,0.0,0.267,0.424,121.307,192665,5,4dz2bMD2Q6Gi8PtK4rZh4T,Who Real,6Jq0QdwB0vk7VPcIqpo4pr,"2VpYQkkjCohjSPskaQGyp0,5MHMq3vvousrJcs1Y4ZWoT,2tJ1nKxTNrHxCcwez912SR","West Bank Records,Going Global Records,Gskell","4114,1,1","32,0,0",2023-06-29,day,9,2024-01-08
0.573,0.638,5,-2.215,1,0.149,0.575,7.18e-06,0.248,0.42,189.663,166412,4,7s6qc7iKTWZR2jggSKrWYg,Changes,6Jq0QdwB0vk7VPcIqpo4pr,"2VpYQkkjCohjSPskaQGyp0,4hUusgCL7ygXSbHyupFzao","West Bank Records,ShaqStar","4114,10022","32,19",2023-06-29,day,18,2024-01-08
0.591,0.481,5,-6.735,1,0.227,0.321,0.0,0.252,0.337,181.994,145055,4,5p9yNv9WyGFH40ZqG3TtHn,Father,6Jq0QdwB0vk7VPcIqpo4pr,"2VpYQkkjCohjSPskaQGyp0,5cehzk0I8giEmW4wFLXiRP","West Bank Records,Jovi Ton","4114,2","32,0",2023-06-29,day,7,2024-01-08
0.736,0.631,9,-4.258,0,0.15,0.669,0.0,0.123,0.464,98.086,172653,4,2IRTKjxZEIChAZ6ueimfiw,All Out,6Jq0QdwB0vk7VPcIqpo4pr,"2VpYQkkjCohjSPskaQGyp0,4v5svwH75xhxdyaegqliH8","West Bank Records,Reiga","4114,129","32,8",2023-06-29,day,10,2024-01-08
0.891,0.591,10,-5.649,1,0.228,0.458,1.09e-06,0.0902,0.28,100.047,196800,4,1XnOOzWMBbF8iq0VF4tT5d,Letter To My Opps,6Jq0QdwB0vk7VPcIqpo4pr,"2VpYQkkjCohjSPskaQGyp0,277jOUSGN5AKoZoDxvfmUP","West Bank Records,Young Star 6ixx","4114,15424","32,28",2023-06-29,day,27,2024-01-08
0.493,0.766,1,-4.929,0,0.124,0.107,0.0,0.121,0.337,92.481,187826,4,0wJeUiDgVULDbBoESyeKop,Warning,6Jq0QdwB0vk7VPcIqpo4pr,"2VpYQkkjCohjSPskaQGyp0,52hLbiHfJsarTXovhOd3qC","West Bank Records,Wacko Dan","4114,17910","32,33",2023-06-29,day,21,2024-01-08
0.692,0.78,0,-4.077,1,0.299,0.308,0.0,0.135,0.366,103.903,148932,4,5ldxmUMdWJHoWsNZh6h1fB,Know Bout We,6Jq0QdwB0vk7VPcIqpo4pr,"2VpYQkkjCohjSPskaQGyp0,5PWuYru7gWhcgzNsr5RaC1","West Bank Records,Beat Musik","4114,1","32,2",2023-06-29,day,16,2024-01-08
0.813,0.702,6,-5.483,0,0.143,0.582,0.0,0.0908,0.226,95.905,185000,4,2VHPu6ZWGII1uZPawhZT5O,Guns Like These,6Jq0QdwB0vk7VPcIqpo4pr,"2VpYQkkjCohjSPskaQGyp0,2Jv0w50BNaGlwnXpq69HGm","West Bank Records,Prince Swanny","4114,112646","32,43",2023-06-29,day,31,2024-01-08
0.87,0.571,5,-5.776,0,0.0607,0.497,4.64e-06,0.136,0.127,103.993,171923,4,54uLtjU9xyvZcMuSGKkAed,Team T,6Jq0QdwB0vk7VPcIqpo4pr,"2VpYQkkjCohjSPskaQGyp0,5Pe4MqEuPta6GdCDxzoosc","West Bank Records,Kman 6ixx","4114,140","32,24",2023-06-29,day,45,2024-01-08
0.418,0.641,10,-7.16,1,0.178,0.471,0.0,0.314,0.323,194.84,198367,4,1t9708CpPhTn2rvk8LRSkc,Police,6Jq0QdwB0vk7VPcIqpo4pr,"2VpYQkkjCohjSPskaQGyp0,67gCSHQaBba1dikpWTEQJm","West Bank Records,DynamiQ","4114,57","32,7",2023-06-29,day,19,2024-01-08
0.814,0.687,1,-6.512,1,0.228,0.451,0.0,0.13,0.433,100.04,230113,4,4y1QYi8m3GowMshYDQ7S9o,War Start,6Jq0QdwB0vk7VPcIqpo4pr,"2VpYQkkjCohjSPskaQGyp0,2PmhRbTRFSFWHQR4ZGngSx,77XpBnLUoQMaZ2maul2fo0","West Bank Records,TDan,Kant10t","4114,5,6042","32,3,23",2023-06-29,day,17,2024-01-08
0.706,0.475,8,-11.991,1,0.816,0.667,0.0,0.0939,0.38,131.466,195344,5,564tfqODOw0m6IeqY0gXTn,Tman(Blixky),6Jq0QdwB0vk7VPcIqpo4pr,66Eiq6SzJR0w5TIRVEDrcK,Flanka Dan,635,6,2022-08-22,day,18,2024-01-08
0.859,0.583,10,-5.67,0,0.0822,0.337,5.28e-06,0.096,0.44,118.058,138305,4,3dHFbW7X78F5ID7TVHNAVd,Gcity,6Jq0QdwB0vk7VPcIqpo4pr,"2JC7YH9Umra4Zc8mseZsRD,5np2XqLanbxQzpEVFG0big","Going Global Records,Kman 6ixx","8937,16819","37,40",2023-07-13,day,27,2024-01-08
0.429,0.696,7,-6.222,1,0.091,0.212,4.32e-06,0.36,0.0847,129.693,135952,4,0f4JB6MaZA3oB7oIdPK4FI,Big 40,6Jq0QdwB0vk7VPcIqpo4pr,"2JC7YH9Umra4Zc8mseZsRD,277jOUSGN5AKoZoDxvfmUP","Going Global Records,Young Star 6ixx","8937,15424","37,28",2023-07-13,day,4,2024-01-08
0.88,0.553,3,-5.512,0,0.243,0.284,0.000523,0.094,0.21,101.903,155882,4,4KSPoZDQKPQdf3iNaih0vB,Darkest Hour,6Jq0QdwB0vk7VPcIqpo4pr,"2JC7YH9Umra4Zc8mseZsRD,5wqm8u0YEPKbX3LHFzErxG","Going Global Records,Young Shotta","8937,3","37,1",2023-07-13,day,6,2024-01-08
0.788,0.796,6,-3.775,0,0.0758,0.616,1.03e-06,0.17,0.55,109.009,180550,4,0p25iu68sprOCyV5LfhEXy,Bad Inna Real Life,6Jq0QdwB0vk7VPcIqpo4pr,"2JC7YH9Umra4Zc8mseZsRD,277jOUSGN5AKoZoDxvfmUP","Going Global Records,Young Star 6ixx","8937,15424","37,28",2023-07-13,day,8,2024-01-08
0.64,0.754,11,-5.097,0,0.197,0.336,8.74e-06,0.111,0.211,106.611,140027,4,7MnqwNJjiOKALqKJegMuL1,Freestyle,6Jq0QdwB0vk7VPcIqpo4pr,"2JC7YH9Umra4Zc8mseZsRD,2Z2ttTDzbwUhfMWVt246Vg","Going Global Records,Bonez 6ixx","8937,67","37,5",2023-07-13,day,4,2024-01-08
0.852,0.626,8,-8.991,0,0.187,0.383,0.0,0.105,0.683,104.024,169947,4,1BO4uSqJecEBScZPr3RA9g,BAD GAIL,6Jq0QdwB0vk7VPcIqpo4pr,"26ZEKZVt8FKYaYc4wEO6xf,5vAXNW7bfvl8Htg2m05mgG","Yung Mike,Jmonie","95,0","3,1",2022-03-20,day,10,2024-01-08
0.719,0.533,11,-8.887,0,0.0771,0.384,0.0,0.0953,0.21,100.148,196865,4,2mc4dlMnTvCzBoyigbGAjg,Gone Too Soon,6Jq0QdwB0vk7VPcIqpo4pr,3IDfJpj4YVkaBl7Dd52Pxv,Byron Messia,65600,61,2022-08-19,day,28,2024-01-08
0.691,0.338,1,-9.778,0,0.213,0.0558,1.51e-05,0.107,0.143,100.261,175200,4,71bl7HvNfsyOmFFmzFoGYh,Prolific,6Jq0QdwB0vk7VPcIqpo4pr,7c8WSGTjxRP9sOob1KukJA,Kalonji,33554,29,2023-05-13,day,19,2024-01-08
0.477,0.301,1,-10.546,1,0.107,0.248,0.000166,0.136,0.0469,97.979,178407,4,2svoiNj25TDFFpdusjwDK7,Brawling,6Jq0QdwB0vk7VPcIqpo4pr,"7c8WSGTjxRP9sOob1KukJA,0ZmsMH6X0dz63imIjUGTzF,52hLbiHfJsarTXovhOd3qC","Kalonji,Skelly 12k,Wacko Dan","33554,2271,17910","29,23,33",2023-05-04,day,27,2024-01-08
0.496,0.581,6,-9.724,0,0.247,0.209,0.0,0.394,0.343,129.304,172800,5,2OR5DQUTgIb1tRlqPZWMA6,Blessed,6Jq0QdwB0vk7VPcIqpo4pr,7c8WSGTjxRP9sOob1KukJA,Kalonji,33554,29,2023-05-04,day,11,2024-01-08
0.51,0.706,1,-7.168,1,0.219,0.322,0.0,0.219,0.606,95.108,161737,4,5YpeUlgHji9v6kRhyN4LPb,Bredda,6Jq0QdwB0vk7VPcIqpo4pr,"0yTGEWwfC4x5G54ybd12h5,6CxUKwVnCBKKP60XMvnMOL","Avi Da Artiste,Jahllano","206,20037","8,25",2023-07-04,day,1,2024-01-08
0.638,0.599,0,-5.625,0,0.279,0.191,0.0,0.613,0.16,123.952,188387,5,6bznMbRDTzcYPbUEcjLCiZ,Malice,6Jq0QdwB0vk7VPcIqpo4pr,271MSQRWEJLWldGZpUUQSW,Royale Music,56,2,2023-08-16,day,5,2024-01-08
0.54,0.468,1,-8.45,1,0.207,0.758,4.29e-06,0.3,0.226,130.412,185347,5,17rfAF2eIHDx9jvPOgOOKG,Nice,6Jq0QdwB0vk7VPcIqpo4pr,"7IbkKTNpBj7MORRdt3oge3,1lIkGKWtOn1ws5NZ5eNuEd","Zerimar,Dynasty Global","30169,29","34,11",2023-07-21,day,20,2024-01-08
0.95,0.648,7,-5.441,1,0.0748,0.493,0.0,0.0806,0.408,110.053,160909,4,3qRc9XiaHmB8m7cYUftQym,My Favorite,6Jq0QdwB0vk7VPcIqpo4pr,58GP6t4N8aiJkHTOM41ECz,Plumpy Boss,21328,31,2023-08-15,day,41,2024-01-08
0.647,0.552,5,-8.293,1,0.375,0.262,0.0,0.179,0.192,190.314,227368,4,6EtiO5G4GY2SXAof2yyAxi,We Nah Wait,6Jq0QdwB0vk7VPcIqpo4pr,"58GP6t4N8aiJkHTOM41ECz,1mQBzXJm0nBVdhFwPKsNu0,3GO7uRLHKxHnCOFT8zhGld","Plumpy Boss,JAH JAH,Castella","21328,727,1010","31,19,21",2023-07-08,day,38,2024-01-08
0.624,0.597,3,-4.535,0,0.104,0.336,0.0,0.108,0.317,111.503,207529,5,70SOIPjoONu7pQxcqo4Tji,Betrayal,6Jq0QdwB0vk7VPcIqpo4pr,58GP6t4N8aiJkHTOM41ECz,Plumpy Boss,21328,31,2023-07-02,day,25,2024-01-08
0.857,0.581,10,-6.366,0,0.276,0.449,0.0,0.0878,0.57,113.079,176283,4,5tU4L0rrFc4rsgajrTlXwk,Watch Dis,6Jq0QdwB0vk7VPcIqpo4pr,277jOUSGN5AKoZoDxvfmUP,Young Star 6ixx,15424,28,2023-08-05,day,10,2024-01-08
0.592,0.687,10,-5.267,1,0.455,0.116,0.0,0.123,0.395,199.774,135454,4,7FBqdvus3onovKGcmheuIV,Love Guns,6Jq0QdwB0vk7VPcIqpo4pr,"2JC7YH9Umra4Zc8mseZsRD,1FrcEspJXiHYcND44UGFC0,5nShW6YM9YdIArHoiapYxz","Going Global Records,Tman,Chigga","8937,46,0","37,2,0",2023-08-23,day,9,2024-01-08
0.849,0.486,6,-10.286,0,0.191,0.0411,0.0,0.111,0.417,103.961,150000,4,0WvT9ICmzJ5GYx9sdO37Bs,Tropicana (with Byron Messia),6Jq0QdwB0vk7VPcIqpo4pr,"1fctva4kpRbg2k3v7kwRuS,3IDfJpj4YVkaBl7Dd52Pxv","Rvssian,Byron Messia","2520986,65600","65,61",2023-08-18,day,44,2024-01-08
0.512,0.655,1,-6.33,1,0.218,0.366,1.46e-06,0.249,0.29,132.898,174545,5,1uIavHFs7uL05f5DQNCXHi,Miss Tight Hole,6Jq0QdwB0vk7VPcIqpo4pr,"10jSImvLGufcMdETaNGvsv,3IDfJpj4YVkaBl7Dd52Pxv","IQ,Byron Messia","19581,65600","38,61",2023-08-11,day,42,2024-01-08
0.786,0.479,3,-12.822,0,0.333,0.209,4.59e-05,0.115,0.598,99.966,201600,4,0sy5crLxS9m0NbGXvf6MVS,Trinibad Gyal Anthem,6Jq0QdwB0vk7VPcIqpo4pr,3P6QC8RmUPTmuygPQe7irI,Indiyah-Rye,39,0,2023-07-15,day,1,2024-01-08
0.754,0.64,1,-7.024,0,0.116,0.561,0.0,0.427,0.597,99.988,176674,4,5QicFt36qDNhrh2B2KZ4YP,New Heights,6Jq0QdwB0vk7VPcIqpo4pr,"5np2XqLanbxQzpEVFG0big,2JC7YH9Umra4Zc8mseZsRD","Kman 6ixx,Going Global Records","16819,8937","40,37",2023-09-21,day,38,2024-01-08
0.823,0.539,1,-5.542,1,0.0693,0.255,4.53e-05,0.474,0.295,96.01,188006,4,6P13fbVHh71i57sz0uAc8w,Chosen One,6Jq0QdwB0vk7VPcIqpo4pr,"5np2XqLanbxQzpEVFG0big,2JC7YH9Umra4Zc8mseZsRD","Kman 6ixx,Going Global Records","16819,8937","40,37",2023-09-21,day,36,2024-01-08
0.703,0.675,11,-5.058,1,0.246,0.338,0.0,0.116,0.432,194.026,197952,4,6LtAuUI3vDt3lDCE3KPw46,Changes,6Jq0QdwB0vk7VPcIqpo4pr,"5np2XqLanbxQzpEVFG0big,2JC7YH9Umra4Zc8mseZsRD","Kman 6ixx,Going Global Records","16819,8937","40,37",2023-09-21,day,36,2024-01-08
0.724,0.522,4,-6.319,1,0.121,0.56,6.75e-05,0.119,0.193,99.638,151515,4,578j9Hzyv27x0H3ugGXrGI,She Say,6Jq0QdwB0vk7VPcIqpo4pr,"5np2XqLanbxQzpEVFG0big,2JC7YH9Umra4Zc8mseZsRD","Kman 6ixx,Going Global Records","16819,8937","40,37",2023-09-21,day,41,2024-01-08
0.512,0.612,9,-6.115,1,0.138,0.592,9.95e-06,0.115,0.197,123.799,171947,5,12qXeHtszyzngFEMkSSxdt,Revenge,6Jq0QdwB0vk7VPcIqpo4pr,"5np2XqLanbxQzpEVFG0big,5TCjAhlFjAeHdjk5nOJWFe,2VpYQkkjCohjSPskaQGyp0,277jOUSGN5AKoZoDxvfmUP","Kman 6ixx,Natty Gargo,West Bank Records,Young Star 6ixx","16819,25,4114,15424","40,21,32,28",2023-09-21,day,41,2024-01-08
0.847,0.655,0,-6.301,0,0.0584,0.424,4.98e-06,0.093,0.281,104.042,166154,4,2cvbsdJQ10OZOfcPwes4tZ,Obsessed,6Jq0QdwB0vk7VPcIqpo4pr,"5np2XqLanbxQzpEVFG0big,2JC7YH9Umra4Zc8mseZsRD","Kman 6ixx,Going Global Records","16819,8937","40,37",2023-09-21,day,48,2024-01-08
0.86,0.565,5,-8.122,0,0.196,0.393,0.0,0.165,0.604,99.998,178800,4,7biMqfAAZyEjMv85SxWfin,No Lethal,6Jq0QdwB0vk7VPcIqpo4pr,"5np2XqLanbxQzpEVFG0big,2JC7YH9Umra4Zc8mseZsRD","Kman 6ixx,Going Global Records","16819,8937","40,37",2023-09-21,day,49,2024-01-08
0.592,0.546,6,-5.368,0,0.253,0.101,3.34e-06,0.168,0.315,125.025,196596,5,0mRx86WPm3mW1Wmf7FKrId,Mula,6Jq0QdwB0vk7VPcIqpo4pr,58GP6t4N8aiJkHTOM41ECz,Plumpy Boss,21328,31,2023-09-19,day,29,2024-01-08
0.497,0.219,0,-11.345,0,0.395,0.709,0.000545,0.107,0.246,62.937,266581,5,25tp0y6FWNN34qbiD7mwtN,Playtime Over,6Jq0QdwB0vk7VPcIqpo4pr,7IbkKTNpBj7MORRdt3oge3,Zerimar,30169,34,2023-09-08,day,25,2024-01-08
0.896,0.713,0,-3.935,0,0.218,0.217,0.000337,0.138,0.481,134.098,129358,4,5A2ke7EIKsKGZ3V6wn7DTQ,Dat Bad,6Jq0QdwB0vk7VPcIqpo4pr,3UwGbC4Sl9MmonrpWo6grS,Boy Boy,29068,41,2023-08-24,day,31,2024-01-08
0.675,0.517,10,-6.891,0,0.433,0.301,1.3e-06,0.0965,0.34,97.282,128964,4,70bbaJVeDacjGMvj8NzJIf,More Than 100,6Jq0QdwB0vk7VPcIqpo4pr,3UwGbC4Sl9MmonrpWo6grS,Boy Boy,29068,41,2023-08-24,day,14,2024-01-08
0.778,0.834,3,-5.339,0,0.342,0.645,1.62e-05,0.112,0.763,107.397,136533,4,6yMmmWm3S1dffCSYE0waWA,Bounce,6Jq0QdwB0vk7VPcIqpo4pr,"3UwGbC4Sl9MmonrpWo6grS,51op6E2hjkeutwFhgw32mL","Boy Boy,BackRoad Gee","29068,33628","41,43",2023-08-24,day,12,2024-01-08
0.827,0.693,8,-4.549,0,0.389,0.299,0.0,0.116,0.515,141.877,198716,4,6aPamO7eQs3qOBlwgPdcAm,Bufu,6Jq0QdwB0vk7VPcIqpo4pr,3UwGbC4Sl9MmonrpWo6grS,Boy Boy,29068,41,2023-08-24,day,13,2024-01-08
0.604,0.897,1,-4.903,0,0.232,0.184,1.34e-06,0.14,0.288,150.039,154400,4,7wSVTgva7P4G4Vmc2MBcRC,Contract,6Jq0QdwB0vk7VPcIqpo4pr,3UwGbC4Sl9MmonrpWo6grS,Boy Boy,29068,41,2023-08-24,day,14,2024-01-08
0.593,0.71,0,-6.874,0,0.373,0.469,1.07e-06,0.113,0.249,102.309,177124,4,5JxFxc3Cvl2xYRFE5ym4Yf,Guidelines,6Jq0QdwB0vk7VPcIqpo4pr,52hLbiHfJsarTXovhOd3qC,Wacko Dan,17910,33,2022-05-11,day,33,2024-01-08
0.673,0.693,1,-7.02,1,0.0487,0.685,0.0,0.384,0.364,119.951,212610,4,4uEpggqJIYRBP0nupjcnQG,Squeeze,6Jq0QdwB0vk7VPcIqpo4pr,"52hLbiHfJsarTXovhOd3qC,2JC7YH9Umra4Zc8mseZsRD","Wacko Dan,Going Global Records","17910,8937","33,37",2023-09-22,day,23,2024-01-08
0.851,0.792,9,-4.069,0,0.174,0.577,0.0,0.0861,0.608,101.074,174028,4,1GCXpdqU3uGVVbBh9AgM0i,Dreams,6Jq0QdwB0vk7VPcIqpo4pr,"1K2whQhkVnqapxpTsGNDgQ,3ZAiFadCvLPBEHpZe7AJTX,2Jv0w50BNaGlwnXpq69HGm,06GpZJWPcLAs6Ms6AZToL4","Skillibang,6t6,Prince Swanny,Big Smoak","191,240,112646,1525","24,30,43,37",2023-10-06,day,9,2024-01-08
0.707,0.539,6,-9.26,0,0.0937,0.771,0.000747,0.104,0.424,160.158,225000,4,2EPT3FAsHSeF7L8eDDQhZl,Episode,6Jq0QdwB0vk7VPcIqpo4pr,58GP6t4N8aiJkHTOM41ECz,Plumpy Boss,21328,31,2023-10-30,day,32,2024-01-08
0.891,0.558,7,-5.229,0,0.101,0.402,1.83e-06,0.118,0.757,104.027,137749,4,5elMOBPW458LkJwDoXa5Zg,Collision,6Jq0QdwB0vk7VPcIqpo4pr,5UQDsp5NQCCX9rkNxM1KLt,BYRON MESSIAS,748,22,2023-10-04,day,43,2024-01-08
0.822,0.446,6,-8.072,0,0.044,0.148,2.05e-06,0.0483,0.694,100.119,195767,4,7GbqSn2MH8Cp4YlQPZgPVz,Memories,6Jq0QdwB0vk7VPcIqpo4pr,"6xCgFH15b7Hs6MbU95uYYI,0k5s5vr9cyJcfmmXk9LT2S","6flow12k,Rebel sixx","7,0","0,0",2023-10-13,day,0,2024-01-08
0.522,0.602,8,-7.021,1,0.254,0.342,0.0,0.0706,0.5,99.091,205636,4,1X4FQbspSKXUpI2Zytx3R5,6nd - Sixx Never die,6Jq0QdwB0vk7VPcIqpo4pr,6xCgFH15b7Hs6MbU95uYYI,6flow12k,7,0,2023-10-13,day,0,2024-01-08
0.505,0.752,1,-4.548,1,0.255,0.208,0.0,0.237,0.614,134.179,222120,5,7GlOrQ7xu2KbxWQKXQKcQA,La La (feat. Suarez),6Jq0QdwB0vk7VPcIqpo4pr,"3IDfJpj4YVkaBl7Dd52Pxv,6D40RuzdpIC5ip4yL2UUvD","Byron Messia,Suarez","65600,14651","61,35",2023-12-01,day,48,2024-01-08
0.789,0.778,9,-3.968,0,0.15,0.315,0.0,0.182,0.364,98.01,210692,4,1dKSVcdKHSMFtPF6Mqo82R,Fully Dunce,33IPZzmY0zMsYqj30spMgE,3mcmXmpjr301UeCF2CRZLu,Rebel,8528,29,2019-03-01,day,7,2024-01-08
0.789,0.785,5,-4.187,0,0.0882,0.313,0.0,0.345,0.46,100.146,152571,4,1tOGmAJWpcu9TzDAylHPwI,Psycho,33IPZzmY0zMsYqj30spMgE,"2yHxc12dEUiLXNeqUadxBh,2JFZKD5b40RXXmpYJkLOvl","Tommy Lee Sparta,Anju Blaxx","279205,5934","48,40",2012-09-20,day,49,2024-01-08
0.722,0.544,8,-6.477,0,0.357,0.369,3.2e-06,0.101,0.486,61.814,185567,5,5SXGBF7hx7ingPM7UJv4Os,Love & Gunshot,33IPZzmY0zMsYqj30spMgE,3dgEGCM7G8z1gd6mgOjYSv,38 from BL,1376,14,2021-05-27,day,21,2024-01-08
0.911,0.57,4,-5.689,0,0.314,0.549,0.0,0.0966,0.368,100.093,204069,4,4y0AUgG6XhQac3a6Li93QU,Gvnman Shift,33IPZzmY0zMsYqj30spMgE,4SGo67MJz6DdsjzaRZ4OD7,Skeng,271525,58,2021-08-22,day,58,2024-01-08
0.775,0.684,1,-6.657,1,0.316,0.63,0.0,0.127,0.81,101.899,227040,4,1TcB4qgfMXaiLDIE9DlimJ,25/8,33IPZzmY0zMsYqj30spMgE,4pP4fxW65oev1NdRd2Fbn7,Jahshii,74606,39,2021-10-08,day,38,2024-01-08
0.629,0.716,8,-4.409,0,0.303,0.491,0.0,0.266,0.658,98.516,135007,4,1Td6ow5dSbiHqQIaBN9ZEQ,Play Mad,33IPZzmY0zMsYqj30spMgE,0otV87HgAtj9q7CbzAQ2Ft,Keltec,136,0,2020-05-14,day,0,2024-01-08
0.902,0.647,2,-7.193,1,0.281,0.395,0.0,0.0953,0.589,100.001,170400,4,0eHulTAltEgKv9vC3DFl7u,Gunz Out,33IPZzmY0zMsYqj30spMgE,0otV87HgAtj9q7CbzAQ2Ft,Keltec,136,0,2020-07-07,day,0,2024-01-08
0.813,0.612,2,-5.002,1,0.154,0.318,0.0,0.274,0.484,109.901,124396,4,4FDxOIrvAQh2EG5pBgQYX0,Run Up,33IPZzmY0zMsYqj30spMgE,0otV87HgAtj9q7CbzAQ2Ft,Keltec,136,0,2020-05-14,day,0,2024-01-08
0.763,0.523,1,-4.787,1,0.408,0.488,0.0,0.161,0.684,66.188,127200,3,19nX9JOXKGkhJVbuOhMH2a,Anyway,33IPZzmY0zMsYqj30spMgE,3KaFfC4kfSJiwbdCA1vF5H,Tejah,3256,16,2019-10-01,day,33,2024-01-08
0.631,0.524,7,-8.02,1,0.322,0.0633,0.0,0.12,0.257,103.716,149258,4,7axoDbfV40LVQB149mgNp1,Ztekk Bomber,33IPZzmY0zMsYqj30spMgE,"2Jv0w50BNaGlwnXpq69HGm,4EON5K9yf7BYn30RY1DehH","Prince Swanny,Shane E","112646,38758","43,31",2019-07-11,day,0,2024-01-08
0.735,0.689,5,-3.265,1,0.4,0.353,0.0,0.0886,0.886,90.141,158342,4,0eiIFMMy5UpydqfHEvkugH,Gone Sleep,33IPZzmY0zMsYqj30spMgE,4EON5K9yf7BYn30RY1DehH,Shane E,38758,31,2018-10-30,day,43,2024-01-08
0.643,0.77,11,-2.977,0,0.318,0.696,0.0,0.272,0.341,133.119,201379,5,6M1wCVamh5naRgUO8eRLoh,We Nuh Like War,33IPZzmY0zMsYqj30spMgE,6I1j34QzSTWe6u4qQWKYJe,10Tik,57293,37,2021-10-26,day,39,2024-01-08
0.895,0.78,6,-6.458,0,0.232,0.207,9.76e-05,0.118,0.59,106.988,181116,4,47MwPx7nbFUD5IGVhL38Zr,Whap Whap (feat. F.S.),33IPZzmY0zMsYqj30spMgE,"5FkUhnHQ0KC63549LHHtst,0KR0MgITEQAm0sLRrcuExN","Skillibeng,F.S.","325197,633","59,31",2022-03-10,day,52,2024-01-08
0.624,0.56,3,-8.021,0,0.381,0.581,0.0,0.223,0.346,122.42,253104,5,2WxXlJnPUdpCLaaoGUU9Ah,Evil,33IPZzmY0zMsYqj30spMgE,"6CxUKwVnCBKKP60XMvnMOL,4pP4fxW65oev1NdRd2Fbn7","Jahllano,Jahshii","20037,74606","25,39",2022-03-19,day,15,2024-01-08
0.618,0.509,11,-13.807,0,0.241,0.407,4.92e-06,0.201,0.555,95.028,179424,4,4fXD6yirCabKXb19AFMQEA,Elevate,33IPZzmY0zMsYqj30spMgE,"4F9FUmZP7GwhLmMHyf7E15,6QJrx4J9XqIxXUBhacoJHC","Chady Beats,Medz Boss","69,34233","4,27",2022-03-15,day,6,2024-01-08
0.853,0.526,2,-5.248,1,0.0942,0.0666,0.00046,0.109,0.645,109.978,115636,4,1rUL66xxzM1zbyASO6MxWh,Tear,33IPZzmY0zMsYqj30spMgE,3KaFfC4kfSJiwbdCA1vF5H,Tejah,3256,16,2019-10-29,day,17,2024-01-08
0.662,0.368,8,-6.491,1,0.16,0.509,0.000233,0.121,0.497,185.874,208692,4,4dw1l0ZLN9EEkmCLB8hZuH,Life Changes,33IPZzmY0zMsYqj30spMgE,4SGo67MJz6DdsjzaRZ4OD7,Skeng,271525,58,2022-01-21,day,41,2024-01-08
0.943,0.591,2,-6.175,1,0.207,0.0323,4.09e-06,0.119,0.165,100.005,204000,4,3wKYLC1sUmtMLeF9yJrp3Z,Gringo,33IPZzmY0zMsYqj30spMgE,"109MzblAHQcLUaZ6A983TR,4NAWxeyrbUtnM9kOd1BTml","Keem,Benefitz","140,15","3,0",2019-12-17,day,6,2024-01-08
0.791,0.756,2,-7.893,1,0.154,0.0855,4.41e-05,0.0932,0.282,100.139,170400,4,0w55c39T64bsjiXlur4VeY,Murder Murder,33IPZzmY0zMsYqj30spMgE,0zLYSdSRybfmcQMOaoIEUl,Raevon,21,0,2020-07-08,day,0,2024-01-08
0.919,0.649,10,-6.176,0,0.445,0.032,0.0,0.121,0.639,102.066,112941,4,2tj96SrfUasPu6H1gnSLp0,Scar,33IPZzmY0zMsYqj30spMgE,28aeXnDdKLtyUB2rrzZBei,Kj Productions,173,1,2022-03-31,day,1,2024-01-08
0.503,0.613,0,-8.625,1,0.252,0.0236,0.000943,0.197,0.224,65.668,175987,5,0OTbL9Oa4FDYuP7uMeA140,Coke,33IPZzmY0zMsYqj30spMgE,5FkUhnHQ0KC63549LHHtst,Skillibeng,325197,59,2021-02-02,day,47,2024-01-08
0.789,0.691,1,-5.764,1,0.365,0.317,0.0,0.131,0.854,100.002,158448,4,7zg0OGxHwAP1k3nsbDt0De,New Clarks,33IPZzmY0zMsYqj30spMgE,"3KaFfC4kfSJiwbdCA1vF5H,58w0KtpWYgz26s686wB8Fk","Tejah,King Rilla","3256,58","16,7",2020-01-02,day,7,2024-01-08
0.639,0.436,2,-11.055,0,0.36,0.84,0.0,0.0991,0.593,64.536,196000,3,5AF8pfWGTp58u35mvMnnGZ,Rifle Hill,33IPZzmY0zMsYqj30spMgE,52hLbiHfJsarTXovhOd3qC,Wacko Dan,17910,33,2022-07-12,day,19,2024-01-08
0.765,0.848,2,-5.255,0,0.214,0.602,0.0,0.258,0.837,102.066,183548,4,0Dm0NQ5w3bTbkJUHCyE61v,Head Shot,33IPZzmY0zMsYqj30spMgE,"54iOszOmKmckZiJWhFrFhm,1XpkGpU1pfSAEvrZUHCPPX","40 DAN,Remedy","8,3811","0,14",2020-09-11,day,0,2024-01-08
0.687,0.674,7,-3.662,0,0.205,0.555,0.0,0.0909,0.283,180.128,176000,4,2aGrINtqNPHllxEJHWgoZJ,If Dem Diss,33IPZzmY0zMsYqj30spMgE,"4xKyh6XkfM4L0KSVsht5o5,3dgEGCM7G8z1gd6mgOjYSv,6QJrx4J9XqIxXUBhacoJHC,4iyXzcON9DnIUozjxm0ET2","2 Ghunz,38 from BL,Medz Boss,Zoom Boss","135,1376,34233,359","1,14,27,2",2022-04-05,day,8,2024-01-08
0.819,0.691,7,-5.223,0,0.411,0.627,0.0,0.107,0.663,105.653,185660,4,3ANbnWMPrpZA2sKkAgHQYv,Rifle War,33IPZzmY0zMsYqj30spMgE,3dgEGCM7G8z1gd6mgOjYSv,38 from BL,1376,14,2021-09-06,day,15,2024-01-08
0.718,0.63,9,-6.037,0,0.422,0.26,0.00566,0.113,0.211,102.649,207059,4,5YKQTRpTFQoaykr5YgMw8P,Dark,33IPZzmY0zMsYqj30spMgE,3dgEGCM7G8z1gd6mgOjYSv,38 from BL,1376,14,2022-09-05,day,7,2024-01-08
0.595,0.766,9,-5.422,0,0.403,0.292,1.74e-06,0.302,0.64,102.955,184506,4,3WG0WzR3mbUyiOBo75wvio,Hype Yuh Self,33IPZzmY0zMsYqj30spMgE,"4iyXzcON9DnIUozjxm0ET2,3dgEGCM7G8z1gd6mgOjYSv","Zoom Boss,38 from BL","359,1376","2,14",2022-08-27,day,9,2024-01-08
0.914,0.635,10,-5.352,1,0.15,0.0884,0.0,0.11,0.471,100.027,154182,4,0MRHsh4SjViCB7adFNQa23,Dooms Day,33IPZzmY0zMsYqj30spMgE,"2JC7YH9Umra4Zc8mseZsRD,0ZmsMH6X0dz63imIjUGTzF,52hLbiHfJsarTXovhOd3qC","Going Global Records,Skelly 12k,Wacko Dan","8937,2271,17910","37,23,33",2022-09-04,day,30,2024-01-08
0.724,0.557,2,-6.841,1,0.229,0.0235,0.0,0.144,0.355,100.056,154250,4,7J4CdTrif0Lqp7NNMVhMoC,Bad Fi Years,33IPZzmY0zMsYqj30spMgE,2kNL5eBpFCpOQu81GJ4lZb,Jovi Ton,3954,4,2020-05-24,day,11,2024-01-08
0.816,0.643,10,-9.625,0,0.06,0.707,0.0,0.101,0.413,120.06,215000,4,0bElEsjAUV8UKdaGIMYS0S,Impact,33IPZzmY0zMsYqj30spMgE,6Iym59CxrdzsxIn9LPFR9n,Gskell,4727,9,2021-01-10,day,6,2024-01-08
0.88,0.489,7,-10.9,0,0.0985,0.2,0.0,0.106,0.211,132.994,191278,4,42ZoekEPBYDnJHAO1J8XET,Army,33IPZzmY0zMsYqj30spMgE,7Cp6h3fC0PPecAmsSb2lRJ,Bobo & Beans,1120,3,2022-06-28,day,10,2024-01-08
0.626,0.543,4,-7.016,0,0.489,0.121,0.0,0.0959,0.398,110.067,215094,4,0IzCvViyeaeqOOyWxpnvCt,Somebody Great,33IPZzmY0zMsYqj30spMgE,7IbkKTNpBj7MORRdt3oge3,Zerimar,30169,34,2021-12-09,day,35,2024-01-08
0.864,0.547,9,-5.911,0,0.194,0.297,0.0,0.0604,0.226,99.111,145400,4,6VurbSIjf19GP1oqzojzzM,Box Inna Face,33IPZzmY0zMsYqj30spMgE,277jOUSGN5AKoZoDxvfmUP,Young Star 6ixx,15424,28,2022-08-27,day,9,2024-01-08
0.7,0.497,9,-9.857,1,0.194,0.829,0.0,0.124,0.464,96.862,179424,4,7Cx3qfszJkgIdCIqIzi6Rf,375,33IPZzmY0zMsYqj30spMgE,6wrNAJbDJ1gRcACD4l0ZNz,2k Zelle,459,6,2019-05-16,day,5,2024-01-08
0.887,0.397,9,-8.261,0,0.14,0.837,0.421,0.0772,0.469,99.983,163190,4,0ydoqpTVhaDzjDg7WVcg4m,Drift,33IPZzmY0zMsYqj30spMgE,30hElzuHCZ1qzCl364SHma,Teejay,191342,53,2023-06-30,day,66,2024-01-08
0.91,0.684,0,-6.212,0,0.102,0.451,0.0,0.0943,0.662,97.045,212258,4,6vDELgRZxidhCVllO68TDF,PRESS IT,33IPZzmY0zMsYqj30spMgE,30hElzuHCZ1qzCl364SHma,Teejay,191342,53,2020-07-10,day,21,2024-01-08
0.637,0.678,1,-5.292,1,0.0943,0.116,0.0,0.083,0.129,92.044,193050,4,1pJZtMaTObhknRJbpg9H9R,Pirate,33IPZzmY0zMsYqj30spMgE,"5eDVLjuN0hk3ZhjJdCvHLF,3uGKgtslu3M2AaazkwZsTd","Silk Boss,NSG","75084,197","28,29",2022-04-25,day,16,2024-01-08
0.82,0.442,8,-10.029,1,0.327,0.478,0.0,0.101,0.49,130.721,158184,5,1pQVpoBD9oO2PzLBGZECOC,Draco,3fMXESWznDSrgYOVesXchM,3IDfJpj4YVkaBl7Dd52Pxv,Byron Messia,65600,61,2023-11-21,day,33,2024-01-08
0.829,0.532,10,-12.257,0,0.114,0.284,0.00658,0.0818,0.798,104.993,150857,4,0iOsy2ckupFQLBaVZLa4TN,How We Function,3fMXESWznDSrgYOVesXchM,5QzlLj4WGVPkMArSIwpTn8,One6,236,1,2023-12-02,day,1,2024-01-08
0.668,0.647,6,-5.999,1,0.235,0.177,0.0,0.12,0.174,94.062,189312,4,08Zo2lEtgb8zqH5whdtkWj,Angels Don’t Cry,3fMXESWznDSrgYOVesXchM,2Gzy8TYJ5xrEMDyUjZuDsK,Masicka,337189,56,2023-12-01,day,48,2024-01-08
0.784,0.679,10,-8.098,0,0.118,0.126,0.0,0.0723,0.741,104.999,192000,4,7kUpjKd92QSjD8K9Weil7a,Baby Rock,3fMXESWznDSrgYOVesXchM,7zow5Va8ESrfnxvUF62HRH,Icee Dan,8058,22,2023-12-02,day,1,2024-01-08
0.458,0.867,6,-4.274,0,0.187,0.0337,1.78e-06,0.0925,0.505,128.455,138788,5,22YLR94vpuRHrMpPhXc2Bs,Chi Ching,3fMXESWznDSrgYOVesXchM,"4YbipEAtJgAbKrZvdFEeTr,4vJ5CUGTaAXPBNzT8dVWCG","DJ Puffy,V'ghn","9996,3818","24,30",2023-11-17,day,22,2024-01-08
0.83,0.586,1,-7.941,1,0.242,0.462,1.1e-06,0.207,0.445,106.189,183648,4,5iN59cZsbMRU1sIh1J1m5O,Massacre,3fMXESWznDSrgYOVesXchM,"2Tfe5UdBBWDTGkGwPzblJQ,6pc2LLUNN47LCvSF6lqSQv,2Jaky7SwDfMEzevewnIC4o,5NAf3JJKh0TEogYHtbBgZr","Toby Boss Ent,Kman,Tman,DndVoss","4612,42,161,0","28,15,16,15",2023-11-08,day,36,2024-01-08
0.693,0.656,8,-5.532,0,0.362,0.38,0.0,0.348,0.514,103.983,185246,4,61EFZy0X8g1a1Vl3n7B2JK,(Takbir Time) Ghost,3fMXESWznDSrgYOVesXchM,2Tfe5UdBBWDTGkGwPzblJQ,Toby Boss Ent,4612,28,2023-11-19,day,8,2024-01-08
0.536,0.728,7,-7.595,0,0.391,0.00411,0.0,0.362,0.636,175.992,196151,4,5X5C2U4TpRtxHgmNUCbr8V,Feel so High,3fMXESWznDSrgYOVesXchM,7JNcAq9P5VRZq7KbFXlHYd,Raymie Rich,20,0,2023-08-11,day,0,2024-01-08
0.502,0.642,9,-7.782,0,0.146,0.0205,0.0,0.105,0.327,127.915,223029,5,4lgrTWZAORMwGBa5Fp5MgA,Tribute,3fMXESWznDSrgYOVesXchM,7rcBY2ZMyrAXwNcRzOmpmp,Raymie Rich,0,0,2023-10-14,day,0,2024-01-08
0.657,0.496,6,-3.356,1,0.36,0.756,0.0,0.0933,0.407,85.488,231628,4,5yDdVGnqBer9ookMg0CHjJ,I'm Not Giving Up,3fMXESWznDSrgYOVesXchM,1urq8kMcszfaha2Ebjrzgx,Trinidad Killa,1314,21,2023-05-17,day,1,2024-01-08
0.756,0.465,9,-9.819,1,0.209,0.28,0.0224,0.126,0.306,103.944,170769,4,4cv8nFxqYRMuw608dE2mH3,Time Runs,3fMXESWznDSrgYOVesXchM,"3UwGbC4Sl9MmonrpWo6grS,3zorWCDx017sz4UYP2fC9w","Boy Boy,Chronic Law","29068,158123","41,50",2023-10-26,day,37,2024-01-08
0.883,0.496,0,-6.972,1,0.0547,0.358,9e-06,0.108,0.261,117.985,179043,4,5rSyQVhGplc9WFnC1SiXQe,Please,3fMXESWznDSrgYOVesXchM,0eezS9KmhdjGN436RdTIXu,Mavado,572722,54,2023-11-10,day,42,2024-01-08
0.625,0.412,1,-11.615,0,0.129,0.0671,0.0,0.0795,0.0837,97.574,203337,4,5yMeblxidHJ7MBIp8SAklP,Bun Badmind,3fMXESWznDSrgYOVesXchM,7c8WSGTjxRP9sOob1KukJA,Kalonji,33554,29,2023-11-11,day,20,2024-01-08
0.472,0.562,0,-7.153,0,0.268,0.0984,0.0,0.0851,0.149,134.788,192608,5,2OOOuAF0KR2EnuRdErdzGB,Testimony,3fMXESWznDSrgYOVesXchM,7c8WSGTjxRP9sOob1KukJA,Kalonji,33554,29,2023-11-11,day,23,2024-01-08
0.727,0.331,4,-8.873,1,0.243,0.282,0.0625,0.0742,0.313,91.874,188719,4,48p5YWkch99aJ5Ft5lC7o1,Loyalty,3fMXESWznDSrgYOVesXchM,4CXmBF7FIcagdMP1LLFetV,KG,71,1,2023-10-06,day,0,2024-01-08
0.658,0.49,7,-13.134,1,0.426,0.275,0.0,0.141,0.236,131.759,195528,5,1ORPWvfIRiZD72Y1jBWtPs,Cah style we,3fMXESWznDSrgYOVesXchM,"4CXmBF7FIcagdMP1LLFetV,0AqLRLhkKQbv15AvpYQYnR","KG,Rassii","71,7","1,0",2023-08-01,day,0,2024-01-08
0.64,0.687,10,-5.55,0,0.44,0.246,5.69e-05,0.109,0.233,95.267,228632,4,4cITVYnpydtb1uNXdWnsv5,LimeLight,3fMXESWznDSrgYOVesXchM,2Gzy8TYJ5xrEMDyUjZuDsK,Masicka,337189,56,2023-11-10,day,51,2024-01-08
0.529,0.551,0,-7.003,1,0.351,0.746,0.0,0.184,0.819,95.169,182568,4,0j4a867TmkRY8j9bVIrwmv,,3fMXESWznDSrgYOVesXchM,0LyfQWJT6nXafLPZqxe9Of,,2354694,0,0000,year,0,2024-01-08
0.874,0.744,1,-5.173,1,0.324,0.285,0.0,0.374,0.614,104.249,185246,4,5btApbbyUfGc6rKh7SRKvy,(Certified Killers) Sharpman,3fMXESWznDSrgYOVesXchM,2Tfe5UdBBWDTGkGwPzblJQ,Toby Boss Ent,4612,28,2023-11-19,day,12,2024-01-08
0.646,0.463,6,-7.978,0,0.174,0.267,0.0,0.0933,0.306,101.541,150997,4,6K9ULKDxIVIxRH5FXPgLoq,Nightmares (feat. Byron Messia),3fMXESWznDSrgYOVesXchM,"7bXgB6jMjp9ATFy66eO08Z,3IDfJpj4YVkaBl7Dd52Pxv","Chris Brown,Byron Messia","20955452,65600","86,61",2023-11-07,day,59,2024-01-08
0.693,0.593,6,-6.72,1,0.393,0.106,0.000667,0.121,0.446,134.319,213861,5,2tXAhrXwAL4lmKdaU1sr0q,Drag Lord,3fMXESWznDSrgYOVesXchM,7c8WSGTjxRP9sOob1KukJA,Kalonji,33554,29,2023-10-25,day,26,2024-01-08
0.529,0.551,0,-7.003,1,0.351,0.746,0.0,0.184,0.819,95.169,182568,4,58PN4kYYfcPwaX7Kn4H7ao,Dear Dancehall,3fMXESWznDSrgYOVesXchM,3IDfJpj4YVkaBl7Dd52Pxv,Byron Messia,65600,61,2023-11-09,day,20,2024-01-08
0.773,0.788,9,-5.049,0,0.0658,0.509,0.0,0.101,0.667,110.047,152000,4,2qleAs6lkBECSseuQZPfhi,Dem Never Ready,3fMXESWznDSrgYOVesXchM,3dgEGCM7G8z1gd6mgOjYSv,38 from BL,1376,14,2023-10-31,day,15,2024-01-08
0.463,0.511,7,-9.373,1,0.0755,0.904,0.0,0.118,0.695,89.9,198018,4,6XBjLpi11aga82CNb6UwRB,EYES OPEN,3fMXESWznDSrgYOVesXchM,4xKyh6XkfM4L0KSVsht5o5,2 Ghunz,135,1,2023-10-23,day,1,2024-01-08
0.759,0.735,8,-6.838,1,0.237,0.654,0.0,0.144,0.309,113.961,143160,4,39x1c4CeeumUBl6L5dMW60,Grave Yard,3fMXESWznDSrgYOVesXchM,"05RvzU1vgyPBQaKWWYe6jX,277jOUSGN5AKoZoDxvfmUP","One Family A We Heart,Young Star 6ixx","36,15424","9,28",2023-11-06,day,4,2024-01-08
0.897,0.313,4,-16.582,0,0.344,0.403,0.0,0.181,0.337,106.973,163583,4,24uqhbTEKbNTPo0W7yG32z,Connect,3fMXESWznDSrgYOVesXchM,"05RvzU1vgyPBQaKWWYe6jX,277jOUSGN5AKoZoDxvfmUP","One Family A We Heart,Young Star 6ixx","36,15424","9,28",2023-10-23,day,7,2024-01-08
0.67,0.555,6,-7.839,0,0.405,0.542,3.43e-06,0.186,0.559,197.743,179394,4,1bDqLl1ZfRDGNZW2Yv5tYJ,No Kixx,3fMXESWznDSrgYOVesXchM,"7LCEPA8tZCyUZVGH9uTeL6,6fanvfSBKMMExePwhUq8Mi","SagiKer,K Lion","62,40088","0,30",2023-07-28,day,5,2024-01-08
0.554,0.502,5,-9.146,0,0.315,0.205,0.0,0.134,0.406,130.592,180048,5,7g3TOaCqolqfAGZ3syUPGT,Manish (Jasse),3fMXESWznDSrgYOVesXchM,2Tfe5UdBBWDTGkGwPzblJQ,Toby Boss Ent,4612,28,2023-11-01,day,13,2024-01-08
0.679,0.814,11,-6.361,0,0.415,0.14,0.0,0.0977,0.447,125.203,150744,5,0czUVkml1Gph2kPt3ZZFcq,Big Yard,3fMXESWznDSrgYOVesXchM,"1XK7JEkEviy2mcbi1ljpaR,3UwGbC4Sl9MmonrpWo6grS","Zebee,Boy Boy","3085,29068","19,41",2023-10-27,day,23,2024-01-08
0.69,0.572,3,-7.762,0,0.194,0.793,0.0,0.107,0.556,110.051,174545,4,64SE6ib8eyiM1vUppQMub7,Start It,3fMXESWznDSrgYOVesXchM,67gCSHQaBba1dikpWTEQJm,DynamiQ,57,7,2023-10-26,day,2,2024-01-08
0.914,0.363,9,-12.253,1,0.464,0.31,3.8e-06,0.0861,0.287,105.043,178364,4,5KTynfOT0aY4igBFlAFNac,Maddawg,3fMXESWznDSrgYOVesXchM,69ZQzxoQgXHimd86dX3QHA,TMan Official,112,5,2023-10-10,day,17,2024-01-08
0.557,0.536,6,-7.111,0,0.239,0.511,1.15e-05,0.113,0.208,124.619,186947,5,4Dy3owNsr4GCWlD6adHIRP,Bram,3fMXESWznDSrgYOVesXchM,58GP6t4N8aiJkHTOM41ECz,Plumpy Boss,21328,31,2023-10-11,day,29,2024-01-08
0.643,0.516,1,-10.195,1,0.342,0.696,0.0,0.104,0.0987,68.603,171838,3,5WIUbfWp3i3m9MrpKR0Id7,Unwanted Child,3fMXESWznDSrgYOVesXchM,"30hElzuHCZ1qzCl364SHma,6sD5JqI4j1Sfbw087cciZ6","Teejay,Lagikz Supreme","191342,6","53,17",2023-10-13,day,33,2024-01-08
0.55,0.408,0,-10.819,0,0.17,0.29,0.0,0.0963,0.36,99.656,175216,4,6z33Qovc0Uhe7d2IpWhLjq,Most Hated,3fMXESWznDSrgYOVesXchM,3IDfJpj4YVkaBl7Dd52Pxv,Byron Messia,65600,61,2021-03-22,day,17,2024-01-08
0.658,0.546,5,-4.392,0,0.142,0.406,3.48e-05,0.105,0.557,85.889,134774,5,3kEgs2Z7fv0IUxBtTjnAyl,Mad Dawgs,3fMXESWznDSrgYOVesXchM,3IDfJpj4YVkaBl7Dd52Pxv,Byron Messia,65600,61,2023-09-22,day,45,2024-01-08
0.773,0.703,2,-5.678,1,0.29,0.0323,0.0,0.262,0.447,111.731,143496,4,7DyaQKsUOLH4BvJKTS7EPQ,Family,3fMXESWznDSrgYOVesXchM,7f7sbIc0DpHIv84c7MG098,Toppy Boss,3313,10,2023-09-02,day,18,2024-01-08
0.795,0.499,4,-9.255,1,0.0804,0.795,2.33e-05,0.0818,0.762,97.992,167184,4,10tPNB5vqUy4UzRlZJRYwd,Action Pack,3fMXESWznDSrgYOVesXchM,2yHxc12dEUiLXNeqUadxBh,Tommy Lee Sparta,279205,48,2023-07-05,day,23,2024-01-08
0.834,0.6,11,-4.068,1,0.137,0.211,0.0,0.103,0.367,65.977,157576,5,5AdVxVlywMJXiSy9292Tsw,No Mercy,3fMXESWznDSrgYOVesXchM,6sha1DX5nFRniN3lKPEdjq,Kratos 7,651,14,2023-05-18,day,23,2024-01-08
0.831,0.508,0,-6.108,0,0.144,0.504,0.00117,0.116,0.0727,100.015,222000,4,4UV8aJ7VmNjaFngkMe3U3N,Grim City,3fMXESWznDSrgYOVesXchM,6sha1DX5nFRniN3lKPEdjq,Kratos 7,651,14,2023-06-18,day,25,2024-01-08
0.661,0.596,4,-6.055,0,0.173,0.227,0.000182,0.196,0.291,178.133,179513,4,7fgHqdZhczzOq7ba4hYsqK,Street Smart,3fMXESWznDSrgYOVesXchM,2yHxc12dEUiLXNeqUadxBh,Tommy Lee Sparta,279205,48,2023-07-21,day,35,2024-01-08
0.606,0.744,10,-3.635,0,0.13,0.503,0.0,0.172,0.678,103.758,220822,4,0NqULaipjzBZu7MloBDw5q,Byron Messia (LaLa),3fMXESWznDSrgYOVesXchM,5cjBOTs7fLN9usY0WdrDVr,BiggCris,148,9,2023-07-20,day,0,2024-01-08
0.868,0.651,7,-6.277,1,0.294,0.299,0.0,0.101,0.545,98.928,166000,4,7u7aZazbbD867u21HzYTOj,Get Evil,3fMXESWznDSrgYOVesXchM,1UofgHnwA2w0Ae2psOv8rN,Trinidad Ghost,2530,23,2023-03-13,day,2,2024-01-08
0.693,0.71,7,-7.738,1,0.445,0.0275,0.0,0.123,0.501,137.563,160052,5,5l3ixyhxH4iFLTp4NnPUVe,Airforce 1,3fMXESWznDSrgYOVesXchM,2Jd4rUFlIWzOrgbaSj1BiD,Keefff,62,2,2022-10-24,day,5,2024-01-08
0.624,0.622,6,-8.228,1,0.509,0.397,0.0,0.216,0.524,112.558,155044,4,2l8W9joHU4HZIuEuSFqZ9b,Eastside,3fMXESWznDSrgYOVesXchM,"2Jd4rUFlIWzOrgbaSj1BiD,4oXKpYLbjTTiDOwvS41cai","Keefff,Pieoneer","62,7","2,0",2023-06-10,day,5,2024-01-08
0.814,0.705,1,-3.957,1,0.196,0.447,0.0,0.116,0.911,99.748,182491,4,2RMtOsDs5KGsIT5fW3Dg04,Ms Ontario,3fMXESWznDSrgYOVesXchM,2NUz5P42WqkxilbI8ocN76,Vybz Kartel,1269911,63,2023-07-26,day,23,2024-01-08
0.645,0.67,11,-8.991,1,0.282,0.374,0.0,0.429,0.582,88.543,194667,4,4pat45twfWiNbEwnqqJL8Y,9x Close,3fMXESWznDSrgYOVesXchM,7f7sbIc0DpHIv84c7MG098,Toppy Boss,3313,10,2023-07-09,day,4,2024-01-08
0.541,0.476,11,-14.715,0,0.364,0.397,2.99e-05,0.0962,0.365,75.563,189283,3,6QekPciysXNtYVgw9j3o6T,Shake,3fMXESWznDSrgYOVesXchM,"1XK7JEkEviy2mcbi1ljpaR,5V8oGfWMmAHnH3VGu08VfN","Zebee,Kiah","3085,298","19,1",2023-06-09,day,7,2024-01-08
0.573,0.765,7,-7.176,1,0.0897,0.244,0.0,0.145,0.854,109.942,214042,4,581dEzRjFlKRncYeas9qZy,Dropped a Letter,3fMXESWznDSrgYOVesXchM,3IDfJpj4YVkaBl7Dd52Pxv,Byron Messia,65600,61,2020-05-01,day,7,2024-01-08
0.596,0.625,6,-7.661,0,0.436,0.0694,0.0,0.107,0.192,136.457,212000,5,3e6tb8Lv6T7bLidJN77dW7,Empty,3fMXESWznDSrgYOVesXchM,7zow5Va8ESrfnxvUF62HRH,Icee Dan,8058,22,2023-04-25,day,11,2024-01-08
0.491,0.555,6,-7.03,0,0.357,0.531,0.0,0.132,0.5,203.825,172941,4,6KhXk4rHH2esmYaoF0gVZr,War,3fMXESWznDSrgYOVesXchM,1OLAmEGgHCZHbRMzdlkbDv,Chanta Avanti,2,0,2023-05-01,day,0,2024-01-08
0.67,0.47,1,-8.945,1,0.285,0.713,0.0,0.407,0.763,111.692,187456,5,6VBX6dsnbktOhLDzotOP04,No Love,3fMXESWznDSrgYOVesXchM,4xKyh6XkfM4L0KSVsht5o5,2 Ghunz,135,1,2023-04-07,day,3,2024-01-08
0.798,0.609,10,-7.496,1,0.249,0.213,0.0,0.131,0.311,102.105,172060,4,6xo8fLlgHj6ZprWXx4yfvM,White Rain,3fMXESWznDSrgYOVesXchM,3dgEGCM7G8z1gd6mgOjYSv,38 from BL,1376,14,2023-06-20,day,14,2024-01-08
0.763,0.617,5,-7.387,0,0.636,0.256,0.0,0.0854,0.507,192.146,181250,4,7ERi21AKY5ozJnfWpEmrA3,Tom Cruise,3fMXESWznDSrgYOVesXchM,3iWwLfjZAKzmAB57v38i45,Raskality,5723,15,2023-06-30,day,1,2024-01-08
0.646,0.655,10,-6.658,0,0.408,0.352,1.05e-05,0.166,0.677,100.078,192978,4,2qeRMZBF2MrdcgKnEdSnwR,Weh Yuh Think?,3fMXESWznDSrgYOVesXchM,"4GjfdRM9UmdLr6pxyLZrNV,6jcSOT54WIEgWu8pVtyTOG","Jeff Fullyauto,Ragz To Richez","25162,355","38,27",2023-04-14,day,26,2024-01-08
0.822,0.519,2,-5.875,0,0.0366,0.026,0.0,0.0988,0.316,100.086,87794,4,1zVl1dHaH553yiOr2Ah6SP,Voice of the Streets (Bbc 1xtra) [Don't Worry Bout We],3fMXESWznDSrgYOVesXchM,"3UwGbC4Sl9MmonrpWo6grS,2abTBfFq5PSoASI2PSysLV","Boy Boy,Kenny Allstar","29068,108634","41,50",2023-03-15,day,42,2024-01-08
0.804,0.843,9,-4.115,0,0.328,0.232,0.0,0.0882,0.766,141.863,168803,4,1gOSJy2fNHB8MTB4jJ6A4Y,Voice of the Streets (Bbc 1xtra) [Heavy],3fMXESWznDSrgYOVesXchM,"3UwGbC4Sl9MmonrpWo6grS,2abTBfFq5PSoASI2PSysLV","Boy Boy,Kenny Allstar","29068,108634","41,50",2023-03-15,day,19,2024-01-08
0.805,0.464,9,-10.078,1,0.262,0.0303,0.0,0.106,0.0626,106.891,190000,4,5kRyBURmOu9UL0CtZHxE0A,Sprayground,3fMXESWznDSrgYOVesXchM,6tftkxcKDY14uCo84dyRYM,Chigga,13,1,2023-05-26,day,1,2024-01-08
0.621,0.787,9,-4.767,0,0.248,0.746,0.0,0.112,0.629,179.991,140000,4,5O9jBLCovLp1ziYOjRUMye,Fearless,3fMXESWznDSrgYOVesXchM,559YLWpCvVYo3qCEhMJ3pq,Lawless,6074,13,2023-02-14,day,1,2024-01-08
0.576,0.596,4,-9.185,0,0.516,0.0564,0.0,0.0735,0.426,199.792,154394,4,55cwFPaJnkHVXd8HnVnsDh,Hillside,3fMXESWznDSrgYOVesXchM,33alq41HrKdEHOQwUt9XDe,Tanso,1176,2,2022-05-31,day,1,2024-01-08
0.883,0.616,11,-5.459,0,0.136,0.554,0.0,0.107,0.26,95.985,122500,4,3MDxjkV7MuGlmKDGplo7Xb,A-47,3fMXESWznDSrgYOVesXchM,6QJrx4J9XqIxXUBhacoJHC,Medz Boss,34233,27,2022-11-11,day,22,2024-01-08
0.511,0.621,1,-6.003,0,0.451,0.389,0.0,0.117,0.498,180.174,218667,4,49jqPnTOdBGpFR9Rg981dq,GUN TALK,3fMXESWznDSrgYOVesXchM,"3UwGbC4Sl9MmonrpWo6grS,5FkUhnHQ0KC63549LHHtst","Boy Boy,Skillibeng","29068,325197","41,59",2023-05-19,day,0,2024-01-08
0.807,0.363,10,-15.512,0,0.552,0.476,0.0,0.37,0.509,93.088,148640,4,4o3F5Xfdpxo9OGVeYLt6bN,Dark -Tafari,3fMXESWznDSrgYOVesXchM,"2Tfe5UdBBWDTGkGwPzblJQ,7lajYlUf27TSwlTofnc2hF","Toby Boss Ent,Toppy Boss","4612,0","28,0",2023-03-24,day,2,2024-01-08
0.811,0.548,1,-7.886,0,0.255,0.069,3.71e-05,0.121,0.346,102.814,149126,4,3b2M5gLUNCPDtcY8HE6jv6,Shottaz,3fMXESWznDSrgYOVesXchM,"4SGo67MJz6DdsjzaRZ4OD7,4ULg9wVZKb01ORw7AIZBDR","Skeng,Kraff Gad","271525,69883","58,47",2023-03-31,day,43,2024-01-08
0.732,0.295,6,-12.41,0,0.383,0.167,5.15e-05,0.101,0.469,71.336,199800,5,0mqEWgG22MVtAb3dhJC2xE,No Fraid,3fMXESWznDSrgYOVesXchM,"2VpYQkkjCohjSPskaQGyp0,4v5svwH75xhxdyaegqliH8,09CgCmW9nrYOJswLZHJjO6","West Bank Records,Reiga,Trigga","4114,129,122","32,8,12",2023-01-14,day,2,2024-01-08
0.908,0.623,9,-9.3,1,0.323,0.00292,0.0,0.364,0.4,100.025,174707,4,5lcUtS2J27xh9stfPvfxMD,Midnight,3fMXESWznDSrgYOVesXchM,1HXkVBU6RwIxxN6xuI6b00,Squash,164547,43,2023-03-02,day,21,2024-01-08
0.57,0.759,11,-4.621,0,0.282,0.53,1.98e-06,0.134,0.438,134.118,168000,5,5KUAU72TKNemPdl4gCPLOT,Ingram,3fMXESWznDSrgYOVesXchM,7hlAakRK1XGXchY8CsjVAr,1HotSteppa,2,0,2023-02-23,day,0,2024-01-08
0.879,0.575,2,-6.435,1,0.203,0.893,2.17e-06,0.156,0.653,99.926,176438,4,718mOucmLHCnNtokIMPucr,GTA Most Wanted,3fMXESWznDSrgYOVesXchM,0eAqhr1BfTzJEfOEn0Ad19,Quada,58695,34,2023-03-24,day,28,2024-01-08
0.776,0.436,11,-10.838,1,0.573,0.495,0.0,0.183,0.172,102.855,158623,4,7CUvWhn02CgMAvYz0Fxnfw,Magic (Fire),3fMXESWznDSrgYOVesXchM,2Tfe5UdBBWDTGkGwPzblJQ,Toby Boss Ent,4612,28,2022-12-15,day,0,2024-01-08
0.734,0.72,5,-4.467,0,0.312,0.413,0.0,0.128,0.579,139.69,207491,4,2vwoBr1hLagQYHbIjlo075,Study Nothing,3fMXESWznDSrgYOVesXchM,"2VpYQkkjCohjSPskaQGyp0,0Zg2L53qt6JiE2H1I36tPB,0ugeDH34jzwhZlhmVLBF9o","West Bank Records,Trigga,Flizop","4114,4,1018","32,1,8",2022-10-05,day,0,2024-01-08
0.546,0.619,7,-7.172,1,0.19,0.629,0.0,0.115,0.554,128.063,184477,5,5KY6fjA9wCou5eCISiPyQ5,Fire,3fMXESWznDSrgYOVesXchM,3obdplVlbHMWWvnCSJJmyh,Trigga ft. Prince Swanny,2,0,2022-11-21,day,8,2024-01-08
0.465,0.566,8,-8.52,0,0.433,0.685,0.0,0.118,0.735,60.841,172852,4,7FLByTDjenHlu1ElwSfsM6,Rapid,3fMXESWznDSrgYOVesXchM,"2VpYQkkjCohjSPskaQGyp0,4v5svwH75xhxdyaegqliH8","West Bank Records,Reiga","4114,129","32,8",2023-01-09,day,3,2024-01-08
0.619,0.605,8,-6.436,0,0.707,0.455,0.0,0.113,0.517,90.516,181577,4,5rHA3xq2231HGafar8N27q,3 Points,3fMXESWznDSrgYOVesXchM,7MAFOP97TAL6WYs4IRZ52c,Trigga ft. I Mark,0,0,2022-11-21,day,1,2024-01-08
0.617,0.567,9,-6.682,1,0.283,0.476,0.0,0.134,0.0944,65.02,168000,5,1acGgfXzvgSkAfzMrsBD8U,Hot Nozzle,3fMXESWznDSrgYOVesXchM,1mQBzXJm0nBVdhFwPKsNu0,JAH JAH,727,19,2023-03-24,day,13,2024-01-08
0.779,0.67,11,-6.016,0,0.213,0.253,0.0,0.146,0.214,104.929,121143,4,1J2e6BWaye7DLb1laXqhja,Gun Inna Hand,3fMXESWznDSrgYOVesXchM,3GO7uRLHKxHnCOFT8zhGld,Castella,1010,21,2023-03-24,day,13,2024-01-08
0.622,0.649,3,-6.202,0,0.324,0.839,0.0,0.129,0.561,97.131,116208,4,02NgyJrXUaFktAkYGU9ddY,Heavy,3fMXESWznDSrgYOVesXchM,67gCSHQaBba1dikpWTEQJm,DynamiQ,57,7,2022-11-21,day,1,2024-01-08
0.729,0.523,5,-7.799,0,0.407,0.552,2.74e-06,0.106,0.256,180.208,173453,4,13RD8QzmjZbE3PhtCyetyS,Shake the Place,3fMXESWznDSrgYOVesXchM,7pRxYXACpWZf1i7Chd8Sk2,Bayka,78475,48,2023-02-15,day,34,2024-01-08
0.601,0.384,3,-12.17,0,0.372,0.256,0.0,0.113,0.279,145.397,173871,4,4nfdoRzGcqdLoQIgvLu8fl,TORTURE,3fMXESWznDSrgYOVesXchM,1XK7JEkEviy2mcbi1ljpaR,Zebee,3085,19,2022-08-19,day,12,2024-01-08
0.864,0.77,1,-1.986,1,0.262,0.359,0.0,0.102,0.204,104.094,150073,4,5y85OwWeSdbaXd9aOO0ECG,Now Now Now,3fMXESWznDSrgYOVesXchM,10LyqlDwmsdG171PDVa2ni,Trigga ft. Dynamiq,0,0,2022-11-21,day,2,2024-01-08
0.739,0.569,2,-7.57,1,0.174,0.467,0.0,0.1,0.354,126.686,164864,5,5xlKuBYMzBQ7rvujtuxivZ,Riffle,3fMXESWznDSrgYOVesXchM,67gCSHQaBba1dikpWTEQJm,DynamiQ,57,7,2023-01-27,day,1,2024-01-08
0.687,0.553,2,-6.567,1,0.279,0.568,9.09e-05,0.173,0.183,101.515,133713,4,2VZCnRratv7bc2AjlRrEum,TALK,3fMXESWznDSrgYOVesXchM,48ZXHIYtqeBiklzhu3lAey,Armanii,46699,45,2022-03-25,day,48,2024-01-08
0.527,0.498,11,-9.199,0,0.317,0.643,0.00052,0.126,0.329,70.949,183673,3,0Y4LxlPxQto13Z7Bcs2fvE,Bomber,3fMXESWznDSrgYOVesXchM,58GP6t4N8aiJkHTOM41ECz,Plumpy Boss,21328,31,2023-03-30,day,35,2024-01-08
0.551,0.711,10,-5.599,1,0.362,0.584,0.0,0.116,0.634,67.017,178338,4,0dRZxkhZGPKcWG8KnWY9y1,Dead & Gone,3fMXESWznDSrgYOVesXchM,"2VpYQkkjCohjSPskaQGyp0,67gCSHQaBba1dikpWTEQJm,5ZdM7BdZDeXu5C5BhfADZz","West Bank Records,DynamiQ,Lawless","4114,57,0","32,7,0",2022-10-05,day,0,2024-01-08
0.667,0.633,0,-5.576,0,0.0711,0.0876,0.0376,0.134,0.098,89.744,185333,4,22PF1qKjtBrr5LvOFEkUC9,Ttt (To the Top),3fMXESWznDSrgYOVesXchM,4SGo67MJz6DdsjzaRZ4OD7,Skeng,271525,58,2023-03-24,day,31,2024-01-08
0.82,0.476,9,-10.088,0,0.331,0.791,8.92e-05,0.121,0.522,100.12,174606,4,4bNAav8sI1pMPDKPmffqFb,Chigga (Gunman),3fMXESWznDSrgYOVesXchM,5uvzVDn9FlHYS983u4ycGL,Toby boss ent,2683,17,2022-08-17,day,10,2024-01-08
0.94,0.594,1,-6.126,1,0.2,0.504,0.000407,0.242,0.539,100.034,190087,4,7L3ByidK59kYByJkliScoq,Big Gunz II,3fMXESWznDSrgYOVesXchM,"4cJGv7y0rQLqGSe4aKrurE,4GjfdRM9UmdLr6pxyLZrNV","Toppy Boss,Jeff Fullyauto","3790,25162","13,38",2022-07-17,day,29,2024-01-08
0.725,0.556,11,-11.459,0,0.283,0.206,0.0,0.106,0.275,141.811,139102,4,1AJbIECu9OKheCRPtLq33d,Response,3fMXESWznDSrgYOVesXchM,"2VpYQkkjCohjSPskaQGyp0,6QJrx4J9XqIxXUBhacoJHC","West Bank Records,Medz Boss","4114,34233","32,27",2023-01-09,day,4,2024-01-08
0.693,0.913,4,-2.828,0,0.394,0.0744,0.0,0.623,0.314,200.051,175099,4,5kbS81WrhAC0OQJkfuBoDS,Thunder Clap,3fMXESWznDSrgYOVesXchM,0eezS9KmhdjGN436RdTIXu,Mavado,572722,54,2022-07-09,day,17,2024-01-08
0.512,0.623,7,-6.435,1,0.343,0.764,1.89e-06,0.0796,0.467,199.81,218314,4,4JhH1u5JE2aSZyO4orfXvW,BareBadness,3fMXESWznDSrgYOVesXchM,4iyXzcON9DnIUozjxm0ET2,Zoom Boss,359,2,2022-08-26,day,5,2024-01-08
0.63,0.478,1,-8.394,0,0.256,0.184,4.96e-06,0.206,0.0574,90.993,210180,4,35EA4qhMpmAIgSQRiRs003,Pain,3fMXESWznDSrgYOVesXchM,"0eezS9KmhdjGN436RdTIXu,5r2Kld5dP5nqJOq4H1sZEb,28UDeKu2FPrU0T7dpUiSGY","Mavado,Jay-A,Dexta Daps","572722,241,369005","54,24,55",2023-02-24,day,45,2024-01-08
0.554,0.448,11,-7.577,0,0.239,0.169,4e-05,0.053,0.2,130.051,208929,5,1Bxl4Z0pv1gIDLgvxOy4tB,Born Fighter,3fMXESWznDSrgYOVesXchM,4pP4fxW65oev1NdRd2Fbn7,Jahshii,74606,39,2022-01-18,day,45,2024-01-08
0.663,0.855,5,-2.198,0,0.36,0.47,0.0,0.0643,0.919,114.06,170057,4,6E2XABZ9RZhSFWYRKvSoBo,W$i,3fMXESWznDSrgYOVesXchM,"2VpYQkkjCohjSPskaQGyp0,0Zg2L53qt6JiE2H1I36tPB,67gCSHQaBba1dikpWTEQJm,5ZdM7BdZDeXu5C5BhfADZz,7m9XVoclUiChouSrsuE2Za","West Bank Records,Trigga,DynamiQ,Lawless,Priceless","4114,4,57,0,340","32,1,7,0,4",2022-10-05,day,0,2024-01-08
0.565,0.659,4,-8.13,0,0.412,0.334,0.0,0.141,0.35,89.169,186958,4,4svJStfE1Z3lMpcPeqDYlD,Solemn Request,3fMXESWznDSrgYOVesXchM,3zorWCDx017sz4UYP2fC9w,Chronic Law,158123,50,2022-09-07,day,49,2024-01-08
0.582,0.463,8,-10.996,1,0.11,0.161,0.00041,0.11,0.298,127.028,186828,5,1MejCa3JkzqdYrZvML9pVF,Darkness,3fMXESWznDSrgYOVesXchM,"3zorWCDx017sz4UYP2fC9w,7dvG18F378r7HRxmiHn3ti","Chronic Law,Valiant","158123,150629","50,53",2023-01-23,day,39,2024-01-08
0.526,0.524,1,-6.541,1,0.405,0.132,7.17e-05,0.094,0.0725,75.458,181447,3,7vqk8GeWhOKyVBeZpIoFew,Times Like These,3fMXESWznDSrgYOVesXchM,"1HXkVBU6RwIxxN6xuI6b00,0IYgOcukUpbC4nISgoVfg9","Squash,Bobby 6ix","164547,16946","43,18",2022-12-20,day,19,2024-01-08
0.712,0.739,4,-3.575,0,0.31,0.102,0.0136,0.343,0.52,126.854,182518,5,0Xh8g3lDW3m2Om1uppKBaB,Don't Diss None a We,3fMXESWznDSrgYOVesXchM,"1HXkVBU6RwIxxN6xuI6b00,2ynNHWSI2xYfMoIkjnI9ob","Squash,JB The Artiste","164547,760","43,7",2023-01-25,day,14,2024-01-08
0.647,0.505,1,-6.159,1,0.409,0.077,0.0,0.107,0.168,133.421,137196,5,6TAQiPjVhTxMzLwnWG7vCw,Full Moon,3fMXESWznDSrgYOVesXchM,4SGo67MJz6DdsjzaRZ4OD7,Skeng,271525,58,2023-01-16,day,41,2024-01-08
0.657,0.471,6,-9.244,1,0.349,0.522,0.0,0.127,0.524,110.714,161205,5,3nHK9p9FICWP03SC8c22hY,Chance,3fMXESWznDSrgYOVesXchM,0eAqhr1BfTzJEfOEn0Ad19,Quada,58695,34,2023-01-13,day,13,2024-01-08
0.551,0.617,10,-4.583,1,0.249,0.221,0.0,0.131,0.491,94.267,153224,4,2QfsZw4OPofO9sCZDP7DQH,Lonely Road,3fMXESWznDSrgYOVesXchM,3gwIlS9NOwBgwV3RfQIYiR,Intence,133732,40,2023-02-01,day,15,2024-01-08
0.761,0.684,1,-4.484,1,0.116,0.413,0.0,0.165,0.303,94.88,183144,4,6DoDrYrYkpaxpC7FB4jC8W,Still a Hold It,3fMXESWznDSrgYOVesXchM,3ZOaLn1Bn5j7Cb7fC2BLzF,Shane O,33552,36,2023-02-10,day,18,2024-01-08
0.801,0.568,1,-7.324,0,0.403,0.644,6.22e-06,0.257,0.398,90.613,194667,4,1wGkuA8ajWdS6OcK8RblDJ,Victory (Raw Lyfe),3fMXESWznDSrgYOVesXchM,2Tfe5UdBBWDTGkGwPzblJQ,Toby Boss Ent,4612,28,2023-01-14,day,0,2024-01-08
0.691,0.46,1,-11.574,1,0.445,0.398,0.00306,0.236,0.316,204.091,225985,4,0P181YwHgcatT1CSCdalV9,Love Guns (T-man),3fMXESWznDSrgYOVesXchM,2Tfe5UdBBWDTGkGwPzblJQ,Toby Boss Ent,4612,28,2022-12-22,day,24,2024-01-08
0.922,0.4,1,-13.855,1,0.512,0.344,0.0,0.182,0.441,103.088,163318,4,2AI1ZjATRVXm2hv3lGmne4,1 Question (Shorto),3fMXESWznDSrgYOVesXchM,2Tfe5UdBBWDTGkGwPzblJQ,Toby Boss Ent,4612,28,2022-12-19,day,0,2024-01-08
0.756,0.722,0,-4.561,0,0.0589,0.0415,4.13e-05,0.139,0.247,90.086,206733,4,5DQIzp7fwBMVX6MxMhlBoh,Dawgs Dem,3fMXESWznDSrgYOVesXchM,"4pP4fxW65oev1NdRd2Fbn7,73UvMKMCMeorzSkeBi7PIM","Jahshii,Eclipse","74606,234","39,32",2023-01-25,day,18,2024-01-08
0.565,0.693,1,-6.008,1,0.165,0.435,0.0,0.104,0.713,126.217,179394,5,7cD1LZvnD9Ap53VYBTgvFM,Paper Magnet,3fMXESWznDSrgYOVesXchM,3gwIlS9NOwBgwV3RfQIYiR,Intence,133732,40,2023-01-20,day,12,2024-01-08
0.55,0.481,6,-12.211,1,0.109,0.56,0.0,0.136,0.47,94.823,146573,4,0X0fOZMiDO5tWTsEZH7iwh,DEEDS,3fMXESWznDSrgYOVesXchM,3gwIlS9NOwBgwV3RfQIYiR,Intence,133732,40,2023-01-07,day,17,2024-01-08
0.622,0.389,11,-14.067,0,0.511,0.0453,0.0,0.229,0.388,88.561,181224,4,69RAtI2QZXZAeVoYunmZd6,Try,3fMXESWznDSrgYOVesXchM,5n8bQpfGmSb1HcU2DSfefT,Skem,88,2,2022-07-26,day,0,2024-01-08
0.839,0.657,1,-4.956,1,0.455,0.446,0.0,0.08,0.737,100.023,220636,4,1B05LgUvhnViplWdrY4oDL,Talk Tough,3fMXESWznDSrgYOVesXchM,4iyXzcON9DnIUozjxm0ET2,Zoom Boss,359,2,2022-08-27,day,3,2024-01-08
0.607,0.788,8,-3.833,1,0.0682,0.474,0.0,0.119,0.568,92.579,171265,4,6KRYXZx4FPqC2gXPxmg3wk,Elevate Mi Circle,3fMXESWznDSrgYOVesXchM,"4pP4fxW65oev1NdRd2Fbn7,34etB7ZzDYtqfyzBHWTnNB","Jahshii,Don Pree","74606,270","39,7",2023-01-27,day,17,2024-01-08
0.736,0.79,2,-6.997,1,0.151,0.193,0.0,0.322,0.25,96.002,189904,4,54esSvmaSBgijeZ8nNLdZ4,Elevate,3fMXESWznDSrgYOVesXchM,4pP4fxW65oev1NdRd2Fbn7,Jahshii,74606,39,2023-01-24,day,16,2024-01-08
0.802,0.687,2,-3.476,1,0.227,0.249,0.0,0.3,0.153,100.059,160421,4,3wnH4RqyoYjJWHJafFyfI0,Quick Speed,3fMXESWznDSrgYOVesXchM,"4pP4fxW65oev1NdRd2Fbn7,4fkMy4Xa2LN6JRC9XfTe65","Jahshii,Steel Chest","74606,339","39,33",2022-12-08,day,5,2024-01-08
0.797,0.81,2,-5.528,0,0.0706,0.522,0.000191,0.109,0.444,133.335,139200,5,4CsjgLa8XxuhMEp24uhmee,Personality,3fMXESWznDSrgYOVesXchM,7pRxYXACpWZf1i7Chd8Sk2,Bayka,78475,48,2023-02-03,day,40,2024-01-08
0.679,0.769,8,-8.784,0,0.596,0.192,0.0,0.248,0.464,129.926,178876,4,74NMaz9KzNogiZf52qRAkY,MURDERATION,3fMXESWznDSrgYOVesXchM,6UuT0BJZ9vF8Y1sxXnJl2s,Bounty Killer,244904,49,2023-02-15,day,6,2024-01-08
0.598,0.76,7,-7.075,1,0.461,0.0766,0.0,0.0783,0.808,106.142,172713,4,7GW1ObEMhFzGIlEmNPjt74,Dem Fear WE,3fMXESWznDSrgYOVesXchM,"6UuT0BJZ9vF8Y1sxXnJl2s,4YUUAPnIuLhAFMuOvt7XfL","Bounty Killer,Twinkle Brain","244904,53","49,5",2023-01-06,day,11,2024-01-08
0.864,0.864,7,-5.023,1,0.29,0.225,0.0,0.265,0.947,115.096,154646,4,7ACQaDPL1hekHIqwzgLgG7,General,3fMXESWznDSrgYOVesXchM,"4cb3HigJCNGP3rcRhVbYwS,5ZJvCyMFWQMdEBlUtkIdMt,6UuT0BJZ9vF8Y1sxXnJl2s","Laa Lee,Qraig Voicemail,Bounty Killer","16041,286,244904","35,22,49",2022-12-02,day,16,2024-01-08
0.742,0.909,0,-4.795,1,0.372,0.335,0.0,0.479,0.931,105.012,166212,4,7Io7J9N6TGt8Uj0Kdz12zT,Watch Yuh Mouth,3fMXESWznDSrgYOVesXchM,6UuT0BJZ9vF8Y1sxXnJl2s,Bounty Killer,244904,49,2023-01-27,day,5,2024-01-08
0.822,0.861,9,-5.963,1,0.229,0.0494,0.0,0.0651,0.905,110.018,148976,4,0tE6rjKOG5YfpJtaFq7RW8,Listen Mi Nuh Gyal,3fMXESWznDSrgYOVesXchM,"6UuT0BJZ9vF8Y1sxXnJl2s,6c8x2kM7RTcfABIk6nRXRA","Bounty Killer,Koncept Da Professor","244904,8","49,0",2023-01-27,day,5,2024-01-08
0.604,0.766,11,-2.739,0,0.259,0.535,0.0,0.311,0.329,99.622,185861,4,1IzLVAtCjbr2gStKKsFlTu,Own Boss,3fMXESWznDSrgYOVesXchM,0eAqhr1BfTzJEfOEn0Ad19,Quada,58695,34,2022-10-29,day,11,2024-01-08
0.519,0.609,8,-5.979,0,0.215,0.709,8.75e-05,0.161,0.492,96.009,180193,4,4mqNGS4hxyU7NoBiYd4vsQ,Death Or Fame,3fMXESWznDSrgYOVesXchM,61MZKoPjsJdgbBuu9dkv5r,YK Kastro,13270,27,2022-10-20,day,24,2024-01-08
0.617,0.663,1,-9.2,0,0.461,0.403,0.0,0.14,0.514,94.028,176248,4,6e7kb4H13oAefmQyxWaFc5,Unfold Dream,3fMXESWznDSrgYOVesXchM,61MZKoPjsJdgbBuu9dkv5r,YK Kastro,13270,27,2022-07-20,day,35,2024-01-08
0.55,0.489,1,-8.932,1,0.507,0.413,0.0,0.106,0.306,67.651,187046,3,0y8M1Esbrx8bJIR8FCPmh0,Gunman City,3fMXESWznDSrgYOVesXchM,61MZKoPjsJdgbBuu9dkv5r,YK Kastro,13270,27,2022-04-13,day,24,2024-01-08
0.532,0.556,7,-11.444,0,0.422,0.544,0.0,0.132,0.306,62.937,192052,5,2F34ADzzs8XgtR97l3UDA9,Changes Inna Life,3fMXESWznDSrgYOVesXchM,"2VpYQkkjCohjSPskaQGyp0,4v5svwH75xhxdyaegqliH8,52hLbiHfJsarTXovhOd3qC","West Bank Records,Reiga,Wacko Dan","4114,129,17910","32,8,33",2023-02-03,day,6,2024-01-08
0.833,0.37,4,-10.994,0,0.047,0.365,0.00132,0.115,0.11,105.013,248424,4,1jQHTdAnZYyo0RptfTt5fb,Dont Know,3fMXESWznDSrgYOVesXchM,"2VpYQkkjCohjSPskaQGyp0,4v5svwH75xhxdyaegqliH8","West Bank Records,Reiga","4114,129","32,8",2023-02-03,day,3,2024-01-08
0.702,0.45,2,-14.287,1,0.0776,0.109,0.0,0.149,0.0383,100.017,202475,4,2pnwFTGWTkzokDUQJrwoTo,Get Money,3fMXESWznDSrgYOVesXchM,"2VpYQkkjCohjSPskaQGyp0,4v5svwH75xhxdyaegqliH8","West Bank Records,Reiga","4114,129","32,8",2023-02-03,day,3,2024-01-08
0.675,0.676,2,-9.453,1,0.119,0.678,0.0,0.225,0.553,92.027,167001,4,6rJtQeN6w8rN5tbCAFuPyc,We want Cash,3fMXESWznDSrgYOVesXchM,"2VpYQkkjCohjSPskaQGyp0,4v5svwH75xhxdyaegqliH8","West Bank Records,Reiga","4114,129","32,8",2023-02-03,day,4,2024-01-08
0.553,0.58,9,-6.267,0,0.321,0.475,0.0,0.111,0.352,70.806,145659,3,7nTxEdsw3ZCRojnokmMrBV,Caught Up,3fMXESWznDSrgYOVesXchM,"2VpYQkkjCohjSPskaQGyp0,4v5svwH75xhxdyaegqliH8","West Bank Records,Reiga","4114,129","32,8",2023-02-03,day,9,2024-01-08
0.778,0.302,11,-14.023,0,0.0738,0.547,0.000215,0.0996,0.193,120.082,178730,5,2eEpEja11mhmuRJoIYwfBp,Walk With Meh Gun,3fMXESWznDSrgYOVesXchM,"2VpYQkkjCohjSPskaQGyp0,4v5svwH75xhxdyaegqliH8","West Bank Records,Reiga","4114,129","32,8",2023-02-03,day,4,2024-01-08
0.782,0.473,5,-10.052,0,0.338,0.391,0.0,0.11,0.288,102.051,218279,4,0PiD7t9p1nqHqtbJlhSoaR,Cold Heart,3fMXESWznDSrgYOVesXchM,"2VpYQkkjCohjSPskaQGyp0,4v5svwH75xhxdyaegqliH8","West Bank Records,Reiga","4114,129","32,8",2023-02-03,day,2,2024-01-08
0.695,0.51,11,-9.468,1,0.532,0.627,0.0,0.132,0.639,89.396,170243,4,7INizT7eWHrlO2mPRDoHdn,Darkest Days,3fMXESWznDSrgYOVesXchM,644ZSphe112u43CPuk91OS,SamDan,13,0,2023-01-21,day,0,2024-01-08
0.944,0.57,1,-10.186,1,0.49,0.562,0.0,0.278,0.65,120.89,160705,4,6SVkd2PTAPoyB8gQUZB1SF,Shoot It,3fMXESWznDSrgYOVesXchM,644ZSphe112u43CPuk91OS,SamDan,13,0,2022-10-01,day,0,2024-01-08
0.902,0.351,5,-10.155,0,0.226,0.485,1.01e-06,0.122,0.162,110.085,185455,4,4HOlciZDy1ytrajMcLOnal,Southeastmafia,3fMXESWznDSrgYOVesXchM,5SEuEzdbd35siWURYOyQht,monsta,1,0,2021-05-25,day,0,2024-01-08
0.822,0.448,1,-13.224,0,0.328,0.762,0.000148,0.163,0.557,129.282,190485,5,74nEdW7LbTgPWR2F6pHKOH,Talk & Talk,3fMXESWznDSrgYOVesXchM,644ZSphe112u43CPuk91OS,SamDan,13,0,2022-06-04,day,1,2024-01-08
0.828,0.459,0,-10.164,1,0.133,0.0062,0.000104,0.205,0.0556,99.992,127242,4,2HAEFBNAqreelGWPTQR7iA,South,3fMXESWznDSrgYOVesXchM,"39Ma6ww9NpuBWWnU55bp1w,1aldcpOkau1RU5MjaHG0yQ","Christo Taliban,OG SMURF","18,15","0,0",2022-07-12,day,1,2024-01-08
0.522,0.628,1,-8.663,0,0.467,0.0952,0.0,0.134,0.457,154.848,142864,5,5m2enfWVgTaAduqVXgsNJn,Muslim General,3fMXESWznDSrgYOVesXchM,"39Ma6ww9NpuBWWnU55bp1w,33TKtfdNqLoGRYgBASgYEy","Christo Taliban,Chapo Dan","18,0","0,0",2022-02-25,day,5,2024-01-08
0.723,0.711,6,-4.44,0,0.23,0.767,0.0,0.101,0.565,89.852,152059,4,0fjzbTYlkpLnWOqxWfUP5G,See No Change,3fMXESWznDSrgYOVesXchM,"2B9n4Y7o4pRVUYcW1cJolj,277jOUSGN5AKoZoDxvfmUP","La6Music,Young Star 6ixx","24,15424","0,28",2022-11-28,day,0,2024-01-08
0.786,0.44,1,-8.863,0,0.357,0.591,3.6e-05,0.276,0.492,100.067,175256,4,3H1dH1uP1Puqy0Wvbq4YiL,On Them Endz,3fMXESWznDSrgYOVesXchM,143zEtgaWVbLJusw8KDse8,Playboi Jayyyy,9,0,2023-01-04,day,1,2024-01-08
0.824,0.449,4,-9.82,0,0.352,0.402,0.0,0.102,0.553,109.981,157127,4,1zLu1Wmb3PNKE8KX4RERXp,"On Them Endz, Pt. 2",3fMXESWznDSrgYOVesXchM,143zEtgaWVbLJusw8KDse8,Playboi Jayyyy,9,0,2023-02-10,day,0,2024-01-08
0.657,0.372,7,-11.42,0,0.487,0.213,0.0,0.0697,0.158,127.857,252121,5,1m6v8UrY5PL50r63PjIwud,Immortal,3fMXESWznDSrgYOVesXchM,4ULg9wVZKb01ORw7AIZBDR,Kraff Gad,69883,47,2023-02-07,day,32,2024-01-08
0.801,0.565,6,-7.14,0,0.0414,0.364,1.38e-05,0.136,0.454,98.021,137221,4,3RQH07Xb6EUAaeI1ETyfYV,Racks,3fMXESWznDSrgYOVesXchM,"4ULg9wVZKb01ORw7AIZBDR,3EC3CDEkhHY70vYFBVasZc","Kraff Gad,DJ MAC","69883,2730","47,43",2023-02-17,day,31,2024-01-08
0.506,0.542,1,-7.624,1,0.345,0.199,0.0,0.0846,0.465,63.831,198366,5,0O04F8n0oq5zqdqZ25sbBQ,Rage,3fMXESWznDSrgYOVesXchM,"4ULg9wVZKb01ORw7AIZBDR,02e5lJkZ0ZcAY3AexUXA8J","Kraff Gad,Sulfa Ge","69883,524","47,31",2022-10-21,day,27,2024-01-08
0.888,0.658,6,-6.384,0,0.337,0.21,0.0,0.0968,0.918,99.051,164885,4,6AlmySt7z1jpSsAH8gUBNS,Progress,3fMXESWznDSrgYOVesXchM,3diKKNt9VMqfRniKtaSkGU,Ajay Dan,6,0,2023-02-12,day,0,2024-01-08
0.522,0.587,7,-8.559,0,0.402,0.36,0.0,0.245,0.6,85.825,124846,5,4aM8SJgvkUAKlJm7LE2mE1,No Evidence,3fMXESWznDSrgYOVesXchM,"6UInAzGUHxSBmdb2FPwEdk,759E7U6P85XVm4qn8IPogD","G Rass,D3bo","20,0","0,0",2022-10-25,day,0,2024-01-08
0.758,0.516,8,-6.599,0,0.466,0.447,0.0,0.34,0.848,95.039,152893,4,4GSk7D5r0pZmuayn5Vm2rt,War Ready,3fMXESWznDSrgYOVesXchM,6UInAzGUHxSBmdb2FPwEdk,G Rass,20,0,2023-02-20,day,0,2024-01-08
0.801,0.646,1,-8.953,1,0.154,0.321,0.0,0.269,0.72,95.083,176850,4,1aKluxdBI2XGTEnB4CeRUC,Haunted,3fMXESWznDSrgYOVesXchM,6UInAzGUHxSBmdb2FPwEdk,G Rass,20,0,2022-03-22,day,0,2024-01-08
0.879,0.769,1,-5.227,1,0.0682,0.47,0.0,0.0822,0.899,120.05,142054,4,2fdIKU011nlzX4ZTVEXIIX,No Violation,3fMXESWznDSrgYOVesXchM,6UInAzGUHxSBmdb2FPwEdk,G Rass,20,0,2022-02-24,day,0,2024-01-08
0.747,0.569,4,-9.477,1,0.84,0.429,0.0,0.195,0.472,80.48,159172,5,7GMJsoP23l1Bqb9dkqgFO3,Now Gunman,3fMXESWznDSrgYOVesXchM,6LkrorylJMM2dNX9LkrXft,MadRas,27,0,2022-07-25,day,1,2024-01-08
0.72,0.538,8,-10.045,0,0.517,0.448,0.0,0.0765,0.735,102.559,138317,4,06yjjNQzTXctotHHQKOXWF,Stress Free,3fMXESWznDSrgYOVesXchM,6LkrorylJMM2dNX9LkrXft,MadRas,27,0,2022-09-24,day,0,2024-01-08
0.779,0.554,5,-7.233,0,0.717,0.698,0.0,0.215,0.455,58.168,158834,4,7grDTAzMU9f4lH80wwp3E6,Stand Firm,3fMXESWznDSrgYOVesXchM,6LkrorylJMM2dNX9LkrXft,MadRas,27,0,2022-07-01,day,0,2024-01-08
0.602,0.39,9,-7.815,0,0.258,0.34,5.22e-06,0.164,0.416,121.235,203265,5,5omLQJya4umViap9GwViw8,21 Psalm,3fMXESWznDSrgYOVesXchM,0eezS9KmhdjGN436RdTIXu,Mavado,572722,54,2023-01-20,day,44,2024-01-08
0.627,0.667,0,-3.767,0,0.29,0.206,0.0,0.15,0.479,92.481,157500,4,1mw2OboEQDyVF7cvN2UamW,Top Shotta Is Back,3fMXESWznDSrgYOVesXchM,0eezS9KmhdjGN436RdTIXu,Mavado,572722,54,2019-12-10,day,39,2024-01-08
0.59,0.493,5,-11.233,0,0.328,0.683,8.81e-06,0.18,0.721,96.154,120346,4,5WnWXcQsQn4I0RKsWyMfOK,Levitate,3fMXESWznDSrgYOVesXchM,"39Ma6ww9NpuBWWnU55bp1w,644ZSphe112u43CPuk91OS","Christo Taliban,SamDan","18,13","0,0",2022-09-29,day,0,2024-01-08
0.792,0.418,11,-12.829,0,0.443,0.162,0.0,0.0626,0.483,133.193,175360,5,2A3KIeEdS6oIT2r3m9dRr8,East,3fMXESWznDSrgYOVesXchM,7tnzhcb2y0dtPFIFVTp0A4,Tafari,26094,22,2020-10-24,day,14,2024-01-08
0.782,0.594,3,-7.807,0,0.375,0.554,0.0,0.124,0.638,90.492,99056,4,3bbCWHrFdVdV9QoNXeQC8z,ARIMA MAN,3fMXESWznDSrgYOVesXchM,144Zov1xqPMqpeCpTxrWWP,Trinidad Mad Man,1213,14,2021-08-09,day,14,2024-01-08
0.905,0.648,10,-4.71,0,0.325,0.594,0.0,0.096,0.508,100.014,184800,4,62m2JK7awhuZeZi35p2oKe,Brawling Murder,3fMXESWznDSrgYOVesXchM,"3GO7uRLHKxHnCOFT8zhGld,1mQBzXJm0nBVdhFwPKsNu0","Castella,JAH JAH","1010,727","21,19",2022-06-15,day,19,2024-01-08
0.706,0.65,11,-5.49,0,0.199,0.439,0.0,0.151,0.138,192.163,131250,4,6Hds6EGHkGlobhZ1d7Li5h,Fully R,3fMXESWznDSrgYOVesXchM,"3GO7uRLHKxHnCOFT8zhGld,1mQBzXJm0nBVdhFwPKsNu0","Castella,JAH JAH","1010,727","21,19",2022-11-11,day,23,2024-01-08
0.723,0.625,0,-4.818,1,0.118,0.45,0.0,0.149,0.542,161.985,167584,4,7JNWdKOPRMmNVH4MeTG6od,Sun Rise,3fMXESWznDSrgYOVesXchM,"3GO7uRLHKxHnCOFT8zhGld,1mQBzXJm0nBVdhFwPKsNu0","Castella,JAH JAH","1010,727","21,19",2021-08-27,day,6,2024-01-08
0.722,0.925,7,-1.363,1,0.128,0.512,0.0,0.0885,0.886,199.846,148800,4,2OLUnnDzT79oZE36VuylUv,Ya Ba Da Ba Do,3fMXESWznDSrgYOVesXchM,"3GO7uRLHKxHnCOFT8zhGld,1mQBzXJm0nBVdhFwPKsNu0","Castella,JAH JAH","1010,727","21,19",2022-05-13,day,0,2024-01-08
0.958,0.713,7,-6.586,1,0.324,0.191,0.0,0.311,0.596,112.078,154331,4,3T4HAZukOvIW7tuHjYhHWh,Warn Dem,3fMXESWznDSrgYOVesXchM,3ced62Xg7juPKVlgekw19S,Pumpy,1,0,2023-02-10,day,0,2024-01-08
0.571,0.709,4,-6.191,1,0.26,0.446,0.0,0.247,0.653,149.978,195200,4,5TNmQch4QztAM1H503ngPk,Salute,3fMXESWznDSrgYOVesXchM,"6CxUKwVnCBKKP60XMvnMOL,46WOjzWNH7CX49Geoe8ly0,1fvFPEXKwHYKtAp3kwQlc1","Jahllano,Jah Z Blaze,Isasha","20037,27,2353","25,0,17",2021-04-16,day,5,2024-01-08
0.682,0.803,1,-5.101,1,0.338,0.46,0.0,0.133,0.271,132.108,179394,5,0hX4A5OukTT2gfnUy3TyUB,Pack a Matches,3fMXESWznDSrgYOVesXchM,"2Gzy8TYJ5xrEMDyUjZuDsK,0GXid8LlvA2twALSqLKYQ0","Masicka,Dunw3ll","337189,2168","56,43",2022-07-29,day,30,2024-01-08
0.873,0.638,1,-5.091,0,0.163,0.105,3.61e-05,0.28,0.372,106.038,149160,4,22hFjD0W6IHzWybdZ7Yijv,Play Time Done,3fMXESWznDSrgYOVesXchM,1HXkVBU6RwIxxN6xuI6b00,Squash,164547,43,2023-03-29,day,30,2024-01-08
0.63,0.405,2,-10.575,1,0.449,0.106,0.0,0.277,0.35,126.252,117864,5,0nZsWyLQCUh9dLuzO0ULv2,How We Chop,3fMXESWznDSrgYOVesXchM,"1HXkVBU6RwIxxN6xuI6b00,6S0dmVVn4udvppDhZIWxCr","Squash,Sean Kingston","164547,3201846","43,68",2023-03-10,day,31,2024-01-08
0.727,0.491,9,-8.376,1,0.615,0.0469,0.0308,0.325,0.355,136.2,135000,5,1BXuekBuG8sIz1OwL8XhD0,Rasta,3fMXESWznDSrgYOVesXchM,"7dvG18F378r7HRxmiHn3ti,4trjztkEHNUqYhnW3XTG8C","Valiant,Countree Hype","150629,2343","53,42",2023-03-10,day,49,2024-01-08
0.607,0.552,6,-7.595,1,0.103,0.413,0.0,0.115,0.394,120.188,181333,5,6Eyjug9m0CLKlFuMC7gmzY,A Whole Mood,3fMXESWznDSrgYOVesXchM,"0n2GVhODT8CJldQoVdsMw4,1e2IViEWclFirkU6YbG7cE","Kash Promise Move,Troublemekka","24792,665","27,33",2020-09-11,day,22,2024-01-08
0.854,0.659,5,-6.671,0,0.198,0.409,0.0,0.108,0.636,102.055,196116,4,6dyvxKa5tqy380sZ9LsZlq,Bandit,3fMXESWznDSrgYOVesXchM,1HXkVBU6RwIxxN6xuI6b00,Squash,164547,43,2019-08-23,day,27,2024-01-08
0.945,0.709,11,-6.691,1,0.298,0.244,0.0,0.0917,0.412,125.996,138571,4,0FxYg22fYhS82LuDkaUg6Y,Bird,3fMXESWznDSrgYOVesXchM,"4cb3HigJCNGP3rcRhVbYwS,5ht4EDZMGo7d1K4czZTUYa","Laa Lee,Gold Up","16041,1952","35,35",2021-11-05,day,34,2024-01-08
0.82,0.686,11,-5.891,1,0.142,0.0942,0.0,0.115,0.185,96.583,110304,4,4gaYeHM8MrcqHU2Niw6JQc,Rain (with Skillibeng),3fMXESWznDSrgYOVesXchM,"1OFOShsIbhy1l5x73yuVyB,5FkUhnHQ0KC63549LHHtst","Shenseea,Skillibeng","646196,325197","61,59",2022-07-29,day,45,2024-01-08
0.582,0.604,6,-9.905,0,0.322,0.437,2.02e-05,0.0902,0.738,130.942,175200,5,3Zg7BB6o6Ymmy5Bep7zoTZ,MUGGER,3fMXESWznDSrgYOVesXchM,3gwIlS9NOwBgwV3RfQIYiR,Intence,133732,40,2023-03-15,day,28,2024-01-08
0.67,0.499,3,-8.612,0,0.384,0.0692,0.0,0.186,0.31,139.032,148173,5,7pAfGzEBDFwscVE2sfW9LU,Speak Fluent,3fMXESWznDSrgYOVesXchM,38znFKxujwEKOR2fR9pd0P,Mafi,268,5,2021-06-11,day,8,2024-01-08
0.658,0.733,0,-3.621,1,0.232,0.0426,0.0,0.226,0.285,133.836,164000,5,1Qth18Wapx5Hl9alPkfVDi,Gladdest Night,3fMXESWznDSrgYOVesXchM,"2LIAgeQ5NZurwixfoG3CWZ,2p9Ir76xCg114T9P67Hk1z","Alkaline,Black Shadow","491418,1318","55,34",2020-01-21,day,20,2024-01-08
0.593,0.699,9,-6.274,0,0.394,0.172,0.0,0.0945,0.487,133.067,174669,5,2wYGkAsvY8VQa3UUi9UC65,Murdah,3fMXESWznDSrgYOVesXchM,"2XmUEusYfpe4UG5BJtRwgX,40vpvFOIfRil2lXkK5GrTK","Rytikal,Jahvillani","78244,106005","33,36",2020-10-26,day,20,2024-01-08
0.926,0.517,9,-10.939,0,0.326,0.282,0.0,0.0698,0.489,100.033,174648,4,0bIBTIZbpHxP8kb87hI16O,Ready,3fMXESWznDSrgYOVesXchM,"7pRxYXACpWZf1i7Chd8Sk2,0YHzWKddzqznN4tkGWyJmM","Bayka,tzee_ent","78475,115","48,23",2022-03-09,day,43,2024-01-08
0.941,0.395,7,-11.077,1,0.173,0.311,1.76e-05,0.629,0.312,100.985,175404,4,4d1U2NZSU1TzpnPR2hmQIZ,Live Loud,3fMXESWznDSrgYOVesXchM,1HXkVBU6RwIxxN6xuI6b00,Squash,164547,43,2023-04-14,day,25,2024-01-08
0.747,0.606,10,-6.65,0,0.149,0.371,0.00412,0.243,0.512,94.086,178697,4,4kyIkFZVgVXoDJUjMNcVMB,Daaawkness,3fMXESWznDSrgYOVesXchM,"3JoZVMSSVzYhhMQ5dthRuT,3zorWCDx017sz4UYP2fC9w","Ireland Boss,Chronic Law","7379,158123","45,50",2023-06-04,day,10,2024-01-08
0.633,0.504,1,-8.182,1,0.491,0.243,0.0,0.0995,0.305,100.136,212093,4,3X2lCFeGRwUYJ33rsDexsV,Mind Games,3fMXESWznDSrgYOVesXchM,"4ULg9wVZKb01ORw7AIZBDR,0IHg6uUuIes2nxFoT0otpr,7IbkKTNpBj7MORRdt3oge3","Kraff Gad,Rygin King,Zerimar","69883,147691,30169","47,36,34",2023-05-05,day,28,2024-01-08
0.664,0.543,5,-7.524,0,0.287,0.0833,8.08e-06,0.11,0.729,129.291,197982,5,5f16uacFNtdNcNDJm4TSJF,Mus Buss,3fMXESWznDSrgYOVesXchM,5flsRguhXEeoDrguvUnPW8,Don Shawdiz,3,0,2023-06-03,day,0,2024-01-08
0.83,0.487,2,-6.217,1,0.113,0.236,2.04e-06,0.117,0.0391,109.043,166557,4,1BxiaQIDjAr2ltsUEMB9r8,Energy,3fMXESWznDSrgYOVesXchM,2yHxc12dEUiLXNeqUadxBh,Tommy Lee Sparta,279205,48,2023-05-05,day,38,2024-01-08
0.8,0.803,9,-7.061,0,0.136,0.154,0.0,0.531,0.628,101.937,177941,4,3mN8CRajkppYaI4eqlUb0Z,Dem Fraid,3fMXESWznDSrgYOVesXchM,"2yHxc12dEUiLXNeqUadxBh,7kK7bhNgnXrtXjXfN7E3Z0","Tommy Lee Sparta,Dinesty King","279205,165","48,23",2022-05-13,day,2,2024-01-08
0.718,0.713,11,-6.209,1,0.0554,0.357,1.59e-06,0.167,0.266,99.953,192000,4,1AjLpso9IxC9qhcUN4xlg2,Reaper,3fMXESWznDSrgYOVesXchM,2yHxc12dEUiLXNeqUadxBh,Tommy Lee Sparta,279205,48,2022-02-22,day,19,2024-01-08
0.673,0.551,2,-8.353,1,0.122,0.51,0.0,0.232,0.168,95.91,169651,4,2n5okRiJx5iJWXsxH0J60I,MY TOWN,3fMXESWznDSrgYOVesXchM,7I6r8LoL1vyeiUOAudYu4P,Nation Boss,52476,34,2023-04-07,day,13,2024-01-08
0.545,0.629,11,-4.272,0,0.296,0.593,5.59e-06,0.322,0.506,125.249,168856,5,1TkbXoEC1QBE4W0dytVchY,Scars,3fMXESWznDSrgYOVesXchM,4GjfdRM9UmdLr6pxyLZrNV,Jeff Fullyauto,25162,38,2023-05-19,day,21,2024-01-08
0.622,0.806,1,-4.33,1,0.321,0.207,0.0,0.11,0.28,136.397,166857,5,6FZU7A8qCzGjQU7TJU6T6A,Social Solitude,3fMXESWznDSrgYOVesXchM,3iWwLfjZAKzmAB57v38i45,Raskality,5723,15,2023-04-28,day,0,2024-01-08
0.76,0.443,1,-11.178,1,0.495,0.208,0.0,0.0783,0.824,180.026,176000,4,6lEzgRrk42ZcEcyEa00iRR,Fully Alien (1st Warning),3fMXESWznDSrgYOVesXchM,3dgEGCM7G8z1gd6mgOjYSv,38 from BL,1376,14,2023-03-01,day,17,2024-01-08
0.692,0.476,7,-8.843,1,0.694,0.638,8.86e-06,0.0859,0.324,102.232,173589,4,2Y3og5acjjQislPhMXIx9s,Early Morning,3fMXESWznDSrgYOVesXchM,"3dgEGCM7G8z1gd6mgOjYSv,2JC7YH9Umra4Zc8mseZsRD","38 from BL,Going Global Records","1376,8937","14,37",2023-03-09,day,16,2024-01-08
0.6,0.645,2,-6.551,1,0.18,0.321,0.0,0.159,0.202,91.544,153024,4,0bPAd4UALKaXf5mix3UH2s,Mankind,3fMXESWznDSrgYOVesXchM,4xKyh6XkfM4L0KSVsht5o5,2 Ghunz,135,1,2023-04-07,day,0,2024-01-08
0.828,0.718,0,-7.686,0,0.401,0.295,0.0,0.184,0.5,114.728,160000,4,2sxOzUnRytyRjYLpPRrVhx,Choppa Dem,3fMXESWznDSrgYOVesXchM,"3iWwLfjZAKzmAB57v38i45,0icqdYAY80IcFDsAlEe8FH","Raskality,Xklusive","5723,1039","15,7",2023-06-30,day,1,2024-01-08
0.839,0.571,2,-5.605,0,0.168,0.103,5.37e-05,0.0837,0.31,100.058,160200,4,4ndovVaZbD73CZdFFwK9E4,TPG (Run Di Place),3fMXESWznDSrgYOVesXchM,"3iWwLfjZAKzmAB57v38i45,27GA6NMM69byd5ankSWsXw","Raskality,Hey Choppi","5723,3881","15,30",2023-06-30,day,2,2024-01-08
0.892,0.63,8,-8.813,1,0.0751,0.0976,0.0184,0.124,0.92,114.968,156000,4,6l1vmtO87YzhFf7JB2L18Y,100 Killaz,3fMXESWznDSrgYOVesXchM,1UofgHnwA2w0Ae2psOv8rN,Trinidad Ghost,2530,23,2023-03-20,day,0,2024-01-08
0.812,0.529,10,-9.738,0,0.331,0.563,1.47e-06,0.164,0.516,97.051,206512,4,3xKyOgc5501sCVd9LgjDko,DISS WE,3fMXESWznDSrgYOVesXchM,1UofgHnwA2w0Ae2psOv8rN,Trinidad Ghost,2530,23,2022-04-17,day,0,2024-01-08
0.848,0.854,10,-3.682,0,0.235,0.0914,0.0,0.166,0.689,104.984,162286,4,1cO154rWcnfsGh45wf4xYJ,Murder Dat,3fMXESWznDSrgYOVesXchM,6tftkxcKDY14uCo84dyRYM,Chigga,13,1,2023-07-07,day,1,2024-01-08
0.735,0.505,5,-10.95,0,0.0605,0.545,0.000173,0.218,0.341,110.034,156000,4,7sMnow1jbQj2ck5J7lklNX,No Escape,3fMXESWznDSrgYOVesXchM,"69MQQJqlML4wtWQ0rZ28rr,202aNxFqZaxd5zfZ6nIs1r","BTRecords,38 From BL","257,9","12,4",2023-07-10,day,16,2024-01-08
0.724,0.722,4,-5.593,0,0.429,0.105,0.00181,0.135,0.725,130.68,129126,5,2ZtanvbM6locRJ4CzPcBKY,Top Banga,3fMXESWznDSrgYOVesXchM,"0kEFO0oiPQw4rcBplHjRuS,1HXkVBU6RwIxxN6xuI6b00","JayBlem,Squash","8636,164547","27,43",2023-04-07,day,17,2024-01-08
0.576,0.643,5,-5.826,0,0.341,0.23,0.0,0.164,0.671,100.074,173325,4,2qw8HI9YtHmafhS2eCqSBb,Gyal Magnet,3fMXESWznDSrgYOVesXchM,"0JFNiVq6LHCFEJk9ilmh9K,2v6V75NbousiJwy2HV44VL","Pablo YG,450","27049,100331","40,50",2023-07-07,day,17,2024-01-08
0.745,0.532,10,-13.734,0,0.189,0.604,0.0,0.0774,0.81,119.949,215969,5,4fDzHGhAqb1xfYeMLenEeb,Ghetto Complaint,3fMXESWznDSrgYOVesXchM,3UwGbC4Sl9MmonrpWo6grS,Boy Boy,29068,41,2020-08-10,day,10,2024-01-08
0.803,0.515,7,-11.186,0,0.347,0.721,4.81e-05,0.193,0.706,99.936,117512,4,0uYguEYAslXeuGwDa2kNdn,Letter 2 Informers,3fMXESWznDSrgYOVesXchM,6Iym59CxrdzsxIn9LPFR9n,Gskell,4727,9,2023-08-11,day,2,2024-01-08
0.513,0.858,10,-5.163,0,0.378,0.592,0.0,0.293,0.512,102.972,173010,4,7kna0kDEVq5bn68APQgDBe,Losses,3fMXESWznDSrgYOVesXchM,6Iym59CxrdzsxIn9LPFR9n,Gskell,4727,9,2023-04-07,day,2,2024-01-08
0.708,0.61,4,-8.471,0,0.4,0.308,0.0,0.0958,0.53,93.715,148387,4,1eJ7p0vH6qQVou9YyT4S4M,Mill a Night,3fMXESWznDSrgYOVesXchM,5WmnAqb76Ka3xocLNuLkfO,Witty,502,3,2023-04-04,day,14,2024-01-08
0.536,0.545,4,-8.673,0,0.343,0.00499,0.0,0.277,0.235,95.009,178077,4,0GMjfJ9onDnboZBGADPJKb,Liar N Thief,3fMXESWznDSrgYOVesXchM,1W07QMxZ9se7fIk2YSrx4h,Brysco,22574,35,2023-11-02,day,19,2024-01-08
0.797,0.648,3,-7.292,0,0.0823,0.0499,1.01e-05,0.208,0.605,110.026,164592,4,0hObVI7MKJ9f1bmWt3xhvV,Colombiana,3fMXESWznDSrgYOVesXchM,25f1NjILSP7owhgqIQNOPg,The 9ine,12196,46,2023-11-17,day,33,2024-01-08
0.688,0.444,6,-11.701,0,0.385,0.486,0.0,0.0887,0.33,97.835,160056,4,0IiX1bypAgwUKyLH2W8uUJ,Dragga,3fMXESWznDSrgYOVesXchM,0sP79Bq6zJj6EskteStNBW,Malie Donn,61277,49,2023-04-21,day,46,2024-01-08
0.705,0.508,11,-10.04,1,0.0831,0.279,3.64e-06,0.174,0.503,126.66,163701,5,7MWvEZcimK2JxjYMat4IXm,WALKING SOLDIER,3fMXESWznDSrgYOVesXchM,7xX8LI3W7GxxBuW5oB84fO,BLIZO,35,1,2023-06-25,day,0,2024-01-08
0.629,0.528,1,-7.755,1,0.261,0.355,0.0,0.445,0.301,130.591,157608,5,0Aqkjd0CX3MC4vGGpwg4Hl,Should Of Known,3fMXESWznDSrgYOVesXchM,7zow5Va8ESrfnxvUF62HRH,Icee Dan,8058,22,2023-10-17,day,2,2024-01-08
0.498,0.931,10,-6.182,0,0.0737,0.139,4.65e-06,0.111,0.731,193.434,141333,3,4o1m83MlsAk3I9Nsg2u0TX,‘87 Stingray,3fMXESWznDSrgYOVesXchM,2jku7tDXc6XoB6MO2hFuqg,Tory Lanez,6302994,80,2023-11-17,day,51,2024-01-08
0.568,0.648,1,-5.68,1,0.502,0.374,0.0,0.162,0.606,63.341,155202,5,1SKwjaYHInYrnVML0chAxA,Opp Killa (Part Two),3fMXESWznDSrgYOVesXchM,"3wtV0nzzBUoKuSCl1y3hue,6QJrx4J9XqIxXUBhacoJHC,1AKDQSYf0qjiy6b5z8z1KZ","Pi Studios,Medz Boss,Young General","297,34233,279","9,27,6",2023-12-20,day,14,2024-01-08
0.831,0.443,1,-10.832,1,0.461,0.0109,6.68e-06,0.0984,0.118,130.674,196848,5,72mseMvF0x740Ua7bSOSUr,Sinna Life,3fMXESWznDSrgYOVesXchM,"2jA7pe7sIyTnFsanWpyl3c,1Lk1lcbSRd0oz9kRYIm5w0,3IDfJpj4YVkaBl7Dd52Pxv","karmaa,Rajhani,Byron Messia","117,42,65600","15,9,61",2023-12-08,day,27,2024-01-08
0.559,0.718,7,-6.07,0,0.391,0.226,0.0,0.101,0.584,131.676,136776,5,0yk5sS67EfMfl1nFkrwEwS,HotHead,3fMXESWznDSrgYOVesXchM,7tnzhcb2y0dtPFIFVTp0A4,Tafari,26094,22,2023-12-27,day,13,2024-01-08
0.847,0.705,8,-7.201,1,0.181,0.212,0.0,0.0898,0.664,110.026,106909,4,0kp8xqkkCAJwarD23DbbQK,Inna She Hole,1xXA4q3OJuWmVews66yBW6,2Jd4rUFlIWzOrgbaSj1BiD,Keefff,62,2,2020-01-25,day,0,2024-01-08
0.646,0.634,11,-6.104,0,0.396,0.845,0.0,0.124,0.678,132.787,204048,5,1gxkCRtvFZUCCMgEyWYpjz,Head Banga,1xXA4q3OJuWmVews66yBW6,3ATKkAzfZsIJuoCnOepK67,Trigger Dan,1834,6,2019-05-20,day,0,2024-01-08
0.448,0.752,8,-4.944,0,0.304,0.188,0.0,0.14,0.258,91.596,251185,4,6eBLeKCvJ3vNgfPdn6dHRE,Awakening (3rd Eye Riddim),1xXA4q3OJuWmVews66yBW6,2Jv0w50BNaGlwnXpq69HGm,Prince Swanny,112646,43,2019-09-27,day,11,2024-01-08
0.692,0.612,5,-10.306,0,0.137,0.563,6.72e-06,0.109,0.4,79.931,253933,4,6QuXeRxiuHJLJP2spoh0gt,Misery,1xXA4q3OJuWmVews66yBW6,2Jv0w50BNaGlwnXpq69HGm,Prince Swanny,112646,43,2020-02-28,day,0,2024-01-08
0.839,0.533,8,-11.464,1,0.447,0.648,0.0,0.112,0.891,102.001,219716,4,4QgvSHTg6H9h0og3jQgSLb,Shots Inna Yuh Hole,1xXA4q3OJuWmVews66yBW6,"09LprKSjs0a3gH492PixiV,1yBSwrhGAh8xLabpLtbzTL,6gIIlxlZpVoCOJWu20Rj2g","Potential Kidd,Trinidad Ghost,Mr Grills","950,670,8","13,7,0",2019-03-25,day,0,2024-01-08
0.541,0.682,6,-8.084,1,0.259,0.272,0.0,0.12,0.457,94.992,194101,4,0xAuPsSx6cS7zGjc5BF7ue,Gangster Superstar,1xXA4q3OJuWmVews66yBW6,58GP6t4N8aiJkHTOM41ECz,Plumpy Boss,21328,31,2019-06-13,day,8,2024-01-08
0.681,0.708,5,-6.728,0,0.373,0.595,0.0,0.12,0.596,93.009,146592,4,1H27otqtHNUtscRSdJTmQq,Zess Life,1xXA4q3OJuWmVews66yBW6,"1OOjOZtYpGwVPsLO9SjLxX,1eIXle4BzQymnCdkECuQ0n,7zow5Va8ESrfnxvUF62HRH","Lil Saint,Rheon Elbourne,Icee Dan","55,24,8058","0,0,22",2019-06-05,day,2,2024-01-08
0.531,0.802,4,-3.66,1,0.335,0.288,0.0,0.188,0.696,88.072,149677,4,7ncT3z6txbmKchqnwCrUJy,Boaty Boy,1xXA4q3OJuWmVews66yBW6,559YLWpCvVYo3qCEhMJ3pq,Lawless,6074,13,2019-04-27,day,9,2024-01-08
0.648,0.708,5,-9.548,0,0.347,0.485,0.0,0.102,0.736,107.846,199392,4,6muqSo9DLyk7BtgfTyj4QY,Build My Dreams,1xXA4q3OJuWmVews66yBW6,0Gkq3acWre3Hu02EAvBiIa,Rheon Elbourne,3987,22,2019-09-09,day,41,2024-01-08
0.817,0.562,10,-6.01,0,0.241,0.597,0.0,0.343,0.855,101.98,108330,4,0SzkSdNdNm6b3tEWbzd9qM,Gun Man in Yuh Hole,1xXA4q3OJuWmVews66yBW6,1yBSwrhGAh8xLabpLtbzTL,Trinidad Ghost,670,7,2023-04-21,day,37,2024-01-08
0.715,0.626,0,-3.064,1,0.481,0.643,0.0,0.0752,0.568,131.851,180000,5,7nA0Zpwi4hfaRNb8n1bS7Y,Bleach,1xXA4q3OJuWmVews66yBW6,1XK7JEkEviy2mcbi1ljpaR,Zebee,3085,19,2019-12-06,day,13,2024-01-08
0.654,0.642,11,-4.278,0,0.389,0.0405,0.0,0.151,0.384,132.66,144000,5,2OPLnnNaQndgnJubJnFLXv,Glory,1xXA4q3OJuWmVews66yBW6,2Jd4rUFlIWzOrgbaSj1BiD,Keefff,62,2,2020-04-18,day,0,2024-01-08
0.533,0.65,11,-6.868,0,0.367,0.585,0.0,0.114,0.41,66.83,175224,5,2dDV7Sz1lPkrmWdtS9fMFz,Run Out,1xXA4q3OJuWmVews66yBW6,0Gkq3acWre3Hu02EAvBiIa,Rheon Elbourne,3987,22,2019-09-20,day,5,2024-01-08
0.688,0.603,9,-8.659,0,0.419,0.595,0.0,0.115,0.314,133.415,175243,5,6cABnVYOY0ELNzVCdToEW6,Fully Auto,1xXA4q3OJuWmVews66yBW6,0zNEMNrPc9yM3zQzDkfQY2,Tech Sounds,1845,16,2019-05-17,day,9,2024-01-08
0.839,0.509,7,-9.115,1,0.0728,0.277,0.0,0.0937,0.349,111.957,208901,5,4ckT7wD43zoKCcwYFRVS4r,Designer Body,1xXA4q3OJuWmVews66yBW6,3iWwLfjZAKzmAB57v38i45,Raskality,5723,15,2019-04-07,day,3,2024-01-08
0.695,0.741,4,-4.54,0,0.38,0.771,0.0,0.0735,0.324,120.645,170893,5,2vwtMxxIp35VZsL2Km6Y2o,Live Good,1xXA4q3OJuWmVews66yBW6,6fanvfSBKMMExePwhUq8Mi,K Lion,40088,30,2019-10-11,day,17,2024-01-08
0.87,0.704,4,-9.069,0,0.355,0.258,0.0,0.0917,0.434,120.012,184294,4,46WfOaG8CDjptcyDdafBXs,Valencia,1xXA4q3OJuWmVews66yBW6,2Jd4rUFlIWzOrgbaSj1BiD,Keefff,62,2,2020-05-09,day,0,2024-01-08
0.84,0.795,1,-6.932,1,0.255,0.096,0.207,0.0799,0.365,155.928,141538,4,6jqcTZhoq3KMc9LTMaDjeR,I Ain't See (Station X Riddim),1xXA4q3OJuWmVews66yBW6,1UofgHnwA2w0Ae2psOv8rN,Trinidad Ghost,2530,23,2020-01-04,day,22,2024-01-08
0.639,0.653,2,-8.048,1,0.374,0.0674,0.0,0.0852,0.637,65.233,159278,3,0VkbeCLm5CuZMTxIKBFet7,Evilous Evil Head,1xXA4q3OJuWmVews66yBW6,"4DbFUy6A1B8aJuNKjrQX3k,1VtmimFS8azpaBo1T1eekk","Tafari,Heze From 3","6287,15","9,0",2020-09-16,day,3,2024-01-08
0.516,0.385,2,-11.737,0,0.539,0.692,0.0,0.12,0.413,73.426,240065,4,66zFvu2hDHi7T0IMh67i9k,Life Is Real,1xXA4q3OJuWmVews66yBW6,1XK7JEkEviy2mcbi1ljpaR,Zebee,3085,19,2019-10-03,day,2,2024-01-08
0.561,0.511,10,-6.712,0,0.418,0.0918,0.0,0.175,0.137,89.874,148696,4,1Drho5rNvWwDLuOe1DNdJh,Evilous,1xXA4q3OJuWmVews66yBW6,3r8Hq14XJAyy6K8mlBs2s5,Rebel Sixx,50851,34,2020-04-20,day,6,2024-01-08
0.719,0.546,2,-8.457,1,0.0769,0.549,0.0,0.0761,0.277,99.97,187172,4,2a8k6FIjk3cMKXoLPb7WUM,Faith (Tribute),1xXA4q3OJuWmVews66yBW6,"1HXkVBU6RwIxxN6xuI6b00,3r8Hq14XJAyy6K8mlBs2s5","Squash,Rebel Sixx","164547,50851","43,34",2020-07-24,day,4,2024-01-08
0.612,0.589,5,-7.515,0,0.396,0.776,0.0,0.118,0.474,89.416,146592,4,6fbiZASXcIbNagoYeDGXt3,Please Me,1xXA4q3OJuWmVews66yBW6,"1OOjOZtYpGwVPsLO9SjLxX,1eIXle4BzQymnCdkECuQ0n,7zow5Va8ESrfnxvUF62HRH","Lil Saint,Rheon Elbourne,Icee Dan","55,24,8058","0,0,22",2019-06-05,day,1,2024-01-08
0.709,0.498,1,-6.579,0,0.297,0.664,0.0,0.18,0.498,120.023,141075,5,1zwuTyC3uK90Uueg4rNgjv,You The One,1xXA4q3OJuWmVews66yBW6,7zow5Va8ESrfnxvUF62HRH,Icee Dan,8058,22,2019-05-24,day,0,2024-01-08
0.792,0.548,9,-7.208,0,0.24,0.208,0.0,0.139,0.784,90.047,154728,4,4AEGN3d7ZMDdOZKvHYRivi,Life We Living,1xXA4q3OJuWmVews66yBW6,4DbFUy6A1B8aJuNKjrQX3k,Tafari,6287,9,2019-10-23,day,20,2024-01-08
0.749,0.641,9,-3.795,1,0.326,0.325,0.0,0.241,0.564,65.574,195918,5,7a2Bbv6FHHZVrhxEAnwxrN,Rich Badness,1xXA4q3OJuWmVews66yBW6,1XK7JEkEviy2mcbi1ljpaR,Zebee,3085,19,2020-08-25,day,1,2024-01-08
0.862,0.293,10,-11.888,0,0.311,0.357,0.0,0.102,0.0374,98.137,244938,4,1eqQuyznSZKVYdQAeWgRRH,People Fi Dead,1xXA4q3OJuWmVews66yBW6,3r8Hq14XJAyy6K8mlBs2s5,Rebel Sixx,50851,34,2019-04-26,day,3,2024-01-08
0.565,0.592,7,-9.01,0,0.339,0.186,0.0,0.11,0.426,105.108,195750,3,0pDVNW47UZTafqjJIjo47I,Oui,1xXA4q3OJuWmVews66yBW6,7IbkKTNpBj7MORRdt3oge3,Zerimar,30169,34,2020-09-18,day,34,2024-01-08
0.649,0.448,8,-11.566,1,0.125,0.591,0.0,0.0974,0.799,101.561,175385,4,74Yyr0J0xpts1m9Q3GvkrI,Whine,1xXA4q3OJuWmVews66yBW6,7zow5Va8ESrfnxvUF62HRH,Icee Dan,8058,22,2020-09-04,day,0,2024-01-08
0.7,0.531,11,-8.199,0,0.414,0.112,0.0,0.0889,0.354,106.254,156291,4,7BMJOrjWXZVUrXmXdvQHFl,Ride,1xXA4q3OJuWmVews66yBW6,7zow5Va8ESrfnxvUF62HRH,Icee Dan,8058,22,2020-08-15,day,1,2024-01-08
0.62,0.664,10,-8.196,0,0.355,0.333,0.0,0.186,0.469,67.296,155324,5,1SDEd5rIFAJ97SAMDJLdBt,Psycho,1xXA4q3OJuWmVews66yBW6,3ATKkAzfZsIJuoCnOepK67,Trigger Dan,1834,6,2020-07-05,day,2,2024-01-08
0.55,0.703,10,-7.397,0,0.198,0.88,0.0,0.156,0.707,67.258,148846,3,5AfBv5pSCCcQh0rxu8xyAA,Different War,1xXA4q3OJuWmVews66yBW6,3ATKkAzfZsIJuoCnOepK67,Trigger Dan,1834,6,2020-09-08,day,1,2024-01-08
0.626,0.504,2,-12.469,1,0.218,0.208,0.0,0.1,0.0788,99.81,218448,4,6ybgTHPG4YWLxApMKcZdpk,Ghetto Icon,1xXA4q3OJuWmVews66yBW6,7zow5Va8ESrfnxvUF62HRH,Icee Dan,8058,22,2020-09-27,day,2,2024-01-08
0.684,0.617,5,-4.921,0,0.399,0.118,0.0,0.129,0.863,97.993,177860,4,4lhbdhcIpTquXaQ0gCXojl,Demand It,1xXA4q3OJuWmVews66yBW6,3r8Hq14XJAyy6K8mlBs2s5,Rebel Sixx,50851,34,2020-10-14,day,14,2024-01-08
0.576,0.465,7,-9.552,0,0.291,0.599,0.0,0.124,0.734,105.174,193442,4,3PCchAf4S307L11wsafOOv,Evil Head,1xXA4q3OJuWmVews66yBW6,1AAfBSGnu3LdmP1rBKAZpq,Toppy Boss,650,2,2020-01-13,day,11,2024-01-08
0.792,0.565,0,-8.386,1,0.186,0.403,0.0,0.15,0.422,100.176,154044,4,1rFQ67V4HfIUUF3Vq0O9tJ,Grim,1xXA4q3OJuWmVews66yBW6,5tr6GdAE9bwCqYuLXUwIhd,Toppy Boss,8031,4,2020-08-12,day,2,2024-01-08
0.737,0.52,7,-6.455,0,0.105,0.708,0.0,0.112,0.213,97.044,257320,4,7hkcBeigGdPkXsjzB7991k,Freak,1xXA4q3OJuWmVews66yBW6,7tnzhcb2y0dtPFIFVTp0A4,Tafari,26094,22,2021-01-01,day,5,2024-01-08
0.817,0.705,0,-5.748,1,0.268,0.465,0.0,0.124,0.672,107.982,201091,4,6OmOeqJwNiL29Tgd1WdzWi,Rum in Meh Veins,1xXA4q3OJuWmVews66yBW6,"6r9ZI8cFoP2cbszW50tdJj,6CxUKwVnCBKKP60XMvnMOL","Ravi B,Jahllano","18015,20037","31,25",2021-01-17,day,24,2024-01-08
0.604,0.829,5,0.568,0,0.29,0.808,0.0,0.103,0.778,101.172,140769,4,2DIUny4bgNph7aqF5vAkmS,Blow My Mind,1xXA4q3OJuWmVews66yBW6,7zow5Va8ESrfnxvUF62HRH,Icee Dan,8058,22,2020-04-15,day,2,2024-01-08
0.925,0.423,9,-9.801,0,0.222,0.759,0.0,0.102,0.408,109.999,206273,4,0W0xBaJxNGXyBlLcKAgTbe,Faker,1xXA4q3OJuWmVews66yBW6,2Jd4rUFlIWzOrgbaSj1BiD,Keefff,62,2,2021-05-30,day,0,2024-01-08
0.942,0.623,7,-10.335,1,0.366,0.0517,0.0,0.112,0.614,110.031,123818,4,2UTtcAdKH5wskTWDssJB5e,GPS (Brawling Riddim Single) [feat. Melick],1xXA4q3OJuWmVews66yBW6,"4VF0sdPSFLYdVWF6FRK6OK,6PVJT1HLoXJ1czT0699lfX","Father Philis,Melick","9937,258","28,20",2021-05-13,day,15,2024-01-08
0.9,0.593,1,-3.303,0,0.0671,0.613,0.0,0.126,0.791,100.036,127431,4,5W94CNKrD6fJXnCEGsYq9M,Bi6,1xXA4q3OJuWmVews66yBW6,"3r8Hq14XJAyy6K8mlBs2s5,6fanvfSBKMMExePwhUq8Mi","Rebel Sixx,K Lion","50851,40088","34,30",2021-09-10,day,25,2024-01-08
0.605,0.464,0,-6.688,0,0.331,0.491,2.55e-06,0.163,0.697,86.189,258462,5,5ispWd0P9wIvIK37DV9JUz,Bestfriend,1xXA4q3OJuWmVews66yBW6,"2Jv0w50BNaGlwnXpq69HGm,58GP6t4N8aiJkHTOM41ECz","Prince Swanny,Plumpy Boss","112646,21328","43,31",2021-01-14,day,25,2024-01-08
0.965,0.4,0,-9.259,1,0.275,0.169,0.0,0.138,0.464,110.016,141871,4,7K9GTM00JBwsCXAcHqifHj,Double Palm,1xXA4q3OJuWmVews66yBW6,4GG6KG2KY40XjjfyBeYbAo,Shade Mischif,199,4,2020-10-09,day,19,2024-01-08
0.973,0.539,10,-4.326,0,0.127,0.0266,0.0,0.0976,0.5,109.977,141818,4,4hYlMt88kDIIVzbXQg5vkE,Too Much,1xXA4q3OJuWmVews66yBW6,"0EW8oVadcmlxZevZFlPm9P,2kEIOdyvN8XjC6UqysNWJ4","Marzville,Klassik Frescobar","20808,3462","39,32",2021-01-27,day,50,2024-01-08
0.746,0.404,11,-7.537,1,0.472,0.127,9.45e-06,0.0844,0.665,62.178,153652,5,5vJha5pbkQz9TbiVj9uuxf,Grip,1xXA4q3OJuWmVews66yBW6,2Jd4rUFlIWzOrgbaSj1BiD,Keefff,62,2,2022-02-10,day,0,2024-01-08
0.699,0.561,8,-7.564,0,0.435,0.143,0.0,0.0845,0.448,101.969,178887,4,6SeDUJkXTFGmxsT1DSy6GV,Dreams 2 Reality,1xXA4q3OJuWmVews66yBW6,2Jd4rUFlIWzOrgbaSj1BiD,Keefff,62,2,2022-05-18,day,0,2024-01-08
0.74,0.643,8,-5.827,0,0.227,0.143,2.8e-06,0.135,0.466,96.036,210000,4,52PAf9cKY9TiHRGdzKb1OV,Elevate,1xXA4q3OJuWmVews66yBW6,7c8WSGTjxRP9sOob1KukJA,Kalonji,33554,29,2022-11-04,day,15,2024-01-08
0.802,0.638,10,-5.172,0,0.0444,0.0969,0.0,0.188,0.57,99.978,144000,4,38tOkZh9N1aZXc9QzbrIEe,Boogeyman,1xXA4q3OJuWmVews66yBW6,0JSBUUBuT8pbdbw1UZggSY,Tefflon,19249,28,2020-07-19,day,2,2024-01-08
0.536,0.616,1,-7.575,1,0.102,0.684,0.0,0.125,0.351,99.77,158108,4,2vzHS4tKhm912jcDbdeA5v,Up Now,1xXA4q3OJuWmVews66yBW6,5np2XqLanbxQzpEVFG0big,Kman 6ixx,16819,40,2023-05-13,day,35,2024-01-08
0.799,0.311,5,-13.169,0,0.12,0.229,0.0,0.0866,0.481,98.021,219216,4,6fYDIPTR9FMe7CxrabdbX0,Traitor (Kman x Tman),1xXA4q3OJuWmVews66yBW6,2Tfe5UdBBWDTGkGwPzblJQ,Toby Boss Ent,4612,28,2023-08-02,day,41,2024-01-08
0.628,0.57,11,-7.417,0,0.437,0.313,0.0,0.0951,0.479,103.127,187120,4,57Al70gjp2ibIEsNk34wWa,Money Dream,1xXA4q3OJuWmVews66yBW6,4cJGv7y0rQLqGSe4aKrurE,Toppy Boss,3790,13,2022-07-17,day,2,2024-01-08
0.807,0.488,11,-8.403,1,0.334,0.761,0.0,0.102,0.282,92.0,167086,4,4Wr6aufdOtDheONAaAFNCU,Guzman Badness,1xXA4q3OJuWmVews66yBW6,4cJGv7y0rQLqGSe4aKrurE,Toppy Boss,3790,13,2022-07-17,day,19,2024-01-08
0.654,0.448,4,-7.809,0,0.433,0.754,0.00232,0.116,0.235,97.154,160705,4,0SwP37nvGcJ6RUlSxbhEQy,Amazing,1xXA4q3OJuWmVews66yBW6,4cJGv7y0rQLqGSe4aKrurE,Toppy Boss,3790,13,2022-07-17,day,2,2024-01-08
0.538,0.532,6,-9.851,0,0.328,0.324,0.0,0.388,0.545,78.605,183197,1,5xGcS5wd6b4IH3ZVQZAIig,No Emotion,1xXA4q3OJuWmVews66yBW6,4cJGv7y0rQLqGSe4aKrurE,Toppy Boss,3790,13,2022-07-17,day,8,2024-01-08
0.922,0.518,7,-10.764,0,0.269,0.647,0.0,0.113,0.656,104.026,151184,4,6Xi5TKRBjQESe6VoaoyVxc,Dem Na Bad,1xXA4q3OJuWmVews66yBW6,4cJGv7y0rQLqGSe4aKrurE,Toppy Boss,3790,13,2022-07-17,day,12,2024-01-08
0.546,0.502,4,-7.599,0,0.285,0.845,0.0,0.101,0.363,98.306,164696,4,6sQUXuNDaEJAQqrF5NbykN,Do What You Want,1xXA4q3OJuWmVews66yBW6,4cJGv7y0rQLqGSe4aKrurE,Toppy Boss,3790,13,2022-07-17,day,4,2024-01-08
0.789,0.545,6,-7.623,0,0.111,0.911,0.000692,0.0927,0.184,99.008,158977,4,50UrmwrykagLwt96nDvVO3,Money Dance,1xXA4q3OJuWmVews66yBW6,4cJGv7y0rQLqGSe4aKrurE,Toppy Boss,3790,13,2022-07-17,day,2,2024-01-08
0.934,0.518,1,-9.786,1,0.157,0.0911,0.0,0.125,0.596,110.0,144114,4,7e4WSX6T9ibUtKGaEL5Oan,Dirt,1xXA4q3OJuWmVews66yBW6,4cJGv7y0rQLqGSe4aKrurE,Toppy Boss,3790,13,2022-07-17,day,11,2024-01-08
0.832,0.627,4,-8.134,0,0.218,0.236,0.0,0.349,0.511,104.068,136072,4,2UYszZfYYaUTUbi5mFN1qn,Bad Gyal,1xXA4q3OJuWmVews66yBW6,4cJGv7y0rQLqGSe4aKrurE,Toppy Boss,3790,13,2022-07-17,day,4,2024-01-08
0.65,0.456,10,-9.876,1,0.335,0.762,0.0,0.124,0.277,97.825,171939,4,49YmPKwQKpHdVeQyO5dP7J,Demise,1xXA4q3OJuWmVews66yBW6,4cJGv7y0rQLqGSe4aKrurE,Toppy Boss,3790,13,2022-07-17,day,2,2024-01-08
0.716,0.344,6,-13.812,0,0.264,0.752,0.0,0.118,0.246,80.589,173750,4,6nZpeIeAXxjuuENpGuDefg,Me U & Hennessy,1xXA4q3OJuWmVews66yBW6,4cJGv7y0rQLqGSe4aKrurE,Toppy Boss,3790,13,2022-07-17,day,1,2024-01-08
0.823,0.68,1,-6.181,1,0.0562,0.264,0.0,0.079,0.453,106.023,165617,4,4nG6oQfr42Y2kLjO4Fps7u,24/7,1xXA4q3OJuWmVews66yBW6,4cJGv7y0rQLqGSe4aKrurE,Toppy Boss,3790,13,2022-07-17,day,3,2024-01-08
0.916,0.54,4,-8.787,0,0.459,0.401,0.0,0.0805,0.366,102.972,146924,4,13OUrVhfwOj8vnycpuWIZL,Fck With Me (Bonus),1xXA4q3OJuWmVews66yBW6,"4cJGv7y0rQLqGSe4aKrurE,0D5XTChITuxHH4nwPHE5hA","Toppy Boss,Magic D One Don","3790,4","13,0",2022-07-17,day,5,2024-01-08
0.511,0.73,9,-5.953,0,0.205,0.508,0.0,0.171,0.304,98.98,131465,4,7hoU8L56XG8331qY1JxnjR,Fully 6ixx,1xXA4q3OJuWmVews66yBW6,"1HXkVBU6RwIxxN6xuI6b00,5Pe4MqEuPta6GdCDxzoosc","Squash,Kman 6ixx","164547,140","43,24",2023-08-27,day,31,2024-01-08
0.613,0.5,1,-8.509,1,0.43,0.165,0.0,0.0822,0.237,63.96,190588,5,0WHdRbiGEWKWeNK8ikOM4q,Pearly Gates,1xXA4q3OJuWmVews66yBW6,7c8WSGTjxRP9sOob1KukJA,Kalonji,33554,29,2023-11-30,day,21,2024-01-08
0.797,0.532,1,-10.199,1,0.223,0.00559,0.000257,0.145,0.269,104.041,166154,4,5DiwOLjjbSdEIBYnQo44g0,Trauma,1xXA4q3OJuWmVews66yBW6,7c8WSGTjxRP9sOob1KukJA,Kalonji,33554,29,2023-11-11,day,20,2024-01-08
0.509,0.496,5,-7.149,0,0.0965,0.093,0.0,0.15,0.196,127.9,180619,5,3D3fT3svjweAH7mF6q91WX,Feel,1xXA4q3OJuWmVews66yBW6,7c8WSGTjxRP9sOob1KukJA,Kalonji,33554,29,2023-11-11,day,22,2024-01-08
0.517,0.322,2,-12.718,1,0.277,0.272,0.0,0.117,0.145,98.012,156735,4,1MhIHkpxAMUx2jyw1oZzbo,Yard,1xXA4q3OJuWmVews66yBW6,7c8WSGTjxRP9sOob1KukJA,Kalonji,33554,29,2023-11-11,day,20,2024-01-08
0.752,0.483,2,-8.375,1,0.395,0.07,0.0,0.072,0.0812,101.923,171765,4,3hFds1SqIt8mM82L590vbJ,No Evil,1xXA4q3OJuWmVews66yBW6,7c8WSGTjxRP9sOob1KukJA,Kalonji,33554,29,2023-11-11,day,22,2024-01-08
0.614,0.522,8,-7.123,1,0.318,0.0918,0.0,0.115,0.247,138.826,169038,5,0t1URmo8uWlHf2eUCUYLK2,Violent,1xXA4q3OJuWmVews66yBW6,7c8WSGTjxRP9sOob1KukJA,Kalonji,33554,29,2023-11-11,day,22,2024-01-08
0.693,0.593,6,-6.72,1,0.393,0.106,0.000667,0.121,0.446,134.319,213861,5,4OTmKDzQ657T7eFLvKOjwo,Drag Lord,1xXA4q3OJuWmVews66yBW6,7c8WSGTjxRP9sOob1KukJA,Kalonji,33554,29,2023-11-11,day,25,2024-01-08
0.655,0.433,9,-13.346,0,0.314,0.0518,0.0,0.124,0.372,127.868,125000,5,2Ms99UFiBFYi5VqRV1F0sJ,Patience,1xXA4q3OJuWmVews66yBW6,7c8WSGTjxRP9sOob1KukJA,Kalonji,33554,29,2023-11-11,day,19,2024-01-08
0.631,0.416,5,-8.95,1,0.0562,0.109,0.0,0.522,0.45,100.075,175200,4,6aeBuyPo82e1qahtzGpxWY,Take Control,1xXA4q3OJuWmVews66yBW6,7c8WSGTjxRP9sOob1KukJA,Kalonji,33554,29,2023-11-11,day,17,2024-01-08
0.707,0.494,10,-8.226,1,0.283,0.0936,0.0,0.103,0.14,102.03,174118,4,3BO8mMTaDHJUTJADfILDX8,Grateful,1xXA4q3OJuWmVews66yBW6,7c8WSGTjxRP9sOob1KukJA,Kalonji,33554,29,2023-11-11,day,17,2024-01-08
0.677,0.682,9,-6.879,1,0.0361,0.0405,0.0,0.0351,0.875,106.279,192107,4,0BBOLOV5JntPL3341swIre,Turn Me On,37i9dQZF1EQqoytXQhz8dz,1GaBsp1ICIp1e6udgE7fba,Kevin Lyttle,92191,56,2004-03-30,day,71,2024-01-08
0.591,0.843,0,-5.196,1,0.148,0.0305,0.0,0.297,0.836,134.325,214455,5,6bOLRTULQUiXeVnxOIPZVA,Gyal You a Party Animal,37i9dQZF1EQqoytXQhz8dz,5sK8BsvyDl4TFA6KaBf8or,Charly Black,337434,58,2015,year,69,2024-01-08
0.67,0.823,1,-2.24,0,0.295,0.14,0.0,0.311,0.655,105.739,141226,4,4lqqbSHGGR5BRtnmnky00G,Shen Yeng Anthem,37i9dQZF1EQqoytXQhz8dz,1OFOShsIbhy1l5x73yuVyB,Shenseea,646196,61,2018-05-25,day,69,2024-01-08
0.816,0.875,7,-2.499,1,0.184,0.187,0.0,0.0346,0.952,100.967,173465,4,30mNHDOw7qD5SF8tBeuPpu,Bruk Off Yuh Back,37i9dQZF1EQqoytXQhz8dz,3nwYsifpwrKmCIpw4i0HDW,Konshens,465320,63,2016-12-22,day,63,2024-01-08
0.606,0.61,2,-5.279,1,0.392,0.424,0.0,0.165,0.685,129.989,136827,5,7yJG5oJwYfom8AVXDcgFLx,Gal Policy,37i9dQZF1EQqoytXQhz8dz,1LKo6ZA3RNvKtLa6zDu32S,Kranium,215862,55,2020-06-16,day,63,2024-01-08
0.692,0.854,3,-5.722,1,0.238,0.272,0.0,0.0773,0.924,199.88,189813,4,3No90yqhFHg1vcFCHrCR6b,Settle Down (Destiny),37i9dQZF1EQqoytXQhz8dz,0eezS9KmhdjGN436RdTIXu,Mavado,572722,54,2012-02-16,day,53,2024-01-08
0.698,0.665,2,-6.612,1,0.305,0.345,0.0,0.113,0.554,133.294,163800,5,6NSRwKmFyhNGPy54LWpFUv,Ocean Wave,37i9dQZF1EQqoytXQhz8dz,2LIAgeQ5NZurwixfoG3CWZ,Alkaline,491418,55,2021-05-14,day,54,2024-01-08
0.623,0.481,1,-7.26,1,0.33,0.307,0.0,0.138,0.514,123.057,185066,5,6oBtzGQSirafwnRDNlloMl,My Type,37i9dQZF1EQqoytXQhz8dz,62DmErcU7dqZbJaDqwsqzR,Popcaan,1010978,64,2018-03-09,day,62,2024-01-08
0.623,0.678,1,-5.452,0,0.243,0.285,0.0,0.172,0.781,175.682,212727,4,4U131kkXsYORtAu8rPSsPd,Happy Pum Pum,37i9dQZF1EQqoytXQhz8dz,2NUz5P42WqkxilbI8ocN76,Vybz Kartel,1269911,63,2014-04-29,day,53,2024-01-08
0.672,0.711,11,-4.652,0,0.316,0.14,0.0,0.151,0.759,86.747,221867,4,3u25dhBZ80h0TFewO29Wqb,Cant Satisfy Her,37i9dQZF1EQqoytXQhz8dz,3HQIkVkhoARQMb0XlvyUKL,I Wayne,174020,44,2006-08-01,day,61,2024-01-08
0.817,0.699,10,-5.379,0,0.355,0.216,0.000112,0.115,0.664,101.101,168751,4,4tw57jakL7TFEdZ4bUohP1,Hard Drive,37i9dQZF1EQqoytXQhz8dz,"1OFOShsIbhy1l5x73yuVyB,3nwYsifpwrKmCIpw4i0HDW,1fctva4kpRbg2k3v7kwRuS","Shenseea,Konshens,Rvssian","646196,465320,2520986","61,63,65",2018-06-15,day,55,2024-01-08
0.892,0.754,9,-7.06,1,0.196,0.259,0.0,0.0605,0.708,99.959,182415,4,62wwjwCgRm2WVFQUgISepy,Backaz,37i9dQZF1EQqoytXQhz8dz,0af5VM6xubf8EXKvoG35x6,Demarco,343981,48,2016-10-07,day,51,2024-01-08
0.83,0.741,4,-3.636,1,0.278,0.209,0.0,0.115,0.436,97.91,197642,4,2e6exwwqtvFp1JbLT73zQf,Certain Law,37i9dQZF1EQqoytXQhz8dz,1pmixngtBJleMrGUG5o8DE,Mr. Vegas,351049,54,2012-05-29,day,49,2024-01-08
0.691,0.707,0,-5.12,1,0.207,0.45,0.0,0.075,0.818,66.681,179973,3,5DuH0tZGEcsDhrSrQsrKD8,Last Night,37i9dQZF1EQqoytXQhz8dz,1LKo6ZA3RNvKtLa6zDu32S,Kranium,215862,55,2018-05-31,day,51,2024-01-08
0.539,0.554,10,-6.204,0,0.334,0.613,2.6e-06,0.119,0.748,198.477,215295,4,3cZVPn99tKQBMM5f2bjy6O,Extra Lesson,37i9dQZF1EQqoytXQhz8dz,2LIAgeQ5NZurwixfoG3CWZ,Alkaline,491418,55,2016-11-11,day,49,2024-01-08
0.717,0.637,11,-4.441,0,0.0942,0.0196,1.65e-05,0.195,0.497,127.098,200000,5,48RxnStoXfZsH0hWuWiJ3C,Come Home,37i9dQZF1EQqoytXQhz8dz,2NUz5P42WqkxilbI8ocN76,Vybz Kartel,1269911,63,2019-01-25,day,52,2024-01-08
0.628,0.754,11,-8.777,1,0.472,0.21,0.0,0.12,0.57,86.194,196000,4,4PaV16f3DUo9QxbQMUzMKH,Who Am I,37i9dQZF1EQqoytXQhz8dz,4L3GTE04bW5N7azA9QPhjA,Beenie Man,486719,58,1997,year,60,2024-01-08
0.696,0.684,10,-2.47,1,0.0848,0.215,1.05e-06,0.104,0.556,109.507,193171,5,4Lv6Jh52ZV2T7Zfr9KMsul,FOREVER,37i9dQZF1EQqoytXQhz8dz,28UDeKu2FPrU0T7dpUiSGY,Dexta Daps,369005,55,2023-01-12,day,56,2024-01-08
0.772,0.658,1,-5.612,0,0.226,0.0622,0.0,0.0997,0.16,129.345,183093,5,53rvxSNmKhy7wMAAygyYWr,Moments,37i9dQZF1EQqoytXQhz8dz,"2Gzy8TYJ5xrEMDyUjZuDsK,2ExGrw6XpbtUAJHTLtUXUD","Masicka,Stefflon Don","337189,1176066","56,64",2021-12-03,day,53,2024-01-08
0.614,0.793,8,-4.766,1,0.399,0.41,0.0,0.198,0.884,137.713,145030,5,254GHWybHAnmmzB70OC690,Puppy Tail,37i9dQZF1EQqoytXQhz8dz,0af5VM6xubf8EXKvoG35x6,Demarco,343981,48,2014-09-09,day,41,2024-01-08
0.598,0.579,8,-7.427,0,0.393,0.174,0.00509,0.0927,0.657,66.633,160725,3,5HaRoqxb0Y4aMW347qhTPG,Brik Pan Brik,37i9dQZF1EQqoytXQhz8dz,5FkUhnHQ0KC63549LHHtst,Skillibeng,325197,59,2019-10-04,day,55,2024-01-08
0.754,0.702,10,-8.033,0,0.0429,0.0275,0.0,0.0619,0.736,95.998,228360,4,6nGwWIh0ATJqK9cXbLqDw8,Everyone Falls in Love,37i9dQZF1EQqoytXQhz8dz,4mVpYIVAOE8sEdYuL8HDpd,Tanto Metro & Devonte,65266,42,1999-08-17,day,59,2024-01-08
0.624,0.852,7,-2.869,0,0.255,0.306,2.56e-06,0.063,0.904,104.275,219450,4,2Ber0bp0wzCccLUHGOPGsu,Wine to Di Top,37i9dQZF1EQqoytXQhz8dz,2NUz5P42WqkxilbI8ocN76,Vybz Kartel,1269911,63,2017-01-17,day,47,2024-01-08
0.674,0.56,5,-7.083,0,0.0577,0.225,1.65e-05,0.109,0.637,90.051,170342,4,4NyatePmYhGnPQJqfg94Mg,Mad Luv,37i9dQZF1EQqoytXQhz8dz,2LIAgeQ5NZurwixfoG3CWZ,Alkaline,491418,55,2023-02-17,day,50,2024-01-08
0.818,0.693,7,-5.631,1,0.133,0.158,0.0,0.124,0.554,100.011,210413,4,6S0nwCOEAftiihy73YVDnl,I Love My Life,37i9dQZF1EQqoytXQhz8dz,0af5VM6xubf8EXKvoG35x6,Demarco,343981,48,2011-11-21,day,57,2024-01-08
0.757,0.78,1,-5.038,1,0.319,0.0811,0.0,0.113,0.589,97.917,232507,4,56m8Wv3qRBfwLuO08GtfHs,Like Glue,37i9dQZF1EQqoytXQhz8dz,3Isy6kedDrgPYoTS1dazA9,Sean Paul,4538278,78,2022-11-11,day,67,2024-01-08
0.858,0.735,1,-4.854,1,0.329,0.0344,1.41e-06,0.468,0.364,108.019,145813,4,3eKLbe124mzIRFPuwCnJAD,Blessed (with Tyga),37i9dQZF1EQqoytXQhz8dz,"1OFOShsIbhy1l5x73yuVyB,5LHRHt1k9lMyONurDHEdrp","Shenseea,Tyga","646196,6848796","61,78",2022-03-11,day,59,2024-01-08
0.597,0.422,1,-7.781,1,0.253,0.324,1.33e-05,0.143,0.207,114.68,248760,5,0muoEUma4wqDlX4mrjenWl,Wet (feat. Fridayy),37i9dQZF1EQqoytXQhz8dz,"2Gzy8TYJ5xrEMDyUjZuDsK,7sP4SQ0WY6jfps1I19Ot7i","Masicka,Fridayy","337189,105289","56,64",2023-12-01,day,49,2024-01-08
0.75,0.706,10,-8.481,0,0.095,0.722,0.0,0.101,0.728,92.071,207048,4,0ANTPHMeOjPIyfGHiKDGU9,Things Mi Love,37i9dQZF1EQqoytXQhz8dz,"2LIAgeQ5NZurwixfoG3CWZ,3xE5Mbgql6pnTTaTifw8UX","Alkaline,Notnice","491418,9426","55,40",2013-05-06,day,50,2024-01-08
0.693,0.644,6,-5.87,1,0.212,0.381,0.0,0.126,0.829,100.262,152995,4,3D8IYeD8H1poBVjPn7sSID,Clean,37i9dQZF1EQqoytXQhz8dz,62DmErcU7dqZbJaDqwsqzR,Popcaan,1010978,64,2012-06-26,day,41,2024-01-08
0.539,0.707,9,-10.265,0,0.144,0.443,7.02e-06,0.11,0.356,102.062,232941,4,2EzOnr5nMY6fO8OOEu19D1,"Bad Gyal (feat. Skillibeng, Jucee Froot & Tommy Lee) [Divas]",37i9dQZF1EQqoytXQhz8dz,"2NUz5P42WqkxilbI8ocN76,5FkUhnHQ0KC63549LHHtst,7BtDOCA9U1krM87JITg6bF,2sfQCt8vryixkiNcBOUlxV","Vybz Kartel,Skillibeng,Jucee Froot,Tommy Lee","1269911,325197,125517,12786","63,59,38,35",2020-06-26,day,52,2024-01-08
0.552,0.618,5,-6.757,0,0.32,0.42,0.0,0.109,0.399,132.765,194586,5,7LRJmZ6G5qHQEG2CGeTCji,We Can (feat. Tory Lanez),37i9dQZF1EQqoytXQhz8dz,"1LKo6ZA3RNvKtLa6zDu32S,2jku7tDXc6XoB6MO2hFuqg","Kranium,Tory Lanez","215862,6302994","55,80",2016-09-23,day,55,2024-01-08
0.666,0.775,8,-3.905,1,0.262,0.632,0.0,0.15,0.643,97.007,175670,4,60lL4yRj6SPNtEBwy7o3Vw,They Don't Know,37i9dQZF1EQqoytXQhz8dz,2Gzy8TYJ5xrEMDyUjZuDsK,Masicka,337189,56,2021-12-03,day,46,2024-01-08
0.634,0.704,5,-6.459,1,0.384,0.0927,0.0,0.0385,0.843,97.635,213840,4,6ocqnSUAMMskrP3yDQdGxZ,WiFi,37i9dQZF1EQqoytXQhz8dz,"28UDeKu2FPrU0T7dpUiSGY,1WypSuVRK0PMIKXvoDLvxh","Dexta Daps,Drumma Boy","369005,17279","55,32",2021-02-12,day,52,2024-01-08
0.567,0.761,1,-6.458,0,0.276,0.0427,1.41e-05,0.18,0.484,99.995,245241,4,11pzZVbS8g6g2tfgSQR4uG,We Caa Done (feat. Drake),37i9dQZF1EQqoytXQhz8dz,"62DmErcU7dqZbJaDqwsqzR,3TVXtAsR1Inumwj472S9r4","Popcaan,Drake","1010978,83626299","64,96",2023-01-27,day,59,2024-01-08
0.782,0.789,3,-3.639,1,0.134,0.299,0.0,0.0665,0.763,102.103,175294,4,0MbAcCLfPNTfINipGYLMsL,Comfortable,37i9dQZF1EQqoytXQhz8dz,0af5VM6xubf8EXKvoG35x6,Demarco,343981,48,2018-01-12,day,35,2024-01-08
0.871,0.748,7,-4.576,1,0.21,0.353,0.0,0.144,0.351,102.0,164732,4,0RvYsYlC2CAHbpu3J8ewXC,Do Di Maths (Wah Do You),37i9dQZF1EQqoytXQhz8dz,2NUz5P42WqkxilbI8ocN76,Vybz Kartel,1269911,63,2014-07-16,day,47,2024-01-08
0.699,0.645,10,-4.591,1,0.206,0.454,0.0,0.135,0.517,173.836,166160,4,3QFOdlIjY2EyjLij20OjdB,Foreplay,37i9dQZF1EQqoytXQhz8dz,1OFOShsIbhy1l5x73yuVyB,Shenseea,646196,61,2019-12-08,day,62,2024-01-08
0.77,0.615,0,-6.272,0,0.353,0.695,0.0,0.119,0.522,116.589,167742,5,2ZLcrPOWX3wTnj2h4NdEWx,Wild n Rich,37i9dQZF1EQqoytXQhz8dz,"2v6V75NbousiJwy2HV44VL,2ZoRuY63B7fzl9HaKjlWoF","450,Weekday","100331,1390","50,44",2023-11-03,day,60,2024-01-08
0.722,0.595,0,-5.559,1,0.34,0.17,0.0,0.0973,0.671,125.081,134400,5,2R6wZFWXBF2rRIbvQirzjP,Section,37i9dQZF1EQqoytXQhz8dz,1LKo6ZA3RNvKtLa6zDu32S,Kranium,215862,55,2022-06-10,day,51,2024-01-08
0.716,0.726,6,-4.773,0,0.312,0.155,0.0,0.106,0.526,133.398,151500,5,2XsFoKg9MJd1mCUtUp4o7M,WOW (feat. Spice),37i9dQZF1EQqoytXQhz8dz,"2Gzy8TYJ5xrEMDyUjZuDsK,1agX5xuqpSUDQ55gkdQbZk","Masicka,Spice","337189,421","56,29",2023-12-01,day,46,2024-01-08
0.606,0.873,1,-3.245,1,0.339,0.246,0.0,0.342,0.61,145.968,168046,5,0Ocz4RqsoxmtwcZjWnjYlp,Fling,37i9dQZF1EQqoytXQhz8dz,351x2S7CduShTNvtzgkMl7,DING DONG,174313,45,2017-05-26,day,48,2024-01-08
0.6,0.583,9,-6.617,0,0.281,0.0918,0.0,0.0992,0.763,126.517,209053,5,00FU5uypELwgQuM9IbFC6G,Give It To Her,37i9dQZF1EQqoytXQhz8dz,4mVpYIVAOE8sEdYuL8HDpd,Tanto Metro & Devonte,65266,42,2005,year,50,2024-01-08
0.615,0.65,8,-6.031,0,0.205,0.0183,0.0,0.135,0.443,171.906,213600,4,6D7jtD4GbpX1ujF1KqPr7Y,Romping Shop (feat. Spice),37i9dQZF1EQqoytXQhz8dz,"2NUz5P42WqkxilbI8ocN76,0wEvWMQRqaXcgnrZv6KtyL","Vybz Kartel,Spice","1269911,476082","63,58",2010-03-09,day,56,2024-01-08
0.737,0.706,6,-5.716,1,0.122,0.204,5.18e-05,0.0927,0.876,189.888,183474,4,3OB8tXG4qxdvs5Y9cZDsMa,Perfect Spot,37i9dQZF1EQqoytXQhz8dz,4RfTXjK9aiiIKDaKUHpL57,Busy Signal,578753,57,2019-06-07,day,48,2024-01-08
0.759,0.609,7,-5.448,0,0.353,0.289,0.0,0.183,0.402,134.685,173740,5,5CdbxsfDbD8Xy8SSVLyvrA,Crawsis,37i9dQZF1EQqoytXQhz8dz,"2v6V75NbousiJwy2HV44VL,6ilIhmo2Ijzq3BnKuxf2KQ","450,Shaneil Muir","100331,93417","50,40",2023-04-14,day,52,2024-01-08
0.603,0.577,8,-6.79,1,0.201,0.246,0.0,0.136,0.444,84.75,195412,4,3pxyhIYbscDOOA8ZiksLQL,Suicide Note,37i9dQZF1EQqoytXQhz8dz,2Gzy8TYJ5xrEMDyUjZuDsK,Masicka,337189,56,2021-12-03,day,45,2024-01-08
0.72,0.717,10,-6.565,1,0.247,0.014,4.45e-06,0.104,0.453,99.098,217024,4,0aVoXMbwzqgnW1H79Hm0h6,Body So Good,37i9dQZF1EQqoytXQhz8dz,62DmErcU7dqZbJaDqwsqzR,Popcaan,1010978,64,2018-07-20,day,41,2024-01-08
0.7,0.797,1,-5.054,1,0.14,0.453,1.16e-06,0.223,0.43,108.893,213394,4,3gL7eEGrS5yCKuwtqtNUNX,Deep Sleep,37i9dQZF1EQqoytXQhz8dz,2LIAgeQ5NZurwixfoG3CWZ,Alkaline,491418,55,2018-11-02,day,35,2024-01-08
0.67,0.515,1,-6.977,1,0.397,0.0705,0.0,0.25,0.422,122.006,270867,4,7y911sqgHGHcyU4ivapjwi,All Me,62y3BHKehWnb1hlaPclDAA,"3TVXtAsR1Inumwj472S9r4,17lzZA2AlOHwCwFALHttmp,0c173mlxpT3dSFRgMO8XPh","Drake,2 Chainz,Big Sean","83626299,8017349,11115824","96,75,75",2013-01-01,day,67,2024-01-08
0.889,0.4,4,-10.586,0,0.26,0.322,1.32e-05,0.331,0.336,128.073,301064,4,0Thqjtu54vKMP06pwZkAWp,G.O.M.D,62y3BHKehWnb1hlaPclDAA,6l3HvQ5sa6mXTsMTB19rO5,J. Cole,22394288,86,2014-12-09,day,75,2024-01-08
0.681,0.314,8,-9.319,1,0.0581,0.2,9.82e-06,0.1,0.166,139.992,208120,4,6mapJIPnQ23RTAevUoE0DL,Swang,62y3BHKehWnb1hlaPclDAA,7iZtZyCzp3LItcw1wtPI3D,Rae Sremmurd,7361248,71,2016-08-12,day,77,2024-01-08
0.634,0.665,6,-5.984,0,0.176,0.0172,0.0,0.365,0.611,131.108,237827,4,6j9iyrrmqWlQZ5SD1hSTaq,No Lie,62y3BHKehWnb1hlaPclDAA,"17lzZA2AlOHwCwFALHttmp,3TVXtAsR1Inumwj472S9r4","2 Chainz,Drake","8017349,83626299","75,96",2012-01-01,day,62,2024-01-08
0.793,0.498,8,-11.208,0,0.17,0.0974,1.26e-05,0.13,0.427,119.988,190653,4,6Nw1WHydftZy2joT2nTiCR,Nobody's Perfect,62y3BHKehWnb1hlaPclDAA,"6l3HvQ5sa6mXTsMTB19rO5,2wIVse2owClT7go1WT98tk","J. Cole,Missy Elliott","22394288,2364592","86,70",2011-09-27,day,69,2024-01-08
0.816,0.557,3,-6.494,0,0.271,0.156,0.0,0.189,0.87,76.026,189524,4,59OeNCL9JB3lCAdxMFSrkd,Dollar Signs,62y3BHKehWnb1hlaPclDAA,4u9WaJBNzimHp8AelXdgO7,Barry Hunter,99,4,2019-10-18,day,20,2024-01-08
0.871,0.743,2,-5.442,1,0.277,0.00212,0.0,0.141,0.576,130.977,278827,4,7EZPH9Px3gXlxD5KJDwtwc,Bandz A Make Her Dance (feat. Lil' Wayne & 2 Chainz),62y3BHKehWnb1hlaPclDAA,"5gCRApTajqwbnHHPbr2Fpi,55Aa2cqylxrFIXC767Z865,17lzZA2AlOHwCwFALHttmp","Juicy J,Lil Wayne,2 Chainz","3138996,14232381,8017349","72,85,75",2013-08-23,day,64,2024-01-08
0.587,0.698,1,-8.948,1,0.0943,0.0152,0.0,0.442,0.0985,133.954,310720,4,4Pwjz3DfvfQWV0rO2V8jyh,"Bitch, Don’t Kill My Vibe",62y3BHKehWnb1hlaPclDAA,2YZyLoL8N0Wb9xBt1NhZWg,Kendrick Lamar,26526500,87,2012,year,74,2024-01-08
0.78,0.799,9,-6.359,1,0.15,0.158,0.0,0.209,0.414,109.944,270187,4,48RN2EOOyG2Gs5Pyla7ZJj,Worst Behavior,62y3BHKehWnb1hlaPclDAA,3TVXtAsR1Inumwj472S9r4,Drake,83626299,96,2013-01-01,day,60,2024-01-08
0.546,0.667,1,-5.236,1,0.274,0.0152,0.0,0.0895,0.471,87.666,269693,4,7DTlsMOQjGysXHpwwpHuPl,Lifestyle,62y3BHKehWnb1hlaPclDAA,"5pU9lKGn9IUnVvOCONrcIS,50co4Is1HCEo8bhOyUWKpn,5lHRUCqkQZCIWeX7xG4sYT","Rich Gang,Young Thug,Rich Homie Quan","14138,9355686,2800643","53,83,63",2014-06-05,day,70,2024-01-08
0.779,0.572,6,-9.985,0,0.378,0.157,0.0,0.246,0.647,135.956,300160,4,1zCi4cVFqe6ja16MeGZKRN,Poetic Justice,62y3BHKehWnb1hlaPclDAA,"2YZyLoL8N0Wb9xBt1NhZWg,3TVXtAsR1Inumwj472S9r4","Kendrick Lamar,Drake","26526500,83626299","87,96",2012,year,57,2024-01-08
0.475,0.882,11,-3.883,1,0.351,0.406,0.0,0.241,0.369,98.001,279307,4,1ia019RqDK2o4QiANR1Dyn,Moment 4 Life,62y3BHKehWnb1hlaPclDAA,"0hCNtLu0JehylgoiP8L4Gh,3TVXtAsR1Inumwj472S9r4","Nicki Minaj,Drake","30496118,83626299","88,96",2010-01-01,day,74,2024-01-08
0.794,0.51,9,-7.314,1,0.42,0.0505,1.81e-06,0.0562,0.18,167.879,194561,4,19gEmPjfqSZT0ulDRfjl0m,Hot N*gga,62y3BHKehWnb1hlaPclDAA,34Y0ldeyUv7jBvukWOGASO,Bobby Shmurda,1494221,56,2014-07-25,day,73,2024-01-08
0.943,0.528,1,-5.565,1,0.168,0.0119,0.0,0.147,0.298,120.068,319724,4,32a5eLrlrKiXrqb1D16CUY,No Flex Zone - Remix,62y3BHKehWnb1hlaPclDAA,"7iZtZyCzp3LItcw1wtPI3D,0hCNtLu0JehylgoiP8L4Gh,0ONHkAv9pCAFxb0zJwDNTy","Rae Sremmurd,Nicki Minaj,Pusha T","7361248,30496118,2882949","71,88,72",2014-01-01,day,52,2024-01-08
0.709,0.589,8,-7.776,0,0.0433,0.0507,0.0,0.0585,0.58,133.922,278067,3,29gsi1zZrZxdStACmTQB0Z,Studio,62y3BHKehWnb1hlaPclDAA,"5IcR3N7QB1j6KBL8eImZ8m,07d5etnpjriczFBB8pxmRe","ScHoolboy Q,BJ The Chicago Kid","4616817,442935","70,58",2014-01-01,day,70,2024-01-08
0.801,0.491,0,-9.088,1,0.0545,0.0938,9.35e-05,0.193,0.822,125.051,220800,4,5BtNw7uJInbyzt5gC1zODz,Sade In The 90s,62y3BHKehWnb1hlaPclDAA,4o4tLTIJ3eWMFerz73atcT,Qveen Herby,584377,54,2018-06-08,day,51,2024-01-08
0.559,0.716,11,-3.964,0,0.39,0.737,0.0,0.252,0.504,176.618,275227,4,4jtyUzZm9WLc2AdaJ1dso7,0 To 100 / The Catch Up,62y3BHKehWnb1hlaPclDAA,3TVXtAsR1Inumwj472S9r4,Drake,83626299,96,2013-07-14,day,72,2024-01-08
0.844,0.491,10,-8.807,0,0.17,0.272,0.0,0.111,0.196,91.935,337640,4,6t2eIONH4Sax3R21QWiKNp,Believe Me,62y3BHKehWnb1hlaPclDAA,"55Aa2cqylxrFIXC767Z865,3TVXtAsR1Inumwj472S9r4","Lil Wayne,Drake","14232381,83626299","85,96",2014-05-28,day,62,2024-01-08
0.632,0.73,6,-5.895,0,0.245,0.00316,0.0,0.397,0.762,76.067,315320,4,6klZDCEsQzMELAPyovvpUw,Every Girl,62y3BHKehWnb1hlaPclDAA,5OrB6Jhhrl9y2PK0pSV4VP,Young Money,2999342,61,2009-01-01,day,54,2024-01-08
0.769,0.611,8,-2.85,1,0.039,0.098,0.0,0.221,0.0901,144.037,243333,4,2Vevs2eAQNNb7NTpKj5kqA,Cut Her Off,62y3BHKehWnb1hlaPclDAA,"5bgfj5zUoWpyeVatGDjn6H,17lzZA2AlOHwCwFALHttmp","K CAMP,2 Chainz","1658847,8017349","58,75",2014-04-22,day,54,2024-01-08
0.68,0.411,9,-9.761,1,0.434,0.0336,0.0,0.0889,0.161,193.131,233515,4,7ngdkrVQPgP3AoIxUrTpHT,Who Do You Love?,62y3BHKehWnb1hlaPclDAA,"0A0FS04o6zMoto8OKPsDwY,3TVXtAsR1Inumwj472S9r4","YG,Drake","3205645,83626299","72,96",2014-03-18,day,71,2024-01-08
0.863,0.705,8,-6.202,1,0.31,0.05,2.21e-05,0.524,0.599,145.099,189013,4,1PNGJBI1Lx0h8QCpkHKZLU,Tom Ford,62y3BHKehWnb1hlaPclDAA,3nFkdlSjzX9mRTtwJOzDYB,JAY-Z,8801570,82,2013-07-04,day,52,2024-01-08
0.749,0.865,3,-5.228,1,0.0413,0.00536,0.0,0.198,0.371,111.914,216027,4,4y2bMYA83ZNN3pW47ZOgmr,Man Of The Year,62y3BHKehWnb1hlaPclDAA,5IcR3N7QB1j6KBL8eImZ8m,ScHoolboy Q,4616817,70,2014-01-01,day,34,2024-01-08
0.869,0.626,11,-4.832,1,0.126,0.0754,0.0,0.0776,0.316,131.075,340480,4,7GEidxhfGNteiW9n0kLyxH,"Move That Dope (feat. Pharrell, Pusha T & Casino)",62y3BHKehWnb1hlaPclDAA,"1RyvyyTE3xzB2ZywiAwp0i,2RdwBSPQiwcmiDo9kixcl8,0ONHkAv9pCAFxb0zJwDNTy,1Q9yutXUVHodDxHIacpEMT","Future,Pharrell Williams,Pusha T,Casino","15692678,4336597,2882949,4948","88,78,72,33",2014-04-22,day,53,2024-01-08
0.711,0.508,7,-7.299,1,0.0502,0.0355,0.0,0.141,0.663,98.098,217800,4,4q6dqyGM25sKFU8nYAGRe4,Show Me (feat. Chris Brown),62y3BHKehWnb1hlaPclDAA,"6KZDXtSj0SzGOV705nNeh3,7bXgB6jMjp9ATFy66eO08Z","Kid Ink,Chris Brown","2988092,20955452","64,86",2014-01-06,day,71,2024-01-08
0.876,0.675,3,-3.28,0,0.146,0.421,1.16e-06,0.0667,0.606,135.959,240000,4,1jROHCeEzDr6VnV8EnBnik,Stoner,62y3BHKehWnb1hlaPclDAA,50co4Is1HCEo8bhOyUWKpn,Young Thug,9355686,83,2014-02-04,day,49,2024-01-08
0.831,0.651,1,-8.363,1,0.437,0.0125,0.0,0.0809,0.502,120.065,224013,4,3IQgeOgdHIag6mu0mgKRgQ,The Language,62y3BHKehWnb1hlaPclDAA,3TVXtAsR1Inumwj472S9r4,Drake,83626299,96,2013-01-01,day,57,2024-01-08
0.845,0.54,10,-7.864,0,0.127,0.0299,0.0,0.12,0.443,97.516,207267,4,0Nf3vtVBfiayZL7c8r4KBO,Gas Pedal,62y3BHKehWnb1hlaPclDAA,"6d47Z08T4snK50HgTEHo5Z,2ZavqCJe7uqkRpISes0NFi","Sage The Gemini,Iamsu!","866567,277600","61,54",2013-01-01,day,52,2024-01-08
0.606,0.784,7,-6.293,1,0.268,0.435,0.0,0.689,0.48,80.985,278573,4,5gFoAVTN9YlM9uJCrFZtgl,Crooked Smile (feat. TLC),62y3BHKehWnb1hlaPclDAA,"6l3HvQ5sa6mXTsMTB19rO5,0TImkz4nPqjegtVSMZnMRq","J. Cole,TLC","22394288,3817285","86,67",2013-06-18,day,71,2024-01-08
0.556,0.644,6,-5.805,0,0.402,0.0558,2.32e-05,0.35,0.499,140.009,326347,4,671XaUBmifTMXDbZK5CB1M,Mercy.1,62y3BHKehWnb1hlaPclDAA,"5K4W6rqBFWDnAN6FQUkS6x,0c173mlxpT3dSFRgMO8XPh,0ONHkAv9pCAFxb0zJwDNTy,17lzZA2AlOHwCwFALHttmp","Kanye West,Big Sean,Pusha T,2 Chainz","22986248,11115824,2882949,8017349","91,75,72,75",2012-01-01,day,60,2024-01-08
0.684,0.689,11,-4.752,1,0.294,0.0264,0.0,0.0942,0.317,138.147,272707,4,7AzunAhx3JfoHxYS5N6KVx,"TKO (Black Friday Remix) (feat. J. Cole, A$AP Rocky & Pusha T)",62y3BHKehWnb1hlaPclDAA,"31TPClRtHm23RisEBtV3X7,6l3HvQ5sa6mXTsMTB19rO5,13ubrt8QOOCPljQ2FL1Kca,0ONHkAv9pCAFxb0zJwDNTy","Justin Timberlake,J. Cole,A$AP Rocky,Pusha T","13560903,22394288,13299639,2882949","81,86,81,72",2013-12-11,day,42,2024-01-08
0.85,0.509,6,-9.637,0,0.378,0.147,0.0,0.0759,0.763,134.9,261321,4,6nu35hLc8zsA9bwBpcuf5L,Type of Way,62y3BHKehWnb1hlaPclDAA,5lHRUCqkQZCIWeX7xG4sYT,Rich Homie Quan,2800643,63,2013-04-30,day,58,2024-01-08
0.42,0.651,10,-4.792,0,0.323,0.399,0.0,0.78,0.67,185.986,262857,3,4Z9IvDlREqlkgo7SzMX70q,"U.O.E.N.O. (feat. Future, Rick Ross)",62y3BHKehWnb1hlaPclDAA,0T5OJgMVjKIX3b3W3ekqOl,Rocko,549281,46,2013-03-05,day,28,2024-01-08
0.738,0.547,8,-6.54,1,0.133,0.0522,1.23e-06,0.109,0.306,142.052,284600,4,2kEDuZRwYUoQLIYKpQfKWa,Tapout,62y3BHKehWnb1hlaPclDAA,"5pU9lKGn9IUnVvOCONrcIS,55Aa2cqylxrFIXC767Z865,35sCXuy5gN6Or69rZ9vqBs,18AOdS1Qw4XXnQSiPJQr1B,0hCNtLu0JehylgoiP8L4Gh,1RyvyyTE3xzB2ZywiAwp0i","Rich Gang,Lil Wayne,Birdman,Mack Maine,Nicki Minaj,Future","14138,14232381,1285117,4603,30496118,15692678","53,85,60,47,88,88",2013-01-01,day,61,2024-01-08
0.702,0.677,2,-6.364,1,0.146,0.00589,0.0,0.655,0.25,124.892,307467,4,1jZi8HvWkfWIQcmlxmqber,No New Friends - SFTB Remix,62y3BHKehWnb1hlaPclDAA,"0QHgL1lAIqAw0HtD7YldmP,3TVXtAsR1Inumwj472S9r4,1sBkRIssrMs1AbVkOJbc7a,55Aa2cqylxrFIXC767Z865","DJ Khaled,Drake,Rick Ross,Lil Wayne","10860995,83626299,7103142,14232381","74,96,76,85",2013-01-01,day,42,2024-01-08
0.793,0.524,8,-7.827,1,0.156,0.0319,0.0,0.156,0.579,86.325,174133,4,5DI9jxTHrEiFAhStG7VA8E,Started From the Bottom,62y3BHKehWnb1hlaPclDAA,3TVXtAsR1Inumwj472S9r4,Drake,83626299,96,2013-01-01,day,69,2024-01-08
0.669,0.634,11,-6.476,1,0.0327,0.0125,0.0,0.0946,0.496,124.906,255053,4,2XHzzp1j4IfTNp1FTn7YFg,Love Me,62y3BHKehWnb1hlaPclDAA,"55Aa2cqylxrFIXC767Z865,3TVXtAsR1Inumwj472S9r4,1RyvyyTE3xzB2ZywiAwp0i","Lil Wayne,Drake,Future","14232381,83626299,15692678","85,96,88",2013-01-01,day,87,2024-01-08
0.6,0.592,1,-4.947,1,0.0545,0.0191,0.0,0.0955,0.0663,130.205,269267,4,08ljt6NCNAgewQaMya1URa,Bugatti,62y3BHKehWnb1hlaPclDAA,"31HjiqargV4NAw4GZqUale,1RyvyyTE3xzB2ZywiAwp0i,1sBkRIssrMs1AbVkOJbc7a","Ace Hood,Future,Rick Ross","1850098,15692678,7103142","55,88,76",2013-01-01,day,64,2024-01-08
0.853,0.693,1,-6.87,1,0.275,0.0239,0.0,0.11,0.662,95.967,233787,4,4X5f3vT8MRuXF68pfjNte5,"F**kin' Problems (feat. Drake, 2 Chainz & Kendrick Lamar)",62y3BHKehWnb1hlaPclDAA,"13ubrt8QOOCPljQ2FL1Kca,3TVXtAsR1Inumwj472S9r4,17lzZA2AlOHwCwFALHttmp,2YZyLoL8N0Wb9xBt1NhZWg","A$AP Rocky,Drake,2 Chainz,Kendrick Lamar","13299639,83626299,8017349,26526500","81,96,75,87",2013,year,78,2024-01-08
0.516,0.755,0,-8.868,0,0.351,0.0258,0.0,0.329,0.633,99.764,187907,4,0pgeVJrdNok4KhbiM58ayZ,All Gold Everything,62y3BHKehWnb1hlaPclDAA,0I5HubncQ8E1MFZOlPDY4J,Trinidad James,311213,53,2013-01-01,day,56,2024-01-08
0.577,0.447,8,-5.892,1,0.277,0.00627,0.00022,0.0899,0.189,74.236,247800,4,6REbwUNlppTfcnV4d4ZoZi,Swimming Pools (Drank),62y3BHKehWnb1hlaPclDAA,2YZyLoL8N0Wb9xBt1NhZWg,Kendrick Lamar,26526500,87,2012-01-01,day,83,2024-01-08
0.936,0.702,10,-5.305,1,0.0615,0.0473,0.0,0.0838,0.704,97.524,207040,4,6J5sxraPPZ4b0CVOGAgpXj,I'm Different,62y3BHKehWnb1hlaPclDAA,17lzZA2AlOHwCwFALHttmp,2 Chainz,8017349,75,2012-01-01,day,60,2024-01-08
0.734,0.892,2,-1.856,1,0.125,0.0648,0.0,0.58,0.605,138.031,303533,4,3Jv1XgMPVjdN5xGfnRJ20s,Pop That,62y3BHKehWnb1hlaPclDAA,"6vXTefBL93Dj5IqAWq6OTv,1sBkRIssrMs1AbVkOJbc7a,3TVXtAsR1Inumwj472S9r4,55Aa2cqylxrFIXC767Z865","French Montana,Rick Ross,Drake,Lil Wayne","5255986,7103142,83626299,14232381","73,76,96,85",2013-01-01,day,59,2024-01-08
0.563,0.496,6,-9.381,0,0.406,0.0685,5.8e-05,0.173,0.426,139.993,329320,4,4qikXelSRKvoCqFcHLB2H2,Mercy,62y3BHKehWnb1hlaPclDAA,"5K4W6rqBFWDnAN6FQUkS6x,0c173mlxpT3dSFRgMO8XPh,0ONHkAv9pCAFxb0zJwDNTy,17lzZA2AlOHwCwFALHttmp","Kanye West,Big Sean,Pusha T,2 Chainz","22986248,11115824,2882949,8017349","91,75,72,75",2012-01-01,day,73,2024-01-08
0.753,0.59,1,-2.623,1,0.0485,0.0591,0.0,0.15,0.161,140.002,306600,4,5qkWTBmDmZjogwIvbKtJQv,Birthday Song,62y3BHKehWnb1hlaPclDAA,"17lzZA2AlOHwCwFALHttmp,5K4W6rqBFWDnAN6FQUkS6x","2 Chainz,Kanye West","8017349,22986248","75,91",2012-01-01,day,56,2024-01-08
0.503,0.795,10,-4.505,1,0.335,0.178,0.0,0.042,0.265,149.981,289707,4,2zM5Rfoec07V6N0xhurDZF,Amen (feat. Drake),62y3BHKehWnb1hlaPclDAA,"20sxb77xiYeusSH8cVdatc,3TVXtAsR1Inumwj472S9r4","Meek Mill,Drake","7704881,83626299","73,96",2012-06-19,day,25,2024-01-08
0.831,0.665,1,-3.627,0,0.0711,0.149,0.0,0.0636,0.663,129.989,238760,4,1POAx4NMLOBPVKZUSsBh92,Cashin' Out,62y3BHKehWnb1hlaPclDAA,7Kp7SzuRuNiPFCy7JIwnLx,Ca$h Out,510006,46,2012-03-26,day,62,2024-01-08
0.787,0.666,11,-4.475,1,0.0485,0.0409,1.91e-05,0.296,0.485,140.008,219027,4,1ms5tNNdPouTtcD2oVF9Oz,"Work Hard, Play Hard",62y3BHKehWnb1hlaPclDAA,137W8MRPWKqSmrBGDBFSop,Wiz Khalifa,11073613,80,2012-12-04,day,62,2024-01-08
0.714,0.846,11,-2.802,0,0.0787,0.00146,0.0,0.682,0.634,141.976,267173,4,2lD4LsB3iQVnddkVM2RFAl,Take It To The Head,62y3BHKehWnb1hlaPclDAA,"0QHgL1lAIqAw0HtD7YldmP,7bXgB6jMjp9ATFy66eO08Z,1sBkRIssrMs1AbVkOJbc7a,0hCNtLu0JehylgoiP8L4Gh,55Aa2cqylxrFIXC767Z865","DJ Khaled,Chris Brown,Rick Ross,Nicki Minaj,Lil Wayne","10860995,20955452,7103142,30496118,14232381","74,86,76,88,85",2012-01-01,day,55,2024-01-08
0.766,0.442,1,-8.558,1,0.356,0.000107,6.12e-05,0.111,0.39,201.8,181573,4,4Kz4RdRCceaA9VgTqBhBfa,The Motto,62y3BHKehWnb1hlaPclDAA,"3TVXtAsR1Inumwj472S9r4,55Aa2cqylxrFIXC767Z865","Drake,Lil Wayne","83626299,14232381","96,85",2011-11-15,day,78,2024-01-08
0.813,0.782,9,-6.005,1,0.218,0.0227,0.00165,0.0956,0.681,150.003,268493,4,4It00tEYLwpjQtAhqnjCPC,Beez In The Trap,62y3BHKehWnb1hlaPclDAA,"0hCNtLu0JehylgoiP8L4Gh,17lzZA2AlOHwCwFALHttmp","Nicki Minaj,2 Chainz","30496118,8017349","88,75",2012-01-01,day,62,2024-01-08
0.884,0.471,1,-8.978,1,0.112,0.527,0.0,0.174,0.524,97.017,231120,4,48zmVAYyyhoWfTDe5pGynC,UP!,62y3BHKehWnb1hlaPclDAA,"1rBxtaN521NYi8Z35G7fUn,3q7HBObVc0L8jNeTe5Gofh","LoveRance,50 Cent","38998,13325784","35,82",2011-01-01,day,47,2024-01-08
0.715,0.655,0,-6.425,1,0.137,0.0525,0.0,0.115,0.531,95.078,207333,4,5HQVUIKwCEXpe7JIHyY734,"Young, Wild & Free (feat. Bruno Mars)",62y3BHKehWnb1hlaPclDAA,"7hJcb9fa4alzcOq3EaNPoG,137W8MRPWKqSmrBGDBFSop,0du5cEVh5yTK9QJze8zA0C","Snoop Dogg,Wiz Khalifa,Bruno Mars","10871699,11073613,52986983","81,80,87",2011-10-11,day,78,2024-01-08
0.789,0.858,1,-5.542,1,0.311,0.127,0.0,0.349,0.775,140.022,219333,4,1auxYwYrFRqZP7t3s7w4um,Ni**as In Paris,62y3BHKehWnb1hlaPclDAA,"3nFkdlSjzX9mRTtwJOzDYB,5K4W6rqBFWDnAN6FQUkS6x","JAY-Z,Kanye West","8801570,22986248","82,91",2011-08-08,day,86,2024-01-08
0.599,0.815,8,-7.638,0,0.337,0.125,0.0,0.0877,0.623,72.437,311640,4,2KjKMrjCqNtqOiMVGgENxS,I Do,62y3BHKehWnb1hlaPclDAA,"4yBK75WVCQXej1p04GWqxH,3nFkdlSjzX9mRTtwJOzDYB,74V3dE1a51skRkdII8y2C6","Jeezy,JAY-Z,André 3000","2381764,8801570,482650","69,82,65",2011-01-01,day,28,2024-01-08
0.765,0.695,2,-6.57,1,0.342,0.02,0.0437,0.13,0.7,159.865,197760,4,67W5fd1ld7dqHNCfaQu52I,Dance (A$$),62y3BHKehWnb1hlaPclDAA,0c173mlxpT3dSFRgMO8XPh,Big Sean,11115824,75,2011-01-01,day,46,2024-01-08
0.364,0.841,8,-4.831,1,0.119,0.000402,0.0,0.242,0.0841,100.14,305840,5,0b4M7hd7mzLTm99MrMeZsp,She Will,62y3BHKehWnb1hlaPclDAA,"55Aa2cqylxrFIXC767Z865,3TVXtAsR1Inumwj472S9r4","Lil Wayne,Drake","14232381,83626299","85,96",2011-08-29,day,71,2024-01-08
0.678,0.479,10,-6.959,0,0.206,0.0812,0.0,0.207,0.762,171.12,235632,4,19OHDib8Jrqi3o2nm5lzdA,My Nigga,62y3BHKehWnb1hlaPclDAA,"0A0FS04o6zMoto8OKPsDwY,4yBK75WVCQXej1p04GWqxH,5lHRUCqkQZCIWeX7xG4sYT","YG,Jeezy,Rich Homie Quan","3205645,2381764,2800643","72,69,63",2014-03-18,day,71,2024-01-08
0.684,0.486,1,-10.155,1,0.132,0.00268,0.000148,0.157,0.355,131.913,219893,4,7yfg0Eer6UZZt5tZ1XdsWz,Make Me Proud,62y3BHKehWnb1hlaPclDAA,"3TVXtAsR1Inumwj472S9r4,0hCNtLu0JehylgoiP8L4Gh","Drake,Nicki Minaj","83626299,30496118","96,88",2011-11-15,day,71,2024-01-08
0.613,0.807,11,-2.739,0,0.0382,0.0671,0.0,0.322,0.813,133.023,222867,4,5xpmdbQcfIOsE1hACcC3UK,Marvin & Chardonnay,62y3BHKehWnb1hlaPclDAA,"0c173mlxpT3dSFRgMO8XPh,5K4W6rqBFWDnAN6FQUkS6x,0bfX8pF8kuHNCs57Ms4jZb","Big Sean,Kanye West,Roscoe Dash","11115824,22986248,250081","75,91,59",2011-01-01,day,52,2024-01-08
0.831,0.427,2,-6.903,1,0.106,0.0531,0.0,0.307,0.216,93.004,235320,4,2wAJTrFhCnQyNSD3oUgTZO,Work Out,62y3BHKehWnb1hlaPclDAA,6l3HvQ5sa6mXTsMTB19rO5,J. Cole,22394288,86,2011-09-27,day,85,2024-01-08
0.413,0.807,11,-3.499,0,0.318,0.0536,0.0,0.631,0.438,149.33,296147,4,608a1wIsSd5KzMEqm1O7w3,I'm On One,62y3BHKehWnb1hlaPclDAA,"0QHgL1lAIqAw0HtD7YldmP,3TVXtAsR1Inumwj472S9r4,1sBkRIssrMs1AbVkOJbc7a,55Aa2cqylxrFIXC767Z865","DJ Khaled,Drake,Rick Ross,Lil Wayne","10860995,83626299,7103142,14232381","74,96,76,85",2011-01-01,day,73,2024-01-08
0.387,0.773,8,-5.685,1,0.17,0.098,0.0,0.209,0.368,78.629,254120,4,70tFuqBcduJv15bEnOPRTh,My Last,62y3BHKehWnb1hlaPclDAA,"0c173mlxpT3dSFRgMO8XPh,7bXgB6jMjp9ATFy66eO08Z","Big Sean,Chris Brown","11115824,20955452","75,86",2011-01-01,day,57,2024-01-08
0.588,0.847,11,-4.734,0,0.0675,0.0145,0.0,0.436,0.38,99.058,204013,4,4Nomj38R7Ds0P8I8orW2Tv,Out of My Head (feat. Trey Songz),62y3BHKehWnb1hlaPclDAA,"01QTIT5P1pFP3QnnFSdsJf,2iojnBLj0qIMiKPvVhLnsH","Lupe Fiasco,Trey Songz","1873610,7381157","64,68",2011-03-04,day,48,2024-01-08
0.767,0.677,11,-6.128,0,0.184,0.0339,5.51e-06,0.144,0.538,146.155,222587,4,3hsmbFKT5Cujb5GQjqEU39,Look At Me Now (feat. Lil' Wayne & Busta Rhymes),62y3BHKehWnb1hlaPclDAA,"7bXgB6jMjp9ATFy66eO08Z,55Aa2cqylxrFIXC767Z865,1YfEcTuGvBQ8xSD1f53UnK","Chris Brown,Lil Wayne,Busta Rhymes","20955452,14232381,2624031","86,85,71",2011-03-22,day,73,2024-01-08
0.644,0.661,11,-6.093,1,0.0418,0.000177,5.23e-06,0.108,0.272,153.992,240307,4,5W7BcYDIaeXnpG3e39T7hJ,How To Love,62y3BHKehWnb1hlaPclDAA,55Aa2cqylxrFIXC767Z865,Lil Wayne,14232381,85,2011-08-29,day,69,2024-01-08
0.531,0.803,1,-3.284,1,0.0717,0.0796,1.71e-05,0.176,0.221,142.113,299613,4,22L7bfCiAkJo5xGSQgmiIO,All Of The Lights,62y3BHKehWnb1hlaPclDAA,5K4W6rqBFWDnAN6FQUkS6x,Kanye West,22986248,91,2010-11-22,day,81,2024-01-08
0.72,0.514,1,-7.108,1,0.132,0.146,0.00713,0.107,0.212,142.98,272160,4,0osPX8TruIebOhKuG6GK8C,On My Level (feat. Too $hort),62y3BHKehWnb1hlaPclDAA,"137W8MRPWKqSmrBGDBFSop,4sb7rZNN93BSS6Gqgepo4v","Wiz Khalifa,Too $hort","11073613,1505489","80,61",2011-03-29,day,65,2024-01-08
0.57,0.58,1,-5.547,1,0.21,0.0124,0.0,0.0498,0.404,171.812,270627,4,5W7xC99N2Zzfh69r7I7zWK,Aston Martin Music,62y3BHKehWnb1hlaPclDAA,"1sBkRIssrMs1AbVkOJbc7a,3TVXtAsR1Inumwj472S9r4,3YJMzGjAm245zwJooY7PEj","Rick Ross,Drake,Chrisette Michele","7103142,83626299,585486","76,96,56",2010-01-01,day,72,2024-01-08
0.76,0.595,1,-6.366,1,0.0391,0.00544,0.0,0.241,0.361,131.497,263773,4,6GgPsuz0HEO0nrO2T0QhDv,No Hands (feat. Roscoe Dash & Wale),62y3BHKehWnb1hlaPclDAA,"6f4XkbvYlXMH0QgVRzW0sM,0bfX8pF8kuHNCs57Ms4jZb,67nwj3Y5sZQLl72VNUHEYE","Waka Flocka Flame,Roscoe Dash,Wale","2684309,250081,4150012","64,59,69",2010-09-06,day,60,2024-01-08
0.684,0.834,2,-4.524,0,0.0675,0.0646,0.0,0.271,0.538,164.02,217667,4,5A6OHHy73AR5tLxgTc98zz,Black and Yellow,62y3BHKehWnb1hlaPclDAA,137W8MRPWKqSmrBGDBFSop,Wiz Khalifa,11073613,80,2011-03-29,day,78,2024-01-08
0.376,0.841,3,-4.348,0,0.356,0.0435,0.0,0.578,0.463,76.052,271947,4,1kMuU3TNQvHbqvXCWBodmP,Right Above It,62y3BHKehWnb1hlaPclDAA,"55Aa2cqylxrFIXC767Z865,3TVXtAsR1Inumwj472S9r4","Lil Wayne,Drake","14232381,83626299","85,96",2010-01-01,day,71,2024-01-08
0.53,0.884,0,-5.581,0,0.457,0.332,1.98e-06,0.355,0.28,87.194,319387,4,3fpTMuD1u3gJlVI4FadVHs,Fancy,62y3BHKehWnb1hlaPclDAA,"3TVXtAsR1Inumwj472S9r4,4OBJLual30L7gRl5UkeRcT,2cADQgiLMjNhbsfeN52Bf3","Drake,T.I.,Swizz Beatz","83626299,4683892,418448","96,73,61",2010-01-01,day,75,2024-01-08
0.364,0.752,2,-5.429,1,0.304,0.0007,0.0,0.318,0.606,79.119,248587,4,5Qy6a5KzM4XlRxsNcGYhgH,6 Foot 7 Foot,62y3BHKehWnb1hlaPclDAA,"55Aa2cqylxrFIXC767Z865,7BAaznGSsqcksud4R5ou5z","Lil Wayne,Cory Gunz","14232381,45573","85,55",2011-08-29,day,74,2024-01-08
0.664,0.909,6,-3.552,0,0.22,0.444,0.0,0.525,0.557,93.977,209693,4,5I6YA7oHtraxwWQzzCugDt,You Be Killin Em,62y3BHKehWnb1hlaPclDAA,0YWxKQj2Go9CGHCp77UOyy,Fabolous,2654200,64,2010-01-01,day,55,2024-01-08
0.91,0.673,1,-4.997,0,0.181,0.109,0.0,0.258,0.427,128.988,240600,4,6QgFh2tGdfllis9P4POJ68,Make It Rain,62y3BHKehWnb1hlaPclDAA,6z1cicLMt9XArxN10q7m8a,Travis Porter,840022,54,2010-12-02,day,28,2024-01-08
0.562,0.414,7,-7.032,1,0.349,0.0445,0.0,0.204,0.474,155.826,212347,4,6Slt6WiWnriaqCb8xXb2ZT,Did It On’em,62y3BHKehWnb1hlaPclDAA,0hCNtLu0JehylgoiP8L4Gh,Nicki Minaj,30496118,88,2010-01-01,day,69,2024-01-08
0.705,0.702,0,-4.783,0,0.108,0.138,0.0,0.364,0.771,140.059,250493,4,2e9EZ2V5QGGZPMJacO3y0Y,Grove St. Party (feat. Kebo Gotti),62y3BHKehWnb1hlaPclDAA,"6f4XkbvYlXMH0QgVRzW0sM,00UOluVoYY4F2blO5DmgRj","Waka Flocka Flame,Kebo Gotti","2684309,1893","64,42",2010-10-01,day,63,2024-01-08
0.765,0.725,2,-5.651,1,0.051,0.0827,0.0,0.0744,0.674,139.984,285867,4,2n8lekNlZSQzbyuQedd4Dx,Racks,62y3BHKehWnb1hlaPclDAA,"1JvKSExhqV480k3qFUJwLm,1RyvyyTE3xzB2ZywiAwp0i","YC Worldwide,Future","8997,15692678","28,88",2011-01-01,day,49,2024-01-08
0.831,0.74,1,-3.723,1,0.152,0.00557,0.0,0.302,0.21,140.041,285693,4,68LR4RQ7JLHwRodWxPOB0k,Hustle Hard Remix,62y3BHKehWnb1hlaPclDAA,"31HjiqargV4NAw4GZqUale,1sBkRIssrMs1AbVkOJbc7a,55Aa2cqylxrFIXC767Z865","Ace Hood,Rick Ross,Lil Wayne","1850098,7103142,14232381","55,76,85",2011-01-01,day,50,2024-01-08
0.749,0.925,10,-5.034,1,0.227,0.241,0.0,0.52,0.641,86.989,263373,4,15JINEqzVMv3SvJTAXAKED,Love The Way You Lie,62y3BHKehWnb1hlaPclDAA,"7dGJo4pcD2V6oG8kP0tJRR,5pKCCKE2ajJHZ9KAiaK11H","Eminem,Rihanna","80373039,58780253","90,89",2010-06-18,day,88,2024-01-08
0.426,0.862,2,-5.979,1,0.597,0.0813,0.0,0.34,0.332,100.3,305520,5,1U4mweNwisxNj23ffuC9gO,Miss Me,62y3BHKehWnb1hlaPclDAA,"3TVXtAsR1Inumwj472S9r4,55Aa2cqylxrFIXC767Z865","Drake,Lil Wayne","83626299,14232381","96,85",2010-01-01,day,62,2024-01-08
0.837,0.42,8,-5.158,1,0.0629,0.177,0.0,0.356,0.143,123.157,236093,4,6sQH5GFuqhvemSdP2oOfRi,Pretty Boy Swag,62y3BHKehWnb1hlaPclDAA,6GMYJwaziB4ekv1Y6wCDWS,Soulja Boy,1945228,67,2010-01-01,day,63,2024-01-08
0.665,0.878,6,-4.745,0,0.206,0.00325,0.0,0.0663,0.394,93.047,319293,4,2bnDTGikdoO8CwzlAPyBHR,"Airplanes, Pt. II (feat. Eminem & Hayley Williams of Paramore)",62y3BHKehWnb1hlaPclDAA,"5ndkK3dpZLKtBklKjxNQwT,7dGJo4pcD2V6oG8kP0tJRR,6Rx1JKzBrSzoKQtmbVmBnM","B.o.B,Eminem,Hayley Williams","2078336,80373039,686285","71,90,64",2010-04-27,day,60,2024-01-08
0.705,0.75,1,-4.558,1,0.0524,0.0632,0.0,0.146,0.392,77.748,241947,4,0Ft6hwGWdCdujdK6TOfBV7,Lose My Mind,62y3BHKehWnb1hlaPclDAA,"4yBK75WVCQXej1p04GWqxH,3jksrX4oBklxR78ft8gv3j","Jeezy,Plies","2381764,1868350","69,61",2011-01-01,day,56,2024-01-08
0.35,0.845,7,-5.614,1,0.2,0.0107,0.0,0.123,0.45,99.643,233560,5,6BdgtqiV3oXNqBikezwdvC,Over,62y3BHKehWnb1hlaPclDAA,3TVXtAsR1Inumwj472S9r4,Drake,83626299,96,2010-01-01,day,72,2024-01-08
0.541,0.718,1,-6.368,1,0.319,0.442,6.21e-05,0.0991,0.6,154.036,346905,4,3kIl0UA8j3BR4rIuEPKHOn,In the Glass,62y3BHKehWnb1hlaPclDAA,39c3uSD15rFYGe9fRLcVuF,Brad Varsity,6095,20,2018-04-26,day,8,2024-01-08
0.683,0.688,1,-6.455,1,0.364,0.418,0.0,0.256,0.651,72.141,200433,4,3kIkLbWRZJqqMI1zRSA30U,Man Up,62y3BHKehWnb1hlaPclDAA,"39c3uSD15rFYGe9fRLcVuF,041JYdG1ivPI4KWH07OwMN","Brad Varsity,A. Barb","6095,97","20,1",2018-05-21,day,9,2024-01-08
0.616,0.954,2,-2.494,1,0.239,0.0597,0.0,0.669,0.571,103.915,268747,4,7yzSijmAyOMBcHrK6Tfsoe,Hello Good Morning,62y3BHKehWnb1hlaPclDAA,"2QYEvpsWUOjqaYuxDPTCmV,4OBJLual30L7gRl5UkeRcT","Diddy - Dirty Money,T.I.","126079,4683892","51,73",2010-01-01,day,48,2024-01-08
0.544,0.781,10,-3.616,1,0.189,0.014,0.0,0.161,0.277,150.1,232507,4,5NEKjqTQPKiqOiOG8YxLdS,"All I Do Is Win (feat. T-Pain, Ludacris, Snoop Dogg & Rick Ross)",62y3BHKehWnb1hlaPclDAA,"0QHgL1lAIqAw0HtD7YldmP,3aQeKQSyrW4qWr35idm0cy,3ipn9JLAPI5GUEo4y4jcoi,7hJcb9fa4alzcOq3EaNPoG,1sBkRIssrMs1AbVkOJbc7a","DJ Khaled,T-Pain,Ludacris,Snoop Dogg,Rick Ross","10860995,4615060,2755957,10871699,7103142","74,76,75,81,76",2010-03-02,day,67,2024-01-08
0.624,0.723,1,-6.782,1,0.378,0.172,0.0,0.483,0.757,84.789,216933,4,3bMNprrp2JDKZsGbiXpsJl,My Chick Bad,62y3BHKehWnb1hlaPclDAA,"3ipn9JLAPI5GUEo4y4jcoi,0hCNtLu0JehylgoiP8L4Gh","Ludacris,Nicki Minaj","2755957,30496118","75,88",2010-01-01,day,69,2024-01-08
0.555,0.713,11,-4.549,1,0.0911,0.0845,0.0,0.712,0.725,79.934,240920,4,7qje9qxLncMESiPeI27SAn,Say Something (Featuring Drake),62y3BHKehWnb1hlaPclDAA,"5Y5TRrQiqgUO4S36tzjIRZ,3TVXtAsR1Inumwj472S9r4","Timbaland,Drake","2711268,83626299","76,96",2009-01-01,day,65,2024-01-08
0.652,0.671,4,-5.376,0,0.315,0.00402,2.89e-05,0.598,0.518,159.963,208387,4,0cNJ3huiV99wvUN1tmQLTL,"Beamer, Benz, Or Bentley",62y3BHKehWnb1hlaPclDAA,"3vDUJHQtqT3jFRZ2ECXDTi,6Uh8uJyN9g7oFjDK16nJgb","Lloyd Banks,Juelz Santana","1349292,832453","62,62",2010-01-01,day,58,2024-01-08
0.482,0.627,2,-7.561,1,0.116,0.00827,0.0,0.701,0.293,157.58,209827,4,4UXpJDvdsfneLvT09oJocg,Roger That,62y3BHKehWnb1hlaPclDAA,5OrB6Jhhrl9y2PK0pSV4VP,Young Money,2999342,61,2009-01-01,day,52,2024-01-08
0.755,0.884,10,-5.296,0,0.0638,0.0208,2.97e-06,0.248,0.897,121.927,231933,4,7wdzLe2Gsx1RGqbvYZHASz,i,62y3BHKehWnb1hlaPclDAA,2YZyLoL8N0Wb9xBt1NhZWg,Kendrick Lamar,26526500,87,2014-09-23,day,73,2024-01-08
0.503,0.955,11,-1.533,1,0.381,0.0265,0.0,0.265,0.818,173.521,277107,4,3xkxcbnc7G3XYuZt6eUnI5,Empire State Of Mind,62y3BHKehWnb1hlaPclDAA,"3nFkdlSjzX9mRTtwJOzDYB,3DiDSECUqqY1AuBP8qtaIa","JAY-Z,Alicia Keys","8801570,11308507","82,76",2010-11-22,day,53,2024-01-08
0.415,0.926,5,-1.304,0,0.374,0.253,0.0,0.256,0.542,158.423,357347,4,6HSqyfGnsHYw9MmIpa9zlZ,Forever,62y3BHKehWnb1hlaPclDAA,"3TVXtAsR1Inumwj472S9r4,5K4W6rqBFWDnAN6FQUkS6x,55Aa2cqylxrFIXC767Z865,7dGJo4pcD2V6oG8kP0tJRR","Drake,Kanye West,Lil Wayne,Eminem","83626299,22986248,14232381,80373039","96,91,85,90",2009-01-01,day,67,2024-01-08
0.785,0.498,1,-6.977,1,0.0533,0.00248,1.23e-06,0.224,0.418,143.96,201587,4,1WtTLtofvcjQM3sXSMkDdX,How Low,62y3BHKehWnb1hlaPclDAA,3ipn9JLAPI5GUEo4y4jcoi,Ludacris,2755957,75,2010-01-01,day,64,2024-01-08
0.682,0.513,1,-6.312,0,0.396,0.0128,0.0,0.212,0.338,130.085,248533,4,0wCC06ziWEkYOif44iFggw,O Let's Do It (feat. Cap),62y3BHKehWnb1hlaPclDAA,"6f4XkbvYlXMH0QgVRzW0sM,0uwaniEjl7wxOFSM4vaHvI","Waka Flocka Flame,Cap","2684309,428","64,30",2010-10-01,day,51,2024-01-08
0.488,0.691,0,-8.09,0,0.279,0.0219,0.0,0.501,0.697,156.141,310733,4,3cSuhzV7wKX5diQ8hos78P,Steady Mobbin,62y3BHKehWnb1hlaPclDAA,"5OrB6Jhhrl9y2PK0pSV4VP,13y7CgLHjMVRMDqxdx0Xdo","Young Money,Gucci Mane","2999342,5220799","61,76",2009-01-01,day,62,2024-01-08
0.824,0.733,1,-5.474,1,0.0613,0.0362,0.0,0.325,0.395,97.972,284387,4,7FYH5AW3bVfZHJIQpq3UOA,I Don't Fuck With You,62y3BHKehWnb1hlaPclDAA,"0c173mlxpT3dSFRgMO8XPh,3crnzLy8R4lVwaigKEOz7V","Big Sean,E-40","11115824,861320","75,66",2015-02-24,day,77,2024-01-08
0.891,0.486,6,-7.803,1,0.159,0.0158,3.78e-06,0.0925,0.239,125.01,200080,4,4scpF6J5uMBvoh6sFB7EL1,No Type,62y3BHKehWnb1hlaPclDAA,7iZtZyCzp3LItcw1wtPI3D,Rae Sremmurd,7361248,71,2015-01-06,day,73,2024-01-08
0.81,0.721,9,-4.964,0,0.265,0.0487,0.0,0.0886,0.552,101.997,270120,4,1hzJQIkgXwZevaKsc7iA6D,About the Money (feat. Young Thug),62y3BHKehWnb1hlaPclDAA,"4OBJLual30L7gRl5UkeRcT,50co4Is1HCEo8bhOyUWKpn","T.I.,Young Thug","4683892,9355686","73,83",2014-06-03,day,57,2024-01-08
0.56,0.81,0,-8.029,0,0.0872,0.0071,7.93e-06,0.241,0.247,170.044,217573,4,2CY92qejUrhyPUASawNVRr,Try Me,62y3BHKehWnb1hlaPclDAA,7kFfY4UjNdNyaeUgLIEbIF,DeJ Loaf,1672165,63,2014-10-15,day,57,2024-01-08
0.367,0.665,1,-2.821,1,0.0465,0.145,0.0,0.113,0.31,148.913,229147,4,3sNVsP50132BTNlImLx70i,Bound 2,62y3BHKehWnb1hlaPclDAA,5K4W6rqBFWDnAN6FQUkS6x,Kanye West,22986248,91,2013-06-18,day,87,2024-01-08
0.886,0.628,8,-5.949,1,0.131,0.00215,1.15e-05,0.31,0.178,119.906,239574,4,2JI71GHwq2LN8mtq3iCLYo,CoCo,62y3BHKehWnb1hlaPclDAA,1Zatb2YN4erBOoSivOXc0o,O.T. Genasis,1033094,51,2014-11-10,day,63,2024-01-08
0.733,0.664,8,-6.163,1,0.295,0.102,0.0,0.191,0.557,148.005,288133,4,3iL2l5gUqyPS6vDwJFgJTR,BedRock,62y3BHKehWnb1hlaPclDAA,"5OrB6Jhhrl9y2PK0pSV4VP,1Xfmvd48oOhEWkscWyEbh9","Young Money,Lloyd","2999342,2251004","61,64",2009-01-01,day,72,2024-01-08
0.755,0.576,11,-5.427,1,0.155,0.00326,0.0,0.147,0.555,134.877,276373,4,2Ih0U9yUuY0oU2In3h21If,Karate Chop (Remix) (feat. Lil Wayne),62y3BHKehWnb1hlaPclDAA,"1RyvyyTE3xzB2ZywiAwp0i,55Aa2cqylxrFIXC767Z865","Future,Lil Wayne","15692678,14232381","88,85",2014-04-22,day,47,2024-01-08
0.772,0.413,0,-8.193,0,0.089,0.0361,0.0,0.111,0.211,131.965,246213,4,01Lr5YepbgjXAWR9iOEyH1,Love Sosa,62y3BHKehWnb1hlaPclDAA,15iVAtD3s3FsQR4w1v6M0P,Chief Keef,4403558,75,2012-01-01,day,85,2024-01-08
0.37,0.87,5,-2.09,1,0.271,0.0415,0.0,0.604,0.331,79.092,250240,4,7sjwaBQ6M3aVigYfBjm1sL,Ima Boss (feat. Rick Ross),62y3BHKehWnb1hlaPclDAA,"20sxb77xiYeusSH8cVdatc,1sBkRIssrMs1AbVkOJbc7a","Meek Mill,Rick Ross","7704881,7103142","73,76",2011-05-23,day,66,2024-01-08
0.825,0.489,11,-9.32,1,0.263,0.0215,0.0,0.111,0.438,96.99,199973,4,2JJ5h2I1S0UR4tyD0U1I7K,R.I.P.,62y3BHKehWnb1hlaPclDAA,"4yBK75WVCQXej1p04GWqxH,17lzZA2AlOHwCwFALHttmp","Jeezy,2 Chainz","2381764,8017349","69,75",2013-01-01,day,47,2024-01-08
0.657,0.611,6,-5.415,0,0.225,0.00937,0.0,0.146,0.616,132.062,283653,4,3YqJ0iaDWM0aqEDQExd2j3,Don't Like.1,62y3BHKehWnb1hlaPclDAA,"5K4W6rqBFWDnAN6FQUkS6x,15iVAtD3s3FsQR4w1v6M0P,0ONHkAv9pCAFxb0zJwDNTy,0c173mlxpT3dSFRgMO8XPh,5pnbUBPifNnlusY8kTBivi","Kanye West,Chief Keef,Pusha T,Big Sean,Jadakiss","22986248,4403558,2882949,11115824,1165269","91,75,72,75,63",2022-04-01,day,69,2024-01-08
0.628,0.692,2,-5.64,1,0.202,0.00244,0.0129,0.668,0.0963,124.887,378893,5,1ZHYJ2Wwgxes4m8Ba88PeK,Monster,62y3BHKehWnb1hlaPclDAA,"5K4W6rqBFWDnAN6FQUkS6x,3nFkdlSjzX9mRTtwJOzDYB,1sBkRIssrMs1AbVkOJbc7a,0hCNtLu0JehylgoiP8L4Gh,4LEiUm1SRbFMgfqnQTwUbQ","Kanye West,JAY-Z,Rick Ross,Nicki Minaj,Bon Iver","22986248,8801570,7103142,30496118,3516523","91,82,76,88,75",2010-11-22,day,75,2024-01-08
0.59,0.819,11,-4.472,1,0.111,0.0144,0.0,0.112,0.423,77.516,286973,4,0dpok9LbD1eATa5XPMardF,John,62y3BHKehWnb1hlaPclDAA,"55Aa2cqylxrFIXC767Z865,1sBkRIssrMs1AbVkOJbc7a","Lil Wayne,Rick Ross","14232381,7103142","85,76",2011-08-29,day,60,2024-01-08
0.841,0.733,1,-5.077,1,0.142,0.0246,0.0,0.174,0.284,130.009,283693,4,7xVLFuuYdAvcTfcP3IG3dS,"Work REMIX (feat. A$AP Rocky, French Montana, Trinidad James & ScHoolboy Q)",62y3BHKehWnb1hlaPclDAA,"5dHt1vcEm9qb8fCyLcB3HL,6vXTefBL93Dj5IqAWq6OTv,13ubrt8QOOCPljQ2FL1Kca,0I5HubncQ8E1MFZOlPDY4J,5IcR3N7QB1j6KBL8eImZ8m","A$AP Ferg,French Montana,A$AP Rocky,Trinidad James,ScHoolboy Q","3710766,5255986,13299639,311213,4616817","69,73,81,53,70",2013-08-19,day,69,2024-01-08
0.859,0.665,11,-2.907,0,0.102,0.00348,0.0,0.094,0.236,145.913,210557,4,2ZBnK2CGFK6jcagWrpyPzA,Handsome And Wealthy,62y3BHKehWnb1hlaPclDAA,6oMuImdp5ZcFhWP0ESe6mG,Migos,13641028,75,2014-02-25,day,67,2024-01-08
0.691,0.492,4,-10.815,0,0.196,0.405,0.0,0.0955,0.54,92.019,187826,4,5259GVdvIOBkcqo6L2i9qw,Walk Thru (feat. Problem),62y3BHKehWnb1hlaPclDAA,5lHRUCqkQZCIWeX7xG4sYT,Rich Homie Quan,2800643,63,2014-02-28,day,58,2024-01-08
0.823,0.526,5,-7.01,0,0.0782,0.0308,0.0,0.0955,0.314,101.987,225722,4,1WUfx6nUmCSQqdvsi33Osm,Dab Man,62y3BHKehWnb1hlaPclDAA,4pRZYj8zSl5QZkTDBeF4ex,Minty Burns,2609,23,2018-12-25,day,14,2024-01-08
0.717,0.451,4,-7.201,0,0.0811,0.514,0.0,0.102,0.396,113.828,178651,3,7guXatW824533NbsbcFtdE,Own Vision,62y3BHKehWnb1hlaPclDAA,7Jn2V8DzihzpKrU4p3HKp6,Maurice Weeks,1718,10,2019-03-08,day,5,2024-01-08
0.669,0.534,1,-7.479,1,0.0643,0.174,0.0,0.184,0.666,135.056,259507,4,22BwaoGHQOTfFhHTndm7DQ,I Know (feat. Rich Homie Quan),62y3BHKehWnb1hlaPclDAA,"6Ha4aES39QiVjR0L2lwuwq,5lHRUCqkQZCIWeX7xG4sYT","Yo Gotti,Rich Homie Quan","4353152,2800643","64,63",2013-11-16,day,51,2024-01-08
0.885,0.615,8,-6.714,1,0.123,0.146,0.0,0.0651,0.598,97.999,250773,4,7yz6wjkAV0ZByLrlcrMkAx,Act Right (feat. Jeezy & YG),62y3BHKehWnb1hlaPclDAA,"6Ha4aES39QiVjR0L2lwuwq,4yBK75WVCQXej1p04GWqxH,0A0FS04o6zMoto8OKPsDwY","Yo Gotti,Jeezy,YG","4353152,2381764,3205645","64,69,72",2013-11-16,day,49,2024-01-08
0.875,0.531,2,-6.046,1,0.0585,0.221,0.0,0.0498,0.22,103.965,261133,4,3ndumr5hw721OmT5opZ5Zl,Errrbody,62y3BHKehWnb1hlaPclDAA,6Ha4aES39QiVjR0L2lwuwq,Yo Gotti,4353152,64,2014-07-14,day,51,2024-01-08
0.79,0.875,7,-6.55,1,0.091,0.0476,0.0,0.312,0.759,139.985,247013,4,07RXBKfyCYIYRMLCvlGWXU,Feds Watching,62y3BHKehWnb1hlaPclDAA,"17lzZA2AlOHwCwFALHttmp,2RdwBSPQiwcmiDo9kixcl8","2 Chainz,Pharrell Williams","8017349,4336597","75,78",2013-01-01,day,49,2024-01-08
0.841,0.522,10,-5.963,0,0.049,0.0168,1.37e-06,0.188,0.616,99.059,264947,4,5BrTUo0xP1wKXLJWUaGFtk,Loyal (feat. Lil Wayne & Tyga),62y3BHKehWnb1hlaPclDAA,"7bXgB6jMjp9ATFy66eO08Z,55Aa2cqylxrFIXC767Z865,5LHRHt1k9lMyONurDHEdrp","Chris Brown,Lil Wayne,Tyga","20955452,14232381,6848796","86,85,78",2014-09-16,day,77,2024-01-08
0.436,0.76,1,-3.015,0,0.102,0.0337,0.0,0.228,0.187,148.582,198920,4,3Gva0j7oBU6MdvUMQyDRTJ,"My Moment (feat. 2 Chainz, Meek Mill and Jeremih)",62y3BHKehWnb1hlaPclDAA,"5oNgAs7j5XcBMzWv3HAnHG,17lzZA2AlOHwCwFALHttmp,20sxb77xiYeusSH8cVdatc,3KV3p5EY4AvKxOlhGHORLg","DJ Drama,2 Chainz,Meek Mill,Jeremih","1456750,8017349,7704881,6555141","58,75,73,72",2012-10-02,day,51,2024-01-08
0.838,0.618,9,-5.187,1,0.0805,0.00357,0.00166,0.132,0.746,153.95,214293,4,7Hk12JkCFwLO4s1jRGBS6s,Do My Dance,62y3BHKehWnb1hlaPclDAA,"5LHRHt1k9lMyONurDHEdrp,17lzZA2AlOHwCwFALHttmp","Tyga,2 Chainz","6848796,8017349","78,75",2012-01-01,day,49,2024-01-08
0.833,0.638,1,-9.119,1,0.0441,0.0392,4.83e-06,0.173,0.399,100.01,215987,4,7LWtfSW68VAkHp3hpcFDCY,24 Hours (feat. 2 Chainz),62y3BHKehWnb1hlaPclDAA,"1pCVxwkdixCeBPTboRZIi2,17lzZA2AlOHwCwFALHttmp","TeeFLii,2 Chainz","70297,8017349","41,75",2014-05-27,day,39,2024-01-08
0.839,0.665,1,-5.72,1,0.232,0.144,0.0,0.132,0.583,130.046,269160,4,5ML9t3cfvJuDTeOLcOH2Bl,Show Out (feat. Big Sean & Jeezy),62y3BHKehWnb1hlaPclDAA,"5gCRApTajqwbnHHPbr2Fpi,0c173mlxpT3dSFRgMO8XPh,4yBK75WVCQXej1p04GWqxH","Juicy J,Big Sean,Jeezy","3138996,11115824,2381764","72,75,69",2013-08-23,day,47,2024-01-08
0.771,0.893,10,-3.753,0,0.0711,0.0255,0.0,0.242,0.727,119.967,160000,4,0Pcs5RnxJrSGGDPabvXE5G,Dak Way,62y3BHKehWnb1hlaPclDAA,4r3Iu0kNvqjzonxyywlE80,S.Fresh,160,0,2017-09-10,day,0,2024-01-08
0.68,0.448,10,-12.762,0,0.536,0.0971,0.0,0.0649,0.49,82.365,142054,4,5X611ZvQ04aqHuZcRl1iBo,Why?,62y3BHKehWnb1hlaPclDAA,38gDEa1ge2bBXk94lt8Bm9,Miko Payton,1061,11,2017-12-11,day,7,2024-01-08
0.732,0.672,8,-6.514,0,0.171,0.00992,0.0,0.134,0.269,137.998,208696,4,3BLFj26pYuPe6DsmoTwDYK,Ima Balla,62y3BHKehWnb1hlaPclDAA,4BN8mipj2T5NrR0Rs3o6Tf,Rob Green,1103,1,2017-01-01,day,0,2024-01-08
0.684,0.468,1,-13.223,1,0.61,0.0362,0.0,0.0992,0.402,83.433,179566,4,1N0DFA1BKu5f2rrvoDotkJ,Prevail,62y3BHKehWnb1hlaPclDAA,38gDEa1ge2bBXk94lt8Bm9,Miko Payton,1061,11,2017-12-11,day,5,2024-01-08
0.691,0.793,1,-3.506,1,0.131,0.0131,0.0,0.112,0.398,140.011,247494,4,63ZKUKbwb6Zozlk8LJCiPB,We Still in this Bitch (feat. T.I. and Juicy J),62y3BHKehWnb1hlaPclDAA,"5ndkK3dpZLKtBklKjxNQwT,4OBJLual30L7gRl5UkeRcT,5gCRApTajqwbnHHPbr2Fpi","B.o.B,T.I.,Juicy J","2078336,4683892,3138996","71,73,72",2013-01-08,day,43,2024-01-08
0.711,0.833,7,-4.818,1,0.154,0.135,0.0,0.301,0.545,106.094,207533,4,0jkeRqlWciqKxU3iHQfdWj,Seen It All,62y3BHKehWnb1hlaPclDAA,"4yBK75WVCQXej1p04GWqxH,3nFkdlSjzX9mRTtwJOzDYB","Jeezy,JAY-Z","2381764,8801570","69,82",2014-09-02,day,62,2024-01-08
0.531,0.791,3,-4.681,0,0.271,0.0577,0.0,0.0885,0.542,143.077,283173,4,79tbwF4mSrYD60Oo41JTXY,Ballin',62y3BHKehWnb1hlaPclDAA,"4yBK75WVCQXej1p04GWqxH,55Aa2cqylxrFIXC767Z865","Jeezy,Lil Wayne","2381764,14232381","69,85",2011-01-01,day,43,2024-01-08
0.674,0.732,10,-5.3,0,0.0724,0.011,0.0,0.439,0.247,143.12,245960,4,1IWXAWo4u0H1D0QvSpvldn,Tony Montana (feat. Drake),62y3BHKehWnb1hlaPclDAA,"1RyvyyTE3xzB2ZywiAwp0i,3TVXtAsR1Inumwj472S9r4","Future,Drake","15692678,83626299","88,96",2012-11-27,day,48,2024-01-08
0.641,0.618,11,-7.166,1,0.0573,0.00622,0.0,0.0998,0.187,144.948,210253,4,3OdeZ1MhdHaRqAZLpowKWn,Magic (feat. T.I.) - Remix,62y3BHKehWnb1hlaPclDAA,"1RyvyyTE3xzB2ZywiAwp0i,4OBJLual30L7gRl5UkeRcT","Future,T.I.","15692678,4683892","88,73",2012-11-27,day,42,2024-01-08
0.596,0.574,6,-9.373,0,0.212,0.0409,0.0,0.147,0.439,131.075,248360,4,4U8hMes3PqpsLJBeMXD71p,Turn On The Lights,62y3BHKehWnb1hlaPclDAA,1RyvyyTE3xzB2ZywiAwp0i,Future,15692678,88,2012-11-27,day,63,2024-01-08
0.757,0.848,2,-4.234,1,0.335,0.0481,0.0,0.121,0.686,139.995,212640,4,2rzBvHM9h36Tpdj7Jdajka,Wild for the Night (feat. Skrillex & Birdy Nam Nam),62y3BHKehWnb1hlaPclDAA,"13ubrt8QOOCPljQ2FL1Kca,5he5w2lnU9x7JFhnwcekXX,4e7qJTThm5uI3CplqZObfT,5XJdV8h0NLbf3CZdfwX3lg","A$AP Rocky,Skrillex,Birdy Nam Nam,Lord Flacko","13299639,7880238,123947,1609","81,75,47,45",2013,year,67,2024-01-08
0.825,0.575,11,-4.87,1,0.0633,0.025,9.94e-06,0.205,0.65,153.954,299960,4,0zO8ctW0UiuOefR87OeJOZ,Collard Greens,62y3BHKehWnb1hlaPclDAA,"5IcR3N7QB1j6KBL8eImZ8m,2YZyLoL8N0Wb9xBt1NhZWg","ScHoolboy Q,Kendrick Lamar","4616817,26526500","70,87",2014-01-01,day,79,2024-01-08
0.688,0.904,1,-2.234,1,0.106,0.0229,0.0,0.0909,0.71,127.887,212427,4,0UAmPUdpTRq8w54B3H8TzY,Ain't Worried About Nothin,62y3BHKehWnb1hlaPclDAA,6vXTefBL93Dj5IqAWq6OTv,French Montana,5255986,73,2013-01-01,day,42,2024-01-08
0.676,0.637,11,-6.856,1,0.322,0.0021,0.0,0.271,0.146,144.976,239987,4,6aD178OGxT0Z1NU36g52X5,9 Piece,62y3BHKehWnb1hlaPclDAA,"1sBkRIssrMs1AbVkOJbc7a,55Aa2cqylxrFIXC767Z865","Rick Ross,Lil Wayne","7103142,14232381","76,85",2011-01-01,day,43,2024-01-08
0.675,0.673,1,-4.033,0,0.358,0.0471,0.0,0.218,0.637,140.036,236893,4,48tybOd2kxWaMjnYrEWTvY,Tupac Back (feat. Rick Ross),62y3BHKehWnb1hlaPclDAA,"20sxb77xiYeusSH8cVdatc,1sBkRIssrMs1AbVkOJbc7a","Meek Mill,Rick Ross","7704881,7103142","73,76",2011-05-23,day,42,2024-01-08
0.712,0.758,9,-4.835,1,0.26,0.343,0.0,0.141,0.903,140.02,266000,4,3KRsRqcimXCJ6uzVm6iPSx,Round of Applause (feat. Drake),62y3BHKehWnb1hlaPclDAA,"6f4XkbvYlXMH0QgVRzW0sM,3TVXtAsR1Inumwj472S9r4","Waka Flocka Flame,Drake","2684309,83626299","64,96",2011-10-14,day,39,2024-01-08
0.887,0.673,10,-6.846,0,0.0503,0.0743,4.06e-05,0.124,0.491,105.113,219227,4,3keUgTGEoZJt0QkzTB6kHg,Truffle Butter,62y3BHKehWnb1hlaPclDAA,"0hCNtLu0JehylgoiP8L4Gh,3TVXtAsR1Inumwj472S9r4,55Aa2cqylxrFIXC767Z865","Nicki Minaj,Drake,Lil Wayne","30496118,83626299,14232381","88,96,85",2015-01-23,day,60,2024-01-08
0.859,0.627,6,-7.91,0,0.13,0.0388,0.000202,0.101,0.594,142.062,260453,4,5uqphUYsR45kPYplrYSAQh,Throw Sum Mo,62y3BHKehWnb1hlaPclDAA,"7iZtZyCzp3LItcw1wtPI3D,0hCNtLu0JehylgoiP8L4Gh,50co4Is1HCEo8bhOyUWKpn","Rae Sremmurd,Nicki Minaj,Young Thug","7361248,30496118,9355686","71,88,83",2015-01-06,day,66,2024-01-08
0.747,0.571,11,-7.916,1,0.478,0.38,0.0,0.534,0.553,172.104,181933,4,79XrkTOfV1AqySNjVlygpW,Energy,62y3BHKehWnb1hlaPclDAA,3TVXtAsR1Inumwj472S9r4,Drake,83626299,96,2015-02-12,day,74,2024-01-08
0.714,0.563,1,-7.574,1,0.0723,0.0266,0.0,0.0776,0.31,100.091,241853,4,1ID1QFSNNxi0hiZCNcwjUC,Legend,62y3BHKehWnb1hlaPclDAA,3TVXtAsR1Inumwj472S9r4,Drake,83626299,96,2015-02-12,day,68,2024-01-08
0.825,0.756,11,-3.687,0,0.383,0.265,2.15e-06,0.0762,0.888,172.938,177733,4,12d5QFwzh60IIHlsSnAvps,10 Bands,62y3BHKehWnb1hlaPclDAA,3TVXtAsR1Inumwj472S9r4,Drake,83626299,96,2015-02-12,day,67,2024-01-08
0.746,0.873,7,-3.803,1,0.128,0.0244,0.0,0.354,0.817,148.075,222093,4,2d8JP84HNLKhmd6IYOoupQ,Trap Queen,62y3BHKehWnb1hlaPclDAA,6PXS4YHDkKvl1wkIl4V8DL,Fetty Wap,4557581,69,2015-09-25,day,78,2024-01-08
0.861,0.651,9,-4.718,0,0.111,0.0739,0.0,0.211,0.421,122.985,310907,4,79reBHqpRoWXaQbjBBY3UC,All Day,62y3BHKehWnb1hlaPclDAA,"5K4W6rqBFWDnAN6FQUkS6x,4EMtGVFvfCSrEmWaGV0roE,1tUALn7PEhW7LpMuxvat2x,4STHEaNw4mPZ2tzheohgXB","Kanye West,Theophilus London,Allan Kingdom,Paul McCartney","22986248,159600,41932,4642978","91,49,43,75",2015-03-02,day,63,2024-01-08
0.72,0.412,11,-8.687,0,0.223,0.196,0.0,0.342,0.179,114.408,275840,4,5InOp6q2vvx0fShv3bzFLZ,Know Yourself,62y3BHKehWnb1hlaPclDAA,3TVXtAsR1Inumwj472S9r4,Drake,83626299,96,2015-02-12,day,70,2024-01-08
0.821,0.759,8,-8.541,1,0.121,0.247,0.0,0.321,0.962,140.01,185143,4,5RIVoVdkDLEygELLCniZFr,Watch Me (Whip / Nae Nae),62y3BHKehWnb1hlaPclDAA,7juKTDFlPesGeWQ1GmjmOv,Silentó,222916,48,2015-05-04,day,67,2024-01-08
0.874,0.568,11,-5.896,0,0.224,0.0698,1.38e-05,0.149,0.46,139.995,237400,4,49zD0wr2S3d0lZPib0K4e1,F*ck Up Some Commas,62y3BHKehWnb1hlaPclDAA,1RyvyyTE3xzB2ZywiAwp0i,Future,15692678,88,2015-07-17,day,68,2024-01-08
0.883,0.486,11,-8.175,1,0.271,0.0164,0.0,0.461,0.462,134.985,189884,4,3KGQPtjS7kjEwMizD1bvC8,Nasty (feat. Dro),62y3BHKehWnb1hlaPclDAA,"5oSFZH3AgLRQxBi87McLjP,01dlLJybM3GViX6MmleD2N","Bandit Gang Marco,Dro","48591,3","25,16",2015-01-20,day,29,2024-01-08
0.762,0.611,9,-5.462,0,0.0876,0.122,0.000315,0.141,0.386,99.934,206760,4,4fUh9VvKW4shhWN5LfN1Ba,Be Real (feat. DeJ Loaf),62y3BHKehWnb1hlaPclDAA,"6KZDXtSj0SzGOV705nNeh3,7kFfY4UjNdNyaeUgLIEbIF","Kid Ink,DeJ Loaf","2988092,1672165","64,63",2015-01-02,day,57,2024-01-08
0.726,0.607,2,-7.68,1,0.0498,0.0389,0.0,0.19,0.891,81.997,176744,4,4T0ScSPdQKmGvruK7pavNP,"Flex (Ooh, Ooh, Ooh)",62y3BHKehWnb1hlaPclDAA,5lHRUCqkQZCIWeX7xG4sYT,Rich Homie Quan,2800643,63,2015-02-10,day,66,2024-01-08
0.618,0.717,7,-5.738,1,0.318,0.00256,0.0,0.625,0.603,190.05,196693,4,5NQbUaeTEOGdD6hHcre0dZ,679 (feat. Remy Boyz),62y3BHKehWnb1hlaPclDAA,"6PXS4YHDkKvl1wkIl4V8DL,2s0yxtiHiyGe6CY4mbDYFi","Fetty Wap,Remy Boyz","4557581,16484","69,56",2015-06-29,day,77,2024-01-08
0.748,0.741,6,-3.103,1,0.0531,0.00419,0.0,0.147,0.537,128.077,213053,4,1WoOzgvz6CgH4pX6a1RKGp,My Way (feat. Monty),62y3BHKehWnb1hlaPclDAA,"6PXS4YHDkKvl1wkIl4V8DL,1Wnfj5qZsp8nPsGBBRRa4W","Fetty Wap,Monty","4557581,17217","69,54",2015-09-25,day,69,2024-01-08
0.893,0.48,1,-3.728,0,0.356,0.00855,0.0,0.116,0.382,86.976,170638,4,5lFDtgWsjRJu8fPOAyJIAK,Back To Back,62y3BHKehWnb1hlaPclDAA,3TVXtAsR1Inumwj472S9r4,Drake,83626299,96,2015-07-31,day,70,2024-01-08
0.748,0.733,11,-4.421,0,0.072,0.0062,0.0,0.329,0.291,93.019,312240,4,3ESSGgWzRf1xvP7G5hHMhB,Again,62y3BHKehWnb1hlaPclDAA,6PXS4YHDkKvl1wkIl4V8DL,Fetty Wap,4557581,69,2015-09-25,day,70,2024-01-08
0.891,0.628,2,-7.863,1,0.0551,0.00258,0.00019,0.0504,0.552,134.966,267067,4,0wwPcA6wtMf6HUMpIRdeP7,Hotline Bling,62y3BHKehWnb1hlaPclDAA,3TVXtAsR1Inumwj472S9r4,Drake,83626299,96,2016-05-06,day,81,2024-01-08
0.795,0.277,2,-12.151,0,0.0338,0.29,0.0082,0.103,0.134,108.027,233059,4,5s6edeRROhA64R7E1eNEu4,Faded Fantasy,62y3BHKehWnb1hlaPclDAA,1HzEFKpZGuuGrQ6UNyGwk0,Michael Veli,613,14,2021-09-13,day,11,2024-01-08
0.812,0.609,11,-8.283,0,0.222,0.18,0.0,0.233,0.644,140.047,221571,3,2pQUZWGfOZgzsF6JCShpUQ,Hate,62y3BHKehWnb1hlaPclDAA,34A2di0O5wEfdTvD0fSmWK,Adam Ronel,86,0,2018-12-07,day,0,2024-01-08
0.755,0.884,8,-3.657,0,0.422,0.209,0.0,0.205,0.528,100.021,175385,4,45ow4VUKJDbbsLhbmjyydt,Act Right,62y3BHKehWnb1hlaPclDAA,"6ZabjoNuXFmgVXMvn97I4q,72xPIn3AXVj8KsRWDvtrWG,7MHhTZbxn2XRwXK4s2BFO6","FlipN'Gawd,Lucid,Rico Act","829,3746,7207","2,17,38",2018-11-23,day,0,2024-01-08
0.738,0.611,2,-9.517,1,0.125,0.13,0.0,0.0825,0.509,125.064,253442,4,3RgGKsqjhUYptGgJYHWfFF,Rendezvous,62y3BHKehWnb1hlaPclDAA,4YYuaF1hvTEt1P4jsM8udC,SHERIF,2305,11,2018-10-26,day,6,2024-01-08
0.599,0.762,6,-5.543,1,0.0947,0.699,0.000185,0.238,0.73,114.023,244090,4,7kcCCPRQ9xv7JdYUzqWDxk,Revenge,62y3BHKehWnb1hlaPclDAA,"0LGeSGlqhn2Fe7XB4SbeWK,332EMoCvOe0jsW0vXmvYiE","Bune,Bill $aber","33,0","0,0",2018-11-06,day,0,2024-01-08
0.613,0.882,10,-6.248,1,0.248,0.483,0.0,0.231,0.732,92.413,167367,4,5XEu8x6EaJiQRPeKMAJuTY,4eva More,62y3BHKehWnb1hlaPclDAA,34A2di0O5wEfdTvD0fSmWK,Adam Ronel,86,0,2018-07-24,day,0,2024-01-08
0.852,0.553,1,-7.286,1,0.187,0.0559,0.0,0.332,0.656,142.079,205879,4,27GmP9AWRs744SzKcpJsTZ,Jumpman,62y3BHKehWnb1hlaPclDAA,"3TVXtAsR1Inumwj472S9r4,1RyvyyTE3xzB2ZywiAwp0i","Drake,Future","83626299,15692678","96,88",2015-09-20,day,74,2024-01-08
0.741,0.488,8,-8.253,1,0.362,0.000235,0.0,0.0488,0.625,160.018,181081,4,4OjuzM3rTWp3q60mEldNSF,Hit the Quan - Original Version,62y3BHKehWnb1hlaPclDAA,3GsIlcwgQDJVjHD82mbA0Z,iLoveMemphis,111857,39,2015-10-09,day,59,2024-01-08
0.813,0.453,1,-6.941,1,0.338,0.0933,0.0,0.14,0.191,161.997,208027,4,5nN8BwAQDJDguq7Dpd3JQQ,Where Ya At (feat. Drake),62y3BHKehWnb1hlaPclDAA,"1RyvyyTE3xzB2ZywiAwp0i,3TVXtAsR1Inumwj472S9r4","Future,Drake","15692678,83626299","88,96",2015-07-17,day,69,2024-01-08
0.713,0.526,1,-5.046,1,0.032,0.00767,0.000148,0.124,0.131,131.05,262693,4,1wHZx0LgzFHyeIZkUydNXq,Antidote,62y3BHKehWnb1hlaPclDAA,0Y5tJX1MQlPlqiwlOH1tJY,Travis Scott,26203362,91,2015-09-04,day,77,2024-01-08
0.883,0.85,10,-4.053,0,0.361,0.308,0.0,0.368,0.711,150.138,146000,4,0z9hbAY5d0RhmvZr3DWMPK,Do It Like Me,62y3BHKehWnb1hlaPclDAA,2wr9il91kGyzsfs4ypVr02,DLOW,28443,24,2016-03-18,day,44,2024-01-08
0.816,0.813,6,-7.798,0,0.0664,0.0662,2.77e-06,0.602,0.436,127.979,307640,4,7vWFaMq63AwkFDhS2OAg5u,The Time (Dirty Bit),62y3BHKehWnb1hlaPclDAA,1yxSLGMDHlW21z4YXirZDS,Black Eyed Peas,7879760,79,2010-01-01,day,72,2024-01-08
0.931,0.456,4,-6.206,1,0.348,0.153,0.0,0.0914,0.522,99.048,189053,4,1YNC4CuWPLfmJ7V0xgSObY,You're a Jerk,62y3BHKehWnb1hlaPclDAA,1ZKqrja0WvbSssYNFO3lzs,New Boyz,410492,48,2009-06-16,day,32,2024-01-08
0.762,0.661,1,-6.075,0,0.0687,0.15,0.0,0.256,0.769,130.009,225373,4,1hGy2eLcmC8eKx7qr1tOqx,Beautiful Girls,62y3BHKehWnb1hlaPclDAA,6S0dmVVn4udvppDhZIWxCr,Sean Kingston,3201846,68,2007-07-23,day,81,2024-01-08
0.829,0.428,0,-9.469,1,0.0831,0.056,0.00413,0.137,0.45,148.075,299333,4,4P7VFiaZb3xrXoqGwZXC3J,Lollipop,62y3BHKehWnb1hlaPclDAA,"55Aa2cqylxrFIXC767Z865,3pbi8H08p95NUZ7m6ybxUV","Lil Wayne,Static Major","14232381,8324","85,59",2008-06-10,day,72,2024-01-08
0.617,0.754,7,-5.172,1,0.0369,0.000535,0.0,0.0668,0.487,113.182,232520,4,2vVc2G9w2JteBgxpSUVwX5,Let It Rock,62y3BHKehWnb1hlaPclDAA,"0Chxmm4XMM87mJOHvyiUzL,55Aa2cqylxrFIXC767Z865","Kevin Rudolf,Lil Wayne","143265,14232381","50,85",2008,year,45,2024-01-08
0.674,0.695,6,-8.636,0,0.278,0.0387,0.00202,0.194,0.773,151.486,221840,4,6ScJMrlpiLfZUGtWp4QIVt,A Milli,62y3BHKehWnb1hlaPclDAA,55Aa2cqylxrFIXC767Z865,Lil Wayne,14232381,85,2008-06-10,day,72,2024-01-08
0.729,0.658,10,-3.386,0,0.225,0.0506,0.0,0.0693,0.551,140.043,250667,3,3wKKkGVn7cVSfgPeYYIiXG,Kiss Kiss (feat. T-Pain),62y3BHKehWnb1hlaPclDAA,"7bXgB6jMjp9ATFy66eO08Z,3aQeKQSyrW4qWr35idm0cy","Chris Brown,T-Pain","20955452,4615060","86,76",2007-11-06,day,74,2024-01-08
0.69,0.834,0,-5.79,1,0.0566,0.129,0.0,0.136,0.738,127.43,222933,4,4ycLiPVzE5KamivXrAzGFG,Fuck You,62y3BHKehWnb1hlaPclDAA,5nLYd9ST4Cnwy6NHaCxbj8,CeeLo Green,597479,65,2010-11-09,day,68,2024-01-08
0.356,0.831,7,-1.796,1,0.19,0.153,0.0,0.256,0.234,168.177,238733,4,4p81HJYZufVOTYYpQBT1om,Coming Home,62y3BHKehWnb1hlaPclDAA,"2QYEvpsWUOjqaYuxDPTCmV,4utLUGcTvOJFr6aqIJtYWV","Diddy - Dirty Money,Skylar Grey","126079,586254","51,66",2010-01-01,day,16,2024-01-08
0.617,0.717,10,-7.858,0,0.153,0.00564,0.0,0.408,0.49,103.992,311867,4,0j2T0R9dR9qdJYsB7ciXhf,Stronger,62y3BHKehWnb1hlaPclDAA,5K4W6rqBFWDnAN6FQUkS6x,Kanye West,22986248,91,2007-09-11,day,85,2024-01-08
0.844,0.601,1,-5.283,1,0.157,0.0205,0.0,0.385,0.331,73.989,242013,4,4AYX69oFP3UOS1CFmV9UfO,Bottoms Up (feat. Nicki Minaj),62y3BHKehWnb1hlaPclDAA,"2iojnBLj0qIMiKPvVhLnsH,0hCNtLu0JehylgoiP8L4Gh","Trey Songz,Nicki Minaj","7381157,30496118","68,88",2010-09-14,day,75,2024-01-08
0.611,0.689,7,-4.976,1,0.041,0.00455,0.0,0.514,0.704,144.992,253000,4,5kGCh49aqeRMkEOhQ9mcrW,Party Like A Rock Star,62y3BHKehWnb1hlaPclDAA,3v3clM1KQgVfpPjKJFPAmx,SHOP BOYZ,137255,45,2007-01-01,day,46,2024-01-08
0.633,0.673,6,-6.403,0,0.258,0.297,0.0,0.206,0.659,86.776,211160,4,2M9ULmQwTaTGmAdXaXpfz5,Billionaire (feat. Bruno Mars),62y3BHKehWnb1hlaPclDAA,"7o9Nl7K1Al6NNAHX6jn6iG,0du5cEVh5yTK9QJze8zA0C","Travie McCoy,Bruno Mars","368071,52986983","60,87",2010-03-09,day,76,2024-01-08
0.375,0.862,11,-3.363,0,0.255,0.071,0.0,0.211,0.478,159.841,338853,4,3jlbL2OTD5YmIunYzgQTAN,Live Your Life,62y3BHKehWnb1hlaPclDAA,"4OBJLual30L7gRl5UkeRcT,5pKCCKE2ajJHZ9KAiaK11H","T.I.,Rihanna","4683892,58780253","73,89",2008-09-07,day,77,2024-01-08
0.794,0.711,8,-5.124,0,0.0699,0.3,0.0,0.0955,0.955,174.915,189109,4,1ExfPZEiahqhLyajhybFeS,The Lazy Song,62y3BHKehWnb1hlaPclDAA,0du5cEVh5yTK9QJze8zA0C,Bruno Mars,52986983,87,2010-10-05,day,76,2024-01-08
0.663,0.91,1,-1.629,1,0.317,0.0719,0.0,0.244,0.342,144.993,229227,4,3e21cX0CVwzkQXiHz7WUQZ,Drop The World,62y3BHKehWnb1hlaPclDAA,"55Aa2cqylxrFIXC767Z865,7dGJo4pcD2V6oG8kP0tJRR","Lil Wayne,Eminem","14232381,80373039","85,90",2009-01-01,day,66,2024-01-08
0.792,0.589,4,-6.869,0,0.262,0.0259,0.000128,0.114,0.778,157.147,207587,4,0tYPj0NYa7vjlJaqlRSnJb,Chain Hang Low,62y3BHKehWnb1hlaPclDAA,4USNIVeRwXIAdbVSTqelbh,Jibbs,102163,40,2006-01-01,day,59,2024-01-08
0.832,0.391,8,-8.504,1,0.0628,0.0564,0.0,0.224,0.436,104.961,238800,4,1RGIjMFMgJxkZHMDXVYzOJ,Bartender (feat. Akon),62y3BHKehWnb1hlaPclDAA,"3aQeKQSyrW4qWr35idm0cy,0z4gvV4rjIZ9wHck67ucSV","T-Pain,Akon","4615060,4188769","76,80",2007-06-05,day,77,2024-01-08
0.629,0.696,1,-5.572,0,0.348,0.0195,0.0,0.0554,0.623,93.034,207627,4,1PS1QMdUqOal0ai3Gt7sDQ,Gold Digger,62y3BHKehWnb1hlaPclDAA,"5K4W6rqBFWDnAN6FQUkS6x,7LnaAXbDVIL75IVPnndf7w","Kanye West,Jamie Foxx","22986248,1172176","91,68",2005-08-30,day,84,2024-01-08
0.627,0.614,6,-6.006,0,0.17,0.0211,0.0,0.0286,0.758,96.038,208947,4,4BycRneKmOs6MhYG9THsuX,Find Your Love,62y3BHKehWnb1hlaPclDAA,3TVXtAsR1Inumwj472S9r4,Drake,83626299,96,2010-01-01,day,69,2024-01-08
0.871,0.44,11,-6.25,0,0.0761,0.499,4.15e-06,0.114,0.799,137.996,221267,4,5FEXPoPnzueFJQCPRIrC3c,Day 'N' Nite (nightmare),62y3BHKehWnb1hlaPclDAA,0fA0VVWsXO9YnASrzqfmYu,Kid Cudi,6788413,79,2009-09-15,day,69,2024-01-08
0.705,0.882,11,-3.201,0,0.0445,0.000369,1.16e-06,0.0934,0.7,130.0,241667,4,2QtxlzvSBONjs1bDC34ixs,Yeah 3x,62y3BHKehWnb1hlaPclDAA,7bXgB6jMjp9ATFy66eO08Z,Chris Brown,20955452,86,2011-03-22,day,71,2024-01-08
0.534,0.813,9,-5.902,1,0.406,0.0695,0.0,0.606,0.548,149.613,205133,4,1kEp3Po9RUPm11N5ITOUWx,Pop Bottles - Main,62y3BHKehWnb1hlaPclDAA,"35sCXuy5gN6Or69rZ9vqBs,55Aa2cqylxrFIXC767Z865","Birdman,Lil Wayne","1285117,14232381","60,85",2007-01-01,day,55,2024-01-08
0.584,0.531,0,-6.907,1,0.375,0.0115,0.0,0.126,0.346,94.907,223080,4,55DuTmvSGwNQR4cBgqYuYL,Dope,62y3BHKehWnb1hlaPclDAA,"5LHRHt1k9lMyONurDHEdrp,1sBkRIssrMs1AbVkOJbc7a","Tyga,Rick Ross","6848796,7103142","78,76",2013-01-01,day,45,2024-01-08
0.503,0.856,11,-5.024,0,0.286,0.0114,0.0,0.256,0.339,102.28,198280,5,66TxPMqbyDLJOusYH4o93n,MegaMan,62y3BHKehWnb1hlaPclDAA,55Aa2cqylxrFIXC767Z865,Lil Wayne,14232381,85,2011-08-29,day,60,2024-01-08
0.662,0.763,1,-8.455,1,0.377,0.0389,0.0,0.103,0.566,170.031,225307,4,5aooThgj87ID0vgiyvcjPM,I'm Goin In,62y3BHKehWnb1hlaPclDAA,"3TVXtAsR1Inumwj472S9r4,55Aa2cqylxrFIXC767Z865,4yBK75WVCQXej1p04GWqxH","Drake,Lil Wayne,Jeezy","83626299,14232381,2381764","96,85,69",2009-09-15,day,66,2024-01-08
0.59,0.542,9,-7.849,1,0.329,0.00152,0.0,0.364,0.48,122.482,233680,5,31VM9uxtem39xmT0dfDiSU,Muthaf**ka Up,62y3BHKehWnb1hlaPclDAA,"5LHRHt1k9lMyONurDHEdrp,0hCNtLu0JehylgoiP8L4Gh","Tyga,Nicki Minaj","6848796,30496118","78,88",2012-01-01,day,39,2024-01-08
0.444,0.627,7,-8.744,0,0.252,0.123,0.0,0.0795,0.359,98.21,206627,3,0m1KYWlT6LhFRBDVq9UNx4,HYFR (Hell Ya Fucking Right),62y3BHKehWnb1hlaPclDAA,"3TVXtAsR1Inumwj472S9r4,55Aa2cqylxrFIXC767Z865","Drake,Lil Wayne","83626299,14232381","96,85",2011-11-15,day,73,2024-01-08
0.636,0.566,6,-7.16,0,0.106,0.365,0.000353,0.0917,0.425,151.894,235987,4,6LxSe8YmdPxy095Ux6znaQ,Headlines,62y3BHKehWnb1hlaPclDAA,3TVXtAsR1Inumwj472S9r4,Drake,83626299,96,2011-11-15,day,81,2024-01-08
0.617,0.588,1,-6.302,1,0.464,0.0369,0.0,0.514,0.878,132.164,223173,4,3SShjQBczSt1HMpWA9zbwE,Rich As Fuck,62y3BHKehWnb1hlaPclDAA,"55Aa2cqylxrFIXC767Z865,17lzZA2AlOHwCwFALHttmp","Lil Wayne,2 Chainz","14232381,8017349","85,75",2013-01-01,day,67,2024-01-08
0.483,0.894,9,-3.9,1,0.223,0.0407,0.0,0.282,0.278,139.858,276040,4,69yfbpvmkIaB10msnKT7Q5,Radioactive,62y3BHKehWnb1hlaPclDAA,"53XhwfbYqKCa1cC15pYq2q,2YZyLoL8N0Wb9xBt1NhZWg","Imagine Dragons,Kendrick Lamar","51482131,26526500","86,87",2014-01-01,day,64,2024-01-08
0.546,0.651,1,-7.601,1,0.3,0.000739,0.0,0.235,0.646,77.878,212653,4,3aGibUHhQyBsyumYHylw0K,Backseat Freestyle,62y3BHKehWnb1hlaPclDAA,2YZyLoL8N0Wb9xBt1NhZWg,Kendrick Lamar,26526500,87,2012,year,69,2024-01-08
0.531,0.665,8,-6.672,0,0.286,0.0607,0.0,0.131,0.8,73.726,226293,4,0yQw3d0iQDjMrxaVHFv77J,Strange Clouds (feat. Lil Wayne),62y3BHKehWnb1hlaPclDAA,"5ndkK3dpZLKtBklKjxNQwT,55Aa2cqylxrFIXC767Z865","B.o.B,Lil Wayne","2078336,14232381","71,85",2012-04-27,day,58,2024-01-08
0.738,0.818,1,-4.973,1,0.0392,0.0159,1.91e-05,0.235,0.489,150.032,228280,4,2g6zbVqZvnc1dk6cYUhr5g,Ray Bands,62y3BHKehWnb1hlaPclDAA,5ndkK3dpZLKtBklKjxNQwT,B.o.B,2078336,71,2012-04-27,day,49,2024-01-08
0.654,0.75,8,-7.509,0,0.105,0.244,0.0178,0.167,0.557,92.773,272507,4,7r6PigmGzlB3YPB7wvBBbi,No Church In The Wild,62y3BHKehWnb1hlaPclDAA,"3nFkdlSjzX9mRTtwJOzDYB,5K4W6rqBFWDnAN6FQUkS6x,2h93pZq0e7k5yf4dywlkpM,1W3FSF1BLpY3hlVIgvenLz","JAY-Z,Kanye West,Frank Ocean,The-Dream","8801570,22986248,12648718,1271356","82,91,83,62",2011-08-08,day,77,2024-01-08
0.594,0.73,0,-4.638,0,0.159,0.0408,0.000164,0.715,0.378,133.88,256707,4,2eqOjSC8dY1iFrQiJGPDOX,Who Gon Stop Me,62y3BHKehWnb1hlaPclDAA,"3nFkdlSjzX9mRTtwJOzDYB,5K4W6rqBFWDnAN6FQUkS6x","JAY-Z,Kanye West","8801570,22986248","82,91",2011-08-08,day,54,2024-01-08
0.902,0.622,9,-6.907,0,0.348,0.151,0.000344,0.0934,0.243,119.985,273143,4,3D9taoYmHLUAXAjpz2CjJ0,Choices (Yup),62y3BHKehWnb1hlaPclDAA,3crnzLy8R4lVwaigKEOz7V,E-40,861320,66,2015-08-07,day,27,2024-01-08
0.434,0.695,10,-7.464,0,0.485,0.0168,0.0,0.834,0.16,167.309,318840,4,57hCSu4zMTdnSum7NBL1Ye,Lord Knows (feat. Tory Lanez),62y3BHKehWnb1hlaPclDAA,"20sxb77xiYeusSH8cVdatc,2jku7tDXc6XoB6MO2hFuqg","Meek Mill,Tory Lanez","7704881,6302994","73,80",2015-06-29,day,59,2024-01-08
0.67,0.75,11,-4.954,1,0.205,0.0103,0.0,0.338,0.529,94.405,170883,4,37EDnGj3yFe5Hs4Zk3s3YF,Monster,62y3BHKehWnb1hlaPclDAA,20sxb77xiYeusSH8cVdatc,Meek Mill,7704881,73,2015-03-03,day,51,2024-01-08
0.912,0.644,11,-6.63,1,0.288,0.00714,0.0,0.107,0.492,95.999,225040,4,0kIHfcHGFGm5xb0dSlKEdp,Hood Go Crazy,62y3BHKehWnb1hlaPclDAA,"6UBA15slIuadJ8h2lPRPos,17lzZA2AlOHwCwFALHttmp,5ndkK3dpZLKtBklKjxNQwT","Tech N9ne,2 Chainz,B.o.B","2724601,8017349,2078336","66,75,71",2015-05-04,day,62,2024-01-08
0.79,0.621,1,-7.634,1,0.275,0.333,0.0,0.122,0.15,118.895,252040,4,1bzM1cd6oqFozdr4wK6HdR,Blessings,62y3BHKehWnb1hlaPclDAA,"0c173mlxpT3dSFRgMO8XPh,3TVXtAsR1Inumwj472S9r4","Big Sean,Drake","11115824,83626299","75,96",2015-02-24,day,64,2024-01-08
0.884,0.657,6,-4.569,0,0.0977,0.00589,0.0,0.154,0.489,107.059,234693,4,0N3W5peJUQtI4eyR6GJT5O,King Kunta,62y3BHKehWnb1hlaPclDAA,2YZyLoL8N0Wb9xBt1NhZWg,Kendrick Lamar,26526500,87,2015-03-16,day,76,2024-01-08
0.573,0.495,8,-7.245,0,0.592,0.405,0.0,0.0969,0.255,179.196,312027,3,4MRT0dDbhqFKl67WzhUbSw,Only,62y3BHKehWnb1hlaPclDAA,"0hCNtLu0JehylgoiP8L4Gh,3TVXtAsR1Inumwj472S9r4,55Aa2cqylxrFIXC767Z865,7bXgB6jMjp9ATFy66eO08Z","Nicki Minaj,Drake,Lil Wayne,Chris Brown","30496118,83626299,14232381,20955452","88,96,85,86",2014-12-15,day,73,2024-01-08
0.802,0.523,5,-10.081,1,0.0729,0.58,0.0,0.115,0.521,134.01,293027,4,1nAILwCjAYvkz5rrwGFqQi,Apparently,62y3BHKehWnb1hlaPclDAA,6l3HvQ5sa6mXTsMTB19rO5,J. Cole,22394288,86,2014-12-09,day,39,2024-01-08
0.652,0.836,2,-7.179,0,0.153,0.377,0.0,0.138,0.162,123.946,272453,4,5DOR49R0fehoBmyNL8m4sN,Hell Of A Night,62y3BHKehWnb1hlaPclDAA,5IcR3N7QB1j6KBL8eImZ8m,ScHoolboy Q,4616817,70,2014-01-01,day,60,2024-01-08
0.646,0.784,1,-7.471,0,0.108,0.0166,0.0,0.0721,0.179,127.839,197132,4,78JKJfKsqgeBDBF58gv1SF,Hands on the Wheel (feat. Asap Rocky),62y3BHKehWnb1hlaPclDAA,"5IcR3N7QB1j6KBL8eImZ8m,13ubrt8QOOCPljQ2FL1Kca","ScHoolboy Q,A$AP Rocky","4616817,13299639","70,81",2012-01-14,day,70,2024-01-08
0.831,0.616,5,-5.611,1,0.153,0.0947,0.0,0.11,0.817,128.012,222867,4,6bdFbw9THAMceZtkPWXu8e,No Worries,62y3BHKehWnb1hlaPclDAA,"55Aa2cqylxrFIXC767Z865,4sglKanXuoU0gqGYP3wiNv","Lil Wayne,Detail","14232381,2672","85,44",2013-01-01,day,62,2024-01-08
0.516,0.794,3,-5.503,1,0.259,0.0454,0.0,0.157,0.582,125.352,227773,5,7CELQKrSCYpEi9OXWCBDek,Roll Up,62y3BHKehWnb1hlaPclDAA,137W8MRPWKqSmrBGDBFSop,Wiz Khalifa,11073613,80,2011-03-29,day,34,2024-01-08
0.816,0.578,10,-4.536,0,0.0986,0.0136,1.2e-05,0.0412,0.302,177.959,166707,4,2iDjCLUOGhJtz5cPHljGVd,Ass Drop,62y3BHKehWnb1hlaPclDAA,137W8MRPWKqSmrBGDBFSop,Wiz Khalifa,11073613,80,2014-08-19,day,55,2024-01-08
0.67,0.895,2,-1.438,1,0.349,0.327,0.0,0.269,0.622,111.389,216667,5,3BaridxR3bsmZw3F8ERWPj,Burn (feat. Big Sean),62y3BHKehWnb1hlaPclDAA,"20sxb77xiYeusSH8cVdatc,0c173mlxpT3dSFRgMO8XPh","Meek Mill,Big Sean","7704881,11115824","73,75",2012-09-10,day,37,2024-01-08
0.631,0.774,11,-2.459,1,0.3,0.468,0.0,0.281,0.44,79.745,230693,4,42zd6DYQ4o4SECmTITrM1U,Dreams and Nightmares,62y3BHKehWnb1hlaPclDAA,20sxb77xiYeusSH8cVdatc,Meek Mill,7704881,73,2012-10-26,day,77,2024-01-08
0.717,0.862,8,-4.736,1,0.054,0.00689,0.0,0.321,0.52,130.021,224933,4,1ULa3GfdMKs0MfRpm6xVlu,We Dem Boyz,62y3BHKehWnb1hlaPclDAA,137W8MRPWKqSmrBGDBFSop,Wiz Khalifa,11073613,80,2014-08-19,day,67,2024-01-08
0.789,0.501,10,-5.747,1,0.0417,0.0205,0.0,0.518,0.165,95.012,308734,4,0m7ZSgJGoOrKR7SQFSjJPw,"Main Chick (feat. Chris Brown, French Montana, Yo Gotti, Tyga & Lil Bibby) - Remix",62y3BHKehWnb1hlaPclDAA,"6KZDXtSj0SzGOV705nNeh3,7bXgB6jMjp9ATFy66eO08Z,6vXTefBL93Dj5IqAWq6OTv,6Ha4aES39QiVjR0L2lwuwq,5LHRHt1k9lMyONurDHEdrp,4uSN8Y3kgFNVULUWsZEAVW","Kid Ink,Chris Brown,French Montana,Yo Gotti,Tyga,Lil Bibby","2988092,20955452,5255986,4353152,6848796,622407","64,86,73,64,78,42",2014-07-08,day,43,2024-01-08
0.804,0.718,11,-3.902,0,0.0831,0.0595,0.0,0.387,0.323,106.097,240467,4,7EOgYEXi2w5SOcNVCjCvzy,Levels,62y3BHKehWnb1hlaPclDAA,20sxb77xiYeusSH8cVdatc,Meek Mill,7704881,73,2013-07-02,day,47,2024-01-08
0.702,0.53,10,-7.094,0,0.4,0.0867,0.0,0.058,0.681,171.051,239601,4,6qaGOYPk0tmPmPDIrRiBPM,My Nigga - Remix,62y3BHKehWnb1hlaPclDAA,"0A0FS04o6zMoto8OKPsDwY,55Aa2cqylxrFIXC767Z865,5lHRUCqkQZCIWeX7xG4sYT,20sxb77xiYeusSH8cVdatc,0hCNtLu0JehylgoiP8L4Gh","YG,Lil Wayne,Rich Homie Quan,Meek Mill,Nicki Minaj","3205645,14232381,2800643,7704881,30496118","72,85,63,73,88",2014-03-18,day,60,2024-01-08
0.667,0.608,1,-7.054,1,0.216,0.324,0.000198,0.426,0.475,99.992,241160,4,2uwnP6tZVVmTovzX5ELooy,Power Trip (feat. Miguel),62y3BHKehWnb1hlaPclDAA,"6l3HvQ5sa6mXTsMTB19rO5,360IAlyVv4PCEVjgyMZrxK","J. Cole,Miguel","22394288,4903257","86,78",2013-06-18,day,82,2024-01-08
0.766,0.74,1,-10.363,1,0.0807,0.0193,0.0784,0.229,0.183,118.008,296520,4,0Fs9cdPDhptWEDJmiCbkEW,She Knows (feat. Amber Coffman & Cults),62y3BHKehWnb1hlaPclDAA,"6l3HvQ5sa6mXTsMTB19rO5,4vpGVGgxSDcCTmqYbsOnsn,3Oim8XBPbznAa8Jj8QzNc8","J. Cole,Amber Coffman,Cults","22394288,16712,818015","86,58,69",2013-06-18,day,79,2024-01-08
0.609,0.799,9,-6.883,1,0.24,0.33,0.0,0.108,0.582,157.74,215509,4,2Fw5S2gaOSZzdN5dFoC2dj,A.D.H.D,62y3BHKehWnb1hlaPclDAA,2YZyLoL8N0Wb9xBt1NhZWg,Kendrick Lamar,26526500,87,2011-07-02,day,76,2024-01-08
0.746,0.687,1,-7.475,1,0.382,0.155,0.0,0.137,0.283,143.931,188320,4,6HfOzLLjsaXsehIFEsrxTk,Trophies,62y3BHKehWnb1hlaPclDAA,"5OrB6Jhhrl9y2PK0pSV4VP,3TVXtAsR1Inumwj472S9r4","Young Money,Drake","2999342,83626299","61,96",2014-01-01,day,77,2024-01-08
0.831,0.667,1,-8.438,1,0.188,0.0103,0.0,0.35,0.339,95.073,206667,4,2NRUU0gP1d8Yif8CpsCW8l,Faded,62y3BHKehWnb1hlaPclDAA,"5LHRHt1k9lMyONurDHEdrp,55Aa2cqylxrFIXC767Z865","Tyga,Lil Wayne","6848796,14232381","78,85",2012-01-01,day,58,2024-01-08
0.611,0.464,10,-8.068,0,0.294,0.0171,0.214,0.0794,0.274,127.766,243413,4,3PBC860LAeS4utDAqlqIe2,F*ckwithmeyouknowigotit,62y3BHKehWnb1hlaPclDAA,"3nFkdlSjzX9mRTtwJOzDYB,1sBkRIssrMs1AbVkOJbc7a","JAY-Z,Rick Ross","8801570,7103142","82,76",2013-07-04,day,57,2024-01-08
0.697,0.849,10,-4.953,0,0.248,0.228,4.52e-05,0.493,0.734,81.956,192067,4,31G9RaSaDOI2NWcpnIp734,Goldie,62y3BHKehWnb1hlaPclDAA,13ubrt8QOOCPljQ2FL1Kca,A$AP Rocky,13299639,81,2013,year,66,2024-01-08
0.495,0.722,6,-8.108,0,0.357,0.0697,0.0,0.113,0.539,175.627,239267,4,4tqcoej1zPvwePZCzuAjJd,Wet Dreamz,62y3BHKehWnb1hlaPclDAA,6l3HvQ5sa6mXTsMTB19rO5,J. Cole,22394288,86,2014-12-09,day,86,2024-01-08
0.848,0.55,9,-11.039,1,0.0649,0.289,0.00525,0.0799,0.191,116.967,216000,4,3peT1g9UCIh1zN1NVwOGZt,2 Bitches,62y3BHKehWnb1hlaPclDAA,50co4Is1HCEo8bhOyUWKpn,Young Thug,9355686,83,2014-07-01,day,40,2024-01-08
0.667,0.581,0,-5.164,0,0.323,0.0428,0.0,0.183,0.368,110.953,230693,4,1jk9c0gZI0wbn5GvAj7PBV,Check,62y3BHKehWnb1hlaPclDAA,50co4Is1HCEo8bhOyUWKpn,Young Thug,9355686,83,2015-04-16,day,66,2024-01-08
0.959,0.598,8,-5.534,1,0.0713,0.0358,0.0,0.358,0.408,127.029,213000,4,33JcUj9qQDayKswunZP9ar,Best Friend,62y3BHKehWnb1hlaPclDAA,50co4Is1HCEo8bhOyUWKpn,Young Thug,9355686,83,2015-11-20,day,61,2024-01-08
0.801,0.802,1,-5.516,1,0.434,0.0445,0.0,0.388,0.777,82.115,202031,4,3tZlxGCaynTIKK83TF4uPB,Old English,62y3BHKehWnb1hlaPclDAA,"50co4Is1HCEo8bhOyUWKpn,5dHt1vcEm9qb8fCyLcB3HL,0Y4inQK6OespitzD6ijMwb","Young Thug,A$AP Ferg,Freddie Gibbs","9355686,3710766,1229486","83,69,64",2016-07-01,day,50,2024-01-08
0.85,0.471,1,-12.446,1,0.212,0.223,8.84e-06,0.112,0.65,113.328,138353,5,6YLwcpTAxXRLjZXetbCOmo,She Got It from Her Momma,62y3BHKehWnb1hlaPclDAA,3frX8pcZaDjdwfrXdSV7BX,The ILLEST01,67,0,2019-05-26,day,7,2024-01-08
0.891,0.419,11,-6.974,1,0.435,0.0408,6.5e-06,0.1,0.284,150.061,192993,4,0U9qtEaGRe3eF3wllSIvxD,I Love This Song,62y3BHKehWnb1hlaPclDAA,"74WfpRATA39vAriZDEy2Hg,1AMXIKqj95Jzm2cNwskUSl","Kasey Alease,Shaun Kelly","86,4","0,1",2018-07-09,day,0,2024-01-08
0.91,0.528,0,-4.894,1,0.0977,0.0091,0.0001,0.0827,0.224,145.955,184163,4,6vU0sa31iayJqgOhrYfWz5,Plastic,62y3BHKehWnb1hlaPclDAA,74WfpRATA39vAriZDEy2Hg,Kasey Alease,86,0,2018-11-08,day,0,2024-01-08
0.674,0.864,6,-6.322,0,0.211,0.04,0.0253,0.2,0.631,102.031,188697,4,4rWzdpoT0R3zdQlrkRSMv9,Dirty Wine,62y3BHKehWnb1hlaPclDAA,"7bS3jWzjnj8T5AmwdKUR5f,1RTNoadiGkzzRStD7SiH7z","R-Cue,Melissa Kate","4589,163","29,18",2019-06-21,day,38,2024-01-08
0.737,0.6,9,-9.634,1,0.264,0.0496,0.0,0.0921,0.19,180.185,202668,4,6BmuMUfRlHMgQE0vCL7VXI,Beast Side,62y3BHKehWnb1hlaPclDAA,"6eN2EOfwcNvR89LuVl81H0,0MIehjBLCitJ9RQQXEzeS4","Lightweight Literate,Yourmomlikesmymusic","2201,4034","16,24",2019-05-20,day,23,2024-01-08
0.502,0.629,5,-7.927,0,0.475,0.407,0.0,0.367,0.643,85.716,228096,4,7xZ9JwN3IB23s7Hbfd4cGq,Work Out,62y3BHKehWnb1hlaPclDAA,0nbMsckyfNWqs6kbidWdti,J. Alston,888,11,2018-12-16,day,30,2024-01-08
0.495,0.442,9,-13.139,1,0.266,0.0973,0.0,0.13,0.077,90.044,198462,4,4lc08Ite46dtoEhhCOQMTV,Deputy,62y3BHKehWnb1hlaPclDAA,"6eN2EOfwcNvR89LuVl81H0,3J0qyBq8miao9sTXOlAkWp","Lightweight Literate,Ozer","2201,12599","16,35",2019-05-20,day,13,2024-01-08
0.68,0.565,10,-7.534,1,0.0392,0.0605,0.0,0.344,0.511,100.064,159948,4,2UjjRu3TgxDcOg3UQbqdkc,Let's Get To It,62y3BHKehWnb1hlaPclDAA,59LJ3LGiYdmVO3R9Slv1mz,Raja Rose,957,13,2018-11-14,day,13,2024-01-08
0.657,0.597,11,-9.919,0,0.168,0.12,0.0,0.477,0.486,89.606,213622,4,06UOL50QYtDR5l06ohu88m,I Know There's Gonna Be (Good Times),62y3BHKehWnb1hlaPclDAA,"7A0awCXkE1FtSU8B0qwOJQ,50co4Is1HCEo8bhOyUWKpn,62DmErcU7dqZbJaDqwsqzR","Jamie xx,Young Thug,Popcaan","771809,9355686,1010978","57,83,64",2015-06-02,day,55,2024-01-08
0.795,0.523,1,-7.165,1,0.0423,0.061,0.0,0.0914,0.855,133.024,186067,4,5dNfHmqgr128gMY2tc5CeJ,Ignition - Remix,62y3BHKehWnb1hlaPclDAA,2mxe0TnaNL039ysAj51xPQ,R. Kelly,2459314,65,2003,year,70,2024-01-08
0.546,0.712,3,-3.104,0,0.0269,0.000969,0.0,0.406,0.489,150.154,206333,4,6ATrsVaZT7XjkCynxM8cTS,Turn My Swag On,62y3BHKehWnb1hlaPclDAA,6GMYJwaziB4ekv1Y6wCDWS,Soulja Boy,1945228,67,2008-01-01,day,65,2024-01-08
0.781,0.705,5,-5.172,0,0.363,0.271,0.0,0.363,0.726,78.01,205385,4,5TmgLf3eXrAAfNIk5bURJL,Angels (feat. Saba),62y3BHKehWnb1hlaPclDAA,"1anyVhU62p31KFi8MEzkbf,7Hjbimq43OgxaBRpFXic4x","Chance the Rapper,Saba","5947668,729825","72,61",2015-10-27,day,41,2024-01-08
0.858,0.697,2,-5.361,1,0.23,0.114,0.0,0.224,0.364,98.013,290836,4,1TkWsnheqK0gBtvh07BtNX,$ave Dat Money (feat. Fetty Wap & Rich Homie Quan),62y3BHKehWnb1hlaPclDAA,"1tqhsYv8yBBdwANFNzHtcr,6PXS4YHDkKvl1wkIl4V8DL,5lHRUCqkQZCIWeX7xG4sYT","Lil Dicky,Fetty Wap,Rich Homie Quan","1962881,4557581,2800643","59,69,63",2015-07-31,day,63,2024-01-08
0.45,0.449,2,-12.038,1,0.158,0.00792,0.0,0.173,0.14,135.822,220934,4,3gdKXck3m7MNH0IbMnvGpw,Milly Rock,62y3BHKehWnb1hlaPclDAA,3PExH6Ke8I04yK51EXG3FQ,2milly,7347,27,2015-08-17,day,41,2024-01-08
0.69,0.521,10,-8.492,0,0.339,0.324,0.0,0.0534,0.494,100.028,292799,4,68Dni7IE4VyPkTOH9mRWHr,No Role Modelz,62y3BHKehWnb1hlaPclDAA,6l3HvQ5sa6mXTsMTB19rO5,J. Cole,22394288,86,2014-12-09,day,91,2024-01-08
0.802,0.521,4,-9.871,0,0.355,0.0135,0.0,0.179,0.393,108.032,334360,4,48YCxFA6VaPwpFd7sFuwnM,100 (feat. Drake),62y3BHKehWnb1hlaPclDAA,"0NbfKEOTQCcwd6o7wSDOHI,3TVXtAsR1Inumwj472S9r4","The Game,Drake","4802782,83626299","71,96",2015-10-09,day,53,2024-01-08
0.473,0.468,10,-9.36,0,0.336,0.255,1.9e-05,0.114,0.404,179.156,170667,5,3pJdSaNkSzWpHb0sQl4sq6,Confused,62y3BHKehWnb1hlaPclDAA,1WLGlayiDpqOK8doYCiQTa,Kayla Brianna,21810,16,2018-06-15,day,10,2024-01-08
0.643,0.543,1,-9.028,0,0.445,0.648,0.0317,0.0736,0.319,165.217,210909,4,39Z3gH1BPeNCjWFblv6PJV,Ring My Line,62y3BHKehWnb1hlaPclDAA,"07ImKNH5Mue1DDlHhdId40,1h5mZb0u9bcFGeViohj87o","Park Hill,Yung Fume","1511,59615","20,41",2018-06-08,day,6,2024-01-08
0.744,0.416,6,-9.78,1,0.0848,0.508,0.000163,0.327,0.452,138.007,216500,4,3liqJgK86KQinyTdFYVy55,Clout Level Zero,62y3BHKehWnb1hlaPclDAA,4o38vEbVwY6Grwc1SRX4kp,CG the GOAT,340,4,2018-06-17,day,8,2024-01-08
0.645,0.657,7,-7.078,0,0.0467,0.0126,0.000177,0.108,0.169,145.086,198621,4,0d6nF02wXDabzjUYQIjRJY,Find a Way,62y3BHKehWnb1hlaPclDAA,22bqrVgUNDlUEvOIbC7KAM,Adrian Stresow,12084,23,2017-11-14,day,13,2024-01-08
0.893,0.635,2,-9.0,1,0.0514,0.0201,3.01e-06,0.146,0.304,127.98,285234,4,1UYLxZIL4IicS6TaPUZFTH,Blasé (feat. Future & Rae Sremmurd),62y3BHKehWnb1hlaPclDAA,"7c0XG5cIJTrrAgEC3ULPiq,1RyvyyTE3xzB2ZywiAwp0i,7iZtZyCzp3LItcw1wtPI3D","Ty Dolla $ign,Future,Rae Sremmurd","4870732,15692678,7361248","79,88,71",2015-11-13,day,56,2024-01-08
0.899,0.504,8,-6.758,0,0.5,0.826,0.0,0.052,0.537,129.89,207813,4,22DKsoYFV5npPXmnPpXL7i,Watch Out,62y3BHKehWnb1hlaPclDAA,17lzZA2AlOHwCwFALHttmp,2 Chainz,8017349,75,2015-07-22,day,55,2024-01-08
0.824,0.49,7,-8.391,1,0.429,0.0369,1.24e-06,0.0807,0.307,165.948,211643,4,2uTG00P1DkhB97pdITkl2O,Live From The Gutter,62y3BHKehWnb1hlaPclDAA,"3TVXtAsR1Inumwj472S9r4,1RyvyyTE3xzB2ZywiAwp0i","Drake,Future","83626299,15692678","96,88",2015-09-20,day,61,2024-01-08
0.525,0.433,6,-10.598,1,0.185,0.107,0.0,0.135,0.276,160.108,194613,4,43PuMrRfbyyuz4QpZ3oAwN,Exchange,62y3BHKehWnb1hlaPclDAA,2EMAnMvWE2eb56ToJVfCWs,Bryson Tiller,7802606,78,2015-10-02,day,82,2024-01-08
0.765,0.356,11,-5.556,0,0.195,0.223,0.0,0.0963,0.189,96.991,198293,4,3pXF1nA74528Edde4of9CC,Don't,62y3BHKehWnb1hlaPclDAA,2EMAnMvWE2eb56ToJVfCWs,Bryson Tiller,7802606,78,2015-10-02,day,86,2024-01-08
0.542,0.914,0,-4.747,0,0.113,0.0161,0.0,0.744,0.576,153.993,292093,4,2gZUPNdnz5Y45eiGxpHGSc,POWER,62y3BHKehWnb1hlaPclDAA,5K4W6rqBFWDnAN6FQUkS6x,Kanye West,22986248,91,2010-11-22,day,81,2024-01-08
0.7,0.554,1,-5.909,1,0.187,0.219,1.36e-06,0.419,0.0633,97.127,235187,4,6bxUnsSGZCmoHHU5auwtps,Beware,62y3BHKehWnb1hlaPclDAA,"0c173mlxpT3dSFRgMO8XPh,55Aa2cqylxrFIXC767Z865,5ZS223C6JyBfXasXxrRqOk","Big Sean,Lil Wayne,Jhené Aiko","11115824,14232381,7193429","75,85,77",2013-01-01,day,73,2024-01-08
0.925,0.754,0,-5.39,1,0.371,0.0588,0.0,0.0674,0.624,93.018,245613,4,3cWK4wkVasqw4SBvH2JAG8,Tipsy - Club Mix,62y3BHKehWnb1hlaPclDAA,1Zz5UxfKSSqc6hpa3xJPCw,J-Kwon,262084,51,2013-06-10,day,32,2024-01-08
0.397,0.69,2,-4.108,0,0.195,0.395,0.0,0.101,0.36,172.073,359800,4,42GcjriRK6srwHkfbkBqVl,Blood On The Leaves,62y3BHKehWnb1hlaPclDAA,5K4W6rqBFWDnAN6FQUkS6x,Kanye West,22986248,91,2013-06-18,day,67,2024-01-08
0.599,0.587,5,-5.919,1,0.0423,0.274,0.0,0.167,0.373,87.998,280787,4,7yNK27ZTpHew0c55VvIJgm,Dark Fantasy,62y3BHKehWnb1hlaPclDAA,5K4W6rqBFWDnAN6FQUkS6x,Kanye West,22986248,91,2010-11-22,day,74,2024-01-08
0.48,0.631,7,-5.488,1,0.116,0.0791,0.000105,0.149,0.515,84.164,195093,4,6MXXY2eiWkpDCezVCc0cMH,Good Morning,62y3BHKehWnb1hlaPclDAA,5K4W6rqBFWDnAN6FQUkS6x,Kanye West,22986248,91,2007-09-11,day,76,2024-01-08
0.639,0.628,6,-7.578,0,0.0399,0.0381,0.0,0.386,0.43,90.482,237507,4,5TRPicyLGbAF2LGBFbHGvO,Flashing Lights,62y3BHKehWnb1hlaPclDAA,5K4W6rqBFWDnAN6FQUkS6x,Kanye West,22986248,91,2007-09-11,day,90,2024-01-08
0.637,0.834,3,-4.686,0,0.323,0.614,0.0,0.317,0.715,87.312,193733,4,5g1vtHqi9uV7xtYeCcFOBx,Jesus Walks,62y3BHKehWnb1hlaPclDAA,5K4W6rqBFWDnAN6FQUkS6x,Kanye West,22986248,91,2004-02-10,day,74,2024-01-08
0.492,0.902,8,-2.715,0,0.308,0.105,0.0,0.877,0.591,161.219,261040,4,646iHsrMsAeI48Z2qU8WKf,House Party (feat. Young Chris),62y3BHKehWnb1hlaPclDAA,"20sxb77xiYeusSH8cVdatc,5IYKSQZErXLpHp74EIIHp1","Meek Mill,Young Chris","7704881,40494","73,31",2011-10-19,day,44,2024-01-08
0.82,0.47,8,-7.181,1,0.0458,0.00435,0.0,0.141,0.313,132.003,280173,4,2oHM9KAdFdFvDCaE4V6RST,Hate Bein' Sober,62y3BHKehWnb1hlaPclDAA,"15iVAtD3s3FsQR4w1v6M0P,3q7HBObVc0L8jNeTe5Gofh,137W8MRPWKqSmrBGDBFSop","Chief Keef,50 Cent,Wiz Khalifa","4403558,13325784,11073613","75,82,80",2012-01-01,day,78,2024-01-08
0.874,0.706,1,-5.132,1,0.207,0.182,0.0,0.334,0.895,89.961,216248,4,6Xa2q0dapj03CsRzmD0Os5,Fight Night,62y3BHKehWnb1hlaPclDAA,6oMuImdp5ZcFhWP0ESe6mG,Migos,13641028,75,2014-02-25,day,68,2024-01-08
0.788,0.627,8,-5.672,0,0.242,0.0622,0.0,0.109,0.215,127.97,148133,4,5se6K8sonaVJGu1mjj6ItC,Paradise,62y3BHKehWnb1hlaPclDAA,0c173mlxpT3dSFRgMO8XPh,Big Sean,11115824,75,2014-10-07,day,40,2024-01-08
0.921,0.525,11,-8.186,1,0.413,0.0136,0.0,0.313,0.794,130.747,160383,4,6j8lAie0mdUNreql5d5Ejz,Bobby Bitch,62y3BHKehWnb1hlaPclDAA,34Y0ldeyUv7jBvukWOGASO,Bobby Shmurda,1494221,56,2014-10-14,day,59,2024-01-08
0.831,0.783,5,-6.719,1,0.0527,0.079,1.27e-06,0.35,0.771,140.046,218440,4,0hdiDzQu1FsfaYM1NIL8ma,Molly,62y3BHKehWnb1hlaPclDAA,"5LHRHt1k9lMyONurDHEdrp,4Wjf8diP59VmPG7fi4y724,137W8MRPWKqSmrBGDBFSop,2F4vlQrJakgfJhEW93DFcZ","Tyga,Cedric Gervais,Wiz Khalifa,Mally Mall","6848796,103466,11073613,11628","78,63,80,36",2013-01-01,day,47,2024-01-08
0.739,0.498,8,-5.309,1,0.153,0.00577,0.0,0.334,0.0672,147.026,184490,4,7DpXKT1mT5yuSSoF5qA66z,I Don't Sell Molly No More,62y3BHKehWnb1hlaPclDAA,3aGFCoR8xGN6DKwvdzeSja,ILOVEMAKONNEN,362611,57,2014-12-15,day,42,2024-01-08
0.773,0.664,0,-5.603,1,0.211,0.218,0.000117,0.105,0.472,140.161,321987,4,35rSpXB5bk9ega9jsjcRts,Tuesday (feat. Drake),62y3BHKehWnb1hlaPclDAA,"3aGFCoR8xGN6DKwvdzeSja,3TVXtAsR1Inumwj472S9r4","ILOVEMAKONNEN,Drake","362611,83626299","57,96",2014-12-15,day,65,2024-01-08
0.812,0.676,1,-4.502,1,0.0491,0.0456,0.0,0.0929,0.38,114.033,268421,4,04Ila6SwYXDbdfZab8IyUV,Swerve,62y3BHKehWnb1hlaPclDAA,3aGFCoR8xGN6DKwvdzeSja,ILOVEMAKONNEN,362611,57,2014-12-15,day,34,2024-01-08
0.865,0.633,0,-7.023,0,0.107,0.0305,0.0,0.136,0.311,110.05,212213,4,7rq7HvZrCie7MmiGm8pUVC,Till I Die,62y3BHKehWnb1hlaPclDAA,6TIYQ3jFPwQSRmorSezPxX,Machine Gun Kelly,5165910,75,2015-10-16,day,58,2024-01-08
0.689,0.564,2,-6.226,1,0.136,0.187,0.0,0.0721,0.123,185.023,212947,4,1Ser4X0TKttOvo8bgdytTP,Come Get Her,62y3BHKehWnb1hlaPclDAA,7iZtZyCzp3LItcw1wtPI3D,Rae Sremmurd,7361248,71,2015-01-06,day,77,2024-01-08
0.832,0.641,1,-2.672,1,0.0458,0.0465,3.2e-06,0.337,0.232,133.06,193173,4,2RUuKIHFHjk41E7YsJ9HNP,Up Like Trump,62y3BHKehWnb1hlaPclDAA,7iZtZyCzp3LItcw1wtPI3D,Rae Sremmurd,7361248,71,2015-01-06,day,45,2024-01-08
0.727,0.599,1,-6.941,1,0.327,0.317,0.0,0.219,0.386,167.909,197133,3,0Y0TOsE1q11qgbi7c5WZsG,R.I.C.O. (feat. Drake),62y3BHKehWnb1hlaPclDAA,"20sxb77xiYeusSH8cVdatc,3TVXtAsR1Inumwj472S9r4","Meek Mill,Drake","7704881,83626299","73,96",2015-06-29,day,71,2024-01-08
0.716,0.936,1,-4.968,0,0.123,0.0318,0.0,0.367,0.799,81.508,164523,4,6Aa7aDayiQHnUw1dUvdneZ,Donald Trump,62y3BHKehWnb1hlaPclDAA,4LLpKhyESsyAXpc4laK94U,Mac Miller,9922860,81,2016-06-03,day,74,2024-01-08
0.712,0.562,10,-6.008,1,0.129,0.125,0.0,0.136,0.142,140.0,236480,4,6jmTHeoWvBaSrwWttr8Xvu,I Mean It (feat. Remo),62y3BHKehWnb1hlaPclDAA,"02kJSzxNuaWGqwubyUba0Z,7rVA45AaxEEetdqc9NngiJ","G-Eazy,Remo","5198099,1439","74,50",2014-06-20,day,71,2024-01-08
0.598,0.252,2,-15.086,1,0.0644,0.194,0.133,0.0992,0.0352,120.064,238307,4,33BC1kE0ewdO9vaB4wbct8,L$D,62y3BHKehWnb1hlaPclDAA,13ubrt8QOOCPljQ2FL1Kca,A$AP Rocky,13299639,81,2015-05-21,day,45,2024-01-08
0.813,0.563,7,-7.083,1,0.269,0.0293,0.0,0.125,0.761,83.009,208160,4,6sZv0ECT8cEW3oZtoCuVg4,Lights Please,62y3BHKehWnb1hlaPclDAA,6l3HvQ5sa6mXTsMTB19rO5,J. Cole,22394288,86,2011-09-27,day,63,2024-01-08
0.588,0.554,8,-8.406,1,0.0545,0.216,0.118,0.0619,0.496,146.133,238333,4,0m3Ze0cy8qBHSsV2exAfCw,Amazing,62y3BHKehWnb1hlaPclDAA,"5K4W6rqBFWDnAN6FQUkS6x,4yBK75WVCQXej1p04GWqxH","Kanye West,Jeezy","22986248,2381764","91,69",2008-11-24,day,67,2024-01-08
0.888,0.632,1,-3.872,1,0.219,0.19,0.0,0.101,0.662,91.979,266067,4,2NBQmPrOEEjA8VbeWOQGxO,Drop It Like It's Hot,62y3BHKehWnb1hlaPclDAA,"7hJcb9fa4alzcOq3EaNPoG,2RdwBSPQiwcmiDo9kixcl8","Snoop Dogg,Pharrell Williams","10871699,4336597","81,78",2004-01-01,day,78,2024-01-08
0.736,0.74,0,-2.18,1,0.0786,0.515,0.0,0.0468,0.803,140.141,221933,4,66TRwr5uJwPt15mfFkzhbi,Crank That (Soulja Boy),62y3BHKehWnb1hlaPclDAA,6GMYJwaziB4ekv1Y6wCDWS,Soulja Boy,1945228,67,2007-01-01,day,79,2024-01-08
0.866,0.857,9,-5.894,1,0.0664,0.13,0.0017,0.13,0.408,130.049,251440,4,3opVsyWVYEAFK9bJAG8Opa,Boom Boom Pow,62y3BHKehWnb1hlaPclDAA,1yxSLGMDHlW21z4YXirZDS,Black Eyed Peas,7879760,79,2009-01-01,day,68,2024-01-08
0.676,0.534,2,-6.901,0,0.0831,0.0594,8.59e-06,0.256,0.156,145.082,338413,4,37jTPJgwCCmIGMPB45jrPV,Holy Grail,62y3BHKehWnb1hlaPclDAA,"3nFkdlSjzX9mRTtwJOzDYB,31TPClRtHm23RisEBtV3X7","JAY-Z,Justin Timberlake","8801570,13560903","82,81",2013-07-04,day,64,2024-01-08
0.71,0.729,11,-7.01,0,0.219,0.043,5.88e-05,0.224,0.55,165.899,292067,4,15kwOUhZh4wLBhXALRdH2j,Made In America,62y3BHKehWnb1hlaPclDAA,"3nFkdlSjzX9mRTtwJOzDYB,5K4W6rqBFWDnAN6FQUkS6x,2h93pZq0e7k5yf4dywlkpM","JAY-Z,Kanye West,Frank Ocean","8801570,22986248,12648718","82,91,83",2011-08-08,day,30,2024-01-08
0.63,0.521,8,-5.515,1,0.0581,0.0324,0.0,0.349,0.0378,140.062,275733,4,64rnghzDMy4cAEMZhSOp9h,H•A•M,62y3BHKehWnb1hlaPclDAA,"5K4W6rqBFWDnAN6FQUkS6x,3nFkdlSjzX9mRTtwJOzDYB","Kanye West,JAY-Z","22986248,8801570","91,82",2011-08-12,day,56,2024-01-08
0.546,0.908,10,-1.655,0,0.417,0.215,9.47e-06,0.107,0.59,116.885,256133,5,4ljDnzzqwnRIynr1g55um4,On To The Next One,62y3BHKehWnb1hlaPclDAA,"3nFkdlSjzX9mRTtwJOzDYB,2cADQgiLMjNhbsfeN52Bf3","JAY-Z,Swizz Beatz","8801570,418448","82,61",2009-09-08,day,58,2024-01-08
0.521,0.625,1,-7.47,1,0.067,0.0301,0.0,0.121,0.136,101.019,334067,4,0r2Bul2NuCViraT2zX1l5j,Get Low,62y3BHKehWnb1hlaPclDAA,"3ciRvbBIVz9fBoPbtSYq4x,44PA0rCQXikgOWbfY7Fq7m","Lil Jon & The East Side Boyz,Ying Yang Twins","839888,1074998","61,61",2002-10-29,day,77,2024-01-08
0.866,0.749,2,-3.977,1,0.253,0.15,0.0,0.0614,0.891,92.074,250747,4,0l3GEbH3CviUytD6iX4wzg,Right Thurr,62y3BHKehWnb1hlaPclDAA,3s2wTjWxK8NOX09dmsvVOh,Chingy,932256,57,2003-01-01,day,71,2024-01-08
0.763,0.797,11,-2.274,0,0.0895,0.0583,0.0,0.299,0.648,77.003,195787,4,3rALMatm3fRoubDlouWRpi,2 Step,62y3BHKehWnb1hlaPclDAA,0PGtMx1bsqoCHCy3MB3gXA,Unk,222002,43,2006-10-03,day,43,2024-01-08
0.864,0.672,1,-5.168,0,0.261,0.00718,0.0,0.215,0.562,84.823,118933,4,0mXMr1OVZZKYmOinBaofOp,Slob On My Nob (feat. Project Pat),62y3BHKehWnb1hlaPclDAA,6EXX0GpVsILp9TGCfu7AVG,Tear Da Club Up Thugs,175663,42,2000-11-01,day,61,2024-01-08
0.682,0.723,1,-4.628,1,0.211,0.0109,0.0,0.406,0.364,80.634,263547,4,0aq7ohTG6VDYQvsnAYtA5e,Fireman - Main,62y3BHKehWnb1hlaPclDAA,55Aa2cqylxrFIXC767Z865,Lil Wayne,14232381,85,2005-01-01,day,59,2024-01-08
0.671,0.618,2,-7.495,0,0.191,0.69,0.00815,0.127,0.468,79.799,255373,4,15WOWZpw9YnE4RQQnXHQqW,President Carter,62y3BHKehWnb1hlaPclDAA,55Aa2cqylxrFIXC767Z865,Lil Wayne,14232381,85,2011-08-29,day,58,2024-01-08
0.715,0.745,9,-5.71,1,0.25,0.0311,0.0,0.0823,0.687,148.042,262440,4,2k79z9A1dbdQ8gQG8M1Zz5,Gonorrhea,62y3BHKehWnb1hlaPclDAA,"55Aa2cqylxrFIXC767Z865,3TVXtAsR1Inumwj472S9r4","Lil Wayne,Drake","14232381,83626299","85,96",2010-01-01,day,51,2024-01-08
0.413,0.815,4,-4.109,1,0.376,0.0179,0.0,0.482,0.649,72.709,244747,3,2QLWLAqMMJuiBRztcBFgvM,I Am Not A Human Being,62y3BHKehWnb1hlaPclDAA,55Aa2cqylxrFIXC767Z865,Lil Wayne,14232381,85,2010-01-01,day,44,2024-01-08
0.564,0.798,7,-5.392,1,0.227,0.274,3.44e-05,0.129,0.669,90.67,258787,5,610FzmkhFSsORpECZbjT4X,Bill Gates,62y3BHKehWnb1hlaPclDAA,55Aa2cqylxrFIXC767Z865,Lil Wayne,14232381,85,2010-01-01,day,55,2024-01-08
0.522,0.874,7,-4.738,1,0.0619,3.4e-05,1.4e-05,0.146,0.398,144.053,217333,4,5Nf7BaUIK8AsFTjrmT80zV,Prom Queen,62y3BHKehWnb1hlaPclDAA,"55Aa2cqylxrFIXC767Z865,0omFWrLn7oQeN8BuSOcP1P","Lil Wayne,Shanell","14232381,4654","85,28",2009-01-01,day,35,2024-01-08
0.488,0.821,7,-3.729,1,0.0482,0.00263,0.000514,0.287,0.354,159.992,249307,4,5VSp0XbyCq5IzNcfPL5X0t,Knockout,62y3BHKehWnb1hlaPclDAA,"55Aa2cqylxrFIXC767Z865,0hCNtLu0JehylgoiP8L4Gh","Lil Wayne,Nicki Minaj","14232381,30496118","85,88",2009-01-01,day,35,2024-01-08
0.92,0.553,6,-5.068,1,0.191,0.236,0.0,0.0767,0.947,112.022,286907,5,0EHR9OObFtjlhQB8wSt1m7,Mrs. Officer,62y3BHKehWnb1hlaPclDAA,"55Aa2cqylxrFIXC767Z865,4HgF4KnohByNElYid7iCNb,2zJoKYyLmhvsq3ORbXE7xF","Lil Wayne,Bobby V.,Kidd Kidd","14232381,945970,16547","85,60,57",2008-06-10,day,75,2024-01-08
0.916,0.301,2,-7.657,1,0.237,0.117,0.0,0.089,0.351,100.518,190595,4,3lSR267IJfT54p0Gfuw7mi,Right Hand,62y3BHKehWnb1hlaPclDAA,3TVXtAsR1Inumwj472S9r4,Drake,83626299,96,2015-07-31,day,60,2024-01-08
0.776,0.675,8,-6.224,0,0.266,0.00196,0.0,0.227,0.27,131.984,217707,4,7jslhIiELQkgW9IHeYNOWE,Big Rings,62y3BHKehWnb1hlaPclDAA,"3TVXtAsR1Inumwj472S9r4,1RyvyyTE3xzB2ZywiAwp0i","Drake,Future","83626299,15692678","96,88",2015-09-20,day,62,2024-01-08
0.418,0.546,0,-9.057,0,0.238,0.227,0.0,0.229,0.294,160.152,208813,4,0V4l4GQhgnWQGtCWpvA7va,Crew Love,62y3BHKehWnb1hlaPclDAA,"3TVXtAsR1Inumwj472S9r4,1Xyo4u8uXC1ZmMpatF05PJ","Drake,The Weeknd","83626299,77257554","96,94",2011-11-15,day,75,2024-01-08
0.629,0.515,0,-10.358,0,0.265,0.0267,1.22e-05,0.0888,0.299,121.845,277387,4,124NFj84ppZ5pAxTuVQYCQ,Take Care,62y3BHKehWnb1hlaPclDAA,"3TVXtAsR1Inumwj472S9r4,5pKCCKE2ajJHZ9KAiaK11H","Drake,Rihanna","83626299,58780253","96,89",2011-11-15,day,79,2024-01-08
0.487,0.712,8,-7.323,1,0.27,5.2e-05,0.0,0.198,0.397,156.209,212613,4,1D9XLqQp2YYiOxrr5KLb8K,Under Ground Kings,62y3BHKehWnb1hlaPclDAA,3TVXtAsR1Inumwj472S9r4,Drake,83626299,96,2011-11-15,day,64,2024-01-08
0.386,0.488,1,-7.303,0,0.422,0.00171,0.0,0.64,0.217,193.397,247947,4,7udsBKuqnJ5csWTAkR0vEI,We'll Be Fine,62y3BHKehWnb1hlaPclDAA,"3TVXtAsR1Inumwj472S9r4,35sCXuy5gN6Or69rZ9vqBs","Drake,Birdman","83626299,1285117","96,60",2011-11-15,day,61,2024-01-08
0.606,0.811,7,-4.667,1,0.278,0.00782,1.49e-05,0.349,0.276,156.347,234333,4,75L0qdzRnhwV62UXoNq3pE,Up All Night,62y3BHKehWnb1hlaPclDAA,"3TVXtAsR1Inumwj472S9r4,0hCNtLu0JehylgoiP8L4Gh","Drake,Nicki Minaj","83626299,30496118","96,88",2010-01-01,day,68,2024-01-08
0.667,0.734,6,-6.064,0,0.119,0.0386,0.0,0.108,0.704,128.318,210360,4,7v0hKO3RYhEXt2EPXf4AOS,Show Me A Good Time,62y3BHKehWnb1hlaPclDAA,3TVXtAsR1Inumwj472S9r4,Drake,83626299,96,2010-01-01,day,57,2024-01-08
0.495,0.772,8,-4.851,1,0.425,0.282,0.0,0.119,0.748,71.295,328573,4,3cBUv0RIoEyAm2b7qimEY6,Thank Me Now,62y3BHKehWnb1hlaPclDAA,3TVXtAsR1Inumwj472S9r4,Drake,83626299,96,2010-01-01,day,51,2024-01-08
0.441,0.929,5,-2.199,0,0.337,0.203,0.0,0.165,0.546,162.395,257680,4,4AcScHuxr9xAqqyxxTMAhu,Best I Ever Had,62y3BHKehWnb1hlaPclDAA,3TVXtAsR1Inumwj472S9r4,Drake,83626299,96,2019-02-14,day,50,2024-01-08
0.683,0.695,1,-6.798,0,0.0574,0.393,0.00124,0.124,0.406,135.337,290791,4,3XLSlQLJf3Ut0zvMUxnF1h,Houstatlantavegas,62y3BHKehWnb1hlaPclDAA,3TVXtAsR1Inumwj472S9r4,Drake,83626299,96,2009,year,61,2024-01-08
0.704,0.419,8,-7.984,1,0.392,0.501,0.0,0.103,0.222,159.299,351720,4,2RwFo57JjznjveEqvBuRJX,Successful,62y3BHKehWnb1hlaPclDAA,"3TVXtAsR1Inumwj472S9r4,55Aa2cqylxrFIXC767Z865","Drake,Lil Wayne","83626299,14232381","96,85",2009-01-01,day,0,2024-01-08
0.715,0.766,10,-6.36,0,0.381,0.171,0.0,0.373,0.77,169.761,196787,4,1e2j0v2S32Pc0s71DtQPdh,Roman Reloaded,62y3BHKehWnb1hlaPclDAA,"0hCNtLu0JehylgoiP8L4Gh,55Aa2cqylxrFIXC767Z865","Nicki Minaj,Lil Wayne","30496118,14232381","88,85",2012-01-01,day,35,2024-01-08
0.809,0.947,10,-2.868,1,0.311,0.518,0.0,0.345,0.443,112.377,276173,4,0eUzRaG60gimqQJ02oSUnH,Roman's Revenge,62y3BHKehWnb1hlaPclDAA,"0hCNtLu0JehylgoiP8L4Gh,7dGJo4pcD2V6oG8kP0tJRR","Nicki Minaj,Eminem","30496118,80373039","88,90",2010-01-01,day,64,2024-01-08
0.858,0.676,3,-4.835,0,0.0746,0.0523,3.68e-05,0.103,0.7,129.991,238160,4,1wsPEJWethuDbGZtP7E3bM,Check It Out,62y3BHKehWnb1hlaPclDAA,"085pc2PYOi8bGKj0PNjekA,0hCNtLu0JehylgoiP8L4Gh","will.i.am,Nicki Minaj","4116475,30496118","71,88",2010-01-01,day,49,2024-01-08
0.758,0.712,7,-3.781,1,0.112,0.0185,0.0,0.0677,0.795,149.998,193387,4,2q4rjDy9WhaN3o9MvDbO21,Kiss Me Thru The Phone,62y3BHKehWnb1hlaPclDAA,"6GMYJwaziB4ekv1Y6wCDWS,4p07QU02SrLsaORo25h2Lg","Soulja Boy,Sammie","1945228,589420","67,60",2008-01-01,day,81,2024-01-08
0.65,0.761,9,-6.065,0,0.0345,0.00317,0.0,0.0855,0.268,137.621,321293,4,3OePAyHePd68TTKmy2hjq0,Put On,62y3BHKehWnb1hlaPclDAA,"4yBK75WVCQXej1p04GWqxH,5K4W6rqBFWDnAN6FQUkS6x","Jeezy,Kanye West","2381764,22986248","69,91",2008-01-01,day,69,2024-01-08
0.682,0.799,1,-6.58,1,0.293,0.0791,0.0,0.0929,0.479,120.173,236080,5,42iB9FGhrqTXFQtE2Mypxl,We Fly High,62y3BHKehWnb1hlaPclDAA,6AMa1VFQ7qCi61tCRtVWXe,Jim Jones,707396,52,2006-11-07,day,50,2024-01-08
0.843,0.806,4,-5.946,0,0.269,0.143,0.0,0.0771,0.613,94.948,270507,4,0I3q5fE6wg7LIfHGngUTnV,Ms. Jackson,62y3BHKehWnb1hlaPclDAA,1G9G7WwrXka3Z1r7aIDjI7,Outkast,2466263,73,2000-10-31,day,84,2024-01-08
0.751,0.708,0,-5.653,1,0.0545,0.0482,1.85e-05,0.107,0.509,108.97,369573,4,6bUNEbXT7HovLW6BgPCBsb,Roses,62y3BHKehWnb1hlaPclDAA,1G9G7WwrXka3Z1r7aIDjI7,Outkast,2466263,73,2003,year,73,2024-01-08
0.884,0.677,1,-5.603,1,0.283,0.0778,0.0,0.0732,0.584,101.868,263227,4,3jagJCUbdqhDSPuxP8cAqF,Work It,62y3BHKehWnb1hlaPclDAA,2wIVse2owClT7go1WT98tk,Missy Elliott,2364592,70,2002-11-11,day,72,2024-01-08
0.852,0.604,0,-4.569,1,0.0642,0.0503,0.0,0.327,0.667,94.762,227547,4,0OaunKfsxkgBvPv68jBbmm,It Wasn't Me,62y3BHKehWnb1hlaPclDAA,"5EvFsr3kj42KNv97ZEnqij,67wCYxOq4A1ohAs7jWYaOJ","Shaggy,Rik Rok","2091358,9104","71,61",2008-01-01,day,61,2024-01-08
0.933,0.513,7,-13.203,1,0.347,0.00112,0.00248,0.107,0.595,102.017,179160,4,5Y78yINSOCW6xbOfGWNBg4,Wait (The Whisper Song),62y3BHKehWnb1hlaPclDAA,44PA0rCQXikgOWbfY7Fq7m,Ying Yang Twins,1074998,61,2005-06-28,day,60,2024-01-08
0.64,0.62,1,-5.931,1,0.416,0.016,0.0,0.0831,0.609,129.37,252653,5,0k6HUzaRHpQ3eEWr1C7Esh,Ms. New Booty,62y3BHKehWnb1hlaPclDAA,"3RPYHNSwe3w0mtfJwKIN9P,44PA0rCQXikgOWbfY7Fq7m,3EtuDyQhDQYISGg1DU5qZj","Bubba Sparxxx,Ying Yang Twins,Mr. Collipark","390744,1074998,2426","51,61,46",2005-01-01,day,63,2024-01-08
0.778,0.917,6,-5.269,1,0.214,0.0966,0.0,0.119,0.358,99.97,164592,4,4a17WC0Cf5hSKFD6ts57mk,Molly Cyrus,62y3BHKehWnb1hlaPclDAA,6e2u9HgI4qz8Dzr7WBM3o1,Stitches,367012,44,2015-03-31,day,51,2024-01-08
0.506,0.745,1,-6.041,1,0.332,0.0594,0.0,0.373,0.284,161.798,192947,4,25ypHCQpDX2nrDFly7eZLZ,Bonfire,62y3BHKehWnb1hlaPclDAA,73sIBHcqh3Z3NyqHKZ7FOL,Childish Gambino,12012874,78,2011-11-15,day,74,2024-01-08
0.944,0.477,6,-7.331,0,0.33,0.00311,6.81e-05,0.109,0.737,127.965,227933,4,1vaUxfrERQIQfJ1wBTmeRE,I'm In Miami Bitch,62y3BHKehWnb1hlaPclDAA,3sgFRtyBnxXD5ESfmbK4dl,LMFAO,4181139,65,2009-01-01,day,50,2024-01-08
0.542,0.717,5,-7.478,1,0.0791,0.000116,0.484,0.171,0.299,137.867,237533,4,4YPafsGyzXWry3ZWUAhYBn,Oh My,62y3BHKehWnb1hlaPclDAA,5usbqiU7sjvszjWecANDL6,WESTSIDE BOOGIE,307372,54,2015-08-13,day,38,2024-01-08
0.759,0.454,1,-6.594,1,0.137,0.192,5.69e-06,0.0853,0.0551,140.04,171747,4,6225vlQNgif1W5dE5KN6Y6,Slum Anthem,62y3BHKehWnb1hlaPclDAA,5bgfj5zUoWpyeVatGDjn6H,K CAMP,1658847,58,2014-11-17,day,61,2024-01-08
0.675,0.562,7,-7.678,1,0.0352,0.233,0.0,0.0816,0.309,130.098,256533,4,6eT7xZZlB2mwyzJ2sUKG6w,White Iverson,62y3BHKehWnb1hlaPclDAA,246dkjvS1zLTtiykXe5h60,Post Malone,43068815,87,2016-12-09,day,80,2024-01-08
0.812,0.623,7,-7.002,1,0.343,0.0611,0.0,0.111,0.199,119.883,194227,4,5q5MyfXey3ms6IyT6TYf5L,Night Job,62y3BHKehWnb1hlaPclDAA,"70gP6Ry4Uo0Yx6uzPIdaiJ,6l3HvQ5sa6mXTsMTB19rO5","Bas,J. Cole","545807,22394288","66,86",2016-01-16,day,60,2024-01-08
0.951,0.6,0,-4.675,0,0.0685,0.106,0.0,0.0712,0.822,125.04,218573,4,0k2GOhqsrxDTAbFFSdNJjT,Temperature,62y3BHKehWnb1hlaPclDAA,3Isy6kedDrgPYoTS1dazA9,Sean Paul,4538278,78,2005-09-26,day,83,2024-01-08
0.956,0.745,11,-4.753,0,0.12,0.206,0.0,0.0615,0.912,107.075,228240,4,04KTF78FFg8sOHC1BADqbY,Hot In Herre,62y3BHKehWnb1hlaPclDAA,2gBjLmx6zQnFGQJCAQpRgw,Nelly,2617297,73,2002-06-25,day,79,2024-01-08
0.845,0.884,6,-4.506,0,0.0759,0.0128,2.1e-06,0.203,0.904,104.536,257400,4,4INDiWSKvqSKDEu7mh8HFz,Mo Money Mo Problems (feat. Puff Daddy & Mase) - 2014 Remaster,62y3BHKehWnb1hlaPclDAA,"5me0Irg2ANcsgc93uaYrpb,096CxgjMbKJzhbYrTAHrVx","The Notorious B.I.G.,Mase & Puff Daddy","9678876,3311","76,0",1997-03-04,day,76,2024-01-08
0.693,0.549,1,-8.141,1,0.119,0.0109,0.0,0.0677,0.605,80.028,227960,4,1tkMs9wDPknQ3ZHcKDw1ES,Buy U a Drank (Shawty Snappin') (feat. Yung Joc),62y3BHKehWnb1hlaPclDAA,"3aQeKQSyrW4qWr35idm0cy,23LbwefIODbyGdRbAz3urj","T-Pain,Yung Joc","4615060,805962","76,61",2007-06-05,day,79,2024-01-08
0.922,0.909,10,-2.429,0,0.27,0.0281,0.0,0.0856,0.309,95.295,161507,4,4LwU4Vp6od3Sb08CsP99GC,The Next Episode,62y3BHKehWnb1hlaPclDAA,"6DPYiyq5kWVQS4RGwxzPC7,7hJcb9fa4alzcOq3EaNPoG","Dr. Dre,Snoop Dogg","11017086,10871699","78,81",1999-11-16,day,82,2024-01-08
0.871,0.597,5,-4.932,0,0.0464,0.126,0.000113,0.0638,0.635,125.999,234000,4,5z7mYFfhw6N6f23VwrokJD,The Way You Move (feat. Sleepy Brown),62y3BHKehWnb1hlaPclDAA,"1G9G7WwrXka3Z1r7aIDjI7,7Dnu2NmddNymEI2LMZVH5v","Outkast,Sleepy Brown","2466263,35065","73,54",2003,year,72,2024-01-08
0.884,0.679,10,-5.857,0,0.282,0.0957,0.00209,0.0289,0.591,76.993,238467,4,5Tl0HJvynZtKdSUMKbFVVX,Hard Knock Life (Ghetto Anthem),62y3BHKehWnb1hlaPclDAA,3nFkdlSjzX9mRTtwJOzDYB,JAY-Z,8801570,82,1998-11-29,day,71,2024-01-08
0.618,0.844,1,-4.051,0,0.342,0.0178,0.000126,0.0634,0.697,84.411,240627,4,4h5KBcltGefua73AUPYps7,Izzo (H.O.V.A.),62y3BHKehWnb1hlaPclDAA,3nFkdlSjzX9mRTtwJOzDYB,JAY-Z,8801570,82,2001-09-11,day,62,2024-01-08
0.649,0.931,1,-3.15,0,0.181,0.0093,0.0,0.751,0.744,153.645,213067,4,6btyEL6NwUa97Nex9cZFvo,Pump It,62y3BHKehWnb1hlaPclDAA,1yxSLGMDHlW21z4YXirZDS,Black Eyed Peas,7879760,79,2005-01-01,day,71,2024-01-08
0.901,0.812,4,-7.039,0,0.107,0.0324,0.00906,0.0493,0.785,125.462,227893,4,1ulAlG3x3jWtCCK2SI4qyL,Lose Control (feat. Ciara & Fat Man Scoop),62y3BHKehWnb1hlaPclDAA,"2wIVse2owClT7go1WT98tk,2NdeV5rLm47xAvogXrYhJX,15GGbJKqC6w0VYyAJtjej6","Missy Elliott,Ciara,Fatman Scoop","2364592,6400651,47819","70,69,58",2005-07-04,day,54,2024-01-08
0.725,0.64,5,-7.905,0,0.332,0.0281,0.0,0.099,0.915,166.028,240027,3,6glsMWIMIxQ4BedzLqGVi4,"So Fresh, So Clean",62y3BHKehWnb1hlaPclDAA,1G9G7WwrXka3Z1r7aIDjI7,Outkast,2466263,73,2000-10-31,day,75,2024-01-08
0.783,0.794,11,-2.231,0,0.12,0.105,0.0,0.304,0.805,104.963,217733,4,4hfIVhq0F0zFUcrbecsYmo,Let's Get It Started - Spike Mix,62y3BHKehWnb1hlaPclDAA,1yxSLGMDHlW21z4YXirZDS,Black Eyed Peas,7879760,79,2003-06-24,day,74,2024-01-08
0.464,0.754,9,-6.653,0,0.128,0.465,1.57e-05,0.37,0.444,86.501,235627,4,1cdC9TCqyLwAlsw3fVJaJS,Soundtrack 2 My Life,62y3BHKehWnb1hlaPclDAA,0fA0VVWsXO9YnASrzqfmYu,Kid Cudi,6788413,79,2009-09-15,day,61,2024-01-08
0.905,0.753,10,-3.613,0,0.164,0.0937,0.0,0.0438,0.747,96.05,213107,4,163ExVYtJrtdE86Qd5Fw2N,Ayy Ladies (feat. Tyga),62y3BHKehWnb1hlaPclDAA,"6z1cicLMt9XArxN10q7m8a,5LHRHt1k9lMyONurDHEdrp","Travis Porter,Tyga","840022,6848796","54,78",2012-01-27,day,46,2024-01-08
0.734,0.746,11,-5.088,1,0.0762,0.00135,0.0,0.178,0.539,94.033,197627,4,6lgzJuBX3iqevLdtgNlyAU,2 Reasons (feat. T.I.),62y3BHKehWnb1hlaPclDAA,"2iojnBLj0qIMiKPvVhLnsH,4OBJLual30L7gRl5UkeRcT","Trey Songz,T.I.","7381157,4683892","68,73",2012-08-17,day,51,2024-01-08
0.666,0.716,6,-4.332,1,0.0678,0.0105,1.7e-05,0.122,0.544,142.066,219867,3,625SmNWs5ggrNdqqaQNp7p,The Illest,62y3BHKehWnb1hlaPclDAA,"698hF4vcwHwPy8ltmXermq,28wN4JzoH2AaqxEFwL9lSI","Far East Movement,Riff-Raff","1115402,2242","64,26",2013-01-01,day,44,2024-01-08
0.8,0.706,8,-6.134,1,0.327,0.198,0.0,0.118,0.394,145.938,263430,4,7yPHKFU9FSCwW4TgWODMrp,Bricks (feat. Migos),62y3BHKehWnb1hlaPclDAA,"7CCjtD0hCK005Bvg2WG1a7,6oMuImdp5ZcFhWP0ESe6mG","Carnage,Migos","311329,13641028","51,75",2014-06-17,day,43,2024-01-08
0.497,0.706,1,-6.455,1,0.0667,0.227,0.0,0.224,0.55,103.0,215241,4,2yJVeT8cP1zstJxRP7Nlv8,No Interruption,62y3BHKehWnb1hlaPclDAA,382aq8Pij5V2nE2JMHMoxl,Hoodie Allen,699048,57,2012-04-10,day,60,2024-01-08
0.823,0.563,6,-5.095,1,0.0443,0.0399,0.0,0.0851,0.682,98.031,225227,4,0k6DnZMLoEUH8NGD5zh2SE,Ayo,62y3BHKehWnb1hlaPclDAA,"7bXgB6jMjp9ATFy66eO08Z,5LHRHt1k9lMyONurDHEdrp","Chris Brown,Tyga","20955452,6848796","86,78",2015-02-24,day,74,2024-01-08
0.598,0.564,1,-3.89,0,0.0684,0.337,0.0,0.379,0.546,174.909,187561,4,07oiSjg6TiehyOS3pRJo0l,I Like Tuh,62y3BHKehWnb1hlaPclDAA,"7CCjtD0hCK005Bvg2WG1a7,3aGFCoR8xGN6DKwvdzeSja","Carnage,ILOVEMAKONNEN","311329,362611","51,57",2015-02-24,day,45,2024-01-08
0.86,0.719,11,-4.325,0,0.33,0.125,0.0,0.0799,0.496,160.049,207912,4,6qMXubogFdMrvVMJwqATzd,Jordan Belfort,62y3BHKehWnb1hlaPclDAA,"0HjYETXAvcL6mzaKjAmH2K,1dfpwerOGBId6qD7LVwpoB","Wes Walker,Dyl","18443,2718","44,44",2015-08-26,day,65,2024-01-08
0.65,0.723,1,-5.807,1,0.172,0.311,0.0,0.412,0.556,146.076,271653,4,7G0PgkkbavF7Rh4zNrUxH0,Guap,62y3BHKehWnb1hlaPclDAA,0c173mlxpT3dSFRgMO8XPh,Big Sean,11115824,75,2013-01-01,day,48,2024-01-08
0.657,0.738,1,-6.386,1,0.0815,0.0682,0.0,0.0972,0.402,135.922,210640,4,6FjcShHWPvel5QPNhWivJe,Mona Lisa,62y3BHKehWnb1hlaPclDAA,0c173mlxpT3dSFRgMO8XPh,Big Sean,11115824,75,2013-01-01,day,29,2024-01-08
0.231,0.877,6,-4.609,0,0.11,0.0127,0.0,0.231,0.468,81.097,262307,4,11fPH8NoSw15IG5hWk5zLL,Fire,62y3BHKehWnb1hlaPclDAA,0c173mlxpT3dSFRgMO8XPh,Big Sean,11115824,75,2013-01-01,day,36,2024-01-08
0.707,0.601,1,-9.474,1,0.543,0.0597,0.0,0.26,0.283,175.883,165068,4,5mEEpT9MaL379P7RJWFbx9,Peace Sign Emoji,62y3BHKehWnb1hlaPclDAA,5npFjR4YgD6oNS7APmA4IJ,Ervin Mitchell,4680,13,2017-07-21,day,0,2024-01-08
0.797,0.66,10,-5.802,0,0.0924,0.0697,4.9e-06,0.133,0.285,120.007,280294,4,1RL3FJflxMXmdgfRdUnFmz,Smoke Alone (feat. Lil Duke),62y3BHKehWnb1hlaPclDAA,"4pRZYj8zSl5QZkTDBeF4ex,06Qf6vq8AVIpE9XIw8LAsY","Minty Burns,Lil Duke","2609,294864","23,44",2018-12-25,day,22,2024-01-08
0.56,0.799,1,-3.801,1,0.248,0.0741,0.0,0.578,0.356,149.946,249069,4,1h0XARxXykW70AGlcWmnui,Take Over the World,62y3BHKehWnb1hlaPclDAA,"5npFjR4YgD6oNS7APmA4IJ,3yKOElZkbI7u4kPEuVuxOC,1A1dwpTKALnNT8UWKAw0bF","Ervin Mitchell,Reggie Ran$om,Austyn Michael","4680,111,22","13,0,0",2019-02-22,day,5,2024-01-08
0.795,0.747,2,-6.15,1,0.153,0.0261,7.66e-06,0.112,0.409,164.03,174367,4,3FWIVRlEAxuZ36EcgRKw56,Green Man,62y3BHKehWnb1hlaPclDAA,4pRZYj8zSl5QZkTDBeF4ex,Minty Burns,2609,23,2018-12-25,day,6,2024-01-08
0.658,0.817,2,-4.326,1,0.0442,0.0671,0.0,0.132,0.692,139.977,175386,4,24cAQvqRus3LmObuJdBC84,Happy Birthday,62y3BHKehWnb1hlaPclDAA,"5npFjR4YgD6oNS7APmA4IJ,3yKOElZkbI7u4kPEuVuxOC","Ervin Mitchell,Reggie Ran$om","4680,111","13,0",2019-02-22,day,5,2024-01-08
0.679,0.341,1,-13.236,1,0.281,0.0514,0.0,0.135,0.312,159.91,228990,4,2jScsSbdNBEnvsAS8BYRVF,First Label,62y3BHKehWnb1hlaPclDAA,"6eN2EOfwcNvR89LuVl81H0,2KDhXfb2lbnMlKYdGfBES7","Lightweight Literate,Overflow","2201,249","16,1",2018-09-10,day,4,2024-01-08
0.796,0.502,1,-5.405,1,0.0757,0.00659,0.0,0.134,0.253,150.026,167136,4,1JAKldTUlrDZSDmbS6Wkwo,C.R.E.aM,62y3BHKehWnb1hlaPclDAA,"3lvKVX07ODi3rRI0xpVP6h,2yuaKJlG9YdMaCf5jDhUWI","Cory Bux,Pakk Heatt","785,4","27,0",2018-07-29,day,8,2024-01-08
0.601,0.882,1,-7.238,1,0.111,0.195,3.91e-06,0.0527,0.585,145.99,215413,4,3470gW4OnSHHsvPtSk6DYH,I Do It,62y3BHKehWnb1hlaPclDAA,0c173mlxpT3dSFRgMO8XPh,Big Sean,11115824,75,2011-01-01,day,19,2024-01-08
0.614,0.903,1,-4.339,1,0.297,0.151,0.0,0.127,0.734,154.192,156000,4,7hvHtzmKMkh4N6Kl7WHTVJ,What U Doin?,62y3BHKehWnb1hlaPclDAA,0c173mlxpT3dSFRgMO8XPh,Big Sean,11115824,75,2010-01-01,day,25,2024-01-08
0.758,0.482,6,-11.202,0,0.168,0.148,6.88e-06,0.135,0.0977,111.896,240160,4,2onCHFrhTinyUc6OawwU4Z,Rich $ex,62y3BHKehWnb1hlaPclDAA,1RyvyyTE3xzB2ZywiAwp0i,Future,15692678,88,2015-07-17,day,63,2024-01-08
0.845,0.705,6,-4.271,0,0.243,0.0218,0.0,0.339,0.334,132.05,246047,4,0XGLsSU6wtfnKXiMNvQr61,Versace (Remix),62y3BHKehWnb1hlaPclDAA,"6oMuImdp5ZcFhWP0ESe6mG,3TVXtAsR1Inumwj472S9r4","Migos,Drake","13641028,83626299","75,96",2015-01-06,day,58,2024-01-08
0.895,0.724,1,-5.832,1,0.193,0.18,0.0,0.071,0.593,97.532,188867,4,71Wf5qK9wdtjOfMgujlN6A,Make It Nasty,62y3BHKehWnb1hlaPclDAA,5LHRHt1k9lMyONurDHEdrp,Tyga,6848796,78,2012-01-01,day,53,2024-01-08
0.785,0.572,11,-9.383,1,0.0859,0.00811,0.0,0.111,0.477,140.032,260560,4,3N5oiETJEStSB71TjTFkWV,Bounce It (feat. Wale & Trey Songz),62y3BHKehWnb1hlaPclDAA,"5gCRApTajqwbnHHPbr2Fpi,67nwj3Y5sZQLl72VNUHEYE,2iojnBLj0qIMiKPvVhLnsH","Juicy J,Wale,Trey Songz","3138996,4150012,7381157","72,69,68",2013-08-23,day,57,2024-01-08
0.869,0.712,9,-6.136,1,0.103,0.0715,0.0,0.272,0.435,120.0,275867,4,7eaKWfov7b2Qa2n6HTesL3,Shabba (feat. A$AP Rocky),62y3BHKehWnb1hlaPclDAA,"5dHt1vcEm9qb8fCyLcB3HL,13ubrt8QOOCPljQ2FL1Kca","A$AP Ferg,A$AP Rocky","3710766,13299639","69,81",2013-08-19,day,64,2024-01-08
0.901,0.663,10,-5.235,0,0.0918,0.0817,0.0,0.173,0.3,127.965,210760,4,41ZVfYzfOD4b647z6xDdvb,Apple Bottom Jeans - Pure Heroine Remix,62y3BHKehWnb1hlaPclDAA,2BdvHHwcl2mvbppq1RTIX1,Super DJ Pimp,423,0,2013-12-30,day,0,2024-01-08
0.825,0.856,1,-1.912,1,0.0476,0.00851,1.4e-06,0.127,0.207,128.016,222133,4,1V4jC0vJ5525lEF1bFgPX2,Shots,62y3BHKehWnb1hlaPclDAA,"3sgFRtyBnxXD5ESfmbK4dl,7sfl4Xt5KmfyDs2T3SVSMK","LMFAO,Lil Jon","4181139,1493347","65,71",2009-01-01,day,71,2024-01-08
0.843,0.286,1,-10.575,1,0.352,0.0125,1.69e-06,0.0681,0.265,120.06,146064,4,4UUFTQKwwId0n1P9t4ZQhx,U Guessed It,62y3BHKehWnb1hlaPclDAA,0nvvVQhPQGkYTJlThLbJeu,OG Maco,145843,36,2014-09-25,day,47,2024-01-08
0.778,0.883,10,-8.691,0,0.202,0.0573,0.000745,0.337,0.751,140.061,204788,4,4okhECas0o1H2cEfSPQpJ0,Brick in Yo Face,62y3BHKehWnb1hlaPclDAA,6e2u9HgI4qz8Dzr7WBM3o1,Stitches,367012,44,2014-05-02,day,43,2024-01-08
0.702,0.599,8,-4.951,0,0.0305,0.0142,0.0,0.535,0.589,139.975,214726,4,67XRMWvQU3YZcIoDQJ8zez,She Knows,62y3BHKehWnb1hlaPclDAA,"21E3waRsmPlU7jZsS13rcj,5gCRApTajqwbnHHPbr2Fpi","Ne-Yo,Juicy J","8470208,3138996","78,72",2015-01-20,day,43,2024-01-08
0.798,0.704,10,-4.317,0,0.199,0.0937,0.0,0.308,0.867,116.016,263980,4,3uqez7AQId9NZ15UF9QW9M,"How Many Times (feat. Chris Brown, Lil Wayne & Big Sean)",62y3BHKehWnb1hlaPclDAA,"0QHgL1lAIqAw0HtD7YldmP,7bXgB6jMjp9ATFy66eO08Z,55Aa2cqylxrFIXC767Z865,0c173mlxpT3dSFRgMO8XPh","DJ Khaled,Chris Brown,Lil Wayne,Big Sean","10860995,20955452,14232381,11115824","74,86,85,75",2015-06-25,day,0,2024-01-08
0.901,0.744,0,-3.484,1,0.283,0.105,7.79e-06,0.0964,0.593,135.95,212712,4,3FsRe2nUQRsvDRmlPen4Ss,Hannah Montana,62y3BHKehWnb1hlaPclDAA,6oMuImdp5ZcFhWP0ESe6mG,Migos,13641028,75,2013-11-26,day,24,2024-01-08
0.638,0.885,11,-4.353,0,0.259,0.666,9.89e-05,0.155,0.436,149.929,287573,4,0332p5aiaQ6vyomilcGSy4,Yuck!,62y3BHKehWnb1hlaPclDAA,"17lzZA2AlOHwCwFALHttmp,55Aa2cqylxrFIXC767Z865","2 Chainz,Lil Wayne","8017349,14232381","75,85",2012-01-01,day,39,2024-01-08
0.849,0.642,1,-4.853,1,0.276,0.00623,0.0,0.0894,0.0916,144.07,272307,4,0NA4ULVsnaQ0JhLT0fBxPA,Crack,62y3BHKehWnb1hlaPclDAA,17lzZA2AlOHwCwFALHttmp,2 Chainz,8017349,75,2012-01-01,day,39,2024-01-08
0.857,0.633,8,-5.205,1,0.203,0.0389,0.0,0.227,0.467,137.956,239573,4,67g3peWMWu7Vbq7aZNe1Ts,I Luv Dem Strippers,62y3BHKehWnb1hlaPclDAA,"17lzZA2AlOHwCwFALHttmp,0hCNtLu0JehylgoiP8L4Gh","2 Chainz,Nicki Minaj","8017349,30496118","75,88",2012-01-01,day,42,2024-01-08
0.923,0.674,4,-4.328,1,0.0639,0.0547,0.0,0.247,0.515,129.982,167507,4,0zaF78E1pa9xwmD5hgFycL,Riot,62y3BHKehWnb1hlaPclDAA,17lzZA2AlOHwCwFALHttmp,2 Chainz,8017349,75,2012-01-01,day,43,2024-01-08
0.435,0.837,3,-8.126,1,0.449,0.00676,0.0,0.117,0.778,124.913,216893,4,4DvhkX2ic4zWkQeWMwQ2qf,Like A G6,62y3BHKehWnb1hlaPclDAA,"698hF4vcwHwPy8ltmXermq,7C64wNX3howEFZjAYRKsfP,7Ip2u3e5Nv6fFb5xyIHxEE","Far East Movement,The Cataracs,DEV","1115402,108987,258067","64,59,60",2010-01-01,day,72,2024-01-08
0.597,0.517,0,-6.963,1,0.366,0.179,0.0,0.307,0.413,92.035,257560,4,0oJMv049q8hEkes9w0L1J4,Imma Be,62y3BHKehWnb1hlaPclDAA,1yxSLGMDHlW21z4YXirZDS,Black Eyed Peas,7879760,79,2009-01-01,day,67,2024-01-08
0.805,0.717,2,-3.956,1,0.266,0.0669,0.0,0.248,0.582,112.989,296187,4,0KxU9wjCedUxSGdjuFdBDu,Shut Up,62y3BHKehWnb1hlaPclDAA,1yxSLGMDHlW21z4YXirZDS,Black Eyed Peas,7879760,79,2003-06-24,day,71,2024-01-08
0.51,0.532,4,-7.405,0,0.0715,0.0367,0.000794,0.165,0.305,111.885,231507,4,0HMCdlOPJkAGlB0MlSWIcO,I Am A God,62y3BHKehWnb1hlaPclDAA,"5K4W6rqBFWDnAN6FQUkS6x,5wRpXhZHeCxsz9LMR2EZH3","Kanye West,God","22986248,2178","91,0",2013-06-18,day,63,2024-01-08
0.66,0.539,9,-5.947,0,0.324,0.0534,0.0,0.222,0.307,109.318,293613,5,65rRB2mspD309xE6YimZTl,Clique,62y3BHKehWnb1hlaPclDAA,"5K4W6rqBFWDnAN6FQUkS6x,3nFkdlSjzX9mRTtwJOzDYB,0c173mlxpT3dSFRgMO8XPh","Kanye West,JAY-Z,Big Sean","22986248,8801570,11115824","91,82,75",2012-01-01,day,66,2024-01-08
0.704,0.792,2,-4.831,1,0.198,0.00981,0.0,0.365,0.646,118.022,322800,4,1Vp4St7JcXaUoJcIahtf3L,The New Workout Plan,62y3BHKehWnb1hlaPclDAA,5K4W6rqBFWDnAN6FQUkS6x,Kanye West,22986248,91,2004-02-10,day,66,2024-01-08
0.766,0.809,1,-6.123,1,0.279,0.0011,0.0,0.168,0.325,130.127,188013,4,722tgOgdIbNe3BEyLnejw4,Black Skinhead,62y3BHKehWnb1hlaPclDAA,5K4W6rqBFWDnAN6FQUkS6x,Kanye West,22986248,91,2013-06-18,day,76,2024-01-08
0.722,0.687,0,-5.189,1,0.0556,0.00949,0.00413,0.0462,0.619,128.013,373627,4,5PX4uS1LqlWEPL69phPVQQ,Pursuit Of Happiness - Extended Steve Aoki Remix,62y3BHKehWnb1hlaPclDAA,"0fA0VVWsXO9YnASrzqfmYu,0SwO7SWeDHJijQ3XNS7xEE,57dN52uHvrHOxijzpIgu3E,77AiFEVeAVj2ORpC85QVJs","Kid Cudi,MGMT,Ratatat,Steve Aoki","6788413,2935206,590346,3753453","79,72,64,71",2012-01-01,day,76,2024-01-08
0.66,0.881,10,-6.119,0,0.0849,0.0722,3.4e-05,0.362,0.586,120.017,227347,4,1RUTIdTnFs8lHSc0Zr4UJB,Up Up & Away,62y3BHKehWnb1hlaPclDAA,0fA0VVWsXO9YnASrzqfmYu,Kid Cudi,6788413,79,2009-01-01,day,64,2024-01-08
0.919,0.506,1,-7.14,1,0.304,0.132,0.0,0.0771,0.273,97.465,220240,4,2LvRR121MWFmmEGkuV2vQP,HeadBand (feat. 2 Chainz),62y3BHKehWnb1hlaPclDAA,"5ndkK3dpZLKtBklKjxNQwT,17lzZA2AlOHwCwFALHttmp","B.o.B,2 Chainz","2078336,8017349","71,75",2013-12-16,day,68,2024-01-08
0.66,0.9,7,-5.02,1,0.14,0.0403,0.0,0.219,0.591,85.51,213253,4,28GUjBGqZVcAV4PHSYzkj2,So Good,62y3BHKehWnb1hlaPclDAA,5ndkK3dpZLKtBklKjxNQwT,B.o.B,2078336,71,2012-04-27,day,65,2024-01-08
0.688,0.853,10,-5.814,1,0.0493,0.386,0.0,0.0862,0.743,103.993,268320,4,59dLtGBS26x7kc0rHbaPrq,Nothin' on You (feat. Bruno Mars),62y3BHKehWnb1hlaPclDAA,"5ndkK3dpZLKtBklKjxNQwT,0du5cEVh5yTK9QJze8zA0C","B.o.B,Bruno Mars","2078336,52986983","71,87",2010-04-27,day,79,2024-01-08
0.793,0.455,5,-7.195,0,0.367,0.0506,0.0,0.115,0.145,125.921,207682,4,4iv2W97CTO48UlM22dZeC8,Freak No More,62y3BHKehWnb1hlaPclDAA,6oMuImdp5ZcFhWP0ESe6mG,Migos,13641028,75,2014-02-25,day,53,2024-01-08
0.588,0.877,8,-4.78,1,0.16,0.00952,0.0,0.171,0.645,155.165,326187,4,58FUwmyGUqkt53YPUcm7cJ,Knock You Down,62y3BHKehWnb1hlaPclDAA,"63wjoROpeh5f11Qm93UiJ1,5K4W6rqBFWDnAN6FQUkS6x,21E3waRsmPlU7jZsS13rcj","Keri Hilson,Kanye West,Ne-Yo","1966705,22986248,8470208","67,91,78",2009-01-01,day,68,2024-01-08
0.731,0.927,11,-5.663,0,0.0408,0.015,0.0,0.103,0.669,143.987,249920,4,5ItzU5pBrFmRUudfr5RkJP,Swag Surfin',62y3BHKehWnb1hlaPclDAA,0zOuQuYGGcrtDYYy3YFDMr,F.L.Y. (Fast Life Yungstaz),8397,40,2009-01-01,day,61,2024-01-08
0.743,0.635,11,-9.735,1,0.269,0.013,0.0,0.06,0.55,94.867,207987,4,4ztaHDRJVuQe61KVCIpgqw,You Got Me,62y3BHKehWnb1hlaPclDAA,02kJSzxNuaWGqwubyUba0Z,G-Eazy,5198099,74,2015-12-04,day,50,2024-01-08
0.861,0.448,2,-8.256,1,0.111,0.00761,0.000408,0.0902,0.0487,125.022,265213,4,5ihDGnhQgMA0F0tk9fNLlA,Thought It Was a Drought,62y3BHKehWnb1hlaPclDAA,1RyvyyTE3xzB2ZywiAwp0i,Future,15692678,88,2015-07-17,day,65,2024-01-08
0.72,0.672,7,-6.852,1,0.0551,0.009,0.0,0.232,0.705,124.986,204640,4,3GpbwCm3YxiWDvy29Uo3vP,Right Round,62y3BHKehWnb1hlaPclDAA,0jnsk9HBra6NMjO2oANoPY,Flo Rida,8676033,78,2009-03-30,day,80,2024-01-08
0.727,0.68,2,-4.498,1,0.0286,0.0101,0.0,0.0821,0.728,132.012,212507,4,6cmm1LMvZdB5zsCwX5BjqE,Down,62y3BHKehWnb1hlaPclDAA,"4pADjHPWyrlAF0FA7joK2H,55Aa2cqylxrFIXC767Z865","Jay Sean,Lil Wayne","1760019,14232381","64,85",2009-01-01,day,80,2024-01-08
0.967,0.583,7,-5.562,0,0.0789,0.0584,0.0,0.0519,0.964,117.0,242733,4,0O45fw2L5vsWpdsOdXwNAR,SexyBack (feat. Timbaland),62y3BHKehWnb1hlaPclDAA,"31TPClRtHm23RisEBtV3X7,5Y5TRrQiqgUO4S36tzjIRZ","Justin Timberlake,Timbaland","13560903,2711268","81,76",2006-09-12,day,82,2024-01-08
0.614,0.574,11,-7.961,1,0.466,0.0253,3.2e-05,0.38,0.755,125.173,209107,5,5D2mYZuzcgjpchVY1pmTPh,Candy Shop,62y3BHKehWnb1hlaPclDAA,"3q7HBObVc0L8jNeTe5Gofh,5YBSzuCs7WaFKNr7Bky0Uf","50 Cent,Olivia","13325784,26757","82,63",2005-03-03,day,83,2024-01-08
0.655,0.488,1,-9.17,1,0.22,0.0825,1.16e-06,0.221,0.791,91.025,244827,4,4WY3HyGXsWqjFRCVD6gnTe,Baby Boy (feat. Sean Paul),62y3BHKehWnb1hlaPclDAA,"3Isy6kedDrgPYoTS1dazA9,6vWDO969PvNqNYHIOW5v0m","Sean Paul,Beyoncé","4538278,36524672","78,85",2003-06-24,day,70,2024-01-08
0.439,0.808,1,-6.881,1,0.346,0.00305,0.0,0.439,0.487,82.962,207000,4,4ZPdLEztrlZqbJkgHNw54L,Good Life,62y3BHKehWnb1hlaPclDAA,"5K4W6rqBFWDnAN6FQUkS6x,3aQeKQSyrW4qWr35idm0cy","Kanye West,T-Pain","22986248,4615060","91,76",2007-09-11,day,79,2024-01-08
0.762,0.508,3,-9.112,1,0.0919,0.0584,0.00126,0.16,0.37,93.51,302347,4,4osgfFTICMkcGbbigdsa53,Novacane,62y3BHKehWnb1hlaPclDAA,2h93pZq0e7k5yf4dywlkpM,Frank Ocean,12648718,83,2011-01-01,day,85,2024-01-08
0.751,0.806,11,-6.1,1,0.0602,0.0236,0.0,0.134,0.685,142.015,241613,4,3GzjG6Qah8cplpj5YAURLK,Say Yeah,62y3BHKehWnb1hlaPclDAA,137W8MRPWKqSmrBGDBFSop,Wiz Khalifa,11073613,80,2008-01-22,day,53,2024-01-08
0.682,0.934,4,-2.527,0,0.152,0.107,0.0,0.749,0.483,109.027,197929,4,46wojTgyEs6lbgaWB6yIuz,Knock Knock,62y3BHKehWnb1hlaPclDAA,4LLpKhyESsyAXpc4laK94U,Mac Miller,9922860,81,2010-08-13,day,73,2024-01-08
0.605,0.744,4,-5.5,1,0.252,0.00291,0.0,0.319,0.743,76.171,313400,4,1EjzkhMFJgl08Qkn2uDV1d,EveryGirl In The World,62y3BHKehWnb1hlaPclDAA,5OrB6Jhhrl9y2PK0pSV4VP,Young Money,2999342,61,2009-01-01,day,60,2024-01-08
0.485,0.71,7,-6.288,1,0.364,0.0444,0.0,0.35,0.473,170.942,316267,4,2tQM1BUrXp2kqOM6mN11TC,Mr. Carter,62y3BHKehWnb1hlaPclDAA,"55Aa2cqylxrFIXC767Z865,3nFkdlSjzX9mRTtwJOzDYB","Lil Wayne,JAY-Z","14232381,8801570","85,82",2008-06-10,day,61,2024-01-08
0.929,0.339,1,-10.881,1,0.371,0.0373,1.96e-05,0.187,0.273,98.986,203200,4,0srwKuJPH8yBzzFUJMBQM2,Rack City,62y3BHKehWnb1hlaPclDAA,5LHRHt1k9lMyONurDHEdrp,Tyga,6848796,78,2012-01-01,day,69,2024-01-08
0.345,0.826,6,-4.703,1,0.361,0.309,0.0,0.241,0.44,176.65,180062,4,3SzjotM3GBjNAMWm79VSKN,Shot Caller,62y3BHKehWnb1hlaPclDAA,6vXTefBL93Dj5IqAWq6OTv,French Montana,5255986,73,2011-02-16,day,38,2024-01-08
0.451,0.632,8,-7.98,0,0.297,0.0114,0.0,0.198,0.234,132.89,232160,4,3m8CQnnfJJp4eQMWWl3zay,Drank in My Cup,62y3BHKehWnb1hlaPclDAA,2r8r62VGJKGi463aH1HJUZ,Kirko Bangz,706181,48,2011-09-16,day,66,2024-01-08
0.667,0.848,1,-4.406,1,0.362,0.0451,5.99e-06,0.217,0.196,155.974,180107,4,1fRuRNJVZjDU1yKXvarKqW,I'm Not A Star,62y3BHKehWnb1hlaPclDAA,1sBkRIssrMs1AbVkOJbc7a,Rick Ross,7103142,76,2010-01-01,day,50,2024-01-08
0.58,0.817,4,-5.009,1,0.214,0.00163,0.0,0.118,0.238,89.008,327667,4,2kNtAwWATYkqV3CdT20RV0,Swagga Like Us,62y3BHKehWnb1hlaPclDAA,4OBJLual30L7gRl5UkeRcT,T.I.,4683892,73,2008-09-07,day,55,2024-01-08
0.719,0.81,11,-5.449,1,0.147,0.0316,0.0,0.318,0.24,144.038,236867,4,2ABuvRFKuojZlMNFxFz2b5,Till I Die (feat. Big Sean & Wiz Khalifa),62y3BHKehWnb1hlaPclDAA,"7bXgB6jMjp9ATFy66eO08Z,0c173mlxpT3dSFRgMO8XPh,137W8MRPWKqSmrBGDBFSop","Chris Brown,Big Sean,Wiz Khalifa","20955452,11115824,11073613","86,75,80",2012-07-03,day,43,2024-01-08
0.517,0.65,11,-4.896,0,0.296,0.0498,0.0,0.779,0.418,131.401,260453,5,5VKsvhjnjQ3IAspPjGiNPf,High,62y3BHKehWnb1hlaPclDAA,"0c173mlxpT3dSFRgMO8XPh,137W8MRPWKqSmrBGDBFSop,40giwFcTQtv9ezxW8yqxJU","Big Sean,Wiz Khalifa,Chiddy Bang","11115824,11073613,379361","75,80,47",2011-01-01,day,42,2024-01-08
0.425,0.686,4,-8.213,0,0.134,8.71e-05,0.0,0.281,0.468,106.695,219507,5,4eOJxoVUcN0kFX3ymAoREV,Cold,62y3BHKehWnb1hlaPclDAA,"5K4W6rqBFWDnAN6FQUkS6x,0QHgL1lAIqAw0HtD7YldmP","Kanye West,DJ Khaled","22986248,10860995","91,74",2012-01-01,day,47,2024-01-08
0.515,0.971,11,-1.976,0,0.0865,0.000798,0.0,0.273,0.693,132.025,295320,4,1fHNx9MymVjrxGUbq8eh46,All The Way Turnt Up,62y3BHKehWnb1hlaPclDAA,"0bfX8pF8kuHNCs57Ms4jZb,6GMYJwaziB4ekv1Y6wCDWS","Roscoe Dash,Soulja Boy","250081,1945228","59,67",2010-01-01,day,42,2024-01-08
0.789,0.55,11,-7.423,0,0.0473,0.174,0.0,0.0614,0.696,172.049,231573,4,6c0GmyBsE7mQtrVvxJaWc3,Throw It In The Bag,62y3BHKehWnb1hlaPclDAA,"0YWxKQj2Go9CGHCp77UOyy,1W3FSF1BLpY3hlVIgvenLz","Fabolous,The-Dream","2654200,1271356","64,62",2009-01-01,day,60,2024-01-08
0.705,0.873,5,-1.311,1,0.0504,0.0497,0.0,0.342,0.619,141.973,237347,4,0n0HybfiBU3YDQNVtWugtm,I Wish You Would,62y3BHKehWnb1hlaPclDAA,"0QHgL1lAIqAw0HtD7YldmP,5K4W6rqBFWDnAN6FQUkS6x,1sBkRIssrMs1AbVkOJbc7a","DJ Khaled,Kanye West,Rick Ross","10860995,22986248,7103142","74,91,76",2012-01-01,day,43,2024-01-08
0.817,0.709,9,-5.682,0,0.0541,0.0141,0.0,0.0756,0.647,114.012,196456,4,3D0b0441vvXFJvgbaiDyp3,Fame Is for Assholes (feat. Chiddy),62y3BHKehWnb1hlaPclDAA,"382aq8Pij5V2nE2JMHMoxl,1Y4NveohymlZmeK7J7ViOx","Hoodie Allen,Chiddy","699048,420","57,24",2013-02-21,day,43,2024-01-08
0.671,0.672,4,-9.188,0,0.12,0.103,3.98e-05,0.074,0.186,117.96,240680,4,5DSr1NMci58MEgS20vivSL,Let's Get Lost (feat. Devon Baldwin),62y3BHKehWnb1hlaPclDAA,"02kJSzxNuaWGqwubyUba0Z,5JYReWgOGu4JKm5pqmACqG","G-Eazy,Devon Baldwin","5198099,19816","74,43",2014-06-20,day,60,2024-01-08
0.696,0.522,9,-9.489,0,0.0872,0.0337,6.35e-06,0.113,0.0934,124.025,268920,4,3Uw0h4GVLVjoUEToSWe0gY,Almost Famous,62y3BHKehWnb1hlaPclDAA,02kJSzxNuaWGqwubyUba0Z,G-Eazy,5198099,74,2014-06-20,day,55,2024-01-08
0.762,0.839,9,-4.676,1,0.307,0.21,0.0,0.275,0.197,122.047,214903,4,7JpewU9FPkJyiOi0CErkpI,The Greatest,62y3BHKehWnb1hlaPclDAA,5Z5jUyiNvFaqp0EVyLNf0p,Futuristic,512267,51,2015-05-12,day,49,2024-01-08
0.865,0.807,1,-5.563,0,0.154,0.0318,0.0,0.153,0.492,130.054,167559,4,2UmtjSvU9FOVKJH9trz7Ht,Too Easy,62y3BHKehWnb1hlaPclDAA,5Z5jUyiNvFaqp0EVyLNf0p,Futuristic,512267,51,2015-05-12,day,44,2024-01-08
0.81,0.673,0,-7.142,1,0.297,0.318,0.0,0.313,0.448,123.964,204044,4,4bTP7W5HEJYG0jR6EMfNka,I Guess I'll Smoke (feat. Dizzy Wright & Layzie Bone),62y3BHKehWnb1hlaPclDAA,"5Z5jUyiNvFaqp0EVyLNf0p,1LrWZc2qPhRCHyr6XtpBxq,6wAO5FJZZ5PJoRBSpBic7M","Futuristic,Dizzy Wright,Layzie Bone","512267,474432,199433","51,48,41",2014-06-09,day,53,2024-01-08
0.684,0.621,11,-8.442,0,0.362,0.432,0.0,0.607,0.537,128.882,353960,3,5TlAXiBCBwiQnIZUAA4Jkg,Professional Rapper (feat. Snoop Dogg),62y3BHKehWnb1hlaPclDAA,"1tqhsYv8yBBdwANFNzHtcr,7hJcb9fa4alzcOq3EaNPoG","Lil Dicky,Snoop Dogg","1962881,10871699","59,81",2015-07-31,day,61,2024-01-08
0.402,0.526,9,-6.741,0,0.0904,0.113,8.33e-06,0.105,0.312,81.404,339067,4,51EC3I1nQXpec4gDk0mQyP,90210 (feat. Kacy Hill),62y3BHKehWnb1hlaPclDAA,"0Y5tJX1MQlPlqiwlOH1tJY,4dYQmk5ma04mZ1KJ9KkAQK","Travis Scott,Kacy Hill","26203362,103351","91,62",2015-09-04,day,83,2024-01-08
0.629,0.578,1,-4.704,1,0.0428,0.2,0.0,0.151,0.211,79.94,307000,4,2dJ4rGtsOHOgvTQawsCRtg,Pray 4 Love (feat. The Weeknd),62y3BHKehWnb1hlaPclDAA,"0Y5tJX1MQlPlqiwlOH1tJY,1Xyo4u8uXC1ZmMpatF05PJ","Travis Scott,The Weeknd","26203362,77257554","91,94",2015-09-04,day,68,2024-01-08
0.681,0.729,0,-3.99,1,0.0326,0.00203,0.0,0.148,0.101,128.014,285954,4,2QKBvCMHdokPoy2b44dK2m,Don't Play (feat. The 1975 & Big Sean),62y3BHKehWnb1hlaPclDAA,"0Y5tJX1MQlPlqiwlOH1tJY,3mIj9lX2MWuHmhNCA7LSCW,0c173mlxpT3dSFRgMO8XPh","Travis Scott,The 1975,Big Sean","26203362,7030008,11115824","91,75,75",2014-08-18,day,61,2024-01-08
0.911,0.665,8,-5.169,0,0.249,0.0271,0.0,0.0656,0.408,140.136,202714,4,6ZziEeo8rdjBeqDE6kFdfD,DOLCE & GABBANA,62y3BHKehWnb1hlaPclDAA,31IZdHrCZ5pRhLz4zBxN3o,Riff Raff,181309,50,2013-06-25,day,42,2024-01-08
0.425,0.929,8,-6.085,0,0.402,0.691,1.37e-06,0.313,0.433,175.586,232410,4,7tqXYKq8L6qcPLMP08FmMA,Lava Glaciers (feat. Childish Gambino),62y3BHKehWnb1hlaPclDAA,"31IZdHrCZ5pRhLz4zBxN3o,73sIBHcqh3Z3NyqHKZ7FOL","Riff Raff,Childish Gambino","181309,12012874","50,78",2014-06-24,day,33,2024-01-08
0.802,0.623,7,-6.487,1,0.115,0.00171,4.79e-06,0.626,0.134,164.182,134634,4,6jWOsMGwl2eX0D7yuEGAZv,Aquaberry Dolphin (feat. Mac Miller),62y3BHKehWnb1hlaPclDAA,"31IZdHrCZ5pRhLz4zBxN3o,4LLpKhyESsyAXpc4laK94U","Riff Raff,Mac Miller","181309,9922860","50,81",2014-06-24,day,36,2024-01-08
0.8,0.478,8,-7.874,1,0.181,0.427,0.0,0.134,0.687,135.957,259760,4,5xwpXWWkfJRqg1S27oVxh4,All I Need (One Mo Drank) (feat. K Camp),62y3BHKehWnb1hlaPclDAA,"5gCRApTajqwbnHHPbr2Fpi,5bgfj5zUoWpyeVatGDjn6H","Juicy J,K CAMP","3138996,1658847","72,58",2015-03-23,day,46,2024-01-08
0.977,0.334,0,-7.983,0,0.121,0.272,0.0,0.109,0.137,119.982,268533,4,1qJjofprTOxvqkIAdDixaP,For Everybody (feat. Wiz Khalifa & R. City),62y3BHKehWnb1hlaPclDAA,"5gCRApTajqwbnHHPbr2Fpi,137W8MRPWKqSmrBGDBFSop,4TH4BHy0LdBi3dpBW4P2UX","Juicy J,Wiz Khalifa,R. City","3138996,11073613,148917","72,80,60",2015-04-14,day,48,2024-01-08
0.611,0.66,11,-5.883,1,0.0839,0.198,0.0,0.365,0.583,71.544,246387,4,3XQY8kDjI8LARMIC9xkxQk,Hard in Da Paint,62y3BHKehWnb1hlaPclDAA,6f4XkbvYlXMH0QgVRzW0sM,Waka Flocka Flame,2684309,64,2010-10-01,day,63,2024-01-08
0.712,0.758,9,-4.835,1,0.26,0.343,0.0,0.141,0.903,140.02,266000,4,5ORf8BZMbq4xN9kiumrPcQ,Round of Applause (feat. Drake),62y3BHKehWnb1hlaPclDAA,"6f4XkbvYlXMH0QgVRzW0sM,3TVXtAsR1Inumwj472S9r4","Waka Flocka Flame,Drake","2684309,83626299","64,96",2012-06-08,day,51,2024-01-08
0.849,0.712,10,-6.59,0,0.334,0.0861,0.0,0.71,0.551,139.943,246075,4,7pmfvp91orclnmxPLVjh4f,Snap Backs Tattoos,62y3BHKehWnb1hlaPclDAA,"6vXTefBL93Dj5IqAWq6OTv,33Ng2lgkHdbT0qyxJ8ROQa,0bfX8pF8kuHNCs57Ms4jZb","French Montana,Cash Out,Roscoe Dash","5255986,6788,250081","73,11,59",2015-02-18,day,20,2024-01-08
0.949,0.445,1,-7.782,1,0.338,0.314,0.0,0.118,0.392,120.016,182413,4,1zeTsUJRsWNZcoq4C50QEi,Heisman Pt. 2,62y3BHKehWnb1hlaPclDAA,"5LHRHt1k9lMyONurDHEdrp,7C4fslVznRj1BAu6A0iQ5L","Tyga,Honey C","6848796,91216","78,33",2014-11-22,day,39,2024-01-08
0.926,0.474,0,-9.604,1,0.429,0.0341,0.0,0.0643,0.633,95.962,195056,4,3xJj1mU7B83yop2dA03Smk,Bouncin On My D*ck,62y3BHKehWnb1hlaPclDAA,"5LHRHt1k9lMyONurDHEdrp,60N2qoNBFLTHNSBElNpANC","Tyga,Dash D Cadet","6848796,291","78,34",2014-11-22,day,55,2024-01-08
0.792,0.906,11,-4.18,0,0.166,0.0552,0.0,0.13,0.522,97.503,185813,4,098lWpfeAQN2zT0FeE7jhj,Hijack,62y3BHKehWnb1hlaPclDAA,"5LHRHt1k9lMyONurDHEdrp,17lzZA2AlOHwCwFALHttmp","Tyga,2 Chainz","6848796,8017349","78,75",2013-01-01,day,35,2024-01-08
0.627,0.975,4,-3.137,1,0.45,0.438,0.0,0.359,0.655,80.993,172907,4,3LmObtLcNnsYgojLNMIJBY,Palm Trees,62y3BHKehWnb1hlaPclDAA,5LHRHt1k9lMyONurDHEdrp,Tyga,6848796,78,2013-01-01,day,17,2024-01-08
0.802,0.831,1,-7.108,1,0.305,0.0849,0.00178,0.231,0.702,96.995,158360,4,3K14Lbs8fFa8nTQ7bacADg,Hit'em Up,62y3BHKehWnb1hlaPclDAA,"5LHRHt1k9lMyONurDHEdrp,5pnbUBPifNnlusY8kTBivi","Tyga,Jadakiss","6848796,1165269","78,63",2013-01-01,day,25,2024-01-08
0.761,0.851,10,-4.371,0,0.234,0.556,0.000545,0.104,0.463,92.486,221493,4,18LgnmZIds56d00L53aauA,Switch Lanes,62y3BHKehWnb1hlaPclDAA,"5LHRHt1k9lMyONurDHEdrp,0NbfKEOTQCcwd6o7wSDOHI","Tyga,The Game","6848796,4802782","78,71",2013-01-01,day,42,2024-01-08
0.615,0.811,6,-4.316,1,0.144,0.0188,0.0,0.196,0.808,167.995,166560,4,5PEleSkK4p4E1sx3x7cOLt,I Just Had Sex,62y3BHKehWnb1hlaPclDAA,"1f5GqyOPo0CkotzzRwviBu,0z4gvV4rjIZ9wHck67ucSV","The Lonely Island,Akon","1073517,4188769","56,80",2011-01-01,day,63,2024-01-08
0.801,0.682,1,-5.919,0,0.225,0.111,1.56e-05,0.109,0.586,123.95,326960,4,19JdbdEwQI7bCxefMokZO8,My Humps,62y3BHKehWnb1hlaPclDAA,1yxSLGMDHlW21z4YXirZDS,Black Eyed Peas,7879760,79,2005-01-01,day,69,2024-01-08
0.836,0.633,0,-5.919,0,0.154,0.0349,0.0,0.172,0.543,130.029,196400,4,1OBWQFd7hcTo18GWxS1bnZ,Awwsome,62y3BHKehWnb1hlaPclDAA,1DvtabXAjfrMihPP6JQdHs,Shy Glizzy,864364,61,2014-10-21,day,38,2024-01-08
0.698,0.793,1,-5.332,0,0.105,0.123,0.0,0.0805,0.454,129.948,236760,4,5yJzkdwbrQCwua2dIC3K6A,White Girl,62y3BHKehWnb1hlaPclDAA,1DvtabXAjfrMihPP6JQdHs,Shy Glizzy,864364,61,2014-02-17,day,69,2024-01-08
0.734,0.639,1,-3.241,1,0.0316,0.0348,0.0,0.102,0.836,121.212,201653,4,45O0tUN9Bh6LH4eNxQ07AT,Eenie Meenie,62y3BHKehWnb1hlaPclDAA,"1uNFoZAHBGtllmzznpCI3s,6S0dmVVn4udvppDhZIWxCr","Justin Bieber,Sean Kingston","74461349,3201846","89,68",2020-02-28,day,67,2024-01-08
0.839,0.804,1,-2.513,1,0.0329,0.0192,0.0,0.331,0.888,122.973,239987,4,2oENJa1T33GJ0w8dC167G4,Fire Burning,62y3BHKehWnb1hlaPclDAA,6S0dmVVn4udvppDhZIWxCr,Sean Kingston,3201846,68,2009-09-07,day,75,2024-01-08
0.752,0.921,5,-4.321,0,0.0696,0.0182,0.0,0.256,0.634,115.033,236693,4,6AdLyvisRKHLAwARaZMGr6,Take You There,62y3BHKehWnb1hlaPclDAA,6S0dmVVn4udvppDhZIWxCr,Sean Kingston,3201846,68,2008-03-11,day,67,2024-01-08
0.641,0.72,11,-4.326,1,0.0552,0.0102,0.0,0.154,0.578,77.969,222027,4,27mhCGdAA8gM7b33KIiB3k,Cyclone (feat. T-Pain),62y3BHKehWnb1hlaPclDAA,"12PSlydMSjEHzSCj9X5qv7,3aQeKQSyrW4qWr35idm0cy","Baby Bash,T-Pain","918732,4615060","60,76",2007-04-05,day,61,2024-01-08
0.93,0.712,10,-5.156,0,0.0666,0.245,1.48e-05,0.116,0.456,99.054,216413,4,7dZAPeA3Of5j5Vaef0DQ6M,Make Her Say,62y3BHKehWnb1hlaPclDAA,"0fA0VVWsXO9YnASrzqfmYu,5K4W6rqBFWDnAN6FQUkS6x,2GHclqNVjqGuiE5mA7BEoc","Kid Cudi,Kanye West,Common","6788413,22986248,919021","79,91,59",2009-01-01,day,60,2024-01-08
0.776,0.662,1,-7.016,0,0.0489,0.00157,2.1e-05,0.0887,0.324,152.927,182733,4,1LxKKYsJNPeBdOwdudsJzv,Down In the DM,62y3BHKehWnb1hlaPclDAA,6Ha4aES39QiVjR0L2lwuwq,Yo Gotti,4353152,64,2016-02-19,day,57,2024-01-08
0.864,0.551,3,-5.198,1,0.22,0.144,0.0,0.104,0.38,139.934,238534,4,0tPShxf8VJUH6RBDEP3tVB,Bake Sale (feat. Travis Scott),62y3BHKehWnb1hlaPclDAA,"137W8MRPWKqSmrBGDBFSop,0Y5tJX1MQlPlqiwlOH1tJY","Wiz Khalifa,Travis Scott","11073613,26203362","80,91",2016-01-22,day,49,2024-01-08
0.64,0.639,9,-5.473,0,0.22,0.044,0.0,0.0906,0.702,92.936,201647,4,3FQdtOMXdfDcDDjY1OHAqz,Back To Sleep,62y3BHKehWnb1hlaPclDAA,7bXgB6jMjp9ATFy66eO08Z,Chris Brown,20955452,86,2015-11-09,day,48,2024-01-08
0.895,0.681,7,-5.267,0,0.358,0.157,0.0,0.189,0.554,121.918,240000,4,0wdKiSBUT7aZkXUIdJWcwC,2 Phones,62y3BHKehWnb1hlaPclDAA,1gPhS1zisyXr5dHTYZyiMe,Kevin Gates,6040529,71,2016-01-29,day,71,2024-01-08
0.868,0.444,7,-7.122,0,0.301,0.059,0.0,0.0727,0.395,159.973,153347,4,0I6wh8pETh9PS7dVTzykQd,Ran off on Da Plug Twice,62y3BHKehWnb1hlaPclDAA,3jksrX4oBklxR78ft8gv3j,Plies,1868350,61,2016-01-29,day,51,2024-01-08
0.861,0.875,1,-5.913,0,0.106,0.422,0.0,0.837,0.747,105.124,219280,4,0xOFqoCyGiLFgGAXD73xtC,Slight Work (feat. Big Sean),62y3BHKehWnb1hlaPclDAA,"67nwj3Y5sZQLl72VNUHEYE,0c173mlxpT3dSFRgMO8XPh","Wale,Big Sean","4150012,11115824","69,75",2011-10-28,day,39,2024-01-08
0.851,0.598,0,-8.356,1,0.439,0.000595,0.0,0.343,0.654,180.046,237320,4,35EfL85garkKhKEemkeLoC,Ice Cream Paint Job,62y3BHKehWnb1hlaPclDAA,5MAp6rMiUJjRLXMWtArXRS,Dorrough Music,70240,44,2009-08-04,day,56,2024-01-08
0.5,0.69,8,-4.448,1,0.312,0.159,0.0,0.104,0.371,180.206,244511,3,3WcC6NH9J77xPEvj1SOL7z,March Madness,62y3BHKehWnb1hlaPclDAA,1RyvyyTE3xzB2ZywiAwp0i,Future,15692678,88,2015-03-21,day,69,2024-01-08
0.708,0.358,11,-9.815,1,0.0563,0.157,0.0,0.109,0.118,122.021,251860,4,232jKM7OzWMfuwHyf9r3dX,Drama (feat. Drake),62y3BHKehWnb1hlaPclDAA,"7mDU6nMUJnOSY2Hkjz5oqM,3TVXtAsR1Inumwj472S9r4","Roy Woods,Drake","1160611,83626299","60,96",2015-07-31,day,75,2024-01-08
0.736,0.694,1,-4.327,0,0.0621,0.000216,0.0,0.118,0.326,139.993,208213,4,6sxrGC2S5iyrjare93hdTa,We In Da City,62y3BHKehWnb1hlaPclDAA,3ZooCJzNMTLpmJaIRUEorI,Young Dro,847719,47,2015-09-18,day,35,2024-01-08
0.543,0.667,8,-7.333,1,0.0633,0.0165,2.69e-05,0.15,0.196,162.067,314053,4,5OFKWrKbS8iTIGxgjyHDzW,Coffee (F***ing) (feat. Wale),62y3BHKehWnb1hlaPclDAA,"360IAlyVv4PCEVjgyMZrxK,67nwj3Y5sZQLl72VNUHEYE","Miguel,Wale","4903257,4150012","78,69",2015-05-01,day,56,2024-01-08
0.813,0.551,0,-7.661,1,0.0718,0.0731,0.0,0.0866,0.186,131.892,235363,4,3v9VN3HcEsNHeLac8Uiujv,Kyrie Irving,62y3BHKehWnb1hlaPclDAA,43BqexhEx5NKF7VfeOYP9m,Lil Cray,11730,15,2015-06-14,day,0,2024-01-08
0.92,0.731,4,-4.996,0,0.274,0.18,0.0,0.121,0.472,132.086,206267,4,3Y92OZ52FYwlIaeA3dMcCD,Pipe It Up,62y3BHKehWnb1hlaPclDAA,6oMuImdp5ZcFhWP0ESe6mG,Migos,13641028,75,2015-07-31,day,49,2024-01-08
0.745,0.617,6,-7.22,0,0.144,0.168,0.0,0.389,0.185,125.98,346907,4,0joQFwiBKmi6X1Iq5R1ubH,Codeine Crazy,62y3BHKehWnb1hlaPclDAA,1RyvyyTE3xzB2ZywiAwp0i,Future,15692678,88,2014-10-28,day,73,2024-01-08
0.78,0.453,1,-9.411,1,0.293,0.367,0.0,0.125,0.415,132.096,234459,4,6PeXpPSKtHIu3NFCdya3be,Rihanna (feat. Young Thug),62y3BHKehWnb1hlaPclDAA,"6Ha4aES39QiVjR0L2lwuwq,50co4Is1HCEo8bhOyUWKpn","Yo Gotti,Young Thug","4353152,9355686","64,83",2015-06-29,day,35,2024-01-08
0.514,0.861,1,-7.68,1,0.391,0.0122,5.58e-06,0.619,0.766,144.116,262107,4,5kzruPQIvdiTMKi4Rubb2H,MILF,62y3BHKehWnb1hlaPclDAA,"0c173mlxpT3dSFRgMO8XPh,0hCNtLu0JehylgoiP8L4Gh,5gCRApTajqwbnHHPbr2Fpi","Big Sean,Nicki Minaj,Juicy J","11115824,30496118,3138996","75,88,72",2013-01-01,day,36,2024-01-08
0.724,0.87,1,-3.614,0,0.113,0.00453,0.0,0.833,0.81,93.01,207547,4,2fQ6sBFWaLv2Gxos4igHLy,Say Aah (feat. Fabolous),62y3BHKehWnb1hlaPclDAA,"2iojnBLj0qIMiKPvVhLnsH,0YWxKQj2Go9CGHCp77UOyy","Trey Songz,Fabolous","7381157,2654200","68,64",2009-08-31,day,63,2024-01-08
0.685,0.731,10,-5.503,0,0.414,0.0292,0.0,0.369,0.266,145.245,247867,4,275a9yzwGB6ncAW4SxY7q3,Panda,62y3BHKehWnb1hlaPclDAA,7pFeBzX627ff0VnN6bxPR4,Desiigner,3516657,60,2016-02-26,day,69,2024-01-08
0.738,0.544,3,-9.364,0,0.516,0.344,0.0,0.173,0.655,119.544,246712,4,7iTkqlI5o5xqUJIHP2VjQT,Somewhere in Paradise,62y3BHKehWnb1hlaPclDAA,"1anyVhU62p31KFi8MEzkbf,3KV3p5EY4AvKxOlhGHORLg,2mxe0TnaNL039ysAj51xPQ","Chance the Rapper,Jeremih,R. Kelly","5947668,6555141,2459314","72,72,65",2023-07-17,day,41,2024-01-08
0.336,0.664,7,-5.68,1,0.102,0.166,1.31e-06,0.0575,0.294,186.394,199315,3,2CpH1L4CUR47RARB3PgY1l,You Don't Own Me (feat. G-Eazy),62y3BHKehWnb1hlaPclDAA,"6y5amJcTjeDgLXIjtQLMst,02kJSzxNuaWGqwubyUba0Z","SAYGRACE,G-Eazy","181419,5198099","56,74",2015-03-17,day,60,2024-01-08
0.927,0.535,6,-7.59,0,0.0911,0.0855,0.0,0.136,0.336,112.96,313573,4,2yJ9GVCLMmzBBfQAnfzlwr,THat Part,62y3BHKehWnb1hlaPclDAA,"5IcR3N7QB1j6KBL8eImZ8m,5K4W6rqBFWDnAN6FQUkS6x","ScHoolboy Q,Kanye West","4616817,22986248","70,91",2016-07-08,day,62,2024-01-08
0.585,0.643,6,-6.615,0,0.0529,0.0104,0.0,0.493,0.351,157.015,174093,4,5CYRfPViGWqsLoypm1bX4u,LA Confidential,62y3BHKehWnb1hlaPclDAA,2jku7tDXc6XoB6MO2hFuqg,Tory Lanez,6302994,80,2016-01-29,day,52,2024-01-08
0.554,0.758,6,-6.772,0,0.129,0.00203,0.0,0.3,0.35,134.897,273253,4,5sv4LTz8qayQYnXlzaxg2x,Drifting (feat. Chris Brown & Tory Lanez),62y3BHKehWnb1hlaPclDAA,"02kJSzxNuaWGqwubyUba0Z,7bXgB6jMjp9ATFy66eO08Z,2jku7tDXc6XoB6MO2hFuqg","G-Eazy,Chris Brown,Tory Lanez","5198099,20955452,6302994","74,86,80",2015-12-04,day,57,2024-01-08
0.789,0.488,4,-9.093,0,0.227,0.179,7.94e-06,0.104,0.0644,133.114,209453,4,23NWj2izXAJ4yL6Nah73wf,Pop Style,62y3BHKehWnb1hlaPclDAA,"3TVXtAsR1Inumwj472S9r4,7bkdi7f1mxyYxWcBlwON4s","Drake,The Throne","83626299,1125","96,31",2016-04-04,day,51,2024-01-08
0.527,0.435,2,-8.363,1,0.129,0.0295,0.0,0.243,0.0781,102.698,223853,3,49vZduMPCMnDDrl1WBxUDk,Let Me Love You,62y3BHKehWnb1hlaPclDAA,"66CXWjxzNUsdJxJ2JdwvnR,55Aa2cqylxrFIXC767Z865","Ariana Grande,Lil Wayne","95458168,14232381","89,85",2016-05-20,day,66,2024-01-08
0.594,0.811,4,-3.754,0,0.0954,0.098,0.0,0.116,0.128,143.912,272693,4,1sZWRWPnJoV9ac32i3oMwz,Moses,62y3BHKehWnb1hlaPclDAA,"6vXTefBL93Dj5IqAWq6OTv,7bXgB6jMjp9ATFy66eO08Z,6oMuImdp5ZcFhWP0ESe6mG","French Montana,Chris Brown,Migos","5255986,20955452,13641028","73,86,75",2015-08-21,day,44,2024-01-08
0.745,0.567,7,-6.928,0,0.291,0.0861,0.0,0.118,0.89,160.119,194510,4,3kS3AOajZlXtoToQ1Y4rPL,3 Times In A Row,62y3BHKehWnb1hlaPclDAA,0BuvqDNQaCHcKJLCbK0M3P,TK N Cash,28896,27,2015-09-25,day,42,2024-01-08
0.59,0.468,10,-11.083,0,0.185,0.0789,0.0,0.101,0.349,92.287,245227,4,3O8NlPh2LByMU9lSRSHedm,Controlla,62y3BHKehWnb1hlaPclDAA,3TVXtAsR1Inumwj472S9r4,Drake,83626299,96,2016-05-06,day,74,2024-01-08
0.516,0.824,4,-5.473,0,0.26,0.0269,0.0,0.0696,0.774,91.964,209093,4,04R63LtwXGvm2OO5zyDa3h,"Saw It Coming (from the ""Ghostbusters"" Original Motion Picture Soundtrack) (feat. Jeremih)",62y3BHKehWnb1hlaPclDAA,"02kJSzxNuaWGqwubyUba0Z,3KV3p5EY4AvKxOlhGHORLg","G-Eazy,Jeremih","5198099,6555141","74,72",2016-06-10,day,31,2024-01-08
0.681,0.608,1,-6.093,1,0.207,0.0477,0.0,0.225,0.262,97.934,200760,4,16bHRxM89ue0TiCKARYbRp,Sorry Not Sorry,62y3BHKehWnb1hlaPclDAA,2EMAnMvWE2eb56ToJVfCWs,Bryson Tiller,7802606,78,2015-10-02,day,67,2024-01-08
0.797,0.469,8,-8.112,1,0.0646,0.0599,0.0,0.0753,0.481,103.057,224240,4,5IZc3KIVFhjzJ0L2kiXzUl,Promise (feat. Fetty Wap),62y3BHKehWnb1hlaPclDAA,"6KZDXtSj0SzGOV705nNeh3,6PXS4YHDkKvl1wkIl4V8DL","Kid Ink,Fetty Wap","2988092,4557581","64,69",2015-12-25,day,63,2024-01-08
0.603,0.783,9,-6.891,1,0.138,0.00353,0.0,0.216,0.182,87.154,180333,4,422lAAWQO9TqL1LxIPdhOn,Random,62y3BHKehWnb1hlaPclDAA,02kJSzxNuaWGqwubyUba0Z,G-Eazy,5198099,74,2015-12-04,day,57,2024-01-08
0.706,0.716,7,-4.263,0,0.0768,0.115,0.0,0.316,0.459,136.904,252263,4,4GXl8l1MfZPf2GvpyRPJBf,pick up the phone,62y3BHKehWnb1hlaPclDAA,"50co4Is1HCEo8bhOyUWKpn,0Y5tJX1MQlPlqiwlOH1tJY","Young Thug,Travis Scott","9355686,26203362","83,91",2016-06-03,day,73,2024-01-08
0.526,0.655,1,-4.208,0,0.326,0.0566,0.0,0.116,0.156,121.127,267212,4,11BIoKDpTJHX5mZt6p566h,New Level (feat. Future),62y3BHKehWnb1hlaPclDAA,"5dHt1vcEm9qb8fCyLcB3HL,1RyvyyTE3xzB2ZywiAwp0i","A$AP Ferg,Future","3710766,15692678","69,88",2015-12-18,day,60,2024-01-08
0.688,0.604,5,-6.592,0,0.181,0.627,4.61e-06,0.157,0.588,126.214,219420,5,7CGl5DRfDKgVpoHZv1Thvj,Nasty (feat. Jeremih & Spice),62y3BHKehWnb1hlaPclDAA,"6KZDXtSj0SzGOV705nNeh3,3KV3p5EY4AvKxOlhGHORLg,5rqhGwsxwJOVtXmfrjiMbo","Kid Ink,Jeremih,Spice","2988092,6555141,142","64,72,21",2016-06-03,day,41,2024-01-08
0.855,0.522,3,-5.54,1,0.226,0.196,0.0,0.1,0.355,139.917,238530,4,2okC0OWtgS86P2LC18IzHy,Bake Sale (feat. Travis Scott),62y3BHKehWnb1hlaPclDAA,"137W8MRPWKqSmrBGDBFSop,0Y5tJX1MQlPlqiwlOH1tJY","Wiz Khalifa,Travis Scott","11073613,26203362","80,91",2016-02-05,day,49,2024-01-08
0.533,0.742,7,-6.983,1,0.492,0.148,0.0,0.396,0.511,137.905,199595,4,0ezyHSFGFs61yiiPB3EpIY,I'm That... (feat. 2 Chainz),62y3BHKehWnb1hlaPclDAA,"4TH4BHy0LdBi3dpBW4P2UX,17lzZA2AlOHwCwFALHttmp","R. City,2 Chainz","148917,8017349","60,75",2014-10-14,day,33,2024-01-08
0.656,0.779,0,-4.801,1,0.0811,0.11,0.0,0.18,0.359,84.014,240067,4,0kwae8pEuAh2n6JwXyddHG,Figure it Out,62y3BHKehWnb1hlaPclDAA,"6vXTefBL93Dj5IqAWq6OTv,5K4W6rqBFWDnAN6FQUkS6x,20qISvAhX20dpIbOOzGK3q","French Montana,Kanye West,Nas","5255986,22986248,3550072","73,91,71",2016-05-02,day,15,2024-01-08
0.465,0.735,6,-3.715,1,0.117,0.0711,0.0,0.0975,0.409,173.935,196040,4,19a3JfW8BQwqHWUMbcqSx8,Famous,62y3BHKehWnb1hlaPclDAA,5K4W6rqBFWDnAN6FQUkS6x,Kanye West,22986248,91,2016-06-10,day,78,2024-01-08
0.766,0.593,3,-6.306,0,0.305,0.077,0.0,0.149,0.426,131.811,221307,4,4eX11XA4JA2Lx9EleyriMD,Creep (feat. Young Thug),62y3BHKehWnb1hlaPclDAA,"76JyRfZDqhAIow2Awv91iW,50co4Is1HCEo8bhOyUWKpn","B. Smyth,Young Thug","75715,9355686","43,83",2015-12-04,day,26,2024-01-08
0.652,0.795,11,-5.192,0,0.174,0.156,0.0,0.123,0.788,135.018,304607,4,0v9Wz8o0BT8DU38R4ddjeH,No Problem (feat. Lil Wayne & 2 Chainz),62y3BHKehWnb1hlaPclDAA,"1anyVhU62p31KFi8MEzkbf,55Aa2cqylxrFIXC767Z865,17lzZA2AlOHwCwFALHttmp","Chance the Rapper,Lil Wayne,2 Chainz","5947668,14232381,8017349","72,85,75",2016-05-27,day,68,2024-01-08
0.881,0.496,1,-6.897,0,0.0592,0.0105,0.00168,0.315,0.216,130.965,223733,4,3eaZlarqKQ4oAceRwJHfF5,By Chance,62y3BHKehWnb1hlaPclDAA,7iZtZyCzp3LItcw1wtPI3D,Rae Sremmurd,7361248,71,2016-08-12,day,47,2024-01-08
0.803,0.66,1,-3.257,1,0.276,0.241,0.0,0.384,0.736,104.955,167760,4,1lishk8i5ATCioX1YZikMM,All Nite (feat. Vince Staples),62y3BHKehWnb1hlaPclDAA,"5vSQUyT33qxr1xAX2Tkf3A,68kEuyFKyqrdQQLLsmiatm","Clams Casino,Vince Staples","262150,1820182","65,65",2016-06-09,day,21,2024-01-08
0.566,0.444,7,-12.069,0,0.147,0.0522,0.0,0.158,0.161,146.991,193867,4,6Xi897JXNLSoIaoYZwgTLc,Dímelo,62y3BHKehWnb1hlaPclDAA,"2FwJwEswyIUAljqgjNSHgP,2jku7tDXc6XoB6MO2hFuqg","Snakehips,Tory Lanez","355369,6302994","59,80",2016-04-15,day,50,2024-01-08
0.626,0.526,7,-4.112,0,0.0452,0.0485,0.00627,0.107,0.17,127.977,176640,4,5cgEadiGKjtTP1Q6NJqVP5,A-Team,62y3BHKehWnb1hlaPclDAA,0Y5tJX1MQlPlqiwlOH1tJY,Travis Scott,26203362,91,2016-02-06,day,61,2024-01-08
0.677,0.638,8,-8.631,1,0.333,0.589,0.0,0.193,0.435,82.81,211497,4,2e3Ea0o24lReQFR4FA7yXH,Love Yourz,62y3BHKehWnb1hlaPclDAA,6l3HvQ5sa6mXTsMTB19rO5,J. Cole,22394288,86,2014-12-09,day,80,2024-01-08
0.886,0.525,8,-7.39,1,0.132,0.236,0.0,0.057,0.708,145.99,225205,4,0qy5D3OJre7SPJNMOL9I71,Broccoli,62y3BHKehWnb1hlaPclDAA,"5M0lbkGluOPXLeFjApw8r8,6icQOAFXDZKsumw3YXyusw","DRAM,Lil Yachty","841064,9554683","58,78",2016-04-06,day,66,2024-01-08
0.779,0.455,1,-15.025,1,0.28,0.0542,0.0,0.177,0.197,140.181,153429,4,7zBPzAjKAqQpcv8F8GCq5s,Uber Everywhere,62y3BHKehWnb1hlaPclDAA,5SyGEPymt1G2uto47tVWvZ,MadeinTYO,1024999,57,2016-02-26,day,55,2024-01-08
0.659,0.505,7,-8.798,1,0.0486,0.00451,0.00243,0.0961,0.123,137.991,236722,4,2FCCvPwretXhdWcSWCM52A,Where I Wanna Be,62y3BHKehWnb1hlaPclDAA,5npFjR4YgD6oNS7APmA4IJ,Ervin Mitchell,4680,13,2018-09-14,day,8,2024-01-08
0.797,0.494,5,-10.955,0,0.0796,0.387,0.0,0.111,0.292,110.022,244231,4,4Vb7lpti4vXzQdkFIOK1s2,Gazuntite,62y3BHKehWnb1hlaPclDAA,6eN2EOfwcNvR89LuVl81H0,Lightweight Literate,2201,16,2018-09-10,day,7,2024-01-08
0.959,0.638,11,-7.234,0,0.287,0.824,0.0,0.365,0.733,120.013,211998,4,7dPlBx9UtMjDlZkWmAdZfR,Shit To Do,62y3BHKehWnb1hlaPclDAA,3Pvp8jqCvlxkeDWI1OTUAL,Ray Dawn,20276,15,2017-11-07,day,10,2024-01-08
0.795,0.568,5,-7.817,0,0.142,0.0541,0.0,0.108,0.478,136.173,198944,4,0B8QzDH7YWih85V5SEMnyJ,Money Longer,62y3BHKehWnb1hlaPclDAA,4O15NlyKLIASxsJ0PrXPfz,Lil Uzi Vert,16484624,85,2016-05-27,day,76,2024-01-08
0.786,0.583,0,-7.415,1,0.0393,0.0552,1.84e-06,0.326,0.229,120.024,228000,4,2IGr3q6ljcpLvHDFLtI0yW,Look Alive,62y3BHKehWnb1hlaPclDAA,7iZtZyCzp3LItcw1wtPI3D,Rae Sremmurd,7361248,71,2016-08-12,day,60,2024-01-08
0.722,0.331,8,-7.789,1,0.0726,0.337,0.282,0.146,0.102,143.961,313547,4,7EiZI6JVHllARrX9PUvAdX,Low Life (feat. The Weeknd),62y3BHKehWnb1hlaPclDAA,"1RyvyyTE3xzB2ZywiAwp0i,1Xyo4u8uXC1ZmMpatF05PJ","Future,The Weeknd","15692678,77257554","88,94",2016-04-13,day,85,2024-01-08
0.762,0.666,0,-6.055,1,0.0916,0.00427,0.0,0.127,0.278,118.97,232093,4,10I3CmmwT0BkOVhduDy53o,Really Really,62y3BHKehWnb1hlaPclDAA,1gPhS1zisyXr5dHTYZyiMe,Kevin Gates,6040529,71,2016-01-29,day,71,2024-01-08
0.647,0.673,5,-5.992,1,0.176,0.172,0.0,0.223,0.527,179.971,224000,4,6BOtDFg6GJm0rPUDuNmx57,Wake Up,62y3BHKehWnb1hlaPclDAA,6PXS4YHDkKvl1wkIl4V8DL,Fetty Wap,4557581,69,2016-04-22,day,51,2024-01-08
0.564,0.717,10,-6.403,0,0.397,0.097,0.0,0.493,0.423,117.489,284831,5,2AYTGaclgKXACh13nJRVcV,All The Way Up (Remix),62y3BHKehWnb1hlaPclDAA,"3ScY9CQxNLQei8Umvpx5g6,39mHYiNmLR7p8PXNG8Wll6,3nFkdlSjzX9mRTtwJOzDYB,6vXTefBL93Dj5IqAWq6OTv,4R529xQ7WQfRpSEXaHFbRg","Fat Joe,Remy Ma,JAY-Z,French Montana,InfaRed","1728063,768964,8801570,5255986,1445","66,57,82,73,50",2016-05-27,day,59,2024-01-08
0.875,0.673,7,-4.184,1,0.0932,0.135,0.0,0.292,0.231,130.0,222600,4,376KnY4TrgBITxjlnbnmIy,Cut It (feat. Young Dolph),62y3BHKehWnb1hlaPclDAA,"1Zatb2YN4erBOoSivOXc0o,3HiuzBlSW7pGDXlSFMhO2g","O.T. Genasis,Young Dolph","1033094,2749348","51,71",2015-09-25,day,60,2024-01-08
0.781,0.57,1,-5.555,0,0.296,0.117,0.0,0.112,0.354,173.991,160760,4,4AwJDh8ErDvjeiswR41DKM,Gangster Shit,62y3BHKehWnb1hlaPclDAA,50co4Is1HCEo8bhOyUWKpn,Young Thug,9355686,83,2016-06-10,day,53,2024-01-08
0.692,0.774,6,-2.48,0,0.0876,0.0623,0.0,0.873,0.349,134.952,334253,4,2nBI3iWLhupR7LyAJ5GGkE,Champions,62y3BHKehWnb1hlaPclDAA,"5K4W6rqBFWDnAN6FQUkS6x,13y7CgLHjMVRMDqxdx0Xdo,0c173mlxpT3dSFRgMO8XPh,17lzZA2AlOHwCwFALHttmp,0Y5tJX1MQlPlqiwlOH1tJY,6Ha4aES39QiVjR0L2lwuwq,0VRj0yCOv2FXJNP47XQnx5,7pFeBzX627ff0VnN6bxPR4","Kanye West,Gucci Mane,Big Sean,2 Chainz,Travis Scott,Yo Gotti,Quavo,Desiigner","22986248,5220799,11115824,8017349,26203362,4353152,7128651,3516657","91,76,75,75,91,64,77,60",2016-06-10,day,66,2024-01-08
0.749,0.606,9,-6.419,1,0.155,0.182,0.0,0.0843,0.251,129.945,220093,4,0HUptiGFVM5Q5YHIJ920aK,Hyenas,62y3BHKehWnb1hlaPclDAA,"6SHGWppjZ0ppEcvW1HkXjZ,50co4Is1HCEo8bhOyUWKpn,4KKxWQcENsJSxpwm6lCf7R,5G0rFFvPHNS5lZ7abaxNXT,2z1ZZSBRCNYjOZmUcA3rSQ,6icQOAFXDZKsumw3YXyusw","Bankroll Mafia,Young Thug,T.I.P,Duke,Shad Da God,Lil Yachty","149856,9355686,1262,441,33388,9554683","23,83,23,38,34,78",2016-04-22,day,37,2024-01-08
0.849,0.446,4,-8.01,1,0.0534,0.00422,8.55e-05,0.109,0.624,138.01,184387,4,7loXv8g9YbDzxfAFENqTdr,1st Day out Tha Feds,62y3BHKehWnb1hlaPclDAA,13y7CgLHjMVRMDqxdx0Xdo,Gucci Mane,5220799,76,2016-05-28,day,31,2024-01-08
0.848,0.418,8,-9.797,1,0.425,0.0725,0.0,0.106,0.241,134.955,235102,4,1LKIVWjYTBgm5A493AALJv,Priorities (Run Dat),62y3BHKehWnb1hlaPclDAA,6oGh2Aa6Cdf8naqJoAvITR,Southern Politics,29,0,2017-01-17,day,0,2024-01-08
0.787,0.597,10,-5.974,0,0.116,0.103,0.000117,0.0862,0.759,73.006,173587,4,3QJULtHD6Td9Cl8GD6B3My,I Don't Understand You Baby,62y3BHKehWnb1hlaPclDAA,7qL8oKDLj4eGuf3ac6S8HU,Alex Larsson,703,22,2019-03-08,day,7,2024-01-08
0.807,0.634,10,-8.754,0,0.571,0.098,0.0,0.0846,0.854,170.087,203651,4,2hzsSMAmeVY3aIlfHVuLbq,Party At The Crib,62y3BHKehWnb1hlaPclDAA,5fw01LbGEcAIaqFY17E0Qs,Ray iLLa,34452,0,2020-04-17,day,4,2024-01-08
0.634,0.601,0,-7.776,0,0.341,0.0754,1.21e-06,0.106,0.612,148.004,170427,4,4tLTeivORldipqnaA0AgCN,Made for This,62y3BHKehWnb1hlaPclDAA,07ImKNH5Mue1DDlHhdId40,Park Hill,1511,20,2018-04-08,day,0,2024-01-08
0.643,0.574,8,-5.565,1,0.0491,0.00232,0.0,0.14,0.177,151.963,240000,4,64SspxEpWugnnvgPM3KSWP,Keep Me Going,62y3BHKehWnb1hlaPclDAA,6euKuiPp1NWbB9KqNp2gJ8,Gringo Gang,602,5,2018-04-06,day,5,2024-01-08
0.894,0.327,5,-9.463,0,0.423,0.0146,8.59e-05,0.0938,0.233,140.005,226240,4,3f4MjCmGeEjuJ9EhswsRpe,MFN Right - Remix,62y3BHKehWnb1hlaPclDAA,"17lzZA2AlOHwCwFALHttmp,55Aa2cqylxrFIXC767Z865","2 Chainz,Lil Wayne","8017349,14232381","75,85",2016-05-20,day,40,2024-01-08
0.925,0.355,0,-9.309,0,0.55,0.0413,0.0,0.141,0.383,92.988,196587,4,4ezAjoV01phDz1SqO6SzEU,Why You Always Hatin?,62y3BHKehWnb1hlaPclDAA,"0A0FS04o6zMoto8OKPsDwY,3TVXtAsR1Inumwj472S9r4,3XVpDdKav6C6zwlDXPhMEO","YG,Drake,Kamaiyah","3205645,83626299,178855","72,96,50",2016-06-17,day,61,2024-01-08
0.711,0.44,1,-9.605,1,0.542,0.00146,1.75e-05,0.0782,0.101,129.212,220440,1,0QjSXEGUUjE2TwwTUWodN1,Grammys,62y3BHKehWnb1hlaPclDAA,"3TVXtAsR1Inumwj472S9r4,1RyvyyTE3xzB2ZywiAwp0i","Drake,Future","83626299,15692678","96,88",2016-05-06,day,34,2024-01-08
0.718,0.679,11,-5.899,0,0.0706,0.00191,0.0104,0.385,0.205,157.97,173347,4,6BbINUfGabVyiNFJpQXn3x,Wicked,62y3BHKehWnb1hlaPclDAA,1RyvyyTE3xzB2ZywiAwp0i,Future,15692678,88,2016-04-13,day,70,2024-01-08
0.843,0.359,0,-7.417,1,0.461,0.069,0.0,0.12,0.156,81.987,163944,4,2ANLarE8yHVsLWW21nj79M,You Was Right,62y3BHKehWnb1hlaPclDAA,4O15NlyKLIASxsJ0PrXPfz,Lil Uzi Vert,16484624,85,2016-05-27,day,68,2024-01-08
0.557,0.586,10,-4.57,1,0.0382,0.0528,7.33e-06,0.339,0.0681,96.091,181573,4,3nAq2hCr1oWsIU54tS98pL,Waves,62y3BHKehWnb1hlaPclDAA,5K4W6rqBFWDnAN6FQUkS6x,Kanye West,22986248,91,2016-06-10,day,74,2024-01-08
0.838,0.43,1,-5.868,1,0.281,0.0498,1.59e-05,0.0977,0.126,126.981,292910,4,0WCbhE2evMrIwRM0DlMy9k,Mixtape (feat. Young Thug & Lil Yachty),62y3BHKehWnb1hlaPclDAA,"1anyVhU62p31KFi8MEzkbf,50co4Is1HCEo8bhOyUWKpn,6icQOAFXDZKsumw3YXyusw","Chance the Rapper,Young Thug,Lil Yachty","5947668,9355686,9554683","72,83,78",2016-05-27,day,50,2024-01-08
0.71,0.404,1,-10.04,0,0.379,0.484,0.0,0.0953,0.398,139.553,165853,4,3pndPhlQWjuSoXhcIIdBjv,What They Want,62y3BHKehWnb1hlaPclDAA,1z7b1Pr1rSlvWRzsW3HOrS,Russ,5011396,75,2017-05-05,day,77,2024-01-08
0.674,0.752,11,-4.073,1,0.333,0.552,0.0,0.787,0.236,145.076,130293,4,1Wsbr1d2BouNGk2q92mIj7,Pt. 2,62y3BHKehWnb1hlaPclDAA,5K4W6rqBFWDnAN6FQUkS6x,Kanye West,22986248,91,2016-06-10,day,71,2024-01-08
0.787,0.635,4,-8.271,0,0.155,0.0253,0.0,0.357,0.237,130.018,209413,4,5NFYuqu8V6QXc6mzcLImd6,Hype,62y3BHKehWnb1hlaPclDAA,3TVXtAsR1Inumwj472S9r4,Drake,83626299,96,2016-05-06,day,62,2024-01-08
0.764,0.475,0,-12.618,1,0.114,0.345,0.0,0.14,0.34,129.974,243270,4,40yJGQyEaBbIkXpwMFkXip,One Night,62y3BHKehWnb1hlaPclDAA,6icQOAFXDZKsumw3YXyusw,Lil Yachty,9554683,78,2016-07-05,day,65,2024-01-08
0.798,0.666,3,-6.955,1,0.136,0.22,0.0,0.0922,0.33,128.02,245867,4,40kr34pxqFJKH7FlgsF5AO,Say Sum,62y3BHKehWnb1hlaPclDAA,6oMuImdp5ZcFhWP0ESe6mG,Migos,13641028,75,2016-05-06,day,38,2024-01-08
0.852,0.764,8,-4.283,0,0.0631,0.0178,0.0,0.336,0.266,132.981,207391,4,6LTsvaebP6V9tJFvZxqi5M,Pull Up (feat. Lil Uzi Vert),62y3BHKehWnb1hlaPclDAA,"137W8MRPWKqSmrBGDBFSop,4O15NlyKLIASxsJ0PrXPfz","Wiz Khalifa,Lil Uzi Vert","11073613,16484624","80,85",2016-05-25,day,52,2024-01-08
0.83,0.5,1,-6.597,1,0.0725,0.0889,0.000349,0.277,0.0491,140.009,223074,4,5NuhZIx47GxB5DAXg8jWHN,Addicted to My Ex,62y3BHKehWnb1hlaPclDAA,0wSIyRIXxXiOBCIV0TyXZH,M City JR,17685,38,2016-06-24,day,59,2024-01-08
0.654,0.818,5,-4.944,0,0.296,0.00949,0.0,0.0652,0.564,94.971,271000,4,2MjPYefrQPVzIkTbDat5YG,DOPE,62y3BHKehWnb1hlaPclDAA,"4OBJLual30L7gRl5UkeRcT,46VWDbmWmzvPBTmkSr25gM","T.I.,Marsha Ambrosius","4683892,542266","73,44",2016-05-16,day,36,2024-01-08
0.77,0.691,6,-5.448,0,0.111,0.122,0.0,0.113,0.292,140.059,281987,4,0bHDsbWkPSJ01adXfObBzJ,Key to the Streets,62y3BHKehWnb1hlaPclDAA,"5Berubt6ysOy2LCMyqhmXP,6oMuImdp5ZcFhWP0ESe6mG,0701LAQrkY5Il5vt06uNnC","YFN Lucci,Migos,Trouble","2476786,13641028,121286","55,75,43",2016-02-17,day,53,2024-01-08
0.536,0.721,10,-6.44,0,0.386,0.062,0.0,0.824,0.393,117.139,191942,5,61QSuw5VlC0LTS8WMO356g,All The Way Up (feat. Infared),62y3BHKehWnb1hlaPclDAA,"3ScY9CQxNLQei8Umvpx5g6,39mHYiNmLR7p8PXNG8Wll6,6vXTefBL93Dj5IqAWq6OTv,4R529xQ7WQfRpSEXaHFbRg","Fat Joe,Remy Ma,French Montana,InfaRed","1728063,768964,5255986,1445","66,57,73,50",2016-03-02,day,64,2024-01-08
0.611,0.754,1,-5.035,0,0.366,0.116,0.0,0.0945,0.565,126.961,290267,5,2uiEqPjMmIJXOKplzsEASP,"Lean Back (feat. Lil Jon, Eminem, Mase & Remy Martin) - Remix",62y3BHKehWnb1hlaPclDAA,"3ScY9CQxNLQei8Umvpx5g6,7dGJo4pcD2V6oG8kP0tJRR,7sfl4Xt5KmfyDs2T3SVSMK,1wiBLzTI7z9RUwEpNPdFT6,39mHYiNmLR7p8PXNG8Wll6","Fat Joe,Eminem,Lil Jon,Mase,Remy Ma","1728063,80373039,1493347,788090,768964","66,90,71,62,57",2005-06-14,day,60,2024-01-08
0.837,0.762,2,-4.073,1,0.0508,0.000644,0.0,0.113,0.334,142.01,172467,4,4ngnFeJ58ivjFl0gFD1Osh,She Twerkin,62y3BHKehWnb1hlaPclDAA,7Kp7SzuRuNiPFCy7JIwnLx,Ca$h Out,510006,46,2014-08-26,day,54,2024-01-08
0.638,0.863,2,-5.891,1,0.309,0.023,0.0,0.628,0.516,153.954,247267,4,0pNMYo9MXmyyR9Fp9HwiBT,So Sophisticated,62y3BHKehWnb1hlaPclDAA,"1sBkRIssrMs1AbVkOJbc7a,20sxb77xiYeusSH8cVdatc","Rick Ross,Meek Mill","7103142,7704881","76,73",2012-01-01,day,51,2024-01-08
0.691,0.781,0,-3.385,1,0.101,0.0501,0.0,0.158,0.401,158.948,172756,4,4DCBuZK28moF1agkLnqvX9,They Want War,62y3BHKehWnb1hlaPclDAA,0PiI8uea1wH6TqlVnYoVIp,Jay Matthews,2617,34,2019-01-25,day,5,2024-01-08
0.819,0.482,10,-13.822,1,0.483,0.51,0.0,0.299,0.175,111.952,144101,4,4phtpv5Fac3UlKsilybzyb,Rmb,62y3BHKehWnb1hlaPclDAA,6eN2EOfwcNvR89LuVl81H0,Lightweight Literate,2201,16,2018-09-10,day,5,2024-01-08
0.603,0.562,8,-7.221,1,0.348,0.255,0.0,0.1,0.4,180.362,229000,3,26oF6WjkOjDIRK9YsdZp2l,March Madness,62y3BHKehWnb1hlaPclDAA,1RyvyyTE3xzB2ZywiAwp0i,Future,15692678,88,2015-08-31,day,45,2024-01-08
0.735,0.679,9,-5.588,0,0.0431,0.18,0.000198,0.0766,0.264,140.858,231173,4,4Cv5dkUBqepa0siwGREihD,Motivation,62y3BHKehWnb1hlaPclDAA,"3AuMNF8rQAKOzjYppFNAoB,55Aa2cqylxrFIXC767Z865","Kelly Rowland,Lil Wayne","3483042,14232381","67,85",2011-01-01,day,64,2024-01-08
0.594,0.46,1,-7.607,1,0.382,0.00354,2.71e-05,0.147,0.0541,146.274,202451,4,17Q87zeXgsAi9iQQbMu9v0,Summer Sixteen,62y3BHKehWnb1hlaPclDAA,3TVXtAsR1Inumwj472S9r4,Drake,83626299,96,2016-02-05,day,60,2024-01-08
0.769,0.632,10,-4.228,0,0.0537,0.0325,0.0,0.116,0.294,131.932,176387,4,4cg1yakyRSIOjxKM2I7J1q,Digits,62y3BHKehWnb1hlaPclDAA,50co4Is1HCEo8bhOyUWKpn,Young Thug,9355686,83,2016-03-25,day,72,2024-01-08
0.724,0.573,7,-4.113,1,0.0549,0.118,0.0,0.538,0.438,113.088,135920,4,4KW1lqgSr8TKrvBII0Brf8,Father Stretch My Hands Pt. 1,62y3BHKehWnb1hlaPclDAA,5K4W6rqBFWDnAN6FQUkS6x,Kanye West,22986248,91,2016-06-10,day,89,2024-01-08
0.771,0.536,11,-8.534,1,0.323,0.553,1.05e-06,0.294,0.343,94.995,269721,4,52A8OAP8lTQKZCj4Rce92B,A Tale Of 2 Citiez,62y3BHKehWnb1hlaPclDAA,6l3HvQ5sa6mXTsMTB19rO5,J. Cole,22394288,86,2014-12-09,day,69,2024-01-08
0.758,0.756,10,-5.059,0,0.138,0.0294,0.0,0.0906,0.406,145.068,222180,4,1rZah1UGXvgiQCqLVlq4hS,King of Everything,62y3BHKehWnb1hlaPclDAA,137W8MRPWKqSmrBGDBFSop,Wiz Khalifa,11073613,80,2015-10-16,day,54,2024-01-08
0.882,0.699,2,-5.572,1,0.249,0.0196,0.0,0.0469,0.42,145.008,257267,4,7mhk9WyqZZzvTTCQKfh2iV,Law (feat. E-40),62y3BHKehWnb1hlaPclDAA,"6Ha4aES39QiVjR0L2lwuwq,3crnzLy8R4lVwaigKEOz7V","Yo Gotti,E-40","4353152,861320","64,66",2016-02-19,day,56,2024-01-08
0.893,0.646,11,-5.073,0,0.1,0.112,0.0,0.104,0.468,132.97,176855,4,7s49Um7G06hq2rulrHPsIy,Jimmy Choo,62y3BHKehWnb1hlaPclDAA,6PXS4YHDkKvl1wkIl4V8DL,Fetty Wap,4557581,69,2016-02-05,day,51,2024-01-08
0.742,0.559,5,-5.876,1,0.141,0.0324,0.0,0.0987,0.431,146.923,280831,4,5MD2QLnFM2ChpKAh33z0zr,Hercules,62y3BHKehWnb1hlaPclDAA,50co4Is1HCEo8bhOyUWKpn,Young Thug,9355686,83,2016-02-05,day,54,2024-01-08
0.83,0.732,1,-6.597,1,0.268,0.094,0.0,0.123,0.8,76.518,209813,4,4k7CmAZYtT53oXNxQReusm,Scholarship (feat. A$AP Rocky),62y3BHKehWnb1hlaPclDAA,"5gCRApTajqwbnHHPbr2Fpi,13ubrt8QOOCPljQ2FL1Kca","Juicy J,A$AP Rocky","3138996,13299639","72,81",2013-08-23,day,44,2024-01-08
0.487,0.729,2,-6.815,1,0.271,0.0538,4.07e-06,0.44,0.217,91.048,350120,4,439TlnnznSiBbQbgXiBqAd,m.A.A.d city,62y3BHKehWnb1hlaPclDAA,"2YZyLoL8N0Wb9xBt1NhZWg,4XqfpACObRB5AsBcUYjL8X","Kendrick Lamar,MC Eiht","26526500,363794","87,58",2012,year,70,2024-01-08
0.749,0.53,1,-5.251,1,0.0386,0.0287,0.0,0.141,0.332,93.869,204324,4,7osBjxxoPSCceUMdkyFh9O,Valet (feat. Fetty Wap and 2 Chainz),62y3BHKehWnb1hlaPclDAA,"7ibAWtDtmEfaVhc1FJ3Vl9,6PXS4YHDkKvl1wkIl4V8DL,17lzZA2AlOHwCwFALHttmp","Eric Bellinger,Fetty Wap,2 Chainz","841692,4557581,8017349","60,69,75",2015-12-04,day,56,2024-01-08
0.895,0.437,8,-8.989,0,0.357,0.108,0.0,0.0929,0.802,140.014,208827,4,5O2Yjlcs5pSpHq1gcA0cwg,Order More (feat. Starrah),62y3BHKehWnb1hlaPclDAA,"02kJSzxNuaWGqwubyUba0Z,6DpWtzfwV8fcwP6fXckDVu","G-Eazy,Starrah","5198099,22222","74,46",2015-12-04,day,54,2024-01-08
0.886,0.511,1,-4.691,0,0.0972,0.531,0.0501,0.112,0.261,127.898,173840,4,0xrdZMsJIaxoTHAB4bvGnu,Pass Dat,62y3BHKehWnb1hlaPclDAA,3KV3p5EY4AvKxOlhGHORLg,Jeremih,6555141,72,2015-12-04,day,48,2024-01-08
0.729,0.672,7,-6.749,1,0.282,0.0265,0.0,0.244,0.595,159.903,171333,4,20fAoPjfYltmd3K3bO7gbt,Stick Talk,62y3BHKehWnb1hlaPclDAA,1RyvyyTE3xzB2ZywiAwp0i,Future,15692678,88,2015-07-17,day,66,2024-01-08
0.77,0.347,2,-10.265,1,0.0623,0.0511,2.57e-06,0.087,0.0583,84.957,235477,4,6cEguiQecbXrFlsnMi2ysr,Come and See Me (feat. Drake),62y3BHKehWnb1hlaPclDAA,"2HPaUgqeutzr3jx5a9WyDV,3TVXtAsR1Inumwj472S9r4","PARTYNEXTDOOR,Drake","6064028,83626299","78,96",2016-08-12,day,76,2024-01-08
0.776,0.762,0,-4.356,1,0.216,0.193,0.0,0.18,0.678,120.039,236000,4,55Q46o5adtSobImSKrrlqW,Top,62y3BHKehWnb1hlaPclDAA,4O15NlyKLIASxsJ0PrXPfz,Lil Uzi Vert,16484624,85,2015-12-18,day,66,2024-01-08
0.842,0.683,8,-7.435,1,0.0927,0.00952,0.0,0.0741,0.296,126.075,203080,4,7hRwwjy1cmwGkzBnJlhtnY,5 Minutes,62y3BHKehWnb1hlaPclDAA,"5bgfj5zUoWpyeVatGDjn6H,17lzZA2AlOHwCwFALHttmp","K CAMP,2 Chainz","1658847,8017349","58,75",2016-04-15,day,28,2024-01-08
0.843,0.435,8,-8.442,1,0.178,0.47,0.0,0.147,0.19,120.058,208080,4,6GnhWMhgJb7uyiiPEiEkDA,Weekend (feat. Miguel),62y3BHKehWnb1hlaPclDAA,"4LLpKhyESsyAXpc4laK94U,360IAlyVv4PCEVjgyMZrxK","Mac Miller,Miguel","9922860,4903257","81,78",2015-09-18,day,80,2024-01-08
0.6,0.589,0,-8.812,1,0.117,0.0977,0.0,0.167,0.211,124.913,279593,4,5DddJVNEGBfUxy9Dtr45gI,Ladies Hit Squad,62y3BHKehWnb1hlaPclDAA,"2p1fiYHYiXz9qi0JJyxBzN,6bwkMlweHsBCpI2a0C5nnN,1uLYUm2A6kpFYAECfAFoH1","Skepta,D Double E,A$AP NAST","1195188,105033,35790","72,49,49",2016-05-06,day,46,2024-01-08
0.792,0.625,1,-5.609,1,0.0536,0.00776,0.0018,0.329,0.37,103.967,173987,4,1zi7xx7UVEFkmKfv06H8x0,One Dance,62y3BHKehWnb1hlaPclDAA,"3TVXtAsR1Inumwj472S9r4,3tVQdUvClmAT7URs9V3rsp,77DAFfvm3O9zT5dIoG0eIO","Drake,Wizkid,Kyla","83626299,4754379,17019","96,76,69",2016-05-06,day,90,2024-01-08
0.747,0.482,11,-8.472,1,0.131,0.0897,0.0,0.109,0.716,105.085,187671,4,6oECOh5nAYmxz4EiYhjsPi,Wavy (feat. Joe Moses),62y3BHKehWnb1hlaPclDAA,"7c0XG5cIJTrrAgEC3ULPiq,54QA4zjZDOyaLN8bVthBjP","Ty Dolla $ign,Joe Moses","4870732,97455","79,45",2016-03-25,day,62,2024-01-08
0.634,0.562,10,-8.923,0,0.163,0.309,2.08e-06,0.11,0.307,181.014,223480,4,5RqsqQU0erB0OgLbwem6pU,Rambo,62y3BHKehWnb1hlaPclDAA,2EMAnMvWE2eb56ToJVfCWs,Bryson Tiller,7802606,78,2015-10-02,day,56,2024-01-08
0.785,0.413,4,-11.84,1,0.151,0.0946,0.0,0.126,0.455,87.529,215573,4,4immekPm8Har57BB9DcDSj,1Hunnid,62y3BHKehWnb1hlaPclDAA,"5bgfj5zUoWpyeVatGDjn6H,6PXS4YHDkKvl1wkIl4V8DL","K CAMP,Fetty Wap","1658847,4557581","58,69",2014-09-04,day,55,2024-01-08
0.713,0.967,11,-4.757,0,0.442,0.294,0.0,0.744,0.7,148.527,187601,4,0pn8eHCvZsBAF9Y9wfv4rt,Really Got It,62y3BHKehWnb1hlaPclDAA,1xMXwKQhYLclPctEzpm4nr,Jerreau,32753,33,2016-04-08,day,53,2024-01-08
0.953,0.4,11,-7.963,0,0.196,0.395,0.00254,0.0943,0.259,120.057,198449,4,1BHquBolJN628btHI6X0vq,Numbers,62y3BHKehWnb1hlaPclDAA,"2p1fiYHYiXz9qi0JJyxBzN,2RdwBSPQiwcmiDo9kixcl8","Skepta,Pharrell Williams","1195188,4336597","72,78",2016-05-06,day,40,2024-01-08
0.464,0.771,8,-4.503,1,0.336,0.0235,0.0,0.063,0.69,158.777,198237,4,27PmvZoffODNFW2p7ehZTQ,Don't Mind,62y3BHKehWnb1hlaPclDAA,3jHBxvZ9gbBkZ17wKUqVsO,Kent Jones,111085,46,2016-04-25,day,65,2024-01-08
0.742,0.627,10,-6.153,0,0.253,0.265,0.0,0.103,0.273,147.995,188109,4,3US2qDmY0lqxoEe7dPrGOR,Long Time (feat. Quavo),62y3BHKehWnb1hlaPclDAA,"7c0XG5cIJTrrAgEC3ULPiq,0VRj0yCOv2FXJNP47XQnx5","Ty Dolla $ign,Quavo","4870732,7128651","79,77",2016-03-25,day,40,2024-01-08
0.762,0.582,9,-6.866,0,0.0729,0.133,1.63e-06,0.334,0.393,105.989,199613,4,60fLBoD7INAvDtg5F7Z4nA,Fade,62y3BHKehWnb1hlaPclDAA,5K4W6rqBFWDnAN6FQUkS6x,Kanye West,22986248,91,2016-04-04,day,0,2024-01-08
0.717,0.523,10,-6.506,0,0.0611,0.0799,0.0,0.206,0.282,127.047,228613,4,1CDBn2Lm7E63XKQDsdCq6O,No Limit (feat. Young Thug),62y3BHKehWnb1hlaPclDAA,"23zg3TcAtWQy7J6upgbUnj,50co4Is1HCEo8bhOyUWKpn","USHER,Young Thug","10846051,9355686","80,83",2016-09-16,day,61,2024-01-08
0.927,0.367,9,-7.797,1,0.382,0.325,0.0,0.132,0.576,99.053,328667,4,1ACZpHI5vZ5Ea4xGlkdGWM,Crazy Rap (Colt 45 & 2 Zig Zags),62y3BHKehWnb1hlaPclDAA,4Icvbp9RDt5aY2TWDOVDsr,Afroman,440105,58,2001-08-28,day,73,2024-01-08
0.933,0.448,7,-8.391,1,0.347,0.239,0.0,0.0579,0.774,99.968,361173,4,5HRO58hfVhTpGR87AzHaBa,She Won't Let Me Fuck,62y3BHKehWnb1hlaPclDAA,4Icvbp9RDt5aY2TWDOVDsr,Afroman,440105,58,2001-08-28,day,52,2024-01-08
0.558,0.864,11,-5.1,1,0.43,0.318,0.0,0.123,0.474,152.804,253787,4,1b6rmL3VXBgYTbn61kM8wT,Drug Dealers Anonymous,62y3BHKehWnb1hlaPclDAA,"0ONHkAv9pCAFxb0zJwDNTy,3nFkdlSjzX9mRTtwJOzDYB","Pusha T,JAY-Z","2882949,8801570","72,82",2016-06-23,day,52,2024-01-08
0.477,0.647,3,-4.657,0,0.343,0.0872,0.0,0.119,0.549,109.856,252307,4,3F44dsHfwqv3WL2evzjJCw,Wishing,62y3BHKehWnb1hlaPclDAA,"5oNgAs7j5XcBMzWv3HAnHG,7bXgB6jMjp9ATFy66eO08Z,6TlLdicGl92pqnySP64n2g,7rqt4bOV0ELIMJKQnvmssL","DJ Drama,Chris Brown,Skeme,Lyquin","1456750,20955452,44231,111","58,86,38,33",2016-07-22,day,49,2024-01-08
0.923,0.599,6,-4.888,1,0.238,0.07,1.23e-06,0.0951,0.667,138.024,181739,4,46IdjlVO3EmaMqooXZ1Hcu,"Wat U Mean (Aye, Aye, Aye)",62y3BHKehWnb1hlaPclDAA,41LfjfTCcTCUdykJqNyFw8,Dae Dae,375815,37,2016-03-04,day,51,2024-01-08
0.461,0.772,2,-3.98,0,0.375,0.282,0.0,0.178,0.414,167.018,372113,4,1o0kWPueYo94LIjPYOE5Nf,Saint Pablo,62y3BHKehWnb1hlaPclDAA,5K4W6rqBFWDnAN6FQUkS6x,Kanye West,22986248,91,2016-06-10,day,74,2024-01-08
0.94,0.335,5,-10.179,0,0.505,0.17,0.0,0.262,0.707,120.04,209640,4,5hTpBe8h35rJ67eAWHQsJx,Caroline,62y3BHKehWnb1hlaPclDAA,3Gm5F95VdRxW3mqCn8RPBJ,Aminé,1915659,67,2017-07-28,day,74,2024-01-08
0.851,0.536,1,-5.026,1,0.0657,0.219,0.0,0.127,0.186,130.005,222360,4,1GI5NXx8MFhFl17cJtOZ2n,Guwop Home (feat. Young Thug),62y3BHKehWnb1hlaPclDAA,"13y7CgLHjMVRMDqxdx0Xdo,50co4Is1HCEo8bhOyUWKpn","Gucci Mane,Young Thug","5220799,9355686","76,83",2016-07-22,day,39,2024-01-08
0.897,0.485,8,-10.363,1,0.242,0.013,0.00193,0.133,0.262,83.498,227727,4,6lJDiHzVKoUz6XfuPZfBrU,No Shopping (feat. Drake),62y3BHKehWnb1hlaPclDAA,"6vXTefBL93Dj5IqAWq6OTv,3TVXtAsR1Inumwj472S9r4","French Montana,Drake","5255986,83626299","73,96",2016-07-12,day,33,2024-01-08
0.761,0.847,7,-3.068,1,0.0417,0.0292,2.26e-06,0.39,0.765,91.519,284480,4,3djNBlI7xOggg7pnsOLaNm,California Love - Original Version,62y3BHKehWnb1hlaPclDAA,"1ZwdS5xdxEREPySFridCfh,3GMoVpWJy4smKuxFuFTwXC,6DPYiyq5kWVQS4RGwxzPC7","2Pac,Roger,Dr. Dre","16965024,166064,11017086","78,63,78",2007-12-03,day,64,2024-01-08
0.686,0.623,1,-3.425,1,0.13,0.00287,0.00145,0.219,0.176,140.171,219759,4,51Nwg5wCDDiqcTntgJUlLo,I Got the Keys (feat. Jay-Z & Future),62y3BHKehWnb1hlaPclDAA,"0QHgL1lAIqAw0HtD7YldmP,3nFkdlSjzX9mRTtwJOzDYB,1RyvyyTE3xzB2ZywiAwp0i","DJ Khaled,JAY-Z,Future","10860995,8801570,15692678","74,82,88",2016-07-04,day,51,2024-01-08
0.72,0.816,5,-3.313,1,0.143,0.207,0.0,0.813,0.487,125.074,233000,4,4afMG2PlvFfX976bZJvHmb,"WDYW (feat. Lil Uzi Vert, A$AP Ferg & Rich The Kid)",62y3BHKehWnb1hlaPclDAA,"7CCjtD0hCK005Bvg2WG1a7,4O15NlyKLIASxsJ0PrXPfz,5dHt1vcEm9qb8fCyLcB3HL,1pPmIToKXyGdsCF6LmqLmI","Carnage,Lil Uzi Vert,A$AP Ferg,Rich The Kid","311329,16484624,3710766,3203856","51,85,69,66",2015-10-30,day,50,2024-01-08
0.925,0.741,9,-5.827,0,0.315,0.0653,0.0,0.044,0.654,93.04,247107,4,6fqqAsCYfDOtXAD8Ydo06K,Tipsy - Club Mix,62y3BHKehWnb1hlaPclDAA,1Zz5UxfKSSqc6hpa3xJPCw,J-Kwon,262084,51,2001-01-01,day,58,2024-01-08
0.706,0.888,2,-6.959,1,0.0654,0.119,9.64e-05,0.07,0.714,121.549,253733,4,5Mmk2ii6laakqfeCT7OnVD,Thong Song,62y3BHKehWnb1hlaPclDAA,6x9QLdzo6eBZxJ1bHsDkjg,Sisqo,967921,57,1999-11-30,day,72,2024-01-08
0.886,0.427,6,-10.028,1,0.145,0.0312,0.00099,0.0906,0.23,108.034,177184,4,5uDASfU19gDxSjW8cnCaBp,Chill Bill (feat. J. Davi$ & Spooks),62y3BHKehWnb1hlaPclDAA,"2hWs22BmQkK4czFtDLnar2,1rs3y69kDwkIdGJcOYngQt,36Tn5h23ysORlLKc42UXfe","Rob $tone,J. Davi$,J Spooks","257651,4669,1659","57,56,56",2016-06-17,day,78,2024-01-08
0.867,0.505,0,-6.862,1,0.0468,0.0743,0.0,0.141,0.231,111.956,214520,4,2cZRGrMM82Xoh9SYsO46hR,No Sleep - Intro,62y3BHKehWnb1hlaPclDAA,13y7CgLHjMVRMDqxdx0Xdo,Gucci Mane,5220799,76,2016-07-22,day,35,2024-01-08
0.916,0.571,10,-8.241,0,0.2,0.0173,1.11e-06,0.153,0.498,103.521,183695,4,4JDZl9nKIAhAhDjw753u4X,For Free (feat. Drake),62y3BHKehWnb1hlaPclDAA,"0QHgL1lAIqAw0HtD7YldmP,3TVXtAsR1Inumwj472S9r4","DJ Khaled,Drake","10860995,83626299","74,96",2016-06-17,day,55,2024-01-08
0.816,0.775,11,-3.323,1,0.234,0.16,0.00031,0.0543,0.527,93.431,270587,4,503OTo2dSqe7qk76rgsbep,Still D.R.E.,62y3BHKehWnb1hlaPclDAA,"6DPYiyq5kWVQS4RGwxzPC7,7hJcb9fa4alzcOq3EaNPoG","Dr. Dre,Snoop Dogg","11017086,10871699","78,81",1999-11-16,day,85,2024-01-08
0.902,0.72,6,-2.776,0,0.347,0.26,0.0,0.0749,0.805,90.059,193467,4,4RY96Asd9IefaL3X4LOLZ8,In Da Club,62y3BHKehWnb1hlaPclDAA,3q7HBObVc0L8jNeTe5Gofh,50 Cent,13325784,82,2003-02-06,day,78,2024-01-08
0.657,0.734,8,-4.832,0,0.484,0.149,0.0,0.139,0.434,91.03,223507,4,5SkRLpaGtvYPhw02vZhQQ9,All Falls Down,62y3BHKehWnb1hlaPclDAA,"5K4W6rqBFWDnAN6FQUkS6x,1lE6SEy8f84Zhjvp7r8yTD","Kanye West,Syleena Johnson","22986248,319008","91,63",2004-02-10,day,84,2024-01-08
0.494,0.887,6,-4.297,0,0.398,0.00661,0.0,0.103,0.548,89.554,234627,4,7sLpSWxQazJzDVG6YGzlVs,99 Problems,62y3BHKehWnb1hlaPclDAA,3nFkdlSjzX9mRTtwJOzDYB,JAY-Z,8801570,82,2003-11-14,day,69,2024-01-08
0.834,0.878,8,-9.484,1,0.15,0.0461,0.0,0.334,0.418,102.848,258688,4,6KIKRz9eSTXdNsGUnomdtW,Straight Outta Compton,62y3BHKehWnb1hlaPclDAA,4EnEZVjo3w1cwcQYePccay,N.W.A.,5436763,64,1988-08-08,day,74,2024-01-08
0.537,0.948,8,-3.063,1,0.355,0.151,0.0,0.356,0.792,186.151,286267,4,6RUpJeXT6U4SPEafnr9Wr7,Where The Hood At,62y3BHKehWnb1hlaPclDAA,1HwM5zlC5qNWhJtM00yXzG,DMX,4816671,69,2003-01-01,day,72,2024-01-08
0.759,0.891,11,-2.983,1,0.257,0.0298,0.0,0.141,0.587,98.579,216707,4,3CcvahnsiArpTHYQEWV2Au,Bring Em Out,62y3BHKehWnb1hlaPclDAA,4OBJLual30L7gRl5UkeRcT,T.I.,4683892,73,2004-11-28,day,67,2024-01-08
0.628,0.844,11,-2.825,0,0.0744,0.0132,0.0,0.108,0.367,115.091,200839,4,50S4mpD9sR0ITKEfC0O2cb,waves (feat. Travis Scott) - Remix,62y3BHKehWnb1hlaPclDAA,"360IAlyVv4PCEVjgyMZrxK,0Y5tJX1MQlPlqiwlOH1tJY","Miguel,Travis Scott","4903257,26203362","78,91",2016-02-26,day,45,2024-01-08
0.939,0.579,4,-6.161,0,0.271,0.00835,4.78e-05,0.0914,0.635,110.031,212774,4,00kYtO6UJq0q9aJ1n3iY1c,Girls @ (feat. Chance the Rapper),62y3BHKehWnb1hlaPclDAA,"1ewyVtTZBqFYWIcepopRhp,1anyVhU62p31KFi8MEzkbf","Joey Purp,Chance the Rapper","136510,5947668","47,72",2016-07-15,day,39,2024-01-08
0.422,0.816,10,-3.059,0,0.314,0.209,0.0,0.0877,0.538,82.852,176227,4,0LSawp8fYiAmY5KCLfYos5,Intro,62y3BHKehWnb1hlaPclDAA,"5oNgAs7j5XcBMzWv3HAnHG,55Aa2cqylxrFIXC767Z865","DJ Drama,Lil Wayne","1456750,14232381","58,85",2016-07-22,day,29,2024-01-08
0.721,0.738,2,-5.682,1,0.0649,0.00222,0.0,0.224,0.375,135.987,312960,4,0BKXZkU8oGad58MyTFyFXu,Blunt Blowin,62y3BHKehWnb1hlaPclDAA,55Aa2cqylxrFIXC767Z865,Lil Wayne,14232381,85,2011-08-29,day,65,2024-01-08
0.787,0.73,11,-6.788,0,0.35,0.0276,0.00157,0.0828,0.739,159.825,220293,4,3ZAMtgYJFoHwJjFkhkXqKr,Dance (A$$) Remix,62y3BHKehWnb1hlaPclDAA,"0c173mlxpT3dSFRgMO8XPh,0hCNtLu0JehylgoiP8L4Gh","Big Sean,Nicki Minaj","11115824,30496118","75,88",2011-01-01,day,63,2024-01-08
0.83,0.672,11,-4.199,1,0.333,0.0362,0.0,0.106,0.406,140.081,233373,4,5EPQXIxxry2D99lq31Hdu7,15th and the 1st (feat. YG Hootie),62y3BHKehWnb1hlaPclDAA,"13y7CgLHjMVRMDqxdx0Xdo,6f4XkbvYlXMH0QgVRzW0sM","Gucci Mane,Waka Flocka Flame","5220799,2684309","76,64",2011-08-05,day,52,2024-01-08
0.786,0.689,1,-6.113,1,0.315,0.00931,1.14e-06,0.214,0.874,157.936,235307,4,6QgkOxBXqVRjZ1JcIDbDYY,Booty Wurk (One Cheek At a Time) (feat. Joey Galaxy),62y3BHKehWnb1hlaPclDAA,"3aQeKQSyrW4qWr35idm0cy,1HvYwEbfOUhm2F4g9nH0vP","T-Pain,Joey Galaxy","4615060,757","76,46",2014,year,67,2024-01-08
0.732,0.69,0,-4.992,0,0.134,0.291,0.0,0.116,0.758,143.072,206307,4,4jTiyLlOJVJj3mCr7yfPQD,This Could Be Us,62y3BHKehWnb1hlaPclDAA,7iZtZyCzp3LItcw1wtPI3D,Rae Sremmurd,7361248,71,2015-01-06,day,81,2024-01-08
0.894,0.791,2,-4.699,1,0.112,0.0183,0.0,0.0388,0.583,105.018,250373,4,5rb9QrpfcKFHM1EUbSIurX,Yeah! (feat. Lil Jon & Ludacris),62y3BHKehWnb1hlaPclDAA,"23zg3TcAtWQy7J6upgbUnj,7sfl4Xt5KmfyDs2T3SVSMK,3ipn9JLAPI5GUEo4y4jcoi","USHER,Lil Jon,Ludacris","10846051,1493347,2755957","80,71,75",2004-03-23,day,85,2024-01-08
0.633,0.853,8,-6.491,1,0.389,0.302,0.0,0.152,0.544,130.018,211965,4,7MDKvOzNgAJ3KMCtaP2UOa,"Hella Hoes (feat. A$AP Rocky, A$AP Ferg, A$AP Nast & A$AP Twelvyy)",62y3BHKehWnb1hlaPclDAA,"7yO4IdJjCEPz7YgZMe25iS,13ubrt8QOOCPljQ2FL1Kca,5dHt1vcEm9qb8fCyLcB3HL,1uLYUm2A6kpFYAECfAFoH1,0tPjSrb43a58uznKru1k2P","A$AP Mob,A$AP Rocky,A$AP Ferg,A$AP NAST,A$AP Twelvyy","2133092,13299639,3710766,35790,319255","57,81,69,49,52",2014-06-06,day,50,2024-01-08
0.865,0.718,8,-3.882,1,0.204,0.0023,7.62e-05,0.264,0.476,153.548,237655,4,6JvHYmanlC8FdbeiCztcrR,Campaign (feat. Future),62y3BHKehWnb1hlaPclDAA,"7c0XG5cIJTrrAgEC3ULPiq,1RyvyyTE3xzB2ZywiAwp0i","Ty Dolla $ign,Future","4870732,15692678","79,88",2016-09-23,day,44,2024-01-08
0.687,0.829,3,-4.204,0,0.26,0.0124,0.0,0.107,0.154,133.854,188069,4,5tkDCf3xKRZjT5RbCb3sZB,Big Amount,62y3BHKehWnb1hlaPclDAA,"17lzZA2AlOHwCwFALHttmp,3TVXtAsR1Inumwj472S9r4","2 Chainz,Drake","8017349,83626299","75,96",2017-06-16,day,54,2024-01-08
0.835,0.413,1,-9.81,1,0.396,0.373,0.00133,0.101,0.111,149.004,258880,4,6fwdbPMwP1zVStm8FybmkO,X (feat. Future),62y3BHKehWnb1hlaPclDAA,"1URnnhqYAYcrqrcwql10ft,0iEtIxbK0KxaSlF7G42ZOp,1RyvyyTE3xzB2ZywiAwp0i","21 Savage,Metro Boomin,Future","16213669,6641993,15692678","89,87,88",2016-07-15,day,74,2024-01-08
0.835,0.757,8,-5.029,0,0.23,0.00647,0.0,0.29,0.626,82.038,274387,4,6o3s08kk2fQI37vxGZDrJ1,Snap Yo Fingers,62y3BHKehWnb1hlaPclDAA,"7sfl4Xt5KmfyDs2T3SVSMK,3crnzLy8R4lVwaigKEOz7V,2ZVEnkCKF0ytNHpj9cLxte","Lil Jon,E-40,Sean Paul","1493347,861320,13070","71,66,52",2006-05-02,day,71,2024-01-08
0.833,0.673,1,-6.981,0,0.315,0.329,0.0,0.136,0.753,148.019,149080,4,39liuGHPxn2sAyvO6DINor,Back on Road,62y3BHKehWnb1hlaPclDAA,"13y7CgLHjMVRMDqxdx0Xdo,3TVXtAsR1Inumwj472S9r4","Gucci Mane,Drake","5220799,83626299","76,96",2016-07-22,day,53,2024-01-08
0.485,0.72,6,-5.991,1,0.127,0.0123,0.0,0.0546,0.0471,207.982,126960,4,1j6kDJttn6wbVyMaM42Nxm,Lord Pretty Flacko Jodye 2 (LPFJ2),62y3BHKehWnb1hlaPclDAA,13ubrt8QOOCPljQ2FL1Kca,A$AP Rocky,13299639,81,2015-05-26,day,75,2024-01-08
0.867,0.618,2,-6.936,1,0.102,0.185,0.00011,0.314,0.191,120.969,233294,4,0uuE2usj5bvRqfKlfOu1NZ,I Want (feat. 2 Chainz),62y3BHKehWnb1hlaPclDAA,"5SyGEPymt1G2uto47tVWvZ,17lzZA2AlOHwCwFALHttmp","MadeinTYO,2 Chainz","1024999,8017349","57,75",2016-08-19,day,52,2024-01-08
0.774,0.663,1,-7.283,1,0.12,0.0221,0.0,0.292,0.124,140.043,181107,3,5YCs9rP6ZcMJW6me3QhtWr,Uber Everywhere (feat. Travis Scott),62y3BHKehWnb1hlaPclDAA,"5SyGEPymt1G2uto47tVWvZ,0Y5tJX1MQlPlqiwlOH1tJY","MadeinTYO,Travis Scott","1024999,26203362","57,91",2016-08-19,day,53,2024-01-08
0.861,0.521,1,-4.735,0,0.151,0.27,0.0,0.133,0.378,105.069,261067,4,4PYICbxa2pc51H4yRnwg9L,New Bae,62y3BHKehWnb1hlaPclDAA,27w1NoOLMX7tJMYqcetPyG,VIC MENSA,615367,56,2016-06-03,day,40,2024-01-08
0.921,0.373,6,-11.513,1,0.328,0.212,0.0,0.105,0.179,125.981,215373,4,5QrT8pNtw1UnjqFuSUsenv,Pussy Print (feat. Kanye West),62y3BHKehWnb1hlaPclDAA,"13y7CgLHjMVRMDqxdx0Xdo,5K4W6rqBFWDnAN6FQUkS6x","Gucci Mane,Kanye West","5220799,22986248","76,91",2016-07-22,day,46,2024-01-08
0.413,0.928,9,-3.671,1,0.321,0.106,0.0,0.331,0.469,83.203,281980,4,4o1zYFH5QWKu3E4MiC6lgE,"Holy Key (feat. Big Sean, Kendrick Lamar & Betty Wright)",62y3BHKehWnb1hlaPclDAA,"0QHgL1lAIqAw0HtD7YldmP,0c173mlxpT3dSFRgMO8XPh,2YZyLoL8N0Wb9xBt1NhZWg,0PDqlUGugF5Jt6DZyATvfz","DJ Khaled,Big Sean,Kendrick Lamar,Betty Wright","10860995,11115824,26526500,273943","74,75,87,46",2016-08-05,day,41,2024-01-08
0.83,0.746,5,-6.286,0,0.0579,0.00456,0.0,0.26,0.646,125.992,220507,4,6RpiAj9Ofv0Uqp6n2OuRoh,In the Ayer (feat. will.I.am),62y3BHKehWnb1hlaPclDAA,"0jnsk9HBra6NMjO2oANoPY,085pc2PYOi8bGKj0PNjekA","Flo Rida,will.i.am","8676033,4116475","78,71",2008-03-17,day,57,2024-01-08
0.807,0.97,10,-6.056,0,0.0477,0.0536,6.6e-05,0.149,0.876,114.297,242373,4,3SwlakM6VX47IwG0Wll5ek,Promiscuous,62y3BHKehWnb1hlaPclDAA,"2jw70GZXlAI8QzWeY2bgRc,5Y5TRrQiqgUO4S36tzjIRZ","Nelly Furtado,Timbaland","3681925,2711268","75,76",2010-01-01,day,59,2024-01-08
0.715,0.617,9,-3.132,1,0.0599,0.276,0.0,0.0317,0.653,140.05,169413,4,5sNBGuuhLjqNlEeB10YFfu,Rooster in My Rari,62y3BHKehWnb1hlaPclDAA,6f4XkbvYlXMH0QgVRzW0sM,Waka Flocka Flame,2684309,64,2012-06-08,day,41,2024-01-08
0.863,0.576,5,-5.687,0,0.239,0.124,0.0,0.143,0.832,132.054,236293,4,55OdqrG8WLmsYyY1jijD9b,Wyclef Jean,62y3BHKehWnb1hlaPclDAA,50co4Is1HCEo8bhOyUWKpn,Young Thug,9355686,83,2016-08-26,day,63,2024-01-08
0.816,0.488,8,-6.223,1,0.38,0.0479,0.0,0.156,0.218,132.125,190147,4,1yKLa9X63tBfvLojNOw9y8,Harambe,62y3BHKehWnb1hlaPclDAA,50co4Is1HCEo8bhOyUWKpn,Young Thug,9355686,83,2016-08-26,day,51,2024-01-08
0.926,0.517,9,-6.794,1,0.184,0.00218,0.0,0.091,0.284,132.07,197747,4,0tISnxqgVmxqhVghsTi2Rr,With Them,62y3BHKehWnb1hlaPclDAA,50co4Is1HCEo8bhOyUWKpn,Young Thug,9355686,83,2016-03-25,day,59,2024-01-08
0.745,0.669,9,-3.613,1,0.129,0.522,0.0,0.154,0.699,143.164,181154,4,6YBaCpYSMtzj2sf402aLfm,Cash Machine,62y3BHKehWnb1hlaPclDAA,5M0lbkGluOPXLeFjApw8r8,DRAM,841064,58,2016-09-09,day,32,2024-01-08
0.794,0.653,7,-7.839,1,0.104,0.0489,4.88e-05,0.1,0.397,117.996,263373,4,3BtuIIrQlkujKPuWF2B85z,Too Good,62y3BHKehWnb1hlaPclDAA,"3TVXtAsR1Inumwj472S9r4,5pKCCKE2ajJHZ9KAiaK11H","Drake,Rihanna","83626299,58780253","96,89",2016-05-06,day,77,2024-01-08
0.64,0.819,7,-4.108,1,0.455,0.533,0.0,0.156,0.623,166.012,234526,4,0D21XvHcVsIvJM6FcGY2BT,OOOUUU,62y3BHKehWnb1hlaPclDAA,7LvoDJUNGnOrPdGRzVtOJ9,Young M.A,1434868,58,2016-05-20,day,56,2024-01-08
0.708,0.887,11,-3.199,1,0.09,0.254,0.0,0.088,0.402,141.146,224078,4,3rPTZlxePEFOTlAuNTerGu,Tour Bus,62y3BHKehWnb1hlaPclDAA,"2QSaE1FL41ctwxfEMsQs2s,2IvDciyETEPNqCpWkBbj0j,5ndkK3dpZLKtBklKjxNQwT","JAQUE BEATZ,Jake Lambo,B.o.B","1193,1664,2078336","27,9,71",2015-07-01,day,7,2024-01-08
0.833,0.434,2,-8.795,1,0.431,0.0102,0.0219,0.165,0.281,150.062,204600,4,0VgkVdmE4gld66l8iyGjgx,Mask Off,62y3BHKehWnb1hlaPclDAA,1RyvyyTE3xzB2ZywiAwp0i,Future,15692678,88,2017-06-30,day,84,2024-01-08
0.497,0.489,11,-7.724,0,0.294,0.0576,9.91e-05,0.122,0.231,171.853,268187,4,4Q3N4Ct4zCuIHuZ65E3BD4,Tunnel Vision,62y3BHKehWnb1hlaPclDAA,46SHBwWsqBkxI7EeeBEQG7,Kodak Black,10072386,80,2017-03-31,day,74,2024-01-08
0.925,0.443,1,-8.216,1,0.264,0.0172,0.0,0.276,0.35,136.078,236615,4,2bjwRfXMk4uRgOD9IBYl9h,Portland,62y3BHKehWnb1hlaPclDAA,"3TVXtAsR1Inumwj472S9r4,0VRj0yCOv2FXJNP47XQnx5,0Y5tJX1MQlPlqiwlOH1tJY","Drake,Quavo,Travis Scott","83626299,7128651,26203362","96,77,91",2017-03-18,day,74,2024-01-08
0.865,0.687,10,-3.744,0,0.217,0.242,0.0,0.158,0.486,139.023,242407,4,1rkfJLgTlB6XYNjgZ0sVaK,T-Shirt,62y3BHKehWnb1hlaPclDAA,6oMuImdp5ZcFhWP0ESe6mG,Migos,13641028,75,2017-01-27,day,69,2024-01-08
0.723,0.654,0,-6.82,1,0.298,0.384,0.0,0.384,0.675,149.949,252240,4,6xbraxG0bSBOuAr5IUXmtM,iSpy (feat. Lil Yachty),62y3BHKehWnb1hlaPclDAA,"4qBgvVog0wzW75IQ48mU7v,6icQOAFXDZKsumw3YXyusw","KYLE,Lil Yachty","1051546,9554683","61,78",2018-05-18,day,69,2024-01-08
0.704,0.777,2,-5.729,1,0.195,0.0358,0.0,0.151,0.392,111.921,141542,4,60xaS8mYBKUW4VQQ666N0T,All Night (feat. Knox Fortune),62y3BHKehWnb1hlaPclDAA,"1anyVhU62p31KFi8MEzkbf,49O0SPoCoTiK2Nn2tOaHyU","Chance the Rapper,Knox Fortune","5947668,29069","72,47",2016-05-27,day,68,2024-01-08
0.78,0.575,1,-5.628,0,0.139,0.106,0.0,0.129,0.273,81.502,222360,4,0SGkqnVQo9KPytSri1H6cF,Bounce Back,62y3BHKehWnb1hlaPclDAA,0c173mlxpT3dSFRgMO8XPh,Big Sean,11115824,75,2017-02-03,day,71,2024-01-08
0.768,0.807,2,-5.508,0,0.106,0.053,2.99e-06,0.214,0.575,112.001,284000,4,7Fa5UNizycSms5jP3SQD3F,Shining (feat. Beyoncé & Jay-Z),62y3BHKehWnb1hlaPclDAA,"0QHgL1lAIqAw0HtD7YldmP,6vWDO969PvNqNYHIOW5v0m,3nFkdlSjzX9mRTtwJOzDYB","DJ Khaled,Beyoncé,JAY-Z","10860995,36524672,8801570","74,85,82",2017-06-22,day,54,2024-01-08
0.736,0.795,1,-3.299,0,0.0545,0.498,1.21e-06,0.254,0.511,104.066,230813,4,6gpcs5eMhJwax4mIfKDYQk,Slide (feat. Frank Ocean & Migos),62y3BHKehWnb1hlaPclDAA,"7CajNmpbOovFoOoasH2HaY,2h93pZq0e7k5yf4dywlkpM,6oMuImdp5ZcFhWP0ESe6mG","Calvin Harris,Frank Ocean,Migos","23070413,12648718,13641028","84,83,75",2017-02-24,day,72,2024-01-08
0.697,0.691,2,-4.757,1,0.146,0.214,0.0,0.185,0.305,137.853,239293,4,1PSBzsahR2AKwLJgx8ehBj,Bad Things (with Camila Cabello),62y3BHKehWnb1hlaPclDAA,"6TIYQ3jFPwQSRmorSezPxX,4nDoRrQiYLoBzwC5BhVJzF","Machine Gun Kelly,Camila Cabello","5165910,32256818","75,79",2017-05-12,day,74,2024-01-08
0.95,0.743,10,-5.861,0,0.238,0.0646,1.11e-05,0.103,0.619,136.983,257546,4,2jGEiQ3otr4CPIeBgefjRA,Get Right Witcha,62y3BHKehWnb1hlaPclDAA,6oMuImdp5ZcFhWP0ESe6mG,Migos,13641028,75,2017-01-27,day,62,2024-01-08
0.942,0.773,5,-4.855,1,0.211,0.0378,0.0,0.0736,0.647,125.063,220808,4,2blzf3nIpUlxoFSZ3PEpNL,FDB,62y3BHKehWnb1hlaPclDAA,3ZooCJzNMTLpmJaIRUEorI,Young Dro,847719,47,2013-10-15,day,45,2024-01-08
0.939,0.548,2,-7.16,1,0.141,0.0013,0.0,0.111,0.0631,134.007,187213,4,3lNfezSWDZIdt6XMwyNCJi,Dab of Ranch - Recorded at Spotify Studios NYC,62y3BHKehWnb1hlaPclDAA,"6oMuImdp5ZcFhWP0ESe6mG,1MHslxKWxauC559dXYEX1C","Migos,DJ Durel","13641028,6435","75,28",2017,year,32,2024-01-08
0.834,0.433,0,-9.607,1,0.174,0.0258,0.0,0.633,0.229,133.938,189853,3,433P7tDcIAi6NLnf4Sh6tI,Still Here,62y3BHKehWnb1hlaPclDAA,3TVXtAsR1Inumwj472S9r4,Drake,83626299,96,2016-05-06,day,68,2024-01-08
0.592,0.403,0,-8.768,0,0.414,0.62,0.0,0.54,0.391,105.169,320680,4,1eQBEelI2NCy7AUTerX0KS,Ultralight Beam,62y3BHKehWnb1hlaPclDAA,5K4W6rqBFWDnAN6FQUkS6x,Kanye West,22986248,91,2016-06-10,day,72,2024-01-08
0.374,0.568,1,-3.825,0,0.109,0.219,0.00219,0.513,0.111,84.733,547733,4,3DK6m7It6Pw857FcQftMds,Runaway,62y3BHKehWnb1hlaPclDAA,"5K4W6rqBFWDnAN6FQUkS6x,0ONHkAv9pCAFxb0zJwDNTy","Kanye West,Pusha T","22986248,2882949","91,72",2010-11-22,day,89,2024-01-08
0.603,0.725,6,-3.054,1,0.0393,0.174,0.0,0.0786,0.304,122.803,239853,4,3NJG6vMH1ZsectZkocMEm0,Tiimmy Turner,62y3BHKehWnb1hlaPclDAA,7pFeBzX627ff0VnN6bxPR4,Desiigner,3516657,60,2016-07-22,day,68,2024-01-08
0.722,0.614,11,-7.549,0,0.115,0.00466,0.0,0.106,0.485,154.903,182728,4,5lqQaR00aXDezywi6GfrF5,XO Tour Llif3,62y3BHKehWnb1hlaPclDAA,4O15NlyKLIASxsJ0PrXPfz,Lil Uzi Vert,16484624,85,2017-08-24,day,49,2024-01-08
0.789,0.715,0,-3.477,1,0.178,0.367,0.0,0.0947,0.39,130.045,247385,4,5dwT1VohRzyqh0qO4HqsJm,Good Drank 2.0,62y3BHKehWnb1hlaPclDAA,"17lzZA2AlOHwCwFALHttmp,13y7CgLHjMVRMDqxdx0Xdo,0VRj0yCOv2FXJNP47XQnx5,0sP0rz6ukSBlwai7AwiWl7","2 Chainz,Gucci Mane,Quavo,The Trap Choir","8017349,5220799,7128651,299","75,76,77,14",2017-03-06,day,34,2024-01-08
0.749,0.865,3,-5.228,1,0.0413,0.00536,0.0,0.198,0.371,111.914,216013,4,5SsR3wtCOafDmZgvIdRhSm,Man Of The Year,62y3BHKehWnb1hlaPclDAA,5IcR3N7QB1j6KBL8eImZ8m,ScHoolboy Q,4616817,70,2014-01-01,day,73,2024-01-08
0.809,0.463,11,-11.377,1,0.0396,0.256,0.085,0.109,0.364,111.98,298941,4,5mCPDVBb16L4XQwDdbRUpz,Passionfruit,62y3BHKehWnb1hlaPclDAA,3TVXtAsR1Inumwj472S9r4,Drake,83626299,96,2017-03-18,day,86,2024-01-08
0.841,0.728,7,-3.37,1,0.0484,0.0847,0.0,0.149,0.43,130.049,243837,4,6gBFPUFcJLzWGx4lenP6h2,goosebumps,62y3BHKehWnb1hlaPclDAA,0Y5tJX1MQlPlqiwlOH1tJY,Travis Scott,26203362,91,2016-09-16,day,88,2024-01-08
0.657,0.421,9,-11.378,1,0.412,0.352,0.000218,0.187,0.181,174.063,264747,4,6I6NX6tjGsxFAsIfGzY9lJ,Deja Vu,62y3BHKehWnb1hlaPclDAA,6l3HvQ5sa6mXTsMTB19rO5,J. Cole,22394288,86,2016-12-09,day,73,2024-01-08
0.851,0.625,10,-5.417,0,0.303,0.195,0.0,0.266,0.668,99.061,158684,4,2NyrXRn4tancYPW6JwtTl2,From The D To The A (feat. Lil Yachty),62y3BHKehWnb1hlaPclDAA,"6AUl0ykLLpvTktob97x9hO,6icQOAFXDZKsumw3YXyusw","Tee Grizzley,Lil Yachty","3630266,9554683","69,78",2017-03-17,day,73,2024-01-08
0.859,0.599,9,-5.254,1,0.0614,0.000362,8.2e-06,0.13,0.319,140.005,252520,4,20FZrLl9zSbO9b3DhaqO6M,23,62y3BHKehWnb1hlaPclDAA,"0NWbwDZY1VkRqFafuQm6wk,5YGY8feqx7naU7z4HrwZM6,137W8MRPWKqSmrBGDBFSop,5gCRApTajqwbnHHPbr2Fpi","Mike WiLL Made-It,Miley Cyrus,Wiz Khalifa,Juicy J","1553951,22959261,11073613,3138996","66,83,80,72",2013-01-01,day,72,2024-01-08
0.781,0.728,1,-4.981,1,0.0621,0.0509,1.94e-06,0.257,0.395,102.99,219306,4,0NTMtAO2BV4tnGvw9EgBVq,Bitch Better Have My Money,62y3BHKehWnb1hlaPclDAA,5pKCCKE2ajJHZ9KAiaK11H,Rihanna,58780253,89,2015-03-26,day,78,2024-01-08
0.943,0.949,1,-4.22,1,0.222,0.0362,0.0,0.417,0.701,110.984,199432,4,5BtN3kFKoISSWFpXWz7O4L,OG Bobby Johnson,62y3BHKehWnb1hlaPclDAA,4Mop3hBjHoSoKwwkzKD3Gi,QUE.,45872,31,2013-12-17,day,49,2024-01-08
0.846,0.438,11,-4.981,1,0.141,0.2,9.43e-05,0.0939,0.512,85.013,237480,4,61LtVmmkGr8P9I2tSPvdpf,Teach Me How to Dougie,62y3BHKehWnb1hlaPclDAA,1EeArivTpzLNCqubV95255,Cali Swag District,86898,50,2011-07-12,day,71,2024-01-08
0.575,0.686,1,-6.008,1,0.319,0.296,0.0,0.617,0.926,172.165,204040,4,1LnATvtXXioQNPeKTT4x9T,Sexy Can I,62y3BHKehWnb1hlaPclDAA,6gbGGM0E8Q1hE511psqxL0,Ray J,700587,52,2008-04-08,day,61,2024-01-08
0.7,0.598,2,-7.783,1,0.114,0.0369,0.0,0.111,0.594,160.041,228453,4,0x3TibRgnSqzkcwrqBd4iX,Down On Me,62y3BHKehWnb1hlaPclDAA,"3KV3p5EY4AvKxOlhGHORLg,3q7HBObVc0L8jNeTe5Gofh","Jeremih,50 Cent","6555141,13325784","72,82",2010-01-01,day,76,2024-01-08
0.741,0.861,6,-3.543,1,0.0309,0.104,0.0,0.281,0.889,115.004,302376,4,0z8kOaMtOI4qkN6SyZQbEz,Fuck Her Brains Out,62y3BHKehWnb1hlaPclDAA,74dMZMvy8P27oPqnprnvBb,Montana of 300,764983,45,2014-12-01,day,48,2024-01-08
0.884,0.697,11,-6.022,1,0.128,0.0509,0.0,0.094,0.322,101.965,252440,4,4Kd0FzFpOgIGxlBl4HXuFn,Salt Shaker,62y3BHKehWnb1hlaPclDAA,"44PA0rCQXikgOWbfY7Fq7m,3ciRvbBIVz9fBoPbtSYq4x","Ying Yang Twins,Lil Jon & The East Side Boyz","1074998,839888","61,61",2003-09-16,day,64,2024-01-08
0.859,0.625,9,-4.234,0,0.13,0.0296,0.0,0.0537,0.71,102.072,222560,4,5r29mFrurlVBbqJzjr2XW6,"My Neck, My Back (Lick It)",62y3BHKehWnb1hlaPclDAA,3q7isf09BuwXLyR2khBs60,Khia,228030,46,2015-05-05,day,63,2024-01-08
0.725,0.534,11,-6.238,1,0.0946,0.0752,0.0,0.0919,0.558,91.974,219320,4,72TFWvU3wUYdUuxejTTIzt,Work,62y3BHKehWnb1hlaPclDAA,"5pKCCKE2ajJHZ9KAiaK11H,3TVXtAsR1Inumwj472S9r4","Rihanna,Drake","58780253,83626299","89,96",2016-01-28,day,81,2024-01-08
0.76,0.652,6,-7.321,1,0.232,0.0348,0.0,0.307,0.759,100.315,177685,4,6g6A7qNhTfUgOSH7ROOxTD,Talk Dirty (feat. 2 Chainz),62y3BHKehWnb1hlaPclDAA,"07YZf4WDAMNwqr4jfgOZ8y,17lzZA2AlOHwCwFALHttmp","Jason Derulo,2 Chainz","11929892,8017349","77,75",2013-09-10,day,70,2024-01-08
0.798,0.627,0,-8.086,1,0.0602,0.0778,0.0,0.0472,0.84,113.029,210600,4,4Xf7EL8G6FRYwvJADl0nf4,Bass Down Low,62y3BHKehWnb1hlaPclDAA,"7Ip2u3e5Nv6fFb5xyIHxEE,7C64wNX3howEFZjAYRKsfP","DEV,The Cataracs","258067,108987","60,59",2010-01-01,day,48,2024-01-08
0.81,0.755,0,-6.408,1,0.199,0.291,0.0,0.0857,0.625,130.991,246573,4,4KTtYhxFtFL7mBwnjkKfLm,Glamorous,62y3BHKehWnb1hlaPclDAA,"3r17AfJCCUqC9Lf0OAc73G,3ipn9JLAPI5GUEo4y4jcoi","Fergie,Ludacris","5650865,2755957","68,75",2006-09-13,day,74,2024-01-08
0.541,0.953,5,-4.229,1,0.107,0.048,0.0,0.192,0.856,111.378,228640,5,7n6TT5TDeS0A1DqEtSdapf,I Can Transform Ya (feat. Swizz Beatz & Lil' Wayne),62y3BHKehWnb1hlaPclDAA,"7bXgB6jMjp9ATFy66eO08Z,2cADQgiLMjNhbsfeN52Bf3,55Aa2cqylxrFIXC767Z865","Chris Brown,Swizz Beatz,Lil Wayne","20955452,418448,14232381","86,61,85",2009-12-08,day,56,2024-01-08
0.731,0.807,3,-6.492,0,0.1,0.181,0.751,0.319,0.765,114.759,179120,4,2bLqfJjuC5syrsgDsZfGmn,The Way I Are,62y3BHKehWnb1hlaPclDAA,"5Y5TRrQiqgUO4S36tzjIRZ,63wjoROpeh5f11Qm93UiJ1,4TLCPR1sMYoNU1jA7O4uww","Timbaland,Keri Hilson,D.O.E.","2711268,1966705,2451","76,67,64",2007-01-01,day,85,2024-01-08
0.591,0.921,1,-1.787,1,0.313,0.323,0.0,0.302,0.428,86.808,268013,4,2a8CtZyPdd8w2csZh7oxpc,Run This Town,62y3BHKehWnb1hlaPclDAA,"3nFkdlSjzX9mRTtwJOzDYB,5pKCCKE2ajJHZ9KAiaK11H,5K4W6rqBFWDnAN6FQUkS6x","JAY-Z,Rihanna,Kanye West","8801570,58780253,22986248","82,89,91",2010-11-22,day,52,2024-01-08
0.904,0.645,2,-9.986,0,0.0759,0.315,0.0,0.416,0.725,124.935,167867,4,4ZT9EKb1iN9Cd5omcHcfoZ,We Want Some P--sy,62y3BHKehWnb1hlaPclDAA,58Dx4HPzeOO3dbpD9YYEes,2 LIVE CREW,507988,45,1992-10-07,day,17,2024-01-08
0.516,0.626,1,-11.402,1,0.705,0.48,0.0,0.675,0.726,209.763,237720,3,7bFElqzAlHXnnINRBXRQbK,Lil Bit,62y3BHKehWnb1hlaPclDAA,5bgfj5zUoWpyeVatGDjn6H,K CAMP,1658847,58,2014-09-04,day,52,2024-01-08
0.328,0.622,5,-7.291,0,0.0866,0.858,0.0,0.104,0.401,74.267,228093,4,5hUYsaOyMY32yjRXeuQwGj,Mirror,62y3BHKehWnb1hlaPclDAA,"55Aa2cqylxrFIXC767Z865,0du5cEVh5yTK9QJze8zA0C","Lil Wayne,Bruno Mars","14232381,52986983","85,87",2011-08-29,day,78,2024-01-08
0.718,0.862,11,-4.915,1,0.0445,0.0135,0.0,0.24,0.305,138.97,273000,4,2krzD9gBw8tI3fmFyCv4sR,Same Damn Time,62y3BHKehWnb1hlaPclDAA,1RyvyyTE3xzB2ZywiAwp0i,Future,15692678,88,2012-04-17,day,41,2024-01-08
0.856,0.527,2,-5.225,1,0.0997,0.392,0.0,0.11,0.386,98.052,266840,4,0Dc7J9VPV4eOInoxUiZrsL,Don't Tell 'Em,62y3BHKehWnb1hlaPclDAA,"3KV3p5EY4AvKxOlhGHORLg,0A0FS04o6zMoto8OKPsDwY","Jeremih,YG","6555141,3205645","72,72",2015-12-04,day,76,2024-01-08
0.74,0.574,4,-6.938,1,0.245,0.411,0.0,0.262,0.33,149.762,140747,4,6JFLZH9vCzgqnUToBdiHQb,Gotta Have It,62y3BHKehWnb1hlaPclDAA,"3nFkdlSjzX9mRTtwJOzDYB,5K4W6rqBFWDnAN6FQUkS6x","JAY-Z,Kanye West","8801570,22986248","82,91",2011-08-08,day,71,2024-01-08
0.654,0.95,1,-3.163,1,0.137,0.00223,0.0,0.406,0.351,140.009,228027,4,20bJBbPapGQ4bqs0YcA9xY,Just What I Am,62y3BHKehWnb1hlaPclDAA,"0fA0VVWsXO9YnASrzqfmYu,5NjUjtjtkzZqRuWFdspT1K","Kid Cudi,King Chip","6788413,22127","79,49",2013-04-12,day,69,2024-01-08
0.855,0.694,10,-3.797,0,0.296,0.124,0.0,0.0955,0.538,139.868,209840,4,5V4zERFNNI0ic4OvrmB5Ti,Snap Backs & Tattoos,62y3BHKehWnb1hlaPclDAA,7h5oEr0hzlM0GFQMrgEwSo,Driicky Graham,28444,22,2012-03-20,day,37,2024-01-08
0.703,0.776,9,-3.409,1,0.304,0.0108,0.0,0.74,0.541,82.466,244307,4,1JTZqN0snbMSNtp59zveTs,Am I A Psycho,62y3BHKehWnb1hlaPclDAA,6UBA15slIuadJ8h2lPRPos,Tech N9ne,2724601,66,2011-06-07,day,58,2024-01-08
0.708,0.843,7,-2.66,1,0.314,0.397,0.0,0.799,0.625,148.14,363521,4,6or1bKJiZ06IlK0vFvY75k,Rap God,62y3BHKehWnb1hlaPclDAA,7dGJo4pcD2V6oG8kP0tJRR,Eminem,80373039,90,2013-11-05,day,80,2024-01-08
0.769,0.569,1,-5.591,0,0.0786,0.0737,0.0,0.0571,0.612,146.062,216946,4,1cZlBZwnwGPtYeRIeQcoFh,wonderful,62y3BHKehWnb1hlaPclDAA,0Y5tJX1MQlPlqiwlOH1tJY,Travis Scott,26203362,91,2016-09-16,day,67,2024-01-08
0.663,0.889,1,-2.975,1,0.303,0.0376,0.0,0.784,0.837,152.186,225507,4,2xtIAFJIMkzHGHiCrJ9iwd,Lolly,62y3BHKehWnb1hlaPclDAA,"3XcCT5MPlQPWFTJyzXbfuX,5gCRApTajqwbnHHPbr2Fpi,1uNFoZAHBGtllmzznpCI3s","Maejor,Juicy J,Justin Bieber","97092,3138996,74461349","57,72,89",2013-01-01,day,65,2024-01-08
0.688,0.556,6,-7.738,1,0.264,0.7,1.87e-06,0.108,0.416,129.336,240320,4,08zJpaUQVi9FrKv2e32Bah,Planez,62y3BHKehWnb1hlaPclDAA,"3KV3p5EY4AvKxOlhGHORLg,6l3HvQ5sa6mXTsMTB19rO5","Jeremih,J. Cole","6555141,22394288","72,86",2015-12-04,day,71,2024-01-08
0.802,0.81,1,-3.493,1,0.22,0.000153,0.0,0.221,0.649,164.998,290880,4,51YZypLmWmTwjtETwgddEB,Wipe Me Down (feat. Foxx),62y3BHKehWnb1hlaPclDAA,"6z7xFFHxYkE9t8bwIF0Bvg,6aIm51fHkokqlJn2vzNTH8","Boosie Badazz,Webbie","2329575,1114762","62,54",2007-05-15,day,35,2024-01-08
0.732,0.611,1,-6.166,1,0.121,0.000472,0.0,0.091,0.46,75.005,247107,4,5k9BIHGgVxlpQ5G7MzqAvg,My Homies Still,62y3BHKehWnb1hlaPclDAA,"55Aa2cqylxrFIXC767Z865,0c173mlxpT3dSFRgMO8XPh","Lil Wayne,Big Sean","14232381,11115824","85,75",2013-01-01,day,48,2024-01-08
0.695,0.605,6,-7.755,1,0.0821,0.365,0.0,0.191,0.365,126.057,168611,4,5Lzvwk89KPUl7Q8Bl8faz8,Faded,62y3BHKehWnb1hlaPclDAA,5PhnRTe793myhKuYdJx4UO,GEBUHR,1649,11,2017-01-12,day,13,2024-01-08
0.781,0.539,11,-10.243,0,0.13,0.419,0.0,0.108,0.541,138.043,172269,4,0dNsCwvPvCHi6BaJcdwm60,Club 27,62y3BHKehWnb1hlaPclDAA,5PhnRTe793myhKuYdJx4UO,GEBUHR,1649,11,2017-04-13,day,11,2024-01-08
0.908,0.621,1,-6.638,0,0.102,0.000282,5.39e-05,0.0958,0.421,150.011,177000,4,7KXjTSCq5nL1LoYtL7XAwS,HUMBLE.,62y3BHKehWnb1hlaPclDAA,2YZyLoL8N0Wb9xBt1NhZWg,Kendrick Lamar,26526500,87,2017-04-14,day,87,2024-01-08
0.619,0.87,2,-4.956,1,0.501,0.41,1.37e-06,0.0571,0.94,188.772,219773,4,1Y4ZdPOOgCUhBcKZOrUFiS,Lip Gloss,62y3BHKehWnb1hlaPclDAA,5qK5bOC6wLtuLhG5KvU17c,Lil Mama,84315,46,2007-03-06,day,66,2024-01-08
0.466,0.759,8,-4.978,0,0.199,0.0521,0.0,0.0587,0.328,160.033,264373,4,1jUA4rb6ZCv4gby4YU53xq,No Air (feat. Chris Brown),62y3BHKehWnb1hlaPclDAA,"2AQjGvtT0pFYfxR3neFcvz,7bXgB6jMjp9ATFy66eO08Z","Jordin Sparks,Chris Brown","2375170,20955452","61,86",2007-11-20,day,74,2024-01-08
0.859,0.75,8,-8.325,0,0.303,0.0193,0.0,0.0538,0.857,98.691,345717,4,5n8Aro6j1bEGIy7Tpo7FV7,Fuck Tha Police,62y3BHKehWnb1hlaPclDAA,4EnEZVjo3w1cwcQYePccay,N.W.A.,5436763,64,1988-08-08,day,74,2024-01-08
0.613,0.681,8,-3.089,1,0.0778,0.0287,0.0,0.126,0.619,97.621,204664,4,45XhKYRRkyeqoW3teSOkCM,Wild Thoughts (feat. Rihanna & Bryson Tiller),62y3BHKehWnb1hlaPclDAA,"0QHgL1lAIqAw0HtD7YldmP,5pKCCKE2ajJHZ9KAiaK11H,2EMAnMvWE2eb56ToJVfCWs","DJ Khaled,Rihanna,Bryson Tiller","10860995,58780253,7802606","74,89,78",2017-06-22,day,73,2024-01-08
0.796,0.5,1,-7.21,1,0.425,0.118,0.0,0.155,0.227,75.012,255560,4,1nX9KhK3Fff27SnrIor2Yb,4 AM,62y3BHKehWnb1hlaPclDAA,"17lzZA2AlOHwCwFALHttmp,0Y5tJX1MQlPlqiwlOH1tJY","2 Chainz,Travis Scott","8017349,26203362","75,91",2017-06-16,day,65,2024-01-08
0.804,0.583,7,-5.335,1,0.245,0.0693,0.0,0.578,0.11,130.001,308733,4,67gmXPQZL1ISSh13OJJ1Pu,Blue Cheese,62y3BHKehWnb1hlaPclDAA,"17lzZA2AlOHwCwFALHttmp,6oMuImdp5ZcFhWP0ESe6mG","2 Chainz,Migos","8017349,13641028","75,75",2017-06-16,day,52,2024-01-08
0.8,0.672,1,-4.939,1,0.165,0.139,0.0,0.303,0.324,145.985,186253,4,21PYvZScoUng2OZNj21VTh,Trap Check,62y3BHKehWnb1hlaPclDAA,17lzZA2AlOHwCwFALHttmp,2 Chainz,8017349,75,2017-06-16,day,40,2024-01-08
0.644,0.805,0,-4.513,0,0.0975,0.452,1e-05,0.11,0.461,115.915,271187,4,5zlSTZhZq6rXL4Xn2PBayO,Saturday Night,62y3BHKehWnb1hlaPclDAA,17lzZA2AlOHwCwFALHttmp,2 Chainz,8017349,75,2017-06-16,day,44,2024-01-08
0.461,0.812,10,-5.776,0,0.241,0.0184,0.000375,0.21,0.72,159.869,193902,4,2of5xn0GU0TdFneR1saRLH,To the Max (feat. Drake),62y3BHKehWnb1hlaPclDAA,"0QHgL1lAIqAw0HtD7YldmP,3TVXtAsR1Inumwj472S9r4","DJ Khaled,Drake","10860995,83626299","74,96",2017-06-22,day,48,2024-01-08
0.599,0.667,7,-4.267,1,0.0367,0.0533,0.0,0.134,0.817,80.984,288877,4,1jYiIOC5d6soxkJP81fxq2,"I'm the One (feat. Justin Bieber, Quavo, Chance the Rapper & Lil Wayne)",62y3BHKehWnb1hlaPclDAA,"0QHgL1lAIqAw0HtD7YldmP,1uNFoZAHBGtllmzznpCI3s,0VRj0yCOv2FXJNP47XQnx5,1anyVhU62p31KFi8MEzkbf,55Aa2cqylxrFIXC767Z865","DJ Khaled,Justin Bieber,Quavo,Chance the Rapper,Lil Wayne","10860995,74461349,7128651,5947668,14232381","74,89,77,72,85",2017-06-22,day,66,2024-01-08
0.791,0.582,11,-7.323,0,0.286,0.0114,0.0,0.35,0.443,162.991,181812,4,1e1JKLEDKP7hEQzJfNAgPl,Magnolia,62y3BHKehWnb1hlaPclDAA,699OTQXzgjhIYAHMy9RyPD,Playboi Carti,9643234,84,2017-04-14,day,83,2024-01-08
0.726,0.769,6,-5.043,1,0.123,0.0293,0.0101,0.104,0.733,97.985,233902,4,3B54sVLJ402zGa6Xm4YGNe,Unforgettable,62y3BHKehWnb1hlaPclDAA,"6vXTefBL93Dj5IqAWq6OTv,1zNqQNIdeOUZHb8zbZRFMX","French Montana,Swae Lee","5255986,1964515","73,79",2017-07-14,day,87,2024-01-08
0.806,0.77,1,-6.464,0,0.19,0.0252,0.0,0.0645,0.406,152.094,198110,4,0bXFIF7iL17TYLyx8JHziM,Patty Cake,62y3BHKehWnb1hlaPclDAA,46SHBwWsqBkxI7EeeBEQG7,Kodak Black,10072386,80,2017-03-31,day,64,2024-01-08
0.658,0.535,9,-8.983,0,0.0573,0.0265,0.0,0.2,0.419,110.684,227360,4,6SwRhMLwNqEi6alNPVG00n,LOYALTY. FEAT. RIHANNA.,62y3BHKehWnb1hlaPclDAA,"2YZyLoL8N0Wb9xBt1NhZWg,5pKCCKE2ajJHZ9KAiaK11H","Kendrick Lamar,Rihanna","26526500,58780253","87,89",2017-04-14,day,80,2024-01-08
0.75,0.874,2,-4.831,1,0.242,0.0915,0.0,0.295,0.552,104.016,217267,4,2uAbEJGrLecIbkW9p3OqQl,Hello Good Morning - Remix,62y3BHKehWnb1hlaPclDAA,"2QYEvpsWUOjqaYuxDPTCmV,0hCNtLu0JehylgoiP8L4Gh,1sBkRIssrMs1AbVkOJbc7a","Diddy - Dirty Money,Nicki Minaj,Rick Ross","126079,30496118,7103142","51,88,76",2010-01-01,day,47,2024-01-08
0.508,0.763,8,-3.58,1,0.0516,0.16,0.0,0.118,0.476,139.653,395987,4,0FZmAvivvifvtN3pZScbw1,Drunk in Love Remix (feat. Jay-Z & Kanye West),62y3BHKehWnb1hlaPclDAA,"6vWDO969PvNqNYHIOW5v0m,3nFkdlSjzX9mRTtwJOzDYB,5K4W6rqBFWDnAN6FQUkS6x","Beyoncé,JAY-Z,Kanye West","36524672,8801570,22986248","85,82,91",2014-11-24,day,68,2024-01-08
0.879,0.628,1,-6.668,0,0.264,0.124,0.0,0.0661,0.721,150.105,210627,4,31hGVTn7MpHC9vovXIVWfm,Swing,62y3BHKehWnb1hlaPclDAA,"1GbrJTB56Xs4XQGlmVbaCf,6GMYJwaziB4ekv1Y6wCDWS","Savage,Soulja Boy","45554,1945228","57,67",2005-01-01,day,56,2024-01-08
0.68,0.687,9,-6.162,0,0.0709,0.0161,0.0,0.261,0.467,150.053,249533,4,1IAzD1muglOxOcPbUHs70R,Whatever You Like,62y3BHKehWnb1hlaPclDAA,4OBJLual30L7gRl5UkeRcT,T.I.,4683892,73,2008-09-07,day,77,2024-01-08
0.926,0.703,11,-6.337,0,0.103,0.0659,0.0,0.231,0.485,125.022,223713,4,6KBYefIoo7KydImq1uUQlL,Bodak Yellow,62y3BHKehWnb1hlaPclDAA,4kYSro6naA4h99UJvo89HB,Cardi B,22993357,78,2018-04-06,day,74,2024-01-08
0.775,0.496,10,-5.652,1,0.0354,0.0393,0.0,0.526,0.204,95.072,197813,4,2asIUjALYhUbH8hvLUhDWo,Main Chick (feat. Chris Brown),62y3BHKehWnb1hlaPclDAA,"6KZDXtSj0SzGOV705nNeh3,7bXgB6jMjp9ATFy66eO08Z","Kid Ink,Chris Brown","2988092,20955452","64,86",2014-01-06,day,65,2024-01-08
0.846,0.482,1,-6.721,0,0.129,0.0246,0.0,0.393,0.212,100.969,229867,4,7xYnUQigPoIDAMPVK79NEq,Run It! (feat. Juelz Santana),62y3BHKehWnb1hlaPclDAA,"7bXgB6jMjp9ATFy66eO08Z,6Uh8uJyN9g7oFjDK16nJgb","Chris Brown,Juelz Santana","20955452,832453","86,62",2005,year,76,2024-01-08
0.79,0.647,10,-5.983,0,0.136,0.0515,0.0,0.248,0.654,87.999,211000,4,4EWCNWgDS8707fNSZ1oaA5,Heartless,62y3BHKehWnb1hlaPclDAA,5K4W6rqBFWDnAN6FQUkS6x,Kanye West,22986248,91,2008-11-24,day,90,2024-01-08
0.89,0.633,11,-5.475,1,0.168,0.0232,0.000343,0.0993,0.425,139.948,233087,4,1XRgIKC5TPwo7nWGyKqgG0,I Get the Bag (feat. Migos),62y3BHKehWnb1hlaPclDAA,"13y7CgLHjMVRMDqxdx0Xdo,6oMuImdp5ZcFhWP0ESe6mG","Gucci Mane,Migos","5220799,13641028","76,75",2017-10-13,day,74,2024-01-08
0.558,0.866,2,-4.348,1,0.306,0.0894,0.0,0.125,0.672,147.714,219611,4,25P4RDITORNQqaLl4y12E0,Hallelujah (feat. Joe Peshi),62y3BHKehWnb1hlaPclDAA,"4QE3ZjcqH5AIJ3o2tTzDXP,6s010JcJfq8q4AI4XEeWWh","R-Mean,Joe Peshi","10350,310","35,14",2017-07-11,day,2,2024-01-08
0.818,0.546,0,-9.031,0,0.374,0.0993,0.0,0.0754,0.479,144.941,214345,4,0c6ZOImLejI2QuxHZ83GNB,Panamera,62y3BHKehWnb1hlaPclDAA,1iSAiMn2sTLggFsB6ymSY4,Alexis Renee,310,2,2017-05-11,day,5,2024-01-08
0.725,0.679,0,-6.011,1,0.0468,0.00849,0.0,0.32,0.452,124.988,187554,4,6yXzFVpLb4aYlUs3AbBfYJ,Rumble,62y3BHKehWnb1hlaPclDAA,6yrvL6FvxCQjEQjvI7iH9w,Empire Project,1077,16,2016-07-15,day,29,2024-01-08
0.797,0.844,11,-5.482,1,0.275,0.0651,0.0,0.087,0.52,170.142,173600,4,4dVpf9jZjcORqGTLUaeYj9,Plain Jane,62y3BHKehWnb1hlaPclDAA,5dHt1vcEm9qb8fCyLcB3HL,A$AP Ferg,3710766,69,2017-08-18,day,75,2024-01-08
0.585,0.52,5,-6.136,0,0.0712,0.124,7.01e-05,0.131,0.129,159.801,218147,4,0e7ipj03S05BNilyu5bRzt,rockstar (feat. 21 Savage),62y3BHKehWnb1hlaPclDAA,"246dkjvS1zLTtiykXe5h60,1URnnhqYAYcrqrcwql10ft","Post Malone,21 Savage","43068815,16213669","87,89",2018-04-27,day,85,2024-01-08
0.838,0.771,1,-3.791,1,0.244,0.0117,0.0,0.0853,0.405,175.957,245387,4,2DQ1ITjI0YoLFzuADN1ZBW,No Limit,62y3BHKehWnb1hlaPclDAA,"02kJSzxNuaWGqwubyUba0Z,13ubrt8QOOCPljQ2FL1Kca,4kYSro6naA4h99UJvo89HB","G-Eazy,A$AP Rocky,Cardi B","5198099,13299639,22993357","74,81,78",2017-12-15,day,72,2024-01-08
0.813,0.528,6,-6.305,0,0.313,0.0715,0.0,0.125,0.131,79.532,207039,4,1uL78kFWxhz3umTMWJu8n5,Sauce It Up,62y3BHKehWnb1hlaPclDAA,4O15NlyKLIASxsJ0PrXPfz,Lil Uzi Vert,16484624,85,2017-08-25,day,67,2024-01-08
0.92,0.675,1,-5.661,0,0.263,0.307,0.0,0.104,0.749,141.967,304041,4,0TBgMKD86t1VP3IzhxCoUl,Slippery (feat. Gucci Mane),62y3BHKehWnb1hlaPclDAA,"6oMuImdp5ZcFhWP0ESe6mG,13y7CgLHjMVRMDqxdx0Xdo","Migos,Gucci Mane","13641028,5220799","75,76",2017-01-27,day,71,2024-01-08
0.77,0.609,1,-5.894,1,0.345,0.214,0.0,0.166,0.631,90.952,241307,4,7jRoWfRlLnGYEIEn4t4kbq,London Bridge,62y3BHKehWnb1hlaPclDAA,3r17AfJCCUqC9Lf0OAc73G,Fergie,5650865,68,2006-09-13,day,67,2024-01-08
0.763,0.628,11,-5.85,1,0.05,0.0531,0.0,0.114,0.193,140.958,190557,4,2cYqizR4lgvp4Qu6IQ3qGN,BUTTERFLY EFFECT,62y3BHKehWnb1hlaPclDAA,0Y5tJX1MQlPlqiwlOH1tJY,Travis Scott,26203362,91,2018-08-03,day,84,2024-01-08
0.638,0.523,1,-6.664,1,0.357,0.00454,0.0,0.0842,0.422,139.913,185947,4,6HZILIRieu8S0iqY8kIKhj,DNA.,62y3BHKehWnb1hlaPclDAA,2YZyLoL8N0Wb9xBt1NhZWg,Kendrick Lamar,26526500,87,2017-04-14,day,82,2024-01-08
0.943,0.595,5,-8.372,0,0.191,0.0673,0.0,0.0839,0.815,117.532,165291,4,34oWbFBfGEElvgO0a5c9V4,No Flockin',62y3BHKehWnb1hlaPclDAA,46SHBwWsqBkxI7EeeBEQG7,Kodak Black,10072386,80,2015-11-13,day,77,2024-01-08
0.877,0.391,1,-8.196,1,0.063,0.0317,0.000502,0.0945,0.122,131.018,189230,4,6UjfByV1lDLW0SOVQA4NAi,Gyalchester,62y3BHKehWnb1hlaPclDAA,3TVXtAsR1Inumwj472S9r4,Drake,83626299,96,2017-03-18,day,70,2024-01-08
0.91,0.444,1,-8.126,0,0.344,0.022,0.0,0.137,0.53,149.953,276333,4,4knL4iPxPOZjQzTUlELGSY,Rake It Up (feat. Nicki Minaj),62y3BHKehWnb1hlaPclDAA,"6Ha4aES39QiVjR0L2lwuwq,0hCNtLu0JehylgoiP8L4Gh","Yo Gotti,Nicki Minaj","4353152,30496118","64,88",2017-10-27,day,67,2024-01-08
0.926,0.666,11,-5.314,1,0.244,0.0611,0.0,0.123,0.168,127.079,343150,4,0M9ydKzuF3oZTfYYPfaGX1,Bad and Boujee (feat. Lil Uzi Vert),62y3BHKehWnb1hlaPclDAA,"6oMuImdp5ZcFhWP0ESe6mG,4O15NlyKLIASxsJ0PrXPfz","Migos,Lil Uzi Vert","13641028,16484624","75,85",2017-01-27,day,76,2024-01-08
0.85,0.405,7,-7.509,0,0.225,0.119,0.000118,0.0707,0.344,139.976,190312,4,5tFep7dXGd7vEJ668wTPux,Both (feat. Drake),62y3BHKehWnb1hlaPclDAA,"13y7CgLHjMVRMDqxdx0Xdo,3TVXtAsR1Inumwj472S9r4","Gucci Mane,Drake","5220799,83626299","76,96",2016-12-16,day,70,2024-01-08
0.957,0.588,1,-6.984,1,0.295,0.0612,0.0,0.0962,0.298,127.055,246325,4,5hx4FpDZOnDVYlyoG3rMks,Peek A Boo,62y3BHKehWnb1hlaPclDAA,"6icQOAFXDZKsumw3YXyusw,6oMuImdp5ZcFhWP0ESe6mG","Lil Yachty,Migos","9554683,13641028","78,75",2017-05-26,day,45,2024-01-08
0.758,0.646,7,-4.701,1,0.113,0.128,0.0,0.0776,0.589,155.949,197171,4,3J8Q6aBhjpvao8BsBQ6H9Y,Everyday We Lit (feat. PnB Rock),62y3BHKehWnb1hlaPclDAA,"5Berubt6ysOy2LCMyqhmXP,21WS9wngs9AqFckK7yYJPM","YFN Lucci,PnB Rock","2476786,4060422","55,67",2017-03-03,day,60,2024-01-08
0.744,0.589,5,-1.218,0,0.0359,0.36,0.0,0.119,0.242,127.051,286236,4,1Ci4wASMY4xtKVMeHA6Sd5,through the late night,62y3BHKehWnb1hlaPclDAA,0Y5tJX1MQlPlqiwlOH1tJY,Travis Scott,26203362,91,2016-09-16,day,68,2024-01-08
0.793,0.789,4,-3.962,1,0.0621,0.119,0.0,0.0632,0.607,150.008,209663,4,4kq0Fzt6XmGNN1aXY2QQsS,Dan Bilzerian (feat. Lil Yachty),62y3BHKehWnb1hlaPclDAA,"3aQeKQSyrW4qWr35idm0cy,6icQOAFXDZKsumw3YXyusw","T-Pain,Lil Yachty","4615060,9554683","76,78",2017-11-17,day,54,2024-01-08
0.883,0.616,0,-7.218,0,0.274,0.014,1.48e-06,0.0967,0.482,141.969,315973,4,1BSA5I386L2IAmFQURYjIz,"Guwop (feat. Quavo, Offset and Young Scooter)",62y3BHKehWnb1hlaPclDAA,"50co4Is1HCEo8bhOyUWKpn,0VRj0yCOv2FXJNP47XQnx5,4DdkRBBYG6Yk9Ka8tdJ9BW,4cmA2QDPdzh8W2ytpyUGes","Young Thug,Quavo,Offset,Young Scooter","9355686,7128651,3501668,565855","83,77,79,51",2016-08-26,day,57,2024-01-08
0.884,0.698,0,-9.101,1,0.364,0.0405,0.0,0.195,0.575,140.068,191938,4,2EgB4n6XyBsuNUbuarr4eG,New Freezer (feat. Kendrick Lamar),62y3BHKehWnb1hlaPclDAA,"1pPmIToKXyGdsCF6LmqLmI,2YZyLoL8N0Wb9xBt1NhZWg","Rich The Kid,Kendrick Lamar","3203856,26526500","66,87",2018-03-30,day,64,2024-01-08
0.801,0.682,10,-4.676,0,0.0498,0.0292,0.0,0.226,0.484,140.061,231373,4,5jcMhhJ0gXhtruaFIBbL3t,Wild Boy,62y3BHKehWnb1hlaPclDAA,"6TIYQ3jFPwQSRmorSezPxX,6f4XkbvYlXMH0QgVRzW0sM","Machine Gun Kelly,Waka Flocka Flame","5165910,2684309","75,64",2012-01-01,day,57,2024-01-08
0.944,0.76,11,-4.355,0,0.0851,0.116,0.0,0.113,0.545,98.001,217907,4,6VWUOFXGwH1OgyPrfRONrn,Bring It Back,62y3BHKehWnb1hlaPclDAA,6z1cicLMt9XArxN10q7m8a,Travis Porter,840022,54,2012-05-28,day,65,2024-01-08
0.721,0.821,2,-4.157,1,0.179,0.337,2.14e-05,0.15,0.659,72.994,245229,4,173KirQOJcXBCyqADQBpt9,Bust Down,62y3BHKehWnb1hlaPclDAA,6Xgp2XMz1fhVYe7i6yNAax,Trippie Redd,9249721,80,2017-10-06,day,56,2024-01-08
0.596,0.62,5,-6.133,0,0.039,0.0122,0.0,0.82,0.102,80.029,271600,4,0mEdbdeRFQwBhN4xfyIeUM,Can't Tell Me Nothing,62y3BHKehWnb1hlaPclDAA,5K4W6rqBFWDnAN6FQUkS6x,Kanye West,22986248,91,2007-09-11,day,84,2024-01-08
0.874,0.714,7,-6.664,1,0.129,0.0155,0.0,0.0968,0.541,95.826,265600,4,6o2g1BJvtYQssH84kBYs7y,Back That Azz Up,62y3BHKehWnb1hlaPclDAA,"0rG0AZBscc8S8q1ahIsasI,55Aa2cqylxrFIXC767Z865,0fbFfVckGKsDbAfYnB5mD1","JUVENILE,Lil Wayne,Mannie Fresh","958467,14232381,243504","57,85,52",1998-11-03,day,68,2024-01-08
0.926,0.863,0,-3.391,0,0.269,0.0197,0.0,0.0484,0.779,92.522,192907,4,7n2Dqgp4iXd8Zorfj9XSYo,Donk,62y3BHKehWnb1hlaPclDAA,6GMYJwaziB4ekv1Y6wCDWS,Soulja Boy,1945228,67,2007-01-01,day,54,2024-01-08
0.68,0.83,5,-3.922,0,0.0897,0.00169,0.0,0.382,0.638,102.91,310667,4,1dMRwAGThjgwoJetd21QLs,The Devil Is A Lie,62y3BHKehWnb1hlaPclDAA,"1sBkRIssrMs1AbVkOJbc7a,3nFkdlSjzX9mRTtwJOzDYB","Rick Ross,JAY-Z","7103142,8801570","76,82",2014-01-01,day,54,2024-01-08
0.798,0.668,8,-5.244,1,0.25,0.135,4.6e-06,0.0583,0.154,134.006,264819,4,3TXy6nchgKeYlVwOKNk9lE,100 Shots,62y3BHKehWnb1hlaPclDAA,3HiuzBlSW7pGDXlSFMhO2g,Young Dolph,2749348,71,2017-04-01,day,70,2024-01-08
0.916,0.727,1,-6.556,1,0.0861,0.00214,0.000145,0.118,0.201,94.997,219707,4,4PpuH4mxL0rD35mOWaLoKS,Lemon,62y3BHKehWnb1hlaPclDAA,"5wPoxI5si3eJsYYwyXV4Wi,5pKCCKE2ajJHZ9KAiaK11H","N.E.R.D,Rihanna","825226,58780253","54,89",2017-12-15,day,61,2024-01-08
0.888,0.577,1,-7.702,0,0.0612,0.0986,0.0,0.131,0.609,84.003,241840,4,05Sgj1Hx03ZXc57gsV1kfX,It's Goin' Down (feat. Nitti),62y3BHKehWnb1hlaPclDAA,"23LbwefIODbyGdRbAz3urj,14J79DfdiKcztA7WrrpqIP","Yung Joc,NITTI","805962,230","61,47",2006-06-06,day,68,2024-01-08
0.725,0.431,1,-5.988,0,0.0707,0.0011,0.0,0.14,0.199,174.083,250027,4,0tdjTo4xacmmF7eINqaM8z,Independent (feat. Lil' Boosie and Lil' Phat),62y3BHKehWnb1hlaPclDAA,"6aIm51fHkokqlJn2vzNTH8,6z7xFFHxYkE9t8bwIF0Bvg,3QnIBUOS4mUzs67rZ8r4c9","Webbie,Boosie Badazz,Lil Phat","1114762,2329575,109912","54,62,42",2008-02-25,day,45,2024-01-08
0.886,0.62,5,-5.854,1,0.307,0.082,0.0,0.1,0.6,76.035,229813,4,7cVmKBwzPsh4Fmb6SplfEm,"Lean Wit It, Rock Wit It",62y3BHKehWnb1hlaPclDAA,"0VKTLKamj4IH8OfQbUL0kq,5Q2iqZJMIZVSTEJWOYh4kP,4FZBzAqTsS12zKdb9Gr2uz","Dem Franchize Boyz,Peanut,Charlay","468053,105,241","46,42,42",2006-01-01,day,63,2024-01-08
0.723,0.714,11,-5.036,1,0.0537,0.0019,5.43e-05,0.0836,0.386,88.047,190533,4,5wuXWTCiKIlNEXfwAuTY1G,Drop It Low,62y3BHKehWnb1hlaPclDAA,"0v2Y5jwtcv8LiWNTRls1KM,7bXgB6jMjp9ATFy66eO08Z","Ester Dean,Chris Brown","53906,20955452","51,86",2009-01-01,day,52,2024-01-08
0.863,0.514,4,-7.243,0,0.249,0.0419,0.0,0.301,0.843,82.985,271160,4,0Aqlt4N5h6rUtKnd09VXpr,Grillz,62y3BHKehWnb1hlaPclDAA,"2gBjLmx6zQnFGQJCAQpRgw,0k7Xl1pqI3tu8sSEjo5oEg,01ZpL2TZ4QxYNDLc70RIiT","Nelly,Paul Wall,Ali & Gipp","2617297,819728,9277","73,64,47",2005-11-25,day,58,2024-01-08
0.838,0.906,1,-2.902,1,0.279,0.000431,0.0,0.227,0.719,165.105,272347,4,1csF3mqDAQ33FuLJhV4ESS,"Wipe Me Down (feat. Foxx, Webbie & Lil Boosie) [Remix]",62y3BHKehWnb1hlaPclDAA,"6z7xFFHxYkE9t8bwIF0Bvg,6aIm51fHkokqlJn2vzNTH8,2l6Z31DakUv5Gl9yQPbLEl","Boosie Badazz,Webbie,Foxx","2329575,1114762,164024","62,54,46",2007-05-15,day,51,2024-01-08
0.744,0.368,1,-6.349,1,0.0524,0.0702,0.0,0.192,0.391,84.018,241307,4,6giYNaycmjkbf7UmZ6RGtL,"I Know You See It (feat. Brandy ""Ms. B"" Hambrick)",62y3BHKehWnb1hlaPclDAA,"23LbwefIODbyGdRbAz3urj,0LFWRTqrlRmWoPZ80K8gZY","Yung Joc,Brandy ""Ms. B"" Hambrick","805962,142","61,34",2006-06-06,day,55,2024-01-08
0.865,0.664,2,-6.822,1,0.108,0.00689,0.0,0.142,0.565,162.831,287000,4,3wMUvT6eIw2L5cZFG1yH9j,Country Grammar (Hot Shit),62y3BHKehWnb1hlaPclDAA,2gBjLmx6zQnFGQJCAQpRgw,Nelly,2617297,73,2000-06-27,day,71,2024-01-08
0.709,0.744,11,-5.905,0,0.134,0.0119,0.0,0.0609,0.508,145.112,281480,4,63XXvHR6FfiRDk5lKNNCMI,Halle Berry (She's Fine) (feat. Superstarr),62y3BHKehWnb1hlaPclDAA,"1fQ46lgoUCz8FVXdTVNk0a,4VwTk6OnuwshfqQlxOv7Xy","Hurricane Chris,Superstarr","336480,304","41,30",2009-12-18,day,51,2024-01-08
0.784,0.459,4,-9.74,0,0.317,0.0847,0.0,0.079,0.618,164.062,304000,4,7kAFSrTIOiVZ0gnHBuAH3l,Air Force Ones,62y3BHKehWnb1hlaPclDAA,"2gBjLmx6zQnFGQJCAQpRgw,07W0YfsvHM7Mw7Bq48Mb0A,7k5N7JJKEPUPQfK8whGITe,6kD993mKIytiN9sE6VyRfa","Nelly,Murphy Lee,Ali,Kyjuan","2617297,210705,1649,369","73,53,46,44",2002-06-25,day,64,2024-01-08
0.828,0.792,10,-5.435,0,0.179,0.182,0.0,0.281,0.777,134.199,233360,4,2tOZtdbkAMQASWokLvSlzj,Overnight Celebrity,62y3BHKehWnb1hlaPclDAA,6vbY3hOaCAhC7VjucswgdS,Twista,1021101,64,2004-01-27,day,69,2024-01-08
0.95,0.533,5,-7.022,1,0.148,0.247,0.0,0.114,0.675,119.869,124056,4,6foxplXS0YEq8cO374Lty4,Gucci Gang,62y3BHKehWnb1hlaPclDAA,3wyVrVrFCkukjdVIdirGVY,Lil Pump,7849798,63,2017-08-31,day,48,2024-01-08
0.782,0.435,2,-7.033,1,0.156,0.333,1.31e-05,0.342,0.242,82.996,268933,4,5u6vkDnOyaf8LsteDAj2ub,Ghostface Killers (feat. Travis Scott),62y3BHKehWnb1hlaPclDAA,"1URnnhqYAYcrqrcwql10ft,4DdkRBBYG6Yk9Ka8tdJ9BW,0iEtIxbK0KxaSlF7G42ZOp,0Y5tJX1MQlPlqiwlOH1tJY","21 Savage,Offset,Metro Boomin,Travis Scott","16213669,3501668,6641993,26203362","89,79,87,91",2017-10-30,day,74,2024-01-08
0.905,0.884,0,-4.076,1,0.236,0.111,8.31e-05,0.107,0.588,135.048,186027,4,6X5OFBbrsHRsyO1zP7udgr,Man's Not Hot,62y3BHKehWnb1hlaPclDAA,7mnAzEmgquhrVtGob81SmO,Big Shaq,329861,43,2017-09-22,day,63,2024-01-08
0.938,0.549,1,-8.368,1,0.098,0.000831,0.000243,0.082,0.412,144.005,160038,4,0FbSpY8RPxTRxi1Fpj9Dz9,Booty,62y3BHKehWnb1hlaPclDAA,41klVmDluQZmGGqoidNfbe,Blac Youngsta,1652350,49,2018-02-27,day,53,2024-01-08
0.904,0.518,2,-5.32,1,0.183,0.0305,0.0,0.325,0.188,137.996,303077,4,4wFjTWCunQFKtukqrNijEt,MotorSport,62y3BHKehWnb1hlaPclDAA,"6oMuImdp5ZcFhWP0ESe6mG,0hCNtLu0JehylgoiP8L4Gh,4kYSro6naA4h99UJvo89HB","Migos,Nicki Minaj,Cardi B","13641028,30496118,22993357","75,88,78",2018-01-26,day,72,2024-01-08
0.89,0.504,8,-5.444,0,0.123,0.023,0.0,0.123,0.222,129.969,213613,4,3wdfLVUhmX64lIyWIIEW8s,Ice Tray,62y3BHKehWnb1hlaPclDAA,"6i392l38cR3uBPF0DbNs7S,0VRj0yCOv2FXJNP47XQnx5,6icQOAFXDZKsumw3YXyusw","Quality Control,Quavo,Lil Yachty","1316469,7128651,9554683","64,77,78",2017-12-08,day,55,2024-01-08
0.704,0.659,1,-6.233,1,0.086,0.0952,0.0,0.19,0.0603,154.056,224615,4,2vw2nopHWeQ0EUJPKNy8yS,South Africa,62y3BHKehWnb1hlaPclDAA,"6i392l38cR3uBPF0DbNs7S,0VRj0yCOv2FXJNP47XQnx5","Quality Control,Quavo","1316469,7128651","64,77",2017-12-08,day,35,2024-01-08
0.82,0.696,7,-4.918,0,0.182,0.119,0.0,0.232,0.617,144.981,293435,4,5gx2E5aIXMRBellPZW1up5,"Pills & Automobiles (feat. Yo Gotti, A Boogie Wit Da Hoodie & Kodak Black)",62y3BHKehWnb1hlaPclDAA,"7bXgB6jMjp9ATFy66eO08Z,6Ha4aES39QiVjR0L2lwuwq,31W5EY0aAly4Qieq6OFu6I,46SHBwWsqBkxI7EeeBEQG7","Chris Brown,Yo Gotti,A Boogie Wit da Hoodie,Kodak Black","20955452,4353152,7919751,10072386","86,64,79,80",2017-10-31,day,64,2024-01-08
0.747,0.524,10,-6.807,0,0.245,0.0306,0.0,0.2,0.363,140.053,213132,4,40oKW22ZNNkEdZLJTScaQI,Roll in Peace (feat. XXXTENTACION),62y3BHKehWnb1hlaPclDAA,"46SHBwWsqBkxI7EeeBEQG7,15UsOTVnJzReFVN1VCnxy4","Kodak Black,XXXTENTACION","10072386,43791982","80,85",2017-08-18,day,76,2024-01-08
0.759,0.656,8,-5.596,1,0.0679,0.127,0.0,0.102,0.59,130.949,218840,4,3l4ha5okkyLgMAFIKRSNVG,Tone It Down (feat. Chris Brown),62y3BHKehWnb1hlaPclDAA,"13y7CgLHjMVRMDqxdx0Xdo,7bXgB6jMjp9ATFy66eO08Z","Gucci Mane,Chris Brown","5220799,20955452","76,86",2017-10-13,day,46,2024-01-08
0.86,0.561,6,-5.757,0,0.185,0.274,0.0,0.108,0.354,152.984,189480,4,7r6LNJT2LqpLpEyZQJPygt,Patek Water (feat. Offset),62y3BHKehWnb1hlaPclDAA,"1RyvyyTE3xzB2ZywiAwp0i,50co4Is1HCEo8bhOyUWKpn,4DdkRBBYG6Yk9Ka8tdJ9BW","Future,Young Thug,Offset","15692678,9355686,3501668","88,83,79",2017-10-20,day,55,2024-01-08
0.804,0.66,10,-4.86,0,0.0726,0.0319,0.0,0.103,0.257,94.053,169345,4,1WIZiOuNO3woKfdlSK2gNn,Transportin',62y3BHKehWnb1hlaPclDAA,46SHBwWsqBkxI7EeeBEQG7,Kodak Black,10072386,80,2017-08-18,day,75,2024-01-08
0.743,0.571,7,-6.054,0,0.145,0.24,0.0,0.291,0.495,119.054,213863,4,0ESJlaM8CE1jRWaNtwSNj8,beibs in the trap,62y3BHKehWnb1hlaPclDAA,0Y5tJX1MQlPlqiwlOH1tJY,Travis Scott,26203362,91,2016-09-16,day,72,2024-01-08
0.736,0.604,1,-7.357,0,0.222,0.0652,6.43e-05,0.124,0.574,155.007,264532,4,4DTpngLjoHj5gFxEZFeD3J,Codeine Dreaming (feat. Lil Wayne),62y3BHKehWnb1hlaPclDAA,"46SHBwWsqBkxI7EeeBEQG7,55Aa2cqylxrFIXC767Z865","Kodak Black,Lil Wayne","10072386,14232381","80,85",2017-11-24,day,65,2024-01-08
0.664,0.667,4,-5.941,1,0.154,0.64,1.22e-06,0.0753,0.381,180.064,227533,4,32lItqlMi4LBhb4k0BaSaC,Candy Paint,62y3BHKehWnb1hlaPclDAA,246dkjvS1zLTtiykXe5h60,Post Malone,43068815,87,2018-04-27,day,78,2024-01-08
0.736,0.491,10,-6.892,0,0.439,0.0681,0.0,0.571,0.203,141.979,218674,4,05KOgYg8PGeJyyWBPi5ja8,Free Smoke,62y3BHKehWnb1hlaPclDAA,3TVXtAsR1Inumwj472S9r4,Drake,83626299,96,2017-03-18,day,65,2024-01-08
0.754,0.449,7,-9.211,1,0.109,0.0332,8.29e-05,0.552,0.357,77.169,198973,4,6DCZcSspjsKoFjzjrWoCdn,God's Plan,62y3BHKehWnb1hlaPclDAA,3TVXtAsR1Inumwj472S9r4,Drake,83626299,96,2018-06-29,day,87,2024-01-08
0.654,0.839,9,-5.076,0,0.443,0.00531,0.0,0.308,0.549,74.886,255867,4,4haJoBPbPj9QFKNpp9e8kx,Diplomatic Immunity,62y3BHKehWnb1hlaPclDAA,3TVXtAsR1Inumwj472S9r4,Drake,83626299,96,2018-01-20,day,55,2024-01-08
0.645,0.705,1,-5.008,1,0.299,0.000813,0.0,0.128,0.376,137.133,229670,4,51rXHuKN8Loc4sUlKPODgH,"King's Dead (with Kendrick Lamar, Future & James Blake)",62y3BHKehWnb1hlaPclDAA,"28ExwzUQsvgJooOI0X1mr3,2YZyLoL8N0Wb9xBt1NhZWg,1RyvyyTE3xzB2ZywiAwp0i,53KwLdlmrlCelAZMaLVZqU","Jay Rock,Kendrick Lamar,Future,James Blake","1457854,26526500,15692678,1398232","71,87,88,69",2018-01-12,day,73,2024-01-08
0.817,0.816,2,-5.402,1,0.269,0.00263,0.0,0.159,0.508,181.982,190288,4,2UVbBKQOdFAekPTRsnkzcf,Stir Fry,62y3BHKehWnb1hlaPclDAA,6oMuImdp5ZcFhWP0ESe6mG,Migos,13641028,75,2018-01-26,day,77,2024-01-08
0.907,0.633,2,-5.145,1,0.184,0.0876,2.6e-06,0.106,0.395,145.914,276147,4,6n4U3TlzUGhdSFbUUhTvLP,Walk It Talk It,62y3BHKehWnb1hlaPclDAA,"6oMuImdp5ZcFhWP0ESe6mG,3TVXtAsR1Inumwj472S9r4","Migos,Drake","13641028,83626299","75,96",2018-01-26,day,78,2024-01-08
0.908,0.524,1,-7.955,1,0.181,0.00111,0.000678,0.383,0.109,138.015,224285,4,0dIoGTQXDh1wVnhIiSyYEa,Bartier Cardi (feat. 21 Savage),62y3BHKehWnb1hlaPclDAA,"4kYSro6naA4h99UJvo89HB,1URnnhqYAYcrqrcwql10ft","Cardi B,21 Savage","22993357,16213669","78,89",2018-04-06,day,65,2024-01-08
0.808,0.771,4,-5.719,0,0.0645,0.0413,1.29e-06,0.18,0.471,161.94,251859,4,4BHzHISX21PYwGXiBEUQ70,BBO (Bad Bitches Only),62y3BHKehWnb1hlaPclDAA,"6oMuImdp5ZcFhWP0ESe6mG,1URnnhqYAYcrqrcwql10ft","Migos,21 Savage","13641028,16213669","75,89",2018-01-26,day,61,2024-01-08
0.918,0.58,10,-7.501,1,0.322,0.00108,6.12e-05,0.106,0.611,139.977,181415,4,6HJ34Zyw6bg8yGm28AxLXf,Look Alive (feat. Drake),62y3BHKehWnb1hlaPclDAA,"4TEJudQY2pXxVHPE3gD2EU,3TVXtAsR1Inumwj472S9r4","BlocBoy JB,Drake","1382450,83626299","57,96",2018-05-04,day,74,2024-01-08
0.713,0.831,1,-4.75,0,0.15,0.0168,0.0,0.118,0.584,173.948,332301,4,1BuZAIO8WZpavWVbbq3Lci,Powerglide (feat. Juicy J) - From SR3MM,62y3BHKehWnb1hlaPclDAA,"7iZtZyCzp3LItcw1wtPI3D,1zNqQNIdeOUZHb8zbZRFMX,7EEiVZvj6RCEtVX2F2pyxu,5gCRApTajqwbnHHPbr2Fpi","Rae Sremmurd,Swae Lee,Slim Jxmmi,Juicy J","7361248,1964515,108509,3138996","71,79,54,72",2018-05-04,day,66,2024-01-08
0.755,0.599,8,-5.042,1,0.224,0.147,0.0,0.109,0.755,133.123,216632,4,6dbSBQXCctYSVryynHXaZ4,Freaky Friday (feat. Chris Brown),62y3BHKehWnb1hlaPclDAA,"1tqhsYv8yBBdwANFNzHtcr,7bXgB6jMjp9ATFy66eO08Z","Lil Dicky,Chris Brown","1962881,20955452","59,86",2018-03-16,day,71,2024-01-08
0.972,0.482,8,-6.128,1,0.0702,0.00872,0.0,0.149,0.0767,125.013,185883,4,3ALgsy4RtDm58xl3VNoSgZ,BABY DADDY,62y3BHKehWnb1hlaPclDAA,"6icQOAFXDZKsumw3YXyusw,3wyVrVrFCkukjdVIdirGVY,4DdkRBBYG6Yk9Ka8tdJ9BW","Lil Yachty,Lil Pump,Offset","9554683,7849798,3501668","78,63,79",2018-03-09,day,46,2024-01-08
0.667,0.723,5,-4.31,0,0.27,0.0455,0.000193,0.213,0.251,148.058,153475,4,6tarvNiKnEjYMj1VZhlDqR,66,62y3BHKehWnb1hlaPclDAA,"6icQOAFXDZKsumw3YXyusw,6Xgp2XMz1fhVYe7i6yNAax","Lil Yachty,Trippie Redd","9554683,9249721","78,80",2018-03-09,day,61,2024-01-08
0.585,0.909,8,-6.474,1,0.0707,0.0891,9.7e-05,0.119,0.758,93.372,210747,4,3CA9pLiwRIGtUBiMjbZmRw,Nice For What,62y3BHKehWnb1hlaPclDAA,3TVXtAsR1Inumwj472S9r4,Drake,83626299,96,2018-06-29,day,81,2024-01-08
0.806,0.57,1,-6.927,1,0.246,0.0977,0.0,0.105,0.454,93.015,231453,4,7p2ewixAShLpjDZrnzZK7c,Get Up 10,62y3BHKehWnb1hlaPclDAA,4kYSro6naA4h99UJvo89HB,Cardi B,22993357,78,2018-04-06,day,59,2024-01-08
0.876,0.519,11,-6.531,1,0.143,0.202,0.0,0.108,0.158,94.981,175230,4,1ZAyjvIk9YiD76yYy0TEG6,Plug Walk,62y3BHKehWnb1hlaPclDAA,1pPmIToKXyGdsCF6LmqLmI,Rich The Kid,3203856,66,2018-03-30,day,73,2024-01-08
0.914,0.781,9,-5.467,0,0.303,0.189,0.0,0.126,0.807,140.084,275872,4,7sB2rmolvEt77KFPCraSNc,Rover 2.0 (feat. 21 Savage),62y3BHKehWnb1hlaPclDAA,"4TEJudQY2pXxVHPE3gD2EU,1URnnhqYAYcrqrcwql10ft","BlocBoy JB,21 Savage","1382450,16213669","57,89",2018-03-23,day,49,2024-01-08
0.921,0.467,1,-8.443,1,0.119,0.0149,0.000238,0.334,0.287,135.995,191252,4,3ncgNpxLoBQ65ABk4djDyd,PICK IT UP (feat. A$AP Rocky),62y3BHKehWnb1hlaPclDAA,"0WOxhx4hikIsyF3CRPLC8W,13ubrt8QOOCPljQ2FL1Kca","Famous Dex,A$AP Rocky","2485160,13299639","57,81",2017-10-20,day,65,2024-01-08
0.777,0.657,1,-6.434,1,0.237,0.000738,3.34e-06,0.0932,0.245,189.992,226107,4,739vCwA3EpBSkk3uDsI2wB,Lemon (feat. Drake) - Drake Remix,62y3BHKehWnb1hlaPclDAA,"5wPoxI5si3eJsYYwyXV4Wi,5pKCCKE2ajJHZ9KAiaK11H,3TVXtAsR1Inumwj472S9r4","N.E.R.D,Rihanna,Drake","825226,58780253,83626299","54,89,96",2018-03-18,day,58,2024-01-08
0.856,0.652,1,-5.324,1,0.143,0.177,0.0,0.193,0.471,97.017,219307,4,2tPcTFiQF9MbVUyjZ3zDhA,Paramedic!,62y3BHKehWnb1hlaPclDAA,2TImI3DW7o5MdRXJs4D37h,SOB X RBE,574417,51,2018-02-09,day,64,2024-01-08
0.794,0.632,0,-6.163,1,0.0649,0.142,0.0,0.128,0.355,145.926,291893,4,6fujklziTHa8uoM5OQSfIo,Black Beatles,62y3BHKehWnb1hlaPclDAA,"7iZtZyCzp3LItcw1wtPI3D,13y7CgLHjMVRMDqxdx0Xdo","Rae Sremmurd,Gucci Mane","7361248,5220799","71,76",2016-08-12,day,78,2024-01-08
0.712,0.463,1,-9.33,0,0.143,0.152,0.0,0.642,0.593,80.029,180675,4,3x4I4nRuZp5NdtGvCPw6Ms,IV. Sweatpants,62y3BHKehWnb1hlaPclDAA,73sIBHcqh3Z3NyqHKZ7FOL,Childish Gambino,12012874,78,2013-12-10,day,71,2024-01-08
0.511,0.735,2,-6.026,1,0.239,0.352,0.0,0.196,0.379,110.965,276160,5,27mF2eUbhExYWiOT0y9cuc,Diced Pineapples,62y3BHKehWnb1hlaPclDAA,"1sBkRIssrMs1AbVkOJbc7a,67nwj3Y5sZQLl72VNUHEYE,3TVXtAsR1Inumwj472S9r4","Rick Ross,Wale,Drake","7103142,4150012,83626299","76,69,96",2012-01-01,day,60,2024-01-08
0.969,0.491,2,-9.859,1,0.233,0.0361,0.0,0.118,0.768,126.048,198095,4,252gJUec2oDsGBPcxZs4nX,Walked In,62y3BHKehWnb1hlaPclDAA,"7FBDXY8U17aasVTH3rgxbS,6z1cicLMt9XArxN10q7m8a,5dVdVMgyzM03JGEkjYoHKS","Bankroll Fresh,Travis Porter,Street Money Boochie","594389,840022,7630","45,54,35",2015-07-10,day,55,2024-01-08
0.925,0.518,8,-5.831,1,0.106,0.00433,0.0,0.0976,0.241,120.064,231067,4,2L8cFPItBljPNJgPjTnuIf,No Flex Zone,62y3BHKehWnb1hlaPclDAA,7iZtZyCzp3LItcw1wtPI3D,Rae Sremmurd,7361248,71,2015-01-06,day,58,2024-01-08
0.686,0.547,7,-7.569,0,0.681,0.348,0.0,0.0939,0.385,160.008,129192,4,3gikeu0X8ZcZ1pVR4f984H,Dealers,62y3BHKehWnb1hlaPclDAA,0nbMsckyfNWqs6kbidWdti,J. Alston,888,11,2017-07-16,day,0,2024-01-08
0.633,0.623,1,-6.387,1,0.0567,0.0216,3.24e-05,0.0916,0.514,76.997,217947,4,60xbqHCRxrpd2Ybc6gqt1M,Light Up,62y3BHKehWnb1hlaPclDAA,7qL8oKDLj4eGuf3ac6S8HU,Alex Larsson,703,22,2018-05-23,day,4,2024-01-08
0.799,0.316,5,-9.501,0,0.236,0.688,5.95e-06,0.107,0.264,119.937,196127,4,3S4sYwTfxUcMZgU9BRzgyh,I Called You,62y3BHKehWnb1hlaPclDAA,5Vc8XP4aunqLeaeaucqSrz,Ashlee Bankz,911,11,2017-02-06,day,3,2024-01-08
0.514,0.693,9,-5.868,1,0.408,0.177,0.0,0.351,0.287,110.568,240640,3,3EApebexZ7YqDIqw2EMTDh,I Might Need Security,62y3BHKehWnb1hlaPclDAA,1anyVhU62p31KFi8MEzkbf,Chance the Rapper,5947668,72,2018-07-19,day,52,2024-01-08
0.835,0.626,1,-5.833,1,0.125,0.0589,6e-05,0.396,0.35,91.03,217925,4,2G7V7zsVDxg1yRsu7Ew9RJ,In My Feelings,62y3BHKehWnb1hlaPclDAA,3TVXtAsR1Inumwj472S9r4,Drake,83626299,96,2018-06-29,day,77,2024-01-08
0.854,0.569,5,-8.151,0,0.106,0.0609,0.0816,0.1,0.294,80.015,205040,4,7ycWLEP1GsNjVvcjawXz3z,Praise The Lord (Da Shine) (feat. Skepta),62y3BHKehWnb1hlaPclDAA,"13ubrt8QOOCPljQ2FL1Kca,2p1fiYHYiXz9qi0JJyxBzN","A$AP Rocky,Skepta","13299639,1195188","81,72",2018-05-25,day,84,2024-01-08
0.884,0.559,0,-7.442,1,0.12,0.0236,0.0,0.101,0.342,97.994,232959,4,5IaHrVsrferBYDm0bDyABy,Taste (feat. Offset),62y3BHKehWnb1hlaPclDAA,"5LHRHt1k9lMyONurDHEdrp,4DdkRBBYG6Yk9Ka8tdJ9BW","Tyga,Offset","6848796,3501668","78,79",2018-05-16,day,72,2024-01-08
0.912,0.412,7,-8.074,1,0.123,0.0165,0.0126,0.104,0.423,154.983,238614,4,0TlLq3lA83rQOYtrqBqSct,Nonstop,62y3BHKehWnb1hlaPclDAA,3TVXtAsR1Inumwj472S9r4,Drake,83626299,96,2018-06-29,day,81,2024-01-08
0.792,0.555,0,-7.038,1,0.34,0.0394,6.39e-06,0.107,0.084,99.954,273600,4,5H0NU2sHWUnWCcZyYlX46X,65th & Ingleside,62y3BHKehWnb1hlaPclDAA,1anyVhU62p31KFi8MEzkbf,Chance the Rapper,5947668,72,2018-07-16,day,46,2024-01-08
0.923,0.587,11,-6.401,1,0.262,0.15,0.0,0.118,0.27,94.978,276659,4,1vnsGFNWNANWMg0CAeMkl2,"Plug Walk (feat. Gucci Mane, YG, 2Chainz) - Remix",62y3BHKehWnb1hlaPclDAA,"1pPmIToKXyGdsCF6LmqLmI,13y7CgLHjMVRMDqxdx0Xdo,0A0FS04o6zMoto8OKPsDwY,17lzZA2AlOHwCwFALHttmp","Rich The Kid,Gucci Mane,YG,2 Chainz","3203856,5220799,3205645,8017349","66,76,72,75",2018-06-20,day,49,2024-01-08
0.963,0.346,5,-9.309,0,0.53,0.0355,0.0,0.108,0.562,119.957,142273,4,6vN77lE9LK6HP2DewaN6HZ,Yes Indeed,62y3BHKehWnb1hlaPclDAA,"5f7VJjfbwm532GiveGC0ZK,3TVXtAsR1Inumwj472S9r4","Lil Baby,Drake","16366093,83626299","86,96",2018-05-18,day,84,2024-01-08
0.899,0.586,11,-7.866,0,0.343,0.279,0.0,0.0836,0.492,150.002,214467,4,3qN5qMTKyEEmiTZD38BNTT,I'm Upset,62y3BHKehWnb1hlaPclDAA,3TVXtAsR1Inumwj472S9r4,Drake,83626299,96,2018-06-29,day,69,2024-01-08
0.888,0.515,1,-6.246,1,0.271,0.247,0.0,0.446,0.264,141.009,225893,4,5S1IUPueD0xE0vj4zU3nSf,Bigger Than You (feat. Drake & Quavo),62y3BHKehWnb1hlaPclDAA,"17lzZA2AlOHwCwFALHttmp,3TVXtAsR1Inumwj472S9r4,0VRj0yCOv2FXJNP47XQnx5","2 Chainz,Drake,Quavo","8017349,83626299,7128651","75,96,77",2018-06-15,day,55,2024-01-08
0.745,0.346,1,-7.709,1,0.331,0.00552,0.0,0.0881,0.112,203.911,237240,4,0ZNrc4kNeQYD9koZ3KvCsy,"BIG BANK (feat. 2 Chainz, Big Sean, Nicki Minaj)",62y3BHKehWnb1hlaPclDAA,"0A0FS04o6zMoto8OKPsDwY,17lzZA2AlOHwCwFALHttmp,0c173mlxpT3dSFRgMO8XPh,0hCNtLu0JehylgoiP8L4Gh","YG,2 Chainz,Big Sean,Nicki Minaj","3205645,8017349,11115824,30496118","72,75,75,88",2018-08-03,day,65,2024-01-08
0.642,0.782,5,-3.395,0,0.0477,0.381,0.0,0.108,0.396,162.005,195053,4,6nO3tr47nr2P7f3hXb8JIo,Champion (feat. Travis Scott),62y3BHKehWnb1hlaPclDAA,"7rkW85dBwwrJtlHRDkJDAC,0Y5tJX1MQlPlqiwlOH1tJY","NAV,Travis Scott","3426047,26203362","72,91",2018-05-18,day,69,2024-01-08
0.754,0.575,4,-8.393,0,0.0682,0.045,0.00131,0.276,0.491,86.009,205147,4,7rC5Pl8rQSX4myONQHYPBK,Mob Ties,62y3BHKehWnb1hlaPclDAA,3TVXtAsR1Inumwj472S9r4,Drake,83626299,96,2018-06-29,day,71,2024-01-08
0.925,0.31,11,-6.531,0,0.291,0.123,0.0,0.0931,0.291,121.927,145507,4,3U21A07gAloCc4P7J8rxcn,All Mine,62y3BHKehWnb1hlaPclDAA,5K4W6rqBFWDnAN6FQUkS6x,Kanye West,22986248,91,2018-06-01,day,78,2024-01-08
0.899,0.751,11,-4.063,0,0.311,0.0732,0.0,0.127,0.636,140.029,198667,4,3LR0t8XqZ1FUj6nj01sXN0,Who Want The Smoke?,62y3BHKehWnb1hlaPclDAA,"6icQOAFXDZKsumw3YXyusw,4kYSro6naA4h99UJvo89HB,4DdkRBBYG6Yk9Ka8tdJ9BW","Lil Yachty,Cardi B,Offset","9554683,22993357,3501668","78,78,79",2018-07-06,day,45,2024-01-08
0.851,0.666,11,-5.334,0,0.0694,0.139,0.0,0.105,0.0585,134.068,129105,4,3sA7HKGzcKTVscdiTCrWpX,Outside Today,62y3BHKehWnb1hlaPclDAA,7wlFDEWiM5OoIAt8RSli8b,YoungBoy Never Broke Again,12248282,82,2018-06-29,day,71,2024-01-08
0.797,0.55,9,-4.166,1,0.24,0.513,0.0,0.0786,0.543,134.206,206267,4,6IaieqiCVvsNvEt6Y7yOFa,Ball For Me (feat. Nicki Minaj),62y3BHKehWnb1hlaPclDAA,"246dkjvS1zLTtiykXe5h60,0hCNtLu0JehylgoiP8L4Gh","Post Malone,Nicki Minaj","43068815,30496118","87,88",2018-04-27,day,68,2024-01-08
0.759,0.759,1,-5.68,1,0.301,0.00227,0.0,0.109,0.505,91.967,154565,4,0CFJoopJPNMEC7Itmp64Yb,TATI (feat. DJ Spinking),62y3BHKehWnb1hlaPclDAA,"7gZfnEnfiaHzxARJ2LeXrf,1qSJaftSab2kTTsj7fLxvM","6ix9ine,DJ SpinKing","6888600,11064","68,47",2018,year,59,2024-01-08
0.672,0.717,1,-2.714,1,0.034,0.341,2.4e-05,0.106,0.225,160.981,194560,4,5VuxWXbt7XENQCtE9TzpTv,Spoil My Night (feat. Swae Lee),62y3BHKehWnb1hlaPclDAA,"246dkjvS1zLTtiykXe5h60,1zNqQNIdeOUZHb8zbZRFMX","Post Malone,Swae Lee","43068815,1964515","87,79",2018-04-27,day,67,2024-01-08
0.816,0.726,5,-3.998,0,0.129,0.099,0.0,0.372,0.65,136.048,253390,4,58q2HKrzhC3ozto2nDdN4z,I Like It,62y3BHKehWnb1hlaPclDAA,"4kYSro6naA4h99UJvo89HB,4q3ewBCX7sLwd24euuV69X,1vyhD5VmyZ7KMfW5gqLgo5","Cardi B,Bad Bunny,J Balvin","22993357,78216625,37398296","78,95,84",2018-04-06,day,80,2024-01-08
0.782,0.531,1,-6.636,1,0.168,0.145,0.0501,0.238,0.247,148.046,129733,4,0aWMostcnfyjuCEcO7sTz5,GHOST,62y3BHKehWnb1hlaPclDAA,"0xOeVMOz2fVg5BJY3N6akT,7cAlvWK5rgMmJ37j7woN8l","Jaden,Christian Rich","1898808,17912","65,42",2018-06-22,day,54,2024-01-08
0.705,0.784,2,-6.477,1,0.271,0.0133,0.0,0.168,0.377,160.035,264853,4,0E6PsO3ymCfUh7pJQjBgkj,APESHIT,62y3BHKehWnb1hlaPclDAA,4fpTMHe34LC5t3h5ztK8qu,The Carters,1618925,53,2018-06-16,day,60,2024-01-08
0.854,0.463,5,-6.159,1,0.137,0.117,0.0,0.354,0.549,120.024,225773,4,0b9oOr2ZgvyQu88wzixux9,This Is America,62y3BHKehWnb1hlaPclDAA,73sIBHcqh3Z3NyqHKZ7FOL,Childish Gambino,12012874,78,2018-05-06,day,71,2024-01-08
0.819,0.635,7,-12.595,1,0.319,0.257,9.35e-06,0.195,0.463,125.684,201375,4,4b5fEUCaZz5aqx0MRaIFie,The Secret,62y3BHKehWnb1hlaPclDAA,76nNDTObocdn5FDlMDcBe5,Bryan Divisions,5561,13,2018-08-28,day,7,2024-01-08
0.59,0.423,1,-15.891,1,0.338,0.384,0.00144,0.242,0.207,134.975,216875,4,64zNHSlUfc3xD1yPYv6iEM,Source,62y3BHKehWnb1hlaPclDAA,76nNDTObocdn5FDlMDcBe5,Bryan Divisions,5561,13,2018-08-28,day,5,2024-01-08
0.861,0.603,8,-5.788,0,0.176,0.0521,0.0,0.0924,0.504,98.043,228760,4,0FZ4Dmg8jJJAPJnvBIzD9z,ZEZE (feat. Travis Scott & Offset),62y3BHKehWnb1hlaPclDAA,"46SHBwWsqBkxI7EeeBEQG7,4DdkRBBYG6Yk9Ka8tdJ9BW,0Y5tJX1MQlPlqiwlOH1tJY","Kodak Black,Offset,Travis Scott","10072386,3501668,26203362","80,79,91",2018-12-14,day,80,2024-01-08
0.753,0.686,1,-5.415,0,0.284,0.0677,0.0,0.193,0.886,132.055,194732,4,6wWaVoUOzLQJHd3bWAUpdZ,"Never Recover (Lil Baby & Gunna, Drake)",62y3BHKehWnb1hlaPclDAA,"5f7VJjfbwm532GiveGC0ZK,2hlmm7s2ICUX0LVIhVFlZQ,3TVXtAsR1Inumwj472S9r4","Lil Baby,Gunna,Drake","16366093,6520604,83626299","86,84,96",2018-10-05,day,74,2024-01-08
0.917,0.786,11,-4.921,0,0.208,0.0403,0.0,0.195,0.441,143.038,224903,4,3edzl4zvKFi0D3iuF6cs2f,PASS OUT (feat. 21 Savage),62y3BHKehWnb1hlaPclDAA,"0VRj0yCOv2FXJNP47XQnx5,1URnnhqYAYcrqrcwql10ft","Quavo,21 Savage","7128651,16213669","77,89",2018-10-12,day,51,2024-01-08
0.897,0.662,1,-6.903,0,0.292,0.0852,0.0,0.534,0.389,112.511,145543,4,78QR3Wp35dqAhFEc2qAGjE,Drip Too Hard (Lil Baby & Gunna),62y3BHKehWnb1hlaPclDAA,"5f7VJjfbwm532GiveGC0ZK,2hlmm7s2ICUX0LVIhVFlZQ","Lil Baby,Gunna","16366093,6520604","86,84",2018-10-05,day,86,2024-01-08
0.889,0.385,11,-11.767,0,0.165,0.00544,0.0,0.274,0.235,125.995,202533,4,1Jl21sidRpEdlVBvYbssLx,Sin (feat. Jaden Smith),62y3BHKehWnb1hlaPclDAA,"50co4Is1HCEo8bhOyUWKpn,0xOeVMOz2fVg5BJY3N6akT","Young Thug,Jaden","9355686,1898808","83,65",2018-09-24,day,56,2024-01-08
0.729,0.625,4,-5.266,1,0.0315,0.194,0.00986,0.248,0.261,146.034,183907,4,1xzBco0xcoJEDXktl7Jxrr,Mo Bamba,62y3BHKehWnb1hlaPclDAA,2RDOrhPqAM4jzTRCEb19qX,Sheck Wes,1545353,62,2018-10-05,day,81,2024-01-08
0.732,0.628,11,-4.513,1,0.387,0.125,0.0,0.157,0.84,150.053,152000,4,52OczisW5YSWIAJiygxs1M,STOOPID (feat. Bobby Shmurda),62y3BHKehWnb1hlaPclDAA,"7gZfnEnfiaHzxARJ2LeXrf,34Y0ldeyUv7jBvukWOGASO","6ix9ine,Bobby Shmurda","6888600,1494221","68,56",2018,year,56,2024-01-08
0.834,0.73,8,-3.714,1,0.222,0.00513,0.0,0.124,0.446,155.008,312820,4,2xLMifQCjDGFmkHkpNLD9h,SICKO MODE,62y3BHKehWnb1hlaPclDAA,0Y5tJX1MQlPlqiwlOH1tJY,Travis Scott,26203362,91,2018-08-03,day,87,2024-01-08
0.754,0.342,10,-8.677,0,0.0991,0.073,0.0,0.193,0.423,128.981,121347,4,5qHirGR7M9tdm6C17DlzSY,REEL IT IN,62y3BHKehWnb1hlaPclDAA,3Gm5F95VdRxW3mqCn8RPBJ,Aminé,1915659,67,2018-08-15,day,76,2024-01-08
0.85,0.785,8,-4.963,0,0.345,0.0367,0.0,0.155,0.718,145.063,343099,4,0Fpen1PTuEnCmOJtUU9Iud,New Patek,62y3BHKehWnb1hlaPclDAA,4O15NlyKLIASxsJ0PrXPfz,Lil Uzi Vert,16484624,85,2018-09-18,day,65,2024-01-08
0.877,0.558,1,-4.896,1,0.342,0.066,0.0,0.0745,0.493,157.027,226533,4,1G5ho820Xi2Qu3HsBZ26ft,Womp Womp,62y3BHKehWnb1hlaPclDAA,"4hRL2QmahOYxXNmNKtG1AI,3KV3p5EY4AvKxOlhGHORLg","Valee,Jeremih","187493,6555141","44,72",2018-05-04,day,54,2024-01-08
0.545,0.582,1,-9.601,1,0.421,0.48,0.0,0.114,0.301,98.348,124000,3,61H24wWW4V9KczIns74dHi,Crack,62y3BHKehWnb1hlaPclDAA,7wRxYvcHvjDn2nmZgnGS3K,Mooke Da God,305,2,2017-03-31,day,4,2024-01-08
0.876,0.408,11,-11.694,1,0.321,0.0179,0.000795,0.107,0.332,139.967,149571,4,2nxAepqcOyM5cY8oOhNkzy,So Good,62y3BHKehWnb1hlaPclDAA,6Rqs6YdkafouP3IRWJwDqA,Mikeila J,604,0,2018-10-21,day,0,2024-01-08
0.786,0.509,4,-9.778,0,0.074,0.661,0.0,0.0876,0.45,125.009,242880,4,1tuXnhZviiIp2yDlmLhwEK,Grind,62y3BHKehWnb1hlaPclDAA,"49TWFkK5bUcXhfi6PG0uV3,0q5sf3wiZKOlobIk1p7vLp","Some Guy Named Lee,Jcdarebel","313,29","1,3",2019-07-12,day,6,2024-01-08
0.883,0.684,7,-4.522,1,0.326,0.647,0.0,0.166,0.645,130.007,196206,4,3O0GMpJ1FvMPHFfwNbG6gL,Gas Light,62y3BHKehWnb1hlaPclDAA,3gYCxFNYjBKuAz4MYDaP8q,True Moody,100,0,2018-09-08,day,5,2024-01-08
0.833,0.419,8,-8.927,1,0.63,0.0813,0.0,0.191,0.489,133.12,118445,4,1rcEtzR9Z07PvQBqUxhFcU,Dip (#thewoah),62y3BHKehWnb1hlaPclDAA,6lEhBhAv6HOopjXssi09cq,TisaKorean,98712,50,2018-10-08,day,50,2024-01-08
0.848,0.498,0,-11.15,0,0.187,0.22,0.0,0.119,0.899,131.013,217051,4,5JMj1GUaACmgpCfv0G124x,Boys Are Dumb,62y3BHKehWnb1hlaPclDAA,3iAcMlOrPAmusol5IZnLGY,Moonlite,1,0,2018-11-10,day,0,2024-01-08
0.772,0.885,1,-4.736,1,0.0847,0.193,9.48e-06,0.0953,0.512,94.98,205360,4,4XVfNwP88Hn9kSkXVnxj2S,Ball (feat. Lil Wayne),62y3BHKehWnb1hlaPclDAA,"4OBJLual30L7gRl5UkeRcT,55Aa2cqylxrFIXC767Z865","T.I.,Lil Wayne","4683892,14232381","73,85",2012-12-18,day,46,2024-01-08
0.889,0.496,4,-6.365,0,0.0905,0.259,0.0,0.252,0.544,86.003,180522,4,2IRZnDFmlqMuOrYOLnZZyc,Going Bad (feat. Drake),62y3BHKehWnb1hlaPclDAA,"20sxb77xiYeusSH8cVdatc,3TVXtAsR1Inumwj472S9r4","Meek Mill,Drake","7704881,83626299","73,96",2018-11-30,day,81,2024-01-08
0.736,0.67,10,-6.702,1,0.311,0.186,0.0,0.114,0.845,130.032,169999,4,5wujBwqG7INdStqGd4tRMX,Armed And Dangerous,62y3BHKehWnb1hlaPclDAA,4MCBfE4596Uoi2O4DtmEMz,Juice WRLD,32077469,87,2018-12-10,day,80,2024-01-08
0.81,0.353,6,-9.931,0,0.31,0.588,0.0,0.102,0.0727,88.031,208293,4,0AluA5RNsa4Cx6XRhf2hWZ,10 Freaky Girls (with 21 Savage),62y3BHKehWnb1hlaPclDAA,"0iEtIxbK0KxaSlF7G42ZOp,1URnnhqYAYcrqrcwql10ft","Metro Boomin,21 Savage","6641993,16213669","87,89",2018-11-06,day,80,2024-01-08
0.87,0.35,1,-6.082,1,0.277,0.00661,0.000483,0.108,0.175,74.963,168347,4,2Grb4G6t9VIqo6moKUloom,Don't Come Out The House (with 21 Savage),62y3BHKehWnb1hlaPclDAA,"0iEtIxbK0KxaSlF7G42ZOp,1URnnhqYAYcrqrcwql10ft","Metro Boomin,21 Savage","6641993,16213669","87,89",2018-11-06,day,72,2024-01-08
0.765,0.704,5,-4.589,0,0.127,0.0215,0.0,0.227,0.498,147.055,192172,4,04MLEeAMuV9IlHEsD8vF6A,No Stylist (feat. Drake),62y3BHKehWnb1hlaPclDAA,"6vXTefBL93Dj5IqAWq6OTv,3TVXtAsR1Inumwj472S9r4","French Montana,Drake","5255986,83626299","73,96",2018-09-20,day,63,2024-01-08
0.785,0.554,0,-6.571,1,0.0409,0.283,3.4e-06,0.116,0.144,128.047,150043,4,7lAK3oHbfEnvUQWosrMMpR,YOSEMITE,62y3BHKehWnb1hlaPclDAA,0Y5tJX1MQlPlqiwlOH1tJY,Travis Scott,26203362,91,2018-08-03,day,78,2024-01-08
0.779,0.355,10,-8.971,0,0.0789,0.0624,0.0,0.159,0.362,128.805,166960,4,4yVEpUXxYgBwfSOKGTFxv5,REEL IT IN (feat. Gucci Mane) - Remix,62y3BHKehWnb1hlaPclDAA,"3Gm5F95VdRxW3mqCn8RPBJ,13y7CgLHjMVRMDqxdx0Xdo","Aminé,Gucci Mane","1915659,5220799","67,76",2018-11-20,day,49,2024-01-08
0.655,0.814,1,-3.225,1,0.0487,0.1,0.0,0.401,0.142,90.997,190955,4,5kTQa2G88tHnKB1Y6vNTyn,Uptown Vibes (feat. Fabolous & Anuel AA),62y3BHKehWnb1hlaPclDAA,"20sxb77xiYeusSH8cVdatc,2R21vXR83lH98kGeO99Y66,0YWxKQj2Go9CGHCp77UOyy","Meek Mill,Anuel AA,Fabolous","7704881,34266161,2654200","73,86,64",2018-11-22,day,40,2024-01-08
0.541,0.734,7,-4.232,0,0.166,0.0621,0.0,0.12,0.321,162.304,267720,4,0nq6sfr8z1R5KJ4XUk396e,Stay Schemin,62y3BHKehWnb1hlaPclDAA,"1sBkRIssrMs1AbVkOJbc7a,3TVXtAsR1Inumwj472S9r4,6vXTefBL93Dj5IqAWq6OTv","Rick Ross,Drake,French Montana","7103142,83626299,5255986","76,96,73",2012-01-01,day,67,2024-01-08
0.781,0.597,10,-6.794,0,0.23,0.0415,0.0,0.152,0.544,158.043,149949,4,7wcyO1rrH3Ru4t659IjG41,Crushed Up,62y3BHKehWnb1hlaPclDAA,1RyvyyTE3xzB2ZywiAwp0i,Future,15692678,88,2019-01-18,day,58,2024-01-08
0.736,0.622,6,-4.653,0,0.133,0.0235,0.0,0.151,0.506,191.971,192779,4,6uSSupG4TMu3vW8QgynAB6,Startender (feat. Offset and Tyga),62y3BHKehWnb1hlaPclDAA,"31W5EY0aAly4Qieq6OFu6I,5LHRHt1k9lMyONurDHEdrp,4DdkRBBYG6Yk9Ka8tdJ9BW","A Boogie Wit da Hoodie,Tyga,Offset","7919751,6848796,3501668","79,78,79",2018-12-14,day,50,2024-01-08
0.829,0.539,11,-7.359,0,0.208,0.136,1.78e-06,0.103,0.388,99.96,149547,4,7xQAfvXzm3AkraOtGPWIZg,Wow.,62y3BHKehWnb1hlaPclDAA,246dkjvS1zLTtiykXe5h60,Post Malone,43068815,87,2019-09-06,day,84,2024-01-08
0.89,0.607,9,-6.916,0,0.124,0.158,0.000228,0.118,0.224,134.022,233040,4,2FUNBaa5DwItJtYEBgAblU,monster,62y3BHKehWnb1hlaPclDAA,1URnnhqYAYcrqrcwql10ft,21 Savage,16213669,89,2018-12-21,day,61,2024-01-08
0.901,0.464,5,-9.789,0,0.0645,0.368,1.71e-05,0.238,0.638,109.004,203267,4,1fewSx2d5KIZ04wsooEBOz,Space Cadet (feat. Gunna),62y3BHKehWnb1hlaPclDAA,"0iEtIxbK0KxaSlF7G42ZOp,2hlmm7s2ICUX0LVIhVFlZQ","Metro Boomin,Gunna","6641993,6520604","87,84",2018-11-06,day,84,2024-01-08
0.925,0.397,5,-11.265,1,0.169,0.0889,5.12e-05,0.144,0.429,130.008,132923,4,4NdXQlDTzxbOMkzJGWFtz3,Butterfly Doors,62y3BHKehWnb1hlaPclDAA,3wyVrVrFCkukjdVIdirGVY,Lil Pump,7849798,63,2019-01-04,day,46,2024-01-08
0.837,0.636,1,-7.643,1,0.086,0.0395,0.00125,0.342,0.274,145.972,288624,4,2t8yVaLvJ0RenpXUIAC52d,a lot,62y3BHKehWnb1hlaPclDAA,1URnnhqYAYcrqrcwql10ft,21 Savage,16213669,89,2018-12-21,day,83,2024-01-08
0.808,0.617,10,-9.32,0,0.442,0.113,0.0,0.734,0.632,149.962,166400,4,74lnM5V6ecvoTPV0fvptx9,Nuketown (feat. Juice WRLD),62y3BHKehWnb1hlaPclDAA,"2rhFzFmezpnW82MNqEKVry,4MCBfE4596Uoi2O4DtmEMz","Ski Mask The Slump God,Juice WRLD","5634073,32077469","72,87",2018-11-30,day,76,2024-01-08
0.742,0.709,1,-3.585,0,0.259,0.126,0.0,0.177,0.324,94.618,136032,4,2gGyUF86bijvQyjcOcJxNw,KIKA (feat. Tory Lanez),62y3BHKehWnb1hlaPclDAA,"7gZfnEnfiaHzxARJ2LeXrf,2jku7tDXc6XoB6MO2hFuqg","6ix9ine,Tory Lanez","6888600,6302994","68,80",2018,year,63,2024-01-08
0.802,0.837,8,-6.269,1,0.13,0.12,0.0,0.288,0.83,124.951,256120,4,119pE59HeIqBiaXHbw7B1M,"Get Low (feat. Nicki Minaj, Tyga & Flo Rida)",62y3BHKehWnb1hlaPclDAA,"6f4XkbvYlXMH0QgVRzW0sM,0jnsk9HBra6NMjO2oANoPY,0hCNtLu0JehylgoiP8L4Gh,5LHRHt1k9lMyONurDHEdrp","Waka Flocka Flame,Flo Rida,Nicki Minaj,Tyga","2684309,8676033,30496118,6848796","64,78,88,78",2012-06-08,day,38,2024-01-08
0.703,0.925,11,-2.499,1,0.121,0.0208,0.0,0.354,0.397,138.946,273093,4,7BbbLiARcvEIhyMCcTRfJr,Same Damn Time (Remix) (feat. Diddy & Ludacris),62y3BHKehWnb1hlaPclDAA,"1RyvyyTE3xzB2ZywiAwp0i,59wfkuBoNyhDMQGCljbUbA,3ipn9JLAPI5GUEo4y4jcoi","Future,Diddy,Ludacris","15692678,1614890,2755957","88,71,75",2012-11-27,day,39,2024-01-08
0.837,0.364,8,-11.713,1,0.276,0.149,0.0,0.271,0.463,123.984,213594,4,2JvzF1RMd7lE3KmFlsyZD8,MIDDLE CHILD,62y3BHKehWnb1hlaPclDAA,6l3HvQ5sa6mXTsMTB19rO5,J. Cole,22394288,86,2019-01-23,day,84,2024-01-08
0.861,0.481,2,-7.309,1,0.343,0.125,1.38e-05,0.0903,0.188,146.992,195736,4,2IoZOYOZDrWCOLoZoYedxQ,One Call,62y3BHKehWnb1hlaPclDAA,2hlmm7s2ICUX0LVIhVFlZQ,Gunna,6520604,84,2019-02-01,day,42,2024-01-08
0.964,0.487,10,-6.071,0,0.421,0.00127,6.57e-06,0.115,0.107,127.05,154024,4,577YBGuskWkVDCxZrLRB4v,Pure Cocaine,62y3BHKehWnb1hlaPclDAA,5f7VJjfbwm532GiveGC0ZK,Lil Baby,16366093,86,2018-11-30,day,84,2024-01-08
0.906,0.382,10,-12.89,0,0.269,0.18,0.0,0.113,0.391,104.025,129264,4,1rBjexQsgqXpsS2BrCxaDX,Thotiana,62y3BHKehWnb1hlaPclDAA,3Fl1V19tmjt57oBdxXKAjJ,Blueface,6560895,66,2018-12-18,day,60,2024-01-08
0.788,0.842,4,-4.006,0,0.142,0.121,0.00112,0.166,0.481,190.077,166476,4,0RRm4OS5ymfZryXBuj0G2m,Twerk (feat. Cardi B),62y3BHKehWnb1hlaPclDAA,"37hAfseJWi0G3Scife12Il,4kYSro6naA4h99UJvo89HB","City Girls,Cardi B","2463009,22993357","64,78",2018-11-16,day,64,2024-01-08
0.835,0.659,4,-5.696,1,0.31,0.0123,0.0,0.372,0.579,129.93,195257,4,6PRh0ilIMEP1xlUHqalnkD,Put a Date On It (feat. Lil Baby),62y3BHKehWnb1hlaPclDAA,"6Ha4aES39QiVjR0L2lwuwq,5f7VJjfbwm532GiveGC0ZK","Yo Gotti,Lil Baby","4353152,16366093","64,86",2019-01-25,day,52,2024-01-08
0.793,0.399,7,-7.428,1,0.0951,0.12,0.0,0.124,0.0379,121.949,226600,4,6Z4rmc0uujCpl8yXe3yjgI,Whip (feat. Travis Scott),62y3BHKehWnb1hlaPclDAA,"17lzZA2AlOHwCwFALHttmp,0Y5tJX1MQlPlqiwlOH1tJY","2 Chainz,Travis Scott","8017349,26203362","75,91",2019-03-01,day,44,2024-01-08
0.581,0.662,9,-5.239,1,0.303,0.0153,0.0,0.111,0.434,93.023,189487,4,1wJRveJZLSb1rjhnUHQiv6,Swervin (feat. 6ix9ine),62y3BHKehWnb1hlaPclDAA,"31W5EY0aAly4Qieq6OFu6I,7gZfnEnfiaHzxARJ2LeXrf","A Boogie Wit da Hoodie,6ix9ine","7919751,6888600","79,68",2018-12-21,day,74,2024-01-08
0.771,0.761,1,-4.727,0,0.047,0.208,0.0,0.091,0.277,131.01,219664,4,0hCHNYL8ApQCGNwJrYN1FY,Bad Girls (feat. Gucci Mane),62y3BHKehWnb1hlaPclDAA,"7d3WFRME3vBY2cgoP38RDo,13y7CgLHjMVRMDqxdx0Xdo","Lil Skies,Gucci Mane","5025379,5220799","67,76",2019-03-01,day,51,2024-01-08
0.644,0.501,0,-8.959,1,0.491,0.311,0.0,0.106,0.173,129.828,177000,4,5FxKZ4IajYIRDjAWAboiB4,Pimpin Ain't Eazy,62y3BHKehWnb1hlaPclDAA,46SHBwWsqBkxI7EeeBEQG7,Kodak Black,10072386,80,2019-03-01,day,58,2024-01-08
0.791,0.587,3,-5.075,0,0.0413,0.407,0.0,0.148,0.536,96.057,179449,4,3J5YrOvX2A0EA0j4BARQ9o,Look Back at It,62y3BHKehWnb1hlaPclDAA,31W5EY0aAly4Qieq6OFu6I,A Boogie Wit da Hoodie,7919751,79,2018-12-07,day,53,2024-01-08
0.832,0.649,1,-6.781,0,0.482,0.0252,0.0,0.255,0.699,76.01,189831,4,4bi9YrkOvmg4Eb7h00AW2c,Fall Threw (feat. Young Thug & Gunna),62y3BHKehWnb1hlaPclDAA,"1pPmIToKXyGdsCF6LmqLmI,50co4Is1HCEo8bhOyUWKpn,2hlmm7s2ICUX0LVIhVFlZQ","Rich The Kid,Young Thug,Gunna","3203856,9355686,6520604","66,83,84",2019-03-22,day,44,2024-01-08
0.836,0.636,8,-5.145,1,0.291,0.128,0.0,0.0462,0.847,142.006,161757,4,4gJUBncw0XCMTBHneTjqGx,Like Mike (feat. Jay Critch & A Boogie wit da Hoodie),62y3BHKehWnb1hlaPclDAA,"1pPmIToKXyGdsCF6LmqLmI,6Av6GMCOznZIlHuNcBWgf4,31W5EY0aAly4Qieq6OFu6I","Rich The Kid,Jay Critch,A Boogie Wit da Hoodie","3203856,699679,7919751","66,56,79",2019-03-22,day,42,2024-01-08
0.966,0.563,8,-5.764,1,0.0618,0.00202,0.0,0.105,0.363,104.991,173926,4,0NJp8GyCOWnQh71xKSPfuV,Freaky,62y3BHKehWnb1hlaPclDAA,2jku7tDXc6XoB6MO2hFuqg,Tory Lanez,6302994,80,2019-03-15,day,54,2024-01-08
0.797,0.64,11,-6.272,0,0.194,0.148,0.0,0.209,0.486,100.002,170053,4,0fcq51a3gOI6gPvzc0YLsk,Wow. - Remix,62y3BHKehWnb1hlaPclDAA,"246dkjvS1zLTtiykXe5h60,757aE44tKEUQEqRuT6GnEB,5LHRHt1k9lMyONurDHEdrp","Post Malone,Roddy Ricch,Tyga","43068815,10179420,6848796","87,76,78",2019-03-15,day,62,2024-01-08
0.498,0.565,3,-9.3,1,0.131,0.0829,0.000483,0.11,0.167,119.38,262060,4,4cwdcKY6VBhQyz7ti6Bvfo,Nah No Way,62y3BHKehWnb1hlaPclDAA,5aqpAKkseUIPuy9Kkyp2Oq,ST3PH,292,2,2019-03-14,day,4,2024-01-08
0.729,0.603,6,-6.736,0,0.0666,0.0948,0.0,0.113,0.207,134.972,243976,4,3XiNC94b4Tq1xwv70sQJGN,Sanguine Paradise,62y3BHKehWnb1hlaPclDAA,4O15NlyKLIASxsJ0PrXPfz,Lil Uzi Vert,16484624,85,2019-04-09,day,71,2024-01-08
0.958,0.597,9,-7.092,0,0.111,0.0457,0.0,0.138,0.619,127.931,180453,4,2EGtBS7Ws3ajiSkJLviFJ4,CHopstix (feat. Travis Scott),62y3BHKehWnb1hlaPclDAA,"5IcR3N7QB1j6KBL8eImZ8m,0Y5tJX1MQlPlqiwlOH1tJY","ScHoolboy Q,Travis Scott","4616817,26203362","70,91",2019-04-26,day,53,2024-01-08
0.935,0.552,10,-9.373,0,0.335,0.111,0.0,0.0952,0.615,99.993,145627,4,1ThmUihH9dF8EV08ku5AXN,Faucet Failure,62y3BHKehWnb1hlaPclDAA,2rhFzFmezpnW82MNqEKVry,Ski Mask The Slump God,5634073,72,2018-11-30,day,75,2024-01-08
0.709,0.655,6,-6.746,0,0.0506,0.00868,0.0,0.193,0.289,135.975,244213,4,7yORNsKrSxLIV7qqRFySXl,Do It,62y3BHKehWnb1hlaPclDAA,"0xOtJ5JY4Urje1oVlMd3aS,5bgfj5zUoWpyeVatGDjn6H","Mykko Montana,K CAMP","24136,1658847","32,58",2012-01-01,day,52,2024-01-08
0.861,0.599,7,-7.814,0,0.217,0.182,0.00855,0.102,0.527,100.026,144000,4,1FOINGDWa0dPgCpMabLT4Y,fast,62y3BHKehWnb1hlaPclDAA,4iDroUFo89Y7YBsdDTBmTD,Sueco,554510,60,2019-09-20,day,62,2024-01-08
0.796,0.586,4,-6.946,0,0.147,0.0247,0.0,0.132,0.179,97.981,200107,4,7DcvwMAiqKJQD1rrdfxSDx,The London (feat. J. Cole & Travis Scott),62y3BHKehWnb1hlaPclDAA,"50co4Is1HCEo8bhOyUWKpn,6l3HvQ5sa6mXTsMTB19rO5,0Y5tJX1MQlPlqiwlOH1tJY","Young Thug,J. Cole,Travis Scott","9355686,22394288,26203362","83,86,91",2019-05-23,day,69,2024-01-08
0.919,0.622,1,-7.384,1,0.0997,0.228,4.24e-06,0.122,0.424,140.022,205803,4,59ywHNwwchG4nZJMLyxSzd,Clout (feat. Cardi B),62y3BHKehWnb1hlaPclDAA,"4DdkRBBYG6Yk9Ka8tdJ9BW,4kYSro6naA4h99UJvo89HB","Offset,Cardi B","3501668,22993357","79,78",2019-02-22,day,69,2024-01-08
0.772,0.639,1,-7.119,1,0.467,0.15,0.0,0.0698,0.261,168.112,166560,4,6uFn47ACjqYkc0jADwEdj1,Pop Out (feat. Lil Tjay),62y3BHKehWnb1hlaPclDAA,"6AgTAQt8XS6jRWi4sX7w49,6jGMq4yGs7aQzuGsMgVgZR","Polo G,Lil Tjay","10657935,7762838","80,78",2019-06-07,day,80,2024-01-08
0.852,0.73,1,-5.803,1,0.0579,0.0219,0.0,0.336,0.394,92.506,157693,4,7f1zjZG77S891Uv4O68yfk,Baby Sitter (feat. Offset),62y3BHKehWnb1hlaPclDAA,"4r63FhuTkUYltbVAg5TQnk,4DdkRBBYG6Yk9Ka8tdJ9BW","DaBaby,Offset","11554890,3501668","78,79",2019-03-01,day,61,2024-01-08
0.851,0.85,1,-3.4,1,0.0904,0.226,0.0,0.145,0.642,99.975,165605,4,5WJdUrZ4ND1TCZ2AsjYK3P,Broke Leg (with Quavo & Tyga),62y3BHKehWnb1hlaPclDAA,"2jku7tDXc6XoB6MO2hFuqg,0VRj0yCOv2FXJNP47XQnx5,5LHRHt1k9lMyONurDHEdrp","Tory Lanez,Quavo,Tyga","6302994,7128651,6848796","80,77,78",2019-05-31,day,47,2024-01-08
0.88,0.67,2,-5.177,1,0.0468,0.325,4.17e-06,0.0662,0.131,101.008,299227,4,1kK6DwzyXJSp58u5HYWwuD,"Go Loko (feat. Tyga, Jon Z)",62y3BHKehWnb1hlaPclDAA,"0A0FS04o6zMoto8OKPsDwY,5LHRHt1k9lMyONurDHEdrp,5bWUlnPx9OYKsLiUJrhCA1","YG,Tyga,Jon Z","3205645,6848796,6074483","72,78,69",2019-05-24,day,65,2024-01-08
0.852,0.432,1,-8.04,0,0.501,0.0599,0.0,0.146,0.258,140.042,236571,4,4pCEIQ6wBVuaJdER5bALtO,That's a Rack,62y3BHKehWnb1hlaPclDAA,4O15NlyKLIASxsJ0PrXPfz,Lil Uzi Vert,16484624,85,2019-04-09,day,58,2024-01-08
0.906,0.596,0,-5.88,0,0.243,0.0578,0.0,0.109,0.701,144.038,226846,4,0yFvWTLs3iIwDbc91noXGT,GRoCERIES,62y3BHKehWnb1hlaPclDAA,"1anyVhU62p31KFi8MEzkbf,6lEhBhAv6HOopjXssi09cq,3CbYyyd8wH3RT6t0jwpdzC","Chance the Rapper,TisaKorean,Murda Beatz","5947668,98712,138572","72,50,57",2019-05-17,day,50,2024-01-08
0.554,0.498,9,-8.866,1,0.0685,0.23,5.98e-06,0.795,0.413,79.635,190067,4,5hVghJ4KaYES3BFUATCYn0,EARFQUAKE,62y3BHKehWnb1hlaPclDAA,4V8LLVI7PbaPR0K2TGSxFF,"Tyler, The Creator",13737518,84,2019-05-17,day,83,2024-01-08
0.671,0.833,5,-5.152,0,0.395,0.0825,0.0,0.0726,0.702,79.351,233278,4,6ya8ejoKgw906Y8LWclqrp,Racks in the Middle (feat. Roddy Ricch and Hit-Boy),62y3BHKehWnb1hlaPclDAA,"0EeQBlQJFiAfJeVN2vT9s0,757aE44tKEUQEqRuT6GnEB,6q3p11nP1p80Ey6LrOOSed","Nipsey Hussle,Roddy Ricch,Hit-Boy","3356187,10179420,79486","65,76,53",2019-02-15,day,63,2024-01-08
0.888,0.525,1,-5.665,1,0.305,0.029,5.68e-06,0.137,0.243,133.983,143792,4,6dPyzkyZwoj9LqjQXOFdVv,Press,62y3BHKehWnb1hlaPclDAA,4kYSro6naA4h99UJvo89HB,Cardi B,22993357,78,2019-05-31,day,65,2024-01-08
0.755,0.772,6,-5.585,1,0.4,0.128,0.0,0.157,0.678,132.906,141827,4,3WyRgi8CzQnhzO0xw79tTS,Goin Baby,62y3BHKehWnb1hlaPclDAA,4r63FhuTkUYltbVAg5TQnk,DaBaby,11554890,78,2019-03-01,day,62,2024-01-08
0.649,0.453,6,-7.28,1,0.085,0.627,0.0,0.116,0.431,99.183,181891,4,4ZT9FnbFu1PaBfV3itxiqT,I,62y3BHKehWnb1hlaPclDAA,7d3WFRME3vBY2cgoP38RDo,Lil Skies,5025379,67,2019-03-01,day,71,2024-01-08
0.861,0.666,8,-5.18,0,0.343,0.00218,0.0,0.272,0.853,145.041,202625,4,1Hd2XLitkt1PYCWSbfF5qV,Wish Wish (feat. Cardi B & 21 Savage),62y3BHKehWnb1hlaPclDAA,"0QHgL1lAIqAw0HtD7YldmP,4kYSro6naA4h99UJvo89HB,1URnnhqYAYcrqrcwql10ft","DJ Khaled,Cardi B,21 Savage","10860995,22993357,16213669","74,78,89",2019-05-17,day,58,2024-01-08
0.921,0.635,1,-4.904,1,0.416,0.0218,0.0,0.0946,0.549,130.028,192540,4,2rMAtCaTj16NptyVfEIeAC,Cash Shit (feat. DaBaby),62y3BHKehWnb1hlaPclDAA,"181bsRPaVXVlUKXrxwZfHK,4r63FhuTkUYltbVAg5TQnk","Megan Thee Stallion,DaBaby","8371603,11554890","77,78",2019-05-17,day,66,2024-01-08
0.794,0.44,0,-7.861,0,0.131,0.0806,0.0,0.198,0.276,138.024,202454,4,0GwYkXgQdqY4dyRffHw3HT,Have Mercy,62y3BHKehWnb1hlaPclDAA,0huGjMyP507tBCARyzSkrv,Cordae,1998189,66,2019-07-26,day,60,2024-01-08
0.882,0.775,10,-4.986,1,0.334,0.0738,0.0,0.701,0.805,98.023,256967,4,4EnEGf9JzAJhF1XNY9DJcD,"West Coast (feat. Blueface, ALLBLACK & YG)",62y3BHKehWnb1hlaPclDAA,"02kJSzxNuaWGqwubyUba0Z,3Fl1V19tmjt57oBdxXKAjJ,1cutd8e41XvxXnFPOFIxMD,0A0FS04o6zMoto8OKPsDwY","G-Eazy,Blueface,ALLBLACK,YG","5198099,6560895,81511,3205645","74,66,46,72",2019-03-28,day,55,2024-01-08
0.764,0.528,5,-4.082,0,0.0588,0.468,0.0,0.0811,0.422,123.936,189253,5,4XiGKQqbmnMVxDzUj6j3f2,Worth It,62y3BHKehWnb1hlaPclDAA,7meyrw7Or5DwteYxDJrkCM,YK Osiris,1688459,56,2019-02-08,day,67,2024-01-08
0.747,0.647,1,-6.305,1,0.291,0.0743,1.27e-06,0.129,0.513,76.48,153783,4,1EvSBVwDCnIl0UkeeJbayT,Madd,62y3BHKehWnb1hlaPclDAA,"1A9MaQtsXXPcvrowds6xls,5c12unix5QLc4qFMW65txN","Pooh Gutta,Piggy","886,87","13,0",2018-12-05,day,6,2024-01-08
0.97,0.463,10,-7.259,1,0.366,0.0957,0.0,0.151,0.46,108.003,142417,4,2nKYHpmwjLaEOXS3o7QMiz,Baby,62y3BHKehWnb1hlaPclDAA,"6i392l38cR3uBPF0DbNs7S,5f7VJjfbwm532GiveGC0ZK,4r63FhuTkUYltbVAg5TQnk","Quality Control,Lil Baby,DaBaby","1316469,16366093,11554890","64,86,78",2019-07-17,day,60,2024-01-08
0.857,0.446,1,-12.778,1,0.902,0.215,0.0,0.0964,0.327,100.122,112800,4,1YR9iNGXtsbrd8deR9ULDD,Jesus Is The One (I Got Depression),62y3BHKehWnb1hlaPclDAA,"1UH80jhsYsFztK0anu2FNS,1rHOtdmGNr5vcYNw5v7QGC","Zack Fox,Kenny Beats","156078,195928","51,60",2019-06-14,day,54,2024-01-08
0.783,0.598,10,-10.59,1,0.292,0.328,0.0,0.118,0.452,97.011,160713,4,6aD0Es1eyfVqpYZKJm9WkC,Asshole,62y3BHKehWnb1hlaPclDAA,3tqosLbNFNekyZyO2KJ6qd,Mike Sherm,496130,64,2017-01-27,day,67,2024-01-08
0.815,0.616,2,-8.661,1,0.107,0.173,0.0,0.142,0.362,105.068,208776,4,2EBhkPa6ZeNfRE8VpEXrpg,Imma Dog (feat. Mike Sherm & Nef the Pharaoh),62y3BHKehWnb1hlaPclDAA,"53IZaGmciXOiYEJ9GzakSM,3tqosLbNFNekyZyO2KJ6qd,3DiSC0nSNNWpPy5ZK3mcrz","Shawn Eff,Mike Sherm,Nef The Pharaoh","6395,496130,173876","29,64,43",2018-11-16,day,43,2024-01-08
0.684,0.687,2,-4.673,1,0.2,0.0164,0.0,0.253,0.265,184.026,151067,4,2B9wgj9XzbJZLty03PRbVo,Bezerk (feat. A$AP Ferg),62y3BHKehWnb1hlaPclDAA,"0c173mlxpT3dSFRgMO8XPh,6q3p11nP1p80Ey6LrOOSed,5dHt1vcEm9qb8fCyLcB3HL","Big Sean,Hit-Boy,A$AP Ferg","11115824,79486,3710766","75,53,69",2019-08-26,day,55,2024-01-08
0.974,0.596,6,-8.888,1,0.184,0.0976,0.0,0.151,0.892,111.959,149040,4,1GeNui6m825V8jP4uKiIaH,Bad Bad Bad (feat. Lil Baby),62y3BHKehWnb1hlaPclDAA,"50co4Is1HCEo8bhOyUWKpn,5f7VJjfbwm532GiveGC0ZK","Young Thug,Lil Baby","9355686,16366093","83,86",2019-08-16,day,70,2024-01-08
0.831,0.502,10,-4.045,0,0.046,0.101,0.0,0.122,0.101,100.541,205427,4,5ry2OE6R2zPQFDO85XkgRb,Money In The Grave (Drake ft. Rick Ross),62y3BHKehWnb1hlaPclDAA,"3TVXtAsR1Inumwj472S9r4,1sBkRIssrMs1AbVkOJbc7a","Drake,Rick Ross","83626299,7103142","96,76",2019-06-15,day,79,2024-01-08
0.642,0.647,7,-6.312,0,0.428,0.517,0.0,0.0649,0.664,120.749,217867,4,5WnfnSpuNEGXyEt78PBA6d,"Costa Rica (with Bas & JID feat. Guapdad 4000, Reese LAFLARE, Jace, Mez, Smokepurpp, Buddy & Ski Mask The Slump God)",62y3BHKehWnb1hlaPclDAA,"1iNqsUDUraNWrj00bqssQG,70gP6Ry4Uo0Yx6uzPIdaiJ,6U3ybJ9UHNKEdsH7ktGBZ7,0NcPKaSNIHAM2RfioH9vMT,07V3atNq2TyPNDYmzp6Dyy,0vaKiuLwFJLVU664A8GTjE,30C5wgn4celhRP3Tytv7R6,21dooacK2WGBB5amYvKyfM,6PDLwWvgYNMfBRLqC1h5cJ,2rhFzFmezpnW82MNqEKVry","Dreamville,Bas,JID,Guapdad 4000,Reese LAFLARE,Jace,Mez,Smokepurpp,Buddy,Ski Mask The Slump God","608984,545807,1518821,116252,94638,7221,14064,2436107,236014,5634073","66,66,78,52,49,47,49,56,55,72",2019-07-05,day,68,2024-01-08
0.894,0.511,2,-4.768,1,0.42,0.0251,0.0,0.14,0.568,120.08,176632,4,67XyC1GdSkKb9sbRRkUDXS,Shotta Flow (Feat. Blueface) [Remix],62y3BHKehWnb1hlaPclDAA,"0ErzCpIMyLcjPiwT4elrtZ,3Fl1V19tmjt57oBdxXKAjJ","NLE Choppa,Blueface","7400887,6560895","79,66",2019-06-20,day,72,2024-01-08
0.901,0.676,2,-7.033,1,0.251,0.0646,0.0,0.0863,0.452,85.018,148278,4,5rU6kDNXZLXIinFezpbWbO,Tap (feat. Meek Mill),62y3BHKehWnb1hlaPclDAA,"7rkW85dBwwrJtlHRDkJDAC,20sxb77xiYeusSH8cVdatc","NAV,Meek Mill","3426047,7704881","72,73",2019-03-26,day,64,2024-01-08
0.932,0.547,0,-7.787,0,0.333,0.0388,0.0,0.0924,0.695,94.998,176640,4,4sjiIpEv617LDXaidKioOI,223's (feat. 9lokknine),62y3BHKehWnb1hlaPclDAA,"1cNDP5yjU5vjeR8qMf4grg,0ceH34CATvfgphxnLRWFkm","YNW Melly,9lokknine","9987188,461484","72,58",2019-08-09,day,65,2024-01-08
0.703,0.594,5,-6.146,0,0.0752,0.342,0.0,0.123,0.475,153.848,114893,4,1000nHvUdawXuUHgBod4Wv,Panini,62y3BHKehWnb1hlaPclDAA,7jVv8c5Fj3E9VhNjxT4snq,Lil Nas X,12449695,75,2019-09-13,day,72,2024-01-08
0.855,0.651,0,-8.044,0,0.235,0.063,0.0,0.0772,0.559,111.997,193027,4,5Z8HZM6iQMhhqyPcCGY5g9,Hot (feat. Gunna),62y3BHKehWnb1hlaPclDAA,"50co4Is1HCEo8bhOyUWKpn,2hlmm7s2ICUX0LVIhVFlZQ","Young Thug,Gunna","9355686,6520604","83,84",2019-08-16,day,73,2024-01-08
0.696,0.454,1,-6.756,0,0.153,0.123,0.0,0.155,0.136,92.928,260640,4,6XHVuErjQ4XNm6nDPVCxVX,No Guidance (feat. Drake),62y3BHKehWnb1hlaPclDAA,"7bXgB6jMjp9ATFy66eO08Z,3TVXtAsR1Inumwj472S9r4","Chris Brown,Drake","20955452,83626299","86,96",2019-06-28,day,80,2024-01-08
0.899,0.509,9,-8.04,1,0.387,0.00157,0.0,0.0573,0.599,150.001,225924,4,00ko9WaS4jOX1kEk3gvHjf,Hot Shower,62y3BHKehWnb1hlaPclDAA,"1anyVhU62p31KFi8MEzkbf,5SyGEPymt1G2uto47tVWvZ,4r63FhuTkUYltbVAg5TQnk","Chance the Rapper,MadeinTYO,DaBaby","5947668,1024999,11554890","72,57,78",2019-07-26,day,60,2024-01-08
0.787,0.619,9,-7.32,1,0.17,0.181,0.0,0.323,0.824,124.09,127843,4,7vanOPJ8GpUOxgqzAU2Tuu,Mac 10 (feat. Lil Baby & Lil Duke),62y3BHKehWnb1hlaPclDAA,"6Xgp2XMz1fhVYe7i6yNAax,5f7VJjfbwm532GiveGC0ZK,06Qf6vq8AVIpE9XIw8LAsY","Trippie Redd,Lil Baby,Lil Duke","9249721,16366093,294864","80,86,44",2019-08-09,day,55,2024-01-08
0.869,0.607,6,-6.192,0,0.333,0.025,0.0,0.0906,0.531,160.011,173489,4,1xsP6AITcWNigBYBYVnVZw,Handsome,62y3BHKehWnb1hlaPclDAA,"1anyVhU62p31KFi8MEzkbf,181bsRPaVXVlUKXrxwZfHK","Chance the Rapper,Megan Thee Stallion","5947668,8371603","72,77",2019-07-26,day,50,2024-01-08
0.645,0.675,1,-5.282,0,0.202,0.0104,0.0,0.273,0.171,120.672,209120,5,2j7mcsEz4n5XxMMqqjjB6p,100 Shooters (feat. Meek Mill),62y3BHKehWnb1hlaPclDAA,"1RyvyyTE3xzB2ZywiAwp0i,6aLoJJxz7MV2iZ423S8tJC,20sxb77xiYeusSH8cVdatc","Future,Doe Boy,Meek Mill","15692678,255723,7704881","88,54,73",2019-07-12,day,50,2024-01-08
0.616,0.669,1,-5.791,1,0.32,0.0298,0.0,0.127,0.275,154.056,196112,4,1faIb3PPSzEifCHUOJ691R,Broke As Fuck,62y3BHKehWnb1hlaPclDAA,0huGjMyP507tBCARyzSkrv,Cordae,1998189,66,2019-07-26,day,59,2024-01-08
0.978,0.477,8,-8.159,1,0.155,0.000143,0.0,0.133,0.196,110.002,109091,4,3AEgic4yp82NxMWUjHtxnO,Uno,62y3BHKehWnb1hlaPclDAA,3BbPRvYQ0M9SFmhkHXozLm,Ambjaay,43808,39,2019-05-10,day,57,2024-01-08
0.925,0.904,2,-3.362,1,0.201,0.00782,0.0,0.109,0.758,105.02,172314,4,5LTdRSQOg63EazLbKZbWn2,My Type (feat. City Girls & Jhené Aiko) - Remix,62y3BHKehWnb1hlaPclDAA,"6cK3NBO6uP7hh0oyuVELFl,5ZS223C6JyBfXasXxrRqOk,37hAfseJWi0G3Scife12Il","Saweetie,Jhené Aiko,City Girls","2030583,7193429,2463009","67,77,64",2019-08-23,day,62,2024-01-08
0.697,0.664,10,-7.183,0,0.237,0.126,0.0,0.1,0.349,94.913,176039,4,56D00FeODn6y0qHNDLZrda,Bad on My Own,62y3BHKehWnb1hlaPclDAA,38gDEa1ge2bBXk94lt8Bm9,Miko Payton,1061,11,2019-12-13,day,4,2024-01-08
0.705,0.702,6,-4.797,0,0.386,0.12,0.0,0.0697,0.452,163.995,192026,4,5NVogFFUlBxL7CZAnRFaVQ,Ls,62y3BHKehWnb1hlaPclDAA,38gDEa1ge2bBXk94lt8Bm9,Miko Payton,1061,11,2019-12-13,day,3,2024-01-08
0.72,0.552,11,-9.005,0,0.158,0.733,0.0,0.101,0.512,130.01,197172,4,5JblhVwaXyEI6t5sggWr3v,Gilligan Geech,62y3BHKehWnb1hlaPclDAA,"3jV3cssIgthwriXPVB32po,3FnfOiOSZ2Npl2WY50cR10","GeechiManMoody,Ricky P","39,0","0,0",2020-11-11,day,4,2024-01-08
0.698,0.341,8,-12.537,1,0.237,0.179,0.0,0.451,0.408,155.916,113846,4,4wrgMRNI4yDJwSSLpUMVkS,Flights,62y3BHKehWnb1hlaPclDAA,3jV3cssIgthwriXPVB32po,GeechiManMoody,39,0,2020-11-11,day,4,2024-01-08
0.829,0.512,6,-5.865,0,0.187,0.492,0.0,0.12,0.638,80.511,123987,4,4XvcHTUfIlWfyJTRG0aqlo,2055,62y3BHKehWnb1hlaPclDAA,6EPlBSH2RSiettczlz7ihV,Sleepy Hallow,1724554,75,2021-06-02,day,83,2024-01-08
0.88,0.427,9,-6.004,0,0.323,0.459,1.28e-06,0.119,0.623,103.542,180806,3,3Ho13bRS28xEvGvgW4LOFM,On Go (feat. Polo G),62y3BHKehWnb1hlaPclDAA,"1tG7s7S4sq2eFFW0QZyLbm,6AgTAQt8XS6jRWi4sX7w49","Sheff G,Polo G","989829,10657935","67,80",2021-07-23,day,58,2024-01-08
0.833,0.498,10,-5.196,0,0.117,0.0493,0.0,0.119,0.259,139.928,153406,4,22ruOqBqBRiZDiXFud4OXa,Over The Top (feat. Drake),62y3BHKehWnb1hlaPclDAA,"6jeg7JBX9J9097esK752iR,3TVXtAsR1Inumwj472S9r4","Smiley,Drake","38907,83626299","51,96",2021-11-12,day,69,2024-01-08
0.736,0.704,3,-7.409,0,0.0615,0.0203,0.0,0.0501,0.894,149.995,212000,4,27NovPIUIRrOZoCHxABJwK,INDUSTRY BABY (feat. Jack Harlow),62y3BHKehWnb1hlaPclDAA,"7jVv8c5Fj3E9VhNjxT4snq,2LIk90788K0zvyj2JJVwkJ","Lil Nas X,Jack Harlow","12449695,3376624","75,84",2021-07-23,day,81,2024-01-08
0.596,0.65,9,-5.167,1,0.337,0.138,0.0,0.14,0.188,133.997,257428,4,4lUmnwRybYH7mMzf16xB0y,Hats Off (feat. Travis Scott),62y3BHKehWnb1hlaPclDAA,"5f7VJjfbwm532GiveGC0ZK,3hcs9uc56yIGFCSy9leWe7,0Y5tJX1MQlPlqiwlOH1tJY","Lil Baby,Lil Durk,Travis Scott","16366093,6859221,26203362","86,81,91",2021-06-04,day,67,2024-01-08
0.797,0.631,3,-3.818,0,0.0786,0.0904,3.71e-06,0.0998,0.288,129.915,184213,4,40uMIn2zJLAQhNXghRjBed,Motley Crew,62y3BHKehWnb1hlaPclDAA,246dkjvS1zLTtiykXe5h60,Post Malone,43068815,87,2021-07-09,day,76,2024-01-08
0.671,0.639,2,-6.852,0,0.134,0.0928,0.0,0.0941,0.385,119.82,216000,5,29t9XYOV65fFXiVzFFJgHH,NOT SOBER (feat. Polo G & Stunna Gambino),62y3BHKehWnb1hlaPclDAA,"2tIP7SsRs7vjIcLrU85W8J,6AgTAQt8XS6jRWi4sX7w49,15ZjD8Gus20Miqw3fdOaXX","The Kid LAROI,Polo G,Stunna Gambino","5025586,10657935,103618","80,80,50",2021-07-27,day,66,2024-01-08
0.801,0.688,1,-4.594,1,0.396,0.144,0.0,0.107,0.5,162.928,157675,4,1MIGkQxcdAt2lDx6ySpsc5,SUVs (Black on Black),62y3BHKehWnb1hlaPclDAA,"2LIk90788K0zvyj2JJVwkJ,5F1aAS1duwlzExnPs3l2Xe","Jack Harlow,Pooh Shiesty","3376624,1416868","84,68",2021-08-03,day,69,2024-01-08
0.87,0.629,11,-7.598,0,0.279,0.173,0.0,0.101,0.512,134.944,241790,4,2Igem6Q4sfvXGJ3JkG7Baw,Modern Day,62y3BHKehWnb1hlaPclDAA,6oMuImdp5ZcFhWP0ESe6mG,Migos,13641028,75,2021-06-11,day,57,2024-01-08
0.582,0.537,0,-9.229,1,0.619,0.129,0.0,0.0749,0.771,82.103,180930,4,0nqhKXDjsyBMvbeWmgijD0,Wockesha,62y3BHKehWnb1hlaPclDAA,3tJoFztHeIJkJWMrx0td2f,Moneybagg Yo,4237863,74,2021-04-23,day,67,2024-01-08
0.477,0.727,2,-4.053,1,0.286,0.000866,0.0,0.108,0.227,150.062,236524,4,1EJIcDYXwSqipW5dFe4uJz,EVERY CHANCE I GET (feat. Lil Baby & Lil Durk),62y3BHKehWnb1hlaPclDAA,"0QHgL1lAIqAw0HtD7YldmP,5f7VJjfbwm532GiveGC0ZK,3hcs9uc56yIGFCSy9leWe7","DJ Khaled,Lil Baby,Lil Durk","10860995,16366093,6859221","74,86,81",2021-04-30,day,78,2024-01-08
0.902,0.669,1,-5.049,1,0.457,0.161,0.0,0.0728,0.628,139.949,112547,4,0cu0rhnlCnJ7JIeHRiLpj3,Ball If I Want To,62y3BHKehWnb1hlaPclDAA,4r63FhuTkUYltbVAg5TQnk,DaBaby,11554890,78,2021-06-18,day,70,2024-01-08
0.887,0.485,11,-9.358,0,0.2,0.0392,0.0,0.141,0.328,125.987,215693,4,6rTInqW3YECMkQsBEHw4sd,Solid (feat. Drake),62y3BHKehWnb1hlaPclDAA,"1xr2G8Hlx4QWmT9HaUbmoO,50co4Is1HCEo8bhOyUWKpn,2hlmm7s2ICUX0LVIhVFlZQ,3TVXtAsR1Inumwj472S9r4","Young Stoner Life,Young Thug,Gunna,Drake","136899,9355686,6520604,83626299","60,83,84,96",2021-04-16,day,71,2024-01-08
0.88,0.575,6,-6.091,1,0.163,0.415,0.0,0.109,0.671,120.031,232048,4,1dg3qy5DjoJodawfOCgrTP,Run It Up (feat. Offset & Moneybagg Yo),62y3BHKehWnb1hlaPclDAA,"6jGMq4yGs7aQzuGsMgVgZR,4DdkRBBYG6Yk9Ka8tdJ9BW,3tJoFztHeIJkJWMrx0td2f","Lil Tjay,Offset,Moneybagg Yo","7762838,3501668,4237863","78,79,74",2021-04-02,day,78,2024-01-08
0.597,0.571,1,-6.205,0,0.293,0.492,0.0,0.093,0.165,106.196,218448,3,4TIqzdAssasqx3DAe6cG9J,Ramen & OJ,62y3BHKehWnb1hlaPclDAA,"6C1ohJrd5VydigQtaGy5Wa,5f7VJjfbwm532GiveGC0ZK","Joyner Lucas,Lil Baby","2136609,16366093","68,86",2021-04-30,day,73,2024-01-08
0.578,0.449,1,-6.349,1,0.286,0.0618,2.17e-06,0.119,0.1,136.006,192956,4,65OVbaJR5O1RmwOQx0875b,Wants and Needs (feat. Lil Baby),62y3BHKehWnb1hlaPclDAA,"3TVXtAsR1Inumwj472S9r4,5f7VJjfbwm532GiveGC0ZK","Drake,Lil Baby","83626299,16366093","96,86",2021-03-05,day,83,2024-01-08
0.933,0.656,2,-5.85,1,0.322,0.129,0.0,0.161,0.934,119.987,159083,4,1YDebgap5OFwXEBG18NJvy,Red Light Green Light,62y3BHKehWnb1hlaPclDAA,4r63FhuTkUYltbVAg5TQnk,DaBaby,11554890,78,2021-06-25,day,66,2024-01-08
0.581,0.877,8,-4.938,1,0.114,0.0151,0.0,0.826,0.353,77.006,236883,4,46NzAxDzsE443IsyZndZfP,Miss The Rage,62y3BHKehWnb1hlaPclDAA,"6Xgp2XMz1fhVYe7i6yNAax,699OTQXzgjhIYAHMy9RyPD","Trippie Redd,Playboi Carti","9249721,9643234","80,84",2021-08-20,day,79,2024-01-08
0.422,0.491,6,-5.703,1,0.368,0.195,0.0,0.142,0.67,184.344,181714,5,0dmz0Lj2EkEuX0Msjh6eUW,Holy Smokes (feat. Lil Uzi Vert),62y3BHKehWnb1hlaPclDAA,"6Xgp2XMz1fhVYe7i6yNAax,4O15NlyKLIASxsJ0PrXPfz","Trippie Redd,Lil Uzi Vert","9249721,16484624","80,85",2021-08-20,day,61,2024-01-08
0.597,0.587,7,-7.026,0,0.137,0.0622,0.0,0.214,0.0753,140.021,218802,4,1D3z6HTiQsNmZxjl7F7eoG,m y . l i f e (with 21 Savage & Morray),62y3BHKehWnb1hlaPclDAA,"6l3HvQ5sa6mXTsMTB19rO5,1URnnhqYAYcrqrcwql10ft,44vREmJC0OlVZjZaGLqVEd","J. Cole,21 Savage,Morray","22394288,16213669,232794","86,89,61",2021-05-14,day,80,2024-01-08
0.927,0.538,1,-3.917,1,0.116,0.0312,0.0,0.0945,0.221,125.983,278191,4,2NM0qHzx4Ohy8iXHEEgwlO,Having Our Way (feat. Drake),62y3BHKehWnb1hlaPclDAA,"6oMuImdp5ZcFhWP0ESe6mG,3TVXtAsR1Inumwj472S9r4","Migos,Drake","13641028,83626299","75,96",2021-06-11,day,63,2024-01-08
0.847,0.629,9,-5.81,1,0.102,0.0318,0.0,0.152,0.109,135.976,255532,4,3X2r2CnHOJeV5YekPTgBnK,Straightenin,62y3BHKehWnb1hlaPclDAA,6oMuImdp5ZcFhWP0ESe6mG,Migos,13641028,75,2021-05-14,day,63,2024-01-08
0.716,0.67,0,-6.995,0,0.101,0.526,0.0,0.13,0.411,145.043,203586,4,4LaGu95Ui2s4vprSQYWUAZ,Bout A Million (feat. 42 Dugg & 21 Savage),62y3BHKehWnb1hlaPclDAA,"0eDvMgVFoNV3TpwtrVCoTj,1URnnhqYAYcrqrcwql10ft,45gHcnDnMC15sgx3VL7ROG","Pop Smoke,21 Savage,42 Dugg","13520053,16213669,983345","79,89,70",2021-07-16,day,62,2024-01-08
0.573,0.867,5,-2.876,0,0.168,0.0853,0.0,0.38,0.231,74.861,339506,4,1TZv3bujNaYz646eezRE91,Seeing Green (with Drake & Lil Wayne),62y3BHKehWnb1hlaPclDAA,"0hCNtLu0JehylgoiP8L4Gh,3TVXtAsR1Inumwj472S9r4,55Aa2cqylxrFIXC767Z865","Nicki Minaj,Drake,Lil Wayne","30496118,83626299,14232381","88,96,85",2021-05-14,day,64,2024-01-08
0.893,0.463,1,-5.301,1,0.36,0.199,0.0,0.318,0.591,81.026,229601,4,67G6iaOw8DZqp1z8STR89R,WHOLE LOTTA MONEY (feat. Nicki Minaj) - Remix,62y3BHKehWnb1hlaPclDAA,"6veh5zbFpm31XsPdjBgPER,0hCNtLu0JehylgoiP8L4Gh","BIA,Nicki Minaj","539969,30496118","68,88",2021-07-09,day,65,2024-01-08
0.95,0.693,9,-3.424,1,0.0898,0.0133,0.0,0.173,0.891,130.02,184635,4,5zNW5ARjYhJQJz1AChP33n,Thot Shit,62y3BHKehWnb1hlaPclDAA,181bsRPaVXVlUKXrxwZfHK,Megan Thee Stallion,8371603,77,2021-06-11,day,68,2024-01-08
0.89,0.701,0,-5.712,0,0.342,0.00306,3.06e-06,0.0895,0.505,80.462,225020,4,4JJcP0Rv9AgyPD6ZGaC8EE,durag activity (with Travis Scott),62y3BHKehWnb1hlaPclDAA,"5SXuuuRpukkTvsLuUknva1,0Y5tJX1MQlPlqiwlOH1tJY","Baby Keem,Travis Scott","1992651,26203362","78,91",2021-04-30,day,62,2024-01-08
0.759,0.538,8,-8.256,0,0.384,0.151,0.0,0.126,0.831,146.933,184490,4,7FGdjbZ32vMybPuP0IuE7d,Back in Blood (feat. Lil Durk),62y3BHKehWnb1hlaPclDAA,"5F1aAS1duwlzExnPs3l2Xe,3hcs9uc56yIGFCSy9leWe7","Pooh Shiesty,Lil Durk","1416868,6859221","68,81",2021-02-05,day,73,2024-01-08
0.752,0.658,0,-6.297,1,0.342,0.0421,0.0,0.0927,0.387,151.951,213520,4,0k7wmahjkn389wAZdz19Cv,Drankin N Smokin,62y3BHKehWnb1hlaPclDAA,"1RyvyyTE3xzB2ZywiAwp0i,4O15NlyKLIASxsJ0PrXPfz","Future,Lil Uzi Vert","15692678,16484624","88,85",2020-11-13,day,73,2024-01-08
0.873,0.575,10,-7.284,0,0.0702,0.0891,0.0,0.108,0.872,103.005,197031,4,4RKJRRd4VJfZWiqQTYsleE,Already Best Friends (feat. Chris Brown),62y3BHKehWnb1hlaPclDAA,"2LIk90788K0zvyj2JJVwkJ,7bXgB6jMjp9ATFy66eO08Z","Jack Harlow,Chris Brown","3376624,20955452","84,86",2020-12-11,day,72,2024-01-08
0.907,0.393,4,-7.636,0,0.0539,0.451,1.35e-06,0.135,0.202,104.949,205458,4,3J8EOeKLTLXORtWPpOU5bE,Calling My Phone,62y3BHKehWnb1hlaPclDAA,"6jGMq4yGs7aQzuGsMgVgZR,4IVAbR2w4JJNJDDRFP3E83","Lil Tjay,6LACK","7762838,4574314","78,72",2021-04-02,day,81,2024-01-08
0.879,0.574,10,-5.602,0,0.391,0.519,8.76e-06,0.144,0.346,144.911,243463,4,03ERnTvSV5fy8WAyvA4uNP,Big Gangsta,62y3BHKehWnb1hlaPclDAA,1gPhS1zisyXr5dHTYZyiMe,Kevin Gates,6040529,71,2021-03-26,day,65,2024-01-08
0.819,0.626,10,-4.574,0,0.202,0.00748,0.101,0.167,0.415,143.01,195906,4,5SWnsxjhdcEDc7LJjq9UHk,Runnin,62y3BHKehWnb1hlaPclDAA,"1URnnhqYAYcrqrcwql10ft,0iEtIxbK0KxaSlF7G42ZOp","21 Savage,Metro Boomin","16213669,6641993","89,87",2020-10-02,day,84,2024-01-08
0.709,0.548,10,-8.493,1,0.353,0.65,1.59e-06,0.133,0.543,83.995,160000,4,1tkg4EHVoqnhR6iFEXb60y,What You Know Bout Love,62y3BHKehWnb1hlaPclDAA,0eDvMgVFoNV3TpwtrVCoTj,Pop Smoke,13520053,79,2020-07-03,day,82,2024-01-08
0.69,0.514,8,-11.81,0,0.328,0.0975,0.497,0.346,0.307,72.791,191209,4,1xqRKo0SDFDO5Jy8yEVD0X,ROLLIN N CONTROLLIN FREESTYLE,62y3BHKehWnb1hlaPclDAA,22hWz22JAmIhIEp0u1X01L,DUSTY LOCANE,418015,59,2020-08-07,day,61,2024-01-08
0.725,0.713,4,-6.173,0,0.187,0.127,0.0,0.617,0.207,65.988,148421,4,2cnKST6T9qUo2i907lm8zX,a m a r i,62y3BHKehWnb1hlaPclDAA,6l3HvQ5sa6mXTsMTB19rO5,J. Cole,22394288,86,2021-05-14,day,76,2024-01-08
0.781,0.726,0,-4.213,1,0.0836,0.0299,0.0,0.093,0.436,139.988,181714,4,26UxwWl9xCb83OynXELJcL,Masterpiece,62y3BHKehWnb1hlaPclDAA,4r63FhuTkUYltbVAg5TQnk,DaBaby,11554890,78,2021-01-15,day,68,2024-01-08
0.77,0.637,1,-5.53,1,0.345,0.103,0.0,0.171,0.431,94.966,383037,4,4FRW5Nza1Ym91BGV4nFWXI,Lemon Pepper Freestyle (feat. Rick Ross),62y3BHKehWnb1hlaPclDAA,"3TVXtAsR1Inumwj472S9r4,1sBkRIssrMs1AbVkOJbc7a","Drake,Rick Ross","83626299,7103142","96,76",2021-03-05,day,68,2024-01-08
0.953,0.621,8,-7.638,0,0.221,0.017,0.0,0.0398,0.883,123.016,152333,4,6755DFiZ7CWe2WMdTGW5C1,Ski,62y3BHKehWnb1hlaPclDAA,"1xr2G8Hlx4QWmT9HaUbmoO,50co4Is1HCEo8bhOyUWKpn,2hlmm7s2ICUX0LVIhVFlZQ","Young Stoner Life,Young Thug,Gunna","136899,9355686,6520604","60,83,84",2021-04-16,day,69,2024-01-08
0.856,0.564,6,-6.295,0,0.392,0.00327,0.0,0.134,0.483,77.972,135960,4,4Iedi94TIaB2GGb1nMB68v,On Me,62y3BHKehWnb1hlaPclDAA,5f7VJjfbwm532GiveGC0ZK,Lil Baby,16366093,86,2020-12-04,day,77,2024-01-08
0.827,0.394,11,-10.073,1,0.559,0.253,0.0,0.12,0.715,157.0,192880,4,5A4WcRuy0FFEAC5pAK43oa,No More Parties - Remix,62y3BHKehWnb1hlaPclDAA,"6AMd49uBDJfhf30Ak2QR5s,3hcs9uc56yIGFCSy9leWe7","Coi Leray,Lil Durk","700715,6859221","73,81",2021-02-19,day,52,2024-01-08
0.565,0.467,5,-7.663,0,0.334,0.365,0.0,0.158,0.46,81.641,221424,1,4gajtLMenMT5vuJRUwzftk,You're Mines Still,62y3BHKehWnb1hlaPclDAA,3KNIG74xSTc3dj0TRy7pGX,Yung Bleu,1459654,63,2020-10-02,day,41,2024-01-08
0.82,0.592,1,-7.002,1,0.29,0.0149,4.71e-06,0.121,0.4,159.98,196180,4,7fEoXCZTZFosUFvFQg1BmW,Took Her To The O,62y3BHKehWnb1hlaPclDAA,6QtgPSJPSzcnn7dPZ4VINp,King Von,3799451,75,2020-03-06,day,82,2024-01-08
0.868,0.638,2,-7.746,1,0.0736,0.146,0.0565,0.0931,0.459,126.03,182857,4,0xUvi7wldroBzaZCengPa5,24 (feat. Lil Baby),62y3BHKehWnb1hlaPclDAA,"3Rx4PJ7SP6unkOk5elPUK7,5f7VJjfbwm532GiveGC0ZK","Money Man,Lil Baby","585351,16366093","68,86",2020-08-21,day,73,2024-01-08
0.926,0.542,1,-5.064,1,0.293,0.135,0.0,0.0877,0.564,135.14,181929,4,6gxKUmycQX7uyMwJcweFjp,We Paid (feat. 42 Dugg),62y3BHKehWnb1hlaPclDAA,"5f7VJjfbwm532GiveGC0ZK,45gHcnDnMC15sgx3VL7ROG","Lil Baby,42 Dugg","16366093,983345","86,70",2020-05-01,day,76,2024-01-08
0.887,0.606,2,-6.572,1,0.324,0.000407,0.0,0.151,0.272,139.995,210699,4,6eVxH9Kyanzrw636zJRPcw,Errbody,62y3BHKehWnb1hlaPclDAA,5f7VJjfbwm532GiveGC0ZK,Lil Baby,16366093,86,2020-12-03,day,59,2024-01-08
0.905,0.647,10,-5.065,0,0.107,0.0187,0.0,0.282,0.367,130.97,190534,4,2r6OAV3WsYtXuXjvJ1lIDi,Hello (feat. A Boogie Wit da Hoodie),62y3BHKehWnb1hlaPclDAA,"0eDvMgVFoNV3TpwtrVCoTj,31W5EY0aAly4Qieq6OFu6I","Pop Smoke,A Boogie Wit da Hoodie","13520053,7919751","79,79",2020-07-20,day,77,2024-01-08
0.913,0.625,10,-6.901,0,0.334,0.0168,0.0,0.125,0.298,126.915,177704,4,13VXVxePp4NUiXwtmQ0viz,Said Sum (feat. City Girls & DaBaby) - Remix,62y3BHKehWnb1hlaPclDAA,"3tJoFztHeIJkJWMrx0td2f,37hAfseJWi0G3Scife12Il,4r63FhuTkUYltbVAg5TQnk","Moneybagg Yo,City Girls,DaBaby","4237863,2463009,11554890","74,64,78",2020-09-18,day,58,2024-01-08
0.877,0.517,2,-5.426,0,0.0706,0.217,0.0,0.143,0.255,119.996,162053,4,5BbdKBZO0TH0GhfxUfyhL9,Freestyle,62y3BHKehWnb1hlaPclDAA,5f7VJjfbwm532GiveGC0ZK,Lil Baby,16366093,86,2017-12-01,day,85,2024-01-08
0.548,0.732,11,-5.652,0,0.336,0.125,0.0,0.269,0.612,142.791,127547,4,792HwhrdO3ErRKL5yRe4Ge,Invincible,62y3BHKehWnb1hlaPclDAA,0eDvMgVFoNV3TpwtrVCoTj,Pop Smoke,13520053,79,2020-02-07,day,80,2024-01-08
0.849,0.536,1,-7.307,1,0.349,0.0239,0.0,0.126,0.308,141.964,122587,4,4Z5FyQlevoHoa5FsIVKZju,PRACTICE,62y3BHKehWnb1hlaPclDAA,4r63FhuTkUYltbVAg5TQnk,DaBaby,11554890,78,2020-08-04,day,63,2024-01-08
0.792,0.793,5,-6.185,0,0.0841,0.0872,0.0,0.22,0.775,123.031,156578,4,3w1WjD2zJqjBjDz5fwqQPJ,Tyler Herro,62y3BHKehWnb1hlaPclDAA,2LIk90788K0zvyj2JJVwkJ,Jack Harlow,3376624,84,2020-12-11,day,79,2024-01-08
0.912,0.608,1,-7.686,1,0.397,0.0458,0.0,0.248,0.327,136.994,136900,4,0YrKSfpvflYnLSBd4Jtu6J,Time Today,62y3BHKehWnb1hlaPclDAA,3tJoFztHeIJkJWMrx0td2f,Moneybagg Yo,4237863,74,2021-04-23,day,74,2024-01-08
0.774,0.412,1,-8.619,1,0.378,0.026,0.0,0.088,0.38,139.943,116760,4,5byWPNSh2hi0ULmDxBgLyV,BIG PURR (Prrdd) (feat. Pooh Shiesty),62y3BHKehWnb1hlaPclDAA,"6AMd49uBDJfhf30Ak2QR5s,5F1aAS1duwlzExnPs3l2Xe","Coi Leray,Pooh Shiesty","700715,1416868","73,68",2021-03-26,day,51,2024-01-08
0.757,0.721,4,-2.906,0,0.0691,0.00196,0.0,0.647,0.364,124.036,165366,4,20GrahbI4AzAOWxpYfDKkf,"I DID IT (feat. Post Malone, Megan Thee Stallion, Lil Baby & DaBaby)",62y3BHKehWnb1hlaPclDAA,"0QHgL1lAIqAw0HtD7YldmP,246dkjvS1zLTtiykXe5h60,4r63FhuTkUYltbVAg5TQnk,181bsRPaVXVlUKXrxwZfHK,5f7VJjfbwm532GiveGC0ZK","DJ Khaled,Post Malone,DaBaby,Megan Thee Stallion,Lil Baby","10860995,43068815,11554890,8371603,16366093","74,87,78,77,86",2021-04-30,day,62,2024-01-08
0.799,0.472,10,-7.382,0,0.19,0.273,0.0,0.11,0.331,133.975,129176,4,55rDa8pEd81hF1gjfxPFS5,So High,62y3BHKehWnb1hlaPclDAA,2jjwU3K1YCFCzDQ9i5rmV3,Jailyn,61,0,2019-10-11,day,0,2024-01-08
0.768,0.62,2,-7.399,1,0.0658,0.139,0.0,0.521,0.589,132.035,225960,4,3mTpegrOwRn0oJjv4TSbEE,Can't Get Enough,62y3BHKehWnb1hlaPclDAA,"6l3HvQ5sa6mXTsMTB19rO5,2iojnBLj0qIMiKPvVhLnsH","J. Cole,Trey Songz","22394288,7381157","86,68",2011-09-27,day,72,2024-01-08
0.529,0.673,0,-4.711,1,0.175,0.000307,2.41e-06,0.093,0.366,165.921,218365,4,3F5CgOj3wFlRv51JsHbxhe,Jimmy Cooks (feat. 21 Savage),62y3BHKehWnb1hlaPclDAA,"3TVXtAsR1Inumwj472S9r4,1URnnhqYAYcrqrcwql10ft","Drake,21 Savage","83626299,16213669","96,89",2022-06-17,day,89,2024-01-08
0.859,0.548,10,-6.59,0,0.197,0.041,0.0,0.204,0.112,127.958,165581,4,1qA7crrPzO702kDZgRAhyk,HOTEL LOBBY (Unc & Phew) - A COLORS SHOW,62y3BHKehWnb1hlaPclDAA,"0VRj0yCOv2FXJNP47XQnx5,3EW0kQ1skZiK1NHg3Spt9J","Quavo,Takeoff","7128651,1651428","77,69",2022-06-18,day,66,2024-01-08
0.883,0.657,8,-5.748,1,0.305,0.0603,0.0,0.128,0.284,124.992,172933,4,1qMMYpVatbRITKCfq1gasi,PUFFIN ON ZOOTIEZ,62y3BHKehWnb1hlaPclDAA,1RyvyyTE3xzB2ZywiAwp0i,Future,15692678,88,2022-04-29,day,82,2024-01-08
0.821,0.636,11,-4.479,1,0.169,0.142,0.0,0.233,0.163,127.961,142657,4,0QNNd0qMCDbraS1nQPg3aA,HOTEL LOBBY (Unc & Phew),62y3BHKehWnb1hlaPclDAA,"0VRj0yCOv2FXJNP47XQnx5,3EW0kQ1skZiK1NHg3Spt9J","Quavo,Takeoff","7128651,1651428","77,69",2022-05-20,day,73,2024-01-08
0.71,0.522,11,-9.102,1,0.36,0.615,0.0,0.11,0.37,96.448,309327,4,3EMp20j5E42MxfFbsEsIvD,Churchill Downs (feat. Drake),62y3BHKehWnb1hlaPclDAA,"2LIk90788K0zvyj2JJVwkJ,3TVXtAsR1Inumwj472S9r4","Jack Harlow,Drake","3376624,83626299","84,96",2022-05-06,day,72,2024-01-08
0.852,0.421,10,-9.153,0,0.208,0.428,2.28e-06,0.106,0.457,95.977,202285,4,1QPreu0BNOrUfEb8HTd2qG,Rich Spirit,62y3BHKehWnb1hlaPclDAA,2YZyLoL8N0Wb9xBt1NhZWg,Kendrick Lamar,26526500,87,2022-05-13,day,77,2024-01-08
0.911,0.573,2,-5.573,1,0.163,0.0112,5.83e-05,0.131,0.145,144.026,271840,4,0AAVJIN4plafvmNKqRCltG,I'M DAT N****,62y3BHKehWnb1hlaPclDAA,1RyvyyTE3xzB2ZywiAwp0i,Future,15692678,88,2022-04-29,day,65,2024-01-08
0.773,0.707,11,-5.71,1,0.0568,0.0103,1.04e-05,0.296,0.113,76.977,236187,4,6wyhUr4Xw8z5uSy0AhoZfU,I'M ON ONE (feat. Drake),62y3BHKehWnb1hlaPclDAA,"1RyvyyTE3xzB2ZywiAwp0i,3TVXtAsR1Inumwj472S9r4","Future,Drake","15692678,83626299","88,96",2022-04-29,day,68,2024-01-08
0.833,0.652,11,-6.942,1,0.0762,0.00161,0.0985,0.106,0.405,158.022,135053,4,0LnS7aOdOdI1dNKZqdOLz4,Dua Lipa,62y3BHKehWnb1hlaPclDAA,2LIk90788K0zvyj2JJVwkJ,Jack Harlow,3376624,84,2022-05-06,day,72,2024-01-08
0.824,0.583,1,-6.537,1,0.147,0.00253,0.0,0.266,0.154,147.496,235501,4,0b7UwotRCrS7qBoLDjfvSY,U-Digg (feat. 42 Dugg & Veeze),62y3BHKehWnb1hlaPclDAA,"5f7VJjfbwm532GiveGC0ZK,45gHcnDnMC15sgx3VL7ROG,0B3kMiB21aPQlKumGDr4c7","Lil Baby,42 Dugg,Veeze","16366093,983345,127567","86,70,63",2022-06-17,day,62,2024-01-08
0.878,0.685,9,-5.28,1,0.225,0.00152,0.0,0.0753,0.523,157.003,211649,4,3uJFmluXzYedoJcvhpC1AW,Hot Shit (feat. Ye & Lil Durk),62y3BHKehWnb1hlaPclDAA,"4kYSro6naA4h99UJvo89HB,5K4W6rqBFWDnAN6FQUkS6x,3hcs9uc56yIGFCSy9leWe7","Cardi B,Kanye West,Lil Durk","22993357,22986248,6859221","78,91,81",2022-07-01,day,65,2024-01-08
0.643,0.605,4,-5.968,0,0.297,0.0336,0.0,0.112,0.145,84.216,200471,4,3ihIZrJreMJPjQdNLrEXnP,In A Minute,62y3BHKehWnb1hlaPclDAA,5f7VJjfbwm532GiveGC0ZK,Lil Baby,16366093,86,2022-04-07,day,67,2024-01-08
0.672,0.58,2,-5.66,1,0.234,0.0934,0.0,0.103,0.116,111.55,177731,3,5gcsJvWzuPMeJBQYdiO0RS,Step 1 (with Offset),62y3BHKehWnb1hlaPclDAA,"7FOQfJbC3e4GNoheojERnF,4DdkRBBYG6Yk9Ka8tdJ9BW","SleazyWorld Go,Offset","302140,3501668","63,79",2022-06-17,day,55,2024-01-08
0.824,0.577,2,-9.443,1,0.357,0.0109,0.0,0.107,0.442,154.081,159927,4,0VlpgNPHWCyh8xxLcaK2fp,Petty Too (feat. Future),62y3BHKehWnb1hlaPclDAA,"3hcs9uc56yIGFCSy9leWe7,1RyvyyTE3xzB2ZywiAwp0i","Lil Durk,Future","6859221,15692678","81,88",2022-03-11,day,65,2024-01-08
0.514,0.65,6,-8.867,1,0.499,0.138,0.0,0.103,0.236,127.428,179149,5,19n0UZuW8AArMVWNztoXu9,Frozen,62y3BHKehWnb1hlaPclDAA,5f7VJjfbwm532GiveGC0ZK,Lil Baby,16366093,86,2022-04-28,day,60,2024-01-08
0.789,0.71,5,-6.165,0,0.0681,0.128,0.0,0.112,0.188,138.033,183187,4,32ny2YtiR7zKi7PBjiQ5Iy,Real Talk,62y3BHKehWnb1hlaPclDAA,757aE44tKEUQEqRuT6GnEB,Roddy Ricch,10179420,76,2022-06-24,day,56,2024-01-08
0.718,0.607,5,-7.307,0,0.185,0.00227,1.32e-06,0.299,0.499,144.93,226362,4,5tLdDm1cVYAH2kk7TyjmdW,Thump Shit,62y3BHKehWnb1hlaPclDAA,"45gHcnDnMC15sgx3VL7ROG,4FlG0V0jhLO4qGpayFOphj","42 Dugg,EST Gee","983345,520190","70,65",2022-04-08,day,60,2024-01-08
0.801,0.601,8,-7.574,0,0.255,0.0777,3.23e-05,0.145,0.74,159.969,182907,4,0hquQWY3xvYqN4qtiquniF,Vegas (From the Original Motion Picture Soundtrack ELVIS),62y3BHKehWnb1hlaPclDAA,5cj0lLjcoR7YOSnhnX0Po5,Doja Cat,28123408,87,2022-05-06,day,80,2024-01-08
0.883,0.599,11,-5.551,1,0.248,0.0177,0.0,0.179,0.413,142.976,183011,4,6kK6Tz8esTt3pqSaNiM1qB,Woah,62y3BHKehWnb1hlaPclDAA,5f7VJjfbwm532GiveGC0ZK,Lil Baby,16366093,86,2020-10-01,day,51,2024-01-08
0.785,0.652,0,-2.607,1,0.0668,0.102,0.0,0.0697,0.484,170.024,203093,4,7f5trao56t7sB7f14QDTmp,Juicy,62y3BHKehWnb1hlaPclDAA,"5cj0lLjcoR7YOSnhnX0Po5,5LHRHt1k9lMyONurDHEdrp","Doja Cat,Tyga","28123408,6848796","87,78",2019-11-07,day,72,2024-01-08
0.688,0.716,7,-5.702,1,0.0385,0.0969,0.0,0.0989,0.373,116.912,284480,3,3aA6xB0tOilDDX17fIJ0Bl,Freak,62y3BHKehWnb1hlaPclDAA,5cj0lLjcoR7YOSnhnX0Po5,Doja Cat,28123408,87,2020-08-07,day,71,2024-01-08
0.912,0.655,8,-6.029,0,0.162,0.315,3.39e-05,0.0894,0.793,91.942,138293,4,0W6I02J9xcqK8MtSeosEXb,Get Into It (Yuh),62y3BHKehWnb1hlaPclDAA,5cj0lLjcoR7YOSnhnX0Po5,Doja Cat,28123408,87,2021-06-25,day,78,2024-01-08
0.877,0.444,8,-7.547,1,0.172,0.24,0.0,0.169,0.658,129.06,165527,4,1cEhrSF6EylAEqdhUGuNpX,LET IT GO (feat. Justin Bieber & 21 Savage),62y3BHKehWnb1hlaPclDAA,"0QHgL1lAIqAw0HtD7YldmP,1URnnhqYAYcrqrcwql10ft,1uNFoZAHBGtllmzznpCI3s","DJ Khaled,21 Savage,Justin Bieber","10860995,16213669,74461349","74,89,89",2021-04-30,day,62,2024-01-08
0.786,0.637,2,-6.608,1,0.338,0.037,0.0,0.316,0.426,79.986,231085,4,6Bl1k7SZTP5gkfLPjkIwtx,"Steppers (with Yo Gotti, Moneybagg Yo, 42 Dugg feat. EST Gee, Mozzy, Blac Youngsta, CMG The Label)",62y3BHKehWnb1hlaPclDAA,"6Ha4aES39QiVjR0L2lwuwq,3tJoFztHeIJkJWMrx0td2f,45gHcnDnMC15sgx3VL7ROG,4FlG0V0jhLO4qGpayFOphj,4AA474G2hRfrHyGrfyDseO,41klVmDluQZmGGqoidNfbe,3rO1KMi81CCLjSjkImNtrA","Yo Gotti,Moneybagg Yo,42 Dugg,EST Gee,Mozzy,Blac Youngsta,CMG The Label","4353152,4237863,983345,520190,773088,1652350,9712","64,74,70,65,61,49,54",2022-07-07,day,52,2024-01-08
0.869,0.298,2,-12.076,1,0.386,0.2,0.0,0.0753,0.178,77.47,161355,4,5cx7vkF8BQ0iOsVpfvZbnz,Sleazy Flow (with Lil Baby) - Remix,62y3BHKehWnb1hlaPclDAA,"7FOQfJbC3e4GNoheojERnF,5f7VJjfbwm532GiveGC0ZK","SleazyWorld Go,Lil Baby","302140,16366093","63,86",2022-05-26,day,68,2024-01-08
0.936,0.497,1,-7.185,1,0.41,0.0324,0.0,0.111,0.364,138.016,146732,4,30vAfL9Wyu2fu07vdbZ1Xt,See Wat I’m Sayin,62y3BHKehWnb1hlaPclDAA,"3tJoFztHeIJkJWMrx0td2f,3rO1KMi81CCLjSjkImNtrA","Moneybagg Yo,CMG The Label","4237863,9712","74,54",2022-05-27,day,62,2024-01-08
0.629,0.608,2,-7.247,0,0.0771,0.0724,0.0,0.0874,0.413,103.021,221893,4,00I0pcNkN3IOX3fsYbaB4N,Infatuation,62y3BHKehWnb1hlaPclDAA,3EW0kQ1skZiK1NHg3Spt9J,Takeoff,1651428,69,2018-11-02,day,58,2024-01-08
0.794,0.766,9,-3.894,0,0.0377,0.0135,0.0,0.0785,0.55,127.006,195873,4,7FAFkQQZFeNwOFzTrSDFIh,The Spins,62y3BHKehWnb1hlaPclDAA,4LLpKhyESsyAXpc4laK94U,Mac Miller,9922860,81,2010-08-13,day,83,2024-01-08
0.681,0.63,1,-5.585,1,0.0385,0.00383,0.0,0.139,0.183,151.951,161053,4,3J4VKkUpLvomXJbn9ZAypO,Sharing Locations (feat. Lil Baby & Lil Durk),62y3BHKehWnb1hlaPclDAA,"20sxb77xiYeusSH8cVdatc,3hcs9uc56yIGFCSy9leWe7,5f7VJjfbwm532GiveGC0ZK","Meek Mill,Lil Durk,Lil Baby","7704881,6859221,16366093","73,81,86",2021-08-27,day,64,2024-01-08
0.823,0.443,2,-8.539,1,0.329,0.0768,0.0,0.156,0.389,140.048,193515,4,4i8qEsqa426Ctz6KRno3dA,Twerksum,62y3BHKehWnb1hlaPclDAA,5F1aAS1duwlzExnPs3l2Xe,Pooh Shiesty,1416868,68,2020-09-10,day,47,2024-01-08
0.709,0.676,9,-7.369,1,0.329,0.162,0.0,0.349,0.68,144.067,205460,4,5X2I1TVUkchLBggRTCMYem,Slayerr,62y3BHKehWnb1hlaPclDAA,"5RMUeKq0dZxg9RHE1f0B9P,4O15NlyKLIASxsJ0PrXPfz","Tm88,Lil Uzi Vert","94207,16484624","40,85",2019-06-21,day,54,2024-01-08
0.882,0.602,11,-5.554,1,0.245,0.0177,0.0,0.178,0.43,142.959,183011,4,598yNsG1JFrGd4n2kMoz7F,Woah,62y3BHKehWnb1hlaPclDAA,5f7VJjfbwm532GiveGC0ZK,Lil Baby,16366093,86,2019-11-08,day,65,2024-01-08
0.749,0.63,4,-6.652,0,0.116,0.0623,0.0,0.353,0.445,122.03,242027,4,2KLwPaRDOB87XOYAT2fgxh,Pussy & Millions (feat. Travis Scott),62y3BHKehWnb1hlaPclDAA,"3TVXtAsR1Inumwj472S9r4,1URnnhqYAYcrqrcwql10ft,0Y5tJX1MQlPlqiwlOH1tJY","Drake,21 Savage,Travis Scott","83626299,16213669,26203362","96,89,91",2022-11-04,day,79,2024-01-08
0.486,0.545,11,-7.924,1,0.0336,0.0652,0.00474,0.0642,0.0385,150.187,123891,4,4FyesJzVpA39hbYvcseO2d,Just Wanna Rock,62y3BHKehWnb1hlaPclDAA,4O15NlyKLIASxsJ0PrXPfz,Lil Uzi Vert,16484624,85,2022-10-17,day,81,2024-01-08
0.718,0.461,4,-7.676,0,0.0797,0.068,0.0,0.283,0.181,129.953,178176,4,0g2Bbgy7P41pFjMWJuzsf4,STAYING ALIVE (feat. Drake & Lil Baby),62y3BHKehWnb1hlaPclDAA,"0QHgL1lAIqAw0HtD7YldmP,3TVXtAsR1Inumwj472S9r4,5f7VJjfbwm532GiveGC0ZK","DJ Khaled,Drake,Lil Baby","10860995,83626299,16366093","74,96,86",2022-08-05,day,67,2024-01-08
0.79,0.67,1,-5.527,1,0.105,0.377,2.32e-06,0.119,0.408,139.956,195950,4,0fX4oNGBWO3dSGUZcVdVV2,N95,62y3BHKehWnb1hlaPclDAA,2YZyLoL8N0Wb9xBt1NhZWg,Kendrick Lamar,26526500,87,2022-05-13,day,81,2024-01-08
0.726,0.508,1,-7.67,1,0.0869,0.00124,0.0,0.204,0.173,149.979,216013,4,6x3gud5JkOSGYJpRUYN1Gg,Us vs. Them (feat. Gucci Mane),62y3BHKehWnb1hlaPclDAA,"0VRj0yCOv2FXJNP47XQnx5,3EW0kQ1skZiK1NHg3Spt9J,13y7CgLHjMVRMDqxdx0Xdo","Quavo,Takeoff,Gucci Mane","7128651,1651428,5220799","77,69,76",2022-07-29,day,57,2024-01-08
0.819,0.651,1,-5.829,1,0.169,0.00639,0.0,0.122,0.501,139.957,185786,4,3GdWfmQBiiJrDUvSZS1bGv,Never Sleep (with Lil Baby feat. Travis Scott),62y3BHKehWnb1hlaPclDAA,"7rkW85dBwwrJtlHRDkJDAC,5f7VJjfbwm532GiveGC0ZK,0Y5tJX1MQlPlqiwlOH1tJY","NAV,Lil Baby,Travis Scott","3426047,16366093,26203362","72,86,91",2022-07-29,day,67,2024-01-08
0.66,0.373,11,-10.234,1,0.595,0.149,0.0,0.106,0.35,167.912,151776,4,2TSfStvlAMLw89u3tali79,Dah Dah DahDah,62y3BHKehWnb1hlaPclDAA,0Njy6yR9LykNKYg9yE23QN,Nardo Wick,977404,67,2022-07-22,day,74,2024-01-08
0.899,0.582,11,-7.275,0,0.264,0.0395,0.0,0.1,0.505,149.973,283196,4,4wRJHXHDJnKSPr9IVn0BFR,To The Bone (feat. YoungBoy Never Broke Again),62y3BHKehWnb1hlaPclDAA,"0VRj0yCOv2FXJNP47XQnx5,3EW0kQ1skZiK1NHg3Spt9J,7wlFDEWiM5OoIAt8RSli8b","Quavo,Takeoff,YoungBoy Never Broke Again","7128651,1651428,12248282","77,69,82",2022-10-07,day,68,2024-01-08
0.817,0.512,8,-6.943,1,0.0984,0.037,0.0,0.216,0.17,130.04,166039,4,3wspfG772mi1c25JpnNOVP,Walk,62y3BHKehWnb1hlaPclDAA,46SHBwWsqBkxI7EeeBEQG7,Kodak Black,10072386,80,2022-09-16,day,65,2024-01-08
0.825,0.414,2,-6.634,1,0.144,0.00265,0.0,0.357,0.106,72.993,200548,4,4A8cWXxKfIL3lAyUDzXbCF,Super Gremlin,62y3BHKehWnb1hlaPclDAA,46SHBwWsqBkxI7EeeBEQG7,Kodak Black,10072386,80,2021-10-30,day,73,2024-01-08
0.496,0.7,1,-5.199,0,0.284,0.0197,0.0,0.103,0.464,107.711,173783,3,6pr7X9UZCDn8CruopaNVha,BIG TIME (feat. Future & Lil Baby),62y3BHKehWnb1hlaPclDAA,"0QHgL1lAIqAw0HtD7YldmP,1RyvyyTE3xzB2ZywiAwp0i,5f7VJjfbwm532GiveGC0ZK","DJ Khaled,Future,Lil Baby","10860995,15692678,16366093","74,88,86",2022-08-26,day,55,2024-01-08
0.773,0.422,1,-4.572,0,0.187,0.00783,0.00693,0.129,0.488,77.502,136267,1,3XOalgusokruzA5ZBA2Qcb,pushin P (feat. Young Thug),62y3BHKehWnb1hlaPclDAA,"2hlmm7s2ICUX0LVIhVFlZQ,1RyvyyTE3xzB2ZywiAwp0i,50co4Is1HCEo8bhOyUWKpn","Gunna,Future,Young Thug","6520604,15692678,9355686","84,88,83",2022-01-13,day,76,2024-01-08
0.739,0.74,5,-5.86,0,0.333,0.0045,0.0,0.161,0.488,75.575,279853,4,4yNoUQkYf1QF8iYlEzNynH,"Who Want Smoke?? (feat. G Herbo, Lil Durk & 21 Savage)",62y3BHKehWnb1hlaPclDAA,"0Njy6yR9LykNKYg9yE23QN,5QdEbQJ3ylBnc3gsIASAT5,3hcs9uc56yIGFCSy9leWe7,1URnnhqYAYcrqrcwql10ft","Nardo Wick,G Herbo,Lil Durk,21 Savage","977404,2002907,6859221,16213669","67,69,81,89",2021-10-08,day,68,2024-01-08
0.753,0.777,11,-5.701,0,0.32,0.0725,0.000714,0.125,0.669,157.148,171453,4,3zpGLSQ8QbbUnNjweWPLMD,Doja,62y3BHKehWnb1hlaPclDAA,"5IbEL2xjRtKsunfmsahLuO,13ubrt8QOOCPljQ2FL1Kca","$NOT,A$AP Rocky","1461350,13299639","67,81",2022-02-04,day,59,2024-01-08
0.849,0.424,5,-9.579,0,0.324,0.0635,0.0,0.0834,0.153,145.887,242966,4,2BcMwX1MPV6ZHP4tUT9uq6,Knife Talk (with 21 Savage ft. Project Pat),62y3BHKehWnb1hlaPclDAA,"3TVXtAsR1Inumwj472S9r4,1URnnhqYAYcrqrcwql10ft,08Ld63UgKrJ0nZnCkzHtzc","Drake,21 Savage,Project Pat","83626299,16213669,795767","96,89,66",2021-09-03,day,83,2024-01-08
0.947,0.605,10,-8.621,0,0.346,0.0748,7.54e-06,0.0901,0.656,129.988,133613,4,6BczFLHW9aIf9aWn5NFuNL,Don't Play That,62y3BHKehWnb1hlaPclDAA,"6QtgPSJPSzcnn7dPZ4VINp,1URnnhqYAYcrqrcwql10ft","King Von,21 Savage","3799451,16213669","75,89",2022-02-04,day,62,2024-01-08
0.744,0.608,2,-6.386,1,0.0442,0.0295,0.0,0.397,0.0692,130.045,221538,4,6OrTKLtcF7EBayOV2QqkSK,Hold That Heat (feat. Travis Scott),62y3BHKehWnb1hlaPclDAA,"23DYJsw4uSCguIqiTIDtcN,1RyvyyTE3xzB2ZywiAwp0i,0Y5tJX1MQlPlqiwlOH1tJY","Southside,Future,Travis Scott","98908,15692678,26203362","59,88,91",2022-04-22,day,65,2024-01-08
0.677,0.558,8,-7.681,1,0.177,0.167,0.0,0.365,0.384,144.485,200426,4,02WDt2eCNOU2mt0DF5w678,Heavy (with Lil Uzi Vert),62y3BHKehWnb1hlaPclDAA,"2rAnv6brcXaglLZBB4XXEn,4O15NlyKLIASxsJ0PrXPfz","Nigo,Lil Uzi Vert","79603,16484624","52,85",2022-03-18,day,51,2024-01-08
0.671,0.857,7,-5.435,1,0.292,0.266,0.0,0.668,0.597,118.574,309323,4,1BzXvBpIFWJgu0P8P6xmP4,Stick (with JID & J. Cole feat. Kenny Mason & Sheck Wes),62y3BHKehWnb1hlaPclDAA,"1iNqsUDUraNWrj00bqssQG,6U3ybJ9UHNKEdsH7ktGBZ7,6l3HvQ5sa6mXTsMTB19rO5,4mwdnO2jZrMmMVrjcHsZBv,2RDOrhPqAM4jzTRCEb19qX","Dreamville,JID,J. Cole,Kenny Mason,Sheck Wes","608984,1518821,22394288,153536,1545353","66,78,86,59,62",2022-03-31,day,66,2024-01-08
0.824,0.667,10,-6.603,0,0.0814,0.00321,2.65e-06,0.0956,0.305,82.037,207933,4,7HCX1Ch3mklJyEdpwPZBFW,FOR A NUT (feat. Gunna & Young Thug),62y3BHKehWnb1hlaPclDAA,"1RyvyyTE3xzB2ZywiAwp0i,2hlmm7s2ICUX0LVIhVFlZQ,50co4Is1HCEo8bhOyUWKpn","Future,Gunna,Young Thug","15692678,6520604,9355686","88,84,83",2022-04-29,day,53,2024-01-08
0.784,0.601,5,-6.472,0,0.118,0.0155,0.0,0.122,0.22,156.0,197133,4,3A3S5pdCJdePtJ0oKeCrCP,too easy (Remix) [feat. Future & Roddy Ricch],62y3BHKehWnb1hlaPclDAA,"2hlmm7s2ICUX0LVIhVFlZQ,1RyvyyTE3xzB2ZywiAwp0i,757aE44tKEUQEqRuT6GnEB","Gunna,Future,Roddy Ricch","6520604,15692678,10179420","84,88,76",2022-01-13,day,55,2024-01-08
0.825,0.234,9,-14.202,1,0.495,0.235,9.54e-06,0.0696,0.18,77.487,111484,4,5mt882Eqx22RwFOTE01jS8,Sleazy Flow,62y3BHKehWnb1hlaPclDAA,7FOQfJbC3e4GNoheojERnF,SleazyWorld Go,302140,63,2021-10-15,day,71,2024-01-08
0.534,0.573,1,-6.757,1,0.414,0.00926,0.0,0.136,0.373,160.333,225533,4,2HHLfzE7PkljuqyYU4vwmh,Me or Sum (feat. Future & Lil Baby),62y3BHKehWnb1hlaPclDAA,"0Njy6yR9LykNKYg9yE23QN,1RyvyyTE3xzB2ZywiAwp0i,5f7VJjfbwm532GiveGC0ZK","Nardo Wick,Future,Lil Baby","977404,15692678,16366093","67,88,86",2021-12-03,day,69,2024-01-08
0.575,0.56,5,-7.302,1,0.478,0.173,0.0,0.257,0.471,75.956,229938,4,1udwFobQ1JoOdWPQrp2b6u,Surround Sound (feat. 21 Savage & Baby Tate),62y3BHKehWnb1hlaPclDAA,"6U3ybJ9UHNKEdsH7ktGBZ7,1URnnhqYAYcrqrcwql10ft,3IJ21966TwNZI24MwZHMu4","JID,21 Savage,Baby Tate","1518821,16213669,421574","78,89,73",2022-10-31,day,93,2024-01-08
0.767,0.438,7,-8.726,0,0.29,0.181,0.0,0.142,0.381,86.975,221980,4,37Nqx7iavZpotJSDXZWbJ3,Girls Want Girls (with Lil Baby),188Wx91EDrfn4HnJFEBRO5,"3TVXtAsR1Inumwj472S9r4,5f7VJjfbwm532GiveGC0ZK","Drake,Lil Baby","83626299,16366093","96,86",2021-09-03,day,79,2024-01-08
0.861,0.656,4,-7.867,0,0.425,0.104,0.0,0.0986,0.331,88.967,218210,4,5W8jRrZ6tWrTrqnKRtIQBf,p r i d e . i s . t h e . d e v i l (with Lil Baby),188Wx91EDrfn4HnJFEBRO5,"6l3HvQ5sa6mXTsMTB19rO5,5f7VJjfbwm532GiveGC0ZK","J. Cole,Lil Baby","22394288,16366093","86,86",2021-05-14,day,76,2024-01-08
0.817,0.556,4,-7.178,0,0.14,0.469,0.0,0.131,0.314,126.991,166368,4,55WLWX71YkHt2tSucNIf1g,Sold Out Dates (feat. Lil Baby),188Wx91EDrfn4HnJFEBRO5,"2hlmm7s2ICUX0LVIhVFlZQ,5f7VJjfbwm532GiveGC0ZK","Gunna,Lil Baby","6520604,16366093","84,86",2018-04-16,day,71,2024-01-08
0.676,0.578,10,-4.669,0,0.375,0.0509,0.0,0.0796,0.698,158.896,203881,4,5nzhL67GpF9szXWg5y509A,Close Friends (Lil Baby & Gunna),188Wx91EDrfn4HnJFEBRO5,5f7VJjfbwm532GiveGC0ZK,Lil Baby,16366093,86,2018-10-05,day,76,2024-01-08
0.716,0.541,1,-7.909,1,0.149,0.0021,0.0,0.115,0.387,139.978,247055,4,2bSk87AVkCIIC3Bcligq1z,Life Goes On,188Wx91EDrfn4HnJFEBRO5,"5f7VJjfbwm532GiveGC0ZK,2hlmm7s2ICUX0LVIhVFlZQ,4O15NlyKLIASxsJ0PrXPfz","Lil Baby,Gunna,Lil Uzi Vert","16366093,6520604,16484624","86,84,85",2018-05-18,day,79,2024-01-08
0.97,0.463,10,-7.259,1,0.366,0.0957,0.0,0.151,0.46,108.003,142417,4,5MPPttjfGap2C6j6eKcO6J,Baby (Lil Baby feat. DaBaby),188Wx91EDrfn4HnJFEBRO5,"6i392l38cR3uBPF0DbNs7S,5f7VJjfbwm532GiveGC0ZK,4r63FhuTkUYltbVAg5TQnk","Quality Control,Lil Baby,DaBaby","1316469,16366093,11554890","64,86,78",2019-08-16,day,78,2024-01-08
0.585,0.641,6,-4.269,0,0.133,0.0286,0.0,0.316,0.266,88.284,197530,4,7ge7BHazYbVKi8qyZUX1Bm,Emotionally Scarred,188Wx91EDrfn4HnJFEBRO5,5f7VJjfbwm532GiveGC0ZK,Lil Baby,16366093,86,2020-02-28,day,72,2024-01-08
0.532,0.572,1,-6.794,1,0.421,0.00984,0.0,0.143,0.369,160.517,225664,4,1qlh1WxuWilyIWRwdsKMuJ,Me or Sum (feat. Future & Lil Baby),188Wx91EDrfn4HnJFEBRO5,"0Njy6yR9LykNKYg9yE23QN,1RyvyyTE3xzB2ZywiAwp0i,5f7VJjfbwm532GiveGC0ZK","Nardo Wick,Future,Lil Baby","977404,15692678,16366093","67,88,86",2021-11-29,day,63,2024-01-08
0.92,0.458,5,-5.643,0,0.315,0.0171,0.0,0.107,0.403,132.992,159755,4,39RWYLt6hgk9BbhkDgaHW9,Crush A Lot,188Wx91EDrfn4HnJFEBRO5,5f7VJjfbwm532GiveGC0ZK,Lil Baby,16366093,86,2018-11-30,day,62,2024-01-08
0.793,0.395,1,-5.578,1,0.385,0.277,1.4e-05,0.109,0.129,77.027,213287,4,4F6yN5FsFW10Ucx7cLCzBh,Ready (feat. Gunna),188Wx91EDrfn4HnJFEBRO5,"5f7VJjfbwm532GiveGC0ZK,2hlmm7s2ICUX0LVIhVFlZQ","Lil Baby,Gunna","16366093,6520604","86,84",2018-11-30,day,75,2024-01-08
0.888,0.432,10,-9.275,0,0.0934,0.0562,0.0,0.112,0.173,99.965,172986,4,52i143Ph5c3RQaQFBXWix1,Word On The Street,188Wx91EDrfn4HnJFEBRO5,5f7VJjfbwm532GiveGC0ZK,Lil Baby,16366093,86,2018-11-30,day,58,2024-01-08
0.736,0.519,0,-6.111,0,0.379,0.219,0.0,0.143,0.677,139.966,206524,4,6XeZ32B9HbV6ZrU6NTR2iM,Section 8 (feat. Young Thug),188Wx91EDrfn4HnJFEBRO5,"5f7VJjfbwm532GiveGC0ZK,50co4Is1HCEo8bhOyUWKpn","Lil Baby,Young Thug","16366093,9355686","86,83",2018-11-30,day,51,2024-01-08
0.823,0.552,4,-7.57,0,0.324,0.0174,0.0,0.122,0.418,124.038,205760,4,2u3EyuCqqV31woqGvO9LBz,Sum 2 Prove,188Wx91EDrfn4HnJFEBRO5,5f7VJjfbwm532GiveGC0ZK,Lil Baby,16366093,86,2020-01-10,day,70,2024-01-08
0.406,0.516,11,-10.899,0,0.392,0.0162,0.0,0.245,0.335,174.237,193960,5,0uQzOOq3aC9mszrmLLYoU3,Money Forever,188Wx91EDrfn4HnJFEBRO5,"5f7VJjfbwm532GiveGC0ZK,2hlmm7s2ICUX0LVIhVFlZQ","Lil Baby,Gunna","16366093,6520604","86,84",2017-12-01,day,57,2024-01-08
0.798,0.574,1,-6.548,1,0.157,0.024,0.0,0.122,0.309,155.964,138587,4,4eL3XeuGaEoVT8ttDh3hwY,too easy,188Wx91EDrfn4HnJFEBRO5,"2hlmm7s2ICUX0LVIhVFlZQ,1RyvyyTE3xzB2ZywiAwp0i","Gunna,Future","6520604,15692678","84,88",2021-09-24,day,59,2024-01-08
0.825,0.458,0,-7.47,1,0.0577,0.114,0.0,0.102,0.161,145.115,197760,4,3nS9a01VvXHQriLqJYwRqG,DOLLAZ ON MY HEAD (feat. Young Thug),188Wx91EDrfn4HnJFEBRO5,"2hlmm7s2ICUX0LVIhVFlZQ,50co4Is1HCEo8bhOyUWKpn","Gunna,Young Thug","6520604,9355686","84,83",2020-05-22,day,73,2024-01-08
0.916,0.756,0,-7.653,1,0.188,0.0942,0.0,0.23,0.756,115.69,151539,4,7KVPsVMOK3NL7subwJ0dZj,Who You Foolin,188Wx91EDrfn4HnJFEBRO5,2hlmm7s2ICUX0LVIhVFlZQ,Gunna,6520604,84,2019-02-22,day,74,2024-01-08
0.952,0.478,5,-8.52,0,0.361,0.774,0.0,0.112,0.568,118.008,126168,4,6ZthdsKjWtiCxnxbhs74vF,Drip or Drown,188Wx91EDrfn4HnJFEBRO5,2hlmm7s2ICUX0LVIhVFlZQ,Gunna,6520604,84,2017-11-30,day,79,2024-01-08
0.851,0.703,4,-7.351,0,0.303,0.00949,2.57e-05,0.0895,0.596,74.017,242600,4,7uZqvqXzzYMKrexKxdcGmd,Diamonds Dancing (feat. Travis Scott),188Wx91EDrfn4HnJFEBRO5,"1xr2G8Hlx4QWmT9HaUbmoO,50co4Is1HCEo8bhOyUWKpn,2hlmm7s2ICUX0LVIhVFlZQ,0Y5tJX1MQlPlqiwlOH1tJY","Young Stoner Life,Young Thug,Gunna,Travis Scott","136899,9355686,6520604,26203362","60,83,84,91",2021-04-16,day,60,2024-01-08
0.755,0.487,7,-9.148,0,0.299,0.0715,0.0,0.0984,0.339,151.063,183160,4,7BjDcHQ6aKuVDjfiNFzk3I,"Really Be Slime (feat. YNW Melly, Bslime & FN DaDealer)",188Wx91EDrfn4HnJFEBRO5,"1xr2G8Hlx4QWmT9HaUbmoO,1bqJuNMz1iBqWo9B0BdIiM,2EnD37GNRe2REqHBKqMnZQ,1cNDP5yjU5vjeR8qMf4grg","Young Stoner Life,FN DaDealer,Bslime,YNW Melly","136899,17299,11734,9987188","60,34,40,72",2021-04-16,day,40,2024-01-08
0.872,0.375,1,-9.598,0,0.0949,0.0332,0.0,0.283,0.548,120.05,200253,4,5hTVyxGfOKyBYhY8fgIIzT,Moon Man (feat. Strick & Kid Cudi),188Wx91EDrfn4HnJFEBRO5,"1xr2G8Hlx4QWmT9HaUbmoO,50co4Is1HCEo8bhOyUWKpn,2WInxWtfee6mRhUQUmIRAH,0fA0VVWsXO9YnASrzqfmYu","Young Stoner Life,Young Thug,Strick,Kid Cudi","136899,9355686,38328,6788413","60,83,39,79",2021-04-16,day,45,2024-01-08
0.821,0.636,7,-6.038,0,0.0899,0.288,0.0,0.104,0.4,142.008,162268,4,7roKDmJDOzkpfGpUQJ5EnL,Business Is Business (Lil Baby & Gunna),188Wx91EDrfn4HnJFEBRO5,"5f7VJjfbwm532GiveGC0ZK,2hlmm7s2ICUX0LVIhVFlZQ","Lil Baby,Gunna","16366093,6520604","86,84",2018-10-05,day,60,2024-01-08
0.658,0.535,11,-8.197,1,0.515,0.257,0.0,0.0981,0.395,150.055,174662,4,16QjPRt5HYK0dnLGmGRCvf,Deep End (Lil Baby & Gunna),188Wx91EDrfn4HnJFEBRO5,5f7VJjfbwm532GiveGC0ZK,Lil Baby,16366093,86,2018-10-05,day,53,2024-01-08
0.887,0.455,1,-5.948,1,0.444,0.697,0.0,0.101,0.655,124.959,186480,4,5diN5Ht0cc3B7iAbYde8i3,Spending Addiction,188Wx91EDrfn4HnJFEBRO5,2hlmm7s2ICUX0LVIhVFlZQ,Gunna,6520604,84,2018-02-02,day,60,2024-01-08
0.912,0.587,7,-7.395,1,0.0582,0.0394,0.01,0.111,0.435,143.027,179022,4,3BXXkwyhsHM0EPApHMhQC5,Speed It Up,188Wx91EDrfn4HnJFEBRO5,2hlmm7s2ICUX0LVIhVFlZQ,Gunna,6520604,84,2019-02-11,day,45,2024-01-08
0.889,0.507,2,-8.74,1,0.162,0.0562,0.0,0.116,0.219,111.994,154667,4,02mYw61RoS1vXvkD9Q5dpN,BLINDFOLD (feat. Lil Baby),188Wx91EDrfn4HnJFEBRO5,"2hlmm7s2ICUX0LVIhVFlZQ,5f7VJjfbwm532GiveGC0ZK","Gunna,Lil Baby","6520604,16366093","84,86",2020-05-22,day,64,2024-01-08
0.873,0.577,1,-9.151,1,0.271,0.353,0.0,0.111,0.956,117.089,149133,4,4loM16743hROPC6uIJG6wM,MET GALA,188Wx91EDrfn4HnJFEBRO5,2hlmm7s2ICUX0LVIhVFlZQ,Gunna,6520604,84,2020-05-22,day,67,2024-01-08
0.598,0.472,0,-10.991,1,0.258,0.204,1.54e-05,0.108,0.522,120.08,230600,4,2f8y4CuG57UJEmkG3ujd0D,NASTY GIRL / ON CAMERA,188Wx91EDrfn4HnJFEBRO5,2hlmm7s2ICUX0LVIhVFlZQ,Gunna,6520604,84,2020-05-22,day,63,2024-01-08
0.823,0.504,8,-8.65,0,0.16,0.206,0.0,0.417,0.481,112.985,169907,4,4YhJ3a6kBPGJWX4Ek77sDd,TOP FLOOR (feat. Travis Scott),188Wx91EDrfn4HnJFEBRO5,"2hlmm7s2ICUX0LVIhVFlZQ,0Y5tJX1MQlPlqiwlOH1tJY","Gunna,Travis Scott","6520604,26203362","84,91",2020-05-22,day,65,2024-01-08
0.881,0.517,4,-8.916,1,0.308,0.0115,0.0,0.151,0.786,115.084,168107,4,6nDSLDomNqfet6w0r1GHAz,RELENTLESS (feat. Lil Uzi Vert),188Wx91EDrfn4HnJFEBRO5,"2hlmm7s2ICUX0LVIhVFlZQ,4O15NlyKLIASxsJ0PrXPfz","Gunna,Lil Uzi Vert","6520604,16484624","84,85",2020-07-24,day,59,2024-01-08
0.788,0.443,1,-9.021,1,0.341,0.107,0.0,0.115,0.221,126.071,192400,4,3pjzb1lnMOJbWbghMGSp23,STREET SWEEPER (feat. Future),188Wx91EDrfn4HnJFEBRO5,"2hlmm7s2ICUX0LVIhVFlZQ,1RyvyyTE3xzB2ZywiAwp0i","Gunna,Future","6520604,15692678","84,88",2020-07-24,day,59,2024-01-08
0.846,0.48,8,-8.618,0,0.359,0.269,0.0,0.0989,0.419,143.029,169532,4,6Tguhaf2uAe6OjRLsR2Tql,3 Headed Goat (feat. Lil Baby & Polo G),188Wx91EDrfn4HnJFEBRO5,"3hcs9uc56yIGFCSy9leWe7,5f7VJjfbwm532GiveGC0ZK,6AgTAQt8XS6jRWi4sX7w49","Lil Durk,Lil Baby,Polo G","6859221,16366093,10657935","81,86,80",2020-05-08,day,76,2024-01-08
0.666,0.465,1,-8.545,1,0.26,0.0503,0.0,0.215,0.292,167.937,291175,4,40iJIUlhi6renaREYGeIDS,Fair Trade (with Travis Scott),188Wx91EDrfn4HnJFEBRO5,"3TVXtAsR1Inumwj472S9r4,0Y5tJX1MQlPlqiwlOH1tJY","Drake,Travis Scott","83626299,26203362","96,91",2021-09-03,day,86,2024-01-08
0.803,0.597,11,-6.035,0,0.141,0.000619,4.5e-06,0.323,0.331,136.008,257605,4,0k1WUmIRnG3xU6fvvDVfRG,Way 2 Sexy (with Future & Young Thug),188Wx91EDrfn4HnJFEBRO5,"3TVXtAsR1Inumwj472S9r4,1RyvyyTE3xzB2ZywiAwp0i,50co4Is1HCEo8bhOyUWKpn","Drake,Future,Young Thug","83626299,15692678,9355686","96,88,83",2021-09-03,day,77,2024-01-08
0.84,0.744,1,-4.751,1,0.113,0.0181,0.0,0.629,0.171,83.737,204347,4,2tUL6dZf1mywCj5WvCPZw6,No Friends In The Industry,188Wx91EDrfn4HnJFEBRO5,3TVXtAsR1Inumwj472S9r4,Drake,83626299,96,2021-09-03,day,73,2024-01-08
0.718,0.706,1,-5.709,1,0.06,0.0128,0.0,0.352,0.815,170.004,189176,4,5fHrHoJKfCgBd35zwIBmUK,D4L,188Wx91EDrfn4HnJFEBRO5,"1RyvyyTE3xzB2ZywiAwp0i,3TVXtAsR1Inumwj472S9r4,50co4Is1HCEo8bhOyUWKpn","Future,Drake,Young Thug","15692678,83626299,9355686","88,96,83",2020-05-01,day,61,2024-01-08
0.787,0.477,6,-7.837,0,0.199,0.768,0.0,0.104,0.476,80.506,234783,4,0YkUwXxnTkeJBvt5upeEtP,From Florida With Love,188Wx91EDrfn4HnJFEBRO5,3TVXtAsR1Inumwj472S9r4,Drake,83626299,96,2020-05-01,day,63,2024-01-08
0.749,0.792,10,-4.151,0,0.0826,0.292,0.0,0.109,0.239,144.064,180000,4,1I55Ea0zVoSKs6MqW7DQ3i,War,188Wx91EDrfn4HnJFEBRO5,3TVXtAsR1Inumwj472S9r4,Drake,83626299,96,2020-05-01,day,65,2024-01-08
0.631,0.788,4,-7.142,0,0.102,0.371,0.000317,0.108,0.544,157.769,240957,4,0Tacxc5lDJ8LwiO1pWNSl8,The Motion,188Wx91EDrfn4HnJFEBRO5,3TVXtAsR1Inumwj472S9r4,Drake,83626299,96,2019-08-02,day,64,2024-01-08
0.789,0.404,1,-8.364,1,0.23,0.205,0.0,0.219,0.472,122.062,235566,4,4n4BflhWjCHIxrI4v7Xt9s,How Bout Now,188Wx91EDrfn4HnJFEBRO5,3TVXtAsR1Inumwj472S9r4,Drake,83626299,96,2019-08-02,day,69,2024-01-08
0.761,0.518,0,-8.871,1,0.134,0.244,3.47e-05,0.107,0.522,133.976,261493,4,2SAqBLGA283SUiwJ3xOUVI,Laugh Now Cry Later (feat. Lil Durk),188Wx91EDrfn4HnJFEBRO5,"3TVXtAsR1Inumwj472S9r4,3hcs9uc56yIGFCSy9leWe7","Drake,Lil Durk","83626299,6859221","96,81",2020-08-14,day,80,2024-01-08
0.672,0.654,1,-4.528,1,0.0966,0.201,0.0,0.1,0.404,78.512,188026,4,2W5cWH1DZ19KFA6n7G1eiK,Matt Hardy 999,188Wx91EDrfn4HnJFEBRO5,"6Xgp2XMz1fhVYe7i6yNAax,4MCBfE4596Uoi2O4DtmEMz","Trippie Redd,Juice WRLD","9249721,32077469","80,87",2021-08-20,day,68,2024-01-08
0.641,0.755,4,-3.621,0,0.113,0.0162,0.0,0.0849,0.603,154.829,161027,4,3uhj2cu8D8fPVItsLbCIsj,Super Cell,188Wx91EDrfn4HnJFEBRO5,6Xgp2XMz1fhVYe7i6yNAax,Trippie Redd,9249721,80,2021-08-20,day,56,2024-01-08
0.585,0.765,10,-5.575,0,0.0589,0.0644,0.0,0.148,0.18,145.155,241655,4,2MyQK6cKu9IAzNXiBm7TD0,"CHOPPA SHOOT THE LOUDEST (with Chief Keef, feat.Trippie Redd)",188Wx91EDrfn4HnJFEBRO5,"4Ga1P7PMIsmqEZqhYZQgDo,15iVAtD3s3FsQR4w1v6M0P,6Xgp2XMz1fhVYe7i6yNAax","Lil Tecca,Chief Keef,Trippie Redd","6789664,4403558,9249721","80,75,80",2021-08-27,day,56,2024-01-08
0.718,0.684,11,-5.16,0,0.248,0.0182,0.0,0.233,0.856,146.084,159452,4,4xolssBs118ExHCWXio9YX,Demon Time,188Wx91EDrfn4HnJFEBRO5,"6Xgp2XMz1fhVYe7i6yNAax,2rhFzFmezpnW82MNqEKVry","Trippie Redd,Ski Mask The Slump God","9249721,5634073","80,72",2021-08-20,day,63,2024-01-08
0.823,0.572,6,-6.067,0,0.0865,0.0079,0.0,0.113,0.568,141.996,175954,4,0axBgt9y0GvMCLuRl2xBKG,1400 / 999 Freestyle (feat. Juice WRLD),188Wx91EDrfn4HnJFEBRO5,"6Xgp2XMz1fhVYe7i6yNAax,4MCBfE4596Uoi2O4DtmEMz","Trippie Redd,Juice WRLD","9249721,32077469","80,87",2018-11-09,day,76,2024-01-08
0.904,0.723,11,-5.224,0,0.26,0.0631,0.0,0.185,0.835,145.013,227478,4,0ZLuW8uOXdFNWcI40C0OC2,"Whats Poppin (feat. DaBaby, Tory Lanez & Lil Wayne) [Remix] - Bonus Track",188Wx91EDrfn4HnJFEBRO5,"2LIk90788K0zvyj2JJVwkJ,2jku7tDXc6XoB6MO2hFuqg,4r63FhuTkUYltbVAg5TQnk,55Aa2cqylxrFIXC767Z865","Jack Harlow,Tory Lanez,DaBaby,Lil Wayne","3376624,6302994,11554890,14232381","84,80,78,85",2020-12-11,day,71,2024-01-08
0.945,0.582,11,-8.357,0,0.0719,0.114,0.0,0.103,0.907,108.025,168906,4,57VeLYXrvNxe8Vs18K2M9W,Way Out (feat. Big Sean),188Wx91EDrfn4HnJFEBRO5,"2LIk90788K0zvyj2JJVwkJ,0c173mlxpT3dSFRgMO8XPh","Jack Harlow,Big Sean","3376624,11115824","84,75",2020-12-11,day,69,2024-01-08
0.899,0.691,0,-7.554,1,0.0497,0.18,0.000451,0.135,0.865,107.951,125302,4,2aWVaW1p2kUc5yuKwBmRJi,I WANNA SEE SOME ASS (feat. jetsonmade),188Wx91EDrfn4HnJFEBRO5,"2LIk90788K0zvyj2JJVwkJ,0UcXjTpzt0DmIwPSNwlJfF","Jack Harlow,jetsonmade","3376624,29468","84,53",2020-03-13,day,73,2024-01-08
0.923,0.533,5,-5.627,0,0.0883,0.0474,4.12e-06,0.0925,0.689,97.958,187267,4,2ihL1KGMA0geIqGT5pkZzo,WARSAW (feat. 2forwOyNE),188Wx91EDrfn4HnJFEBRO5,"2LIk90788K0zvyj2JJVwkJ,1TQKggQGVxtU2n5xDTTti5","Jack Harlow,2forwOyNE","3376624,2900","84,39",2019-09-20,day,58,2024-01-08
0.924,0.73,11,-6.125,0,0.274,0.0525,0.0,0.113,0.848,99.01,236666,4,7zl7kehxesNEo2pYkKXTSe,Killer (feat. Jack Harlow & Cordae) - Remix,188Wx91EDrfn4HnJFEBRO5,"7dGJo4pcD2V6oG8kP0tJRR,2LIk90788K0zvyj2JJVwkJ,0huGjMyP507tBCARyzSkrv","Eminem,Jack Harlow,Cordae","80373039,3376624,1998189","90,84,66",2021-05-28,day,70,2024-01-08
0.785,0.903,2,-4.184,1,0.21,0.258,0.0,0.169,0.565,139.98,193234,4,29TPjc8wxfz4XMn21O7VsZ,Sky,188Wx91EDrfn4HnJFEBRO5,699OTQXzgjhIYAHMy9RyPD,Playboi Carti,9643234,84,2020-12-25,day,85,2024-01-08
0.684,0.693,4,-6.651,0,0.0339,0.00534,0.0,0.506,0.108,134.988,135122,4,1BpKJw4RZxaFB88NE5uxXf,ILoveUIHateU,188Wx91EDrfn4HnJFEBRO5,699OTQXzgjhIYAHMy9RyPD,Playboi Carti,9643234,84,2020-12-25,day,80,2024-01-08
0.622,0.946,7,-3.593,0,0.0534,0.044,0.0,0.0838,0.336,130.07,166234,4,08dz3ygXyFur6bL7Au8u8J,Over,188Wx91EDrfn4HnJFEBRO5,699OTQXzgjhIYAHMy9RyPD,Playboi Carti,9643234,84,2020-12-25,day,71,2024-01-08
0.733,0.703,11,-6.451,1,0.0906,0.205,1.62e-05,0.158,0.0966,141.047,204437,4,1xVVYE1ahLotRpppJViVzs,F33l Lik3 Dyin,188Wx91EDrfn4HnJFEBRO5,699OTQXzgjhIYAHMy9RyPD,Playboi Carti,9643234,84,2020-12-25,day,62,2024-01-08
0.673,0.649,1,-8.433,0,0.196,0.188,0.0,0.122,0.47,153.075,153800,4,2BJSMvOGABRxokHKB0OI8i,Shoota (feat. Lil Uzi Vert),188Wx91EDrfn4HnJFEBRO5,"699OTQXzgjhIYAHMy9RyPD,4O15NlyKLIASxsJ0PrXPfz","Playboi Carti,Lil Uzi Vert","9643234,16484624","84,85",2018-05-11,day,80,2024-01-08
0.657,0.668,2,-6.208,1,0.136,0.0273,0.0,0.32,0.227,162.997,206333,4,1s9DTymg5UQrdorZf43JQm,Fell In Luv (feat. Bryson Tiller),188Wx91EDrfn4HnJFEBRO5,"699OTQXzgjhIYAHMy9RyPD,2EMAnMvWE2eb56ToJVfCWs","Playboi Carti,Bryson Tiller","9643234,7802606","84,78",2018-05-11,day,78,2024-01-08
0.762,0.705,6,-5.195,0,0.164,0.0906,0.0,0.17,0.264,122.955,142893,4,500l6Cwe40hkPqS7Sf7ufY,Foreign,188Wx91EDrfn4HnJFEBRO5,699OTQXzgjhIYAHMy9RyPD,Playboi Carti,9643234,84,2018-05-11,day,75,2024-01-08
0.743,0.616,1,-6.285,1,0.181,0.0635,0.0,0.111,0.4,150.859,149760,4,1oNcc2isuz7d3hc1fMoHqj,Mileage (feat. Chief Keef),188Wx91EDrfn4HnJFEBRO5,"699OTQXzgjhIYAHMy9RyPD,15iVAtD3s3FsQR4w1v6M0P","Playboi Carti,Chief Keef","9643234,4403558","84,75",2018-05-11,day,65,2024-01-08
0.755,0.552,9,-5.604,1,0.288,0.0967,0.0,0.158,0.402,153.157,193973,4,5nayhWICkQGMTkisxVMbRw,FlatBed Freestyle,188Wx91EDrfn4HnJFEBRO5,699OTQXzgjhIYAHMy9RyPD,Playboi Carti,9643234,84,2018-05-11,day,70,2024-01-08
0.943,0.763,5,-5.568,0,0.158,0.0175,1.8e-05,0.114,0.225,139.969,219453,4,5pHJv0bgNsT9nPoK2BjNBn,No Time (feat. Gunna),188Wx91EDrfn4HnJFEBRO5,"699OTQXzgjhIYAHMy9RyPD,2hlmm7s2ICUX0LVIhVFlZQ","Playboi Carti,Gunna","9643234,6520604","84,84",2018-05-11,day,65,2024-01-08
0.899,0.496,7,-4.691,1,0.33,0.136,0.0,0.139,0.145,127.046,227044,4,2TdZdeKIDMqi1B3139W4Wb,Half & Half,188Wx91EDrfn4HnJFEBRO5,699OTQXzgjhIYAHMy9RyPD,Playboi Carti,9643234,84,2017-04-14,day,62,2024-01-08
0.876,0.492,11,-8.11,0,0.153,0.0136,0.000283,0.0678,0.4,151.044,166799,4,5UusfWUMMLEXLMc1ViNZoe,@ MEH,188Wx91EDrfn4HnJFEBRO5,699OTQXzgjhIYAHMy9RyPD,Playboi Carti,9643234,84,2020-04-16,day,63,2024-01-08
0.829,0.343,2,-4.937,0,0.102,0.00734,0.0,0.179,0.312,78.035,135431,4,59fFsGRwFiuhxKDPc1k6xW,Opp Stoppa (feat. 21 Savage),188Wx91EDrfn4HnJFEBRO5,"3gGUMEwIX6XodWsYEvKSal,1URnnhqYAYcrqrcwql10ft","YBN Nahmir,21 Savage","2997482,16213669","61,89",2021-01-22,day,64,2024-01-08
0.647,0.667,5,-5.563,1,0.304,0.231,0.0,0.133,0.704,172.08,193839,4,4Q34FP1AT7GEl9oLgNtiWj,Mr. Right Now (feat. Drake),188Wx91EDrfn4HnJFEBRO5,"1URnnhqYAYcrqrcwql10ft,0iEtIxbK0KxaSlF7G42ZOp,3TVXtAsR1Inumwj472S9r4","21 Savage,Metro Boomin,Drake","16213669,6641993,83626299","89,87,96",2020-10-02,day,74,2024-01-08
0.774,0.706,2,-6.494,1,0.355,0.00163,1.28e-06,0.104,0.382,152.891,185037,4,7fxSLnklnayJNBIKntXedZ,Slidin,188Wx91EDrfn4HnJFEBRO5,"1URnnhqYAYcrqrcwql10ft,0iEtIxbK0KxaSlF7G42ZOp","21 Savage,Metro Boomin","16213669,6641993","89,87",2020-10-02,day,72,2024-01-08
0.831,0.532,0,-5.319,0,0.301,0.0652,0.0,0.464,0.364,140.105,181716,4,42Tohunwlh34o0mgxYx5iq,My Dawg,188Wx91EDrfn4HnJFEBRO5,"1URnnhqYAYcrqrcwql10ft,0iEtIxbK0KxaSlF7G42ZOp","21 Savage,Metro Boomin","16213669,6641993","89,87",2020-10-02,day,63,2024-01-08
0.775,0.566,11,-6.661,1,0.283,0.0381,0.000341,0.127,0.479,160.351,231831,4,11XegnWeJHBDtj9IsNwngu,Said N Done,188Wx91EDrfn4HnJFEBRO5,"1URnnhqYAYcrqrcwql10ft,0iEtIxbK0KxaSlF7G42ZOp","21 Savage,Metro Boomin","16213669,6641993","89,87",2020-10-02,day,65,2024-01-08
0.884,0.347,8,-8.227,0,0.35,0.015,7e-06,0.0871,0.376,75.016,220307,4,5eqK0tbzUPo2SoeZsov04s,Bank Account,188Wx91EDrfn4HnJFEBRO5,1URnnhqYAYcrqrcwql10ft,21 Savage,16213669,89,2017-07-06,day,79,2024-01-08
0.713,0.62,0,-4.513,1,0.0422,0.171,1.16e-06,0.118,0.206,130.09,211785,4,0lf7CfXZnvX7LnqL2q8FNB,all my friends,188Wx91EDrfn4HnJFEBRO5,1URnnhqYAYcrqrcwql10ft,21 Savage,16213669,89,2018-12-24,day,50,2024-01-08
0.839,0.436,5,-11.344,0,0.285,0.0438,2.7e-06,0.131,0.464,82.009,271307,4,0G149jkGWKwrPXUGkEDgWM,Numb,188Wx91EDrfn4HnJFEBRO5,1URnnhqYAYcrqrcwql10ft,21 Savage,16213669,89,2017-07-06,day,59,2024-01-08
0.96,0.55,5,-8.012,0,0.197,0.0187,0.0,0.112,0.798,130.022,191360,4,5j8sYRvWdZM8TgVJXYad1B,pad lock,188Wx91EDrfn4HnJFEBRO5,1URnnhqYAYcrqrcwql10ft,21 Savage,16213669,89,2018-12-24,day,49,2024-01-08
0.876,0.733,10,-4.478,0,0.333,0.0208,0.0,0.0999,0.962,154.904,148630,4,6klLvorLoo1sxvZcjJIY8I,Make No Sense,188Wx91EDrfn4HnJFEBRO5,7wlFDEWiM5OoIAt8RSli8b,YoungBoy Never Broke Again,12248282,82,2019-10-11,day,78,2024-01-08
0.657,0.496,5,-7.346,1,0.0889,0.213,0.0,0.12,0.352,146.061,157845,4,2f2WskmLwsLtGkjntD8NG7,No Where,188Wx91EDrfn4HnJFEBRO5,7wlFDEWiM5OoIAt8RSli8b,YoungBoy Never Broke Again,12248282,82,2021-10-05,day,63,2024-01-08
0.739,0.637,4,-5.79,0,0.44,0.232,0.0,0.634,0.513,164.91,128414,4,3eeyKNIBrt5TH4y0y3QkOu,Hot Now,188Wx91EDrfn4HnJFEBRO5,7wlFDEWiM5OoIAt8RSli8b,YoungBoy Never Broke Again,12248282,82,2019-10-11,day,65,2024-01-08
0.637,0.801,9,-4.356,0,0.321,0.308,0.0,0.154,0.486,169.984,181666,4,2m9axSosHP92250FvnnobM,Slime Mentality,188Wx91EDrfn4HnJFEBRO5,7wlFDEWiM5OoIAt8RSli8b,YoungBoy Never Broke Again,12248282,82,2019-10-11,day,59,2024-01-08
0.778,0.662,8,-6.081,0,0.308,0.187,0.0,0.116,0.571,149.935,192000,4,7IECs9d4Rrlpa7tiHOCE1w,My Window (feat. Lil Wayne),188Wx91EDrfn4HnJFEBRO5,"7wlFDEWiM5OoIAt8RSli8b,55Aa2cqylxrFIXC767Z865","YoungBoy Never Broke Again,Lil Wayne","12248282,14232381","82,85",2020-09-11,day,60,2024-01-08
0.877,0.607,10,-7.818,0,0.15,0.535,0.0,0.138,0.773,127.055,151249,4,1SF8piqsZWn86DajVKih8F,Kacey Talk,188Wx91EDrfn4HnJFEBRO5,7wlFDEWiM5OoIAt8RSli8b,YoungBoy Never Broke Again,12248282,82,2020-09-11,day,69,2024-01-08
0.614,0.953,2,-4.162,1,0.0688,0.119,0.0,0.331,0.593,154.969,192200,4,1vux5TJpXtc7tbjA1YODpp,Capo,188Wx91EDrfn4HnJFEBRO5,0ErzCpIMyLcjPiwT4elrtZ,NLE Choppa,7400887,79,2022-01-13,day,77,2024-01-08
0.787,0.713,7,-5.252,1,0.401,0.0849,0.0,0.717,0.761,175.046,148759,4,44sYqNBttbXNxya33FJ3Dj,Camelot,188Wx91EDrfn4HnJFEBRO5,0ErzCpIMyLcjPiwT4elrtZ,NLE Choppa,7400887,79,2020-08-10,day,77,2024-01-08
0.894,0.511,2,-4.768,1,0.421,0.0251,0.0,0.14,0.567,120.077,176632,4,5BJMeoCXXgbRAWfp6fTulr,Shotta Flow (feat. Blueface) [Remix],188Wx91EDrfn4HnJFEBRO5,"0ErzCpIMyLcjPiwT4elrtZ,3Fl1V19tmjt57oBdxXKAjJ","NLE Choppa,Blueface","7400887,6560895","79,66",2019-12-23,day,75,2024-01-08
0.732,0.627,4,-5.693,0,0.161,0.346,0.0,0.261,0.332,81.481,135460,4,35Xf2ABjPzUXKz19akd7Jj,Famous Hoes,188Wx91EDrfn4HnJFEBRO5,0ErzCpIMyLcjPiwT4elrtZ,NLE Choppa,7400887,79,2019-12-10,day,69,2024-01-08
0.558,0.845,7,-4.538,0,0.132,0.107,0.0,0.298,0.477,155.019,189329,4,7rCkplCLndHSFsBDLd7e5Q,Man Down,188Wx91EDrfn4HnJFEBRO5,0ErzCpIMyLcjPiwT4elrtZ,NLE Choppa,7400887,79,2020-11-01,day,34,2024-01-08
0.506,0.593,8,-7.029,1,0.293,0.0182,0.0,0.214,0.414,170.92,148076,4,6TuyeXrbIyXMLBRhxJ9q8d,Side,188Wx91EDrfn4HnJFEBRO5,0ErzCpIMyLcjPiwT4elrtZ,NLE Choppa,7400887,79,2019-12-23,day,42,2024-01-08
0.739,0.784,1,-4.462,1,0.266,0.0454,0.0,0.112,0.391,129.97,154273,4,39UBPbii4mLlSz5mWcmWh4,Untold,188Wx91EDrfn4HnJFEBRO5,0ErzCpIMyLcjPiwT4elrtZ,NLE Choppa,7400887,79,2019-12-23,day,42,2024-01-08
0.681,0.63,1,-5.585,1,0.0385,0.00383,0.0,0.139,0.183,151.951,161053,4,3T9BKc4kB7ukeNQrCqv6ZV,Sharing Locations (feat. Lil Baby & Lil Durk),188Wx91EDrfn4HnJFEBRO5,"20sxb77xiYeusSH8cVdatc,3hcs9uc56yIGFCSy9leWe7,5f7VJjfbwm532GiveGC0ZK","Meek Mill,Lil Durk,Lil Baby","7704881,6859221,16366093","73,81,86",2021-10-01,day,62,2024-01-08
0.748,0.591,2,-6.234,0,0.331,0.152,0.0,0.64,0.192,74.958,230400,4,2kdhiombBoiHjvSKG3EI0m,Blue Notes 2 (feat. Lil Uzi Vert),188Wx91EDrfn4HnJFEBRO5,"20sxb77xiYeusSH8cVdatc,4O15NlyKLIASxsJ0PrXPfz","Meek Mill,Lil Uzi Vert","7704881,16484624","73,85",2021-10-01,day,50,2024-01-08
0.765,0.553,11,-7.116,0,0.358,0.00822,0.0,0.206,0.565,154.971,184258,4,4VcPtoOpK3oBMDZJ9Ptp9f,No Auto Durk,188Wx91EDrfn4HnJFEBRO5,"3IaKn0ExWTMPqa0mscUYw3,3hcs9uc56yIGFCSy9leWe7","Only The Family,Lil Durk","429149,6859221","64,81",2018-12-21,day,72,2024-01-08
0.736,0.887,1,-4.159,0,0.124,0.218,0.0,0.101,0.495,100.501,186283,3,61FfbHfk4qT8ZzNA5dqN9j,Finesse Out The Gang Way (feat. Lil Baby),188Wx91EDrfn4HnJFEBRO5,"3hcs9uc56yIGFCSy9leWe7,5f7VJjfbwm532GiveGC0ZK","Lil Durk,Lil Baby","6859221,16366093","81,86",2021-01-29,day,63,2024-01-08
0.686,0.385,7,-8.35,0,0.297,0.614,0.0,0.131,0.147,143.07,296568,4,61S79KIVA4I9FXbnsylEHT,In The Bible (with Lil Durk & Giveon),188Wx91EDrfn4HnJFEBRO5,"3TVXtAsR1Inumwj472S9r4,3hcs9uc56yIGFCSy9leWe7,4fxd5Ee7UefO4CUXgwJ7IP","Drake,Lil Durk,Giveon","83626299,6859221,3446916","96,81,76",2021-09-03,day,69,2024-01-08
0.871,0.668,11,-5.898,0,0.147,0.247,0.0,0.113,0.416,82.578,168727,4,2BvVM8YbaWFqRxxOFii7rx,Gucci Gucci (feat. Gunna),188Wx91EDrfn4HnJFEBRO5,"3hcs9uc56yIGFCSy9leWe7,2hlmm7s2ICUX0LVIhVFlZQ","Lil Durk,Gunna","6859221,6520604","81,84",2020-05-08,day,46,2024-01-08
0.839,0.506,5,-6.714,0,0.133,0.00207,0.0,0.13,0.44,154.12,149610,4,4R67rQNSbbsR4TdUVOIdez,ESCAPE PLAN,188Wx91EDrfn4HnJFEBRO5,0Y5tJX1MQlPlqiwlOH1tJY,Travis Scott,26203362,91,2021-11-05,day,73,2024-01-08
0.598,0.427,7,-8.764,0,0.0317,0.0546,5.83e-06,0.21,0.0605,76.469,175721,4,3eekarcy7kvN4yt5ZFzltW,HIGHEST IN THE ROOM,188Wx91EDrfn4HnJFEBRO5,0Y5tJX1MQlPlqiwlOH1tJY,Travis Scott,26203362,91,2019-10-04,day,85,2024-01-08
0.741,0.645,11,-5.116,0,0.0963,0.192,0.0,0.163,0.488,149.07,231964,4,20MuVazoNMv6xjKPnRFOxG,WAKE UP,188Wx91EDrfn4HnJFEBRO5,0Y5tJX1MQlPlqiwlOH1tJY,Travis Scott,26203362,91,2018-08-03,day,71,2024-01-08
0.712,0.481,4,-5.415,0,0.0487,0.173,0.0,0.241,0.062,140.0,196138,4,11kDth1aKUEUMq9r1pqyds,5% TINT,188Wx91EDrfn4HnJFEBRO5,0Y5tJX1MQlPlqiwlOH1tJY,Travis Scott,26203362,91,2018-08-03,day,82,2024-01-08
0.859,0.77,8,-5.358,0,0.345,0.0056,0.0,0.0731,0.348,155.025,207394,4,6qUabsNxudatEFedWGHoDh,"FRANCHISE (feat. Future, Young Thug & M.I.A.) - REMIX",188Wx91EDrfn4HnJFEBRO5,"0Y5tJX1MQlPlqiwlOH1tJY,1RyvyyTE3xzB2ZywiAwp0i,50co4Is1HCEo8bhOyUWKpn,0QJIPDAEDILuo8AIq3pMuU","Travis Scott,Future,Young Thug,M.I.A.","26203362,15692678,9355686,1288385","91,88,83,66",2020-10-07,day,62,2024-01-08
0.378,0.817,8,-3.071,0,0.0911,0.151,0.0,0.149,0.257,121.079,256163,4,1pfwOQKJsRRBf6NdYO4Qog,Dark Knight Dummo (feat. Travis Scott),188Wx91EDrfn4HnJFEBRO5,"6Xgp2XMz1fhVYe7i6yNAax,0Y5tJX1MQlPlqiwlOH1tJY","Trippie Redd,Travis Scott","9249721,26203362","80,91",2018-08-10,day,74,2024-01-08
0.745,0.686,4,-5.7,0,0.0313,0.528,0.0,0.176,0.437,121.978,363934,4,5Q6DJEgNTiN9xcOQzKmw9F,Kelly Price (feat. Travis Scott),188Wx91EDrfn4HnJFEBRO5,"6oMuImdp5ZcFhWP0ESe6mG,0Y5tJX1MQlPlqiwlOH1tJY","Migos,Travis Scott","13641028,26203362","75,91",2017-01-27,day,64,2024-01-08
0.594,0.676,2,-5.808,1,0.344,0.135,0.0,0.163,0.472,143.477,181145,4,40mjsnRjCpycdUw3xhS20g,GATTI,188Wx91EDrfn4HnJFEBRO5,"7A8S43ryYdbWpJKeHRZRcq,0eDvMgVFoNV3TpwtrVCoTj,0Y5tJX1MQlPlqiwlOH1tJY","JACKBOYS,Pop Smoke,Travis Scott","629220,13520053,26203362","64,79,91",2019-12-27,day,77,2024-01-08
0.769,0.787,11,-3.909,1,0.367,0.189,0.0,0.129,0.836,126.77,159715,4,6Ozh9Ok6h4Oi1wUSLtBseN,BOP,188Wx91EDrfn4HnJFEBRO5,4r63FhuTkUYltbVAg5TQnk,DaBaby,11554890,78,2019-09-27,day,79,2024-01-08
0.895,0.476,6,-8.505,0,0.272,0.0559,0.0,0.123,0.607,120.068,156115,4,2UMWdssGd4rlT9oSeHUZh0,LEVELS (feat. Kodak Black),188Wx91EDrfn4HnJFEBRO5,"4r63FhuTkUYltbVAg5TQnk,46SHBwWsqBkxI7EeeBEQG7","DaBaby,Kodak Black","11554890,10072386","78,80",2021-11-12,day,44,2024-01-08
0.896,0.72,0,-6.262,0,0.355,0.169,0.0,0.252,0.966,140.1,212093,4,1dorm2V2hMTJdrhzSiXgr2,JUMP (feat. YoungBoy Never Broke Again),188Wx91EDrfn4HnJFEBRO5,"4r63FhuTkUYltbVAg5TQnk,7wlFDEWiM5OoIAt8RSli8b","DaBaby,YoungBoy Never Broke Again","11554890,12248282","78,82",2020-08-04,day,38,2024-01-08
0.768,0.652,1,-2.708,0,0.307,0.113,0.0,0.107,0.777,154.187,144935,4,0fySG6A6qLE8IvDpayb5bM,VIBEZ,188Wx91EDrfn4HnJFEBRO5,4r63FhuTkUYltbVAg5TQnk,DaBaby,11554890,78,2019-09-27,day,70,2024-01-08
0.816,0.582,8,-4.141,1,0.341,0.0794,5.84e-06,0.0916,0.542,160.004,136366,4,2FvD20Z8aoWIePi7PoN8sG,TOES (feat. Lil Baby & Moneybagg Yo),188Wx91EDrfn4HnJFEBRO5,"4r63FhuTkUYltbVAg5TQnk,5f7VJjfbwm532GiveGC0ZK,3tJoFztHeIJkJWMrx0td2f","DaBaby,Lil Baby,Moneybagg Yo","11554890,16366093,4237863","78,86,74",2019-09-27,day,70,2024-01-08
0.874,0.714,5,-4.946,1,0.233,0.0273,0.0,0.356,0.85,130.046,216678,4,1CCDIow4pPYyJYzhtTUYz2,RAW SHIT (feat. Migos),188Wx91EDrfn4HnJFEBRO5,"4r63FhuTkUYltbVAg5TQnk,6oMuImdp5ZcFhWP0ESe6mG","DaBaby,Migos","11554890,13641028","78,75",2019-09-27,day,54,2024-01-08
0.824,0.824,10,-6.169,0,0.118,0.0497,0.0,0.152,0.644,81.998,172196,4,6l45AMUGFsx0yZ2rxnzrKA,Death (feat. DaBaby),188Wx91EDrfn4HnJFEBRO5,"6Xgp2XMz1fhVYe7i6yNAax,4r63FhuTkUYltbVAg5TQnk","Trippie Redd,DaBaby","9249721,11554890","80,78",2019-11-22,day,65,2024-01-08
0.876,0.662,2,-6.482,0,0.426,0.0608,0.0,0.127,0.844,75.445,163320,4,2gwkD6igEhQbDQegRCcdoB,Suge,188Wx91EDrfn4HnJFEBRO5,4r63FhuTkUYltbVAg5TQnk,DaBaby,11554890,78,2019-03-01,day,71,2024-01-08
0.785,0.504,9,-8.482,1,0.475,0.00999,0.0,0.356,0.799,129.937,163627,4,69CQe4ekUZ7txcSfEXYFW9,NO DRIBBLE (with Stunna 4 Vegas),188Wx91EDrfn4HnJFEBRO5,"4r63FhuTkUYltbVAg5TQnk,44IvvHRk2XF243QLA2VOa8","DaBaby,Stunna 4 Vegas","11554890,813292","78,60",2020-07-27,day,41,2024-01-08
0.769,0.627,7,-4.064,1,0.262,0.394,0.0,0.106,0.49,157.938,164038,4,4KX8vXbouybtUptEyYxtIk,MoshPit (feat. Juice WRLD),188Wx91EDrfn4HnJFEBRO5,"46SHBwWsqBkxI7EeeBEQG7,4MCBfE4596Uoi2O4DtmEMz","Kodak Black,Juice WRLD","10072386,32077469","80,87",2018-12-14,day,63,2024-01-08
0.666,0.693,1,-3.638,1,0.199,0.047,0.0,0.115,0.132,159.972,219754,4,16dXg2YuFOxwDC3cTf5jde,Conscience (feat. Future),188Wx91EDrfn4HnJFEBRO5,"46SHBwWsqBkxI7EeeBEQG7,1RyvyyTE3xzB2ZywiAwp0i","Kodak Black,Future","10072386,15692678","80,88",2017-03-31,day,53,2024-01-08
0.952,0.29,8,-11.459,1,0.428,0.074,0.0,0.107,0.394,130.083,163385,4,4N7i6RfJXMWfkx9Zr6pzkJ,E-ER (feat. Lil Yachty),188Wx91EDrfn4HnJFEBRO5,"1m7LSAMIB1BErIHYSOn32W,2rhFzFmezpnW82MNqEKVry,4e5oZygHeeRoTXc00gYWiu,6icQOAFXDZKsumw3YXyusw","DJ Scheme,Ski Mask The Slump God,Danny Towers,Lil Yachty","264976,5634073,45481,9554683","60,72,56,78",2020-12-04,day,73,2024-01-08
0.884,0.445,1,-10.58,0,0.418,0.222,0.0,0.112,0.851,125.008,138427,4,5hwUsRKvnO5yThjVrxHQVt,Unbothered,188Wx91EDrfn4HnJFEBRO5,2rhFzFmezpnW82MNqEKVry,Ski Mask The Slump God,5634073,72,2018-11-30,day,77,2024-01-08
0.897,0.685,8,-5.6,1,0.351,0.0106,0.0,0.0325,0.567,83.51,153173,4,4nFAUqFou9ZbWNho3jeY1h,Dr. Suess,188Wx91EDrfn4HnJFEBRO5,2rhFzFmezpnW82MNqEKVry,Ski Mask The Slump God,5634073,72,2021-06-25,day,59,2024-01-08
0.915,0.645,8,-7.067,0,0.343,0.0478,0.0,0.139,0.593,142.902,130507,4,0DbO2UQHQvlcwMppuvmTpI,The Matrix,188Wx91EDrfn4HnJFEBRO5,2rhFzFmezpnW82MNqEKVry,Ski Mask The Slump God,5634073,72,2021-06-25,day,64,2024-01-08
0.881,0.623,1,-9.662,1,0.119,0.257,1.5e-06,0.0964,0.745,88.953,129547,4,3EikYy40GMSp8l5mDV6IQo,Foot Fungus,188Wx91EDrfn4HnJFEBRO5,2rhFzFmezpnW82MNqEKVry,Ski Mask The Slump God,5634073,72,2018-11-30,day,69,2024-01-08
0.926,0.444,1,-9.024,1,0.254,0.206,0.0,0.124,0.389,140.085,236587,4,6RiMRVxOiEYd4QSu1cxrls,Far Gone (feat. Lil Baby),188Wx91EDrfn4HnJFEBRO5,"2rhFzFmezpnW82MNqEKVry,5f7VJjfbwm532GiveGC0ZK","Ski Mask The Slump God,Lil Baby","5634073,16366093","72,86",2018-11-30,day,48,2024-01-08
0.862,0.521,8,-10.355,1,0.447,0.0466,5e-05,0.119,0.373,154.983,167040,4,3clpchqQ6A3p8jjPgKdhk0,Cat Piss (feat. Lil Yachty),188Wx91EDrfn4HnJFEBRO5,"2rhFzFmezpnW82MNqEKVry,6icQOAFXDZKsumw3YXyusw","Ski Mask The Slump God,Lil Yachty","5634073,9554683","72,78",2018-11-30,day,54,2024-01-08
0.8,0.591,6,-8.808,1,0.271,0.111,0.0,0.429,0.747,117.003,210387,4,2gQYziDV5cSTRSqr6akzi5,Take A Step Back,188Wx91EDrfn4HnJFEBRO5,"2rhFzFmezpnW82MNqEKVry,15UsOTVnJzReFVN1VCnxy4","Ski Mask The Slump God,XXXTENTACION","5634073,43791982","72,85",2018-02-02,day,73,2024-01-08
0.721,0.521,11,-9.687,0,0.349,0.169,1.08e-06,0.115,0.39,157.965,227918,4,2yQmSLH9Ni6Wif3fR8xHFR,"NEW BUGATTI (feat. Ski Mask The Slump God, Chief Keef, DJ Scheme)",188Wx91EDrfn4HnJFEBRO5,"3EIX8WuD9ybB4ruz0MSilB,2rhFzFmezpnW82MNqEKVry,15iVAtD3s3FsQR4w1v6M0P,1m7LSAMIB1BErIHYSOn32W","Lil Gnar,Ski Mask The Slump God,Chief Keef,DJ Scheme","588030,5634073,4403558,264976","52,72,75,60",2021-05-14,day,50,2024-01-08
0.769,0.807,11,-2.966,1,0.306,0.0515,0.0,0.111,0.364,82.422,139845,4,6K2anECyrckidwf5wxS78Q,NBAYOUNGBOAT,188Wx91EDrfn4HnJFEBRO5,"6icQOAFXDZKsumw3YXyusw,7wlFDEWiM5OoIAt8RSli8b","Lil Yachty,YoungBoy Never Broke Again","9554683,12248282","78,82",2018-03-09,day,73,2024-01-08
0.677,0.642,8,-7.887,0,0.0867,0.0949,0.0,0.34,0.575,144.02,160000,4,1LjuHrjwyo7d5rh3W1XO5V,Solid (feat. SoFaygo),188Wx91EDrfn4HnJFEBRO5,"6icQOAFXDZKsumw3YXyusw,2SJhf6rTOU53g8yBdAjPby","Lil Yachty,SoFaygo","9554683,704206","78,61",2021-08-23,day,45,2024-01-08
0.886,0.303,10,-11.199,1,0.792,0.521,0.0,0.169,0.322,127.981,168439,4,1Wc1SQwiThvSu9dMc5opth,SaintLaurentYSL (feat. Lil Baby),188Wx91EDrfn4HnJFEBRO5,"6icQOAFXDZKsumw3YXyusw,5f7VJjfbwm532GiveGC0ZK","Lil Yachty,Lil Baby","9554683,16366093","78,86",2018-10-19,day,51,2024-01-08
0.742,0.844,2,-4.622,1,0.0479,0.000634,0.0,0.0659,0.416,131.986,293840,4,1h6kgem1ai8vUgO1rZOwfB,I Don't Like,188Wx91EDrfn4HnJFEBRO5,"15iVAtD3s3FsQR4w1v6M0P,1bPxKZtCdjB1aj1csBJpdS","Chief Keef,Lil Reese","4403558,376186","75,58",2012-01-01,day,79,2024-01-08
0.538,0.817,1,-4.847,1,0.0525,0.161,0.0,0.341,0.449,139.988,213290,4,6ptNBM3aWWACAQqC4rgkmp,Save That Shit,188Wx91EDrfn4HnJFEBRO5,"15iVAtD3s3FsQR4w1v6M0P,6GMYJwaziB4ekv1Y6wCDWS","Chief Keef,Soulja Boy","4403558,1945228","75,67",2012-03-14,day,69,2024-01-08
0.656,0.612,6,-5.415,0,0.225,0.0094,0.0,0.146,0.626,132.072,283653,4,2rJvc7nSYWBKAuNUMx1Cr2,Don't Like.1,188Wx91EDrfn4HnJFEBRO5,"5K4W6rqBFWDnAN6FQUkS6x,15iVAtD3s3FsQR4w1v6M0P,0ONHkAv9pCAFxb0zJwDNTy,0c173mlxpT3dSFRgMO8XPh,5pnbUBPifNnlusY8kTBivi","Kanye West,Chief Keef,Pusha T,Big Sean,Jadakiss","22986248,4403558,2882949,11115824,1165269","91,75,72,75,63",2012-01-01,day,66,2024-01-08
0.708,0.459,7,-10.627,0,0.155,0.0478,0.0,0.352,0.57,73.97,201363,4,2LvbYwfsRvGYnRytG573iW,Luigi (feat. Chief Keef),188Wx91EDrfn4HnJFEBRO5,"4mkjpWbFO45SyaHiM9GOVE,15iVAtD3s3FsQR4w1v6M0P","2KBABY,Chief Keef","413794,4403558","50,75",2021-10-22,day,37,2024-01-08
0.728,0.836,11,-6.577,0,0.266,0.0537,0.0,0.442,0.529,129.932,227120,4,1AR6VrButtOFNqS9ck6Wam,Laughin' To The Bank,188Wx91EDrfn4HnJFEBRO5,15iVAtD3s3FsQR4w1v6M0P,Chief Keef,4403558,75,2012-01-01,day,62,2024-01-08
0.714,0.611,1,-6.702,0,0.24,0.314,0.0,0.117,0.793,140.056,195429,4,6daconu258hc5a7TlCjBlB,Bouncin,188Wx91EDrfn4HnJFEBRO5,15iVAtD3s3FsQR4w1v6M0P,Chief Keef,4403558,75,2015-09-18,day,51,2024-01-08
0.696,0.688,3,-5.002,1,0.0419,0.0451,0.0,0.363,0.266,122.026,208707,4,4NVyCPbCkbmMEESIErpRXq,3Hunna,188Wx91EDrfn4HnJFEBRO5,"15iVAtD3s3FsQR4w1v6M0P,1sBkRIssrMs1AbVkOJbc7a","Chief Keef,Rick Ross","4403558,7103142","75,76",2012-01-01,day,57,2024-01-08
0.871,0.479,7,-8.468,1,0.471,0.401,1.58e-05,0.0928,0.559,142.063,138800,4,7GUMqIKEU9Whg5VVUlqeuh,Lil Big Bro Shit (feat. Sleepy Hallow),188Wx91EDrfn4HnJFEBRO5,"1tG7s7S4sq2eFFW0QZyLbm,6EPlBSH2RSiettczlz7ihV","Sheff G,Sleepy Hallow","989829,1724554","67,75",2020-05-15,day,48,2024-01-08
0.94,0.422,2,-4.317,1,0.36,0.646,1.3e-06,0.16,0.13,133.986,129189,4,2Aluo82liQMUHTUwpB3oen,The Lefts (feat. Young AP),188Wx91EDrfn4HnJFEBRO5,"1tG7s7S4sq2eFFW0QZyLbm,6Ve0Q3Gye7YD0C9DWR0EUe","Sheff G,Young Ap","989829,148","67,22",2020-05-15,day,43,2024-01-08
0.82,0.446,3,-7.797,1,0.147,0.821,0.0,0.104,0.626,131.07,102800,4,5kNrhABkAowO87oF0EHDPv,Moody,188Wx91EDrfn4HnJFEBRO5,1tG7s7S4sq2eFFW0QZyLbm,Sheff G,989829,67,2020-05-15,day,56,2024-01-08
0.823,0.586,6,-6.606,0,0.2,0.114,0.0,0.193,0.347,125.971,190476,4,0PvFJmanyNQMseIFrU708S,For The Night (feat. Lil Baby & DaBaby),188Wx91EDrfn4HnJFEBRO5,"0eDvMgVFoNV3TpwtrVCoTj,5f7VJjfbwm532GiveGC0ZK,4r63FhuTkUYltbVAg5TQnk","Pop Smoke,Lil Baby,DaBaby","13520053,16366093,11554890","79,86,78",2020-07-03,day,80,2024-01-08
0.548,0.805,7,-5.732,1,0.351,0.212,0.000389,0.408,0.648,142.094,216387,4,79s5XnCN4TJKTVMSmOx8Ep,Dior,188Wx91EDrfn4HnJFEBRO5,0eDvMgVFoNV3TpwtrVCoTj,Pop Smoke,13520053,79,2019-07-26,day,83,2024-01-08
0.662,0.686,7,-8.302,1,0.332,0.251,5.59e-06,0.349,0.678,143.971,215000,4,1Eu51GaXEehPMrDMh5QghA,Tell The Vision (feat. Kanye West & Pusha T),188Wx91EDrfn4HnJFEBRO5,"0eDvMgVFoNV3TpwtrVCoTj,5K4W6rqBFWDnAN6FQUkS6x,0ONHkAv9pCAFxb0zJwDNTy","Pop Smoke,Kanye West,Pusha T","13520053,22986248,2882949","79,91,72",2021-07-31,day,47,2024-01-08
0.526,0.606,11,-8.113,0,0.262,0.209,3.31e-05,0.421,0.538,109.212,106667,5,5G7fyEZMDpiwRrXL8m56DR,Beat The Speaker,188Wx91EDrfn4HnJFEBRO5,0eDvMgVFoNV3TpwtrVCoTj,Pop Smoke,13520053,79,2021-07-31,day,43,2024-01-08
0.8,0.564,8,-5.817,1,0.4,0.0287,1.65e-06,0.112,0.318,139.989,150857,4,7sjFIZ1g5QLJLGja3k592K,44 BullDog,188Wx91EDrfn4HnJFEBRO5,0eDvMgVFoNV3TpwtrVCoTj,Pop Smoke,13520053,79,2020-07-03,day,62,2024-01-08
0.548,0.506,4,-7.434,0,0.102,0.203,0.0001,0.0788,0.557,119.987,160000,5,1hg3RlqFZXJb5YgRoK9qmF,Gangstas,188Wx91EDrfn4HnJFEBRO5,0eDvMgVFoNV3TpwtrVCoTj,Pop Smoke,13520053,79,2020-07-03,day,72,2024-01-08
0.688,0.647,2,-7.258,1,0.19,0.00815,1.65e-05,0.095,0.195,88.834,164580,4,25zlnOAzbVoOzIeXSvQFf1,Got It On Me,188Wx91EDrfn4HnJFEBRO5,0eDvMgVFoNV3TpwtrVCoTj,Pop Smoke,13520053,79,2020-07-03,day,78,2024-01-08
0.733,0.684,2,-4.748,1,0.177,0.142,0.0,0.179,0.437,142.04,165640,4,7rSnKi58HPIVC0FVyh04Q1,Shake The Room (feat. Quavo),188Wx91EDrfn4HnJFEBRO5,"0eDvMgVFoNV3TpwtrVCoTj,0VRj0yCOv2FXJNP47XQnx5","Pop Smoke,Quavo","13520053,7128651","79,77",2020-02-07,day,67,2024-01-08
0.798,0.649,9,-6.546,1,0.306,0.0746,1.34e-05,0.517,0.566,142.006,108160,4,3DWjFSDEQ9IWz1mj449fB7,Get Back,188Wx91EDrfn4HnJFEBRO5,0eDvMgVFoNV3TpwtrVCoTj,Pop Smoke,13520053,79,2020-02-07,day,75,2024-01-08
0.772,0.878,2,-4.22,1,0.324,0.0301,2.18e-06,0.251,0.305,61.311,135747,5,57BGVV6wcyhbn3hsjlqEZB,Element,188Wx91EDrfn4HnJFEBRO5,0eDvMgVFoNV3TpwtrVCoTj,Pop Smoke,13520053,79,2020-02-07,day,79,2024-01-08
0.687,0.689,10,-4.096,1,0.259,0.173,0.000481,0.523,0.821,71.555,174547,4,7FWec1Je1DluKGUKZCwkq4,Dreaming,188Wx91EDrfn4HnJFEBRO5,0eDvMgVFoNV3TpwtrVCoTj,Pop Smoke,13520053,79,2020-02-07,day,58,2024-01-08
0.777,0.802,11,-4.954,0,0.0766,0.0369,0.0,0.719,0.937,141.996,196056,4,07IqDUGyRrOcVUo51nhj4F,Iced Out Audemars (feat. Lil Wayne) - Remix,188Wx91EDrfn4HnJFEBRO5,"0eDvMgVFoNV3TpwtrVCoTj,55Aa2cqylxrFIXC767Z865","Pop Smoke,Lil Wayne","13520053,14232381","79,85",2020-10-15,day,45,2024-01-08
0.565,0.819,9,-7.899,1,0.0668,0.232,0.0,0.111,0.682,94.011,176874,4,0c0YHn3DIQLl1opsQDd9kO,Wish (feat. Trippie Redd) - Trippie Mix,188Wx91EDrfn4HnJFEBRO5,"5fMUXHkw8R8eOP2RNVYEZX,6Xgp2XMz1fhVYe7i6yNAax","Diplo,Trippie Redd","2580900,9249721","76,80",2018-08-10,day,68,2024-01-08
0.775,0.823,5,-4.941,0,0.0635,0.0881,0.0,0.309,0.65,120.059,174848,4,1fPnUpoXCpD2NDI4vPVeLw,Stupid Again,188Wx91EDrfn4HnJFEBRO5,2jku7tDXc6XoB6MO2hFuqg,Tory Lanez,6302994,80,2020-04-10,day,63,2024-01-08
0.838,0.311,0,-5.221,1,0.132,0.00424,0.0,0.169,0.303,78.015,135418,4,2qh4lSMXnvve7ye2GYLTwv,Opp Stoppa (feat. 21 Savage),188Wx91EDrfn4HnJFEBRO5,"3gGUMEwIX6XodWsYEvKSal,1URnnhqYAYcrqrcwql10ft","YBN Nahmir,21 Savage","2997482,16213669","61,89",2021-03-25,day,46,2024-01-08
0.863,0.67,1,-6.758,1,0.284,0.0395,0.0,0.283,0.221,124.967,356833,4,1jwP7LXouoaZq9qN9B2dsM,GRINCH GOES VIRAL,188Wx91EDrfn4HnJFEBRO5,5icKdCmMhNMYoAzVBAWt39,Dax,1346874,66,2021-12-17,day,50,2024-01-08
0.67,0.424,9,-14.297,0,0.292,0.333,0.0,0.112,0.743,77.685,148715,4,26BMsCXJpD7eYtP7ufhApC,Outside (Better Days),188Wx91EDrfn4HnJFEBRO5,"3Fl1V19tmjt57oBdxXKAjJ,6bS1ddLkqrK5Jl6GyKK4j2","Blueface,OG Bobby Billions","6560895,10527","66,49",2021-06-02,day,65,2024-01-08
0.925,0.322,11,-9.8,0,0.112,0.103,0.0,0.137,0.712,129.957,170233,4,73xjJ1TIE6WP3HNKczQE4F,Moonwalking in Calabasas (feat. Blueface) - Remix,188Wx91EDrfn4HnJFEBRO5,"0WK3H9OErSn5zKOkOV5egm,3Fl1V19tmjt57oBdxXKAjJ","DDG,Blueface","1226115,6560895","63,66",2021-06-15,day,73,2024-01-08
0.869,0.59,11,-8.214,1,0.257,0.07,0.0,0.236,0.479,107.934,151147,4,4hanO6Du5J7QEguNHYZHmw,Daddy (feat. Rich The Kid),188Wx91EDrfn4HnJFEBRO5,"3Fl1V19tmjt57oBdxXKAjJ,1pPmIToKXyGdsCF6LmqLmI","Blueface,Rich The Kid","6560895,3203856","66,66",2019-08-09,day,61,2024-01-08
0.819,0.431,8,-12.481,0,0.512,0.369,0.0,0.109,0.531,103.973,133885,4,5hDJ86JVWHe7hK0jChYGj1,Dead Locs,188Wx91EDrfn4HnJFEBRO5,3Fl1V19tmjt57oBdxXKAjJ,Blueface,6560895,66,2018-12-18,day,44,2024-01-08
0.829,0.609,8,-7.859,0,0.664,0.143,0.0,0.161,0.627,150.189,151710,4,6fKc0zZevGXUgb5mkjnPC2,Finesse the Beat,188Wx91EDrfn4HnJFEBRO5,3Fl1V19tmjt57oBdxXKAjJ,Blueface,6560895,66,2020-07-17,day,35,2024-01-08
0.693,0.591,0,-6.964,1,0.429,0.0154,0.0,0.0778,0.497,204.194,188373,4,7eJbnuLHzBp948ybtKDyQn,Weekend (feat. Lil Baby),188Wx91EDrfn4HnJFEBRO5,"3Fl1V19tmjt57oBdxXKAjJ,5f7VJjfbwm532GiveGC0ZK","Blueface,Lil Baby","6560895,16366093","66,86",2020-03-13,day,36,2024-01-08
0.901,0.612,4,-8.77,1,0.469,0.0853,0.0,0.236,0.78,139.904,123480,4,0eu0YHRc7cnMjtAQOE7Xyb,Murder Rate (feat. Polo G),188Wx91EDrfn4HnJFEBRO5,"3Fl1V19tmjt57oBdxXKAjJ,6AgTAQt8XS6jRWi4sX7w49","Blueface,Polo G","6560895,10657935","66,80",2020-03-13,day,49,2024-01-08
0.914,0.583,7,-7.912,0,0.452,0.171,0.0,0.139,0.588,134.882,128040,4,5eViBefGU8Fm9OAeJVZJjW,Obama (feat. DaBaby),188Wx91EDrfn4HnJFEBRO5,"3Fl1V19tmjt57oBdxXKAjJ,4r63FhuTkUYltbVAg5TQnk","Blueface,DaBaby","6560895,11554890","66,78",2020-03-13,day,48,2024-01-08
0.875,0.438,0,-8.732,1,0.435,0.032,0.0,0.234,0.207,127.259,191307,4,438ydvfdggFaE8RTacR40q,First Class (feat. Gunna),188Wx91EDrfn4HnJFEBRO5,"3Fl1V19tmjt57oBdxXKAjJ,2hlmm7s2ICUX0LVIhVFlZQ","Blueface,Gunna","6560895,6520604","66,84",2020-03-13,day,45,2024-01-08
0.778,0.495,1,-5.841,1,0.175,0.0815,0.0,0.111,0.464,102.882,157888,4,5UekCh9Iii4veZPgdZzo5q,Patience,188Wx91EDrfn4HnJFEBRO5,"3Fl1V19tmjt57oBdxXKAjJ,0HkcYmcjrBR3SCw9Ld5VZk","Blueface,Calboy","6560895,887216","66,55",2021-05-28,day,31,2024-01-08
0.871,0.702,5,-8.025,1,0.253,0.296,0.0,0.0912,0.675,125.089,131286,4,3WCXvxgQ7U3mznWsQjiEMu,6locc 6a6y,188Wx91EDrfn4HnJFEBRO5,7scapvSjZLSm0fBgqGM0Mn,Lil Loaded,1137087,61,2019-12-06,day,75,2024-01-08
0.782,0.659,1,-3.103,1,0.249,0.0703,0.0,0.168,0.337,148.027,131761,4,7yKSPAeiLHVJFSkJacPTmJ,Syphilis,188Wx91EDrfn4HnJFEBRO5,4MCBfE4596Uoi2O4DtmEMz,Juice WRLD,32077469,87,2019-03-08,day,64,2024-01-08
0.59,0.618,1,-5.756,1,0.334,0.0127,0.0,0.244,0.153,96.459,252729,3,3HNWVQHXpW70ubsDhvnegu,The Bigger Picture,188Wx91EDrfn4HnJFEBRO5,5f7VJjfbwm532GiveGC0ZK,Lil Baby,16366093,86,2020-10-01,day,61,2024-01-08
0.929,0.7,0,-5.595,0,0.0906,0.144,0.0,0.349,0.802,120.009,132024,4,4xqIYGwwZTEem9U8A42SPF,Broke In A Minute,188Wx91EDrfn4HnJFEBRO5,2jku7tDXc6XoB6MO2hFuqg,Tory Lanez,6302994,80,2020-04-10,day,79,2024-01-08
0.872,0.591,6,-6.952,0,0.359,0.111,0.0,0.144,0.696,131.982,205352,4,0hPLZrnDgtKxrym1BHjDhd,can't leave without it,188Wx91EDrfn4HnJFEBRO5,1URnnhqYAYcrqrcwql10ft,21 Savage,16213669,89,2018-12-21,day,77,2024-01-08
0.845,0.631,7,-8.206,0,0.216,0.188,0.0,0.0806,0.545,111.983,279907,4,4ea9w8c4ROqiZpJVhfBA3m,Hot (Remix) [feat. Gunna and Travis Scott],188Wx91EDrfn4HnJFEBRO5,"50co4Is1HCEo8bhOyUWKpn,0Y5tJX1MQlPlqiwlOH1tJY,2hlmm7s2ICUX0LVIhVFlZQ","Young Thug,Travis Scott,Gunna","9355686,26203362,6520604","83,91,84",2019-12-20,day,77,2024-01-08
0.892,0.486,11,-8.637,0,0.384,0.048,0.0,0.146,0.535,120.998,214215,4,3tDqEKKUs6gf8zMvSuLyLA,Commercial (feat. Lil Uzi Vert),188Wx91EDrfn4HnJFEBRO5,"5f7VJjfbwm532GiveGC0ZK,4O15NlyKLIASxsJ0PrXPfz","Lil Baby,Lil Uzi Vert","16366093,16484624","86,85",2020-02-28,day,67,2024-01-08
0.895,0.739,8,-6.633,1,0.283,0.0183,7.61e-06,0.102,0.763,140.007,219340,4,59JWp4PjZ9TRM8cmtaDYB1,Yessirskiii,188Wx91EDrfn4HnJFEBRO5,"4O15NlyKLIASxsJ0PrXPfz,1URnnhqYAYcrqrcwql10ft","Lil Uzi Vert,21 Savage","16484624,16213669","85,89",2020-03-13,day,69,2024-01-08
0.887,0.597,6,-6.66,0,0.281,0.0704,0.0,0.178,0.477,129.976,178901,4,1sxGIhaxY8eF52e1TlShSP,Pardon Me (Lil Yachty feat. Future & Mike WiLL Made-It),188Wx91EDrfn4HnJFEBRO5,"6icQOAFXDZKsumw3YXyusw,1RyvyyTE3xzB2ZywiAwp0i,0NWbwDZY1VkRqFafuQm6wk","Lil Yachty,Future,Mike WiLL Made-It","9554683,15692678,1553951","78,88,66",2020-05-29,day,73,2024-01-08
0.894,0.618,7,-4.356,0,0.129,0.0808,0.0,0.558,0.379,119.1,161320,4,7IMwEtpAiJanqF6vQteZN2,Turks (with Gunna & ft. Travis Scott),188Wx91EDrfn4HnJFEBRO5,"7rkW85dBwwrJtlHRDkJDAC,2hlmm7s2ICUX0LVIhVFlZQ,0Y5tJX1MQlPlqiwlOH1tJY","NAV,Gunna,Travis Scott","3426047,6520604,26203362","72,84,91",2020-05-08,day,67,2024-01-08
0.826,0.635,5,-5.181,0,0.212,0.102,0.0,0.245,0.808,119.954,224916,4,14X1WxiHXdVRJ99cMCBzOE,How I Move (feat. Lil Baby),188Wx91EDrfn4HnJFEBRO5,"2HUwZ0kumzCSlhFcjFZfpp,5f7VJjfbwm532GiveGC0ZK","Flipp Dinero,Lil Baby","1285232,16366093","56,86",2019-11-22,day,62,2024-01-08
0.451,0.876,10,-5.205,0,0.414,0.261,0.0,0.098,0.227,87.306,227176,5,68MTDH8Kk4jBEV1ah0n89s,EA (feat. 21 Savage),188Wx91EDrfn4HnJFEBRO5,"5yPzzu25VzEk8qrGTLIrE1,1URnnhqYAYcrqrcwql10ft","Young Nudy,21 Savage","1388610,16213669","70,89",2017-08-11,day,78,2024-01-08
0.893,0.759,2,-4.245,1,0.309,0.00404,0.0,0.0865,0.498,80.45,224457,4,6c5wQFfJApRMooKE7UQnlH,durag activity (with Travis Scott),188Wx91EDrfn4HnJFEBRO5,"5SXuuuRpukkTvsLuUknva1,0Y5tJX1MQlPlqiwlOH1tJY","Baby Keem,Travis Scott","1992651,26203362","78,91",2021-09-10,day,64,2024-01-08
0.837,0.586,11,-8.521,0,0.0807,0.281,0.0,0.134,0.618,117.066,197000,4,5LHHKZOwV8XW4LJP2C64mw,COOLER THAN A BITCH (feat. Roddy Ricch),188Wx91EDrfn4HnJFEBRO5,"2hlmm7s2ICUX0LVIhVFlZQ,757aE44tKEUQEqRuT6GnEB","Gunna,Roddy Ricch","6520604,10179420","84,76",2020-05-22,day,63,2024-01-08
0.83,0.564,1,-7.822,1,0.235,0.177,0.0,0.128,0.107,85.042,129882,4,5FkoSXiJPKTNyYgALRJFhD,ORANGE SODA,188Wx91EDrfn4HnJFEBRO5,5SXuuuRpukkTvsLuUknva1,Baby Keem,1992651,78,2019-07-19,day,84,2024-01-08
0.796,0.426,1,-13.207,1,0.285,0.356,2.73e-05,0.0941,0.649,150.043,128014,4,0e4A9Fak1nJ7RtBD8YpoEo,Onna Come Up,188Wx91EDrfn4HnJFEBRO5,0rpUnzu4JIoRkKkGvdcm7b,Lil Eazzyy,159219,54,2020-11-20,day,73,2024-01-08
0.788,0.436,1,-9.435,1,0.364,0.0611,0.0,0.0979,0.341,129.847,177314,4,7KSSdFCBHCfq4KPzz78ghk,Heatin Up (feat. Gunna),188Wx91EDrfn4HnJFEBRO5,"5f7VJjfbwm532GiveGC0ZK,2hlmm7s2ICUX0LVIhVFlZQ","Lil Baby,Gunna","16366093,6520604","86,84",2020-02-28,day,70,2024-01-08
0.731,0.811,1,-3.225,1,0.0712,0.0204,0.0,0.411,0.426,147.045,218284,4,6OaVWaGfhXn70ZJfdVcabn,NO BYSTANDERS,188Wx91EDrfn4HnJFEBRO5,0Y5tJX1MQlPlqiwlOH1tJY,Travis Scott,26203362,91,2018-08-03,day,76,2024-01-08
0.877,0.679,5,-4.969,0,0.355,0.0458,0.0,0.0987,0.624,144.93,172185,4,1lw4FrPr3Y8R7Q1Mro2TMe,Still Trappin',188Wx91EDrfn4HnJFEBRO5,"3hcs9uc56yIGFCSy9leWe7,6QtgPSJPSzcnn7dPZ4VINp","Lil Durk,King Von","6859221,3799451","81,75",2020-12-24,day,71,2024-01-08
0.702,0.708,10,-5.366,0,0.0547,0.201,0.0,0.118,0.713,147.98,198408,4,27a1mYSG5tYg7dmEjWBcmL,CAN'T SAY,188Wx91EDrfn4HnJFEBRO5,0Y5tJX1MQlPlqiwlOH1tJY,Travis Scott,26203362,91,2018-08-03,day,80,2024-01-08
0.637,0.723,2,-5.547,1,0.091,0.0134,7.87e-05,0.196,0.228,143.013,214960,4,0fIffclhgJC5h8AdMMVvkp,Welcome To The Party,188Wx91EDrfn4HnJFEBRO5,0eDvMgVFoNV3TpwtrVCoTj,Pop Smoke,13520053,79,2019-07-26,day,71,2024-01-08
0.713,0.605,11,-7.487,1,0.107,0.497,3.46e-06,0.115,0.432,142.025,175756,4,6O7fPYTsb2mY0PiFt2ymDB,Aim For The Moon (feat. Quavo),188Wx91EDrfn4HnJFEBRO5,"0eDvMgVFoNV3TpwtrVCoTj,0VRj0yCOv2FXJNP47XQnx5","Pop Smoke,Quavo","13520053,7128651","79,77",2020-07-03,day,63,2024-01-08
0.74,0.566,1,-8.389,0,0.32,0.0034,0.0,0.589,0.342,156.197,123447,4,6MDdceLYec4AxohmorE4vH,Face Of My City (feat. Lil Baby),188Wx91EDrfn4HnJFEBRO5,"2LIk90788K0zvyj2JJVwkJ,5f7VJjfbwm532GiveGC0ZK","Jack Harlow,Lil Baby","3376624,16366093","84,86",2020-12-11,day,63,2024-01-08
0.915,0.612,1,-4.535,1,0.407,0.0944,0.0,0.115,0.758,129.93,118547,4,5gNOINI5dXZVom2b36LMOd,PICK UP (feat. Quavo),188Wx91EDrfn4HnJFEBRO5,"4r63FhuTkUYltbVAg5TQnk,0VRj0yCOv2FXJNP47XQnx5","DaBaby,Quavo","11554890,7128651","78,77",2020-04-17,day,58,2024-01-08
0.836,0.624,4,-6.75,0,0.184,0.187,0.0,0.138,0.7,103.0,139890,4,1gVCEnryJhkdQcuC0Kbvor,FIND MY WAY,188Wx91EDrfn4HnJFEBRO5,4r63FhuTkUYltbVAg5TQnk,DaBaby,11554890,78,2020-04-17,day,58,2024-01-08
0.896,0.72,0,-6.262,0,0.355,0.169,0.0,0.252,0.966,140.1,212093,4,0oT9ElXYSxvnOOagP9efDq,JUMP (feat. YoungBoy Never Broke Again),188Wx91EDrfn4HnJFEBRO5,"4r63FhuTkUYltbVAg5TQnk,7wlFDEWiM5OoIAt8RSli8b","DaBaby,YoungBoy Never Broke Again","11554890,12248282","78,82",2020-04-17,day,57,2024-01-08
0.768,0.635,10,-4.925,1,0.15,0.0289,0.0,0.312,0.64,160.992,215053,4,3oHiR89Y8gn6xt3YGAAzFj,NASTY (feat. Ashanti & Megan Thee Stallion),188Wx91EDrfn4HnJFEBRO5,"4r63FhuTkUYltbVAg5TQnk,5rkVyNGXEgeUqKkB5ccK83,181bsRPaVXVlUKXrxwZfHK","DaBaby,Ashanti,Megan Thee Stallion","11554890,2920830,8371603","78,70,77",2020-04-17,day,54,2024-01-08
0.943,0.654,1,-5.175,1,0.274,0.0552,0.0,0.0893,0.608,100.091,139500,4,7vxGCUPJhe0fXfBkwVPFcP,REALLY (feat. Stunna 4 Vegas),188Wx91EDrfn4HnJFEBRO5,"4r63FhuTkUYltbVAg5TQnk,44IvvHRk2XF243QLA2VOa8","DaBaby,Stunna 4 Vegas","11554890,813292","78,60",2019-09-27,day,48,2024-01-08
0.884,0.783,1,-2.388,1,0.294,0.0744,0.0,0.12,0.929,124.052,143226,4,0O7mJ0noFBLn8MMUJrFaF1,PROLLY HEARD,188Wx91EDrfn4HnJFEBRO5,4r63FhuTkUYltbVAg5TQnk,DaBaby,11554890,78,2019-09-27,day,47,2024-01-08
0.914,0.655,6,-5.333,0,0.294,0.00245,0.0,0.0817,0.705,143.975,153863,4,4LH1gsNA3wUS6QKkGZoJN8,XXL,188Wx91EDrfn4HnJFEBRO5,4r63FhuTkUYltbVAg5TQnk,DaBaby,11554890,78,2019-09-27,day,52,2024-01-08
0.92,0.622,9,-6.388,1,0.246,0.102,0.0,0.35,0.815,119.962,204573,4,0SsTkfOhM7e87trwjEqBQN,Pony,188Wx91EDrfn4HnJFEBRO5,4r63FhuTkUYltbVAg5TQnk,DaBaby,11554890,78,2019-03-01,day,49,2024-01-08
0.824,0.859,2,-5.668,1,0.302,0.0492,0.0,0.28,0.903,77.973,102840,4,1N7CHs4eGjgr3gjyUgq75Y,Carpet Burn,188Wx91EDrfn4HnJFEBRO5,4r63FhuTkUYltbVAg5TQnk,DaBaby,11554890,78,2019-03-01,day,47,2024-01-08
0.8,0.749,8,-4.943,1,0.33,0.204,0.0,0.113,0.961,151.851,114373,4,5U8sc8et1PiuDQfIQ2J98a,Tupac,188Wx91EDrfn4HnJFEBRO5,4r63FhuTkUYltbVAg5TQnk,DaBaby,11554890,78,2019-03-01,day,42,2024-01-08
0.873,0.682,11,-5.869,0,0.377,0.025,0.0,0.0685,0.799,157.943,151600,4,6aYi4lYcAohNhlNWsbWfy0,Walker Texas Ranger,188Wx91EDrfn4HnJFEBRO5,4r63FhuTkUYltbVAg5TQnk,DaBaby,11554890,78,2019-03-01,day,45,2024-01-08
0.677,0.557,1,-8.409,1,0.0694,0.00508,8.36e-06,0.0984,0.1,150.127,206385,4,62Yo3FDddWY8ydu6PW2wyz,Nail Tech,188Wx91EDrfn4HnJFEBRO5,2LIk90788K0zvyj2JJVwkJ,Jack Harlow,3376624,84,2022-02-18,day,68,2024-01-08
0.828,0.591,1,-6.217,1,0.109,0.0199,0.000323,0.361,0.202,119.251,193347,4,0lEjxUUlKqjqXrVlIHFduD,P power (feat. Drake),188Wx91EDrfn4HnJFEBRO5,"2hlmm7s2ICUX0LVIhVFlZQ,3TVXtAsR1Inumwj472S9r4","Gunna,Drake","6520604,83626299","84,96",2022-01-13,day,81,2024-01-08
0.852,0.747,11,-3.666,0,0.169,0.0311,0.0,0.0789,0.898,148.005,195681,4,1cMMVJ4FDqhCci9efd1BU6,Need It (feat. YoungBoy Never Broke Again),188Wx91EDrfn4HnJFEBRO5,"6oMuImdp5ZcFhWP0ESe6mG,7wlFDEWiM5OoIAt8RSli8b","Migos,YoungBoy Never Broke Again","13641028,12248282","75,82",2021-06-11,day,78,2024-01-08
0.889,0.516,8,-8.852,1,0.327,0.372,0.0,0.0926,0.732,140.005,199012,4,38844QuZDlnt44uHPrSA3S,Oh Okay (feat. Young Thug & Lil Baby),188Wx91EDrfn4HnJFEBRO5,"2hlmm7s2ICUX0LVIhVFlZQ,5f7VJjfbwm532GiveGC0ZK,50co4Is1HCEo8bhOyUWKpn","Gunna,Lil Baby,Young Thug","6520604,16366093,9355686","84,86,83",2018-02-02,day,67,2024-01-08
0.867,0.744,2,-5.171,1,0.227,0.268,0.0,0.0713,0.645,84.005,173288,4,1Z0cZI0UzNbP9L8MzzGxqf,Walk Em Down (feat. Roddy Ricch),188Wx91EDrfn4HnJFEBRO5,"0ErzCpIMyLcjPiwT4elrtZ,757aE44tKEUQEqRuT6GnEB","NLE Choppa,Roddy Ricch","7400887,10179420","79,76",2020-08-10,day,78,2024-01-08
0.892,0.633,8,-7.471,1,0.0902,0.0467,0.000189,0.139,0.459,137.994,195047,4,50a8bKqlwDEqeiEknrzkTO,ball w/o you,188Wx91EDrfn4HnJFEBRO5,1URnnhqYAYcrqrcwql10ft,21 Savage,16213669,89,2018-12-21,day,84,2024-01-08
0.883,0.808,1,-3.158,0,0.182,0.0313,0.0,0.207,0.806,119.01,232065,4,1C8ux1YWLMHCenYJFiIV4Z,PTSD,188Wx91EDrfn4HnJFEBRO5,"5QdEbQJ3ylBnc3gsIASAT5,4O15NlyKLIASxsJ0PrXPfz,4MCBfE4596Uoi2O4DtmEMz,1anyVhU62p31KFi8MEzkbf","G Herbo,Lil Uzi Vert,Juice WRLD,Chance the Rapper","2002907,16484624,32077469,5947668","69,85,87,72",2020-02-28,day,74,2024-01-08
0.721,0.508,7,-7.496,1,0.394,0.317,0.0,0.153,0.457,159.911,166343,4,5R2rsbwCDXORX2tLfprRmM,Yacht Club (feat. Juice WRLD),188Wx91EDrfn4HnJFEBRO5,"6icQOAFXDZKsumw3YXyusw,4MCBfE4596Uoi2O4DtmEMz","Lil Yachty,Juice WRLD","9554683,32077469","78,87",2018-10-19,day,73,2024-01-08
0.863,0.353,1,-14.472,1,0.294,0.105,0.0,0.0985,0.489,108.995,235520,4,01Z60kvLjK2PCVNHo55eld,2 Girlfriends,188Wx91EDrfn4HnJFEBRO5,"4jJXnnMCODl8ds7bgmHgUP,0WK3H9OErSn5zKOkOV5egm","Baby Rich,DDG","9342,1226115","36,63",2018-09-09,day,18,2024-01-08
0.711,0.611,1,-5.453,1,0.33,0.00588,0.0,0.23,0.144,134.093,252262,4,3QFInJAm9eyaho5vBzxInN,family ties (with Kendrick Lamar),188Wx91EDrfn4HnJFEBRO5,"5SXuuuRpukkTvsLuUknva1,2YZyLoL8N0Wb9xBt1NhZWg","Baby Keem,Kendrick Lamar","1992651,26526500","78,87",2021-09-10,day,84,2024-01-08
0.567,0.462,1,-7.794,1,0.36,0.00192,3.57e-06,0.106,0.172,152.236,169828,4,0w6webWdhjRKdqJ3DeGgM1,STATS,188Wx91EDrfn4HnJFEBRO5,5SXuuuRpukkTvsLuUknva1,Baby Keem,1992651,78,2019-07-19,day,70,2024-01-08
0.719,0.648,3,-7.6,0,0.125,0.2,0.0,0.127,0.66,140.201,123263,4,1t9WgS8FN0534tLBRwbaxO,Whoopty,188Wx91EDrfn4HnJFEBRO5,7arQA31aZVS8yS6zUveWzb,CJ,230496,59,2021-02-19,day,70,2024-01-08
0.765,0.488,1,-10.019,1,0.229,0.00288,0.0,0.182,0.229,143.799,80386,4,4e8v2ZEw8uO7rBeJVbnHWj,"You Know?, Pt. 3",188Wx91EDrfn4HnJFEBRO5,5AYeIJIU09BXFjZEyDujtB,Crimsons Red,8633,33,2022-02-11,day,50,2024-01-08
0.926,0.459,5,-6.203,1,0.053,0.00685,0.0,0.139,0.546,117.868,174502,4,7HyAAmp8lsDoDHxyvaEaDK,south africa,188Wx91EDrfn4HnJFEBRO5,5SXuuuRpukkTvsLuUknva1,Baby Keem,1992651,78,2021-09-10,day,52,2024-01-08
0.872,0.278,2,-11.478,1,0.409,0.159,0.0,0.0552,0.49,74.996,117191,4,3LSBODvr96eWDzLPyuc1i4,556 (Green Tip),188Wx91EDrfn4HnJFEBRO5,00msLVGU9crX0EC5McCiCa,iayze,132626,34,2022-03-02,day,63,2024-01-08
0.592,0.814,1,-5.693,1,0.0764,0.0639,0.0,0.185,0.293,139.854,137105,4,6XU6O2o4nPklVezwKMBbpx,R.I.P SMOKE,188Wx91EDrfn4HnJFEBRO5,1RlBttuJAY33jcaL1TOlUw,AKTHESAVIOR,74235,42,2020-12-11,day,30,2024-01-08
0.883,0.673,6,-8.089,0,0.3,0.057,2.8e-05,0.13,0.507,100.022,126000,4,6Gul0FnIbrDUjpL58kB9gX,Sangria (feat. Denzel Curry),188Wx91EDrfn4HnJFEBRO5,"5IbEL2xjRtKsunfmsahLuO,6fxyWrfmjcbj5d12gXeiNV","$NOT,Denzel Curry","1461350,2451930","67,68",2020-10-30,day,54,2024-01-08
0.73,0.726,2,-4.865,1,0.0655,0.00893,4.42e-06,0.255,0.731,139.938,151286,4,1R7IfLjtJ4B9kqjIqaEeVf,NO TRENDS,188Wx91EDrfn4HnJFEBRO5,6rIaHuCIUu32uj2CjlEBN3,Mike Dimes,207304,59,2022-03-08,day,68,2024-01-08
0.627,0.369,10,-9.411,1,0.26,0.516,1.64e-05,0.143,0.0906,144.968,136594,4,6q8UIzUSII0Nw62S1IBOIg,Dreams N' Nightmares,188Wx91EDrfn4HnJFEBRO5,5PPetvBg4hGBkco4Y267hd,Quelly Woo,49202,38,2020-02-28,day,46,2024-01-08
0.814,0.659,2,-4.475,1,0.0811,0.00161,0.0254,0.499,0.13,88.521,173400,4,2YMCSqTmBTtcYA8dyUCvbT,Spiral,188Wx91EDrfn4HnJFEBRO5,1URnnhqYAYcrqrcwql10ft,21 Savage,16213669,89,2021-04-30,day,61,2024-01-08
0.964,0.771,11,-7.238,0,0.311,0.00451,1.58e-06,0.432,0.468,127.003,105827,4,6bsRaxW3vYniwPytZQXZB6,Spinback,188Wx91EDrfn4HnJFEBRO5,1iJdyDcY98X3GMnUesl7tf,Comethazine,2231972,60,2021-09-15,day,50,2024-01-08
0.71,0.696,2,-2.895,0,0.458,0.464,3.7e-06,0.274,0.773,139.892,207426,4,4FFefXytCYkDajcHsD0zyn,Hit List,188Wx91EDrfn4HnJFEBRO5,5qvOCtfIaafXgf3QTNy9q2,CoachDaGhost,57543,39,2020-07-10,day,47,2024-01-08
0.77,0.699,0,-6.59,1,0.199,0.0596,1.65e-05,0.17,0.696,81.003,165315,4,1ojBtNRMzjL7ptLPZCzfRz,Thinking with My Dick (feat. Juicy J),188Wx91EDrfn4HnJFEBRO5,"1gPhS1zisyXr5dHTYZyiMe,5gCRApTajqwbnHHPbr2Fpi","Kevin Gates,Juicy J","6040529,3138996","71,72",2013-07-16,day,67,2024-01-08
0.95,0.486,2,-9.809,1,0.274,0.319,4.46e-05,0.104,0.158,124.979,130560,4,2B5QF7KSCv5jz2hIxyKic5,Dwayne Carter Flow,188Wx91EDrfn4HnJFEBRO5,5o4gKYJ99ROV1yye1v9Sh4,Nate Husser,22345,35,2022-08-12,day,46,2024-01-08
0.877,0.56,7,-3.751,1,0.0596,0.00721,1.45e-06,0.0839,0.154,119.971,216136,4,3S68RFe1lsdCdTMPIMJM3X,Cash In Cash Out,188Wx91EDrfn4HnJFEBRO5,"2RdwBSPQiwcmiDo9kixcl8,1URnnhqYAYcrqrcwql10ft,4V8LLVI7PbaPR0K2TGSxFF","Pharrell Williams,21 Savage,Tyler, The Creator","4336597,16213669,13737518","78,89,84",2022-06-10,day,73,2024-01-08
0.741,0.87,6,-3.494,0,0.503,0.00813,0.0,0.114,0.663,184.194,254723,4,4IO8X9W69dIQe0EC5ALXhq,Immortal,188Wx91EDrfn4HnJFEBRO5,1URnnhqYAYcrqrcwql10ft,21 Savage,16213669,89,2019-10-31,day,74,2024-01-08
0.91,0.585,11,-7.572,0,0.257,0.0536,0.0,0.127,0.599,129.011,165067,4,4KDNRh9Oor80z3XIxdWlui,Bubbly (with Drake & Travis Scott),188Wx91EDrfn4HnJFEBRO5,"50co4Is1HCEo8bhOyUWKpn,3TVXtAsR1Inumwj472S9r4,0Y5tJX1MQlPlqiwlOH1tJY","Young Thug,Drake,Travis Scott","9355686,83626299,26203362","83,96,91",2021-10-15,day,72,2024-01-08
0.767,0.71,11,-7.177,0,0.352,0.0887,3.41e-06,0.106,0.244,120.0,160507,4,2y55JzTDe2kFDChkBZUOUS,FUXK (feat. Ski Mask the Slump God),188Wx91EDrfn4HnJFEBRO5,"15UsOTVnJzReFVN1VCnxy4,2rhFzFmezpnW82MNqEKVry","XXXTENTACION,Ski Mask The Slump God","43791982,5634073","85,72",2022-06-10,day,61,2024-01-08
0.871,0.715,3,-7.828,0,0.147,0.196,0.0,0.14,0.378,150.955,102960,4,34PhB0kHT00utubP3aTau8,Burn The Hoods,188Wx91EDrfn4HnJFEBRO5,2rhFzFmezpnW82MNqEKVry,Ski Mask The Slump God,5634073,72,2020-07-24,day,64,2024-01-08
0.659,0.796,1,-7.841,0,0.219,0.0341,4.94e-06,0.324,0.605,112.944,165061,4,5pP390EcAYj8wYcKl0E36l,SWEET,188Wx91EDrfn4HnJFEBRO5,1JmCy4jQegbbMjBWRI0iCt,Dre Wave$,10150,30,2021-05-30,day,41,2024-01-08
0.9,0.509,1,-6.647,1,0.257,0.115,1.67e-06,0.0937,0.765,100.007,99283,4,27ZZdyTSQWI7Cug2d2PkqV,BILLIE EILISH.,188Wx91EDrfn4HnJFEBRO5,2qAwMsiIjTzlmfAkXKvhVA,Armani White,503048,62,2022-05-19,day,74,2024-01-08
0.704,0.504,1,-6.749,1,0.223,0.0405,0.000422,0.139,0.0713,82.537,221406,4,29YW2xXlo6Pc6M0SBTCXYN,More M’s,188Wx91EDrfn4HnJFEBRO5,"3TVXtAsR1Inumwj472S9r4,1URnnhqYAYcrqrcwql10ft","Drake,21 Savage","83626299,16213669","96,89",2022-11-04,day,71,2024-01-08
0.561,0.52,11,-9.342,0,0.244,0.0503,1.86e-06,0.355,0.424,153.15,239360,3,1bDbXMyjaUIooNwFE9wn0N,Rich Flex,188Wx91EDrfn4HnJFEBRO5,"3TVXtAsR1Inumwj472S9r4,1URnnhqYAYcrqrcwql10ft","Drake,21 Savage","83626299,16213669","96,89",2022-11-04,day,87,2024-01-08
0.849,0.433,5,-8.434,0,0.316,0.0407,0.0,0.388,0.395,142.11,152962,4,0wshkEEcJUQU33RSRBb5dv,BackOutsideBoyz,188Wx91EDrfn4HnJFEBRO5,3TVXtAsR1Inumwj472S9r4,Drake,83626299,96,2022-11-04,day,71,2024-01-08
0.465,0.713,10,-5.205,0,0.0796,0.191,0.0,0.299,0.329,123.872,230709,4,2FBo7mg3It3YOefMhBKk60,You Broke My Heart,37i9dQZF1DX7QOv5kjbU68,3TVXtAsR1Inumwj472S9r4,Drake,83626299,96,2023-11-17,day,72,2024-01-08
0.48,0.634,11,-7.396,0,0.322,0.0233,0.0,0.383,0.294,164.005,247444,4,6ltWTSzsV2TaSsOhoA8eBC,First Person Shooter (feat. J. Cole),37i9dQZF1DX7QOv5kjbU68,"3TVXtAsR1Inumwj472S9r4,6l3HvQ5sa6mXTsMTB19rO5","Drake,J. Cole","83626299,22394288","96,86",2023-11-17,day,66,2024-01-08
0.557,0.774,7,-5.275,0,0.351,0.012,0.0,0.396,0.397,111.975,246134,4,67nepsnrcZkowTxMWigSbb,MELTDOWN (feat. Drake),37i9dQZF1DX7QOv5kjbU68,"0Y5tJX1MQlPlqiwlOH1tJY,3TVXtAsR1Inumwj472S9r4","Travis Scott,Drake","26203362,83626299","91,96",2023-07-28,day,87,2024-01-08
0.483,0.408,5,-9.243,0,0.0502,0.508,0.0,0.259,0.105,88.88,310491,3,3RaCGXCiiMufRPoexXxGkV,Slime You Out (feat. SZA),37i9dQZF1DX7QOv5kjbU68,"3TVXtAsR1Inumwj472S9r4,7tYKF4w9nC0nq9CsPZTHyP","Drake,SZA","83626299,16849233","96,88",2023-09-15,day,79,2024-01-08
0.615,0.632,1,-8.539,1,0.292,0.108,0.0,0.129,0.194,150.126,275281,4,1L0OmJV0LnPDWuHCIGmBV6,On The Radar Freestyle,37i9dQZF1DX7QOv5kjbU68,"3TVXtAsR1Inumwj472S9r4,5H4yInM5zmHqpKIoMNAx4r","Drake,Central Cee","83626299,4662882","96,80",2023-07-26,day,76,2024-01-08
0.512,0.787,1,-5.374,1,0.322,0.0454,0.0,0.22,0.213,78.184,227692,4,6cmXX1EiigAAyvahpqfa4c,Evil Ways (feat. J. Cole),37i9dQZF1DX7QOv5kjbU68,"3TVXtAsR1Inumwj472S9r4,6l3HvQ5sa6mXTsMTB19rO5","Drake,J. Cole","83626299,22394288","96,86",2023-11-17,day,68,2024-01-08
0.817,0.44,10,-8.482,0,0.0734,0.0603,1.42e-06,0.33,0.544,142.024,272113,4,7aRCf5cLOFN1U7kvtChY1G,Search & Rescue,37i9dQZF1DX7QOv5kjbU68,3TVXtAsR1Inumwj472S9r4,Drake,83626299,96,2023-04-07,day,83,2024-01-08
0.454,0.767,4,-6.834,0,0.317,0.286,0.0,0.315,0.682,76.01,374026,4,3z91ibrazNnusM2nSVY2NR,The Shoe Fits,37i9dQZF1DX7QOv5kjbU68,3TVXtAsR1Inumwj472S9r4,Drake,83626299,96,2023-11-17,day,64,2024-01-08
0.44,0.722,0,-5.832,1,0.217,0.141,0.0,0.135,0.358,126.163,160049,3,0giAhiU1PIrYKHRpKNp4XT,Red Button,37i9dQZF1DX7QOv5kjbU68,3TVXtAsR1Inumwj472S9r4,Drake,83626299,96,2023-11-17,day,64,2024-01-08
0.646,0.743,11,-4.572,0,0.338,0.147,0.0,0.101,0.891,151.314,208917,5,40EXFgNMOIQRQOwJZ8mJkC,Who Told You (feat. Drake),37i9dQZF1DX7QOv5kjbU68,"2a0uxJgbvvIRI4GX8pYfcr,3TVXtAsR1Inumwj472S9r4","J Hus,Drake","1201874,83626299","67,96",2023-06-08,day,74,2024-01-08
0.841,0.358,9,-8.368,1,0.591,0.0201,0.0,0.39,0.329,158.014,261544,4,34tz0eDhGuFErIuW3q4mPX,On BS,37i9dQZF1DX7QOv5kjbU68,"3TVXtAsR1Inumwj472S9r4,1URnnhqYAYcrqrcwql10ft","Drake,21 Savage","83626299,16213669","96,89",2022-11-04,day,79,2024-01-08
0.463,0.642,1,-4.474,1,0.34,0.314,0.0,0.0686,0.339,83.389,189893,4,59nOXPmaKlBfGMDeOVGrIK,WAIT FOR U (feat. Drake & Tems),37i9dQZF1DX7QOv5kjbU68,"1RyvyyTE3xzB2ZywiAwp0i,3TVXtAsR1Inumwj472S9r4,687cZJR45JO7jhk1LHIbgq","Future,Drake,Tems","15692678,83626299,1429187","88,96,74",2022-04-29,day,86,2024-01-08
0.568,0.76,1,-6.455,0,0.275,0.0431,1.53e-05,0.18,0.481,100.042,245241,4,6rb3wFQ66EWR7DcPG0oEE1,We Caa Done (feat. Drake),37i9dQZF1DX7QOv5kjbU68,"62DmErcU7dqZbJaDqwsqzR,3TVXtAsR1Inumwj472S9r4","Popcaan,Drake","1010978,83626299","64,96",2023-01-06,day,65,2024-01-08
0.536,0.923,11,-6.654,0,0.439,0.34,0.0,0.225,0.519,84.33,181429,4,3TDTfJarTsRXCd8lITkTRv,Wick Man,37i9dQZF1DX7QOv5kjbU68,3TVXtAsR1Inumwj472S9r4,Drake,83626299,96,2023-11-17,day,60,2024-01-08
0.934,0.614,5,-7.384,1,0.198,0.00274,0.0,0.123,0.616,144.045,160821,4,7l2nxyx7IkBX5orhkALg0V,Privileged Rappers,37i9dQZF1DX7QOv5kjbU68,"3TVXtAsR1Inumwj472S9r4,1URnnhqYAYcrqrcwql10ft","Drake,21 Savage","83626299,16213669","96,89",2022-11-04,day,76,2024-01-08
0.781,0.594,0,-6.959,0,0.0485,0.0136,0.0,0.162,0.0628,129.895,178154,4,3aQem4jVGdhtg116TmJnHz,What’s Next,37i9dQZF1DX7QOv5kjbU68,3TVXtAsR1Inumwj472S9r4,Drake,83626299,96,2021-03-05,day,73,2024-01-08
0.62,0.831,4,-4.444,1,0.189,0.531,0.000165,0.215,0.83,86.962,264130,4,6pFV3CL0xT8C418wUKOgKJ,Stories About My Brother,37i9dQZF1DX7QOv5kjbU68,3TVXtAsR1Inumwj472S9r4,Drake,83626299,96,2023-11-17,day,62,2024-01-08
0.908,0.546,8,-10.491,0,0.323,0.0127,0.0,0.0707,0.225,131.016,170502,4,46s57QULU02Voy0Kup6UEb,Major Distribution,37i9dQZF1DX7QOv5kjbU68,"3TVXtAsR1Inumwj472S9r4,1URnnhqYAYcrqrcwql10ft","Drake,21 Savage","83626299,16213669","96,89",2022-11-04,day,74,2024-01-08
0.568,0.56,9,-9.059,1,0.42,0.228,3.05e-06,0.39,0.246,130.019,308756,4,4s7QLoImIwmPi9L6dq1nVW,TSU,37i9dQZF1DX7QOv5kjbU68,3TVXtAsR1Inumwj472S9r4,Drake,83626299,96,2021-09-03,day,75,2024-01-08
0.773,0.701,7,-6.386,1,0.0512,0.01,0.0,0.163,0.203,129.963,214589,4,2ZL7WZcjuYKi1KUDtp4kCC,Spin Bout U,37i9dQZF1DX7QOv5kjbU68,"3TVXtAsR1Inumwj472S9r4,1URnnhqYAYcrqrcwql10ft","Drake,21 Savage","83626299,16213669","96,89",2022-11-04,day,83,2024-01-08
0.853,0.495,6,-14.63,1,0.14,0.0917,0.000217,0.0844,0.0774,137.027,243228,4,4rmVZajAF7PkrCagGPHbqa,Sticky,37i9dQZF1DX7QOv5kjbU68,3TVXtAsR1Inumwj472S9r4,Drake,83626299,96,2022-06-17,day,76,2024-01-08
0.423,0.667,6,-7.012,0,0.326,0.758,0.0,0.246,0.496,86.743,336511,4,2HSmyk2qMN8WQjuGhaQgCk,Champagne Poetry,37i9dQZF1DX7QOv5kjbU68,3TVXtAsR1Inumwj472S9r4,Drake,83626299,96,2021-09-03,day,78,2024-01-08
0.735,0.449,10,-7.507,1,0.347,0.629,0.0,0.113,0.0397,122.947,220488,4,4wVOKKEHUJxHCFFNUWDn0B,Chicago Freestyle (feat. Giveon),37i9dQZF1DX7QOv5kjbU68,"3TVXtAsR1Inumwj472S9r4,4fxd5Ee7UefO4CUXgwJ7IP","Drake,Giveon","83626299,3446916","96,76",2020-05-01,day,82,2024-01-08
0.499,0.671,4,-6.774,0,0.0561,0.114,0.0169,0.148,0.0557,124.994,336924,3,28JBD8p18xNuOfyV7Cotdn,Massive,37i9dQZF1DX7QOv5kjbU68,3TVXtAsR1Inumwj472S9r4,Drake,83626299,96,2022-06-17,day,72,2024-01-08
0.763,0.667,2,-6.285,1,0.085,0.021,2.4e-05,0.0715,0.75,95.864,260520,4,5hTl2uxJGd1sbLtovguuuk,Stars Align (with Drake),37i9dQZF1DX7QOv5kjbU68,"4HzKw8XcD0piJmDrrPRCYk,3TVXtAsR1Inumwj472S9r4","Majid Jordan,Drake","935822,83626299","67,96",2021-10-22,day,69,2024-01-08
0.773,0.281,1,-9.781,1,0.11,0.24,0.0,0.112,0.465,102.019,227706,4,3Kwdm0iLyEiRB8InsZoo6n,Talk To Me,37i9dQZF1DX7QOv5kjbU68,"0p4ViyfJUTW0IT4SCBLexf,3TVXtAsR1Inumwj472S9r4","Drakeo the Ruler,Drake","349862,83626299","60,96",2021-02-24,day,67,2024-01-08
0.501,0.403,6,-11.106,0,0.119,0.234,0.0,0.267,0.111,118.352,399154,4,0sSRLXxknVTQDStgU1NqpY,Hours In Silence,37i9dQZF1DX7QOv5kjbU68,"3TVXtAsR1Inumwj472S9r4,1URnnhqYAYcrqrcwql10ft","Drake,21 Savage","83626299,16213669","96,89",2022-11-04,day,77,2024-01-08
0.613,0.615,5,-4.859,0,0.107,0.308,0.0,0.107,0.342,86.782,226220,4,6tiKwZppNjrls8RsPQwK6r,You're Mines Still (feat. Drake),37i9dQZF1DX7QOv5kjbU68,"3KNIG74xSTc3dj0TRy7pGX,3TVXtAsR1Inumwj472S9r4","Yung Bleu,Drake","1459654,83626299","63,96",2021-07-23,day,73,2024-01-08
0.488,0.635,10,-7.19,1,0.26,0.179,8.16e-06,0.156,0.783,174.072,269884,4,2Q3jFbyE61mCjS3SkW4toJ,Race My Mind,37i9dQZF1DX7QOv5kjbU68,3TVXtAsR1Inumwj472S9r4,Drake,83626299,96,2021-09-03,day,69,2024-01-08
0.734,0.605,1,-8.476,1,0.0699,0.0102,0.0,0.317,0.252,103.976,236795,4,7GeTsDIc5ykNB6lORO6Cee,Circo Loco,37i9dQZF1DX7QOv5kjbU68,"3TVXtAsR1Inumwj472S9r4,1URnnhqYAYcrqrcwql10ft","Drake,21 Savage","83626299,16213669","96,89",2022-11-04,day,76,2024-01-08
0.8,0.56,5,-4.818,0,0.261,0.057,0.0,0.134,0.45,163.071,200221,4,6EDO9iiTtwNv6waLwa1UUq,POPSTAR (feat. Drake),37i9dQZF1DX7QOv5kjbU68,"0QHgL1lAIqAw0HtD7YldmP,3TVXtAsR1Inumwj472S9r4","DJ Khaled,Drake","10860995,83626299","74,96",2020-07-17,day,73,2024-01-08
0.883,0.283,0,-12.653,1,0.113,0.104,0.00167,0.0935,0.416,122.013,157390,4,1eCFz60zd7mAXgWLapPd9B,Currents,37i9dQZF1DX7QOv5kjbU68,3TVXtAsR1Inumwj472S9r4,Drake,83626299,96,2022-06-17,day,65,2024-01-08
0.695,0.343,5,-10.798,1,0.0432,0.0743,1.04e-06,0.107,0.229,85.84,218902,4,35RJhm1pEovTBwnNR0zWad,GREECE (feat. Drake),37i9dQZF1DX7QOv5kjbU68,"0QHgL1lAIqAw0HtD7YldmP,3TVXtAsR1Inumwj472S9r4","DJ Khaled,Drake","10860995,83626299","74,96",2020-07-16,day,72,2024-01-08
0.701,0.741,2,-6.157,1,0.313,0.112,0.0,0.699,0.588,140.177,178623,4,6jy9yJfgCsMHdu2Oz4BGKX,Papi’s Home,37i9dQZF1DX7QOv5kjbU68,3TVXtAsR1Inumwj472S9r4,Drake,83626299,96,2021-09-03,day,70,2024-01-08
0.571,0.747,7,-4.659,1,0.17,0.478,0.0,0.116,0.635,106.253,259651,4,27g5G3TW90FSm3YxclYpAs,TWIST & TURN (feat. Drake & PARTYNEXTDOOR),37i9dQZF1DX7QOv5kjbU68,"62DmErcU7dqZbJaDqwsqzR,3TVXtAsR1Inumwj472S9r4,2HPaUgqeutzr3jx5a9WyDV","Popcaan,Drake,PARTYNEXTDOOR","1010978,83626299,6064028","64,96,78",2020-08-07,day,66,2024-01-08
0.834,0.454,1,-9.75,0,0.201,0.321,6.15e-06,0.114,0.837,81.618,247059,4,127QTOFJsJQp5LbJbu3A1y,Toosie Slide,37i9dQZF1DX7QOv5kjbU68,3TVXtAsR1Inumwj472S9r4,Drake,83626299,96,2020-04-03,day,74,2024-01-08
0.676,0.609,2,-5.831,0,0.481,0.0706,0.0,0.152,0.508,142.037,237735,4,5yY9lUy8nbvjM1Uyo1Uqoc,Life Is Good (feat. Drake),37i9dQZF1DX7QOv5kjbU68,"1RyvyyTE3xzB2ZywiAwp0i,3TVXtAsR1Inumwj472S9r4","Future,Drake","15692678,83626299","88,96",2020-01-10,day,77,2024-01-08
0.73,0.576,2,-5.442,1,0.287,0.354,3.59e-05,0.15,0.155,92.131,228461,4,4VCbgIdr8ptegWeJpqLVHH,Love All (with JAY-Z),37i9dQZF1DX7QOv5kjbU68,"3TVXtAsR1Inumwj472S9r4,3nFkdlSjzX9mRTtwJOzDYB","Drake,JAY-Z","83626299,8801570","96,82",2021-09-03,day,72,2024-01-08
0.836,0.617,0,-4.363,1,0.0534,0.17,0.0,0.319,0.866,138.066,206702,4,7wsmIIm0xWmtP7TmACXkJn,Oprah’s Bank Account (Lil Yachty & DaBaby feat. Drake),37i9dQZF1DX7QOv5kjbU68,"6icQOAFXDZKsumw3YXyusw,4r63FhuTkUYltbVAg5TQnk,3TVXtAsR1Inumwj472S9r4","Lil Yachty,DaBaby,Drake","9554683,11554890,83626299","78,78,96",2020-03-09,day,62,2024-01-08
0.724,0.531,5,-4.108,0,0.298,0.225,0.0,0.11,0.141,89.901,239635,4,42m3eP1JJhtzffal9B136J,7am On Bridle Path,37i9dQZF1DX7QOv5kjbU68,3TVXtAsR1Inumwj472S9r4,Drake,83626299,96,2021-09-03,day,64,2024-01-08
0.519,0.851,7,-6.001,1,0.29,0.118,0.0,0.178,0.711,123.823,213104,5,50ceCGZ3oD3U5caQV5bP6f,You Only Live Twice (with Lil Wayne & Rick Ross),37i9dQZF1DX7QOv5kjbU68,"3TVXtAsR1Inumwj472S9r4,55Aa2cqylxrFIXC767Z865,1sBkRIssrMs1AbVkOJbc7a","Drake,Lil Wayne,Rick Ross","83626299,14232381,7103142","96,85,76",2021-09-03,day,66,2024-01-08
0.865,0.53,0,-6.347,0,0.0491,0.511,0.00149,0.0946,0.203,104.948,197973,4,2rFqkDRJlumT7QjljlldlR,LOYAL (feat. Drake),37i9dQZF1DX7QOv5kjbU68,"2HPaUgqeutzr3jx5a9WyDV,3TVXtAsR1Inumwj472S9r4","PARTYNEXTDOOR,Drake","6064028,83626299","78,96",2020-03-26,day,68,2024-01-08
0.915,0.588,7,-6.302,0,0.0677,0.0824,0.000169,0.104,0.329,123.936,218710,4,2sqsNXfN0HtgDEgaHXiUTa,Won't Be Late (feat. Drake),37i9dQZF1DX7QOv5kjbU68,"1zNqQNIdeOUZHb8zbZRFMX,3TVXtAsR1Inumwj472S9r4","Swae Lee,Drake","1964515,83626299","79,96",2019-08-16,day,67,2024-01-08
0.32,0.466,8,-6.77,1,0.0374,0.00645,0.0,0.133,0.338,177.693,229304,3,5ScbulRnixQ2XAdvrPMFjz,Get Along Better,37i9dQZF1DX7QOv5kjbU68,"3TVXtAsR1Inumwj472S9r4,7c0XG5cIJTrrAgEC3ULPiq","Drake,Ty Dolla $ign","83626299,4870732","96,79",2021-09-03,day,72,2024-01-08
0.502,0.633,1,-5.8,1,0.419,0.00991,0.0,0.389,0.552,83.226,349600,4,1rX5L6pyl3rVWb55D8Cprr,Gold Roses (feat. Drake),37i9dQZF1DX7QOv5kjbU68,"1sBkRIssrMs1AbVkOJbc7a,3TVXtAsR1Inumwj472S9r4","Rick Ross,Drake","7103142,83626299","76,96",2019-08-15,day,60,2024-01-08
0.395,0.922,1,-2.176,1,0.375,0.19,0.0,0.134,0.558,162.361,257690,4,3QLjDkgLh9AOEHlhQtDuhs,Best I Ever Had,37i9dQZF1DX7QOv5kjbU68,3TVXtAsR1Inumwj472S9r4,Drake,83626299,96,2009,year,81,2024-01-08
0.656,0.432,6,-9.481,0,0.217,0.443,0.0,0.132,0.0897,97.022,222374,4,14SaZBTjxlorHJQxXh01Hu,Girls Need Love (with Drake) - Remix,37i9dQZF1DX7QOv5kjbU68,"57LYzLEk2LcFghVwuWbcuS,3TVXtAsR1Inumwj472S9r4","Summer Walker,Drake","5871705,83626299","78,96",2018-10-19,day,82,2024-01-08
0.777,0.414,6,-7.44,0,0.0946,0.00421,2.73e-05,0.0724,0.287,100.002,227880,4,2aSC2xhRxOLiiZZVjhbylH,"Hold On, We're Going Home",37i9dQZF1DX7QOv5kjbU68,"3TVXtAsR1Inumwj472S9r4,4HzKw8XcD0piJmDrrPRCYk","Drake,Majid Jordan","83626299,935822","96,67",2013-01-01,day,76,2024-01-08
0.766,0.283,8,-10.33,0,0.0846,0.111,0.0172,0.115,0.144,97.04,219692,4,6n3HGiq4v35D6eFOSwqYuo,Teenage Fever,37i9dQZF1DX7QOv5kjbU68,3TVXtAsR1Inumwj472S9r4,Drake,83626299,96,2017-03-18,day,84,2024-01-08
0.783,0.416,4,-9.84,0,0.135,0.213,0.0,0.103,0.165,87.073,245131,4,3RkNXZvOSMMElmmXztDc94,F*****g Fans,37i9dQZF1DX7QOv5kjbU68,3TVXtAsR1Inumwj472S9r4,Drake,83626299,96,2021-09-03,day,66,2024-01-08
0.476,0.161,8,-11.665,0,0.0407,0.967,0.0381,0.109,0.0908,119.614,133763,4,1PDP7mLiAMwhfmgIwzhOm2,Yebba’s Heartbreak,37i9dQZF1DX7QOv5kjbU68,"3TVXtAsR1Inumwj472S9r4,1ooV8YZC1KbpEcrmI8WH0F","Drake,Yebba","83626299,454338","96,65",2021-09-03,day,82,2024-01-08
0.816,0.538,6,-6.354,0,0.0617,0.0142,0.000496,0.099,0.156,97.054,210368,4,3gE4eQH3K83Sght0ZLvuBK,MIA,37i9dQZF1DX7QOv5kjbU68,"4q3ewBCX7sLwd24euuV69X,3TVXtAsR1Inumwj472S9r4","Bad Bunny,Drake","78216625,83626299","95,96",2018-12-23,day,79,2024-01-08
0.739,0.491,1,-9.726,0,0.413,0.626,0.0,0.126,0.448,94.391,322160,4,0GaBIpyHvytM1UBYmqXu08,From Time,37i9dQZF1DX7QOv5kjbU68,"3TVXtAsR1Inumwj472S9r4,5ZS223C6JyBfXasXxrRqOk","Drake,Jhené Aiko","83626299,7193429","96,77",2013-01-01,day,72,2024-01-08
0.928,0.481,9,-9.35,0,0.287,0.105,0.0,0.176,0.613,134.007,210937,4,343YBumqHu19cGoGARUTsd,Fake Love,37i9dQZF1DX7QOv5kjbU68,3TVXtAsR1Inumwj472S9r4,Drake,83626299,96,2017-03-18,day,75,2024-01-08
0.779,0.572,6,-9.985,0,0.378,0.157,0.0,0.246,0.647,135.956,300160,4,2P3SLxeQHPqh8qKB6gtJY2,Poetic Justice,37i9dQZF1DX7QOv5kjbU68,"2YZyLoL8N0Wb9xBt1NhZWg,3TVXtAsR1Inumwj472S9r4","Kendrick Lamar,Drake","26526500,83626299","87,96",2012,year,75,2024-01-08
0.518,0.69,9,-6.15,1,0.107,0.128,0.0,0.176,0.59,77.837,205721,4,11pEKMLmavDu8fxOB5QjbQ,Pipe Down,37i9dQZF1DX7QOv5kjbU68,3TVXtAsR1Inumwj472S9r4,Drake,83626299,96,2021-09-03,day,75,2024-01-08
0.646,0.899,6,-2.232,1,0.298,0.0337,0.0,0.232,0.685,164.119,219507,4,3kCwyvhvVTyehIzYN2I0nF,Omertà,37i9dQZF1DX7QOv5kjbU68,3TVXtAsR1Inumwj472S9r4,Drake,83626299,96,2019-06-15,day,59,2024-01-08
0.591,0.846,7,-3.687,1,0.276,0.186,0.0,0.463,0.121,94.795,302492,4,2hcohLIysMxofYziluXCoX,Ignant Shit (feat. Lil Wayne),37i9dQZF1DX7QOv5kjbU68,"3TVXtAsR1Inumwj472S9r4,55Aa2cqylxrFIXC767Z865","Drake,Lil Wayne","83626299,14232381","96,85",2009,year,58,2024-01-08
0.562,0.544,8,-5.065,1,0.369,0.536,0.0,0.17,0.231,159.517,375050,4,6NwhtCYkfwWlcR62Ac4E7y,Successful (feat. Trey Songz & Lil Wayne),37i9dQZF1DX7QOv5kjbU68,"3TVXtAsR1Inumwj472S9r4,2iojnBLj0qIMiKPvVhLnsH,55Aa2cqylxrFIXC767Z865","Drake,Trey Songz,Lil Wayne","83626299,7381157,14232381","96,68,85",2009,year,61,2024-01-08
0.457,0.906,5,-2.278,0,0.342,0.249,0.0,0.182,0.54,104.02,357707,5,5UsLjwBaTHBX4ektWIr4XX,Forever,37i9dQZF1DX7QOv5kjbU68,"3TVXtAsR1Inumwj472S9r4,5K4W6rqBFWDnAN6FQUkS6x,55Aa2cqylxrFIXC767Z865,7dGJo4pcD2V6oG8kP0tJRR","Drake,Kanye West,Lil Wayne,Eminem","83626299,22986248,14232381,80373039","96,91,85,90",2009-05-15,day,78,2024-01-08
0.59,0.493,7,-8.704,0,0.0367,0.402,0.00504,0.129,0.0498,150.026,252379,4,7F9cT6hIRhnFCYP6GKS0tf,IMY2 (with Kid Cudi),37i9dQZF1DX7QOv5kjbU68,"3TVXtAsR1Inumwj472S9r4,0fA0VVWsXO9YnASrzqfmYu","Drake,Kid Cudi","83626299,6788413","96,79",2021-09-03,day,68,2024-01-08
0.749,0.476,11,-11.147,0,0.507,0.579,0.0,0.1,0.534,71.937,188189,4,0JaVdpmiex2EP7bBzyKVTa,November 18th,37i9dQZF1DX7QOv5kjbU68,3TVXtAsR1Inumwj472S9r4,Drake,83626299,96,2009,year,63,2024-01-08
0.582,0.677,7,-7.081,1,0.172,0.0312,6.6e-06,0.122,0.205,193.818,240653,4,3cjF2OFRmip8spwZYQRKxP,Feel No Ways,37i9dQZF1DX7QOv5kjbU68,3TVXtAsR1Inumwj472S9r4,Drake,83626299,96,2016-05-06,day,78,2024-01-08
0.843,0.485,10,-8.735,0,0.195,0.181,0.0675,0.107,0.689,100.053,192418,4,08XWh5c0BMyD1nKVxxl91z,Fountains (with Tems),37i9dQZF1DX7QOv5kjbU68,"3TVXtAsR1Inumwj472S9r4,687cZJR45JO7jhk1LHIbgq","Drake,Tems","83626299,1429187","96,74",2021-09-03,day,73,2024-01-08
0.722,0.252,1,-14.411,0,0.0761,0.0671,0.0,0.0852,0.275,79.923,238120,4,4BhGTc3Cgay2U1QcTS7vQe,Fire & Desire,37i9dQZF1DX7QOv5kjbU68,3TVXtAsR1Inumwj472S9r4,Drake,83626299,96,2016-05-06,day,73,2024-01-08
0.794,0.735,0,-4.204,1,0.054,0.108,0.00578,0.112,0.223,107.374,234373,4,6Na5uKk5SsqZimk0hAWo8y,Signs,37i9dQZF1DX7QOv5kjbU68,3TVXtAsR1Inumwj472S9r4,Drake,83626299,96,2017-06-23,day,67,2024-01-08
0.473,0.53,0,-8.506,1,0.249,0.812,6.92e-06,0.227,0.637,74.732,351220,3,1cCXT1cErAY6tmIqHbodrt,The Remorse,37i9dQZF1DX7QOv5kjbU68,3TVXtAsR1Inumwj472S9r4,Drake,83626299,96,2021-09-03,day,61,2024-01-08
0.89,0.667,2,-6.862,1,0.0521,0.0579,2.97e-05,0.108,0.522,105.099,220467,4,7e44z4wOjkllaD8eulUeMd,Truffle Butter,37i9dQZF1DX7QOv5kjbU68,"0hCNtLu0JehylgoiP8L4Gh,3TVXtAsR1Inumwj472S9r4,55Aa2cqylxrFIXC767Z865","Nicki Minaj,Drake,Lil Wayne","30496118,83626299,14232381","88,96,85",2014-12-15,day,66,2024-01-08
0.781,0.721,5,-9.133,0,0.0514,0.0945,0.391,0.104,0.849,123.011,250337,4,7y6c07pgjZvtHI9kuMVqk1,Get It Together,37i9dQZF1DX7QOv5kjbU68,"3TVXtAsR1Inumwj472S9r4,6wMr4zKPrrR0UVz08WtUWc,1CoZyIx7UvdxT5c8UkMzHd","Drake,Black Coffee,Jorja Smith","83626299,1101954,3332058","96,61,72",2017-03-18,day,72,2024-01-08
0.416,0.824,1,-3.075,1,0.343,0.00391,0.0,0.104,0.417,85.433,382262,5,0q7LGcVSpsIoSbjChtZ8lI,Uptown (feat. Bun B & Lil Wayne),37i9dQZF1DX7QOv5kjbU68,"3TVXtAsR1Inumwj472S9r4,45a6gCQWq61lIUDmr1tKuO,55Aa2cqylxrFIXC767Z865","Drake,Bun B,Lil Wayne","83626299,881286,14232381","96,56,85",2009,year,61,2024-01-08
0.507,0.429,2,-7.726,1,0.326,0.0518,0.0,0.109,0.0744,91.0,273578,3,34D6FJysnQioVingDKufuf,N 2 Deep,37i9dQZF1DX7QOv5kjbU68,"3TVXtAsR1Inumwj472S9r4,1RyvyyTE3xzB2ZywiAwp0i","Drake,Future","83626299,15692678","96,88",2021-09-03,day,70,2024-01-08
0.618,0.693,7,-5.943,0,0.45,0.246,0.0,0.112,0.454,170.982,283551,4,2KvHC9z14GSl4YpkNMX384,Do Not Disturb,37i9dQZF1DX7QOv5kjbU68,3TVXtAsR1Inumwj472S9r4,Drake,83626299,96,2017-03-18,day,79,2024-01-08
0.822,0.318,10,-12.391,1,0.0575,0.493,0.0128,0.11,0.138,102.998,245787,4,6G8kHiVZ1jW7vHMPVRNZU0,Don’t Matter To Me (with Michael Jackson),37i9dQZF1DX7QOv5kjbU68,"3TVXtAsR1Inumwj472S9r4,3fMbdgg4jU18AjLCKBhRSm","Drake,Michael Jackson","83626299,29679206","96,81",2018-06-29,day,71,2024-01-08
0.761,0.598,10,-7.249,0,0.182,0.126,0.0,0.0839,0.446,173.897,163974,4,1dUHF4RyMmMTveJ0Rby6Xm,Can’t Take A Joke,37i9dQZF1DX7QOv5kjbU68,3TVXtAsR1Inumwj472S9r4,Drake,83626299,96,2018-06-29,day,70,2024-01-08
0.414,0.677,1,-5.12,1,0.254,0.0248,0.0,0.0793,0.0853,172.521,302173,4,5Psnhdkyanjpgc2P8A5TSM,Emotionless,37i9dQZF1DX7QOv5kjbU68,3TVXtAsR1Inumwj472S9r4,Drake,83626299,96,2018-06-29,day,68,2024-01-08
0.85,0.473,10,-5.747,0,0.209,0.117,0.0103,0.108,0.38,85.454,157605,4,41a7dZcq30Ss5kPMayWRV0,That’s How You Feel,37i9dQZF1DX7QOv5kjbU68,3TVXtAsR1Inumwj472S9r4,Drake,83626299,96,2018-06-29,day,66,2024-01-08
0.807,0.319,0,-8.152,0,0.0581,0.133,0.000338,0.101,0.299,94.992,182080,4,2WP8G2pdddDmnh1xbfKBOI,Finesse,37i9dQZF1DX7QOv5kjbU68,3TVXtAsR1Inumwj472S9r4,Drake,83626299,96,2018-06-29,day,78,2024-01-08
0.818,0.629,5,-5.567,0,0.0566,0.0239,1.88e-06,0.615,0.548,121.031,185221,4,3vUDNDbhYkfidboErlk7cx,K-POP,37i9dQZF1DZ06evO0vGf4I,"0Y5tJX1MQlPlqiwlOH1tJY,4q3ewBCX7sLwd24euuV69X,1Xyo4u8uXC1ZmMpatF05PJ","Travis Scott,Bad Bunny,The Weeknd","26203362,78216625,77257554","91,95,94",2023-07-19,day,66,2024-01-08
0.927,0.619,5,-4.441,0,0.0539,0.0186,0.0,0.104,0.817,117.995,211582,4,6wsqVwoiVH2kde4k4KKAFU,I KNOW ?,37i9dQZF1DZ06evO0vGf4I,0Y5tJX1MQlPlqiwlOH1tJY,Travis Scott,26203362,91,2023-07-28,day,91,2024-01-08
0.571,0.549,1,-7.38,0,0.404,0.18,0.0,0.168,0.447,119.497,194787,4,5wG3HvLhF6Y5KTGlK0IW3J,Trance (with Travis Scott & Young Thug),37i9dQZF1DZ06evO0vGf4I,"0iEtIxbK0KxaSlF7G42ZOp,0Y5tJX1MQlPlqiwlOH1tJY,50co4Is1HCEo8bhOyUWKpn","Metro Boomin,Travis Scott,Young Thug","6641993,26203362,9355686","87,91,83",2022-12-02,day,89,2024-01-08
0.455,0.621,0,-7.694,0,0.0517,0.651,2.59e-06,0.123,0.28,119.043,251250,4,4kjI1gwQZRKNDkw1nI475M,MY EYES,37i9dQZF1DZ06evO0vGf4I,0Y5tJX1MQlPlqiwlOH1tJY,Travis Scott,26203362,91,2023-07-28,day,89,2024-01-08
0.638,0.4,11,-11.212,0,0.0425,0.733,0.000133,0.334,0.495,150.133,166093,4,6LyAwkJsHlW7RQ8S1cYAtM,Overdue (with Travis Scott),37i9dQZF1DZ06evO0vGf4I,"0iEtIxbK0KxaSlF7G42ZOp,0Y5tJX1MQlPlqiwlOH1tJY","Metro Boomin,Travis Scott","6641993,26203362","87,91",2018-11-06,day,83,2024-01-08
0.569,0.882,3,-2.777,0,0.06,0.0316,0.0,0.142,0.201,148.038,191701,4,42VsgItocQwOQC3XWZ8JNA,FE!N (feat. Playboi Carti),37i9dQZF1DZ06evO0vGf4I,"0Y5tJX1MQlPlqiwlOH1tJY,699OTQXzgjhIYAHMy9RyPD","Travis Scott,Playboi Carti","26203362,9643234","91,84",2023-07-28,day,90,2024-01-08
0.507,0.586,0,-8.15,0,0.0586,0.599,0.0544,0.118,0.588,108.164,191623,4,4gh0ZnHzaTMT1sDga7Ek0N,sdp interlude,37i9dQZF1DZ06evO0vGf4I,0Y5tJX1MQlPlqiwlOH1tJY,Travis Scott,26203362,91,2016-09-16,day,83,2024-01-08
0.773,0.635,10,-5.06,1,0.0452,0.0585,0.0,0.132,0.476,121.879,173253,4,2Gk6fi0dqt91NKvlzGsmm7,SAY MY GRACE (feat. Travis Scott),37i9dQZF1DZ06evO0vGf4I,"4DdkRBBYG6Yk9Ka8tdJ9BW,0Y5tJX1MQlPlqiwlOH1tJY","Offset,Travis Scott","3501668,26203362","79,91",2023-10-13,day,83,2024-01-08
0.458,0.535,5,-4.854,0,0.0281,0.575,0.0,0.168,0.216,82.826,353755,4,1i9lZvlaDdWDPyXEE95aiq,TELEKINESIS (feat. SZA & Future),37i9dQZF1DZ06evO0vGf4I,"0Y5tJX1MQlPlqiwlOH1tJY,7tYKF4w9nC0nq9CsPZTHyP,1RyvyyTE3xzB2ZywiAwp0i","Travis Scott,SZA,Future","26203362,16849233,15692678","91,88,88",2023-07-28,day,87,2024-01-08
0.671,0.658,2,-5.567,1,0.309,0.189,8.66e-05,0.147,0.257,87.933,207307,4,4WuOWVnAqvEQxgSRrspBgt,Niagara Falls (Foot or 2) [with Travis Scott & 21 Savage],37i9dQZF1DZ06evO0vGf4I,"0iEtIxbK0KxaSlF7G42ZOp,0Y5tJX1MQlPlqiwlOH1tJY,1URnnhqYAYcrqrcwql10ft","Metro Boomin,Travis Scott,21 Savage","6641993,26203362,16213669","87,91,89",2022-12-02,day,82,2024-01-08
0.657,0.553,10,-7.08,0,0.0394,0.254,0.0,0.129,0.576,134.925,184889,4,1PH2MDbcBAU094DlgTIND1,THANK GOD,37i9dQZF1DZ06evO0vGf4I,0Y5tJX1MQlPlqiwlOH1tJY,Travis Scott,26203362,91,2023-07-28,day,80,2024-01-08
0.796,0.539,7,-5.974,0,0.0433,0.103,0.0,0.343,0.123,111.988,188587,4,1pacwLXyRO47ka0v6LTIiY,Raindrops (Insane) [with Travis Scott],37i9dQZF1DZ06evO0vGf4I,"0iEtIxbK0KxaSlF7G42ZOp,0Y5tJX1MQlPlqiwlOH1tJY","Metro Boomin,Travis Scott","6641993,26203362","87,91",2022-12-02,day,79,2024-01-08
0.665,0.59,9,-7.608,1,0.161,0.763,0.0132,0.147,0.216,77.559,239613,4,0xaFw2zDYf1rIJWl2dXiSF,Open Arms (feat. Travis Scott),37i9dQZF1DZ06evO0vGf4I,"7tYKF4w9nC0nq9CsPZTHyP,0Y5tJX1MQlPlqiwlOH1tJY","SZA,Travis Scott","16849233,26203362","88,91",2022-12-09,day,81,2024-01-08
0.7,0.46,4,-8.111,0,0.0661,0.142,4.81e-05,0.111,0.286,151.901,142969,4,4MXhiYIRDMGAuvZc5IFTwC,ASTROTHUNDER,37i9dQZF1DZ06evO0vGf4I,0Y5tJX1MQlPlqiwlOH1tJY,Travis Scott,26203362,91,2018-08-03,day,79,2024-01-08
0.715,0.567,1,-4.481,0,0.0865,0.06,0.0,0.0655,0.332,160.098,223174,4,0lodMO0qK83vfPiiD7FMEt,TOPIA TWINS (feat. Rob49 & 21 Savage),37i9dQZF1DZ06evO0vGf4I,"0Y5tJX1MQlPlqiwlOH1tJY,1jBoSSrbz9n4ehQWA4cZgB,1URnnhqYAYcrqrcwql10ft","Travis Scott,Rob49,21 Savage","26203362,110372,16213669","91,64,89",2023-07-28,day,82,2024-01-08
0.795,0.594,0,-6.2,1,0.0748,0.112,0.0,0.162,0.409,135.002,275080,4,0q75NwOoFiARAVp4EXU4Bs,Love Galore (feat. Travis Scott),37i9dQZF1DZ06evO0vGf4I,"7tYKF4w9nC0nq9CsPZTHyP,0Y5tJX1MQlPlqiwlOH1tJY","SZA,Travis Scott","16849233,26203362","88,91",2017-06-09,day,81,2024-01-08
0.739,0.749,6,-3.318,1,0.0746,0.12,0.0,0.149,0.505,117.03,200256,4,4CljUDO1I5hpKjwSNK6RWY,Water - Remix,37i9dQZF1DZ06evO0vGf4I,"3SozjO3Lat463tQICI9LcE,0Y5tJX1MQlPlqiwlOH1tJY","Tyla,Travis Scott","463479,26203362","76,91",2023-11-17,day,79,2024-01-08
0.46,0.686,0,-5.948,0,0.0367,0.00146,0.0,0.375,0.252,148.054,145588,4,6NMtzpDQBTOfJwMzgMX0zl,SKELETONS,37i9dQZF1DZ06evO0vGf4I,0Y5tJX1MQlPlqiwlOH1tJY,Travis Scott,26203362,91,2018-08-03,day,78,2024-01-08
0.522,0.728,3,-3.801,0,0.0323,0.00134,0.0,0.132,0.18,124.045,321560,4,3xby7fOyqmeON8jsnom0AT,Nightcrawler (feat. Swae Lee & Chief Keef),37i9dQZF1DZ06evO0vGf4I,"0Y5tJX1MQlPlqiwlOH1tJY,1zNqQNIdeOUZHb8zbZRFMX,15iVAtD3s3FsQR4w1v6M0P","Travis Scott,Swae Lee,Chief Keef","26203362,1964515,4403558","91,79,75",2015-09-04,day,81,2024-01-08
0.499,0.8,1,-2.665,0,0.0502,0.0906,0.0,0.147,0.272,139.919,229573,4,7CZyCXKG6d5ALeq41sLzbw,Take What You Want (feat. Ozzy Osbourne & Travis Scott),37i9dQZF1DZ06evO0vGf4I,"246dkjvS1zLTtiykXe5h60,6ZLTlhejhndI4Rh53vYhrY,0Y5tJX1MQlPlqiwlOH1tJY","Post Malone,Ozzy Osbourne,Travis Scott","43068815,5200213,26203362","87,70,91",2019-09-06,day,78,2024-01-08
0.802,0.591,8,-4.895,1,0.225,0.0104,0.0,0.196,0.309,139.864,157712,4,6gi6y1xwmVszDWkUqab1qw,OUT WEST (feat. Young Thug),37i9dQZF1DZ06evO0vGf4I,"7A8S43ryYdbWpJKeHRZRcq,0Y5tJX1MQlPlqiwlOH1tJY,50co4Is1HCEo8bhOyUWKpn","JACKBOYS,Travis Scott,Young Thug","629220,26203362,9355686","64,91,83",2019-12-27,day,79,2024-01-08
0.716,0.537,0,-7.648,0,0.0514,0.233,0.0,0.157,0.28,129.979,165978,4,39Yp9wwQiSRIDOvrVg7mbk,THE SCOTTS,37i9dQZF1DZ06evO0vGf4I,"2PaZWGu5T5nHjY2xxAkFsT,0Y5tJX1MQlPlqiwlOH1tJY,0fA0VVWsXO9YnASrzqfmYu","THE SCOTTS,Travis Scott,Kid Cudi","205857,26203362,6788413","56,91,79",2020-04-24,day,78,2024-01-08
0.861,0.496,4,-5.537,0,0.0357,0.382,2.57e-06,0.107,0.543,116.008,192693,4,6w9GrSUaQQIaMBYtabge7p,Embarrassed (feat. Travis Scott),37i9dQZF1DZ06evO0vGf4I,"4Gso3d4CscCijv0lmajZWs,0Y5tJX1MQlPlqiwlOH1tJY","Don Toliver,Travis Scott","3641335,26203362","81,91",2023-02-28,day,74,2024-01-08
0.674,0.506,6,-10.532,1,0.0434,0.173,0.0,0.0866,0.183,145.965,259333,4,5WoaF1B5XIEnWfmb5NZikf,Sky Walker (feat. Travis Scott),37i9dQZF1DZ06evO0vGf4I,"360IAlyVv4PCEVjgyMZrxK,0Y5tJX1MQlPlqiwlOH1tJY","Miguel,Travis Scott","4903257,26203362","78,91",2017-12-01,day,76,2024-01-08
0.777,0.604,9,-4.452,0,0.0397,0.000713,5.64e-05,0.151,0.121,111.998,207836,4,2Hc1LaV6bzFil3dE71eORA,Aye (feat. Travis Scott),37i9dQZF1DZ06evO0vGf4I,"4O15NlyKLIASxsJ0PrXPfz,0Y5tJX1MQlPlqiwlOH1tJY","Lil Uzi Vert,Travis Scott","16484624,26203362","85,91",2023-06-30,day,75,2024-01-08
0.835,0.699,8,-5.405,0,0.277,0.00671,0.0,0.195,0.547,154.981,202795,4,4jVBIpuOiMj1crqd8LoCrJ,FRANCHISE (feat. Young Thug & M.I.A.),37i9dQZF1DZ06evO0vGf4I,"0Y5tJX1MQlPlqiwlOH1tJY,50co4Is1HCEo8bhOyUWKpn,0QJIPDAEDILuo8AIq3pMuU","Travis Scott,Young Thug,M.I.A.","26203362,9355686,1288385","91,83,66",2020-09-25,day,74,2024-01-08
0.855,0.492,0,-7.578,0,0.0483,0.0775,6.71e-06,0.111,0.385,109.975,240000,4,08F16baYbciTva9P4BvpiI,MAFIA,37i9dQZF1DZ06evO0vGf4I,0Y5tJX1MQlPlqiwlOH1tJY,Travis Scott,26203362,91,2021-11-05,day,72,2024-01-08
0.317,0.239,1,-12.036,0,0.0331,0.744,0.0,0.169,0.391,78.251,80467,3,4cEqoGTqPRZy76Yl3ymj3V,Only 1 (Interlude) (with Travis Scott),37i9dQZF1DZ06evO0vGf4I,"0iEtIxbK0KxaSlF7G42ZOp,0Y5tJX1MQlPlqiwlOH1tJY","Metro Boomin,Travis Scott","6641993,26203362","87,91",2018-11-06,day,68,2024-01-08
0.867,0.673,6,-6.928,0,0.101,0.102,0.019,0.104,0.567,103.014,238027,4,11BbPUv7NlzlcbY7AmHHKy,AT THE PARTY (feat. Pharrell Williams & Travis Scott),37i9dQZF1DZ06evO0vGf4I,"0fA0VVWsXO9YnASrzqfmYu,2RdwBSPQiwcmiDo9kixcl8,0Y5tJX1MQlPlqiwlOH1tJY","Kid Cudi,Pharrell Williams,Travis Scott","6788413,4336597,26203362","79,78,91",2023-11-03,day,72,2024-01-08
0.855,0.678,1,-6.276,1,0.189,0.0569,3.69e-05,0.412,0.852,99.029,215467,4,6WzRpISELf3YglGAh7TXcG,Popular (with Playboi Carti & Madonna) - Music from the HBO Original Series,37i9dQZF1DX6bnzK9KPvrz,"1Xyo4u8uXC1ZmMpatF05PJ,699OTQXzgjhIYAHMy9RyPD,6tbjWDEIzxoDsBA1FuhfPW","The Weeknd,Playboi Carti,Madonna","77257554,9643234,7432050","94,84,79",2023-06-02,day,93,2024-01-08
0.531,0.525,1,-6.5,0,0.0671,0.232,0.0,0.441,0.502,66.9,232857,4,7oDd86yk8itslrA9HRP2ki,Die For You - Remix,37i9dQZF1DX6bnzK9KPvrz,"1Xyo4u8uXC1ZmMpatF05PJ,66CXWjxzNUsdJxJ2JdwvnR","The Weeknd,Ariana Grande","77257554,95458168","94,89",2023-02-24,day,83,2024-01-08
0.522,0.641,8,-6.287,1,0.0318,0.0545,0.0,0.162,0.202,87.51,244685,4,7CyPwkp0oE8Ro9Dd5CUDjW,"One Of The Girls (with JENNIE, Lily Rose Depp)",37i9dQZF1DX6bnzK9KPvrz,"1Xyo4u8uXC1ZmMpatF05PJ,250b0Wlc5Vk0CoUsaCY84M,1pBLC0qVRTB5zVMuteQ9jJ","The Weeknd,JENNIE,Lily-Rose Depp","77257554,5137895,66831","94,78,76",2023-06-23,day,96,2024-01-08
0.6,0.567,9,-7.269,0,0.033,0.00621,8.73e-06,0.495,0.0951,119.043,268235,4,4VMRsbfZzd3SfQtaJ1Wpwi,Double Fantasy (with Future),37i9dQZF1DX6bnzK9KPvrz,"1Xyo4u8uXC1ZmMpatF05PJ,1RyvyyTE3xzB2ZywiAwp0i","The Weeknd,Future","77257554,15692678","94,88",2023-04-21,day,78,2024-01-08
0.715,0.62,1,-6.005,0,0.0484,0.417,0.0,0.0822,0.172,97.95,221520,4,2dHHgzDwk4BJdRwy9uXhTO,Creepin' (with The Weeknd & 21 Savage),37i9dQZF1DX6bnzK9KPvrz,"0iEtIxbK0KxaSlF7G42ZOp,1Xyo4u8uXC1ZmMpatF05PJ,1URnnhqYAYcrqrcwql10ft","Metro Boomin,The Weeknd,21 Savage","6641993,77257554,16213669","87,94,89",2022-12-02,day,92,2024-01-08
0.68,0.826,0,-5.487,1,0.0309,0.0212,1.24e-05,0.543,0.644,118.051,215627,4,5QO79kh1waicV47BqGRL3g,Save Your Tears,37i9dQZF1DX6bnzK9KPvrz,1Xyo4u8uXC1ZmMpatF05PJ,The Weeknd,77257554,94,2020-03-20,day,90,2024-01-08
0.514,0.73,1,-5.934,1,0.0598,0.00146,9.54e-05,0.0897,0.334,171.005,200040,4,0VjIjW4GlUZAMYd2vXMi3b,Blinding Lights,37i9dQZF1DX6bnzK9KPvrz,1Xyo4u8uXC1ZmMpatF05PJ,The Weeknd,77257554,94,2020-03-20,day,93,2024-01-08
0.814,0.618,5,-5.614,0,0.0619,0.0386,3.34e-06,0.671,0.535,121.075,185221,4,5L3ecxQnQ9qTBmnLQiwf0C,K-POP,37i9dQZF1DX6bnzK9KPvrz,"0Y5tJX1MQlPlqiwlOH1tJY,4q3ewBCX7sLwd24euuV69X,1Xyo4u8uXC1ZmMpatF05PJ","Travis Scott,Bad Bunny,The Weeknd","26203362,78216625,77257554","91,95,94",2023-07-21,day,81,2024-01-08
0.705,0.769,9,-5.526,0,0.0425,0.113,0.0,0.105,0.583,107.949,213520,4,22VdIZQfgXJea34mQxlt81,Can't Feel My Face,37i9dQZF1DX6bnzK9KPvrz,1Xyo4u8uXC1ZmMpatF05PJ,The Weeknd,77257554,94,2015-08-28,day,86,2024-01-08
0.585,0.564,0,-7.063,0,0.0515,0.0671,0.0,0.135,0.137,113.003,242253,4,7fBv7CLKzipRk6EC6TWHOB,The Hills,37i9dQZF1DX6bnzK9KPvrz,1Xyo4u8uXC1ZmMpatF05PJ,The Weeknd,77257554,94,2015-08-28,day,89,2024-01-08
0.461,0.593,1,-4.954,1,0.0356,0.17,0.0,0.307,0.175,134.17,228373,3,09mEdoA6zrmBPgTEN5qXmN,Call Out My Name,37i9dQZF1DX6bnzK9KPvrz,1Xyo4u8uXC1ZmMpatF05PJ,The Weeknd,77257554,94,2018-03-30,day,88,2024-01-08
0.773,0.819,0,-5.946,0,0.118,0.428,0.0,0.0679,0.585,92.987,269187,4,3dhjNA0jGA8vHBQ1VdD6vV,I Feel It Coming,37i9dQZF1DX6bnzK9KPvrz,"1Xyo4u8uXC1ZmMpatF05PJ,4tZwfgrHOc3mvqYlEYSvVi","The Weeknd,Daft Punk","77257554,9722207","94,80",2016-11-25,day,82,2024-01-08
0.676,0.608,9,-4.972,0,0.0329,0.213,0.0,0.104,0.118,119.993,262230,4,6cViXqp01e3FrAaseuiSAV,"False Idols (with Lil Baby, Suzanna Son)",37i9dQZF1DX6bnzK9KPvrz,"1Xyo4u8uXC1ZmMpatF05PJ,5f7VJjfbwm532GiveGC0ZK,0KVIja3XDIh9zXkKO2FI2A","The Weeknd,Lil Baby,Suzanna Son","77257554,16366093,23081","94,86,52",2023-06-30,day,71,2024-01-08
0.659,0.381,2,-5.922,0,0.0304,0.385,0.0,0.0972,0.426,119.844,252227,3,2PIvq1pGrUjY007X5y1UpM,"Earned It (Fifty Shades Of Grey) - From The ""Fifty Shades Of Grey"" Soundtrack",37i9dQZF1DX6bnzK9KPvrz,1Xyo4u8uXC1ZmMpatF05PJ,The Weeknd,77257554,94,2014-12-23,day,78,2024-01-08
0.664,0.572,5,-6.099,0,0.0305,0.0811,0.00604,0.121,0.143,108.959,361027,4,2p8IUWQDrpjuFltbdgLOag,After Hours,37i9dQZF1DX6bnzK9KPvrz,1Xyo4u8uXC1ZmMpatF05PJ,The Weeknd,77257554,94,2020-03-20,day,86,2024-01-08
0.679,0.587,7,-7.015,1,0.276,0.141,6.35e-06,0.137,0.486,186.003,230453,4,7MXVkk9YMctZqd1Srtv4MB,Starboy,37i9dQZF1DX6bnzK9KPvrz,"1Xyo4u8uXC1ZmMpatF05PJ,4tZwfgrHOc3mvqYlEYSvVi","The Weeknd,Daft Punk","77257554,9722207","94,80",2016-11-25,day,94,2024-01-08
0.553,0.659,8,-7.295,1,0.0391,0.0027,0.0,0.105,0.105,120.146,234000,4,0VO8gYVDSwM1Qdd2GsMoYK,Moth To A Flame (with The Weeknd),37i9dQZF1DX6bnzK9KPvrz,"1h6Cn3P4NGzXbaXidqURXs,1Xyo4u8uXC1ZmMpatF05PJ","Swedish House Mafia,The Weeknd","3760011,77257554","74,94",2022-04-15,day,83,2024-01-08
0.645,0.58,5,-9.527,0,0.0406,0.22,0.0,0.0878,0.163,101.733,459660,4,0GROiXm03OrMC5ltXLhGIu,The Party & The After Party - Original,37i9dQZF1DX6bnzK9KPvrz,1Xyo4u8uXC1ZmMpatF05PJ,The Weeknd,77257554,94,2011-03-21,day,78,2024-01-08
0.638,0.474,5,-12.7,0,0.124,0.351,0.191,0.105,0.441,179.771,111640,4,4EDijkJdHBZZ0GwJ12iTAj,Stargirl Interlude,37i9dQZF1DX6bnzK9KPvrz,"1Xyo4u8uXC1ZmMpatF05PJ,00FQb4jTyendYWaN8pK0wa","The Weeknd,Lana Del Rey","77257554,31293846","94,89",2016-11-25,day,80,2024-01-08
0.706,0.505,8,-6.923,1,0.193,0.142,0.0,0.164,0.388,160.053,218880,4,37F0uwRSrdzkBiuj0D5UHI,Reminder,37i9dQZF1DX6bnzK9KPvrz,1Xyo4u8uXC1ZmMpatF05PJ,The Weeknd,77257554,94,2016-11-25,day,88,2024-01-08
0.501,0.526,9,-8.512,0,0.0332,0.00909,0.00063,0.316,0.161,140.119,298617,4,4bPsiRqWPFPgLiPQR7jNo4,A Lesser Man,37i9dQZF1DX6bnzK9KPvrz,1Xyo4u8uXC1ZmMpatF05PJ,The Weeknd,77257554,94,2023-06-19,day,69,2024-01-08
0.687,0.781,1,-4.806,1,0.053,0.0361,0.0,0.0755,0.688,97.014,193507,4,00Blm7zeNqgYLPtW6zg8cj,One Right Now (with The Weeknd),37i9dQZF1DX6bnzK9KPvrz,"246dkjvS1zLTtiykXe5h60,1Xyo4u8uXC1ZmMpatF05PJ","Post Malone,The Weeknd","43068815,77257554","87,94",2021-11-05,day,75,2024-01-08
0.472,0.714,1,-4.389,0,0.0334,0.00937,0.0,0.0764,0.24,98.992,236133,4,5J4ZkQpzMUFojo1CtAZYpn,Love Me Harder,37i9dQZF1DX6bnzK9KPvrz,"66CXWjxzNUsdJxJ2JdwvnR,1Xyo4u8uXC1ZmMpatF05PJ","Ariana Grande,The Weeknd","95458168,77257554","89,94",2014-08-25,day,82,2024-01-08
0.667,0.719,7,-5.371,0,0.0346,0.00285,8.1e-05,0.0736,0.717,100.021,237520,4,7szuecWAPwGoV1e5vGu8tl,In Your Eyes,37i9dQZF1DX6bnzK9KPvrz,1Xyo4u8uXC1ZmMpatF05PJ,The Weeknd,77257554,94,2020-03-20,day,80,2024-01-08
0.323,0.737,10,-4.008,1,0.0338,0.142,0.000162,0.163,0.155,113.26,241067,4,1cKHdTo9u0ZymJdPGSh6nq,I Was Never There,37i9dQZF1DX6bnzK9KPvrz,"1Xyo4u8uXC1ZmMpatF05PJ,3hteYQFiMFbJY7wS0xDymP","The Weeknd,Gesaffelstein","77257554,549752","94,71",2018-03-30,day,88,2024-01-08
0.735,0.795,11,-6.523,0,0.113,0.0296,3.18e-05,0.0678,0.905,122.0,188918,4,1nH2PkJL1XoUq8oE6tBZoU,Sacrifice,37i9dQZF1DX6bnzK9KPvrz,1Xyo4u8uXC1ZmMpatF05PJ,The Weeknd,77257554,94,2022-01-06,day,76,2024-01-08
0.828,0.621,8,-6.414,1,0.0565,0.0164,0.00233,0.0845,0.436,128.986,186173,4,0IakguBBeTUsAILmugkEam,You Right,37i9dQZF1DX6bnzK9KPvrz,"5cj0lLjcoR7YOSnhnX0Po5,1Xyo4u8uXC1ZmMpatF05PJ","Doja Cat,The Weeknd","28123408,77257554","87,94",2021-06-24,day,69,2024-01-08
0.698,0.769,8,-7.154,1,0.0368,0.0128,0.00166,0.238,0.354,121.02,339023,4,2vgUijXOTRMnWXDtvgMp2b,Take My Breath,37i9dQZF1DX6bnzK9KPvrz,1Xyo4u8uXC1ZmMpatF05PJ,The Weeknd,77257554,94,2022-01-06,day,76,2024-01-08
0.582,0.525,1,-7.163,0,0.0627,0.111,0.0,0.134,0.51,133.249,260253,4,2Ch7LmS7r2Gy2kc64wv3Bz,Die For You,37i9dQZF1DX6bnzK9KPvrz,1Xyo4u8uXC1ZmMpatF05PJ,The Weeknd,77257554,94,2016-11-25,day,85,2024-01-08
0.702,0.586,9,-7.83,0,0.0313,0.0388,7.27e-05,0.156,0.608,134.951,199111,4,0mL82sxCRjrs3br407IdJh,Is There Someone Else?,37i9dQZF1DX6bnzK9KPvrz,1Xyo4u8uXC1ZmMpatF05PJ,The Weeknd,77257554,94,2022-01-06,day,87,2024-01-08
0.537,0.746,10,-5.507,0,0.15,0.0236,1.01e-06,0.156,0.252,170.062,198267,4,6bnF93Rx87YqUBLSgjiMU8,Heartless,37i9dQZF1DX6bnzK9KPvrz,1Xyo4u8uXC1ZmMpatF05PJ,The Weeknd,77257554,94,2020-03-20,day,85,2024-01-08
0.65,0.76,0,-4.422,0,0.0446,0.255,0.0,0.339,0.838,93.057,214194,4,2SLwbpExuoBDZBpjfefCtV,Out of Time,37i9dQZF1DX6bnzK9KPvrz,1Xyo4u8uXC1ZmMpatF05PJ,The Weeknd,77257554,94,2022-01-06,day,80,2024-01-08
0.573,0.63,1,-8.389,1,0.105,0.189,2.31e-05,0.259,0.218,77.525,249213,4,4F7A0DXBrmUAkp32uenhZt,Party Monster,37i9dQZF1DX6bnzK9KPvrz,1Xyo4u8uXC1ZmMpatF05PJ,The Weeknd,77257554,94,2016-11-25,day,83,2024-01-08
0.658,0.671,2,-12.21,1,0.0363,0.0933,0.000927,0.115,0.166,100.966,202093,4,2vXKRlJBXyOcvZYTdNeckS,Lost in the Fire (feat. The Weeknd),37i9dQZF1DX6bnzK9KPvrz,"3hteYQFiMFbJY7wS0xDymP,1Xyo4u8uXC1ZmMpatF05PJ","Gesaffelstein,The Weeknd","549752,77257554","71,94",2019-03-08,day,85,2024-01-08
0.535,0.791,0,-5.55,1,0.0327,0.00096,0.000155,0.0788,0.5,142.981,211814,4,2D4dV2KXDTszzJ3p3cFqhA,Less Than Zero,37i9dQZF1DX6bnzK9KPvrz,1Xyo4u8uXC1ZmMpatF05PJ,The Weeknd,77257554,94,2022-01-06,day,79,2024-01-08
0.572,0.631,7,-9.836,0,0.0476,0.222,0.0,0.135,0.0713,134.078,249040,4,4PhsKqMdgMEUSstTDAmMpg,Often,37i9dQZF1DX6bnzK9KPvrz,1Xyo4u8uXC1ZmMpatF05PJ,The Weeknd,77257554,94,2015-08-28,day,83,2024-01-08
0.732,0.678,2,-4.977,1,0.0886,0.0867,2.41e-05,0.112,0.196,100.626,211421,4,6huNf4dutXRjJyGn7f5BPS,Pray For Me,37i9dQZF1DX6bnzK9KPvrz,"1Xyo4u8uXC1ZmMpatF05PJ,2YZyLoL8N0Wb9xBt1NhZWg","The Weeknd,Kendrick Lamar","77257554,26526500","94,87",2021-02-05,day,82,2024-01-08
0.52,0.693,5,-7.704,1,0.0331,0.0002,2.2e-05,0.122,0.12,126.985,267505,4,1DzJbVkBELu6jDu6q0T0tk,Nothing Is Lost (You Give Me Strength),37i9dQZF1DX6bnzK9KPvrz,1Xyo4u8uXC1ZmMpatF05PJ,The Weeknd,77257554,94,2022-12-15,day,68,2024-01-08
0.606,0.57,9,-6.684,1,0.032,0.0217,8.47e-06,0.301,0.258,114.033,325305,4,00aqkszH1FdUiJJWvX6iEl,Wicked Games - Original,37i9dQZF1DX6bnzK9KPvrz,1Xyo4u8uXC1ZmMpatF05PJ,The Weeknd,77257554,94,2011-03-21,day,73,2024-01-08
0.505,0.68,7,-4.993,1,0.0714,0.0796,0.0,0.0465,0.539,168.022,235653,3,25KybV9BOUlvcnv7nN3Pyo,In The Night,37i9dQZF1DX6bnzK9KPvrz,1Xyo4u8uXC1ZmMpatF05PJ,The Weeknd,77257554,94,2015-08-28,day,78,2024-01-08
0.466,0.403,4,-10.441,0,0.0502,0.59,9.51e-05,0.1,0.0967,75.033,249102,4,2ye9iWj5V4g6k6HFeTTAKa,High For This - Original,37i9dQZF1DX6bnzK9KPvrz,1Xyo4u8uXC1ZmMpatF05PJ,The Weeknd,77257554,94,2011-03-21,day,69,2024-01-08
0.766,0.295,0,-7.893,0,0.0464,0.947,4.44e-05,0.119,0.805,136.016,188107,4,6Y46tOTRhkBamosyuWa6YX,LA FAMA,37i9dQZF1DX6bnzK9KPvrz,"7ltDVBr6mKbRvohxheJ9h1,1Xyo4u8uXC1ZmMpatF05PJ","ROSALÍA,The Weeknd","8067442,77257554","78,94",2022-03-18,day,78,2024-01-08
0.372,0.478,7,-9.835,0,0.0503,0.482,0.0,0.0844,0.254,101.102,348853,4,7uJH0YdSZL6psjxI6Xy08b,Acquainted,37i9dQZF1DX6bnzK9KPvrz,1Xyo4u8uXC1ZmMpatF05PJ,The Weeknd,77257554,94,2015-08-28,day,77,2024-01-08
0.476,0.718,5,-7.227,0,0.149,0.263,0.00261,0.109,0.361,183.932,230027,4,6QdnKD1zwEgyOWtkrdzlOF,Hurt You,37i9dQZF1DX6bnzK9KPvrz,"1Xyo4u8uXC1ZmMpatF05PJ,3hteYQFiMFbJY7wS0xDymP","The Weeknd,Gesaffelstein","77257554,549752","94,71",2018-03-30,day,74,2024-01-08
0.612,0.884,4,-4.113,0,0.0454,0.0759,0.00132,0.247,0.679,178.043,210795,4,58AGoOGbwsQMhBbH0eFLRR,Over Now (with The Weeknd),37i9dQZF1DX6bnzK9KPvrz,"7CajNmpbOovFoOoasH2HaY,1Xyo4u8uXC1ZmMpatF05PJ","Calvin Harris,The Weeknd","23070413,77257554","84,94",2020-08-28,day,69,2024-01-08
0.682,0.51,6,-9.987,0,0.0441,0.143,4.46e-06,0.0797,0.191,120.097,314110,4,4jBfUB4kQJCWOrjGLQqhO0,The Morning - Original,37i9dQZF1DX6bnzK9KPvrz,1Xyo4u8uXC1ZmMpatF05PJ,The Weeknd,77257554,94,2011-03-21,day,75,2024-01-08
0.456,0.679,8,-5.778,0,0.064,0.596,0.000573,0.129,0.107,92.026,221107,4,4ppTAJUbNXELZcoUaL90wo,Try Me,37i9dQZF1DX6bnzK9KPvrz,1Xyo4u8uXC1ZmMpatF05PJ,The Weeknd,77257554,94,2018-03-30,day,74,2024-01-08
0.662,0.511,0,-8.419,1,0.0342,0.00237,0.0036,0.275,0.228,88.989,407316,4,2r7BPog74oaTG5shNYiUnV,House Of Balloons / Glass Table Girls - Original,37i9dQZF1DX6bnzK9KPvrz,1Xyo4u8uXC1ZmMpatF05PJ,The Weeknd,77257554,94,2011-03-21,day,77,2024-01-08
0.517,0.677,8,-6.373,0,0.0746,0.0324,3.37e-05,0.189,0.192,173.978,220307,4,4oeaIftdpT3JuZLcCkKmVE,False Alarm,37i9dQZF1DX6bnzK9KPvrz,1Xyo4u8uXC1ZmMpatF05PJ,The Weeknd,77257554,94,2016-11-25,day,72,2024-01-08
0.507,0.644,4,-7.485,1,0.0641,0.00413,0.0,0.217,0.172,179.913,211267,4,4cbdPT6uaBOgOQe3fLMofl,Power is Power (feat. The Weeknd & Travis Scott),37i9dQZF1DX6bnzK9KPvrz,"7tYKF4w9nC0nq9CsPZTHyP,1Xyo4u8uXC1ZmMpatF05PJ,0Y5tJX1MQlPlqiwlOH1tJY,22JdJVovP3pV9XkGTih01c","SZA,The Weeknd,Travis Scott,Game of Thrones","16849233,77257554,26203362,39674","88,94,91,48",2019-04-26,day,69,2024-01-08
0.542,0.72,1,-5.136,0,0.0628,0.147,0.0,0.348,0.623,149.828,231360,4,4h90qkbnW1Qq6pBhoPvwko,Sidewalks,37i9dQZF1DX6bnzK9KPvrz,"1Xyo4u8uXC1ZmMpatF05PJ,2YZyLoL8N0Wb9xBt1NhZWg","The Weeknd,Kendrick Lamar","77257554,26526500","94,87",2016-11-25,day,74,2024-01-08
0.766,0.788,6,-3.128,0,0.312,0.105,5.81e-06,0.142,0.609,179.984,200482,4,0GzuHFG4Ql6DoyxFRnIk3F,Hawái - Remix,37i9dQZF1DX6bnzK9KPvrz,"1r4hJ1h58CWwUQe3MxPuau,1Xyo4u8uXC1ZmMpatF05PJ","Maluma,The Weeknd","34201129,77257554","84,94",2020-11-05,day,69,2024-01-08
0.56,0.678,10,-6.167,0,0.0581,0.61,1.42e-05,0.111,0.29,122.585,220293,4,7DKS0rX27cCEPsK0R6tFWS,Wasted Times,37i9dQZF1DX6bnzK9KPvrz,1Xyo4u8uXC1ZmMpatF05PJ,The Weeknd,77257554,94,2018-03-30,day,72,2024-01-08
0.853,0.663,7,-6.955,0,0.0755,0.0431,8.71e-06,0.0891,0.864,113.998,220173,4,0ifooM33X1iBxVYyOkSbXW,A Lonely Night,37i9dQZF1DX6bnzK9KPvrz,1Xyo4u8uXC1ZmMpatF05PJ,The Weeknd,77257554,94,2016-11-25,day,69,2024-01-08
0.962,0.619,10,-5.562,0,0.405,0.0354,0.0,0.083,0.154,127.958,144652,4,5m0yZ33oOy0yYBtdTXuxQe,Low Down,37i9dQZF1DZ06evO359MM7,5f7VJjfbwm532GiveGC0ZK,Lil Baby,16366093,86,2020-05-01,day,80,2024-01-08
0.827,0.552,4,-7.571,0,0.274,0.0169,0.0,0.122,0.408,124.011,205760,4,5f4Hy5mw5SRaUgXX9c6P5S,Sum 2 Prove,37i9dQZF1DZ06evO359MM7,5f7VJjfbwm532GiveGC0ZK,Lil Baby,16366093,86,2020-02-28,day,75,2024-01-08
0.818,0.435,4,-8.167,0,0.322,0.0755,0.0,0.207,0.282,130.046,192000,4,73f5rpLgydSRIvHzRLcJFF,Crazy,37i9dQZF1DZ06evO359MM7,5f7VJjfbwm532GiveGC0ZK,Lil Baby,16366093,86,2023-12-15,day,75,2024-01-08
0.817,0.513,10,-6.263,0,0.394,0.38,0.0,0.109,0.177,123.029,203438,4,01JMnRUs2YOK6DDpdQASGY,Grace (feat. 42 Dugg),37i9dQZF1DZ06evO359MM7,"5f7VJjfbwm532GiveGC0ZK,45gHcnDnMC15sgx3VL7ROG","Lil Baby,42 Dugg","16366093,983345","86,70",2020-02-28,day,75,2024-01-08
0.462,0.251,4,-12.072,0,0.159,0.414,0.0,0.201,0.137,89.705,167977,3,1T4k0sw0HldDg004Kw4Oct,Forever (feat. Fridayy),37i9dQZF1DZ06evO359MM7,"5f7VJjfbwm532GiveGC0ZK,7sP4SQ0WY6jfps1I19Ot7i","Lil Baby,Fridayy","16366093,105289","86,64",2022-10-14,day,72,2024-01-08
0.738,0.666,5,-6.97,0,0.455,0.00361,0.0,0.107,0.215,161.734,177789,4,6ug9fUi5oLLgQgOF1G8WkM,California Breeze,37i9dQZF1DZ06evO359MM7,5f7VJjfbwm532GiveGC0ZK,Lil Baby,16366093,86,2022-10-14,day,72,2024-01-08
0.874,0.443,5,-9.628,0,0.241,0.147,0.0,0.124,0.298,118.004,235988,4,40TPiJpvwGIyvPjJMDTKfy,Rags2Riches 2 (feat. Lil Baby),37i9dQZF1DZ06evO359MM7,"45TgXXqMDdF8BkjA83OM7z,5f7VJjfbwm532GiveGC0ZK","Rod Wave,Lil Baby","6330231,16366093","79,86",2020-08-07,day,72,2024-01-08
0.849,0.581,6,-5.464,0,0.261,0.0178,0.0,0.092,0.274,142.015,217610,4,1IzJxbARcQrOWMZgPw1PNj,Go Hard,37i9dQZF1DZ06evO359MM7,5f7VJjfbwm532GiveGC0ZK,Lil Baby,16366093,86,2023-05-03,day,73,2024-01-08
0.442,0.737,7,-5.046,1,0.109,0.0589,0.0,0.102,0.21,112.93,218320,5,12Fkyg9lpmaz2zmKOfw2Y2,On The Road (feat. Meek Mill & Lil Baby),37i9dQZF1DZ06evO359MM7,"246dkjvS1zLTtiykXe5h60,20sxb77xiYeusSH8cVdatc,5f7VJjfbwm532GiveGC0ZK","Post Malone,Meek Mill,Lil Baby","43068815,7704881,16366093","87,73,86",2019-09-06,day,70,2024-01-08
0.876,0.528,9,-9.223,1,0.233,0.0619,0.0,0.0904,0.346,123.007,206890,4,0VJXWgw0GWsprapvlpbuyu,Okay,37i9dQZF1DZ06evO359MM7,"6vXTefBL93Dj5IqAWq6OTv,5f7VJjfbwm532GiveGC0ZK,7jAs1uPnpfNmT6e5qtEPxq","French Montana,Lil Baby,ATL Jacob","5255986,16366093,8805","73,86,72",2023-12-08,day,71,2024-01-08
0.775,0.485,5,-7.942,0,0.469,0.151,0.0,0.193,0.532,114.6,193953,5,42TFM7pxF8mRUJTWJdGMeS,350,37i9dQZF1DZ06evO359MM7,5f7VJjfbwm532GiveGC0ZK,Lil Baby,16366093,86,2023-12-15,day,70,2024-01-08
0.785,0.524,1,-7.004,1,0.122,0.0123,0.0,0.365,0.0855,142.007,163454,4,2A0G0bPmlkUXUbvWqrAXzg,Not Finished,37i9dQZF1DZ06evO359MM7,5f7VJjfbwm532GiveGC0ZK,Lil Baby,16366093,86,2022-10-14,day,69,2024-01-08
0.693,0.643,4,-5.867,0,0.0828,0.138,0.0,0.108,0.477,95.055,163450,4,2UN0lp72LAusrXi8LLVomt,2step (feat. Lil Baby),37i9dQZF1DZ06evO359MM7,"6eUKZXaKkcviH0Ku9w2n3V,5f7VJjfbwm532GiveGC0ZK","Ed Sheeran,Lil Baby","114827405,16366093","88,86",2022-04-22,day,66,2024-01-08
0.766,0.876,10,-4.256,0,0.0867,0.000979,0.000298,0.102,0.303,145.025,148966,4,0OCFIEsSrmKueOiPK6S3xq,Pepper,37i9dQZF1DZ06evO359MM7,"07CimrZi5vs9iEao47TNQ4,5f7VJjfbwm532GiveGC0ZK,5he5w2lnU9x7JFhnwcekXX","Flowdan,Lil Baby,Skrillex","77172,16366093,7880238","65,86,75",2023-10-13,day,69,2024-01-08
0.9,0.846,0,-4.884,1,0.224,0.025,0.0,0.204,0.851,129.966,188607,4,6A9wHAasMxed0firnDao1K,No Sucker (feat. Moneybagg Yo),37i9dQZF1DZ06evO359MM7,"5f7VJjfbwm532GiveGC0ZK,3tJoFztHeIJkJWMrx0td2f","Lil Baby,Moneybagg Yo","16366093,4237863","86,74",2020-02-28,day,69,2024-01-08
0.626,0.583,4,-6.102,0,0.334,0.0279,0.0,0.112,0.133,113.42,200471,5,31lopd32BkJBTSgYE16c5e,In A Minute,37i9dQZF1DZ06evO359MM7,5f7VJjfbwm532GiveGC0ZK,Lil Baby,16366093,86,2022-10-14,day,68,2024-01-08
0.883,0.599,11,-5.551,1,0.248,0.0177,0.0,0.179,0.413,142.976,183011,4,02RCbjb9czvQKNGBmEmWob,Woah,37i9dQZF1DZ06evO359MM7,5f7VJjfbwm532GiveGC0ZK,Lil Baby,16366093,86,2020-02-28,day,67,2024-01-08
0.879,0.504,8,-8.284,1,0.271,0.0016,0.0,0.147,0.335,102.929,160777,4,1Py8c3dkLF0YczcAyBFBEM,Never Hating (feat. Young Thug),37i9dQZF1DZ06evO359MM7,"5f7VJjfbwm532GiveGC0ZK,50co4Is1HCEo8bhOyUWKpn","Lil Baby,Young Thug","16366093,9355686","86,83",2022-10-14,day,68,2024-01-08
0.535,0.618,2,-5.668,1,0.382,0.0245,0.0,0.103,0.211,165.991,213976,4,6ws54n2IzyrIxxyzlG2bVJ,Right On,37i9dQZF1DZ06evO359MM7,5f7VJjfbwm532GiveGC0ZK,Lil Baby,16366093,86,2022-04-08,day,68,2024-01-08
0.903,0.537,5,-6.854,0,0.283,0.16,0.0,0.129,0.737,115.013,120000,4,6tsVFchreYTt2OPXSOoFCX,25k jacket (feat. Lil Baby),37i9dQZF1DZ06evO359MM7,"2hlmm7s2ICUX0LVIhVFlZQ,5f7VJjfbwm532GiveGC0ZK","Gunna,Lil Baby","6520604,16366093","84,86",2022-01-13,day,67,2024-01-08
0.776,0.557,2,-7.441,1,0.545,0.0496,0.0,0.112,0.284,156.978,198722,4,4OkFBMU18NidtaefaTjUq1,Real Spill,37i9dQZF1DZ06evO359MM7,5f7VJjfbwm532GiveGC0ZK,Lil Baby,16366093,86,2022-10-14,day,68,2024-01-08
0.634,0.455,1,-10.13,1,0.195,0.261,1.94e-06,0.23,0.221,161.928,197040,4,6dbENHQHHtWRai4snSvy2w,Always n Forever (feat. Lil Baby),37i9dQZF1DZ06evO359MM7,"7HO5fOXE4gh3lzZn64tX2E,5f7VJjfbwm532GiveGC0ZK","Mariah the Scientist,Lil Baby","306572,16366093","63,86",2021-07-09,day,65,2024-01-08
0.76,0.755,6,-4.735,0,0.19,0.0163,2.95e-06,0.0909,0.517,101.993,171647,4,6Vdyu21iT8qScU1haSjWUU,"Leave Em Alone (Layton Greene, Lil Baby feat. City Girls, PnB Rock)",37i9dQZF1DZ06evO359MM7,"6i392l38cR3uBPF0DbNs7S,02ZtVIjKL1PYLlMmP1sz0h,5f7VJjfbwm532GiveGC0ZK,37hAfseJWi0G3Scife12Il,21WS9wngs9AqFckK7yYJPM","Quality Control,Layton Greene,Lil Baby,City Girls,PnB Rock","1316469,468957,16366093,2463009,4060422","64,55,86,64,67",2019-08-16,day,68,2024-01-08
0.829,0.52,8,-10.34,1,0.294,0.0232,0.0,0.134,0.248,136.103,194118,4,65jw6GhwQW3Db55PxlPEpS,Be Something,37i9dQZF1DZ06evO359MM7,"6AgTAQt8XS6jRWi4sX7w49,5f7VJjfbwm532GiveGC0ZK","Polo G,Lil Baby","10657935,16366093","80,86",2020-05-15,day,66,2024-01-08
0.857,0.427,8,-8.638,1,0.112,0.281,0.0,0.108,0.366,130.033,162453,4,5JtvedSVWW9McnoEAPJwQm,Sex Sounds,37i9dQZF1DZ06evO3Jd2qq,6jGMq4yGs7aQzuGsMgVgZR,Lil Tjay,7762838,78,2019-10-11,day,79,2024-01-08
0.48,0.602,10,-6.335,0,0.368,0.487,0.0,0.0848,0.269,179.798,213333,4,5rZlwNFl01HqLWBQGryKSm,Mood Swings (feat. Lil Tjay),37i9dQZF1DZ06evO3Jd2qq,"0eDvMgVFoNV3TpwtrVCoTj,6jGMq4yGs7aQzuGsMgVgZR","Pop Smoke,Lil Tjay","13520053,7762838","79,78",2020-07-03,day,79,2024-01-08
0.684,0.545,1,-6.885,1,0.121,0.159,0.0,0.102,0.407,143.049,135264,4,1HvTxgCj0mTzQlEo0zLvFb,In My Head,37i9dQZF1DZ06evO3Jd2qq,6jGMq4yGs7aQzuGsMgVgZR,Lil Tjay,7762838,78,2022-04-01,day,74,2024-01-08
0.567,0.515,6,-10.265,0,0.247,0.354,0.0,0.078,0.321,120.1,224000,1,0RLLvYBopDwooCyvnTwgYu,F.N,37i9dQZF1DZ06evO3Jd2qq,6jGMq4yGs7aQzuGsMgVgZR,Lil Tjay,7762838,78,2019-10-11,day,79,2024-01-08
0.656,0.364,11,-10.913,1,0.0824,0.582,0.0,0.252,0.427,96.971,232092,4,5ybZcAwqUF7i9gwABLeXzs,2 Grown (feat. The Kid LAROI),37i9dQZF1DZ06evO3Jd2qq,"6jGMq4yGs7aQzuGsMgVgZR,2tIP7SsRs7vjIcLrU85W8J","Lil Tjay,The Kid LAROI","7762838,5025586","78,80",2023-07-14,day,73,2024-01-08
0.498,0.625,8,-7.452,0,0.342,0.054,0.0,0.175,0.478,84.821,150000,4,2BJWxD8xKrDv8vneTvTIm9,Beat the Odds,37i9dQZF1DZ06evO3Jd2qq,6jGMq4yGs7aQzuGsMgVgZR,Lil Tjay,7762838,78,2022-08-26,day,73,2024-01-08
0.808,0.639,1,-7.266,0,0.279,0.0802,0.0,0.15,0.395,118.0,144349,4,4eNOLmx8r2IJAVKvBBL1jv,Headshot (feat. Polo G & Fivio Foreign),37i9dQZF1DZ06evO3Jd2qq,"6jGMq4yGs7aQzuGsMgVgZR,6AgTAQt8XS6jRWi4sX7w49,14CHVeJGrR5xgUGQFV5BVM","Lil Tjay,Polo G,Fivio Foreign","7762838,10657935,1223960","78,80,69",2021-04-02,day,76,2024-01-08
0.691,0.656,10,-5.673,0,0.0679,0.222,0.00111,0.153,0.393,89.467,159331,4,6PQK1Y3Dl6dym9pj0y9Chy,Give You What You Want,37i9dQZF1DZ06evO3Jd2qq,6jGMq4yGs7aQzuGsMgVgZR,Lil Tjay,7762838,78,2022-11-11,day,71,2024-01-08
0.76,0.615,5,-9.36,0,0.33,0.072,0.0,0.0571,0.351,148.014,168653,4,4uu7gKd1PffC7QEMcMk0Ro,One Take,37i9dQZF1DZ06evO3Jd2qq,6jGMq4yGs7aQzuGsMgVgZR,Lil Tjay,7762838,78,2019-10-11,day,70,2024-01-08
0.644,0.504,2,-8.145,1,0.162,0.237,2.55e-06,0.138,0.302,94.04,144344,4,2mNaugzeRDyAq991bw4nqv,Stressed (feat. Summer Walker),37i9dQZF1DZ06evO3Jd2qq,"6jGMq4yGs7aQzuGsMgVgZR,57LYzLEk2LcFghVwuWbcuS","Lil Tjay,Summer Walker","7762838,5871705","78,78",2023-07-14,day,68,2024-01-08
0.821,0.485,1,-12.369,1,0.411,0.324,0.0,0.105,0.41,143.026,235024,4,3U3gHqRwjam6CxwW68m30z,Resume,37i9dQZF1DZ06evO3Jd2qq,6jGMq4yGs7aQzuGsMgVgZR,Lil Tjay,7762838,78,2019-01-29,day,70,2024-01-08
0.683,0.799,1,-5.923,1,0.3,0.456,0.0,0.264,0.752,145.128,160560,4,5eJpwQyirY5EEdNadHKRAM,Mannequin (feat. Lil Tjay),37i9dQZF1DZ06evO3Jd2qq,"0eDvMgVFoNV3TpwtrVCoTj,6jGMq4yGs7aQzuGsMgVgZR","Pop Smoke,Lil Tjay","13520053,7762838","79,78",2020-02-07,day,69,2024-01-08
0.51,0.619,7,-7.918,1,0.281,0.801,0.0,0.0811,0.321,97.018,220240,4,0W64NfLrIsRTAFObko6uJx,Leaked,37i9dQZF1DZ06evO3Jd2qq,6jGMq4yGs7aQzuGsMgVgZR,Lil Tjay,7762838,78,2019-10-11,day,71,2024-01-08
0.72,0.636,6,-6.793,0,0.219,0.147,0.0,0.112,0.504,140.002,152218,4,0wdlLb695gFP3CSiUAqxls,Project Walls (feat. YoungBoy Never Broke Again),37i9dQZF1DZ06evO3Jd2qq,"6jGMq4yGs7aQzuGsMgVgZR,7wlFDEWiM5OoIAt8RSli8b","Lil Tjay,YoungBoy Never Broke Again","7762838,12248282","78,82",2023-07-14,day,67,2024-01-08
0.7,0.776,10,-3.568,0,0.288,0.253,0.0,0.0856,0.745,88.943,151321,4,54iyLNmcnLWNdCqX5pdtuL,Friends - Remix,37i9dQZF1DZ06evO3Jd2qq,"5XJDexmWFLWOkjOEjOVX3e,6jGMq4yGs7aQzuGsMgVgZR,4axKuDPr6WKcDCyh8vueTY","Eladio Carrion,Lil Tjay,Luar La L","5807848,7762838,659168","81,78,73",2023-03-17,day,67,2024-01-08
0.545,0.82,8,-4.489,1,0.275,0.0951,0.0,0.29,0.357,141.908,150476,4,25GyyK9CyZRiDCsPY51fIT,Not In The Mood (feat. Fivio Foreign & Kay Flock),37i9dQZF1DZ06evO3Jd2qq,"6jGMq4yGs7aQzuGsMgVgZR,14CHVeJGrR5xgUGQFV5BVM,2AMeiDbfU2vonrTkpXDKUu","Lil Tjay,Fivio Foreign,Kay Flock","7762838,1223960,719263","78,69,64",2021-10-22,day,69,2024-01-08
0.691,0.602,9,-6.807,0,0.209,0.123,0.0,0.0637,0.685,151.987,189480,4,5qDsijQM75KTdv3RtSPx91,Hold On,37i9dQZF1DZ06evO3Jd2qq,6jGMq4yGs7aQzuGsMgVgZR,Lil Tjay,7762838,78,2019-10-11,day,68,2024-01-08
0.786,0.493,1,-6.64,0,0.0447,0.0567,6e-06,0.31,0.0616,129.974,182145,4,6ekXhxSuvpfGi7xR99Whzd,Scared 2 Be Lonely,37i9dQZF1DZ06evO3Jd2qq,6jGMq4yGs7aQzuGsMgVgZR,Lil Tjay,7762838,78,2023-07-14,day,64,2024-01-08
0.712,0.404,5,-7.594,0,0.12,0.32,0.0,0.121,0.548,139.991,222367,4,2ULQtFHTzUK0DqcqWUlXxw,Love Hurts (feat. Toosii),37i9dQZF1DZ06evO3Jd2qq,"6jGMq4yGs7aQzuGsMgVgZR,6BH1xcDkwbbyrLMUKECsW1","Lil Tjay,Toosii","7762838,1570531","78,66",2021-04-02,day,67,2024-01-08
0.873,0.588,1,-7.195,1,0.278,0.126,0.0,0.0927,0.727,147.067,160057,4,7jr6fz888xjUlsAD2tZzKR,Gangsta Boo (with Lil Tjay),37i9dQZF1DZ06evO3Jd2qq,"3LZZPxNDGDFVSIPqf4JuEf,6jGMq4yGs7aQzuGsMgVgZR","Ice Spice,Lil Tjay","2658420,7762838","76,78",2023-07-21,day,68,2024-01-08
0.521,0.592,9,-9.801,1,0.134,0.0489,0.0,0.267,0.356,129.754,244573,4,395WRTyNwMGx80cDXqg6vM,Ruthless (feat. Jay Critch),37i9dQZF1DZ06evO3Jd2qq,"6jGMq4yGs7aQzuGsMgVgZR,6Av6GMCOznZIlHuNcBWgf4","Lil Tjay,Jay Critch","7762838,699679","78,56",2019-10-11,day,65,2024-01-08
0.729,0.768,6,-7.012,0,0.133,0.0787,2.17e-06,0.107,0.553,148.08,146967,4,1xHcIJHIHwr2PUyTmFTWTy,Bla Bla (feat. Fivio Foreign),37i9dQZF1DZ06evO3Jd2qq,"6jGMq4yGs7aQzuGsMgVgZR,14CHVeJGrR5xgUGQFV5BVM","Lil Tjay,Fivio Foreign","7762838,1223960","78,69",2023-07-14,day,65,2024-01-08
0.31,0.722,7,-5.348,1,0.0813,0.287,0.0,0.345,0.349,86.693,177528,4,05WIYJYtnZHUmL1uuYmvY1,Move On - Bonus,37i9dQZF1DZ06evO3Jd2qq,6jGMq4yGs7aQzuGsMgVgZR,Lil Tjay,7762838,78,2021-04-02,day,66,2024-01-08
0.71,0.687,1,-2.552,1,0.0703,0.218,0.0,0.134,0.527,147.086,156821,4,7soBkLenwWM7kB92cuyl04,Pain Talk (feat. Lil Tjay),37i9dQZF1DZ06evO3Jd2qq,"6EPlBSH2RSiettczlz7ihV,6jGMq4yGs7aQzuGsMgVgZR","Sleepy Hallow,Lil Tjay","1724554,7762838","75,78",2023-05-24,day,62,2024-01-08
0.812,0.517,1,-8.524,1,0.0983,0.0708,0.0,0.104,0.17,130.041,147691,4,02WbmXcfVEPDOZH91K8OtL,I Should've Known (feat. Kyle Richh),37i9dQZF1DZ06evO3Jd2qq,"6jGMq4yGs7aQzuGsMgVgZR,0hF6lbAjRsq4svrQUr5sgU","Lil Tjay,Kyle Richh","7762838,213652","78,67",2023-10-20,day,62,2024-01-08
0.685,0.667,11,-6.195,0,0.327,0.122,0.0,0.716,0.304,159.998,190320,4,6Yt0M7Q8apD5sxtgYry7wK,June 22nd,37i9dQZF1DZ06evO3Jd2qq,6jGMq4yGs7aQzuGsMgVgZR,Lil Tjay,7762838,78,2023-07-14,day,64,2024-01-08
0.597,0.434,11,-10.161,0,0.648,0.613,0.0,0.093,0.6,80.233,99755,4,7pfTDBYbiNqQxOUOMww9tO,Nuf Said,37i9dQZF1DZ06evO3Jd2qq,6jGMq4yGs7aQzuGsMgVgZR,Lil Tjay,7762838,78,2021-04-02,day,59,2024-01-08
0.565,0.569,6,-6.084,0,0.379,0.0352,8.81e-06,0.106,0.303,92.466,214825,5,3Ddny34bFoYBb8dIGq5lwp,Zoo York (feat. Fivio Foreign & Pop Smoke),37i9dQZF1DZ06evO3Jd2qq,"6jGMq4yGs7aQzuGsMgVgZR,14CHVeJGrR5xgUGQFV5BVM,0eDvMgVFoNV3TpwtrVCoTj","Lil Tjay,Fivio Foreign,Pop Smoke","7762838,1223960,13520053","78,69,79",2020-05-08,day,66,2024-01-08
0.886,0.336,4,-12.779,1,0.239,0.557,0.0,0.0933,0.536,100.044,230448,4,4Hqh0dS4x07zuRw6eBTO7p,20/20,37i9dQZF1DZ06evO3Jd2qq,6jGMq4yGs7aQzuGsMgVgZR,Lil Tjay,7762838,78,2020-01-01,day,63,2024-01-08
0.624,0.528,9,-9.368,1,0.31,0.337,0.0,0.0877,0.683,157.83,170925,4,3TDWIXarI4pfCrjXKr7RtQ,Suicide (with Lil Tjay),37i9dQZF1DZ06evO3Jd2qq,"6AgTAQt8XS6jRWi4sX7w49,6jGMq4yGs7aQzuGsMgVgZR","Polo G,Lil Tjay","10657935,7762838","80,78",2021-12-03,day,61,2024-01-08
0.65,0.778,1,-4.226,0,0.134,0.221,0.0,0.0695,0.6,141.849,223120,4,0JhonNQL2ixH1JcsgEj4Hn,War,37i9dQZF1DZ06evO3Jd2qq,"0eDvMgVFoNV3TpwtrVCoTj,6jGMq4yGs7aQzuGsMgVgZR","Pop Smoke,Lil Tjay","13520053,7762838","79,78",2019-10-04,day,64,2024-01-08
0.767,0.492,5,-9.364,0,0.308,0.0264,0.0,0.311,0.194,151.986,202520,4,6GiOnqCGSAlSFDJeE175If,Long Time,37i9dQZF1DZ06evO3Jd2qq,6jGMq4yGs7aQzuGsMgVgZR,Lil Tjay,7762838,78,2018-12-21,day,61,2024-01-08
0.726,0.414,9,-12.296,0,0.269,0.406,0.0,0.0713,0.47,150.009,179252,4,32ypPhtgTaETvFn3ZIHXTW,Fade Away,37i9dQZF1DZ06evO3Jd2qq,"2tIP7SsRs7vjIcLrU85W8J,6jGMq4yGs7aQzuGsMgVgZR","The Kid LAROI,Lil Tjay","5025586,7762838","80,78",2020-04-17,day,61,2024-01-08
0.758,0.581,1,-8.032,0,0.427,0.314,0.0,0.141,0.157,123.391,218144,5,1yrhouFL3RSdUj9KfPDhoW,Hood Scars 2 (with Lil Tjay),37i9dQZF1DZ06evO3Jd2qq,"2eqoJbzUGDwys5ENUkbT3h,6jGMq4yGs7aQzuGsMgVgZR","J.I the Prince of N.Y,Lil Tjay","1001515,7762838","59,78",2020-06-19,day,61,2024-01-08
0.785,0.647,5,-5.747,1,0.0381,0.0718,0.0,0.173,0.399,138.085,164679,4,3fO79znP8PGK3E9lxv2rlo,Same Friends (with Lil Tjay),37i9dQZF1DZ06evO3Jd2qq,"1hmTCch4tWOJmdqkf8nSRA,6jGMq4yGs7aQzuGsMgVgZR","charlieonnafriday,Lil Tjay","307562,7762838","62,78",2023-03-31,day,59,2024-01-08
0.732,0.672,10,-8.462,0,0.148,0.0642,0.0,0.121,0.16,137.03,140601,4,1wNdGz7BlB9kH5lDc1eLLb,Goin Up,37i9dQZF1DZ06evO3Jd2qq,6jGMq4yGs7aQzuGsMgVgZR,Lil Tjay,7762838,78,2022-04-29,day,59,2024-01-08
0.764,0.774,5,-2.871,0,0.202,0.0178,0.0,0.113,0.597,149.952,168980,4,6UHfW9PmGAUjIVeIkPzPQ2,Only The Team (with Lil Mosey & Lil Tjay),37i9dQZF1DZ06evO3Jd2qq,"1fctva4kpRbg2k3v7kwRuS,5zctI4wO9XSKS8XwcnqEHk,6jGMq4yGs7aQzuGsMgVgZR","Rvssian,Lil Mosey,Lil Tjay","2520986,5330351,7762838","65,67,78",2020-03-11,day,60,2024-01-08
0.701,0.645,8,-3.084,0,0.164,0.0274,0.000174,0.327,0.576,107.955,191904,3,0w1x05XBSRIuVmKd3D0IPd,Wet Em Up Pt. 2,37i9dQZF1DZ06evO3Jd2qq,"6jGMq4yGs7aQzuGsMgVgZR,1tG7s7S4sq2eFFW0QZyLbm,6EPlBSH2RSiettczlz7ihV","Lil Tjay,Sheff G,Sleepy Hallow","7762838,989829,1724554","78,67,75",2020-05-08,day,59,2024-01-08
0.869,0.62,9,-5.308,1,0.191,0.36,0.0,0.103,0.961,148.041,201081,4,5ChX0Yt1wPpRJFPPecJZPh,Dreams Unfold,37i9dQZF1DZ06evO3Jd2qq,"6C1ohJrd5VydigQtaGy5Wa,6jGMq4yGs7aQzuGsMgVgZR","Joyner Lucas,Lil Tjay","2136609,7762838","68,78",2021-08-25,day,59,2024-01-08
0.547,0.616,1,-7.505,1,0.195,0.0221,0.0,0.12,0.308,100.01,192133,4,2OvqbosjvY48JgqmySJ2l2,High Price (with Lil Tjay),37i9dQZF1DZ06evO3Jd2qq,"44vREmJC0OlVZjZaGLqVEd,6jGMq4yGs7aQzuGsMgVgZR","Morray,Lil Tjay","232794,7762838","61,78",2023-03-31,day,57,2024-01-08
0.782,0.644,1,-5.559,0,0.162,0.265,0.0,0.122,0.434,129.972,180234,4,62uolmVjOio9xIfwDM1ZvC,All Star (with Lil Tjay),37i9dQZF1DZ06evO3Jd2qq,"4Ga1P7PMIsmqEZqhYZQgDo,6jGMq4yGs7aQzuGsMgVgZR","Lil Tecca,Lil Tjay","6789664,7762838","80,78",2020-03-13,day,58,2024-01-08
0.799,0.698,9,-5.947,0,0.169,0.125,0.0,0.0778,0.799,121.998,254963,4,4YrS33mjBWWchoLJTkAKwt,Go In,37i9dQZF1DZ06evO3Jd2qq,6jGMq4yGs7aQzuGsMgVgZR,Lil Tjay,7762838,78,2019-12-13,day,59,2024-01-08
0.697,0.506,1,-8.488,0,0.199,0.683,1.03e-06,0.126,0.147,143.09,134494,4,75Pos7nHiygbxinaGoEju8,MELODY,37i9dQZF1DZ06evO3Jd2qq,"1tG7s7S4sq2eFFW0QZyLbm,6jGMq4yGs7aQzuGsMgVgZR","Sheff G,Lil Tjay","989829,7762838","67,78",2020-07-17,day,55,2024-01-08
0.868,0.673,2,-7.331,1,0.196,0.0309,1.04e-05,0.316,0.557,119.016,237983,4,6ApEaAL5iuN3cOwSoAbY1d,"Vroom - The FaNaTiX, Idris Elba, Lil Tjay, Davido, Koffee, Moelogo| PS5, PS4 - from GRAN TURISMO 7",37i9dQZF1DZ06evO3Jd2qq,"3pZyDeGMNPAWHdFe2K4ud1,0Dc2rdPzleezxhvQhQbXuS,6jGMq4yGs7aQzuGsMgVgZR,0Y3agQaa6g2r0YmHPOO9rh,1gWjcmBsveEYMxOZ0VRi32,6mctsJBrfcWvWH7S8h716D","The FaNaTiX,Idris Elba,Lil Tjay,Davido,Koffee,Moelogo","4908,123671,7762838,4177849,697420,10197","41,53,78,72,56,43",2022-03-01,day,59,2024-01-08
0.784,0.473,8,-6.139,1,0.0523,0.33,0.0,0.278,0.635,128.014,204434,4,2cny5OSTr2976U3o018GoV,[The Jackie] (with J. Cole & Lil Tjay),37i9dQZF1DZ06evO3Jd2qq,"70gP6Ry4Uo0Yx6uzPIdaiJ,6l3HvQ5sa6mXTsMTB19rO5,6jGMq4yGs7aQzuGsMgVgZR","Bas,J. Cole,Lil Tjay","545807,22394288,7762838","66,86,78",2022-04-15,day,60,2024-01-08
0.735,0.489,7,-10.021,0,0.0497,0.0216,0.0,0.0977,0.327,120.007,160000,4,5zOm9ZAuAiJMb5G6uXGVlu,Best Friends 4L (feat. Lil Tjay),37i9dQZF1DZ06evO3Jd2qq,"1cNDP5yjU5vjeR8qMf4grg,6jGMq4yGs7aQzuGsMgVgZR","YNW Melly,Lil Tjay","9987188,7762838","72,78",2021-08-13,day,54,2024-01-08
0.829,0.436,3,-8.205,1,0.327,0.15,0.0,0.0954,0.693,143.031,223204,4,6HgWWaMu31KdOpEG5l28BG,All My Life (feat. J. Cole),37i9dQZF1DZ06evO1TN1C0,"3hcs9uc56yIGFCSy9leWe7,6l3HvQ5sa6mXTsMTB19rO5","Lil Durk,J. Cole","6859221,22394288","81,86",2023-05-12,day,80,2024-01-08
0.756,0.582,11,-7.726,1,0.0343,0.0592,0.0,0.161,0.605,134.07,218489,4,1fXnu2HzxbDtoyvFPWG3Bw,Stand By Me (feat. Morgan Wallen),37i9dQZF1DZ06evO1TN1C0,"3hcs9uc56yIGFCSy9leWe7,4oUHIQIBe0LHzYfvXNW4QM","Lil Durk,Morgan Wallen","6859221,8124877","81,86",2023-05-26,day,77,2024-01-08
0.659,0.745,10,-3.599,1,0.0347,0.0417,0.0,0.296,0.54,74.967,185600,4,7qTaDOcld0VmBWXnkbUj45,Broadway Girls (feat. Morgan Wallen),37i9dQZF1DZ06evO1TN1C0,"3hcs9uc56yIGFCSy9leWe7,4oUHIQIBe0LHzYfvXNW4QM","Lil Durk,Morgan Wallen","6859221,8124877","81,86",2022-03-10,day,76,2024-01-08
0.774,0.711,11,-7.97,0,0.18,0.243,0.00052,0.0732,0.612,125.14,161771,4,2HbTwmup8SWz5tMcKZXFLh,Big FU,37i9dQZF1DZ06evO1TN1C0,"1Cs0zKBU1kc0i8ypK3B9ai,3ZpEKRjHaHANcpk10u6Ntq,3hcs9uc56yIGFCSy9leWe7","David Guetta,Ayra Starr,Lil Durk","26011039,2318292,6859221","87,72,81",2023-10-27,day,72,2024-01-08
0.844,0.641,8,-4.893,0,0.363,0.014,3.27e-06,0.289,0.213,156.928,194980,4,6V20oVETqPBJ4suIEoEkIY,Crazy Story (feat. Lil Durk) - Remix,37i9dQZF1DZ06evO1TN1C0,"6QtgPSJPSzcnn7dPZ4VINp,3hcs9uc56yIGFCSy9leWe7","King Von,Lil Durk","3799451,6859221","75,81",2019-09-20,day,72,2024-01-08
0.743,0.714,8,-6.024,0,0.105,0.0126,0.0,0.0901,0.749,138.595,124906,4,52WWw9qNZXZZtWU336TtKG,Cross The Globe (feat. Juice WRLD),37i9dQZF1DZ06evO1TN1C0,"3hcs9uc56yIGFCSy9leWe7,4MCBfE4596Uoi2O4DtmEMz","Lil Durk,Juice WRLD","6859221,32077469","81,87",2023-05-26,day,69,2024-01-08
0.87,0.563,5,-8.373,1,0.451,0.0173,0.0,0.119,0.725,159.931,151000,4,0rk2IHFiHFnO7t0jvAeHW9,Back Again (feat. Lil Durk),37i9dQZF1DZ06evO1TN1C0,"6QtgPSJPSzcnn7dPZ4VINp,01Zk9dhjhxQNqje6GrKJ3d,3hcs9uc56yIGFCSy9leWe7","King Von,Prince Dre,Lil Durk","3799451,32435,6859221","75,50,81",2020-10-30,day,70,2024-01-08
0.841,0.672,1,-5.557,0,0.371,0.0122,0.0,0.321,0.599,157.026,146845,4,53tv6ZbyeAwfAUwFaxYbfO,Hellcats & Trackhawks,37i9dQZF1DZ06evO1TN1C0,"3IaKn0ExWTMPqa0mscUYw3,3hcs9uc56yIGFCSy9leWe7","Only The Family,Lil Durk","429149,6859221","64,81",2021-03-05,day,72,2024-01-08
0.734,0.602,2,-7.304,1,0.229,0.00242,0.0,0.0993,0.279,83.486,160975,4,7CSxAriQKhvmM7Bu12fm5e,Big Dawg (feat. Chief Wuk),37i9dQZF1DZ06evO1TN1C0,"3hcs9uc56yIGFCSy9leWe7,2Hm8pRagdhRNFBbCiGaJEI","Lil Durk,chief wuk","6859221,3278","81,53",2023-05-26,day,71,2024-01-08
0.795,0.526,6,-9.086,0,0.204,0.067,2e-06,0.134,0.194,140.037,181393,4,7ohROa13QK43JBRqfCmz4P,What Happened To Virgil (feat. Gunna),37i9dQZF1DZ06evO1TN1C0,"3hcs9uc56yIGFCSy9leWe7,2hlmm7s2ICUX0LVIhVFlZQ","Lil Durk,Gunna","6859221,6520604","81,84",2022-03-11,day,70,2024-01-08
0.669,0.584,1,-6.141,1,0.287,0.602,0.0,0.109,0.353,185.996,125726,4,7FRkzDzvNJZKUivOTyAmdp,Internet Sensation,37i9dQZF1DZ06evO1TN1C0,3hcs9uc56yIGFCSy9leWe7,Lil Durk,6859221,81,2020-05-08,day,67,2024-01-08
0.732,0.6,6,-9.057,0,0.241,0.00385,0.000114,0.112,0.436,167.973,160203,4,4muwDurKeVOB1WBjTVRWlD,War Bout It (feat. 21 Savage),37i9dQZF1DZ06evO1TN1C0,"3hcs9uc56yIGFCSy9leWe7,1URnnhqYAYcrqrcwql10ft","Lil Durk,21 Savage","6859221,16213669","81,89",2023-05-26,day,69,2024-01-08
0.793,0.462,5,-7.495,0,0.119,0.00522,0.0,0.191,0.356,145.962,144787,4,4g27tVPyGHi38dczFoJZZy,All These Niggas (feat. Lil Durk),37i9dQZF1DZ06evO1TN1C0,"6QtgPSJPSzcnn7dPZ4VINp,3hcs9uc56yIGFCSy9leWe7","King Von,Lil Durk","3799451,6859221","75,81",2020-10-30,day,67,2024-01-08
0.898,0.64,5,-8.796,0,0.255,0.0212,0.0,0.0919,0.68,149.988,153600,4,2i2qDe3dnTl6maUE31FO7c,Mad Max,37i9dQZF1DZ06evO1TN1C0,"3hcs9uc56yIGFCSy9leWe7,1RyvyyTE3xzB2ZywiAwp0i","Lil Durk,Future","6859221,15692678","81,88",2022-12-16,day,70,2024-01-08
0.748,0.713,6,-6.399,1,0.355,0.00496,0.0,0.245,0.482,75.591,279573,4,7ACW7VpgoKmfM1sKo15UhX,"Who Want Smoke?? (feat. G Herbo, Lil Durk & 21 Savage)",37i9dQZF1DZ06evO1TN1C0,"0Njy6yR9LykNKYg9yE23QN,5QdEbQJ3ylBnc3gsIASAT5,3hcs9uc56yIGFCSy9leWe7,1URnnhqYAYcrqrcwql10ft","Nardo Wick,G Herbo,Lil Durk,21 Savage","977404,2002907,6859221,16213669","67,69,81,89",2021-12-03,day,71,2024-01-08
0.593,0.724,2,-7.162,1,0.33,0.0896,0.0,0.648,0.58,81.308,217914,4,3DFkDKoILOZ3an5oJzKDNZ,Smurk Carter,37i9dQZF1DZ06evO1TN1C0,"3hcs9uc56yIGFCSy9leWe7,3IaKn0ExWTMPqa0mscUYw3","Lil Durk,Only The Family","6859221,429149","81,64",2023-11-10,day,65,2024-01-08
0.825,0.497,1,-11.278,1,0.376,0.0286,0.0,0.111,0.536,171.95,156313,4,24zmKlJp1LlIRpagSbMaRY,I'm The Type,37i9dQZF1DZ06evO1TN1C0,"3hcs9uc56yIGFCSy9leWe7,2Hm8pRagdhRNFBbCiGaJEI,3IaKn0ExWTMPqa0mscUYw3","Lil Durk,chief wuk,Only The Family","6859221,3278,429149","81,53,64",2023-11-17,day,65,2024-01-08
0.798,0.792,1,-4.881,1,0.186,0.0164,0.000382,0.0888,0.598,160.003,144000,4,737qboVuEkiDl2DmoU89Qk,Triflin Hoes,37i9dQZF1DZ06evO1TN1C0,3hcs9uc56yIGFCSy9leWe7,Lil Durk,6859221,81,2020-05-08,day,65,2024-01-08
0.688,0.842,2,-4.211,1,0.264,0.0499,0.0,0.241,0.416,159.897,185856,4,0P2P1AxcRYhiZvoF5MyRmM,Rumors (feat. Lil Durk),37i9dQZF1DZ06evO1TN1C0,"13y7CgLHjMVRMDqxdx0Xdo,3hcs9uc56yIGFCSy9leWe7","Gucci Mane,Lil Durk","5220799,6859221","76,81",2022-01-25,day,67,2024-01-08
0.877,0.599,1,-7.901,1,0.298,0.0447,0.0,0.11,0.305,149.989,115320,4,3gG6t4xCPtnTskhpRFFsqO,Evil Twins,37i9dQZF1DZ06evO1TN1C0,"6QtgPSJPSzcnn7dPZ4VINp,3hcs9uc56yIGFCSy9leWe7","King Von,Lil Durk","3799451,6859221","75,81",2022-03-04,day,63,2024-01-08
0.775,0.657,4,-7.641,0,0.659,0.0473,0.0,0.0915,0.439,180.035,122667,5,6to1tNRE8t1WuTSdvDnsmw,Down Me,37i9dQZF1DZ06evO1TN1C0,"6QtgPSJPSzcnn7dPZ4VINp,3hcs9uc56yIGFCSy9leWe7","King Von,Lil Durk","3799451,6859221","75,81",2020-03-06,day,63,2024-01-08
0.788,0.628,11,-5.746,0,0.12,0.00715,0.0,0.132,0.479,104.083,166911,4,62nb5YUYUqtYJhVPwRhCke,How It Feels,37i9dQZF1DZ06evO1TN1C0,"5f7VJjfbwm532GiveGC0ZK,3hcs9uc56yIGFCSy9leWe7","Lil Baby,Lil Durk","16366093,6859221","86,81",2021-06-04,day,64,2024-01-08
0.688,0.489,2,-7.627,0,0.173,0.619,0.0,0.153,0.559,85.404,210120,5,2wUwC1gBJIC05JH87v2hgN,Brothers (feat. Lil Durk) - Remix,37i9dQZF1DZ06evO1TN1C0,"6jGMq4yGs7aQzuGsMgVgZR,3hcs9uc56yIGFCSy9leWe7","Lil Tjay,Lil Durk","7762838,6859221","78,81",2019-10-11,day,65,2024-01-08
0.871,0.545,0,-8.279,1,0.695,0.000826,0.0,0.0779,0.3,160.097,175533,4,6z1nMCq1HJSZ78u2jYtrDT,Twin Nem (feat. Lil Durk),37i9dQZF1DZ06evO1TN1C0,"6QtgPSJPSzcnn7dPZ4VINp,3hcs9uc56yIGFCSy9leWe7","King Von,Lil Durk","3799451,6859221","75,81",2019-09-20,day,64,2024-01-08
0.586,0.474,2,-9.21,0,0.18,0.334,0.0,0.118,0.146,91.105,205702,4,4O7FYAjDATiyylfIIAuRNE,24 Hours (feat. Lil Durk) [Bonus],37i9dQZF1DZ06evO1TN1C0,"31W5EY0aAly4Qieq6OFu6I,3hcs9uc56yIGFCSy9leWe7","A Boogie Wit da Hoodie,Lil Durk","7919751,6859221","79,81",2021-12-10,day,64,2024-01-08
0.823,0.636,11,-7.239,0,0.0612,0.0168,0.0,0.108,0.5,151.978,205893,4,1a7tOEheXeaSNathZW4Gzk,Hanging With Wolves,37i9dQZF1DZ06evO1TN1C0,3hcs9uc56yIGFCSy9leWe7,Lil Durk,6859221,81,2022-12-09,day,64,2024-01-08
0.756,0.698,6,-5.464,1,0.178,0.0849,0.0,0.221,0.66,77.497,247714,4,1geOe7YkJHbsoRdNU0IvGS,Rich MF (feat. Lil Durk),37i9dQZF1DZ06evO1TN1C0,"6Xgp2XMz1fhVYe7i6yNAax,6AgTAQt8XS6jRWi4sX7w49,3hcs9uc56yIGFCSy9leWe7","Trippie Redd,Polo G,Lil Durk","9249721,10657935,6859221","80,80,81",2021-08-20,day,67,2024-01-08
0.638,0.557,1,-7.391,1,0.126,0.000959,0.0,0.0921,0.102,160.081,192048,4,7nGY6TG3NF8MNdUOT2wJA4,F*ck U Thought,37i9dQZF1DZ06evO1TN1C0,3hcs9uc56yIGFCSy9leWe7,Lil Durk,6859221,81,2023-08-18,day,63,2024-01-08
0.469,0.613,11,-6.556,1,0.335,0.0747,0.0,0.205,0.135,72.434,235015,1,6MSyik7EzWsHQjTOPLFBrr,Rich Off Pain (feat. Rod Wave),37i9dQZF1DZ06evO1TN1C0,"5f7VJjfbwm532GiveGC0ZK,3hcs9uc56yIGFCSy9leWe7,45TgXXqMDdF8BkjA83OM7z","Lil Baby,Lil Durk,Rod Wave","16366093,6859221,6330231","86,81,79",2021-06-04,day,62,2024-01-08
0.891,0.651,0,-3.006,1,0.177,0.231,0.0,0.165,0.668,129.919,196736,4,4KyZLFDRAVvs2naDwADVTJ,Star Song (feat. Lil Durk),37i9dQZF1DZ06evO1TN1C0,"58q28H7IgX06YXkPvUtGgR,3hcs9uc56yIGFCSy9leWe7","Sally Sossa,Lil Durk","20724,6859221","42,81",2020-12-11,day,62,2024-01-08
0.703,0.671,1,-4.334,0,0.167,0.0495,0.0,0.158,0.507,146.028,276987,4,4fFHFp2cadSc397kr5wPbx,Vultures,37i9dQZF1DZ06evO1TN1C0,"4xPQFgDA5M2xa0ZGo5iIsv,5K4W6rqBFWDnAN6FQUkS6x,7c0XG5cIJTrrAgEC3ULPiq,3L6bhGrHegoci41Jx2nP0V,3hcs9uc56yIGFCSy9leWe7","¥$,Kanye West,Ty Dolla $ign,Bump J,Lil Durk","220907,22986248,4870732,10075,6859221","61,91,79,61,81",2023-11-18,day,66,2024-01-08
0.77,0.561,10,-4.97,0,0.083,0.14,0.0,0.123,0.81,145.928,173208,4,3vJKLsUYcC7mARUTOMUPaJ,Who I Want,37i9dQZF1DZ06evO1TN1C0,"5f7VJjfbwm532GiveGC0ZK,3hcs9uc56yIGFCSy9leWe7","Lil Baby,Lil Durk","16366093,6859221","86,81",2021-06-04,day,63,2024-01-08
0.709,0.447,10,-10.78,0,0.34,0.025,0.0,0.189,0.207,125.103,145920,4,327maCobrzQZ20H1LwQ6Bk,Eyes Red,37i9dQZF1DZ06evO1TN1C0,"3hcs9uc56yIGFCSy9leWe7,3IaKn0ExWTMPqa0mscUYw3","Lil Durk,Only The Family","6859221,429149","81,64",2023-11-17,day,61,2024-01-08
0.625,0.504,4,-6.591,0,0.293,0.605,0.0,0.138,0.709,130.055,235424,4,3n31mf1JGlRxAGwHwx3pDd,Bruddanem (feat. Lil Durk),37i9dQZF1DZ06evO1TN1C0,"6U3ybJ9UHNKEdsH7ktGBZ7,3hcs9uc56yIGFCSy9leWe7","JID,Lil Durk","1518821,6859221","78,81",2022-10-31,day,63,2024-01-08
0.676,0.61,1,-9.185,1,0.273,0.000114,1.73e-06,0.191,0.519,156.005,186538,4,2bPI4TKM4oTxl2SijUXM2J,AHHH HA,37i9dQZF1DZ06evO1TN1C0,3hcs9uc56yIGFCSy9leWe7,Lil Durk,6859221,81,2022-03-11,day,64,2024-01-08
0.789,0.609,1,-5.969,1,0.174,0.0439,0.0,0.178,0.0816,136.001,172401,4,4nNw167LUp6j2VvuJdbtv8,Man of my Word,37i9dQZF1DZ06evO1TN1C0,"5f7VJjfbwm532GiveGC0ZK,3hcs9uc56yIGFCSy9leWe7","Lil Baby,Lil Durk","16366093,6859221","86,81",2021-06-04,day,65,2024-01-08
0.709,0.427,1,-10.652,1,0.229,0.0017,0.0,0.176,0.345,154.083,105974,4,1IfS74zgVsvAnFIPw6VnY2,Them Ones,37i9dQZF1DZ06evO1TN1C0,"3hcs9uc56yIGFCSy9leWe7,3IaKn0ExWTMPqa0mscUYw3","Lil Durk,Only The Family","6859221,429149","81,64",2023-11-17,day,59,2024-01-08
0.613,0.583,1,-10.042,0,0.159,0.0264,0.00338,0.138,0.249,159.997,204069,4,7jVMNHk15YGRHRXYFoCXK8,From The Hood,37i9dQZF1DZ06evO1TN1C0,"6QtgPSJPSzcnn7dPZ4VINp,3hcs9uc56yIGFCSy9leWe7","King Von,Lil Durk","3799451,6859221","75,81",2023-07-14,day,62,2024-01-08
0.747,0.565,10,-8.859,1,0.096,0.00368,0.0,0.104,0.395,143.962,253739,4,6KlqjCLNImX7W9zYt2Xa7D,Pelle Coat,37i9dQZF1DZ06evO1TN1C0,3hcs9uc56yIGFCSy9leWe7,Lil Durk,6859221,81,2023-05-26,day,62,2024-01-08
0.725,0.64,9,-5.627,0,0.0605,0.292,0.0,0.128,0.489,138.113,279507,4,12KG3DCYkxoMUAPWq1uFnw,My Beyoncé,37i9dQZF1DZ06evO1TN1C0,"3hcs9uc56yIGFCSy9leWe7,7kFfY4UjNdNyaeUgLIEbIF","Lil Durk,DeJ Loaf","6859221,1672165","81,63",2016-07-22,day,63,2024-01-08
0.688,0.717,4,-4.001,0,0.302,0.259,0.0,0.0604,0.525,145.985,143014,4,45khAN78Qv8yzU78TkkGBi,Expedite This Letter,37i9dQZF1DZ06evO1TN1C0,3hcs9uc56yIGFCSy9leWe7,Lil Durk,6859221,81,2022-06-24,day,61,2024-01-08
0.795,0.507,1,-8.06,1,0.303,0.0612,0.0,0.272,0.48,146.771,88304,4,0Ymjv0OJeIIPXr6s9wi3iW,MATHEMATICAL DISRESPECT,37i9dQZF1DZ06evO3WnQzL,6FAo7ORAHEzSSf5q10LLfN,Lil Mabu,969124,69,2023-05-05,day,79,2024-01-08
0.707,0.444,1,-11.232,1,0.258,0.00152,0.0,0.125,0.322,164.117,108750,4,38R5sydMbsBzSPGPMfmtpb,MR. TAKE YA B*TCH (FEAT. CHRISEANROCK),37i9dQZF1DZ06evO3WnQzL,"6FAo7ORAHEzSSf5q10LLfN,3Idu5nTg2S3wrYwVkPqiwa","Lil Mabu,chriseanrock","969124,95295","69,60",2023-10-17,day,81,2024-01-08
0.63,0.746,1,-8.673,0,0.43,0.423,2.02e-06,0.621,0.505,147.934,196227,4,5swaNc5Ezn8WKacGObLCKF,TEACH ME HOW TO DRILL,37i9dQZF1DZ06evO3WnQzL,"6FAo7ORAHEzSSf5q10LLfN,14CHVeJGrR5xgUGQFV5BVM","Lil Mabu,Fivio Foreign","969124,1223960","69,69",2023-12-21,day,74,2024-01-08
0.729,0.64,1,-8.8,1,0.352,0.0595,0.0,0.348,0.413,156.029,160007,4,07NgzcfZh94EiueKm5KiT4,NO SNITCHING (with Dusty Locane),37i9dQZF1DZ06evO3WnQzL,"6FAo7ORAHEzSSf5q10LLfN,22hWz22JAmIhIEp0u1X01L","Lil Mabu,DUSTY LOCANE","969124,418015","69,59",2022-06-30,day,73,2024-01-08
0.689,0.709,11,-8.094,1,0.515,0.104,0.0,0.17,0.646,170.021,118924,3,2hsNdc8rDVN2O5QOxbGayy,RICH SCHOLAR,37i9dQZF1DZ06evO3WnQzL,6FAo7ORAHEzSSf5q10LLfN,Lil Mabu,969124,69,2023-06-16,day,70,2024-01-08
0.525,0.507,9,-9.04,0,0.408,0.262,0.0,0.157,0.353,73.376,138309,4,1cz9jUbkmRSX6jZmQrrSA9,THROW,37i9dQZF1DZ06evO3WnQzL,"6FAo7ORAHEzSSf5q10LLfN,4JpFNbLvh0BGXAubKIthEM","Lil Mabu,DD Osama","969124,631631","69,60",2022-12-23,day,70,2024-01-08
0.711,0.517,1,-6.235,1,0.0911,0.00372,0.0,0.0716,0.672,80.94,106703,4,2Tzmhv6ONBv2lULdPDNwUK,TRIP TO THE HOOD,37i9dQZF1DZ06evO3WnQzL,6FAo7ORAHEzSSf5q10LLfN,Lil Mabu,969124,69,2023-02-24,day,68,2024-01-08
0.783,0.43,5,-10.595,0,0.398,0.0721,0.0,0.133,0.598,147.198,99000,4,1K0gaqpmv9pWtIWZl4EcAG,On The Radar Freestyle,37i9dQZF1DZ06evO3WnQzL,6FAo7ORAHEzSSf5q10LLfN,Lil Mabu,969124,69,2023-01-20,day,67,2024-01-08
0.569,0.603,2,-7.993,0,0.157,0.332,0.0,0.137,0.353,75.034,159919,4,2ktPib6e7LCnHX4LZECEyG,AT WHAT COST?,37i9dQZF1DZ06evO3WnQzL,6FAo7ORAHEzSSf5q10LLfN,Lil Mabu,969124,69,2023-09-01,day,59,2024-01-08
0.749,0.625,1,-10.406,1,0.333,0.0167,0.0,0.369,0.666,155.049,116005,4,7wQpnNx4hp8WcXhwsUc8NE,I'M NOT a COP (with Dougie B),37i9dQZF1DZ06evO3WnQzL,"6FAo7ORAHEzSSf5q10LLfN,6ykgQbKcZFy5qoKBU4YiWj","Lil Mabu,Dougie B","969124,150654","69,55",2022-06-30,day,57,2024-01-08
0.677,0.343,1,-9.777,1,0.439,0.0013,1.57e-05,0.132,0.199,169.881,146824,4,5JW6ETuv1CrlBjGq6rDpYj,WICKED WITCH,37i9dQZF1DZ06evO3WnQzL,6FAo7ORAHEzSSf5q10LLfN,Lil Mabu,969124,69,2022-10-28,day,58,2024-01-08
0.753,0.454,9,-11.544,1,0.132,0.536,0.000418,0.173,0.503,144.989,161306,4,4BzA3v1Ks0CUJsAKxr0srK,i'm done,37i9dQZF1DZ06evO3WnQzL,6FAo7ORAHEzSSf5q10LLfN,Lil Mabu,969124,69,2022-02-10,day,53,2024-01-08
0.677,0.467,11,-12.715,1,0.626,0.191,0.0,0.203,0.52,142.71,109930,4,1ATOtTLEUzRioB7CPD0CMj,Demon Time,37i9dQZF1DZ06evO3WnQzL,6FAo7ORAHEzSSf5q10LLfN,Lil Mabu,969124,69,2021-05-07,day,49,2024-01-08
0.743,0.519,5,-9.771,0,0.335,0.103,0.0,0.382,0.657,146.985,131168,4,6HnydhDiw4UoQy6H8Cj2QF,NO LOVE (with DThang),37i9dQZF1DZ06evO3WnQzL,"6FAo7ORAHEzSSf5q10LLfN,2THPifY3pg9crvJrg9yOzr","Lil Mabu,Dthang","969124,206083","69,53",2022-06-30,day,56,2024-01-08
0.737,0.585,7,-8.294,1,0.138,0.273,4.7e-06,0.12,0.682,141.011,110638,4,512V3IJCkqvN8uWmXYgGXy,Move It,37i9dQZF1DZ06evO3WnQzL,6FAo7ORAHEzSSf5q10LLfN,Lil Mabu,969124,69,2021-01-23,day,47,2024-01-08
0.839,0.5,8,-12.253,1,0.366,0.0281,0.0,0.113,0.342,93.977,121803,4,1CLdt0lJtsExwYrZAykOfP,Miss Me,37i9dQZF1DZ06evO3WnQzL,6FAo7ORAHEzSSf5q10LLfN,Lil Mabu,969124,69,2020-10-16,day,48,2024-01-08
0.817,0.384,10,-13.039,1,0.263,0.105,0.0,0.108,0.292,90.003,154667,4,39Xs1TO452MZhc55Z9MHn1,Man Down,37i9dQZF1DZ06evO3WnQzL,6FAo7ORAHEzSSf5q10LLfN,Lil Mabu,969124,69,2019-12-24,day,47,2024-01-08
0.722,0.529,5,-12.575,0,0.306,0.201,0.0,0.125,0.263,140.111,123436,4,0PUYUp6TBUZ7mn1On92cAk,King of the World,37i9dQZF1DZ06evO3WnQzL,6FAo7ORAHEzSSf5q10LLfN,Lil Mabu,969124,69,2022-06-30,day,54,2024-01-08
0.668,0.689,8,-6.615,1,0.169,0.193,0.0,0.112,0.358,169.956,135602,4,59IhxFNYxcGaTRnNlF3VO7,Heartbreaking,37i9dQZF1DZ06evO3WnQzL,6FAo7ORAHEzSSf5q10LLfN,Lil Mabu,969124,69,2020-07-22,day,45,2024-01-08
0.756,0.561,7,-9.954,0,0.176,0.37,0.0,0.152,0.581,79.903,144013,4,28Vao9RuRAkI3KgQAxNTtR,Slide,37i9dQZF1DZ06evO3WnQzL,"6FAo7ORAHEzSSf5q10LLfN,7Dgi79cPwVtjnngOpRHPOE","Lil Mabu,R3ady","969124,2089","69,24",2020-02-24,day,41,2024-01-08
0.754,0.701,10,-8.434,0,0.376,0.0733,0.0,0.194,0.647,144.981,136067,4,4oaMjGJmklKvijYkP9E0LL,EVERYONE K (with Sha Ek),37i9dQZF1DZ06evO3WnQzL,"6FAo7ORAHEzSSf5q10LLfN,3jVAqTL4NbB88q4lj94VX9","Lil Mabu,Sha EK","969124,184426","69,55",2022-06-30,day,55,2024-01-08
0.73,0.612,1,-10.574,1,0.385,0.0464,0.0,0.369,0.643,160.028,111803,4,19KkDlrVwkToGQX4dWOCQI,DUMPING IT TOO (with Rah Swish),37i9dQZF1DZ06evO3WnQzL,"6FAo7ORAHEzSSf5q10LLfN,4FeLiFUPdxVfFo8oOfA4BH","Lil Mabu,Rah Swish","969124,119379","69,48",2022-06-30,day,52,2024-01-08
0.266,0.642,7,-5.133,1,0.0694,0.424,0.0,0.0943,0.0371,75.022,185276,4,65kp3OFn7JXbCvkm3m2Ui2,Two®,37i9dQZF1DZ06evO2OQoKY,4O15NlyKLIASxsJ0PrXPfz,Lil Uzi Vert,16484624,85,2017-08-25,day,62,2024-01-08
0.736,0.769,11,-5.546,0,0.258,0.027,0.0,0.23,0.388,137.947,180870,4,5ZJGv7aGdIr9IGpxzSG18T,Everybody (feat. Lil Uzi Vert),37i9dQZF1DZ06evO2OQoKY,"0hCNtLu0JehylgoiP8L4Gh,4O15NlyKLIASxsJ0PrXPfz","Nicki Minaj,Lil Uzi Vert","30496118,16484624","88,85",2023-12-08,day,87,2024-01-08
0.732,0.75,11,-6.366,0,0.231,0.00264,0.0,0.109,0.401,155.096,182707,4,7GX5flRQZVHRAGd6B4TmDO,XO Tour Llif3,37i9dQZF1DZ06evO2OQoKY,4O15NlyKLIASxsJ0PrXPfz,Lil Uzi Vert,16484624,85,2017-08-25,day,86,2024-01-08
0.686,0.897,11,-7.18,0,0.0386,0.0103,0.103,0.153,0.355,129.975,163139,4,0FA4wrjDJvJTTU8AepZTup,Watch This - ARIZONATEARS Pluggnb Remix,37i9dQZF1DZ06evO2OQoKY,"4O15NlyKLIASxsJ0PrXPfz,0M2CO5ijP35MDhNwvpgxTV,2xzyIzdjfeXX6FIQtlAAyw","Lil Uzi Vert,sped up nightcore,ARIZONATEARS","16484624,150054,6078","85,74,68",2023-02-05,day,84,2024-01-08
0.773,0.75,8,-4.009,0,0.117,0.109,0.0,0.174,0.783,123.426,220587,4,0uxSUdBrJy9Un0EYoBowng,20 Min,37i9dQZF1DZ06evO2OQoKY,4O15NlyKLIASxsJ0PrXPfz,Lil Uzi Vert,16484624,85,2017-11-17,day,84,2024-01-08
0.474,0.805,1,-5.997,1,0.332,0.0715,0.0,0.147,0.109,131.001,176125,4,1a019wP7IdYLexwbmfZPm3,Flawlëss (feat. Lil Uzi Vert),37i9dQZF1DZ06evO2OQoKY,"3qiHUAX7zY4Qnjx8TNUzVx,4O15NlyKLIASxsJ0PrXPfz","Yeat,Lil Uzi Vert","3930218,16484624","82,85",2022-09-09,day,82,2024-01-08
0.703,0.757,1,-3.612,1,0.05,0.617,0.0,0.106,0.696,82.008,221747,4,2eAZfqOm4EnOF9VvN50Tyc,The Way Life Goes (feat. Oh Wonder),37i9dQZF1DZ06evO2OQoKY,"4O15NlyKLIASxsJ0PrXPfz,5cIc3SBFuBLVxJz58W2tU9","Lil Uzi Vert,Oh Wonder","16484624,1061460","85,65",2017-08-25,day,82,2024-01-08
0.742,0.579,0,-5.024,1,0.202,0.0381,0.0,0.0952,0.502,144.994,258475,4,1a7WZZZH7LzyvorhpOJFTe,Wasted (feat. Lil Uzi Vert),37i9dQZF1DZ06evO2OQoKY,"4MCBfE4596Uoi2O4DtmEMz,4O15NlyKLIASxsJ0PrXPfz","Juice WRLD,Lil Uzi Vert","32077469,16484624","87,85",2018-12-10,day,78,2024-01-08
0.64,0.609,1,-7.714,0,0.304,0.492,2.47e-06,0.152,0.393,131.889,192727,4,4daEMLSZCgZ2Mt7gNm2SRa,Flooded The Face,37i9dQZF1DZ06evO2OQoKY,4O15NlyKLIASxsJ0PrXPfz,Lil Uzi Vert,16484624,85,2023-06-30,day,78,2024-01-08
0.554,0.881,2,-4.176,0,0.138,0.115,0.0,0.119,0.455,162.032,171828,4,6odqveUIgvpWWvtANLcZpH,Red Moon,37i9dQZF1DZ06evO2OQoKY,4O15NlyKLIASxsJ0PrXPfz,Lil Uzi Vert,16484624,85,2023-12-27,day,74,2024-01-08
0.467,0.935,11,-3.103,1,0.125,0.000231,0.0,0.405,0.294,105.101,189553,3,5viZ8CLipufc1Q1NXpMRNN,AmEN! (feat. Lil Uzi Vert and Daryl Palumbo of Glassjaw),37i9dQZF1DZ06evO2OQoKY,"1Ffb6ejR6Fe5IamqA5oRUF,4O15NlyKLIASxsJ0PrXPfz,6GcRo52zMhZXYOsEkMyMrX,7nt6S4klYHg4I7Q4lTSmc0","Bring Me The Horizon,Lil Uzi Vert,Daryl Palumbo,Glassjaw","5264704,16484624,1799,150839","77,85,49,51",2023-06-01,day,71,2024-01-08
0.705,0.609,3,-5.728,1,0.0729,0.694,0.0,0.234,0.718,140.058,199993,4,4uhvMW7ly7tJil31YYscAN,Erase Your Social,37i9dQZF1DZ06evO2OQoKY,4O15NlyKLIASxsJ0PrXPfz,Lil Uzi Vert,16484624,85,2016-08-10,day,74,2024-01-08
0.785,0.62,8,-6.667,1,0.254,0.0138,0.0,0.15,0.478,78.477,235535,4,59J5nzL1KniFHnU120dQzt,wokeuplikethis*,37i9dQZF1DZ06evO2OQoKY,"699OTQXzgjhIYAHMy9RyPD,4O15NlyKLIASxsJ0PrXPfz","Playboi Carti,Lil Uzi Vert","9643234,16484624","84,85",2017-04-14,day,76,2024-01-08
0.903,0.535,8,-6.238,1,0.286,0.0298,0.0,0.0851,0.157,130.117,195692,4,5egD7A5x9AHdVO2fMo3Wbo,Silly Watch,37i9dQZF1DZ06evO2OQoKY,4O15NlyKLIASxsJ0PrXPfz,Lil Uzi Vert,16484624,85,2020-03-06,day,74,2024-01-08
0.599,0.651,0,-6.834,0,0.0436,0.188,0.00144,0.161,0.253,143.985,195320,4,2qlBAT108lYOzlXhBxBqEv,"Home (Metro Boomin & Don Toliver, Lil Uzi Vert)",37i9dQZF1DZ06evO2OQoKY,"0iEtIxbK0KxaSlF7G42ZOp,4Gso3d4CscCijv0lmajZWs,4O15NlyKLIASxsJ0PrXPfz","Metro Boomin,Don Toliver,Lil Uzi Vert","6641993,3641335,16484624","87,81,85",2023-06-02,day,71,2024-01-08
0.731,0.605,1,-5.01,1,0.19,0.067,7.7e-06,0.177,0.413,132.946,216704,4,41bmnQZoDMQdDh5zyomtW7,Endless Fashion (feat. Nicki Minaj),37i9dQZF1DZ06evO2OQoKY,"4O15NlyKLIASxsJ0PrXPfz,0hCNtLu0JehylgoiP8L4Gh","Lil Uzi Vert,Nicki Minaj","16484624,30496118","85,88",2023-06-30,day,74,2024-01-08
0.859,0.563,1,-6.635,0,0.112,0.0541,0.0,0.0685,0.412,119.934,258789,4,1MJErNPIQUoEMu4YUUmecm,Neon Guts (feat. Pharrell Williams),37i9dQZF1DZ06evO2OQoKY,"4O15NlyKLIASxsJ0PrXPfz,2RdwBSPQiwcmiDo9kixcl8","Lil Uzi Vert,Pharrell Williams","16484624,4336597","85,78",2017-08-25,day,73,2024-01-08
0.774,0.549,9,-7.297,0,0.154,0.178,0.00151,0.22,0.28,135.016,245240,4,0B6g379TMw0nYGXA7y5xHz,"All The Way Live (Spider-Man: Across the Spider-Verse) (Metro Boomin & Future, Lil Uzi Vert)",37i9dQZF1DZ06evO2OQoKY,"0iEtIxbK0KxaSlF7G42ZOp,1RyvyyTE3xzB2ZywiAwp0i,4O15NlyKLIASxsJ0PrXPfz","Metro Boomin,Future,Lil Uzi Vert","6641993,15692678,16484624","87,88,85",2023-06-02,day,72,2024-01-08
0.619,0.606,1,-4.252,1,0.0784,0.0268,0.0,0.375,0.0669,140.023,97770,4,1pDbGAAH5GQ8U0KG4fI77H,Spin Again,37i9dQZF1DZ06evO2OQoKY,4O15NlyKLIASxsJ0PrXPfz,Lil Uzi Vert,16484624,85,2023-06-30,day,69,2024-01-08
0.667,0.67,10,-7.081,0,0.124,0.00652,0.0,0.122,0.208,130.082,207760,4,2aCj4aX6TXFFUn5zTFRH4w,Big tonka (feat. Lil Uzi Vert),37i9dQZF1DZ06evO2OQoKY,"3qiHUAX7zY4Qnjx8TNUzVx,4O15NlyKLIASxsJ0PrXPfz","Yeat,Lil Uzi Vert","3930218,16484624","82,85",2022-04-01,day,70,2024-01-08
0.771,0.654,8,-6.976,0,0.298,0.055,0.0,0.214,0.573,155.047,224955,4,56uXDJRCuoS7abX3SkzHKQ,Myron,37i9dQZF1DZ06evO2OQoKY,4O15NlyKLIASxsJ0PrXPfz,Lil Uzi Vert,16484624,85,2020-03-13,day,71,2024-01-08
0.698,0.692,10,-5.699,1,0.267,0.00415,0.0,0.177,0.23,146.999,192213,4,1DypGkTryeH4cPFBVucxo4,"Like This (feat. Lil Uzi Vert, Destroy Lonely)",37i9dQZF1DZ06evO2OQoKY,"3gBZUcNeVumkeeJ19CY2sX,4O15NlyKLIASxsJ0PrXPfz,1HPW4jeRjXBFRoUnSvBzoD","Ken Carson,Lil Uzi Vert,Destroy Lonely","1027324,16484624,873972","76,85,71",2023-10-13,day,68,2024-01-08
0.544,0.546,1,-14.475,1,0.0923,0.0099,0.00027,0.392,0.151,161.76,100383,4,5BDZ8atcxq0QHGn66YwTwh,just wanna rock - Sped Up Version,37i9dQZF1DZ06evO2OQoKY,"0M2CO5ijP35MDhNwvpgxTV,4O15NlyKLIASxsJ0PrXPfz","sped up nightcore,Lil Uzi Vert","150054,16484624","74,85",2022-10-07,day,66,2024-01-08
0.827,0.571,11,-7.949,1,0.366,0.0195,0.0,0.166,0.62,142.034,146419,4,7z4xW9WY86uH3gd1V9pfCM,JUGGERNAUT (feat. Lil Uzi Vert & Pharrell Williams),37i9dQZF1DZ06evO2OQoKY,"4V8LLVI7PbaPR0K2TGSxFF,4O15NlyKLIASxsJ0PrXPfz,2RdwBSPQiwcmiDo9kixcl8","Tyler, The Creator,Lil Uzi Vert,Pharrell Williams","13737518,16484624,4336597","84,85,78",2021-06-25,day,67,2024-01-08
0.638,0.526,7,-8.401,1,0.131,0.275,0.0,0.462,0.301,139.054,219712,4,4v1P7JCjehbg5TmLQo2mFy,7AM,37i9dQZF1DZ06evO2OQoKY,4O15NlyKLIASxsJ0PrXPfz,Lil Uzi Vert,16484624,85,2015-12-18,day,69,2024-01-08
0.929,0.563,9,-7.428,1,0.49,0.000592,0.0,0.244,0.353,129.957,213885,4,6vxU64pcIuQ38O015Zy4qj,Homecoming,37i9dQZF1DZ06evO2OQoKY,4O15NlyKLIASxsJ0PrXPfz,Lil Uzi Vert,16484624,85,2020-03-06,day,70,2024-01-08
0.807,0.627,11,-6.829,1,0.0771,0.0225,0.0,0.0904,0.761,122.963,246497,4,0WCJSIy75ZVxqY51ce0enc,Pluto to Mars,37i9dQZF1DZ06evO2OQoKY,4O15NlyKLIASxsJ0PrXPfz,Lil Uzi Vert,16484624,85,2023-06-30,day,67,2024-01-08
0.636,0.605,0,-9.718,1,0.151,0.128,0.0,0.138,0.537,149.954,185678,4,1X1dy95bo2OirAmMkBIwkS,NFL,37i9dQZF1DZ06evO2OQoKY,4O15NlyKLIASxsJ0PrXPfz,Lil Uzi Vert,16484624,85,2023-10-20,day,65,2024-01-08
0.792,0.707,7,-5.218,0,0.0623,0.116,0.0,0.12,0.408,134.997,224042,4,5LKIZ4UTKebSE5VFbLSQnr,His & Hers (feat. Don Toliver & Lil Uzi Vert),37i9dQZF1DZ06evO2OQoKY,"6MPCFvOQv5cIGfw3jODMF0,2hlmm7s2ICUX0LVIhVFlZQ,4Gso3d4CscCijv0lmajZWs,4O15NlyKLIASxsJ0PrXPfz","Internet Money,Gunna,Don Toliver,Lil Uzi Vert","778596,6520604,3641335,16484624","67,84,81,85",2021-05-13,day,67,2024-01-08
0.389,0.962,2,-4.772,0,0.248,5.98e-05,0.623,0.331,0.155,183.049,239864,4,3ySqZ8yGoh4Emi9HiPCCdP,Werewolf (feat. Bring Me The Horizon),37i9dQZF1DZ06evO2OQoKY,"4O15NlyKLIASxsJ0PrXPfz,1Ffb6ejR6Fe5IamqA5oRUF","Lil Uzi Vert,Bring Me The Horizon","16484624,5264704","85,77",2023-06-30,day,66,2024-01-08
0.681,0.701,9,-6.336,1,0.0767,0.106,0.0,0.208,0.398,139.952,175203,4,4IWGnyOHDrVZEtPWfs4s7q,Do What I Want,37i9dQZF1DZ06evO2OQoKY,4O15NlyKLIASxsJ0PrXPfz,Lil Uzi Vert,16484624,85,2016-08-10,day,66,2024-01-08
0.775,0.461,7,-6.594,0,0.124,0.157,0.0,0.0687,0.131,134.028,188060,4,60PTOzcoFycWBICdumIsFQ,FOR FUN,37i9dQZF1DZ06evO2OQoKY,4O15NlyKLIASxsJ0PrXPfz,Lil Uzi Vert,16484624,85,2022-07-23,day,65,2024-01-08
0.775,0.72,11,-5.353,0,0.193,0.0236,0.0,0.114,0.49,155.086,234627,4,3kW4z2pIj5VY5fLjBrMRL5,P2,37i9dQZF1DZ06evO2OQoKY,4O15NlyKLIASxsJ0PrXPfz,Lil Uzi Vert,16484624,85,2020-03-06,day,67,2024-01-08
0.747,0.606,4,-5.286,1,0.172,0.222,0.0,0.281,0.2,155.055,173419,4,2ZdCrBA52bb4pIG3tOOZiQ,Dark Queen,37i9dQZF1DZ06evO2OQoKY,4O15NlyKLIASxsJ0PrXPfz,Lil Uzi Vert,16484624,85,2017-08-25,day,65,2024-01-08
0.443,0.579,6,-6.517,0,0.187,0.125,0.0,0.284,0.256,83.827,240437,4,1jKlRcH7X78ps1yKBTWyUV,Lucid Dreams (feat. Lil Uzi Vert) - Remix,37i9dQZF1DZ06evO2OQoKY,"4MCBfE4596Uoi2O4DtmEMz,4O15NlyKLIASxsJ0PrXPfz","Juice WRLD,Lil Uzi Vert","32077469,16484624","87,85",2021-05-28,day,65,2024-01-08
0.772,0.634,10,-6.101,0,0.212,0.135,0.0,0.432,0.671,160.052,210261,4,7hav1MHURQf5SAoPk0egqh,Baby Pluto,37i9dQZF1DZ06evO2OQoKY,4O15NlyKLIASxsJ0PrXPfz,Lil Uzi Vert,16484624,85,2020-03-06,day,65,2024-01-08
0.522,0.428,11,-11.332,0,0.143,0.235,2.35e-06,0.278,0.399,129.829,221538,4,1gGsNNUfvVMOv4llVMg8Vg,Ps & Qs,37i9dQZF1DZ06evO2OQoKY,4O15NlyKLIASxsJ0PrXPfz,Lil Uzi Vert,16484624,85,2016-05-27,day,66,2024-01-08
0.847,0.733,10,-6.439,0,0.16,0.00574,1.04e-05,0.151,0.202,130.029,193591,4,6pcywuOeGGWeOQzdUyti6k,Glock In My Lap,37i9dQZF1DZ06evO152G0U,"1URnnhqYAYcrqrcwql10ft,0iEtIxbK0KxaSlF7G42ZOp","21 Savage,Metro Boomin","16213669,6641993","89,87",2020-10-02,day,87,2024-01-08
0.825,0.733,1,-5.625,0,0.0969,0.349,0.0,0.112,0.62,97.974,190331,4,3ruoIF2UnoXdzK8mR61ebq,Rich Nigga Shit (feat. Young Thug),37i9dQZF1DZ06evO152G0U,"1URnnhqYAYcrqrcwql10ft,0iEtIxbK0KxaSlF7G42ZOp,50co4Is1HCEo8bhOyUWKpn","21 Savage,Metro Boomin,Young Thug","16213669,6641993,9355686","89,87,83",2020-10-02,day,84,2024-01-08
0.544,0.496,0,-12.032,1,0.21,0.13,0.0,0.166,0.314,103.148,203442,5,3kfhS2L56Wj8fBcu7xE47H,Turks & Caicos (feat. 21 Savage),37i9dQZF1DZ06evO152G0U,"45TgXXqMDdF8BkjA83OM7z,1URnnhqYAYcrqrcwql10ft","Rod Wave,21 Savage","6330231,16213669","79,89",2023-09-15,day,81,2024-01-08
0.69,0.933,5,-3.099,0,0.0832,0.0252,2.51e-05,0.493,0.523,119.987,188000,4,7mobUfp1aL8A6CdugCMWft,BOTH,37i9dQZF1DZ06evO152G0U,"2o5jDhtHVPhrJdv3cEQ99Z,1URnnhqYAYcrqrcwql10ft,6veh5zbFpm31XsPdjBgPER","Tiësto,21 Savage,BIA","7171624,16213669,539969","82,89,68",2023-08-29,day,77,2024-01-08
0.65,0.659,3,-6.522,0,0.123,0.174,0.00772,0.126,0.154,76.985,314836,4,76gcXhY3Zv6wW0BTe9nHJo,TIL FURTHER NOTICE (feat. James Blake & 21 Savage),37i9dQZF1DZ06evO152G0U,"0Y5tJX1MQlPlqiwlOH1tJY,53KwLdlmrlCelAZMaLVZqU,1URnnhqYAYcrqrcwql10ft","Travis Scott,James Blake,21 Savage","26203362,1398232,16213669","91,69,89",2023-07-28,day,79,2024-01-08
0.746,0.549,9,-7.459,1,0.348,0.00412,1.02e-06,0.331,0.491,164.928,151182,4,5gzEL5O1ubbtIHUhLkSMTz,Loop Hole (feat. 21 Savage),37i9dQZF1DZ06evO152G0U,"6AUl0ykLLpvTktob97x9hO,1URnnhqYAYcrqrcwql10ft","Tee Grizzley,21 Savage","3630266,16213669","69,89",2023-11-03,day,78,2024-01-08
0.753,0.669,7,-4.914,0,0.104,0.0378,0.0,0.122,0.584,140.948,247469,4,0J1YRLYhTG1MBosjidD7OI,Good Good,37i9dQZF1DZ06evO152G0U,"23zg3TcAtWQy7J6upgbUnj,57LYzLEk2LcFghVwuWbcuS,1URnnhqYAYcrqrcwql10ft","USHER,Summer Walker,21 Savage","10846051,5871705,16213669","80,78,89",2023-08-04,day,75,2024-01-08
0.911,0.536,4,-7.884,0,0.282,0.00897,3.73e-06,0.111,0.584,146.014,203813,4,1KUZ33cOqk3X4Ezk0aZnVp,Peaches & Eggplants (feat. 21 Savage),37i9dQZF1DZ06evO152G0U,"5yPzzu25VzEk8qrGTLIrE1,1URnnhqYAYcrqrcwql10ft","Young Nudy,21 Savage","1388610,16213669","70,89",2023-02-27,day,75,2024-01-08
0.822,0.788,11,-3.634,0,0.173,0.0838,0.000173,0.359,0.389,111.016,222000,4,2Yt4SXIgmoaPZHGdRafp4P,Umbrella (with 21 Savage & Young Nudy),37i9dQZF1DZ06evO152G0U,"0iEtIxbK0KxaSlF7G42ZOp,1URnnhqYAYcrqrcwql10ft,5yPzzu25VzEk8qrGTLIrE1","Metro Boomin,21 Savage,Young Nudy","6641993,16213669,1388610","87,89,70",2022-12-02,day,75,2024-01-08
0.829,0.343,0,-4.962,1,0.0982,0.00718,0.0,0.172,0.309,78.061,135418,4,78p1rF7xx1snnaKxtUzBHn,Opp Stoppa (feat. 21 Savage),37i9dQZF1DZ06evO152G0U,"3gGUMEwIX6XodWsYEvKSal,1URnnhqYAYcrqrcwql10ft","YBN Nahmir,21 Savage","2997482,16213669","61,89",2021-03-26,day,73,2024-01-08
0.939,0.521,1,-7.468,1,0.379,0.195,0.0,0.201,0.515,124.995,133000,4,4EzkcqltSOxYE2lstuLOFs,Pull Up (feat. 21 Savage),37i9dQZF1DZ06evO152G0U,"6BH1xcDkwbbyrLMUKECsW1,1URnnhqYAYcrqrcwql10ft","Toosii,21 Savage","1570531,16213669","66,89",2023-06-02,day,73,2024-01-08
0.906,0.444,4,-8.692,0,0.384,0.136,6.44e-05,0.173,0.678,140.063,235040,4,4gmmRb6bZJffOOiww1JGTO,No Heart,37i9dQZF1DZ06evO152G0U,"1URnnhqYAYcrqrcwql10ft,0iEtIxbK0KxaSlF7G42ZOp","21 Savage,Metro Boomin","16213669,6641993","89,87",2016-07-15,day,76,2024-01-08
0.571,0.55,0,-6.567,1,0.106,0.0548,0.0,0.179,0.104,120.947,285630,4,2nibvvDdAQkVraYP00z2RS,Calling For You (feat. 21 Savage),37i9dQZF1DZ06evO152G0U,"3TVXtAsR1Inumwj472S9r4,1URnnhqYAYcrqrcwql10ft","Drake,21 Savage","83626299,16213669","96,89",2023-10-06,day,76,2024-01-08
0.862,0.274,0,-5.818,0,0.416,0.0974,0.185,0.183,0.154,77.492,148640,4,2D2w9943rsnJOGCrI4aMQp,My Choppa Hate Niggas,37i9dQZF1DZ06evO152G0U,"1URnnhqYAYcrqrcwql10ft,0iEtIxbK0KxaSlF7G42ZOp","21 Savage,Metro Boomin","16213669,6641993","89,87",2017-10-30,day,72,2024-01-08
0.674,0.634,10,-8.245,0,0.154,0.0192,0.0,0.153,0.407,158.97,166140,4,6m0S4wcG6sTCP010ZrgdJI,Call Me Revenge - Call of Duty: Modern Warfare 3,37i9dQZF1DZ06evO152G0U,"1URnnhqYAYcrqrcwql10ft,5y8tKLUfMvliMe8IKamR32","21 Savage,d4vd","16213669,2170087","89,77",2023-10-19,day,70,2024-01-08
0.947,0.605,10,-8.621,0,0.346,0.0748,7.54e-06,0.0901,0.656,129.988,133613,4,3IPGG5Niex4hGlXFOYWzp9,Don't Play That,37i9dQZF1DZ06evO152G0U,"6QtgPSJPSzcnn7dPZ4VINp,1URnnhqYAYcrqrcwql10ft","King Von,21 Savage","3799451,16213669","75,89",2022-03-04,day,71,2024-01-08
0.714,0.586,2,-6.925,1,0.0604,0.0211,0.0,0.173,0.283,108.983,234693,4,0KoBrntyQ2x6Y1eZwgGe5P,"Givin’ Up (Not The One) (Don Toliver & 21 Savage, 2 Chainz)",37i9dQZF1DZ06evO152G0U,"4Gso3d4CscCijv0lmajZWs,1URnnhqYAYcrqrcwql10ft,17lzZA2AlOHwCwFALHttmp","Don Toliver,21 Savage,2 Chainz","3641335,16213669,8017349","81,89,75",2023-06-02,day,71,2024-01-08
0.63,0.399,5,-9.869,0,0.178,0.105,0.174,0.234,0.0657,183.016,214192,3,1wGnp7ejkCuXRsehXx0PNP,RIP Luv,37i9dQZF1DZ06evO152G0U,"1URnnhqYAYcrqrcwql10ft,0iEtIxbK0KxaSlF7G42ZOp","21 Savage,Metro Boomin","16213669,6641993","89,87",2020-10-02,day,72,2024-01-08
0.959,0.55,5,-8.012,0,0.197,0.0187,0.0,0.112,0.798,130.024,191360,4,5stbfxsPi8gcOH2LCuA4Le,pad lock,37i9dQZF1DZ06evO152G0U,1URnnhqYAYcrqrcwql10ft,21 Savage,16213669,89,2018-12-21,day,70,2024-01-08
0.859,0.378,1,-9.03,1,0.104,0.281,0.000174,0.122,0.0838,123.629,209533,4,3xMnPIvsaWwzHzqqzaihEX,"Nonviolent Communication (Metro Boomin & James Blake, A$AP Rocky, 21 Savage)",37i9dQZF1DZ06evO152G0U,"0iEtIxbK0KxaSlF7G42ZOp,53KwLdlmrlCelAZMaLVZqU,13ubrt8QOOCPljQ2FL1Kca,1URnnhqYAYcrqrcwql10ft","Metro Boomin,James Blake,A$AP Rocky,21 Savage","6641993,1398232,13299639,16213669","87,69,81,89",2023-06-02,day,68,2024-01-08
0.786,0.504,1,-7.678,1,0.0938,0.0332,0.0,0.0979,0.346,121.967,165246,4,2lXQX3uhFHRYGBE6xR3tic,Never Lose Me (feat. Lil Yachty),37i9dQZF1DZ06evO3IjBrq,"08PvCOlef4xdOr20jFSTPd,6icQOAFXDZKsumw3YXyusw","Flo Milli,Lil Yachty","752562,9554683","70,78",2023-12-01,day,79,2024-01-08
0.92,0.547,6,-4.98,0,0.272,0.0241,1.45e-06,0.0998,0.606,138.05,89536,4,5vDNippoMr52KpXBO9b9KQ,Coffin,37i9dQZF1DZ06evO3IjBrq,6icQOAFXDZKsumw3YXyusw,Lil Yachty,9554683,78,2020-11-27,day,77,2024-01-08
0.492,0.807,10,-3.677,0,0.0854,0.205,0.00275,0.384,0.477,107.087,229805,4,6luBKkFUt5wTwz7hpLhp12,drive ME crazy!,37i9dQZF1DZ06evO3IjBrq,6icQOAFXDZKsumw3YXyusw,Lil Yachty,9554683,78,2023-01-27,day,76,2024-01-08
0.684,0.541,5,-8.04,0,0.0483,0.0347,0.0,0.138,0.214,158.046,170415,4,17IBDpAl3J39swaoPlfGpp,Another Late Night (feat. Lil Yachty),37i9dQZF1DZ06evO3IjBrq,"3TVXtAsR1Inumwj472S9r4,6icQOAFXDZKsumw3YXyusw","Drake,Lil Yachty","83626299,9554683","96,78",2023-10-06,day,76,2024-01-08
0.769,0.479,1,-5.339,1,0.0385,0.66,0.0,0.0914,0.803,96.051,164640,4,2Yer0p7uB2lVBUAtANuuQp,Magic In The Hamptons (feat. Lil Yachty),37i9dQZF1DZ06evO3IjBrq,"5UjifI1TYefXWn9GdqDOHl,6icQOAFXDZKsumw3YXyusw","Social House,Lil Yachty","148604,9554683","62,78",2018-06-08,day,74,2024-01-08
0.829,0.667,9,-5.366,1,0.166,0.000523,0.000521,0.048,0.545,160.082,170859,4,5Ryu0SlsYjKh78RkJUONFr,Flex Up (feat. Future & Playboi Carti),37i9dQZF1DZ06evO3IjBrq,"6icQOAFXDZKsumw3YXyusw,1RyvyyTE3xzB2ZywiAwp0i,699OTQXzgjhIYAHMy9RyPD","Lil Yachty,Future,Playboi Carti","9554683,15692678,9643234","78,88,84",2020-11-27,day,78,2024-01-08
0.851,0.642,1,-5.281,1,0.216,0.0658,0.0,0.0713,0.701,143.091,148115,4,7iTTWHbr4tAlsRJN4m4bay,Strike (Holster),37i9dQZF1DZ06evO3IjBrq,6icQOAFXDZKsumw3YXyusw,Lil Yachty,9554683,78,2023-04-07,day,74,2024-01-08
0.758,0.66,8,-6.799,0,0.0756,0.038,0.0,0.175,0.551,90.02,149333,4,7CIvyuVoWcY0LgUYa1aR5J,SOLO STEPPIN CRETE BOY,37i9dQZF1DZ06evO3IjBrq,6icQOAFXDZKsumw3YXyusw,Lil Yachty,9554683,78,2023-08-04,day,73,2024-01-08
0.741,0.699,9,-4.586,1,0.199,0.0122,1.33e-05,0.386,0.467,144.029,113333,4,5VE6OSfJkMHyMpHaJzuUqn,Gimme Da Lite,37i9dQZF1DZ06evO3IjBrq,"23DYJsw4uSCguIqiTIDtcN,6icQOAFXDZKsumw3YXyusw","Southside,Lil Yachty","98908,9554683","59,78",2023-12-08,day,74,2024-01-08
0.82,0.603,8,-7.18,1,0.308,0.0351,0.0159,0.122,0.177,159.976,151851,4,3hv6ndi7uFT9L9wrhQCsqY,Gucci Flip Flops (feat. Lil Yachty),37i9dQZF1DZ06evO3IjBrq,"7DuTB6wdzqFJGFLSH17k8e,6icQOAFXDZKsumw3YXyusw","Bhad Bhabie,Lil Yachty","3322880,9554683","58,78",2018-09-18,day,74,2024-01-08
0.695,0.555,5,-8.5,0,0.0509,0.141,0.826,0.11,0.26,150.024,83200,4,74loibzxXRL875X20kenvk,Poland,37i9dQZF1DZ06evO3IjBrq,6icQOAFXDZKsumw3YXyusw,Lil Yachty,9554683,78,2022-10-11,day,70,2024-01-08
0.746,0.653,7,-6.745,1,0.289,0.378,0.0,0.229,0.672,75.016,253107,4,2EEeOnHehOozLq4aS0n6SL,iSpy (feat. Lil Yachty),37i9dQZF1DZ06evO3IjBrq,"4qBgvVog0wzW75IQ48mU7v,6icQOAFXDZKsumw3YXyusw","KYLE,Lil Yachty","1051546,9554683","61,78",2016-12-02,day,72,2024-01-08
0.873,0.265,7,-9.377,1,0.553,0.00109,0.0,0.132,0.106,119.93,96133,4,2AhAhd9BiyydtKq2hMdb7Q,Greed (feat. Lil Yachty),37i9dQZF1DZ06evO3IjBrq,"5tQMB0cuNXdCtzovGt55uD,6icQOAFXDZKsumw3YXyusw","LUCKI,Lil Yachty","772051,9554683","75,78",2021-02-12,day,67,2024-01-08
0.656,0.776,6,-6.184,1,0.0672,0.16,0.378,0.372,0.638,156.049,156759,4,0f1G5SHFoFC9lO03gHCGVS,Pretty Boy (feat. Lil Yachty),37i9dQZF1DZ06evO3IjBrq,"3MZsBdqDrRTJihTHQrO6Dq,6icQOAFXDZKsumw3YXyusw","Joji,Lil Yachty","9232140,9554683","78,78",2020-09-25,day,65,2024-01-08
0.763,0.659,2,-6.147,1,0.212,0.0974,0.0,0.115,0.539,137.974,126957,4,2tcI5EedPVjrxwewRQs62W,Van Gogh (feat. Lil Yachty),37i9dQZF1DZ06evO3IjBrq,"6U3ybJ9UHNKEdsH7ktGBZ7,6icQOAFXDZKsumw3YXyusw","JID,Lil Yachty","1518821,9554683","78,78",2023-09-01,day,65,2024-01-08
0.672,0.538,2,-6.569,1,0.103,0.00998,0.000461,0.441,0.0663,134.838,164743,4,4NQfLaqLd1Fms4UTkkTj7J,TESLA,37i9dQZF1DZ06evO3IjBrq,6icQOAFXDZKsumw3YXyusw,Lil Yachty,9554683,78,2023-08-25,day,65,2024-01-08
0.968,0.658,10,-5.127,0,0.224,0.173,0.0,0.0864,0.784,126.974,95306,4,4Z7XtjSL1fyFnd6bTYhEIQ,"Go Krazy, Go Stupid Freestyle",37i9dQZF1DZ06evO3IjBrq,6icQOAFXDZKsumw3YXyusw,Lil Yachty,9554683,78,2019-06-28,day,64,2024-01-08
0.832,0.525,8,-7.723,0,0.385,0.226,0.0,0.14,0.481,95.072,208421,4,0bHfRPMnqoMmSpzZywlCmq,Taylor Port Junkie (feat. Lil Yachty),37i9dQZF1DZ06evO3IjBrq,"0gg11prPP6OqtUvBcKnPpq,6icQOAFXDZKsumw3YXyusw","Rylo Rodriguez,Lil Yachty","438828,9554683","61,78",2023-06-30,day,64,2024-01-08
0.44,0.661,5,-7.118,1,0.124,0.418,0.00264,0.621,0.61,127.892,162209,4,6vDyzD9o8aYhR1963oJpkO,pRETTy,37i9dQZF1DZ06evO3IjBrq,6icQOAFXDZKsumw3YXyusw,Lil Yachty,9554683,78,2023-01-27,day,63,2024-01-08
0.634,0.632,11,-9.193,0,0.493,0.17,0.0,0.143,0.517,129.278,173027,5,2JKkIYGgr3KobERZKzCpa1,1v1 (feat. Lil Yachty),37i9dQZF1DZ06evO3IjBrq,"6O1vRHWVGKJTnWuJmItnsx,6icQOAFXDZKsumw3YXyusw","Rio Da Yung Og,Lil Yachty","285928,9554683","64,78",2020-10-13,day,63,2024-01-08
0.715,0.705,5,-7.583,0,0.275,0.0184,0.0,0.281,0.601,137.961,149565,4,00rMGQGXFeY2VQTrg7SWde,Slide,37i9dQZF1DZ06evO3IjBrq,6icQOAFXDZKsumw3YXyusw,Lil Yachty,9554683,78,2023-08-04,day,62,2024-01-08
0.414,0.791,1,-4.847,0,0.0661,0.381,0.00102,0.375,0.588,151.895,190581,4,04HeNxRRVjcwctfp2K2kMu,the ride-,37i9dQZF1DZ06evO3IjBrq,6icQOAFXDZKsumw3YXyusw,Lil Yachty,9554683,78,2023-01-27,day,62,2024-01-08
0.95,0.489,8,-8.411,1,0.462,0.105,0.0,0.411,0.919,130.021,158769,4,3m2aDCqn8eT5ElXDUiboGU,Get Dripped (feat. Playboi Carti),37i9dQZF1DZ06evO3IjBrq,"6icQOAFXDZKsumw3YXyusw,699OTQXzgjhIYAHMy9RyPD","Lil Yachty,Playboi Carti","9554683,9643234","78,84",2018-10-19,day,65,2024-01-08
0.569,0.811,5,-4.562,1,0.336,0.696,0.0,0.156,0.69,144.642,248661,4,51RaJOy09JMFHyPaDgXxBO,The Secret Recipe,37i9dQZF1DZ06evO3IjBrq,"6icQOAFXDZKsumw3YXyusw,6l3HvQ5sa6mXTsMTB19rO5","Lil Yachty,J. Cole","9554683,22394288","78,86",2023-09-29,day,63,2024-01-08
0.651,0.72,9,-6.529,1,0.161,0.331,0.413,0.528,0.705,90.024,269245,4,7zy7iE31dGO70ShMXghsfj,running out of time,37i9dQZF1DZ06evO3IjBrq,6icQOAFXDZKsumw3YXyusw,Lil Yachty,9554683,78,2023-01-27,day,62,2024-01-08
0.977,0.303,0,-10.821,1,0.539,0.0612,0.0,0.184,0.214,116.063,145188,3,0CjHqLvr4EdjBJ0XiKtbCI,Menace,37i9dQZF1DZ06evO3IjBrq,"6i392l38cR3uBPF0DbNs7S,6icQOAFXDZKsumw3YXyusw,0VRj0yCOv2FXJNP47XQnx5,4DdkRBBYG6Yk9Ka8tdJ9BW","Quality Control,Lil Yachty,Quavo,Offset","1316469,9554683,7128651,3501668","64,78,77,79",2017-12-08,day,62,2024-01-08
0.832,0.656,4,-7.492,0,0.375,0.316,2.13e-06,0.108,0.562,100.032,175878,4,5bBzkJE9BqYTL27webAUCw,Rocc Climbing (feat. Lil Yachty),37i9dQZF1DZ06evO3IjBrq,"65s98MYZ4xFpgKlUYS5XKw,6icQOAFXDZKsumw3YXyusw","Remble,Lil Yachty","195170,9554683","55,78",2021-09-24,day,61,2024-01-08
0.922,0.583,5,-4.982,1,0.0753,0.0098,0.0,0.0962,0.494,136.043,261615,4,7bsnTsbiwOymZWjPF9v6Di,Marmalade (feat. Lil Yachty),37i9dQZF1DZ06evO3IjBrq,"3JhNCzhSMTxs9WLGJJxWOY,6icQOAFXDZKsumw3YXyusw","Macklemore,Lil Yachty","2135015,9554683","76,78",2017-09-22,day,61,2024-01-08
0.302,0.557,9,-5.737,0,0.0326,0.063,0.344,0.118,0.103,113.563,411912,4,1rydhdFtKe2CRkiaVb7aGF,the BLACK seminole.,37i9dQZF1DZ06evO3IjBrq,6icQOAFXDZKsumw3YXyusw,Lil Yachty,9554683,78,2023-01-27,day,65,2024-01-08
0.62,0.737,1,-5.901,1,0.354,0.0551,0.0,0.747,0.919,134.958,208929,4,1J0O3RqCeoMcXbayQZDZXL,Half Doin Dope (with BabyTron feat. Lil Yachty),37i9dQZF1DZ06evO3IjBrq,"6U3ybJ9UHNKEdsH7ktGBZ7,0sKsReKseslDlhxmbN6wLk,6icQOAFXDZKsumw3YXyusw","JID,BabyTron,Lil Yachty","1518821,392039,9554683","78,66,78",2023-09-01,day,60,2024-01-08
0.754,0.547,2,-6.13,1,0.298,0.441,0.00733,0.176,0.804,178.117,147026,4,2GVThPVZQQ1K21uEefG4r6,One Of Those Days (feat. Lil Yachty & with 347aidan),37i9dQZF1DZ06evO3IjBrq,"4B56PS5UUtnnRaGJvPvoyW,0bBz5bRBkExaej2HxtVfCw,6icQOAFXDZKsumw3YXyusw","Zack Bia,347aidan,Lil Yachty","5674,460954,9554683","39,62,78",2023-02-22,day,56,2024-01-08
0.638,0.868,0,-3.99,1,0.0283,0.0736,4.38e-05,0.847,0.818,125.966,168723,4,5lrorOJfDv5rGUKqLDKqo8,sHouLd i B?,37i9dQZF1DZ06evO3IjBrq,6icQOAFXDZKsumw3YXyusw,Lil Yachty,9554683,78,2023-01-27,day,58,2024-01-08
0.666,0.53,2,-7.509,1,0.232,0.144,0.0,0.135,0.202,159.988,132880,4,3GMkpfmfY5Z291hAlS3xqg,Forreal (feat. Lil Yachty),37i9dQZF1DZ06evO3IjBrq,"1t22AdiJ8P9eXOnoJ8xPJT,6icQOAFXDZKsumw3YXyusw","YTB Fatt,Lil Yachty","39449,9554683","58,78",2023-12-15,day,60,2024-01-08
0.631,0.72,1,-5.262,1,0.0617,0.0779,0.00737,0.135,0.123,180.899,177158,4,6SN1H9p6A0UbsNpfkxEEX6,Hit Bout It,37i9dQZF1DZ06evO3IjBrq,"6icQOAFXDZKsumw3YXyusw,46SHBwWsqBkxI7EeeBEQG7","Lil Yachty,Kodak Black","9554683,10072386","78,80",2021-02-19,day,61,2024-01-08
0.667,0.489,9,-8.772,0,0.422,0.197,0.0,0.159,0.392,145.048,239314,4,62hpoPrA3rtfeX1aWONig5,Split/Whole Time,37i9dQZF1DZ06evO3IjBrq,6icQOAFXDZKsumw3YXyusw,Lil Yachty,9554683,78,2020-05-29,day,62,2024-01-08
0.593,0.692,2,-10.082,1,0.483,0.169,0.0,0.1,0.708,131.07,209615,4,4eEVH4nGz68ClNAwEI96ek,No Clue (feat. Lil Yachty),37i9dQZF1DZ06evO3IjBrq,"5yPzzu25VzEk8qrGTLIrE1,6icQOAFXDZKsumw3YXyusw","Young Nudy,Lil Yachty","1388610,9554683","70,78",2017-09-13,day,61,2024-01-08
0.841,0.538,4,-7.365,1,0.166,0.0319,0.0,0.372,0.3,97.49,127690,4,4Jo9NBrz648AhHLtwSsNx4,Concrete Goonies,37i9dQZF1DZ06evO3IjBrq,6icQOAFXDZKsumw3YXyusw,Lil Yachty,9554683,78,2021-04-23,day,57,2024-01-08
0.949,0.444,5,-7.301,1,0.212,0.0267,0.0,0.106,0.607,124.936,136640,4,2wK5badDdF5vOtv1ujYXhu,How You Feel? (Freestyle) (feat. Lil Yachty & Ski Mask the Slump God),37i9dQZF1DZ06evO3IjBrq,"1m7LSAMIB1BErIHYSOn32W,4e5oZygHeeRoTXc00gYWiu,6icQOAFXDZKsumw3YXyusw,2rhFzFmezpnW82MNqEKVry","DJ Scheme,Danny Towers,Lil Yachty,Ski Mask The Slump God","264976,45481,9554683,5634073","60,56,78,72",2020-12-04,day,57,2024-01-08
0.776,0.589,9,-4.543,0,0.115,0.319,0.0,0.0715,0.668,120.034,240093,4,0pJPdSVti6cTM1Q6xYGmcf,Faking It (feat. Kehlani & Lil Yachty),37i9dQZF1DZ06evO3IjBrq,"7CajNmpbOovFoOoasH2HaY,0cGUm45nv7Z6M6qdXYQGTX,6icQOAFXDZKsumw3YXyusw,4A0TivfinfALCAMJqqjZIk","Calvin Harris,Kehlani,Lil Yachty,Funk Wav","23070413,7416741,9554683,12579","84,72,78,63",2017-06-30,day,60,2024-01-08
0.776,0.844,0,-5.296,1,0.0483,0.00177,0.0273,0.0844,0.542,149.987,214723,4,15eWNa3kpCPKILbSvvzSWl,"Speed Me Up (with Ty Dolla $ign, Lil Yachty & Sueco the Child)",37i9dQZF1DZ06evO3IjBrq,"137W8MRPWKqSmrBGDBFSop,7c0XG5cIJTrrAgEC3ULPiq,6icQOAFXDZKsumw3YXyusw,4iDroUFo89Y7YBsdDTBmTD","Wiz Khalifa,Ty Dolla $ign,Lil Yachty,Sueco","11073613,4870732,9554683,554510","80,79,78,60",2020-01-24,day,60,2024-01-08
0.877,0.617,11,-6.2,0,0.303,0.0378,0.0,0.263,0.484,136.01,102117,4,6og219WwSl2pU7oXyXfRMe,YAE ENERGY,37i9dQZF1DZ06evO3IjBrq,6icQOAFXDZKsumw3YXyusw,Lil Yachty,9554683,78,2021-11-13,day,56,2024-01-08
0.47,0.64,2,-7.779,1,0.32,0.0277,0.0,0.382,0.248,163.92,247444,4,7aqfrAY2p9BUSiupwk3svU,First Person Shooter (feat. J. Cole),37i9dQZF1DZ06evO3K21mU,"3TVXtAsR1Inumwj472S9r4,6l3HvQ5sa6mXTsMTB19rO5","Drake,J. Cole","83626299,22394288","96,86",2023-10-06,day,90,2024-01-08
0.681,0.821,11,-5.12,0,0.131,0.532,0.00111,0.0921,0.813,94.074,214701,4,5wxYxygyHpbgv0EXZuqb9V,on the street (with J. Cole),37i9dQZF1DZ06evO3K21mU,"0b1sIQumIAsNbqAoIClSpy,6l3HvQ5sa6mXTsMTB19rO5","j-hope,J. Cole","16774631,22394288","69,86",2023-03-03,day,78,2024-01-08
0.765,0.591,5,-5.414,1,0.0831,0.482,6.94e-06,0.114,0.471,95.538,244446,4,44gmXwbdHjwQsQvsiraj14,Let Me Calm Down (feat. J. Cole),37i9dQZF1DZ06evO3K21mU,"0hCNtLu0JehylgoiP8L4Gh,6l3HvQ5sa6mXTsMTB19rO5","Nicki Minaj,J. Cole","30496118,22394288","88,86",2023-12-08,day,79,2024-01-08
0.735,0.459,6,-10.164,0,0.273,0.706,2.04e-06,0.101,0.583,74.052,147667,4,2f86Ae3R4OKAu1lEIqouih,"To Summer, From Cole - Audio Hug",37i9dQZF1DZ06evO3K21mU,"57LYzLEk2LcFghVwuWbcuS,6l3HvQ5sa6mXTsMTB19rO5","Summer Walker,J. Cole","5871705,22394288","78,86",2023-05-19,day,75,2024-01-08
0.829,0.527,6,-6.644,0,0.367,0.482,0.0,0.631,0.475,116.079,200310,4,6tZ3b7ik1QDXFAZlXib0YZ,Kevin’s Heart,37i9dQZF1DZ06evO3K21mU,6l3HvQ5sa6mXTsMTB19rO5,J. Cole,22394288,86,2018-04-20,day,76,2024-01-08
0.56,0.784,1,-5.304,1,0.301,0.0508,0.0,0.221,0.25,78.161,227692,4,2ut4BOQSqxLpcX5MtPjzYa,Evil Ways (feat. J. Cole),37i9dQZF1DZ06evO3K21mU,"3TVXtAsR1Inumwj472S9r4,6l3HvQ5sa6mXTsMTB19rO5","Drake,J. Cole","83626299,22394288","96,86",2023-11-17,day,76,2024-01-08
0.61,0.458,9,-11.336,1,0.36,0.696,0.000103,0.0852,0.246,192.099,240342,4,4at3d5QWnlibMVN75ECDrp,Pretty Little Fears (feat. J. Cole),37i9dQZF1DZ06evO3K21mU,"4IVAbR2w4JJNJDDRFP3E83,6l3HvQ5sa6mXTsMTB19rO5","6LACK,J. Cole","4574314,22394288","72,86",2018-09-14,day,75,2024-01-08
0.898,0.283,6,-12.335,0,0.356,0.319,0.000383,0.11,0.469,138.97,216520,4,0utlOiJy2weVl9WTkcEWHy,Neighbors,37i9dQZF1DZ06evO3K21mU,6l3HvQ5sa6mXTsMTB19rO5,J. Cole,22394288,86,2016-12-09,day,75,2024-01-08
0.691,0.64,0,-6.441,1,0.369,0.511,0.0,0.409,0.163,138.672,202040,4,6MF4tRr5lU8qok8IKaFOBE,Under The Sun (with J. Cole & Lute feat. DaBaby),37i9dQZF1DZ06evO3K21mU,"1iNqsUDUraNWrj00bqssQG,6l3HvQ5sa6mXTsMTB19rO5,75WcpJKWXBV3o3cfluWapK,4r63FhuTkUYltbVAg5TQnk","Dreamville,J. Cole,Lute,DaBaby","608984,22394288,208810,11554890","66,86,58,78",2019-07-05,day,76,2024-01-08
0.776,0.603,5,-5.696,1,0.0343,0.0728,6.25e-05,0.111,0.921,96.888,295920,4,5VA4Ispp52EA1sOqzMz3Av,All I Want Is You (feat. J. Cole),37i9dQZF1DZ06evO3K21mU,"360IAlyVv4PCEVjgyMZrxK,6l3HvQ5sa6mXTsMTB19rO5","Miguel,J. Cole","4903257,22394288","78,86",2010-11-26,day,75,2024-01-08
0.759,0.494,2,-9.495,1,0.341,0.343,0.0,0.114,0.174,129.969,209752,4,0Fg88OWOdERXLMDcTWYwjf,Home Alone (with J. Cole),37i9dQZF1DZ06evO3K21mU,"70gP6Ry4Uo0Yx6uzPIdaiJ,6l3HvQ5sa6mXTsMTB19rO5","Bas,J. Cole","545807,22394288","66,86",2023-12-15,day,71,2024-01-08
0.474,0.833,1,-5.315,1,0.439,0.145,0.0,0.0949,0.414,195.733,95903,4,5Mkbqot9JUaN5XhRgqITME,Adonis Interlude (The Montage) (with J. Cole),37i9dQZF1DZ06evO3K21mU,"1iNqsUDUraNWrj00bqssQG,6l3HvQ5sa6mXTsMTB19rO5","Dreamville,J. Cole","608984,22394288","66,86",2023-03-03,day,69,2024-01-08
0.802,0.544,5,-9.212,1,0.0686,0.605,0.0,0.102,0.57,133.992,292865,4,5O59s7bCgTFsXDXlWecyQ1,Apparently,37i9dQZF1DZ06evO3K21mU,6l3HvQ5sa6mXTsMTB19rO5,J. Cole,22394288,86,2014-12-09,day,72,2024-01-08
0.77,0.574,1,-5.525,1,0.106,0.0617,0.0,0.104,0.104,98.962,133022,3,08LwMWf5Tcfsd752EPzFV0,i n t e r l u d e,37i9dQZF1DZ06evO3K21mU,6l3HvQ5sa6mXTsMTB19rO5,J. Cole,22394288,86,2021-05-14,day,68,2024-01-08
0.597,0.568,5,-8.559,1,0.342,0.242,0.0,0.0838,0.342,84.052,242698,4,6LBpGdlukUARutol7VgWIS,January 28th,37i9dQZF1DZ06evO3K21mU,6l3HvQ5sa6mXTsMTB19rO5,J. Cole,22394288,86,2014-12-09,day,70,2024-01-08
0.439,0.204,2,-15.165,1,0.0587,0.766,0.0913,0.284,0.0408,139.652,209080,4,0HtOJj7Kl74s1Ngf3MWeif,She's Mine Pt. 1,37i9dQZF1DZ06evO3K21mU,6l3HvQ5sa6mXTsMTB19rO5,J. Cole,22394288,86,2016-12-09,day,69,2024-01-08
0.44,0.671,3,-10.598,0,0.477,0.764,0.0,0.212,0.479,83.078,234387,4,4OkiWfrZKmmVoILXk8JEtl,In The Morning,37i9dQZF1DZ06evO3K21mU,"6l3HvQ5sa6mXTsMTB19rO5,3TVXtAsR1Inumwj472S9r4","J. Cole,Drake","22394288,83626299","86,96",2011-09-27,day,71,2024-01-08
0.709,0.49,4,-7.457,0,0.0757,0.11,0.00345,0.12,0.0397,155.069,211610,4,5BOBHIBuzvQuIYL1E1nDzl,Shea Butter Baby (with J. Cole),37i9dQZF1DZ06evO3K21mU,"1vaQ6v3pOFxAIrFoPrAcom,6l3HvQ5sa6mXTsMTB19rO5","Ari Lennox,J. Cole","727262,22394288","61,86",2019-05-07,day,67,2024-01-08
0.486,0.194,2,-15.265,1,0.0712,0.798,0.00624,0.114,0.048,70.031,278920,4,5rmcjZTrE9JR1YrbNZDFNW,She's Mine Pt. 2,37i9dQZF1DZ06evO3K21mU,6l3HvQ5sa6mXTsMTB19rO5,J. Cole,22394288,86,2016-12-09,day,69,2024-01-08
0.769,0.74,11,-6.579,0,0.378,0.197,0.0,0.171,0.692,94.104,112579,4,57ZUX6TNyKLBydAdVVd02x,p u n c h i n ‘ . t h e . c l o c k,37i9dQZF1DZ06evO3K21mU,6l3HvQ5sa6mXTsMTB19rO5,J. Cole,22394288,86,2021-05-14,day,65,2024-01-08
0.825,0.672,0,-7.108,1,0.418,0.0858,0.0,0.123,0.246,147.01,382307,4,7wTA0NKIm6T7nP2kaymU2a,Sacrifices (with EARTHGANG & J. Cole feat. Smino & Saba),37i9dQZF1DZ06evO3K21mU,"1iNqsUDUraNWrj00bqssQG,5MbNzCW3qokGyoo9giHA3V,6l3HvQ5sa6mXTsMTB19rO5,1ybINI1qPiFbwDXamRtwxD,7Hjbimq43OgxaBRpFXic4x","Dreamville,EARTHGANG,J. Cole,Smino,Saba","608984,820156,22394288,885595,729825","66,63,86,65,61",2019-07-05,day,70,2024-01-08
0.861,0.637,6,-7.701,0,0.133,0.392,0.0,0.0929,0.754,87.006,198621,4,2DTpP3caqX3QdJIEoS83mD,Your Heart,37i9dQZF1DZ06evO3K21mU,"6C1ohJrd5VydigQtaGy5Wa,6l3HvQ5sa6mXTsMTB19rO5","Joyner Lucas,J. Cole","2136609,22394288","68,86",2021-09-24,day,67,2024-01-08
0.784,0.517,4,-8.981,0,0.209,0.0249,1.44e-06,0.155,0.206,97.991,200187,4,3s4mrPrEFFPF0LmAfutW0n,The London (feat. J. Cole & Travis Scott),37i9dQZF1DZ06evO3K21mU,"50co4Is1HCEo8bhOyUWKpn,6l3HvQ5sa6mXTsMTB19rO5,0Y5tJX1MQlPlqiwlOH1tJY","Young Thug,J. Cole,Travis Scott","9355686,22394288,26203362","83,86,91",2019-08-16,day,69,2024-01-08
0.583,0.625,1,-8.011,1,0.277,0.506,0.0,0.196,0.516,89.812,266291,4,0GAyuCo975IHGxxiLKDufB,l e t . g o . m y . h a n d (with Bas & 6LACK),37i9dQZF1DZ06evO3K21mU,"6l3HvQ5sa6mXTsMTB19rO5,70gP6Ry4Uo0Yx6uzPIdaiJ,4IVAbR2w4JJNJDDRFP3E83","J. Cole,Bas,6LACK","22394288,545807,4574314","86,66,72",2021-05-14,day,68,2024-01-08
0.761,0.586,0,-5.368,1,0.359,0.0392,0.0,0.0558,0.719,149.804,169147,4,36J0iaPDGbYGsHvYpaYs3k,"Down Bad (feat. JID, Bas, J. Cole, EARTHGANG & Young Nudy)",37i9dQZF1DZ06evO3K21mU,"1iNqsUDUraNWrj00bqssQG,6U3ybJ9UHNKEdsH7ktGBZ7,70gP6Ry4Uo0Yx6uzPIdaiJ,6l3HvQ5sa6mXTsMTB19rO5,5MbNzCW3qokGyoo9giHA3V,5yPzzu25VzEk8qrGTLIrE1","Dreamville,JID,Bas,J. Cole,EARTHGANG,Young Nudy","608984,1518821,545807,22394288,820156,1388610","66,78,66,86,63,70",2019-07-05,day,68,2024-01-08
0.461,0.653,6,-8.617,1,0.327,0.158,0.0,0.197,0.588,81.628,322000,1,1m8WpLYXEiNVZchsWEcCSy,Come Through and Chill (feat. J. Cole & Salaam Remi),37i9dQZF1DZ06evO3K21mU,"360IAlyVv4PCEVjgyMZrxK,6l3HvQ5sa6mXTsMTB19rO5,0rlS0SzVFk8BoiAW0fGBbN","Miguel,J. Cole,Salaam Remi","4903257,22394288,29106","78,86,61",2017-12-01,day,69,2024-01-08
0.74,0.523,11,-10.753,0,0.233,0.666,0.00142,0.0968,0.235,97.063,331480,4,3pjUyVbFmM96tYhSaKJwTt,Change,37i9dQZF1DZ06evO3K21mU,6l3HvQ5sa6mXTsMTB19rO5,J. Cole,22394288,86,2016-12-09,day,69,2024-01-08
0.755,0.594,7,-5.906,1,0.216,0.241,0.0,0.107,0.237,178.929,238053,4,0YAQnYt2oB8OdoaeqnHyTI,Tribe (with J. Cole),37i9dQZF1DZ06evO3K21mU,"70gP6Ry4Uo0Yx6uzPIdaiJ,6l3HvQ5sa6mXTsMTB19rO5","Bas,J. Cole","545807,22394288","66,86",2018-08-24,day,67,2024-01-08
0.686,0.667,2,-7.284,1,0.426,0.296,0.0,0.218,0.667,77.977,178292,4,19h1LNf7idduUW3jBeswB8,Heaven’s EP (with J. Cole),37i9dQZF1DZ06evO3K21mU,"1iNqsUDUraNWrj00bqssQG,6l3HvQ5sa6mXTsMTB19rO5","Dreamville,J. Cole","608984,22394288","66,86",2022-03-31,day,65,2024-01-08
0.586,0.512,8,-8.819,0,0.0668,0.723,0.0002,0.119,0.235,75.857,235480,4,1oOEkBNp4zWnkD7nWjJdog,Snow On Tha Bluff,37i9dQZF1DZ06evO3K21mU,6l3HvQ5sa6mXTsMTB19rO5,J. Cole,22394288,86,2020-06-16,day,66,2024-01-08
0.84,0.504,1,-9.354,1,0.383,0.546,0.00131,0.211,0.406,110.027,268667,4,1mvDFqbbmgmMmU6U4dIq5m,Forbidden Fruit (feat. Kendrick Lamar),37i9dQZF1DZ06evO3K21mU,"6l3HvQ5sa6mXTsMTB19rO5,2YZyLoL8N0Wb9xBt1NhZWg","J. Cole,Kendrick Lamar","22394288,26526500","86,87",2013-06-18,day,69,2024-01-08
0.87,0.386,7,-7.843,0,0.0684,0.745,0.00013,0.122,0.642,119.91,194347,3,2z3joGXrdGL2iEjIKQTiN1,Ville Mentality,37i9dQZF1DZ06evO3K21mU,6l3HvQ5sa6mXTsMTB19rO5,J. Cole,22394288,86,2016-12-09,day,65,2024-01-08
0.768,0.626,7,-6.516,1,0.125,0.215,2.63e-05,0.144,0.551,147.77,208270,4,078lbDGGTqBuTKU3bypXxQ,90 Proof (with J. Cole),37i9dQZF1DZ06evO3K21mU,"1ybINI1qPiFbwDXamRtwxD,6l3HvQ5sa6mXTsMTB19rO5","Smino,J. Cole","885595,22394288","65,86",2022-10-28,day,62,2024-01-08
0.669,0.419,1,-6.724,0,0.522,0.376,0.0,0.187,0.0397,109.813,215320,4,3s7MCdXyWmwjdcWh7GWXas,Violent Crimes,37i9dQZF1DZ06evO3nMr04,5K4W6rqBFWDnAN6FQUkS6x,Kanye West,22986248,91,2018-06-01,day,85,2024-01-08
0.542,0.466,0,-8.665,1,0.0831,0.141,0.000445,0.125,0.124,191.385,243440,4,7rbECVPkY5UODxoOUVKZnA,I Wonder,37i9dQZF1DZ06evO3nMr04,5K4W6rqBFWDnAN6FQUkS6x,Kanye West,22986248,91,2007-09-11,day,88,2024-01-08
0.582,0.272,2,-5.662,1,0.0501,0.875,0.0,0.13,0.354,205.846,188238,4,78TTtXnFQPzwqlbtbwqN0y,FourFiveSeconds,37i9dQZF1DZ06evO3nMr04,"5pKCCKE2ajJHZ9KAiaK11H,5K4W6rqBFWDnAN6FQUkS6x,4STHEaNw4mPZ2tzheohgXB","Rihanna,Kanye West,Paul McCartney","58780253,22986248,4642978","89,91,75",2015-01-24,day,81,2024-01-08
0.667,0.747,1,-7.059,1,0.189,0.337,0.0,0.115,0.918,86.917,203493,4,4iz9lGMjU1lXS51oPmUmTe,Homecoming,37i9dQZF1DZ06evO3nMr04,"5K4W6rqBFWDnAN6FQUkS6x,0LQoZQIV0mIs0y0XQb0Sw2","Kanye West,Chris Martin","22986248,45548","91,64",2007-09-11,day,85,2024-01-08
0.573,0.545,7,-4.247,0,0.0288,0.0969,0.0,0.329,0.297,83.378,271387,4,7vgTNTaEz3CsBZ1N4YQalM,Ghost Town,37i9dQZF1DZ06evO3nMr04,"5K4W6rqBFWDnAN6FQUkS6x,2HPaUgqeutzr3jx5a9WyDV","Kanye West,PARTYNEXTDOOR","22986248,6064028","91,78",2018-06-01,day,82,2024-01-08
0.435,0.76,8,-4.935,0,0.0721,0.0175,0.0,0.158,0.206,80.082,351947,4,1UGD3lW3tDmgZfAVDh6w7r,Devil In A New Dress,37i9dQZF1DZ06evO3nMr04,"5K4W6rqBFWDnAN6FQUkS6x,1sBkRIssrMs1AbVkOJbc7a","Kanye West,Rick Ross","22986248,7103142","91,76",2010-11-22,day,82,2024-01-08
0.632,0.924,1,-1.802,1,0.29,0.281,0.0,0.263,0.441,86.844,267520,4,7LR85XLWw2yXqKBSI5brbG,Run This Town,37i9dQZF1DZ06evO3nMr04,"3nFkdlSjzX9mRTtwJOzDYB,5pKCCKE2ajJHZ9KAiaK11H,5K4W6rqBFWDnAN6FQUkS6x","JAY-Z,Rihanna,Kanye West","8801570,58780253,22986248","82,89,91",2009-09-08,day,82,2024-01-08
0.529,0.9,1,-3.503,1,0.418,0.000248,1.21e-05,0.0426,0.434,180.291,104591,4,2QpGZOhTCHHiKmpSO9FW4h,Follow God,37i9dQZF1DZ06evO3nMr04,5K4W6rqBFWDnAN6FQUkS6x,Kanye West,22986248,91,2019-10-25,day,77,2024-01-08
0.693,0.729,0,-2.99,1,0.378,0.171,0.0,0.07,0.521,117.848,284733,4,6etwirSInfuJrSOlogS6Sh,American Boy,37i9dQZF1DZ06evO3nMr04,"5T0MSzX9RC5NA6gAI6irSn,5K4W6rqBFWDnAN6FQUkS6x","Estelle,Kanye West","273146,22986248","64,91",2008-03-28,day,81,2024-01-08
0.712,0.554,1,-6.982,0,0.211,0.157,0.0,0.12,0.535,146.086,237535,4,21vc2kQZMS00cAyNT82a1M,Vultures,37i9dQZF1DZ06evO3nMr04,"4xPQFgDA5M2xa0ZGo5iIsv,5K4W6rqBFWDnAN6FQUkS6x,7c0XG5cIJTrrAgEC3ULPiq,3L6bhGrHegoci41Jx2nP0V","¥$,Kanye West,Ty Dolla $ign,Bump J","220907,22986248,4870732,10075","61,91,79,61",2023-11-22,day,82,2024-01-08
0.712,0.861,5,-5.487,0,0.25,0.0182,6.09e-06,0.511,0.388,84.042,148571,4,06JvOZ39sK8D8SqiqfaxDU,True Love,37i9dQZF1DZ06evO3nMr04,"5K4W6rqBFWDnAN6FQUkS6x,15UsOTVnJzReFVN1VCnxy4","Kanye West,XXXTENTACION","22986248,43791982","91,85",2022-05-27,day,77,2024-01-08
0.571,0.739,7,-6.11,1,0.247,0.00865,5.21e-06,0.158,0.66,83.089,221227,4,4mmkhcEm1Ljy1U9nwtsxUo,Through The Wire,37i9dQZF1DZ06evO3nMr04,5K4W6rqBFWDnAN6FQUkS6x,Kanye West,22986248,91,2004-02-10,day,78,2024-01-08
0.319,0.236,5,-9.644,1,0.0318,0.898,1.62e-05,0.272,0.254,162.351,156091,4,7CC6UbCs4iGsePSzFxYxNn,Moon,37i9dQZF1DZ06evO3nMr04,5K4W6rqBFWDnAN6FQUkS6x,Kanye West,22986248,91,2021-08-29,day,75,2024-01-08
0.48,0.808,5,-4.133,1,0.0423,0.0259,0.0,0.267,0.37,123.387,201453,4,4bDPr2VAjcfgUDmN9dGOC3,Why I Love You,37i9dQZF1DZ06evO3nMr04,"3nFkdlSjzX9mRTtwJOzDYB,5K4W6rqBFWDnAN6FQUkS6x,1zV9UjTUevjp5VUddqIUUn","JAY-Z,Kanye West,Mr Hudson","8801570,22986248,26475","82,91,59",2011-08-08,day,76,2024-01-08
0.552,0.846,9,-4.912,1,0.342,0.0114,0.0,0.309,0.554,98.56,236600,1,2dxjKgT0li4qBI3QwuN9Ih,Touch The Sky,37i9dQZF1DZ06evO3nMr04,"5K4W6rqBFWDnAN6FQUkS6x,01QTIT5P1pFP3QnnFSdsJf","Kanye West,Lupe Fiasco","22986248,1873610","91,64",2005-08-30,day,76,2024-01-08
0.798,0.545,1,-6.466,1,0.168,0.00904,9.48e-05,0.258,0.212,118.029,226653,4,0WSEq9Ko4kFPt8yo3ICd6T,Praise God,37i9dQZF1DZ06evO3nMr04,5K4W6rqBFWDnAN6FQUkS6x,Kanye West,22986248,91,2021-08-29,day,78,2024-01-08
0.754,0.631,7,-4.751,0,0.307,0.552,0.0,0.5,0.432,94.577,178213,4,14I61w6cyYUHiV2n28IYdP,Otis,37i9dQZF1DZ06evO3nMr04,"3nFkdlSjzX9mRTtwJOzDYB,5K4W6rqBFWDnAN6FQUkS6x,60df5JBRRPcnSpsIMxxwQm","JAY-Z,Kanye West,Otis Redding","8801570,22986248,2177412","82,91,71",2011-08-08,day,75,2024-01-08
0.901,0.522,2,-8.304,1,0.33,0.0114,0.0,0.259,0.329,104.053,127947,4,4S8d14HvHb70ImctNgVzQQ,I Love It (& Lil Pump),37i9dQZF1DZ06evO3nMr04,"5K4W6rqBFWDnAN6FQUkS6x,3wyVrVrFCkukjdVIdirGVY","Kanye West,Lil Pump","22986248,7849798","91,63",2018-09-07,day,75,2024-01-08
0.284,0.803,2,-5.293,0,0.173,0.302,0.0,0.242,0.553,67.536,323960,4,2gAGWaK4wvt2xrFUlR4mK8,Jukebox Joints (feat. Joe Fox & Kanye West),37i9dQZF1DZ06evO3nMr04,"13ubrt8QOOCPljQ2FL1Kca,2Dbnk0YRTPpKu46XzMf9nu,5K4W6rqBFWDnAN6FQUkS6x","A$AP Rocky,Joe Fox,Kanye West","13299639,15287,22986248","81,56,91",2015-05-26,day,75,2024-01-08
0.559,0.733,2,-5.659,0,0.171,0.314,0.0,0.284,0.611,145.115,316053,4,3A4cpTBPaIQdtPFb5JxtaX,Slow Jamz,37i9dQZF1DZ06evO3nMr04,"6vbY3hOaCAhC7VjucswgdS,5K4W6rqBFWDnAN6FQUkS6x,7LnaAXbDVIL75IVPnndf7w","Twista,Kanye West,Jamie Foxx","1021101,22986248,1172176","64,91,68",2004-02-10,day,76,2024-01-08
0.693,0.434,4,-8.786,0,0.385,0.204,0.0,0.277,0.542,147.066,119738,4,0F13K9dwYH2zpTWiR8d628,Go2DaMoon (feat. Kanye West),37i9dQZF1DZ06evO3nMr04,"699OTQXzgjhIYAHMy9RyPD,5K4W6rqBFWDnAN6FQUkS6x","Playboi Carti,Kanye West","9643234,22986248","84,91",2020-12-25,day,73,2024-01-08
0.687,0.631,9,-5.612,1,0.129,0.063,0.0,0.108,0.853,186.071,192253,4,6XkuklKiHYVTlVvWlTgQYP,Erase Me - Main,37i9dQZF1DZ06evO3nMr04,"0fA0VVWsXO9YnASrzqfmYu,5K4W6rqBFWDnAN6FQUkS6x","Kid Cudi,Kanye West","6788413,22986248","79,91",2010-11-09,day,72,2024-01-08
0.598,0.713,6,-3.625,0,0.0326,0.0207,0.000175,0.431,0.118,91.964,357653,4,23SZWX2IaDnxmhFsSLvkG2,Gorgeous,37i9dQZF1DZ06evO3nMr04,"5K4W6rqBFWDnAN6FQUkS6x,0fA0VVWsXO9YnASrzqfmYu,2yQf6b8hxahZaT5dHlWaB1","Kanye West,Kid Cudi,Raekwon","22986248,6788413,581494","91,79,66",2010-11-22,day,74,2024-01-08
0.587,0.561,0,-6.569,1,0.146,0.0466,0.0,0.109,0.351,80.009,243187,4,6Hfu9sc7jvv6coyy2LlzBF,Hurricane,37i9dQZF1DZ06evO3nMr04,5K4W6rqBFWDnAN6FQUkS6x,Kanye West,22986248,91,2021-08-29,day,74,2024-01-08
0.661,0.44,2,-9.104,1,0.0803,0.457,0.0,0.128,0.352,149.937,230400,4,6vWEAOUSxohKxhp0K1BsxL,Mixed Personalities (feat. Kanye West),37i9dQZF1DZ06evO3nMr04,"1cNDP5yjU5vjeR8qMf4grg,5K4W6rqBFWDnAN6FQUkS6x","YNW Melly,Kanye West","9987188,22986248","72,91",2019-01-18,day,73,2024-01-08
0.546,0.64,8,-5.582,1,0.37,0.0438,0.0,0.137,0.63,137.728,339250,4,6LNoArVBBVZzUTUiAX2aKO,Off The Grid,37i9dQZF1DZ06evO3nMr04,5K4W6rqBFWDnAN6FQUkS6x,Kanye West,22986248,91,2021-08-29,day,74,2024-01-08
0.605,0.469,9,-3.182,0,0.327,0.487,0.0,0.28,0.515,101.601,156480,4,1gqkRc9WtOpnGIqxf2Hvzr,On Sight,37i9dQZF1DZ06evO3nMr04,5K4W6rqBFWDnAN6FQUkS6x,Kanye West,22986248,91,2013-06-18,day,72,2024-01-08
