danceability,energy,key,loudness,mode,speechiness,acousticness,instrumentalness,liveness,valence,tempo,duration_ms,time_signature,track_id,track_name,track_source_playlist,track_artists_id,track_artists_name,track_artists_followers,track_artists_genres,track_artists_popularity,release_date,release_date_precision,popularity,generated_timestamp
0.67,0.515,1,-6.977,1,0.397,0.0705,0.0,0.25,0.422,122.006,270867,4,7y911sqgHGHcyU4ivapjwi,All Me,62y3BHKehWnb1hlaPclDAA,"3TVXtAsR1Inumwj472S9r4,17lzZA2AlOHwCwFALHttmp,0c173mlxpT3dSFRgMO8XPh",Drake|2 Chainz|Big Sean,83626299|8017349|11115824,canadian hip hop|canadian pop|hip hop|pop rap|rap|atl hip hop|hip hop|pop rap|rap|southern hip hop|trap|detroit hip hop|hip hop|pop rap|r&b|rap|trap,96|75|75,2013-01-01,day,67,2024-01-08
0.889,0.4,4,-10.586,0,0.26,0.322,1.32e-05,0.331,0.336,128.073,301064,4,0Thqjtu54vKMP06pwZkAWp,G.O.M.D,62y3BHKehWnb1hlaPclDAA,6l3HvQ5sa6mXTsMTB19rO5,J. Cole,22394288,conscious hip hop|hip hop|north carolina hip hop|rap,86,2014-12-09,day,75,2024-01-08
0.681,0.314,8,-9.319,1,0.0581,0.2,9.82e-06,0.1,0.166,139.992,208120,4,6mapJIPnQ23RTAevUoE0DL,Swang,62y3BHKehWnb1hlaPclDAA,7iZtZyCzp3LItcw1wtPI3D,Rae Sremmurd,7361248,melodic rap|mississippi hip hop|pop rap|rap|trap,71,2016-08-12,day,77,2024-01-08
0.634,0.665,6,-5.984,0,0.176,0.0172,0.0,0.365,0.611,131.108,237827,4,6j9iyrrmqWlQZ5SD1hSTaq,No Lie,62y3BHKehWnb1hlaPclDAA,"17lzZA2AlOHwCwFALHttmp,3TVXtAsR1Inumwj472S9r4",2 Chainz|Drake,8017349|83626299,atl hip hop|hip hop|pop rap|rap|southern hip hop|trap|canadian hip hop|canadian pop|hip hop|pop rap|rap,75|96,2012-01-01,day,62,2024-01-08
0.793,0.498,8,-11.208,0,0.17,0.0974,1.26e-05,0.13,0.427,119.988,190653,4,6Nw1WHydftZy2joT2nTiCR,Nobody's Perfect,62y3BHKehWnb1hlaPclDAA,"6l3HvQ5sa6mXTsMTB19rO5,2wIVse2owClT7go1WT98tk",J. Cole|Missy Elliott,22394288|2364592,conscious hip hop|hip hop|north carolina hip hop|rap|dance pop|hip hop|hip pop|neo soul|pop rap|r&b|rap|urban contemporary|virginia hip hop,86|70,2011-09-27,day,69,2024-01-08
0.816,0.557,3,-6.494,0,0.271,0.156,0.0,0.189,0.87,76.026,189524,4,59OeNCL9JB3lCAdxMFSrkd,Dollar Signs,62y3BHKehWnb1hlaPclDAA,4u9WaJBNzimHp8AelXdgO7,Barry Hunter,99,,4,2019-10-18,day,20,2024-01-08
0.871,0.743,2,-5.442,1,0.277,0.00212,0.0,0.141,0.576,130.977,278827,4,7EZPH9Px3gXlxD5KJDwtwc,Bandz A Make Her Dance (feat. Lil' Wayne & 2 Chainz),62y3BHKehWnb1hlaPclDAA,"5gCRApTajqwbnHHPbr2Fpi,55Aa2cqylxrFIXC767Z865,17lzZA2AlOHwCwFALHttmp",Juicy J|Lil Wayne|2 Chainz,3138996|14232381|8017349,crunk|memphis hip hop|pop rap|rap|southern hip hop|trap|hip hop|new orleans rap|pop rap|rap|trap|atl hip hop|hip hop|pop rap|rap|southern hip hop|trap,72|85|75,2013-08-23,day,64,2024-01-08
0.587,0.698,1,-8.948,1,0.0943,0.0152,0.0,0.442,0.0985,133.954,310720,4,4Pwjz3DfvfQWV0rO2V8jyh,"Bitch, Don’t Kill My Vibe",62y3BHKehWnb1hlaPclDAA,2YZyLoL8N0Wb9xBt1NhZWg,Kendrick Lamar,26526500,conscious hip hop|hip hop|rap|west coast rap,87,2012,year,74,2024-01-08
0.78,0.799,9,-6.359,1,0.15,0.158,0.0,0.209,0.414,109.944,270187,4,48RN2EOOyG2Gs5Pyla7ZJj,Worst Behavior,62y3BHKehWnb1hlaPclDAA,3TVXtAsR1Inumwj472S9r4,Drake,83626299,canadian hip hop|canadian pop|hip hop|pop rap|rap,96,2013-01-01,day,60,2024-01-08
0.546,0.667,1,-5.236,1,0.274,0.0152,0.0,0.0895,0.471,87.666,269693,4,7DTlsMOQjGysXHpwwpHuPl,Lifestyle,62y3BHKehWnb1hlaPclDAA,"5pU9lKGn9IUnVvOCONrcIS,50co4Is1HCEo8bhOyUWKpn,5lHRUCqkQZCIWeX7xG4sYT",Rich Gang|Young Thug|Rich Homie Quan,14138|9355686|2800643,|atl hip hop|atl trap|gangster rap|melodic rap|rap|trap|atl hip hop|rap|southern hip hop|trap,53|83|63,2014-06-05,day,70,2024-01-08
0.779,0.572,6,-9.985,0,0.378,0.157,0.0,0.246,0.647,135.956,300160,4,1zCi4cVFqe6ja16MeGZKRN,Poetic Justice,62y3BHKehWnb1hlaPclDAA,"2YZyLoL8N0Wb9xBt1NhZWg,3TVXtAsR1Inumwj472S9r4",Kendrick Lamar|Drake,26526500|83626299,conscious hip hop|hip hop|rap|west coast rap|canadian hip hop|canadian pop|hip hop|pop rap|rap,87|96,2012,year,57,2024-01-08
0.475,0.882,11,-3.883,1,0.351,0.406,0.0,0.241,0.369,98.001,279307,4,1ia019RqDK2o4QiANR1Dyn,Moment 4 Life,62y3BHKehWnb1hlaPclDAA,"0hCNtLu0JehylgoiP8L4Gh,3TVXtAsR1Inumwj472S9r4",Nicki Minaj|Drake,30496118|83626299,hip pop|pop|queens hip hop|rap|canadian hip hop|canadian pop|hip hop|pop rap|rap,88|96,2010-01-01,day,74,2024-01-08
0.794,0.51,9,-7.314,1,0.42,0.0505,1.81e-06,0.0562,0.18,167.879,194561,4,19gEmPjfqSZT0ulDRfjl0m,Hot N*gga,62y3BHKehWnb1hlaPclDAA,34Y0ldeyUv7jBvukWOGASO,Bobby Shmurda,1494221,nyc rap|rap|trap,56,2014-07-25,day,73,2024-01-08
0.943,0.528,1,-5.565,1,0.168,0.0119,0.0,0.147,0.298,120.068,319724,4,32a5eLrlrKiXrqb1D16CUY,No Flex Zone - Remix,62y3BHKehWnb1hlaPclDAA,"7iZtZyCzp3LItcw1wtPI3D,0hCNtLu0JehylgoiP8L4Gh,0ONHkAv9pCAFxb0zJwDNTy",Rae Sremmurd|Nicki Minaj|Pusha T,7361248|30496118|2882949,melodic rap|mississippi hip hop|pop rap|rap|trap|hip pop|pop|queens hip hop|rap|gangster rap|hip hop|pop rap|rap|southern hip hop|trap|virginia hip hop,71|88|72,2014-01-01,day,52,2024-01-08
0.709,0.589,8,-7.776,0,0.0433,0.0507,0.0,0.0585,0.58,133.922,278067,3,29gsi1zZrZxdStACmTQB0Z,Studio,62y3BHKehWnb1hlaPclDAA,"5IcR3N7QB1j6KBL8eImZ8m,07d5etnpjriczFBB8pxmRe",ScHoolboy Q|BJ The Chicago Kid,4616817|442935,gangster rap|hip hop|pop rap|rap|southern hip hop|trap|alternative r&b|chicago rap,70|58,2014-01-01,day,70,2024-01-08
0.801,0.491,0,-9.088,1,0.0545,0.0938,9.35e-05,0.193,0.822,125.051,220800,4,5BtNw7uJInbyzt5gC1zODz,Sade In The 90s,62y3BHKehWnb1hlaPclDAA,4o4tLTIJ3eWMFerz73atcT,Qveen Herby,584377,trap queen,54,2018-06-08,day,51,2024-01-08
0.559,0.716,11,-3.964,0,0.39,0.737,0.0,0.252,0.504,176.618,275227,4,4jtyUzZm9WLc2AdaJ1dso7,0 To 100 / The Catch Up,62y3BHKehWnb1hlaPclDAA,3TVXtAsR1Inumwj472S9r4,Drake,83626299,canadian hip hop|canadian pop|hip hop|pop rap|rap,96,2013-07-14,day,72,2024-01-08
0.844,0.491,10,-8.807,0,0.17,0.272,0.0,0.111,0.196,91.935,337640,4,6t2eIONH4Sax3R21QWiKNp,Believe Me,62y3BHKehWnb1hlaPclDAA,"55Aa2cqylxrFIXC767Z865,3TVXtAsR1Inumwj472S9r4",Lil Wayne|Drake,14232381|83626299,hip hop|new orleans rap|pop rap|rap|trap|canadian hip hop|canadian pop|hip hop|pop rap|rap,85|96,2014-05-28,day,62,2024-01-08
0.632,0.73,6,-5.895,0,0.245,0.00316,0.0,0.397,0.762,76.067,315320,4,6klZDCEsQzMELAPyovvpUw,Every Girl,62y3BHKehWnb1hlaPclDAA,5OrB6Jhhrl9y2PK0pSV4VP,Young Money,2999342,dirty south rap|pop rap|rap|southern hip hop|trap,61,2009-01-01,day,54,2024-01-08
0.769,0.611,8,-2.85,1,0.039,0.098,0.0,0.221,0.0901,144.037,243333,4,2Vevs2eAQNNb7NTpKj5kqA,Cut Her Off,62y3BHKehWnb1hlaPclDAA,"5bgfj5zUoWpyeVatGDjn6H,17lzZA2AlOHwCwFALHttmp",K CAMP|2 Chainz,1658847|8017349,atl hip hop|melodic rap|southern hip hop|trap|atl hip hop|hip hop|pop rap|rap|southern hip hop|trap,58|75,2014-04-22,day,54,2024-01-08
0.68,0.411,9,-9.761,1,0.434,0.0336,0.0,0.0889,0.161,193.131,233515,4,7ngdkrVQPgP3AoIxUrTpHT,Who Do You Love?,62y3BHKehWnb1hlaPclDAA,"0A0FS04o6zMoto8OKPsDwY,3TVXtAsR1Inumwj472S9r4",YG|Drake,3205645|83626299,cali rap|hip hop|pop rap|rap|southern hip hop|trap|canadian hip hop|canadian pop|hip hop|pop rap|rap,72|96,2014-03-18,day,71,2024-01-08
0.863,0.705,8,-6.202,1,0.31,0.05,2.21e-05,0.524,0.599,145.099,189013,4,1PNGJBI1Lx0h8QCpkHKZLU,Tom Ford,62y3BHKehWnb1hlaPclDAA,3nFkdlSjzX9mRTtwJOzDYB,JAY-Z,8801570,east coast hip hop|gangster rap|hip hop|pop rap|rap,82,2013-07-04,day,52,2024-01-08
0.749,0.865,3,-5.228,1,0.0413,0.00536,0.0,0.198,0.371,111.914,216027,4,4y2bMYA83ZNN3pW47ZOgmr,Man Of The Year,62y3BHKehWnb1hlaPclDAA,5IcR3N7QB1j6KBL8eImZ8m,ScHoolboy Q,4616817,gangster rap|hip hop|pop rap|rap|southern hip hop|trap,70,2014-01-01,day,34,2024-01-08
0.869,0.626,11,-4.832,1,0.126,0.0754,0.0,0.0776,0.316,131.075,340480,4,7GEidxhfGNteiW9n0kLyxH,"Move That Dope (feat. Pharrell, Pusha T & Casino)",62y3BHKehWnb1hlaPclDAA,"1RyvyyTE3xzB2ZywiAwp0i,2RdwBSPQiwcmiDo9kixcl8,0ONHkAv9pCAFxb0zJwDNTy,1Q9yutXUVHodDxHIacpEMT",Future|Pharrell Williams|Pusha T|Casino,15692678|4336597|2882949|4948,atl hip hop|hip hop|rap|southern hip hop|trap|dance pop|pop|gangster rap|hip hop|pop rap|rap|southern hip hop|trap|virginia hip hop|atl trap,88|78|72|33,2014-04-22,day,53,2024-01-08
0.711,0.508,7,-7.299,1,0.0502,0.0355,0.0,0.141,0.663,98.098,217800,4,4q6dqyGM25sKFU8nYAGRe4,Show Me (feat. Chris Brown),62y3BHKehWnb1hlaPclDAA,"6KZDXtSj0SzGOV705nNeh3,7bXgB6jMjp9ATFy66eO08Z",Kid Ink|Chris Brown,2988092|20955452,pop rap|rap|southern hip hop|trap|r&b|rap,64|86,2014-01-06,day,71,2024-01-08
0.876,0.675,3,-3.28,0,0.146,0.421,1.16e-06,0.0667,0.606,135.959,240000,4,1jROHCeEzDr6VnV8EnBnik,Stoner,62y3BHKehWnb1hlaPclDAA,50co4Is1HCEo8bhOyUWKpn,Young Thug,9355686,atl hip hop|atl trap|gangster rap|melodic rap|rap|trap,83,2014-02-04,day,49,2024-01-08
0.831,0.651,1,-8.363,1,0.437,0.0125,0.0,0.0809,0.502,120.065,224013,4,3IQgeOgdHIag6mu0mgKRgQ,The Language,62y3BHKehWnb1hlaPclDAA,3TVXtAsR1Inumwj472S9r4,Drake,83626299,canadian hip hop|canadian pop|hip hop|pop rap|rap,96,2013-01-01,day,57,2024-01-08
0.845,0.54,10,-7.864,0,0.127,0.0299,0.0,0.12,0.443,97.516,207267,4,0Nf3vtVBfiayZL7c8r4KBO,Gas Pedal,62y3BHKehWnb1hlaPclDAA,"6d47Z08T4snK50HgTEHo5Z,2ZavqCJe7uqkRpISes0NFi",Sage The Gemini|Iamsu!,866567|277600,hyphy|pop rap|southern hip hop|trap|cali rap,61|54,2013-01-01,day,52,2024-01-08
0.606,0.784,7,-6.293,1,0.268,0.435,0.0,0.689,0.48,80.985,278573,4,5gFoAVTN9YlM9uJCrFZtgl,Crooked Smile (feat. TLC),62y3BHKehWnb1hlaPclDAA,"6l3HvQ5sa6mXTsMTB19rO5,0TImkz4nPqjegtVSMZnMRq",J. Cole|TLC,22394288|3817285,conscious hip hop|hip hop|north carolina hip hop|rap|atl hip hop|contemporary r&b|dance pop|girl group|hip pop|r&b|urban contemporary,86|67,2013-06-18,day,71,2024-01-08
0.556,0.644,6,-5.805,0,0.402,0.0558,2.32e-05,0.35,0.499,140.009,326347,4,671XaUBmifTMXDbZK5CB1M,Mercy.1,62y3BHKehWnb1hlaPclDAA,"5K4W6rqBFWDnAN6FQUkS6x,0c173mlxpT3dSFRgMO8XPh,0ONHkAv9pCAFxb0zJwDNTy,17lzZA2AlOHwCwFALHttmp",Kanye West|Big Sean|Pusha T|2 Chainz,22986248|11115824|2882949|8017349,chicago rap|hip hop|rap|detroit hip hop|hip hop|pop rap|r&b|rap|trap|gangster rap|hip hop|pop rap|rap|southern hip hop|trap|virginia hip hop|atl hip hop|hip hop|pop rap|rap|southern hip hop|trap,91|75|72|75,2012-01-01,day,60,2024-01-08
0.684,0.689,11,-4.752,1,0.294,0.0264,0.0,0.0942,0.317,138.147,272707,4,7AzunAhx3JfoHxYS5N6KVx,"TKO (Black Friday Remix) (feat. J. Cole, A$AP Rocky & Pusha T)",62y3BHKehWnb1hlaPclDAA,"31TPClRtHm23RisEBtV3X7,6l3HvQ5sa6mXTsMTB19rO5,13ubrt8QOOCPljQ2FL1Kca,0ONHkAv9pCAFxb0zJwDNTy",Justin Timberlake|J. Cole|A$AP Rocky|Pusha T,13560903|22394288|13299639|2882949,dance pop|pop|conscious hip hop|hip hop|north carolina hip hop|rap|east coast hip hop|hip hop|rap|trap|gangster rap|hip hop|pop rap|rap|southern hip hop|trap|virginia hip hop,81|86|81|72,2013-12-11,day,42,2024-01-08
0.85,0.509,6,-9.637,0,0.378,0.147,0.0,0.0759,0.763,134.9,261321,4,6nu35hLc8zsA9bwBpcuf5L,Type of Way,62y3BHKehWnb1hlaPclDAA,5lHRUCqkQZCIWeX7xG4sYT,Rich Homie Quan,2800643,atl hip hop|rap|southern hip hop|trap,63,2013-04-30,day,58,2024-01-08
0.42,0.651,10,-4.792,0,0.323,0.399,0.0,0.78,0.67,185.986,262857,3,4Z9IvDlREqlkgo7SzMX70q,"U.O.E.N.O. (feat. Future, Rick Ross)",62y3BHKehWnb1hlaPclDAA,0T5OJgMVjKIX3b3W3ekqOl,Rocko,549281,atl hip hop|dirty south rap|old school atlanta hip hop|trap,46,2013-03-05,day,28,2024-01-08
0.738,0.547,8,-6.54,1,0.133,0.0522,1.23e-06,0.109,0.306,142.052,284600,4,2kEDuZRwYUoQLIYKpQfKWa,Tapout,62y3BHKehWnb1hlaPclDAA,"5pU9lKGn9IUnVvOCONrcIS,55Aa2cqylxrFIXC767Z865,35sCXuy5gN6Or69rZ9vqBs,18AOdS1Qw4XXnQSiPJQr1B,0hCNtLu0JehylgoiP8L4Gh,1RyvyyTE3xzB2ZywiAwp0i",Rich Gang|Lil Wayne|Birdman|Mack Maine|Nicki Minaj|Future,14138|14232381|1285117|4603|30496118|15692678,|hip hop|new orleans rap|pop rap|rap|trap|dirty south rap|southern hip hop||hip pop|pop|queens hip hop|rap|atl hip hop|hip hop|rap|southern hip hop|trap,53|85|60|47|88|88,2013-01-01,day,61,2024-01-08
0.702,0.677,2,-6.364,1,0.146,0.00589,0.0,0.655,0.25,124.892,307467,4,1jZi8HvWkfWIQcmlxmqber,No New Friends - SFTB Remix,62y3BHKehWnb1hlaPclDAA,"0QHgL1lAIqAw0HtD7YldmP,3TVXtAsR1Inumwj472S9r4,1sBkRIssrMs1AbVkOJbc7a,55Aa2cqylxrFIXC767Z865",DJ Khaled|Drake|Rick Ross|Lil Wayne,10860995|83626299|7103142|14232381,hip hop|miami hip hop|pop rap|rap|canadian hip hop|canadian pop|hip hop|pop rap|rap|dirty south rap|gangster rap|hip hop|rap|southern hip hop|trap|hip hop|new orleans rap|pop rap|rap|trap,74|96|76|85,2013-01-01,day,42,2024-01-08
0.793,0.524,8,-7.827,1,0.156,0.0319,0.0,0.156,0.579,86.325,174133,4,5DI9jxTHrEiFAhStG7VA8E,Started From the Bottom,62y3BHKehWnb1hlaPclDAA,3TVXtAsR1Inumwj472S9r4,Drake,83626299,canadian hip hop|canadian pop|hip hop|pop rap|rap,96,2013-01-01,day,69,2024-01-08
0.669,0.634,11,-6.476,1,0.0327,0.0125,0.0,0.0946,0.496,124.906,255053,4,2XHzzp1j4IfTNp1FTn7YFg,Love Me,62y3BHKehWnb1hlaPclDAA,"55Aa2cqylxrFIXC767Z865,3TVXtAsR1Inumwj472S9r4,1RyvyyTE3xzB2ZywiAwp0i",Lil Wayne|Drake|Future,14232381|83626299|15692678,hip hop|new orleans rap|pop rap|rap|trap|canadian hip hop|canadian pop|hip hop|pop rap|rap|atl hip hop|hip hop|rap|southern hip hop|trap,85|96|88,2013-01-01,day,87,2024-01-08
0.6,0.592,1,-4.947,1,0.0545,0.0191,0.0,0.0955,0.0663,130.205,269267,4,08ljt6NCNAgewQaMya1URa,Bugatti,62y3BHKehWnb1hlaPclDAA,"31HjiqargV4NAw4GZqUale,1RyvyyTE3xzB2ZywiAwp0i,1sBkRIssrMs1AbVkOJbc7a",Ace Hood|Future|Rick Ross,1850098|15692678|7103142,dirty south rap|miami hip hop|pop rap|rap|southern hip hop|trap|atl hip hop|hip hop|rap|southern hip hop|trap|dirty south rap|gangster rap|hip hop|rap|southern hip hop|trap,55|88|76,2013-01-01,day,64,2024-01-08
0.853,0.693,1,-6.87,1,0.275,0.0239,0.0,0.11,0.662,95.967,233787,4,4X5f3vT8MRuXF68pfjNte5,"F**kin' Problems (feat. Drake, 2 Chainz & Kendrick Lamar)",62y3BHKehWnb1hlaPclDAA,"13ubrt8QOOCPljQ2FL1Kca,3TVXtAsR1Inumwj472S9r4,17lzZA2AlOHwCwFALHttmp,2YZyLoL8N0Wb9xBt1NhZWg",A$AP Rocky|Drake|2 Chainz|Kendrick Lamar,13299639|83626299|8017349|26526500,east coast hip hop|hip hop|rap|trap|canadian hip hop|canadian pop|hip hop|pop rap|rap|atl hip hop|hip hop|pop rap|rap|southern hip hop|trap|conscious hip hop|hip hop|rap|west coast rap,81|96|75|87,2013,year,78,2024-01-08
0.516,0.755,0,-8.868,0,0.351,0.0258,0.0,0.329,0.633,99.764,187907,4,0pgeVJrdNok4KhbiM58ayZ,All Gold Everything,62y3BHKehWnb1hlaPclDAA,0I5HubncQ8E1MFZOlPDY4J,Trinidad James,311213,atl hip hop|dirty south rap|trap,53,2013-01-01,day,56,2024-01-08
0.577,0.447,8,-5.892,1,0.277,0.00627,0.00022,0.0899,0.189,74.236,247800,4,6REbwUNlppTfcnV4d4ZoZi,Swimming Pools (Drank),62y3BHKehWnb1hlaPclDAA,2YZyLoL8N0Wb9xBt1NhZWg,Kendrick Lamar,26526500,conscious hip hop|hip hop|rap|west coast rap,87,2012-01-01,day,83,2024-01-08
0.936,0.702,10,-5.305,1,0.0615,0.0473,0.0,0.0838,0.704,97.524,207040,4,6J5sxraPPZ4b0CVOGAgpXj,I'm Different,62y3BHKehWnb1hlaPclDAA,17lzZA2AlOHwCwFALHttmp,2 Chainz,8017349,atl hip hop|hip hop|pop rap|rap|southern hip hop|trap,75,2012-01-01,day,60,2024-01-08
0.734,0.892,2,-1.856,1,0.125,0.0648,0.0,0.58,0.605,138.031,303533,4,3Jv1XgMPVjdN5xGfnRJ20s,Pop That,62y3BHKehWnb1hlaPclDAA,"6vXTefBL93Dj5IqAWq6OTv,1sBkRIssrMs1AbVkOJbc7a,3TVXtAsR1Inumwj472S9r4,55Aa2cqylxrFIXC767Z865",French Montana|Rick Ross|Drake|Lil Wayne,5255986|7103142|83626299|14232381,hip hop|pop rap|rap|southern hip hop|trap|dirty south rap|gangster rap|hip hop|rap|southern hip hop|trap|canadian hip hop|canadian pop|hip hop|pop rap|rap|hip hop|new orleans rap|pop rap|rap|trap,73|76|96|85,2013-01-01,day,59,2024-01-08
0.563,0.496,6,-9.381,0,0.406,0.0685,5.8e-05,0.173,0.426,139.993,329320,4,4qikXelSRKvoCqFcHLB2H2,Mercy,62y3BHKehWnb1hlaPclDAA,"5K4W6rqBFWDnAN6FQUkS6x,0c173mlxpT3dSFRgMO8XPh,0ONHkAv9pCAFxb0zJwDNTy,17lzZA2AlOHwCwFALHttmp",Kanye West|Big Sean|Pusha T|2 Chainz,22986248|11115824|2882949|8017349,chicago rap|hip hop|rap|detroit hip hop|hip hop|pop rap|r&b|rap|trap|gangster rap|hip hop|pop rap|rap|southern hip hop|trap|virginia hip hop|atl hip hop|hip hop|pop rap|rap|southern hip hop|trap,91|75|72|75,2012-01-01,day,73,2024-01-08
0.753,0.59,1,-2.623,1,0.0485,0.0591,0.0,0.15,0.161,140.002,306600,4,5qkWTBmDmZjogwIvbKtJQv,Birthday Song,62y3BHKehWnb1hlaPclDAA,"17lzZA2AlOHwCwFALHttmp,5K4W6rqBFWDnAN6FQUkS6x",2 Chainz|Kanye West,8017349|22986248,atl hip hop|hip hop|pop rap|rap|southern hip hop|trap|chicago rap|hip hop|rap,75|91,2012-01-01,day,56,2024-01-08
0.503,0.795,10,-4.505,1,0.335,0.178,0.0,0.042,0.265,149.981,289707,4,2zM5Rfoec07V6N0xhurDZF,Amen (feat. Drake),62y3BHKehWnb1hlaPclDAA,"20sxb77xiYeusSH8cVdatc,3TVXtAsR1Inumwj472S9r4",Meek Mill|Drake,7704881|83626299,hip hop|philly rap|pop rap|rap|southern hip hop|trap|canadian hip hop|canadian pop|hip hop|pop rap|rap,73|96,2012-06-19,day,25,2024-01-08
0.831,0.665,1,-3.627,0,0.0711,0.149,0.0,0.0636,0.663,129.989,238760,4,1POAx4NMLOBPVKZUSsBh92,Cashin' Out,62y3BHKehWnb1hlaPclDAA,7Kp7SzuRuNiPFCy7JIwnLx,Ca$h Out,510006,atl hip hop|dirty south rap|futuristic swag|trap,46,2012-03-26,day,62,2024-01-08
0.787,0.666,11,-4.475,1,0.0485,0.0409,1.91e-05,0.296,0.485,140.008,219027,4,1ms5tNNdPouTtcD2oVF9Oz,"Work Hard, Play Hard",62y3BHKehWnb1hlaPclDAA,137W8MRPWKqSmrBGDBFSop,Wiz Khalifa,11073613,hip hop|pittsburgh rap|pop rap|rap|southern hip hop|trap,80,2012-12-04,day,62,2024-01-08
0.714,0.846,11,-2.802,0,0.0787,0.00146,0.0,0.682,0.634,141.976,267173,4,2lD4LsB3iQVnddkVM2RFAl,Take It To The Head,62y3BHKehWnb1hlaPclDAA,"0QHgL1lAIqAw0HtD7YldmP,7bXgB6jMjp9ATFy66eO08Z,1sBkRIssrMs1AbVkOJbc7a,0hCNtLu0JehylgoiP8L4Gh,55Aa2cqylxrFIXC767Z865",DJ Khaled|Chris Brown|Rick Ross|Nicki Minaj|Lil Wayne,10860995|20955452|7103142|30496118|14232381,hip hop|miami hip hop|pop rap|rap|r&b|rap|dirty south rap|gangster rap|hip hop|rap|southern hip hop|trap|hip pop|pop|queens hip hop|rap|hip hop|new orleans rap|pop rap|rap|trap,74|86|76|88|85,2012-01-01,day,55,2024-01-08
0.766,0.442,1,-8.558,1,0.356,0.000107,6.12e-05,0.111,0.39,201.8,181573,4,4Kz4RdRCceaA9VgTqBhBfa,The Motto,62y3BHKehWnb1hlaPclDAA,"3TVXtAsR1Inumwj472S9r4,55Aa2cqylxrFIXC767Z865",Drake|Lil Wayne,83626299|14232381,canadian hip hop|canadian pop|hip hop|pop rap|rap|hip hop|new orleans rap|pop rap|rap|trap,96|85,2011-11-15,day,78,2024-01-08
0.813,0.782,9,-6.005,1,0.218,0.0227,0.00165,0.0956,0.681,150.003,268493,4,4It00tEYLwpjQtAhqnjCPC,Beez In The Trap,62y3BHKehWnb1hlaPclDAA,"0hCNtLu0JehylgoiP8L4Gh,17lzZA2AlOHwCwFALHttmp",Nicki Minaj|2 Chainz,30496118|8017349,hip pop|pop|queens hip hop|rap|atl hip hop|hip hop|pop rap|rap|southern hip hop|trap,88|75,2012-01-01,day,62,2024-01-08
0.884,0.471,1,-8.978,1,0.112,0.527,0.0,0.174,0.524,97.017,231120,4,48zmVAYyyhoWfTDe5pGynC,UP!,62y3BHKehWnb1hlaPclDAA,"1rBxtaN521NYi8Z35G7fUn,3q7HBObVc0L8jNeTe5Gofh",LoveRance|50 Cent,38998|13325784,bay area hip hop|west coast trap|east coast hip hop|gangster rap|hip hop|pop rap|queens hip hop|rap,35|82,2011-01-01,day,47,2024-01-08
0.715,0.655,0,-6.425,1,0.137,0.0525,0.0,0.115,0.531,95.078,207333,4,5HQVUIKwCEXpe7JIHyY734,"Young, Wild & Free (feat. Bruno Mars)",62y3BHKehWnb1hlaPclDAA,"7hJcb9fa4alzcOq3EaNPoG,137W8MRPWKqSmrBGDBFSop,0du5cEVh5yTK9QJze8zA0C",Snoop Dogg|Wiz Khalifa|Bruno Mars,10871699|11073613|52986983,g funk|gangster rap|hip hop|pop rap|rap|west coast rap|hip hop|pittsburgh rap|pop rap|rap|southern hip hop|trap|dance pop|pop,81|80|87,2011-10-11,day,78,2024-01-08
0.789,0.858,1,-5.542,1,0.311,0.127,0.0,0.349,0.775,140.022,219333,4,1auxYwYrFRqZP7t3s7w4um,Ni**as In Paris,62y3BHKehWnb1hlaPclDAA,"3nFkdlSjzX9mRTtwJOzDYB,5K4W6rqBFWDnAN6FQUkS6x",JAY-Z|Kanye West,8801570|22986248,east coast hip hop|gangster rap|hip hop|pop rap|rap|chicago rap|hip hop|rap,82|91,2011-08-08,day,86,2024-01-08
0.599,0.815,8,-7.638,0,0.337,0.125,0.0,0.0877,0.623,72.437,311640,4,2KjKMrjCqNtqOiMVGgENxS,I Do,62y3BHKehWnb1hlaPclDAA,"4yBK75WVCQXej1p04GWqxH,3nFkdlSjzX9mRTtwJOzDYB,74V3dE1a51skRkdII8y2C6",Jeezy|JAY-Z|André 3000,2381764|8801570|482650,atl hip hop|crunk|dirty south rap|gangster rap|old school atlanta hip hop|rap|southern hip hop|trap|east coast hip hop|gangster rap|hip hop|pop rap|rap|atl hip hop|dirty south rap|hip hop|southern hip hop,69|82|65,2011-01-01,day,28,2024-01-08
0.765,0.695,2,-6.57,1,0.342,0.02,0.0437,0.13,0.7,159.865,197760,4,67W5fd1ld7dqHNCfaQu52I,Dance (A$$),62y3BHKehWnb1hlaPclDAA,0c173mlxpT3dSFRgMO8XPh,Big Sean,11115824,detroit hip hop|hip hop|pop rap|r&b|rap|trap,75,2011-01-01,day,46,2024-01-08
0.364,0.841,8,-4.831,1,0.119,0.000402,0.0,0.242,0.0841,100.14,305840,5,0b4M7hd7mzLTm99MrMeZsp,She Will,62y3BHKehWnb1hlaPclDAA,"55Aa2cqylxrFIXC767Z865,3TVXtAsR1Inumwj472S9r4",Lil Wayne|Drake,14232381|83626299,hip hop|new orleans rap|pop rap|rap|trap|canadian hip hop|canadian pop|hip hop|pop rap|rap,85|96,2011-08-29,day,71,2024-01-08
0.678,0.479,10,-6.959,0,0.206,0.0812,0.0,0.207,0.762,171.12,235632,4,19OHDib8Jrqi3o2nm5lzdA,My Nigga,62y3BHKehWnb1hlaPclDAA,"0A0FS04o6zMoto8OKPsDwY,4yBK75WVCQXej1p04GWqxH,5lHRUCqkQZCIWeX7xG4sYT",YG|Jeezy|Rich Homie Quan,3205645|2381764|2800643,cali rap|hip hop|pop rap|rap|southern hip hop|trap|atl hip hop|crunk|dirty south rap|gangster rap|old school atlanta hip hop|rap|southern hip hop|trap|atl hip hop|rap|southern hip hop|trap,72|69|63,2014-03-18,day,71,2024-01-08
0.684,0.486,1,-10.155,1,0.132,0.00268,0.000148,0.157,0.355,131.913,219893,4,7yfg0Eer6UZZt5tZ1XdsWz,Make Me Proud,62y3BHKehWnb1hlaPclDAA,"3TVXtAsR1Inumwj472S9r4,0hCNtLu0JehylgoiP8L4Gh",Drake|Nicki Minaj,83626299|30496118,canadian hip hop|canadian pop|hip hop|pop rap|rap|hip pop|pop|queens hip hop|rap,96|88,2011-11-15,day,71,2024-01-08
0.613,0.807,11,-2.739,0,0.0382,0.0671,0.0,0.322,0.813,133.023,222867,4,5xpmdbQcfIOsE1hACcC3UK,Marvin & Chardonnay,62y3BHKehWnb1hlaPclDAA,"0c173mlxpT3dSFRgMO8XPh,5K4W6rqBFWDnAN6FQUkS6x,0bfX8pF8kuHNCs57Ms4jZb",Big Sean|Kanye West|Roscoe Dash,11115824|22986248|250081,detroit hip hop|hip hop|pop rap|r&b|rap|trap|chicago rap|hip hop|rap|atl hip hop|dirty south rap|futuristic swag|southern hip hop|trap,75|91|59,2011-01-01,day,52,2024-01-08
0.831,0.427,2,-6.903,1,0.106,0.0531,0.0,0.307,0.216,93.004,235320,4,2wAJTrFhCnQyNSD3oUgTZO,Work Out,62y3BHKehWnb1hlaPclDAA,6l3HvQ5sa6mXTsMTB19rO5,J. Cole,22394288,conscious hip hop|hip hop|north carolina hip hop|rap,86,2011-09-27,day,85,2024-01-08
0.413,0.807,11,-3.499,0,0.318,0.0536,0.0,0.631,0.438,149.33,296147,4,608a1wIsSd5KzMEqm1O7w3,I'm On One,62y3BHKehWnb1hlaPclDAA,"0QHgL1lAIqAw0HtD7YldmP,3TVXtAsR1Inumwj472S9r4,1sBkRIssrMs1AbVkOJbc7a,55Aa2cqylxrFIXC767Z865",DJ Khaled|Drake|Rick Ross|Lil Wayne,10860995|83626299|7103142|14232381,hip hop|miami hip hop|pop rap|rap|canadian hip hop|canadian pop|hip hop|pop rap|rap|dirty south rap|gangster rap|hip hop|rap|southern hip hop|trap|hip hop|new orleans rap|pop rap|rap|trap,74|96|76|85,2011-01-01,day,73,2024-01-08
0.387,0.773,8,-5.685,1,0.17,0.098,0.0,0.209,0.368,78.629,254120,4,70tFuqBcduJv15bEnOPRTh,My Last,62y3BHKehWnb1hlaPclDAA,"0c173mlxpT3dSFRgMO8XPh,7bXgB6jMjp9ATFy66eO08Z",Big Sean|Chris Brown,11115824|20955452,detroit hip hop|hip hop|pop rap|r&b|rap|trap|r&b|rap,75|86,2011-01-01,day,57,2024-01-08
0.588,0.847,11,-4.734,0,0.0675,0.0145,0.0,0.436,0.38,99.058,204013,4,4Nomj38R7Ds0P8I8orW2Tv,Out of My Head (feat. Trey Songz),62y3BHKehWnb1hlaPclDAA,"01QTIT5P1pFP3QnnFSdsJf,2iojnBLj0qIMiKPvVhLnsH",Lupe Fiasco|Trey Songz,1873610|7381157,chicago rap|conscious hip hop|hip hop|political hip hop|pop rap|rap|southern hip hop|dance pop|r&b|southern hip hop|trap|urban contemporary,64|68,2011-03-04,day,48,2024-01-08
0.767,0.677,11,-6.128,0,0.184,0.0339,5.51e-06,0.144,0.538,146.155,222587,4,3hsmbFKT5Cujb5GQjqEU39,Look At Me Now (feat. Lil' Wayne & Busta Rhymes),62y3BHKehWnb1hlaPclDAA,"7bXgB6jMjp9ATFy66eO08Z,55Aa2cqylxrFIXC767Z865,1YfEcTuGvBQ8xSD1f53UnK",Chris Brown|Lil Wayne|Busta Rhymes,20955452|14232381|2624031,r&b|rap|hip hop|new orleans rap|pop rap|rap|trap|east coast hip hop|hardcore hip hop|hip hop|pop rap|rap,86|85|71,2011-03-22,day,73,2024-01-08
0.644,0.661,11,-6.093,1,0.0418,0.000177,5.23e-06,0.108,0.272,153.992,240307,4,5W7BcYDIaeXnpG3e39T7hJ,How To Love,62y3BHKehWnb1hlaPclDAA,55Aa2cqylxrFIXC767Z865,Lil Wayne,14232381,hip hop|new orleans rap|pop rap|rap|trap,85,2011-08-29,day,69,2024-01-08
0.531,0.803,1,-3.284,1,0.0717,0.0796,1.71e-05,0.176,0.221,142.113,299613,4,22L7bfCiAkJo5xGSQgmiIO,All Of The Lights,62y3BHKehWnb1hlaPclDAA,5K4W6rqBFWDnAN6FQUkS6x,Kanye West,22986248,chicago rap|hip hop|rap,91,2010-11-22,day,81,2024-01-08
0.72,0.514,1,-7.108,1,0.132,0.146,0.00713,0.107,0.212,142.98,272160,4,0osPX8TruIebOhKuG6GK8C,On My Level (feat. Too $hort),62y3BHKehWnb1hlaPclDAA,"137W8MRPWKqSmrBGDBFSop,4sb7rZNN93BSS6Gqgepo4v",Wiz Khalifa|Too $hort,11073613|1505489,hip hop|pittsburgh rap|pop rap|rap|southern hip hop|trap|cali rap|gangster rap|golden age hip hop|hyphy|oakland hip hop|west coast rap,80|61,2011-03-29,day,65,2024-01-08
0.57,0.58,1,-5.547,1,0.21,0.0124,0.0,0.0498,0.404,171.812,270627,4,5W7xC99N2Zzfh69r7I7zWK,Aston Martin Music,62y3BHKehWnb1hlaPclDAA,"1sBkRIssrMs1AbVkOJbc7a,3TVXtAsR1Inumwj472S9r4,3YJMzGjAm245zwJooY7PEj",Rick Ross|Drake|Chrisette Michele,7103142|83626299|585486,dirty south rap|gangster rap|hip hop|rap|southern hip hop|trap|canadian hip hop|canadian pop|hip hop|pop rap|rap|contemporary r&b|hip pop|neo soul|r&b|urban contemporary,76|96|56,2010-01-01,day,72,2024-01-08
0.76,0.595,1,-6.366,1,0.0391,0.00544,0.0,0.241,0.361,131.497,263773,4,6GgPsuz0HEO0nrO2T0QhDv,No Hands (feat. Roscoe Dash & Wale),62y3BHKehWnb1hlaPclDAA,"6f4XkbvYlXMH0QgVRzW0sM,0bfX8pF8kuHNCs57Ms4jZb,67nwj3Y5sZQLl72VNUHEYE",Waka Flocka Flame|Roscoe Dash|Wale,2684309|250081|4150012,atl hip hop|dirty south rap|pop rap|rap|southern hip hop|trap|atl hip hop|dirty south rap|futuristic swag|southern hip hop|trap|pop rap|r&b|rap|southern hip hop|trap,64|59|69,2010-09-06,day,60,2024-01-08
0.684,0.834,2,-4.524,0,0.0675,0.0646,0.0,0.271,0.538,164.02,217667,4,5A6OHHy73AR5tLxgTc98zz,Black and Yellow,62y3BHKehWnb1hlaPclDAA,137W8MRPWKqSmrBGDBFSop,Wiz Khalifa,11073613,hip hop|pittsburgh rap|pop rap|rap|southern hip hop|trap,80,2011-03-29,day,78,2024-01-08
0.376,0.841,3,-4.348,0,0.356,0.0435,0.0,0.578,0.463,76.052,271947,4,1kMuU3TNQvHbqvXCWBodmP,Right Above It,62y3BHKehWnb1hlaPclDAA,"55Aa2cqylxrFIXC767Z865,3TVXtAsR1Inumwj472S9r4",Lil Wayne|Drake,14232381|83626299,hip hop|new orleans rap|pop rap|rap|trap|canadian hip hop|canadian pop|hip hop|pop rap|rap,85|96,2010-01-01,day,71,2024-01-08
0.53,0.884,0,-5.581,0,0.457,0.332,1.98e-06,0.355,0.28,87.194,319387,4,3fpTMuD1u3gJlVI4FadVHs,Fancy,62y3BHKehWnb1hlaPclDAA,"3TVXtAsR1Inumwj472S9r4,4OBJLual30L7gRl5UkeRcT,2cADQgiLMjNhbsfeN52Bf3",Drake|T.I.|Swizz Beatz,83626299|4683892|418448,canadian hip hop|canadian pop|hip hop|pop rap|rap|atl hip hop|dirty south rap|gangster rap|hip hop|pop rap|rap|southern hip hop|trap|battle rap|dirty south rap|southern hip hop|trap,96|73|61,2010-01-01,day,75,2024-01-08
0.364,0.752,2,-5.429,1,0.304,0.0007,0.0,0.318,0.606,79.119,248587,4,5Qy6a5KzM4XlRxsNcGYhgH,6 Foot 7 Foot,62y3BHKehWnb1hlaPclDAA,"55Aa2cqylxrFIXC767Z865,7BAaznGSsqcksud4R5ou5z",Lil Wayne|Cory Gunz,14232381|45573,hip hop|new orleans rap|pop rap|rap|trap|nyc rap,85|55,2011-08-29,day,74,2024-01-08
0.664,0.909,6,-3.552,0,0.22,0.444,0.0,0.525,0.557,93.977,209693,4,5I6YA7oHtraxwWQzzCugDt,You Be Killin Em,62y3BHKehWnb1hlaPclDAA,0YWxKQj2Go9CGHCp77UOyy,Fabolous,2654200,gangster rap|hip hop|pop rap|rap|trap|urban contemporary,64,2010-01-01,day,55,2024-01-08
0.91,0.673,1,-4.997,0,0.181,0.109,0.0,0.258,0.427,128.988,240600,4,6QgFh2tGdfllis9P4POJ68,Make It Rain,62y3BHKehWnb1hlaPclDAA,6z1cicLMt9XArxN10q7m8a,Travis Porter,840022,atl hip hop|dirty south rap|futuristic swag|southern hip hop|trap,54,2010-12-02,day,28,2024-01-08
0.562,0.414,7,-7.032,1,0.349,0.0445,0.0,0.204,0.474,155.826,212347,4,6Slt6WiWnriaqCb8xXb2ZT,Did It On’em,62y3BHKehWnb1hlaPclDAA,0hCNtLu0JehylgoiP8L4Gh,Nicki Minaj,30496118,hip pop|pop|queens hip hop|rap,88,2010-01-01,day,69,2024-01-08
0.705,0.702,0,-4.783,0,0.108,0.138,0.0,0.364,0.771,140.059,250493,4,2e9EZ2V5QGGZPMJacO3y0Y,Grove St. Party (feat. Kebo Gotti),62y3BHKehWnb1hlaPclDAA,"6f4XkbvYlXMH0QgVRzW0sM,00UOluVoYY4F2blO5DmgRj",Waka Flocka Flame|Kebo Gotti,2684309|1893,atl hip hop|dirty south rap|pop rap|rap|southern hip hop|trap|atl trap,64|42,2010-10-01,day,63,2024-01-08
0.765,0.725,2,-5.651,1,0.051,0.0827,0.0,0.0744,0.674,139.984,285867,4,2n8lekNlZSQzbyuQedd4Dx,Racks,62y3BHKehWnb1hlaPclDAA,"1JvKSExhqV480k3qFUJwLm,1RyvyyTE3xzB2ZywiAwp0i",YC Worldwide|Future,8997|15692678,futuristic swag|atl hip hop|hip hop|rap|southern hip hop|trap,28|88,2011-01-01,day,49,2024-01-08
0.831,0.74,1,-3.723,1,0.152,0.00557,0.0,0.302,0.21,140.041,285693,4,68LR4RQ7JLHwRodWxPOB0k,Hustle Hard Remix,62y3BHKehWnb1hlaPclDAA,"31HjiqargV4NAw4GZqUale,1sBkRIssrMs1AbVkOJbc7a,55Aa2cqylxrFIXC767Z865",Ace Hood|Rick Ross|Lil Wayne,1850098|7103142|14232381,dirty south rap|miami hip hop|pop rap|rap|southern hip hop|trap|dirty south rap|gangster rap|hip hop|rap|southern hip hop|trap|hip hop|new orleans rap|pop rap|rap|trap,55|76|85,2011-01-01,day,50,2024-01-08
0.749,0.925,10,-5.034,1,0.227,0.241,0.0,0.52,0.641,86.989,263373,4,15JINEqzVMv3SvJTAXAKED,Love The Way You Lie,62y3BHKehWnb1hlaPclDAA,"7dGJo4pcD2V6oG8kP0tJRR,5pKCCKE2ajJHZ9KAiaK11H",Eminem|Rihanna,80373039|58780253,detroit hip hop|hip hop|rap|barbadian pop|pop|urban contemporary,90|89,2010-06-18,day,88,2024-01-08
0.426,0.862,2,-5.979,1,0.597,0.0813,0.0,0.34,0.332,100.3,305520,5,1U4mweNwisxNj23ffuC9gO,Miss Me,62y3BHKehWnb1hlaPclDAA,"3TVXtAsR1Inumwj472S9r4,55Aa2cqylxrFIXC767Z865",Drake|Lil Wayne,83626299|14232381,canadian hip hop|canadian pop|hip hop|pop rap|rap|hip hop|new orleans rap|pop rap|rap|trap,96|85,2010-01-01,day,62,2024-01-08
0.837,0.42,8,-5.158,1,0.0629,0.177,0.0,0.356,0.143,123.157,236093,4,6sQH5GFuqhvemSdP2oOfRi,Pretty Boy Swag,62y3BHKehWnb1hlaPclDAA,6GMYJwaziB4ekv1Y6wCDWS,Soulja Boy,1945228,atl hip hop|chicago bop|dance pop|pop rap|rap|southern hip hop|trap,67,2010-01-01,day,63,2024-01-08
0.665,0.878,6,-4.745,0,0.206,0.00325,0.0,0.0663,0.394,93.047,319293,4,2bnDTGikdoO8CwzlAPyBHR,"Airplanes, Pt. II (feat. Eminem & Hayley Williams of Paramore)",62y3BHKehWnb1hlaPclDAA,"5ndkK3dpZLKtBklKjxNQwT,7dGJo4pcD2V6oG8kP0tJRR,6Rx1JKzBrSzoKQtmbVmBnM",B.o.B|Eminem|Hayley Williams,2078336|80373039|686285,atl hip hop|dance pop|pop rap|rap|southern hip hop|detroit hip hop|hip hop|rap|art pop,71|90|64,2010-04-27,day,60,2024-01-08
0.705,0.75,1,-4.558,1,0.0524,0.0632,0.0,0.146,0.392,77.748,241947,4,0Ft6hwGWdCdujdK6TOfBV7,Lose My Mind,62y3BHKehWnb1hlaPclDAA,"4yBK75WVCQXej1p04GWqxH,3jksrX4oBklxR78ft8gv3j",Jeezy|Plies,2381764|1868350,atl hip hop|crunk|dirty south rap|gangster rap|old school atlanta hip hop|rap|southern hip hop|trap|dirty south rap|miami hip hop|southern hip hop|trap,69|61,2011-01-01,day,56,2024-01-08
0.35,0.845,7,-5.614,1,0.2,0.0107,0.0,0.123,0.45,99.643,233560,5,6BdgtqiV3oXNqBikezwdvC,Over,62y3BHKehWnb1hlaPclDAA,3TVXtAsR1Inumwj472S9r4,Drake,83626299,canadian hip hop|canadian pop|hip hop|pop rap|rap,96,2010-01-01,day,72,2024-01-08
0.541,0.718,1,-6.368,1,0.319,0.442,6.21e-05,0.0991,0.6,154.036,346905,4,3kIl0UA8j3BR4rIuEPKHOn,In the Glass,62y3BHKehWnb1hlaPclDAA,39c3uSD15rFYGe9fRLcVuF,Brad Varsity,6095,,20,2018-04-26,day,8,2024-01-08
0.683,0.688,1,-6.455,1,0.364,0.418,0.0,0.256,0.651,72.141,200433,4,3kIkLbWRZJqqMI1zRSA30U,Man Up,62y3BHKehWnb1hlaPclDAA,"39c3uSD15rFYGe9fRLcVuF,041JYdG1ivPI4KWH07OwMN",Brad Varsity|A. Barb,6095|97,|,20|1,2018-05-21,day,9,2024-01-08
0.616,0.954,2,-2.494,1,0.239,0.0597,0.0,0.669,0.571,103.915,268747,4,7yzSijmAyOMBcHrK6Tfsoe,Hello Good Morning,62y3BHKehWnb1hlaPclDAA,"2QYEvpsWUOjqaYuxDPTCmV,4OBJLual30L7gRl5UkeRcT",Diddy - Dirty Money|T.I.,126079|4683892,pop rap|atl hip hop|dirty south rap|gangster rap|hip hop|pop rap|rap|southern hip hop|trap,51|73,2010-01-01,day,48,2024-01-08
0.544,0.781,10,-3.616,1,0.189,0.014,0.0,0.161,0.277,150.1,232507,4,5NEKjqTQPKiqOiOG8YxLdS,"All I Do Is Win (feat. T-Pain, Ludacris, Snoop Dogg & Rick Ross)",62y3BHKehWnb1hlaPclDAA,"0QHgL1lAIqAw0HtD7YldmP,3aQeKQSyrW4qWr35idm0cy,3ipn9JLAPI5GUEo4y4jcoi,7hJcb9fa4alzcOq3EaNPoG,1sBkRIssrMs1AbVkOJbc7a",DJ Khaled|T-Pain|Ludacris|Snoop Dogg|Rick Ross,10860995|4615060|2755957|10871699|7103142,hip hop|miami hip hop|pop rap|rap|dance pop|gangster rap|hip hop|pop rap|r&b|rap|southern hip hop|trap|urban contemporary|atl hip hop|dance pop|dirty south rap|hip hop|old school atlanta hip hop|pop rap|rap|southern hip hop|trap|g funk|gangster rap|hip hop|pop rap|rap|west coast rap|dirty south rap|gangster rap|hip hop|rap|southern hip hop|trap,74|76|75|81|76,2010-03-02,day,67,2024-01-08
0.624,0.723,1,-6.782,1,0.378,0.172,0.0,0.483,0.757,84.789,216933,4,3bMNprrp2JDKZsGbiXpsJl,My Chick Bad,62y3BHKehWnb1hlaPclDAA,"3ipn9JLAPI5GUEo4y4jcoi,0hCNtLu0JehylgoiP8L4Gh",Ludacris|Nicki Minaj,2755957|30496118,atl hip hop|dance pop|dirty south rap|hip hop|old school atlanta hip hop|pop rap|rap|southern hip hop|trap|hip pop|pop|queens hip hop|rap,75|88,2010-01-01,day,69,2024-01-08
0.555,0.713,11,-4.549,1,0.0911,0.0845,0.0,0.712,0.725,79.934,240920,4,7qje9qxLncMESiPeI27SAn,Say Something (Featuring Drake),62y3BHKehWnb1hlaPclDAA,"5Y5TRrQiqgUO4S36tzjIRZ,3TVXtAsR1Inumwj472S9r4",Timbaland|Drake,2711268|83626299,dance pop|pop|pop rap|canadian hip hop|canadian pop|hip hop|pop rap|rap,76|96,2009-01-01,day,65,2024-01-08
0.652,0.671,4,-5.376,0,0.315,0.00402,2.89e-05,0.598,0.518,159.963,208387,4,0cNJ3huiV99wvUN1tmQLTL,"Beamer, Benz, Or Bentley",62y3BHKehWnb1hlaPclDAA,"3vDUJHQtqT3jFRZ2ECXDTi,6Uh8uJyN9g7oFjDK16nJgb",Lloyd Banks|Juelz Santana,1349292|832453,detroit hip hop|gangster rap|hardcore hip hop|hip hop|pop rap|queens hip hop|rap|trap|detroit hip hop|gangster rap|harlem hip hop|hip pop|nyc rap|pop rap|trap,62|62,2010-01-01,day,58,2024-01-08
0.482,0.627,2,-7.561,1,0.116,0.00827,0.0,0.701,0.293,157.58,209827,4,4UXpJDvdsfneLvT09oJocg,Roger That,62y3BHKehWnb1hlaPclDAA,5OrB6Jhhrl9y2PK0pSV4VP,Young Money,2999342,dirty south rap|pop rap|rap|southern hip hop|trap,61,2009-01-01,day,52,2024-01-08
0.755,0.884,10,-5.296,0,0.0638,0.0208,2.97e-06,0.248,0.897,121.927,231933,4,7wdzLe2Gsx1RGqbvYZHASz,i,62y3BHKehWnb1hlaPclDAA,2YZyLoL8N0Wb9xBt1NhZWg,Kendrick Lamar,26526500,conscious hip hop|hip hop|rap|west coast rap,87,2014-09-23,day,73,2024-01-08
0.503,0.955,11,-1.533,1,0.381,0.0265,0.0,0.265,0.818,173.521,277107,4,3xkxcbnc7G3XYuZt6eUnI5,Empire State Of Mind,62y3BHKehWnb1hlaPclDAA,"3nFkdlSjzX9mRTtwJOzDYB,3DiDSECUqqY1AuBP8qtaIa",JAY-Z|Alicia Keys,8801570|11308507,east coast hip hop|gangster rap|hip hop|pop rap|rap|neo soul|pop|r&b,82|76,2010-11-22,day,53,2024-01-08
0.415,0.926,5,-1.304,0,0.374,0.253,0.0,0.256,0.542,158.423,357347,4,6HSqyfGnsHYw9MmIpa9zlZ,Forever,62y3BHKehWnb1hlaPclDAA,"3TVXtAsR1Inumwj472S9r4,5K4W6rqBFWDnAN6FQUkS6x,55Aa2cqylxrFIXC767Z865,7dGJo4pcD2V6oG8kP0tJRR",Drake|Kanye West|Lil Wayne|Eminem,83626299|22986248|14232381|80373039,canadian hip hop|canadian pop|hip hop|pop rap|rap|chicago rap|hip hop|rap|hip hop|new orleans rap|pop rap|rap|trap|detroit hip hop|hip hop|rap,96|91|85|90,2009-01-01,day,67,2024-01-08
0.785,0.498,1,-6.977,1,0.0533,0.00248,1.23e-06,0.224,0.418,143.96,201587,4,1WtTLtofvcjQM3sXSMkDdX,How Low,62y3BHKehWnb1hlaPclDAA,3ipn9JLAPI5GUEo4y4jcoi,Ludacris,2755957,atl hip hop|dance pop|dirty south rap|hip hop|old school atlanta hip hop|pop rap|rap|southern hip hop|trap,75,2010-01-01,day,64,2024-01-08
0.682,0.513,1,-6.312,0,0.396,0.0128,0.0,0.212,0.338,130.085,248533,4,0wCC06ziWEkYOif44iFggw,O Let's Do It (feat. Cap),62y3BHKehWnb1hlaPclDAA,"6f4XkbvYlXMH0QgVRzW0sM,0uwaniEjl7wxOFSM4vaHvI",Waka Flocka Flame|Cap,2684309|428,atl hip hop|dirty south rap|pop rap|rap|southern hip hop|trap|,64|30,2010-10-01,day,51,2024-01-08
0.488,0.691,0,-8.09,0,0.279,0.0219,0.0,0.501,0.697,156.141,310733,4,3cSuhzV7wKX5diQ8hos78P,Steady Mobbin,62y3BHKehWnb1hlaPclDAA,"5OrB6Jhhrl9y2PK0pSV4VP,13y7CgLHjMVRMDqxdx0Xdo",Young Money|Gucci Mane,2999342|5220799,dirty south rap|pop rap|rap|southern hip hop|trap|atl hip hop|dirty south rap|hip hop|pop rap|rap|southern hip hop|trap,61|76,2009-01-01,day,62,2024-01-08
0.824,0.733,1,-5.474,1,0.0613,0.0362,0.0,0.325,0.395,97.972,284387,4,7FYH5AW3bVfZHJIQpq3UOA,I Don't Fuck With You,62y3BHKehWnb1hlaPclDAA,"0c173mlxpT3dSFRgMO8XPh,3crnzLy8R4lVwaigKEOz7V",Big Sean|E-40,11115824|861320,detroit hip hop|hip hop|pop rap|r&b|rap|trap|cali rap|gangster rap|hyphy|oakland hip hop|west coast rap,75|66,2015-02-24,day,77,2024-01-08
0.891,0.486,6,-7.803,1,0.159,0.0158,3.78e-06,0.0925,0.239,125.01,200080,4,4scpF6J5uMBvoh6sFB7EL1,No Type,62y3BHKehWnb1hlaPclDAA,7iZtZyCzp3LItcw1wtPI3D,Rae Sremmurd,7361248,melodic rap|mississippi hip hop|pop rap|rap|trap,71,2015-01-06,day,73,2024-01-08
0.81,0.721,9,-4.964,0,0.265,0.0487,0.0,0.0886,0.552,101.997,270120,4,1hzJQIkgXwZevaKsc7iA6D,About the Money (feat. Young Thug),62y3BHKehWnb1hlaPclDAA,"4OBJLual30L7gRl5UkeRcT,50co4Is1HCEo8bhOyUWKpn",T.I.|Young Thug,4683892|9355686,atl hip hop|dirty south rap|gangster rap|hip hop|pop rap|rap|southern hip hop|trap|atl hip hop|atl trap|gangster rap|melodic rap|rap|trap,73|83,2014-06-03,day,57,2024-01-08
0.56,0.81,0,-8.029,0,0.0872,0.0071,7.93e-06,0.241,0.247,170.044,217573,4,2CY92qejUrhyPUASawNVRr,Try Me,62y3BHKehWnb1hlaPclDAA,7kFfY4UjNdNyaeUgLIEbIF,DeJ Loaf,1672165,detroit hip hop|r&b|trap|trap queen,63,2014-10-15,day,57,2024-01-08
0.367,0.665,1,-2.821,1,0.0465,0.145,0.0,0.113,0.31,148.913,229147,4,3sNVsP50132BTNlImLx70i,Bound 2,62y3BHKehWnb1hlaPclDAA,5K4W6rqBFWDnAN6FQUkS6x,Kanye West,22986248,chicago rap|hip hop|rap,91,2013-06-18,day,87,2024-01-08
0.886,0.628,8,-5.949,1,0.131,0.00215,1.15e-05,0.31,0.178,119.906,239574,4,2JI71GHwq2LN8mtq3iCLYo,CoCo,62y3BHKehWnb1hlaPclDAA,1Zatb2YN4erBOoSivOXc0o,O.T. Genasis,1033094,southern hip hop|trap,51,2014-11-10,day,63,2024-01-08
0.733,0.664,8,-6.163,1,0.295,0.102,0.0,0.191,0.557,148.005,288133,4,3iL2l5gUqyPS6vDwJFgJTR,BedRock,62y3BHKehWnb1hlaPclDAA,"5OrB6Jhhrl9y2PK0pSV4VP,1Xfmvd48oOhEWkscWyEbh9",Young Money|Lloyd,2999342|2251004,dirty south rap|pop rap|rap|southern hip hop|trap|hip pop|r&b|southern hip hop|trap|urban contemporary,61|64,2009-01-01,day,72,2024-01-08
0.755,0.576,11,-5.427,1,0.155,0.00326,0.0,0.147,0.555,134.877,276373,4,2Ih0U9yUuY0oU2In3h21If,Karate Chop (Remix) (feat. Lil Wayne),62y3BHKehWnb1hlaPclDAA,"1RyvyyTE3xzB2ZywiAwp0i,55Aa2cqylxrFIXC767Z865",Future|Lil Wayne,15692678|14232381,atl hip hop|hip hop|rap|southern hip hop|trap|hip hop|new orleans rap|pop rap|rap|trap,88|85,2014-04-22,day,47,2024-01-08
0.772,0.413,0,-8.193,0,0.089,0.0361,0.0,0.111,0.211,131.965,246213,4,01Lr5YepbgjXAWR9iOEyH1,Love Sosa,62y3BHKehWnb1hlaPclDAA,15iVAtD3s3FsQR4w1v6M0P,Chief Keef,4403558,chicago bop|chicago drill|chicago rap|drill|hip hop|rap|southern hip hop|trap,75,2012-01-01,day,85,2024-01-08
0.37,0.87,5,-2.09,1,0.271,0.0415,0.0,0.604,0.331,79.092,250240,4,7sjwaBQ6M3aVigYfBjm1sL,Ima Boss (feat. Rick Ross),62y3BHKehWnb1hlaPclDAA,"20sxb77xiYeusSH8cVdatc,1sBkRIssrMs1AbVkOJbc7a",Meek Mill|Rick Ross,7704881|7103142,hip hop|philly rap|pop rap|rap|southern hip hop|trap|dirty south rap|gangster rap|hip hop|rap|southern hip hop|trap,73|76,2011-05-23,day,66,2024-01-08
0.825,0.489,11,-9.32,1,0.263,0.0215,0.0,0.111,0.438,96.99,199973,4,2JJ5h2I1S0UR4tyD0U1I7K,R.I.P.,62y3BHKehWnb1hlaPclDAA,"4yBK75WVCQXej1p04GWqxH,17lzZA2AlOHwCwFALHttmp",Jeezy|2 Chainz,2381764|8017349,atl hip hop|crunk|dirty south rap|gangster rap|old school atlanta hip hop|rap|southern hip hop|trap|atl hip hop|hip hop|pop rap|rap|southern hip hop|trap,69|75,2013-01-01,day,47,2024-01-08
0.657,0.611,6,-5.415,0,0.225,0.00937,0.0,0.146,0.616,132.062,283653,4,3YqJ0iaDWM0aqEDQExd2j3,Don't Like.1,62y3BHKehWnb1hlaPclDAA,"5K4W6rqBFWDnAN6FQUkS6x,15iVAtD3s3FsQR4w1v6M0P,0ONHkAv9pCAFxb0zJwDNTy,0c173mlxpT3dSFRgMO8XPh,5pnbUBPifNnlusY8kTBivi",Kanye West|Chief Keef|Pusha T|Big Sean|Jadakiss,22986248|4403558|2882949|11115824|1165269,chicago rap|hip hop|rap|chicago bop|chicago drill|chicago rap|drill|hip hop|rap|southern hip hop|trap|gangster rap|hip hop|pop rap|rap|southern hip hop|trap|virginia hip hop|detroit hip hop|hip hop|pop rap|r&b|rap|trap|battle rap|east coast hip hop|trap,91|75|72|75|63,2022-04-01,day,69,2024-01-08
0.628,0.692,2,-5.64,1,0.202,0.00244,0.0129,0.668,0.0963,124.887,378893,5,1ZHYJ2Wwgxes4m8Ba88PeK,Monster,62y3BHKehWnb1hlaPclDAA,"5K4W6rqBFWDnAN6FQUkS6x,3nFkdlSjzX9mRTtwJOzDYB,1sBkRIssrMs1AbVkOJbc7a,0hCNtLu0JehylgoiP8L4Gh,4LEiUm1SRbFMgfqnQTwUbQ",Kanye West|JAY-Z|Rick Ross|Nicki Minaj|Bon Iver,22986248|8801570|7103142|30496118|3516523,chicago rap|hip hop|rap|east coast hip hop|gangster rap|hip hop|pop rap|rap|dirty south rap|gangster rap|hip hop|rap|southern hip hop|trap|hip pop|pop|queens hip hop|rap|chamber pop|eau claire indie|indie folk|melancholia|modern rock,91|82|76|88|75,2010-11-22,day,75,2024-01-08
0.59,0.819,11,-4.472,1,0.111,0.0144,0.0,0.112,0.423,77.516,286973,4,0dpok9LbD1eATa5XPMardF,John,62y3BHKehWnb1hlaPclDAA,"55Aa2cqylxrFIXC767Z865,1sBkRIssrMs1AbVkOJbc7a",Lil Wayne|Rick Ross,14232381|7103142,hip hop|new orleans rap|pop rap|rap|trap|dirty south rap|gangster rap|hip hop|rap|southern hip hop|trap,85|76,2011-08-29,day,60,2024-01-08
0.841,0.733,1,-5.077,1,0.142,0.0246,0.0,0.174,0.284,130.009,283693,4,7xVLFuuYdAvcTfcP3IG3dS,"Work REMIX (feat. A$AP Rocky, French Montana, Trinidad James & ScHoolboy Q)",62y3BHKehWnb1hlaPclDAA,"5dHt1vcEm9qb8fCyLcB3HL,6vXTefBL93Dj5IqAWq6OTv,13ubrt8QOOCPljQ2FL1Kca,0I5HubncQ8E1MFZOlPDY4J,5IcR3N7QB1j6KBL8eImZ8m",A$AP Ferg|French Montana|A$AP Rocky|Trinidad James|ScHoolboy Q,3710766|5255986|13299639|311213|4616817,hip hop|pop rap|rap|southern hip hop|trap|hip hop|pop rap|rap|southern hip hop|trap|east coast hip hop|hip hop|rap|trap|atl hip hop|dirty south rap|trap|gangster rap|hip hop|pop rap|rap|southern hip hop|trap,69|73|81|53|70,2013-08-19,day,69,2024-01-08
0.859,0.665,11,-2.907,0,0.102,0.00348,0.0,0.094,0.236,145.913,210557,4,2ZBnK2CGFK6jcagWrpyPzA,Handsome And Wealthy,62y3BHKehWnb1hlaPclDAA,6oMuImdp5ZcFhWP0ESe6mG,Migos,13641028,atl hip hop|hip hop|pop rap|rap|trap,75,2014-02-25,day,67,2024-01-08
0.691,0.492,4,-10.815,0,0.196,0.405,0.0,0.0955,0.54,92.019,187826,4,5259GVdvIOBkcqo6L2i9qw,Walk Thru (feat. Problem),62y3BHKehWnb1hlaPclDAA,5lHRUCqkQZCIWeX7xG4sYT,Rich Homie Quan,2800643,atl hip hop|rap|southern hip hop|trap,63,2014-02-28,day,58,2024-01-08
0.823,0.526,5,-7.01,0,0.0782,0.0308,0.0,0.0955,0.314,101.987,225722,4,1WUfx6nUmCSQqdvsi33Osm,Dab Man,62y3BHKehWnb1hlaPclDAA,4pRZYj8zSl5QZkTDBeF4ex,Minty Burns,2609,,23,2018-12-25,day,14,2024-01-08
0.717,0.451,4,-7.201,0,0.0811,0.514,0.0,0.102,0.396,113.828,178651,3,7guXatW824533NbsbcFtdE,Own Vision,62y3BHKehWnb1hlaPclDAA,7Jn2V8DzihzpKrU4p3HKp6,Maurice Weeks,1718,,10,2019-03-08,day,5,2024-01-08
0.669,0.534,1,-7.479,1,0.0643,0.174,0.0,0.184,0.666,135.056,259507,4,22BwaoGHQOTfFhHTndm7DQ,I Know (feat. Rich Homie Quan),62y3BHKehWnb1hlaPclDAA,"6Ha4aES39QiVjR0L2lwuwq,5lHRUCqkQZCIWeX7xG4sYT",Yo Gotti|Rich Homie Quan,4353152|2800643,dirty south rap|gangster rap|memphis hip hop|rap|southern hip hop|tennessee hip hop|trap|atl hip hop|rap|southern hip hop|trap,64|63,2013-11-16,day,51,2024-01-08
0.885,0.615,8,-6.714,1,0.123,0.146,0.0,0.0651,0.598,97.999,250773,4,7yz6wjkAV0ZByLrlcrMkAx,Act Right (feat. Jeezy & YG),62y3BHKehWnb1hlaPclDAA,"6Ha4aES39QiVjR0L2lwuwq,4yBK75WVCQXej1p04GWqxH,0A0FS04o6zMoto8OKPsDwY",Yo Gotti|Jeezy|YG,4353152|2381764|3205645,dirty south rap|gangster rap|memphis hip hop|rap|southern hip hop|tennessee hip hop|trap|atl hip hop|crunk|dirty south rap|gangster rap|old school atlanta hip hop|rap|southern hip hop|trap|cali rap|hip hop|pop rap|rap|southern hip hop|trap,64|69|72,2013-11-16,day,49,2024-01-08
0.875,0.531,2,-6.046,1,0.0585,0.221,0.0,0.0498,0.22,103.965,261133,4,3ndumr5hw721OmT5opZ5Zl,Errrbody,62y3BHKehWnb1hlaPclDAA,6Ha4aES39QiVjR0L2lwuwq,Yo Gotti,4353152,dirty south rap|gangster rap|memphis hip hop|rap|southern hip hop|tennessee hip hop|trap,64,2014-07-14,day,51,2024-01-08
0.79,0.875,7,-6.55,1,0.091,0.0476,0.0,0.312,0.759,139.985,247013,4,07RXBKfyCYIYRMLCvlGWXU,Feds Watching,62y3BHKehWnb1hlaPclDAA,"17lzZA2AlOHwCwFALHttmp,2RdwBSPQiwcmiDo9kixcl8",2 Chainz|Pharrell Williams,8017349|4336597,atl hip hop|hip hop|pop rap|rap|southern hip hop|trap|dance pop|pop,75|78,2013-01-01,day,49,2024-01-08
0.841,0.522,10,-5.963,0,0.049,0.0168,1.37e-06,0.188,0.616,99.059,264947,4,5BrTUo0xP1wKXLJWUaGFtk,Loyal (feat. Lil Wayne & Tyga),62y3BHKehWnb1hlaPclDAA,"7bXgB6jMjp9ATFy66eO08Z,55Aa2cqylxrFIXC767Z865,5LHRHt1k9lMyONurDHEdrp",Chris Brown|Lil Wayne|Tyga,20955452|14232381|6848796,r&b|rap|hip hop|new orleans rap|pop rap|rap|trap|hip hop|pop rap|rap|trap,86|85|78,2014-09-16,day,77,2024-01-08
0.436,0.76,1,-3.015,0,0.102,0.0337,0.0,0.228,0.187,148.582,198920,4,3Gva0j7oBU6MdvUMQyDRTJ,"My Moment (feat. 2 Chainz, Meek Mill and Jeremih)",62y3BHKehWnb1hlaPclDAA,"5oNgAs7j5XcBMzWv3HAnHG,17lzZA2AlOHwCwFALHttmp,20sxb77xiYeusSH8cVdatc,3KV3p5EY4AvKxOlhGHORLg",DJ Drama|2 Chainz|Meek Mill|Jeremih,1456750|8017349|7704881|6555141,dirty south rap|philly rap|southern hip hop|trap|atl hip hop|hip hop|pop rap|rap|southern hip hop|trap|hip hop|philly rap|pop rap|rap|southern hip hop|trap|chicago rap|pop rap|r&b|southern hip hop|trap|urban contemporary,58|75|73|72,2012-10-02,day,51,2024-01-08
0.838,0.618,9,-5.187,1,0.0805,0.00357,0.00166,0.132,0.746,153.95,214293,4,7Hk12JkCFwLO4s1jRGBS6s,Do My Dance,62y3BHKehWnb1hlaPclDAA,"5LHRHt1k9lMyONurDHEdrp,17lzZA2AlOHwCwFALHttmp",Tyga|2 Chainz,6848796|8017349,hip hop|pop rap|rap|trap|atl hip hop|hip hop|pop rap|rap|southern hip hop|trap,78|75,2012-01-01,day,49,2024-01-08
0.833,0.638,1,-9.119,1,0.0441,0.0392,4.83e-06,0.173,0.399,100.01,215987,4,7LWtfSW68VAkHp3hpcFDCY,24 Hours (feat. 2 Chainz),62y3BHKehWnb1hlaPclDAA,"1pCVxwkdixCeBPTboRZIi2,17lzZA2AlOHwCwFALHttmp",TeeFLii|2 Chainz,70297|8017349,pop r&b|slow game|west coast trap|atl hip hop|hip hop|pop rap|rap|southern hip hop|trap,41|75,2014-05-27,day,39,2024-01-08
0.839,0.665,1,-5.72,1,0.232,0.144,0.0,0.132,0.583,130.046,269160,4,5ML9t3cfvJuDTeOLcOH2Bl,Show Out (feat. Big Sean & Jeezy),62y3BHKehWnb1hlaPclDAA,"5gCRApTajqwbnHHPbr2Fpi,0c173mlxpT3dSFRgMO8XPh,4yBK75WVCQXej1p04GWqxH",Juicy J|Big Sean|Jeezy,3138996|11115824|2381764,crunk|memphis hip hop|pop rap|rap|southern hip hop|trap|detroit hip hop|hip hop|pop rap|r&b|rap|trap|atl hip hop|crunk|dirty south rap|gangster rap|old school atlanta hip hop|rap|southern hip hop|trap,72|75|69,2013-08-23,day,47,2024-01-08
0.771,0.893,10,-3.753,0,0.0711,0.0255,0.0,0.242,0.727,119.967,160000,4,0Pcs5RnxJrSGGDPabvXE5G,Dak Way,62y3BHKehWnb1hlaPclDAA,4r3Iu0kNvqjzonxyywlE80,S.Fresh,160,,0,2017-09-10,day,0,2024-01-08
0.68,0.448,10,-12.762,0,0.536,0.0971,0.0,0.0649,0.49,82.365,142054,4,5X611ZvQ04aqHuZcRl1iBo,Why?,62y3BHKehWnb1hlaPclDAA,38gDEa1ge2bBXk94lt8Bm9,Miko Payton,1061,,11,2017-12-11,day,7,2024-01-08
0.732,0.672,8,-6.514,0,0.171,0.00992,0.0,0.134,0.269,137.998,208696,4,3BLFj26pYuPe6DsmoTwDYK,Ima Balla,62y3BHKehWnb1hlaPclDAA,4BN8mipj2T5NrR0Rs3o6Tf,Rob Green,1103,,1,2017-01-01,day,0,2024-01-08
0.684,0.468,1,-13.223,1,0.61,0.0362,0.0,0.0992,0.402,83.433,179566,4,1N0DFA1BKu5f2rrvoDotkJ,Prevail,62y3BHKehWnb1hlaPclDAA,38gDEa1ge2bBXk94lt8Bm9,Miko Payton,1061,,11,2017-12-11,day,5,2024-01-08
0.691,0.793,1,-3.506,1,0.131,0.0131,0.0,0.112,0.398,140.011,247494,4,63ZKUKbwb6Zozlk8LJCiPB,We Still in this Bitch (feat. T.I. and Juicy J),62y3BHKehWnb1hlaPclDAA,"5ndkK3dpZLKtBklKjxNQwT,4OBJLual30L7gRl5UkeRcT,5gCRApTajqwbnHHPbr2Fpi",B.o.B|T.I.|Juicy J,2078336|4683892|3138996,atl hip hop|dance pop|pop rap|rap|southern hip hop|atl hip hop|dirty south rap|gangster rap|hip hop|pop rap|rap|southern hip hop|trap|crunk|memphis hip hop|pop rap|rap|southern hip hop|trap,71|73|72,2013-01-08,day,43,2024-01-08
0.711,0.833,7,-4.818,1,0.154,0.135,0.0,0.301,0.545,106.094,207533,4,0jkeRqlWciqKxU3iHQfdWj,Seen It All,62y3BHKehWnb1hlaPclDAA,"4yBK75WVCQXej1p04GWqxH,3nFkdlSjzX9mRTtwJOzDYB",Jeezy|JAY-Z,2381764|8801570,atl hip hop|crunk|dirty south rap|gangster rap|old school atlanta hip hop|rap|southern hip hop|trap|east coast hip hop|gangster rap|hip hop|pop rap|rap,69|82,2014-09-02,day,62,2024-01-08
0.531,0.791,3,-4.681,0,0.271,0.0577,0.0,0.0885,0.542,143.077,283173,4,79tbwF4mSrYD60Oo41JTXY,Ballin',62y3BHKehWnb1hlaPclDAA,"4yBK75WVCQXej1p04GWqxH,55Aa2cqylxrFIXC767Z865",Jeezy|Lil Wayne,2381764|14232381,atl hip hop|crunk|dirty south rap|gangster rap|old school atlanta hip hop|rap|southern hip hop|trap|hip hop|new orleans rap|pop rap|rap|trap,69|85,2011-01-01,day,43,2024-01-08
0.674,0.732,10,-5.3,0,0.0724,0.011,0.0,0.439,0.247,143.12,245960,4,1IWXAWo4u0H1D0QvSpvldn,Tony Montana (feat. Drake),62y3BHKehWnb1hlaPclDAA,"1RyvyyTE3xzB2ZywiAwp0i,3TVXtAsR1Inumwj472S9r4",Future|Drake,15692678|83626299,atl hip hop|hip hop|rap|southern hip hop|trap|canadian hip hop|canadian pop|hip hop|pop rap|rap,88|96,2012-11-27,day,48,2024-01-08
0.641,0.618,11,-7.166,1,0.0573,0.00622,0.0,0.0998,0.187,144.948,210253,4,3OdeZ1MhdHaRqAZLpowKWn,Magic (feat. T.I.) - Remix,62y3BHKehWnb1hlaPclDAA,"1RyvyyTE3xzB2ZywiAwp0i,4OBJLual30L7gRl5UkeRcT",Future|T.I.,15692678|4683892,atl hip hop|hip hop|rap|southern hip hop|trap|atl hip hop|dirty south rap|gangster rap|hip hop|pop rap|rap|southern hip hop|trap,88|73,2012-11-27,day,42,2024-01-08
0.596,0.574,6,-9.373,0,0.212,0.0409,0.0,0.147,0.439,131.075,248360,4,4U8hMes3PqpsLJBeMXD71p,Turn On The Lights,62y3BHKehWnb1hlaPclDAA,1RyvyyTE3xzB2ZywiAwp0i,Future,15692678,atl hip hop|hip hop|rap|southern hip hop|trap,88,2012-11-27,day,63,2024-01-08
0.757,0.848,2,-4.234,1,0.335,0.0481,0.0,0.121,0.686,139.995,212640,4,2rzBvHM9h36Tpdj7Jdajka,Wild for the Night (feat. Skrillex & Birdy Nam Nam),62y3BHKehWnb1hlaPclDAA,"13ubrt8QOOCPljQ2FL1Kca,5he5w2lnU9x7JFhnwcekXX,4e7qJTThm5uI3CplqZObfT,5XJdV8h0NLbf3CZdfwX3lg",A$AP Rocky|Skrillex|Birdy Nam Nam|Lord Flacko,13299639|7880238|123947|1609,east coast hip hop|hip hop|rap|trap|brostep|complextro|edm|electro|pop dance|filter house|turntablism|,81|75|47|45,2013,year,67,2024-01-08
0.825,0.575,11,-4.87,1,0.0633,0.025,9.94e-06,0.205,0.65,153.954,299960,4,0zO8ctW0UiuOefR87OeJOZ,Collard Greens,62y3BHKehWnb1hlaPclDAA,"5IcR3N7QB1j6KBL8eImZ8m,2YZyLoL8N0Wb9xBt1NhZWg",ScHoolboy Q|Kendrick Lamar,4616817|26526500,gangster rap|hip hop|pop rap|rap|southern hip hop|trap|conscious hip hop|hip hop|rap|west coast rap,70|87,2014-01-01,day,79,2024-01-08
0.688,0.904,1,-2.234,1,0.106,0.0229,0.0,0.0909,0.71,127.887,212427,4,0UAmPUdpTRq8w54B3H8TzY,Ain't Worried About Nothin,62y3BHKehWnb1hlaPclDAA,6vXTefBL93Dj5IqAWq6OTv,French Montana,5255986,hip hop|pop rap|rap|southern hip hop|trap,73,2013-01-01,day,42,2024-01-08
0.676,0.637,11,-6.856,1,0.322,0.0021,0.0,0.271,0.146,144.976,239987,4,6aD178OGxT0Z1NU36g52X5,9 Piece,62y3BHKehWnb1hlaPclDAA,"1sBkRIssrMs1AbVkOJbc7a,55Aa2cqylxrFIXC767Z865",Rick Ross|Lil Wayne,7103142|14232381,dirty south rap|gangster rap|hip hop|rap|southern hip hop|trap|hip hop|new orleans rap|pop rap|rap|trap,76|85,2011-01-01,day,43,2024-01-08
0.675,0.673,1,-4.033,0,0.358,0.0471,0.0,0.218,0.637,140.036,236893,4,48tybOd2kxWaMjnYrEWTvY,Tupac Back (feat. Rick Ross),62y3BHKehWnb1hlaPclDAA,"20sxb77xiYeusSH8cVdatc,1sBkRIssrMs1AbVkOJbc7a",Meek Mill|Rick Ross,7704881|7103142,hip hop|philly rap|pop rap|rap|southern hip hop|trap|dirty south rap|gangster rap|hip hop|rap|southern hip hop|trap,73|76,2011-05-23,day,42,2024-01-08
0.712,0.758,9,-4.835,1,0.26,0.343,0.0,0.141,0.903,140.02,266000,4,3KRsRqcimXCJ6uzVm6iPSx,Round of Applause (feat. Drake),62y3BHKehWnb1hlaPclDAA,"6f4XkbvYlXMH0QgVRzW0sM,3TVXtAsR1Inumwj472S9r4",Waka Flocka Flame|Drake,2684309|83626299,atl hip hop|dirty south rap|pop rap|rap|southern hip hop|trap|canadian hip hop|canadian pop|hip hop|pop rap|rap,64|96,2011-10-14,day,39,2024-01-08
0.887,0.673,10,-6.846,0,0.0503,0.0743,4.06e-05,0.124,0.491,105.113,219227,4,3keUgTGEoZJt0QkzTB6kHg,Truffle Butter,62y3BHKehWnb1hlaPclDAA,"0hCNtLu0JehylgoiP8L4Gh,3TVXtAsR1Inumwj472S9r4,55Aa2cqylxrFIXC767Z865",Nicki Minaj|Drake|Lil Wayne,30496118|83626299|14232381,hip pop|pop|queens hip hop|rap|canadian hip hop|canadian pop|hip hop|pop rap|rap|hip hop|new orleans rap|pop rap|rap|trap,88|96|85,2015-01-23,day,60,2024-01-08
0.859,0.627,6,-7.91,0,0.13,0.0388,0.000202,0.101,0.594,142.062,260453,4,5uqphUYsR45kPYplrYSAQh,Throw Sum Mo,62y3BHKehWnb1hlaPclDAA,"7iZtZyCzp3LItcw1wtPI3D,0hCNtLu0JehylgoiP8L4Gh,50co4Is1HCEo8bhOyUWKpn",Rae Sremmurd|Nicki Minaj|Young Thug,7361248|30496118|9355686,melodic rap|mississippi hip hop|pop rap|rap|trap|hip pop|pop|queens hip hop|rap|atl hip hop|atl trap|gangster rap|melodic rap|rap|trap,71|88|83,2015-01-06,day,66,2024-01-08
0.747,0.571,11,-7.916,1,0.478,0.38,0.0,0.534,0.553,172.104,181933,4,79XrkTOfV1AqySNjVlygpW,Energy,62y3BHKehWnb1hlaPclDAA,3TVXtAsR1Inumwj472S9r4,Drake,83626299,canadian hip hop|canadian pop|hip hop|pop rap|rap,96,2015-02-12,day,74,2024-01-08
0.714,0.563,1,-7.574,1,0.0723,0.0266,0.0,0.0776,0.31,100.091,241853,4,1ID1QFSNNxi0hiZCNcwjUC,Legend,62y3BHKehWnb1hlaPclDAA,3TVXtAsR1Inumwj472S9r4,Drake,83626299,canadian hip hop|canadian pop|hip hop|pop rap|rap,96,2015-02-12,day,68,2024-01-08
0.825,0.756,11,-3.687,0,0.383,0.265,2.15e-06,0.0762,0.888,172.938,177733,4,12d5QFwzh60IIHlsSnAvps,10 Bands,62y3BHKehWnb1hlaPclDAA,3TVXtAsR1Inumwj472S9r4,Drake,83626299,canadian hip hop|canadian pop|hip hop|pop rap|rap,96,2015-02-12,day,67,2024-01-08
0.746,0.873,7,-3.803,1,0.128,0.0244,0.0,0.354,0.817,148.075,222093,4,2d8JP84HNLKhmd6IYOoupQ,Trap Queen,62y3BHKehWnb1hlaPclDAA,6PXS4YHDkKvl1wkIl4V8DL,Fetty Wap,4557581,new jersey rap|pop rap|rap|southern hip hop|trap,69,2015-09-25,day,78,2024-01-08
0.861,0.651,9,-4.718,0,0.111,0.0739,0.0,0.211,0.421,122.985,310907,4,79reBHqpRoWXaQbjBBY3UC,All Day,62y3BHKehWnb1hlaPclDAA,"5K4W6rqBFWDnAN6FQUkS6x,4EMtGVFvfCSrEmWaGV0roE,1tUALn7PEhW7LpMuxvat2x,4STHEaNw4mPZ2tzheohgXB",Kanye West|Theophilus London|Allan Kingdom|Paul McCartney,22986248|159600|41932|4642978,chicago rap|hip hop|rap|alternative hip hop|underground hip hop|classic rock|mellow gold|rock|soft rock,91|49|43|75,2015-03-02,day,63,2024-01-08
0.72,0.412,11,-8.687,0,0.223,0.196,0.0,0.342,0.179,114.408,275840,4,5InOp6q2vvx0fShv3bzFLZ,Know Yourself,62y3BHKehWnb1hlaPclDAA,3TVXtAsR1Inumwj472S9r4,Drake,83626299,canadian hip hop|canadian pop|hip hop|pop rap|rap,96,2015-02-12,day,70,2024-01-08
0.821,0.759,8,-8.541,1,0.121,0.247,0.0,0.321,0.962,140.01,185143,4,5RIVoVdkDLEygELLCniZFr,Watch Me (Whip / Nae Nae),62y3BHKehWnb1hlaPclDAA,7juKTDFlPesGeWQ1GmjmOv,Silentó,222916,chicago bop|pinoy hip hop,48,2015-05-04,day,67,2024-01-08
0.874,0.568,11,-5.896,0,0.224,0.0698,1.38e-05,0.149,0.46,139.995,237400,4,49zD0wr2S3d0lZPib0K4e1,F*ck Up Some Commas,62y3BHKehWnb1hlaPclDAA,1RyvyyTE3xzB2ZywiAwp0i,Future,15692678,atl hip hop|hip hop|rap|southern hip hop|trap,88,2015-07-17,day,68,2024-01-08
0.883,0.486,11,-8.175,1,0.271,0.0164,0.0,0.461,0.462,134.985,189884,4,3KGQPtjS7kjEwMizD1bvC8,Nasty (feat. Dro),62y3BHKehWnb1hlaPclDAA,"5oSFZH3AgLRQxBi87McLjP,01dlLJybM3GViX6MmleD2N",Bandit Gang Marco|Dro,48591|3,pop r&b|,25|16,2015-01-20,day,29,2024-01-08
0.762,0.611,9,-5.462,0,0.0876,0.122,0.000315,0.141,0.386,99.934,206760,4,4fUh9VvKW4shhWN5LfN1Ba,Be Real (feat. DeJ Loaf),62y3BHKehWnb1hlaPclDAA,"6KZDXtSj0SzGOV705nNeh3,7kFfY4UjNdNyaeUgLIEbIF",Kid Ink|DeJ Loaf,2988092|1672165,pop rap|rap|southern hip hop|trap|detroit hip hop|r&b|trap|trap queen,64|63,2015-01-02,day,57,2024-01-08
0.726,0.607,2,-7.68,1,0.0498,0.0389,0.0,0.19,0.891,81.997,176744,4,4T0ScSPdQKmGvruK7pavNP,"Flex (Ooh, Ooh, Ooh)",62y3BHKehWnb1hlaPclDAA,5lHRUCqkQZCIWeX7xG4sYT,Rich Homie Quan,2800643,atl hip hop|rap|southern hip hop|trap,63,2015-02-10,day,66,2024-01-08
0.618,0.717,7,-5.738,1,0.318,0.00256,0.0,0.625,0.603,190.05,196693,4,5NQbUaeTEOGdD6hHcre0dZ,679 (feat. Remy Boyz),62y3BHKehWnb1hlaPclDAA,"6PXS4YHDkKvl1wkIl4V8DL,2s0yxtiHiyGe6CY4mbDYFi",Fetty Wap|Remy Boyz,4557581|16484,new jersey rap|pop rap|rap|southern hip hop|trap|,69|56,2015-06-29,day,77,2024-01-08
0.748,0.741,6,-3.103,1,0.0531,0.00419,0.0,0.147,0.537,128.077,213053,4,1WoOzgvz6CgH4pX6a1RKGp,My Way (feat. Monty),62y3BHKehWnb1hlaPclDAA,"6PXS4YHDkKvl1wkIl4V8DL,1Wnfj5qZsp8nPsGBBRRa4W",Fetty Wap|Monty,4557581|17217,new jersey rap|pop rap|rap|southern hip hop|trap|,69|54,2015-09-25,day,69,2024-01-08
0.893,0.48,1,-3.728,0,0.356,0.00855,0.0,0.116,0.382,86.976,170638,4,5lFDtgWsjRJu8fPOAyJIAK,Back To Back,62y3BHKehWnb1hlaPclDAA,3TVXtAsR1Inumwj472S9r4,Drake,83626299,canadian hip hop|canadian pop|hip hop|pop rap|rap,96,2015-07-31,day,70,2024-01-08
0.748,0.733,11,-4.421,0,0.072,0.0062,0.0,0.329,0.291,93.019,312240,4,3ESSGgWzRf1xvP7G5hHMhB,Again,62y3BHKehWnb1hlaPclDAA,6PXS4YHDkKvl1wkIl4V8DL,Fetty Wap,4557581,new jersey rap|pop rap|rap|southern hip hop|trap,69,2015-09-25,day,70,2024-01-08
0.891,0.628,2,-7.863,1,0.0551,0.00258,0.00019,0.0504,0.552,134.966,267067,4,0wwPcA6wtMf6HUMpIRdeP7,Hotline Bling,62y3BHKehWnb1hlaPclDAA,3TVXtAsR1Inumwj472S9r4,Drake,83626299,canadian hip hop|canadian pop|hip hop|pop rap|rap,96,2016-05-06,day,81,2024-01-08
0.795,0.277,2,-12.151,0,0.0338,0.29,0.0082,0.103,0.134,108.027,233059,4,5s6edeRROhA64R7E1eNEu4,Faded Fantasy,62y3BHKehWnb1hlaPclDAA,1HzEFKpZGuuGrQ6UNyGwk0,Michael Veli,613,,14,2021-09-13,day,11,2024-01-08
0.812,0.609,11,-8.283,0,0.222,0.18,0.0,0.233,0.644,140.047,221571,3,2pQUZWGfOZgzsF6JCShpUQ,Hate,62y3BHKehWnb1hlaPclDAA,34A2di0O5wEfdTvD0fSmWK,Adam Ronel,86,,0,2018-12-07,day,0,2024-01-08
0.755,0.884,8,-3.657,0,0.422,0.209,0.0,0.205,0.528,100.021,175385,4,45ow4VUKJDbbsLhbmjyydt,Act Right,62y3BHKehWnb1hlaPclDAA,"6ZabjoNuXFmgVXMvn97I4q,72xPIn3AXVj8KsRWDvtrWG,7MHhTZbxn2XRwXK4s2BFO6",FlipN'Gawd|Lucid|Rico Act,829|3746|7207,|kansas hip hop|,2|17|38,2018-11-23,day,0,2024-01-08
0.738,0.611,2,-9.517,1,0.125,0.13,0.0,0.0825,0.509,125.064,253442,4,3RgGKsqjhUYptGgJYHWfFF,Rendezvous,62y3BHKehWnb1hlaPclDAA,4YYuaF1hvTEt1P4jsM8udC,SHERIF,2305,,11,2018-10-26,day,6,2024-01-08
0.599,0.762,6,-5.543,1,0.0947,0.699,0.000185,0.238,0.73,114.023,244090,4,7kcCCPRQ9xv7JdYUzqWDxk,Revenge,62y3BHKehWnb1hlaPclDAA,"0LGeSGlqhn2Fe7XB4SbeWK,332EMoCvOe0jsW0vXmvYiE",Bune|Bill $aber,33|0,|,0|0,2018-11-06,day,0,2024-01-08
0.613,0.882,10,-6.248,1,0.248,0.483,0.0,0.231,0.732,92.413,167367,4,5XEu8x6EaJiQRPeKMAJuTY,4eva More,62y3BHKehWnb1hlaPclDAA,34A2di0O5wEfdTvD0fSmWK,Adam Ronel,86,,0,2018-07-24,day,0,2024-01-08
0.852,0.553,1,-7.286,1,0.187,0.0559,0.0,0.332,0.656,142.079,205879,4,27GmP9AWRs744SzKcpJsTZ,Jumpman,62y3BHKehWnb1hlaPclDAA,"3TVXtAsR1Inumwj472S9r4,1RyvyyTE3xzB2ZywiAwp0i",Drake|Future,83626299|15692678,canadian hip hop|canadian pop|hip hop|pop rap|rap|atl hip hop|hip hop|rap|southern hip hop|trap,96|88,2015-09-20,day,74,2024-01-08
0.741,0.488,8,-8.253,1,0.362,0.000235,0.0,0.0488,0.625,160.018,181081,4,4OjuzM3rTWp3q60mEldNSF,Hit the Quan - Original Version,62y3BHKehWnb1hlaPclDAA,3GsIlcwgQDJVjHD82mbA0Z,iLoveMemphis,111857,chicago bop,39,2015-10-09,day,59,2024-01-08
0.813,0.453,1,-6.941,1,0.338,0.0933,0.0,0.14,0.191,161.997,208027,4,5nN8BwAQDJDguq7Dpd3JQQ,Where Ya At (feat. Drake),62y3BHKehWnb1hlaPclDAA,"1RyvyyTE3xzB2ZywiAwp0i,3TVXtAsR1Inumwj472S9r4",Future|Drake,15692678|83626299,atl hip hop|hip hop|rap|southern hip hop|trap|canadian hip hop|canadian pop|hip hop|pop rap|rap,88|96,2015-07-17,day,69,2024-01-08
0.713,0.526,1,-5.046,1,0.032,0.00767,0.000148,0.124,0.131,131.05,262693,4,1wHZx0LgzFHyeIZkUydNXq,Antidote,62y3BHKehWnb1hlaPclDAA,0Y5tJX1MQlPlqiwlOH1tJY,Travis Scott,26203362,hip hop|rap|slap house,91,2015-09-04,day,77,2024-01-08
0.883,0.85,10,-4.053,0,0.361,0.308,0.0,0.368,0.711,150.138,146000,4,0z9hbAY5d0RhmvZr3DWMPK,Do It Like Me,62y3BHKehWnb1hlaPclDAA,2wr9il91kGyzsfs4ypVr02,DLOW,28443,chicago bop,24,2016-03-18,day,44,2024-01-08
0.816,0.813,6,-7.798,0,0.0664,0.0662,2.77e-06,0.602,0.436,127.979,307640,4,7vWFaMq63AwkFDhS2OAg5u,The Time (Dirty Bit),62y3BHKehWnb1hlaPclDAA,1yxSLGMDHlW21z4YXirZDS,Black Eyed Peas,7879760,dance pop|pop|pop rap,79,2010-01-01,day,72,2024-01-08
0.931,0.456,4,-6.206,1,0.348,0.153,0.0,0.0914,0.522,99.048,189053,4,1YNC4CuWPLfmJ7V0xgSObY,You're a Jerk,62y3BHKehWnb1hlaPclDAA,1ZKqrja0WvbSssYNFO3lzs,New Boyz,410492,pop rap,48,2009-06-16,day,32,2024-01-08
0.762,0.661,1,-6.075,0,0.0687,0.15,0.0,0.256,0.769,130.009,225373,4,1hGy2eLcmC8eKx7qr1tOqx,Beautiful Girls,62y3BHKehWnb1hlaPclDAA,6S0dmVVn4udvppDhZIWxCr,Sean Kingston,3201846,dance pop|miami hip hop|pop,68,2007-07-23,day,81,2024-01-08
0.829,0.428,0,-9.469,1,0.0831,0.056,0.00413,0.137,0.45,148.075,299333,4,4P7VFiaZb3xrXoqGwZXC3J,Lollipop,62y3BHKehWnb1hlaPclDAA,"55Aa2cqylxrFIXC767Z865,3pbi8H08p95NUZ7m6ybxUV",Lil Wayne|Static Major,14232381|8324,hip hop|new orleans rap|pop rap|rap|trap|,85|59,2008-06-10,day,72,2024-01-08
0.617,0.754,7,-5.172,1,0.0369,0.000535,0.0,0.0668,0.487,113.182,232520,4,2vVc2G9w2JteBgxpSUVwX5,Let It Rock,62y3BHKehWnb1hlaPclDAA,"0Chxmm4XMM87mJOHvyiUzL,55Aa2cqylxrFIXC767Z865",Kevin Rudolf|Lil Wayne,143265|14232381,pop rap|wrestling|hip hop|new orleans rap|pop rap|rap|trap,50|85,2008,year,45,2024-01-08
0.674,0.695,6,-8.636,0,0.278,0.0387,0.00202,0.194,0.773,151.486,221840,4,6ScJMrlpiLfZUGtWp4QIVt,A Milli,62y3BHKehWnb1hlaPclDAA,55Aa2cqylxrFIXC767Z865,Lil Wayne,14232381,hip hop|new orleans rap|pop rap|rap|trap,85,2008-06-10,day,72,2024-01-08
0.729,0.658,10,-3.386,0,0.225,0.0506,0.0,0.0693,0.551,140.043,250667,3,3wKKkGVn7cVSfgPeYYIiXG,Kiss Kiss (feat. T-Pain),62y3BHKehWnb1hlaPclDAA,"7bXgB6jMjp9ATFy66eO08Z,3aQeKQSyrW4qWr35idm0cy",Chris Brown|T-Pain,20955452|4615060,r&b|rap|dance pop|gangster rap|hip hop|pop rap|r&b|rap|southern hip hop|trap|urban contemporary,86|76,2007-11-06,day,74,2024-01-08
0.69,0.834,0,-5.79,1,0.0566,0.129,0.0,0.136,0.738,127.43,222933,4,4ycLiPVzE5KamivXrAzGFG,Fuck You,62y3BHKehWnb1hlaPclDAA,5nLYd9ST4Cnwy6NHaCxbj8,CeeLo Green,597479,atl hip hop,65,2010-11-09,day,68,2024-01-08
0.356,0.831,7,-1.796,1,0.19,0.153,0.0,0.256,0.234,168.177,238733,4,4p81HJYZufVOTYYpQBT1om,Coming Home,62y3BHKehWnb1hlaPclDAA,"2QYEvpsWUOjqaYuxDPTCmV,4utLUGcTvOJFr6aqIJtYWV",Diddy - Dirty Money|Skylar Grey,126079|586254,pop rap|piano rock|viral pop,51|66,2010-01-01,day,16,2024-01-08
0.617,0.717,10,-7.858,0,0.153,0.00564,0.0,0.408,0.49,103.992,311867,4,0j2T0R9dR9qdJYsB7ciXhf,Stronger,62y3BHKehWnb1hlaPclDAA,5K4W6rqBFWDnAN6FQUkS6x,Kanye West,22986248,chicago rap|hip hop|rap,91,2007-09-11,day,85,2024-01-08
0.844,0.601,1,-5.283,1,0.157,0.0205,0.0,0.385,0.331,73.989,242013,4,4AYX69oFP3UOS1CFmV9UfO,Bottoms Up (feat. Nicki Minaj),62y3BHKehWnb1hlaPclDAA,"2iojnBLj0qIMiKPvVhLnsH,0hCNtLu0JehylgoiP8L4Gh",Trey Songz|Nicki Minaj,7381157|30496118,dance pop|r&b|southern hip hop|trap|urban contemporary|hip pop|pop|queens hip hop|rap,68|88,2010-09-14,day,75,2024-01-08
0.611,0.689,7,-4.976,1,0.041,0.00455,0.0,0.514,0.704,144.992,253000,4,5kGCh49aqeRMkEOhQ9mcrW,Party Like A Rock Star,62y3BHKehWnb1hlaPclDAA,3v3clM1KQgVfpPjKJFPAmx,SHOP BOYZ,137255,atl hip hop|dirty south rap|futuristic swag,45,2007-01-01,day,46,2024-01-08
0.633,0.673,6,-6.403,0,0.258,0.297,0.0,0.206,0.659,86.776,211160,4,2M9ULmQwTaTGmAdXaXpfz5,Billionaire (feat. Bruno Mars),62y3BHKehWnb1hlaPclDAA,"7o9Nl7K1Al6NNAHX6jn6iG,0du5cEVh5yTK9QJze8zA0C",Travie McCoy|Bruno Mars,368071|52986983,pop rap|dance pop|pop,60|87,2010-03-09,day,76,2024-01-08
0.375,0.862,11,-3.363,0,0.255,0.071,0.0,0.211,0.478,159.841,338853,4,3jlbL2OTD5YmIunYzgQTAN,Live Your Life,62y3BHKehWnb1hlaPclDAA,"4OBJLual30L7gRl5UkeRcT,5pKCCKE2ajJHZ9KAiaK11H",T.I.|Rihanna,4683892|58780253,atl hip hop|dirty south rap|gangster rap|hip hop|pop rap|rap|southern hip hop|trap|barbadian pop|pop|urban contemporary,73|89,2008-09-07,day,77,2024-01-08
0.794,0.711,8,-5.124,0,0.0699,0.3,0.0,0.0955,0.955,174.915,189109,4,1ExfPZEiahqhLyajhybFeS,The Lazy Song,62y3BHKehWnb1hlaPclDAA,0du5cEVh5yTK9QJze8zA0C,Bruno Mars,52986983,dance pop|pop,87,2010-10-05,day,76,2024-01-08
0.663,0.91,1,-1.629,1,0.317,0.0719,0.0,0.244,0.342,144.993,229227,4,3e21cX0CVwzkQXiHz7WUQZ,Drop The World,62y3BHKehWnb1hlaPclDAA,"55Aa2cqylxrFIXC767Z865,7dGJo4pcD2V6oG8kP0tJRR",Lil Wayne|Eminem,14232381|80373039,hip hop|new orleans rap|pop rap|rap|trap|detroit hip hop|hip hop|rap,85|90,2009-01-01,day,66,2024-01-08
0.792,0.589,4,-6.869,0,0.262,0.0259,0.000128,0.114,0.778,157.147,207587,4,0tYPj0NYa7vjlJaqlRSnJb,Chain Hang Low,62y3BHKehWnb1hlaPclDAA,4USNIVeRwXIAdbVSTqelbh,Jibbs,102163,dirty south rap,40,2006-01-01,day,59,2024-01-08
0.832,0.391,8,-8.504,1,0.0628,0.0564,0.0,0.224,0.436,104.961,238800,4,1RGIjMFMgJxkZHMDXVYzOJ,Bartender (feat. Akon),62y3BHKehWnb1hlaPclDAA,"3aQeKQSyrW4qWr35idm0cy,0z4gvV4rjIZ9wHck67ucSV",T-Pain|Akon,4615060|4188769,dance pop|gangster rap|hip hop|pop rap|r&b|rap|southern hip hop|trap|urban contemporary|dance pop,76|80,2007-06-05,day,77,2024-01-08
0.629,0.696,1,-5.572,0,0.348,0.0195,0.0,0.0554,0.623,93.034,207627,4,1PS1QMdUqOal0ai3Gt7sDQ,Gold Digger,62y3BHKehWnb1hlaPclDAA,"5K4W6rqBFWDnAN6FQUkS6x,7LnaAXbDVIL75IVPnndf7w",Kanye West|Jamie Foxx,22986248|1172176,chicago rap|hip hop|rap|contemporary r&b|hip pop|r&b|southern hip hop|trap|urban contemporary,91|68,2005-08-30,day,84,2024-01-08
0.627,0.614,6,-6.006,0,0.17,0.0211,0.0,0.0286,0.758,96.038,208947,4,4BycRneKmOs6MhYG9THsuX,Find Your Love,62y3BHKehWnb1hlaPclDAA,3TVXtAsR1Inumwj472S9r4,Drake,83626299,canadian hip hop|canadian pop|hip hop|pop rap|rap,96,2010-01-01,day,69,2024-01-08
0.871,0.44,11,-6.25,0,0.0761,0.499,4.15e-06,0.114,0.799,137.996,221267,4,5FEXPoPnzueFJQCPRIrC3c,Day 'N' Nite (nightmare),62y3BHKehWnb1hlaPclDAA,0fA0VVWsXO9YnASrzqfmYu,Kid Cudi,6788413,hip hop|ohio hip hop|pop rap|rap,79,2009-09-15,day,69,2024-01-08
0.705,0.882,11,-3.201,0,0.0445,0.000369,1.16e-06,0.0934,0.7,130.0,241667,4,2QtxlzvSBONjs1bDC34ixs,Yeah 3x,62y3BHKehWnb1hlaPclDAA,7bXgB6jMjp9ATFy66eO08Z,Chris Brown,20955452,r&b|rap,86,2011-03-22,day,71,2024-01-08
0.534,0.813,9,-5.902,1,0.406,0.0695,0.0,0.606,0.548,149.613,205133,4,1kEp3Po9RUPm11N5ITOUWx,Pop Bottles - Main,62y3BHKehWnb1hlaPclDAA,"35sCXuy5gN6Or69rZ9vqBs,55Aa2cqylxrFIXC767Z865",Birdman|Lil Wayne,1285117|14232381,dirty south rap|southern hip hop|hip hop|new orleans rap|pop rap|rap|trap,60|85,2007-01-01,day,55,2024-01-08
0.584,0.531,0,-6.907,1,0.375,0.0115,0.0,0.126,0.346,94.907,223080,4,55DuTmvSGwNQR4cBgqYuYL,Dope,62y3BHKehWnb1hlaPclDAA,"5LHRHt1k9lMyONurDHEdrp,1sBkRIssrMs1AbVkOJbc7a",Tyga|Rick Ross,6848796|7103142,hip hop|pop rap|rap|trap|dirty south rap|gangster rap|hip hop|rap|southern hip hop|trap,78|76,2013-01-01,day,45,2024-01-08
0.503,0.856,11,-5.024,0,0.286,0.0114,0.0,0.256,0.339,102.28,198280,5,66TxPMqbyDLJOusYH4o93n,MegaMan,62y3BHKehWnb1hlaPclDAA,55Aa2cqylxrFIXC767Z865,Lil Wayne,14232381,hip hop|new orleans rap|pop rap|rap|trap,85,2011-08-29,day,60,2024-01-08
0.662,0.763,1,-8.455,1,0.377,0.0389,0.0,0.103,0.566,170.031,225307,4,5aooThgj87ID0vgiyvcjPM,I'm Goin In,62y3BHKehWnb1hlaPclDAA,"3TVXtAsR1Inumwj472S9r4,55Aa2cqylxrFIXC767Z865,4yBK75WVCQXej1p04GWqxH",Drake|Lil Wayne|Jeezy,83626299|14232381|2381764,canadian hip hop|canadian pop|hip hop|pop rap|rap|hip hop|new orleans rap|pop rap|rap|trap|atl hip hop|crunk|dirty south rap|gangster rap|old school atlanta hip hop|rap|southern hip hop|trap,96|85|69,2009-09-15,day,66,2024-01-08
0.59,0.542,9,-7.849,1,0.329,0.00152,0.0,0.364,0.48,122.482,233680,5,31VM9uxtem39xmT0dfDiSU,Muthaf**ka Up,62y3BHKehWnb1hlaPclDAA,"5LHRHt1k9lMyONurDHEdrp,0hCNtLu0JehylgoiP8L4Gh",Tyga|Nicki Minaj,6848796|30496118,hip hop|pop rap|rap|trap|hip pop|pop|queens hip hop|rap,78|88,2012-01-01,day,39,2024-01-08
0.444,0.627,7,-8.744,0,0.252,0.123,0.0,0.0795,0.359,98.21,206627,3,0m1KYWlT6LhFRBDVq9UNx4,HYFR (Hell Ya Fucking Right),62y3BHKehWnb1hlaPclDAA,"3TVXtAsR1Inumwj472S9r4,55Aa2cqylxrFIXC767Z865",Drake|Lil Wayne,83626299|14232381,canadian hip hop|canadian pop|hip hop|pop rap|rap|hip hop|new orleans rap|pop rap|rap|trap,96|85,2011-11-15,day,73,2024-01-08
0.636,0.566,6,-7.16,0,0.106,0.365,0.000353,0.0917,0.425,151.894,235987,4,6LxSe8YmdPxy095Ux6znaQ,Headlines,62y3BHKehWnb1hlaPclDAA,3TVXtAsR1Inumwj472S9r4,Drake,83626299,canadian hip hop|canadian pop|hip hop|pop rap|rap,96,2011-11-15,day,81,2024-01-08
0.617,0.588,1,-6.302,1,0.464,0.0369,0.0,0.514,0.878,132.164,223173,4,3SShjQBczSt1HMpWA9zbwE,Rich As Fuck,62y3BHKehWnb1hlaPclDAA,"55Aa2cqylxrFIXC767Z865,17lzZA2AlOHwCwFALHttmp",Lil Wayne|2 Chainz,14232381|8017349,hip hop|new orleans rap|pop rap|rap|trap|atl hip hop|hip hop|pop rap|rap|southern hip hop|trap,85|75,2013-01-01,day,67,2024-01-08
0.483,0.894,9,-3.9,1,0.223,0.0407,0.0,0.282,0.278,139.858,276040,4,69yfbpvmkIaB10msnKT7Q5,Radioactive,62y3BHKehWnb1hlaPclDAA,"53XhwfbYqKCa1cC15pYq2q,2YZyLoL8N0Wb9xBt1NhZWg",Imagine Dragons|Kendrick Lamar,51482131|26526500,modern rock|pop|rock|conscious hip hop|hip hop|rap|west coast rap,86|87,2014-01-01,day,64,2024-01-08
0.546,0.651,1,-7.601,1,0.3,0.000739,0.0,0.235,0.646,77.878,212653,4,3aGibUHhQyBsyumYHylw0K,Backseat Freestyle,62y3BHKehWnb1hlaPclDAA,2YZyLoL8N0Wb9xBt1NhZWg,Kendrick Lamar,26526500,conscious hip hop|hip hop|rap|west coast rap,87,2012,year,69,2024-01-08
0.531,0.665,8,-6.672,0,0.286,0.0607,0.0,0.131,0.8,73.726,226293,4,0yQw3d0iQDjMrxaVHFv77J,Strange Clouds (feat. Lil Wayne),62y3BHKehWnb1hlaPclDAA,"5ndkK3dpZLKtBklKjxNQwT,55Aa2cqylxrFIXC767Z865",B.o.B|Lil Wayne,2078336|14232381,atl hip hop|dance pop|pop rap|rap|southern hip hop|hip hop|new orleans rap|pop rap|rap|trap,71|85,2012-04-27,day,58,2024-01-08
0.738,0.818,1,-4.973,1,0.0392,0.0159,1.91e-05,0.235,0.489,150.032,228280,4,2g6zbVqZvnc1dk6cYUhr5g,Ray Bands,62y3BHKehWnb1hlaPclDAA,5ndkK3dpZLKtBklKjxNQwT,B.o.B,2078336,atl hip hop|dance pop|pop rap|rap|southern hip hop,71,2012-04-27,day,49,2024-01-08
0.654,0.75,8,-7.509,0,0.105,0.244,0.0178,0.167,0.557,92.773,272507,4,7r6PigmGzlB3YPB7wvBBbi,No Church In The Wild,62y3BHKehWnb1hlaPclDAA,"3nFkdlSjzX9mRTtwJOzDYB,5K4W6rqBFWDnAN6FQUkS6x,2h93pZq0e7k5yf4dywlkpM,1W3FSF1BLpY3hlVIgvenLz",JAY-Z|Kanye West|Frank Ocean|The-Dream,8801570|22986248|12648718|1271356,east coast hip hop|gangster rap|hip hop|pop rap|rap|chicago rap|hip hop|rap|lgbtq+ hip hop|neo soul|dirty south rap|hip pop|r&b|southern hip hop|trap|urban contemporary,82|91|83|62,2011-08-08,day,77,2024-01-08
0.594,0.73,0,-4.638,0,0.159,0.0408,0.000164,0.715,0.378,133.88,256707,4,2eqOjSC8dY1iFrQiJGPDOX,Who Gon Stop Me,62y3BHKehWnb1hlaPclDAA,"3nFkdlSjzX9mRTtwJOzDYB,5K4W6rqBFWDnAN6FQUkS6x",JAY-Z|Kanye West,8801570|22986248,east coast hip hop|gangster rap|hip hop|pop rap|rap|chicago rap|hip hop|rap,82|91,2011-08-08,day,54,2024-01-08
0.902,0.622,9,-6.907,0,0.348,0.151,0.000344,0.0934,0.243,119.985,273143,4,3D9taoYmHLUAXAjpz2CjJ0,Choices (Yup),62y3BHKehWnb1hlaPclDAA,3crnzLy8R4lVwaigKEOz7V,E-40,861320,cali rap|gangster rap|hyphy|oakland hip hop|west coast rap,66,2015-08-07,day,27,2024-01-08
0.434,0.695,10,-7.464,0,0.485,0.0168,0.0,0.834,0.16,167.309,318840,4,57hCSu4zMTdnSum7NBL1Ye,Lord Knows (feat. Tory Lanez),62y3BHKehWnb1hlaPclDAA,"20sxb77xiYeusSH8cVdatc,2jku7tDXc6XoB6MO2hFuqg",Meek Mill|Tory Lanez,7704881|6302994,hip hop|philly rap|pop rap|rap|southern hip hop|trap|canadian hip hop|canadian trap|melodic rap|pop rap|r&b|rap|trap,73|80,2015-06-29,day,59,2024-01-08
0.67,0.75,11,-4.954,1,0.205,0.0103,0.0,0.338,0.529,94.405,170883,4,37EDnGj3yFe5Hs4Zk3s3YF,Monster,62y3BHKehWnb1hlaPclDAA,20sxb77xiYeusSH8cVdatc,Meek Mill,7704881,hip hop|philly rap|pop rap|rap|southern hip hop|trap,73,2015-03-03,day,51,2024-01-08
0.912,0.644,11,-6.63,1,0.288,0.00714,0.0,0.107,0.492,95.999,225040,4,0kIHfcHGFGm5xb0dSlKEdp,Hood Go Crazy,62y3BHKehWnb1hlaPclDAA,"6UBA15slIuadJ8h2lPRPos,17lzZA2AlOHwCwFALHttmp,5ndkK3dpZLKtBklKjxNQwT",Tech N9ne|2 Chainz|B.o.B,2724601|8017349|2078336,detroit hip hop|kansas city hip hop|pop rap|atl hip hop|hip hop|pop rap|rap|southern hip hop|trap|atl hip hop|dance pop|pop rap|rap|southern hip hop,66|75|71,2015-05-04,day,62,2024-01-08
0.79,0.621,1,-7.634,1,0.275,0.333,0.0,0.122,0.15,118.895,252040,4,1bzM1cd6oqFozdr4wK6HdR,Blessings,62y3BHKehWnb1hlaPclDAA,"0c173mlxpT3dSFRgMO8XPh,3TVXtAsR1Inumwj472S9r4",Big Sean|Drake,11115824|83626299,detroit hip hop|hip hop|pop rap|r&b|rap|trap|canadian hip hop|canadian pop|hip hop|pop rap|rap,75|96,2015-02-24,day,64,2024-01-08
0.884,0.657,6,-4.569,0,0.0977,0.00589,0.0,0.154,0.489,107.059,234693,4,0N3W5peJUQtI4eyR6GJT5O,King Kunta,62y3BHKehWnb1hlaPclDAA,2YZyLoL8N0Wb9xBt1NhZWg,Kendrick Lamar,26526500,conscious hip hop|hip hop|rap|west coast rap,87,2015-03-16,day,76,2024-01-08
0.573,0.495,8,-7.245,0,0.592,0.405,0.0,0.0969,0.255,179.196,312027,3,4MRT0dDbhqFKl67WzhUbSw,Only,62y3BHKehWnb1hlaPclDAA,"0hCNtLu0JehylgoiP8L4Gh,3TVXtAsR1Inumwj472S9r4,55Aa2cqylxrFIXC767Z865,7bXgB6jMjp9ATFy66eO08Z",Nicki Minaj|Drake|Lil Wayne|Chris Brown,30496118|83626299|14232381|20955452,hip pop|pop|queens hip hop|rap|canadian hip hop|canadian pop|hip hop|pop rap|rap|hip hop|new orleans rap|pop rap|rap|trap|r&b|rap,88|96|85|86,2014-12-15,day,73,2024-01-08
0.802,0.523,5,-10.081,1,0.0729,0.58,0.0,0.115,0.521,134.01,293027,4,1nAILwCjAYvkz5rrwGFqQi,Apparently,62y3BHKehWnb1hlaPclDAA,6l3HvQ5sa6mXTsMTB19rO5,J. Cole,22394288,conscious hip hop|hip hop|north carolina hip hop|rap,86,2014-12-09,day,39,2024-01-08
0.652,0.836,2,-7.179,0,0.153,0.377,0.0,0.138,0.162,123.946,272453,4,5DOR49R0fehoBmyNL8m4sN,Hell Of A Night,62y3BHKehWnb1hlaPclDAA,5IcR3N7QB1j6KBL8eImZ8m,ScHoolboy Q,4616817,gangster rap|hip hop|pop rap|rap|southern hip hop|trap,70,2014-01-01,day,60,2024-01-08
0.646,0.784,1,-7.471,0,0.108,0.0166,0.0,0.0721,0.179,127.839,197132,4,78JKJfKsqgeBDBF58gv1SF,Hands on the Wheel (feat. Asap Rocky),62y3BHKehWnb1hlaPclDAA,"5IcR3N7QB1j6KBL8eImZ8m,13ubrt8QOOCPljQ2FL1Kca",ScHoolboy Q|A$AP Rocky,4616817|13299639,gangster rap|hip hop|pop rap|rap|southern hip hop|trap|east coast hip hop|hip hop|rap|trap,70|81,2012-01-14,day,70,2024-01-08
0.831,0.616,5,-5.611,1,0.153,0.0947,0.0,0.11,0.817,128.012,222867,4,6bdFbw9THAMceZtkPWXu8e,No Worries,62y3BHKehWnb1hlaPclDAA,"55Aa2cqylxrFIXC767Z865,4sglKanXuoU0gqGYP3wiNv",Lil Wayne|Detail,14232381|2672,hip hop|new orleans rap|pop rap|rap|trap|,85|44,2013-01-01,day,62,2024-01-08
0.516,0.794,3,-5.503,1,0.259,0.0454,0.0,0.157,0.582,125.352,227773,5,7CELQKrSCYpEi9OXWCBDek,Roll Up,62y3BHKehWnb1hlaPclDAA,137W8MRPWKqSmrBGDBFSop,Wiz Khalifa,11073613,hip hop|pittsburgh rap|pop rap|rap|southern hip hop|trap,80,2011-03-29,day,34,2024-01-08
0.816,0.578,10,-4.536,0,0.0986,0.0136,1.2e-05,0.0412,0.302,177.959,166707,4,2iDjCLUOGhJtz5cPHljGVd,Ass Drop,62y3BHKehWnb1hlaPclDAA,137W8MRPWKqSmrBGDBFSop,Wiz Khalifa,11073613,hip hop|pittsburgh rap|pop rap|rap|southern hip hop|trap,80,2014-08-19,day,55,2024-01-08
0.67,0.895,2,-1.438,1,0.349,0.327,0.0,0.269,0.622,111.389,216667,5,3BaridxR3bsmZw3F8ERWPj,Burn (feat. Big Sean),62y3BHKehWnb1hlaPclDAA,"20sxb77xiYeusSH8cVdatc,0c173mlxpT3dSFRgMO8XPh",Meek Mill|Big Sean,7704881|11115824,hip hop|philly rap|pop rap|rap|southern hip hop|trap|detroit hip hop|hip hop|pop rap|r&b|rap|trap,73|75,2012-09-10,day,37,2024-01-08
0.631,0.774,11,-2.459,1,0.3,0.468,0.0,0.281,0.44,79.745,230693,4,42zd6DYQ4o4SECmTITrM1U,Dreams and Nightmares,62y3BHKehWnb1hlaPclDAA,20sxb77xiYeusSH8cVdatc,Meek Mill,7704881,hip hop|philly rap|pop rap|rap|southern hip hop|trap,73,2012-10-26,day,77,2024-01-08
0.717,0.862,8,-4.736,1,0.054,0.00689,0.0,0.321,0.52,130.021,224933,4,1ULa3GfdMKs0MfRpm6xVlu,We Dem Boyz,62y3BHKehWnb1hlaPclDAA,137W8MRPWKqSmrBGDBFSop,Wiz Khalifa,11073613,hip hop|pittsburgh rap|pop rap|rap|southern hip hop|trap,80,2014-08-19,day,67,2024-01-08
0.789,0.501,10,-5.747,1,0.0417,0.0205,0.0,0.518,0.165,95.012,308734,4,0m7ZSgJGoOrKR7SQFSjJPw,"Main Chick (feat. Chris Brown, French Montana, Yo Gotti, Tyga & Lil Bibby) - Remix",62y3BHKehWnb1hlaPclDAA,"6KZDXtSj0SzGOV705nNeh3,7bXgB6jMjp9ATFy66eO08Z,6vXTefBL93Dj5IqAWq6OTv,6Ha4aES39QiVjR0L2lwuwq,5LHRHt1k9lMyONurDHEdrp,4uSN8Y3kgFNVULUWsZEAVW",Kid Ink|Chris Brown|French Montana|Yo Gotti|Tyga|Lil Bibby,2988092|20955452|5255986|4353152|6848796|622407,pop rap|rap|southern hip hop|trap|r&b|rap|hip hop|pop rap|rap|southern hip hop|trap|dirty south rap|gangster rap|memphis hip hop|rap|southern hip hop|tennessee hip hop|trap|hip hop|pop rap|rap|trap|chicago drill|chicago rap|drill|trap,64|86|73|64|78|42,2014-07-08,day,43,2024-01-08
0.804,0.718,11,-3.902,0,0.0831,0.0595,0.0,0.387,0.323,106.097,240467,4,7EOgYEXi2w5SOcNVCjCvzy,Levels,62y3BHKehWnb1hlaPclDAA,20sxb77xiYeusSH8cVdatc,Meek Mill,7704881,hip hop|philly rap|pop rap|rap|southern hip hop|trap,73,2013-07-02,day,47,2024-01-08
0.702,0.53,10,-7.094,0,0.4,0.0867,0.0,0.058,0.681,171.051,239601,4,6qaGOYPk0tmPmPDIrRiBPM,My Nigga - Remix,62y3BHKehWnb1hlaPclDAA,"0A0FS04o6zMoto8OKPsDwY,55Aa2cqylxrFIXC767Z865,5lHRUCqkQZCIWeX7xG4sYT,20sxb77xiYeusSH8cVdatc,0hCNtLu0JehylgoiP8L4Gh",YG|Lil Wayne|Rich Homie Quan|Meek Mill|Nicki Minaj,3205645|14232381|2800643|7704881|30496118,cali rap|hip hop|pop rap|rap|southern hip hop|trap|hip hop|new orleans rap|pop rap|rap|trap|atl hip hop|rap|southern hip hop|trap|hip hop|philly rap|pop rap|rap|southern hip hop|trap|hip pop|pop|queens hip hop|rap,72|85|63|73|88,2014-03-18,day,60,2024-01-08
0.667,0.608,1,-7.054,1,0.216,0.324,0.000198,0.426,0.475,99.992,241160,4,2uwnP6tZVVmTovzX5ELooy,Power Trip (feat. Miguel),62y3BHKehWnb1hlaPclDAA,"6l3HvQ5sa6mXTsMTB19rO5,360IAlyVv4PCEVjgyMZrxK",J. Cole|Miguel,22394288|4903257,conscious hip hop|hip hop|north carolina hip hop|rap|r&b,86|78,2013-06-18,day,82,2024-01-08
0.766,0.74,1,-10.363,1,0.0807,0.0193,0.0784,0.229,0.183,118.008,296520,4,0Fs9cdPDhptWEDJmiCbkEW,She Knows (feat. Amber Coffman & Cults),62y3BHKehWnb1hlaPclDAA,"6l3HvQ5sa6mXTsMTB19rO5,4vpGVGgxSDcCTmqYbsOnsn,3Oim8XBPbznAa8Jj8QzNc8",J. Cole|Amber Coffman|Cults,22394288|16712|818015,conscious hip hop|hip hop|north carolina hip hop|rap|art pop|experimental pop|indie surf|pov: indie,86|58|69,2013-06-18,day,79,2024-01-08
0.609,0.799,9,-6.883,1,0.24,0.33,0.0,0.108,0.582,157.74,215509,4,2Fw5S2gaOSZzdN5dFoC2dj,A.D.H.D,62y3BHKehWnb1hlaPclDAA,2YZyLoL8N0Wb9xBt1NhZWg,Kendrick Lamar,26526500,conscious hip hop|hip hop|rap|west coast rap,87,2011-07-02,day,76,2024-01-08
0.746,0.687,1,-7.475,1,0.382,0.155,0.0,0.137,0.283,143.931,188320,4,6HfOzLLjsaXsehIFEsrxTk,Trophies,62y3BHKehWnb1hlaPclDAA,"5OrB6Jhhrl9y2PK0pSV4VP,3TVXtAsR1Inumwj472S9r4",Young Money|Drake,2999342|83626299,dirty south rap|pop rap|rap|southern hip hop|trap|canadian hip hop|canadian pop|hip hop|pop rap|rap,61|96,2014-01-01,day,77,2024-01-08
0.831,0.667,1,-8.438,1,0.188,0.0103,0.0,0.35,0.339,95.073,206667,4,2NRUU0gP1d8Yif8CpsCW8l,Faded,62y3BHKehWnb1hlaPclDAA,"5LHRHt1k9lMyONurDHEdrp,55Aa2cqylxrFIXC767Z865",Tyga|Lil Wayne,6848796|14232381,hip hop|pop rap|rap|trap|hip hop|new orleans rap|pop rap|rap|trap,78|85,2012-01-01,day,58,2024-01-08
0.611,0.464,10,-8.068,0,0.294,0.0171,0.214,0.0794,0.274,127.766,243413,4,3PBC860LAeS4utDAqlqIe2,F*ckwithmeyouknowigotit,62y3BHKehWnb1hlaPclDAA,"3nFkdlSjzX9mRTtwJOzDYB,1sBkRIssrMs1AbVkOJbc7a",JAY-Z|Rick Ross,8801570|7103142,east coast hip hop|gangster rap|hip hop|pop rap|rap|dirty south rap|gangster rap|hip hop|rap|southern hip hop|trap,82|76,2013-07-04,day,57,2024-01-08
0.697,0.849,10,-4.953,0,0.248,0.228,4.52e-05,0.493,0.734,81.956,192067,4,31G9RaSaDOI2NWcpnIp734,Goldie,62y3BHKehWnb1hlaPclDAA,13ubrt8QOOCPljQ2FL1Kca,A$AP Rocky,13299639,east coast hip hop|hip hop|rap|trap,81,2013,year,66,2024-01-08
0.495,0.722,6,-8.108,0,0.357,0.0697,0.0,0.113,0.539,175.627,239267,4,4tqcoej1zPvwePZCzuAjJd,Wet Dreamz,62y3BHKehWnb1hlaPclDAA,6l3HvQ5sa6mXTsMTB19rO5,J. Cole,22394288,conscious hip hop|hip hop|north carolina hip hop|rap,86,2014-12-09,day,86,2024-01-08
0.848,0.55,9,-11.039,1,0.0649,0.289,0.00525,0.0799,0.191,116.967,216000,4,3peT1g9UCIh1zN1NVwOGZt,2 Bitches,62y3BHKehWnb1hlaPclDAA,50co4Is1HCEo8bhOyUWKpn,Young Thug,9355686,atl hip hop|atl trap|gangster rap|melodic rap|rap|trap,83,2014-07-01,day,40,2024-01-08
0.667,0.581,0,-5.164,0,0.323,0.0428,0.0,0.183,0.368,110.953,230693,4,1jk9c0gZI0wbn5GvAj7PBV,Check,62y3BHKehWnb1hlaPclDAA,50co4Is1HCEo8bhOyUWKpn,Young Thug,9355686,atl hip hop|atl trap|gangster rap|melodic rap|rap|trap,83,2015-04-16,day,66,2024-01-08
0.959,0.598,8,-5.534,1,0.0713,0.0358,0.0,0.358,0.408,127.029,213000,4,33JcUj9qQDayKswunZP9ar,Best Friend,62y3BHKehWnb1hlaPclDAA,50co4Is1HCEo8bhOyUWKpn,Young Thug,9355686,atl hip hop|atl trap|gangster rap|melodic rap|rap|trap,83,2015-11-20,day,61,2024-01-08
0.801,0.802,1,-5.516,1,0.434,0.0445,0.0,0.388,0.777,82.115,202031,4,3tZlxGCaynTIKK83TF4uPB,Old English,62y3BHKehWnb1hlaPclDAA,"50co4Is1HCEo8bhOyUWKpn,5dHt1vcEm9qb8fCyLcB3HL,0Y4inQK6OespitzD6ijMwb",Young Thug|A$AP Ferg|Freddie Gibbs,9355686|3710766|1229486,atl hip hop|atl trap|gangster rap|melodic rap|rap|trap|hip hop|pop rap|rap|southern hip hop|trap|alternative hip hop|hip hop|indiana hip hop|rap|underground hip hop,83|69|64,2016-07-01,day,50,2024-01-08
0.85,0.471,1,-12.446,1,0.212,0.223,8.84e-06,0.112,0.65,113.328,138353,5,6YLwcpTAxXRLjZXetbCOmo,She Got It from Her Momma,62y3BHKehWnb1hlaPclDAA,3frX8pcZaDjdwfrXdSV7BX,The ILLEST01,67,,0,2019-05-26,day,7,2024-01-08
0.891,0.419,11,-6.974,1,0.435,0.0408,6.5e-06,0.1,0.284,150.061,192993,4,0U9qtEaGRe3eF3wllSIvxD,I Love This Song,62y3BHKehWnb1hlaPclDAA,"74WfpRATA39vAriZDEy2Hg,1AMXIKqj95Jzm2cNwskUSl",Kasey Alease|Shaun Kelly,86|4,|,0|1,2018-07-09,day,0,2024-01-08
0.91,0.528,0,-4.894,1,0.0977,0.0091,0.0001,0.0827,0.224,145.955,184163,4,6vU0sa31iayJqgOhrYfWz5,Plastic,62y3BHKehWnb1hlaPclDAA,74WfpRATA39vAriZDEy2Hg,Kasey Alease,86,,0,2018-11-08,day,0,2024-01-08
0.674,0.864,6,-6.322,0,0.211,0.04,0.0253,0.2,0.631,102.031,188697,4,4rWzdpoT0R3zdQlrkRSMv9,Dirty Wine,62y3BHKehWnb1hlaPclDAA,"7bS3jWzjnj8T5AmwdKUR5f,1RTNoadiGkzzRStD7SiH7z",R-Cue|Melissa Kate,4589|163,|,29|18,2019-06-21,day,38,2024-01-08
0.737,0.6,9,-9.634,1,0.264,0.0496,0.0,0.0921,0.19,180.185,202668,4,6BmuMUfRlHMgQE0vCL7VXI,Beast Side,62y3BHKehWnb1hlaPclDAA,"6eN2EOfwcNvR89LuVl81H0,0MIehjBLCitJ9RQQXEzeS4",Lightweight Literate|Yourmomlikesmymusic,2201|4034,|zxc,16|24,2019-05-20,day,23,2024-01-08
0.502,0.629,5,-7.927,0,0.475,0.407,0.0,0.367,0.643,85.716,228096,4,7xZ9JwN3IB23s7Hbfd4cGq,Work Out,62y3BHKehWnb1hlaPclDAA,0nbMsckyfNWqs6kbidWdti,J. Alston,888,,11,2018-12-16,day,30,2024-01-08
0.495,0.442,9,-13.139,1,0.266,0.0973,0.0,0.13,0.077,90.044,198462,4,4lc08Ite46dtoEhhCOQMTV,Deputy,62y3BHKehWnb1hlaPclDAA,"6eN2EOfwcNvR89LuVl81H0,3J0qyBq8miao9sTXOlAkWp",Lightweight Literate|Ozer,2201|12599,|indie hip hop,16|35,2019-05-20,day,13,2024-01-08
0.68,0.565,10,-7.534,1,0.0392,0.0605,0.0,0.344,0.511,100.064,159948,4,2UjjRu3TgxDcOg3UQbqdkc,Let's Get To It,62y3BHKehWnb1hlaPclDAA,59LJ3LGiYdmVO3R9Slv1mz,Raja Rose,957,,13,2018-11-14,day,13,2024-01-08
0.657,0.597,11,-9.919,0,0.168,0.12,0.0,0.477,0.486,89.606,213622,4,06UOL50QYtDR5l06ohu88m,I Know There's Gonna Be (Good Times),62y3BHKehWnb1hlaPclDAA,"7A0awCXkE1FtSU8B0qwOJQ,50co4Is1HCEo8bhOyUWKpn,62DmErcU7dqZbJaDqwsqzR",Jamie xx|Young Thug|Popcaan,771809|9355686|1010978,electronica|future garage|indie soul|indietronica|atl hip hop|atl trap|gangster rap|melodic rap|rap|trap|dancehall|jamaican hip hop|reggae fusion|traphall,57|83|64,2015-06-02,day,55,2024-01-08
0.795,0.523,1,-7.165,1,0.0423,0.061,0.0,0.0914,0.855,133.024,186067,4,5dNfHmqgr128gMY2tc5CeJ,Ignition - Remix,62y3BHKehWnb1hlaPclDAA,2mxe0TnaNL039ysAj51xPQ,R. Kelly,2459314,,65,2003,year,70,2024-01-08
0.546,0.712,3,-3.104,0,0.0269,0.000969,0.0,0.406,0.489,150.154,206333,4,6ATrsVaZT7XjkCynxM8cTS,Turn My Swag On,62y3BHKehWnb1hlaPclDAA,6GMYJwaziB4ekv1Y6wCDWS,Soulja Boy,1945228,atl hip hop|chicago bop|dance pop|pop rap|rap|southern hip hop|trap,67,2008-01-01,day,65,2024-01-08
0.781,0.705,5,-5.172,0,0.363,0.271,0.0,0.363,0.726,78.01,205385,4,5TmgLf3eXrAAfNIk5bURJL,Angels (feat. Saba),62y3BHKehWnb1hlaPclDAA,"1anyVhU62p31KFi8MEzkbf,7Hjbimq43OgxaBRpFXic4x",Chance the Rapper|Saba,5947668|729825,chicago rap|conscious hip hop|hip hop|pop rap|rap|alternative r&b|chicago rap,72|61,2015-10-27,day,41,2024-01-08
0.858,0.697,2,-5.361,1,0.23,0.114,0.0,0.224,0.364,98.013,290836,4,1TkWsnheqK0gBtvh07BtNX,$ave Dat Money (feat. Fetty Wap & Rich Homie Quan),62y3BHKehWnb1hlaPclDAA,"1tqhsYv8yBBdwANFNzHtcr,6PXS4YHDkKvl1wkIl4V8DL,5lHRUCqkQZCIWeX7xG4sYT",Lil Dicky|Fetty Wap|Rich Homie Quan,1962881|4557581|2800643,comedy rap|indie pop rap|pop rap|new jersey rap|pop rap|rap|southern hip hop|trap|atl hip hop|rap|southern hip hop|trap,59|69|63,2015-07-31,day,63,2024-01-08
0.45,0.449,2,-12.038,1,0.158,0.00792,0.0,0.173,0.14,135.822,220934,4,3gdKXck3m7MNH0IbMnvGpw,Milly Rock,62y3BHKehWnb1hlaPclDAA,3PExH6Ke8I04yK51EXG3FQ,2milly,7347,trap,27,2015-08-17,day,41,2024-01-08
0.69,0.521,10,-8.492,0,0.339,0.324,0.0,0.0534,0.494,100.028,292799,4,68Dni7IE4VyPkTOH9mRWHr,No Role Modelz,62y3BHKehWnb1hlaPclDAA,6l3HvQ5sa6mXTsMTB19rO5,J. Cole,22394288,conscious hip hop|hip hop|north carolina hip hop|rap,86,2014-12-09,day,91,2024-01-08
0.802,0.521,4,-9.871,0,0.355,0.0135,0.0,0.179,0.393,108.032,334360,4,48YCxFA6VaPwpFd7sFuwnM,100 (feat. Drake),62y3BHKehWnb1hlaPclDAA,"0NbfKEOTQCcwd6o7wSDOHI,3TVXtAsR1Inumwj472S9r4",The Game|Drake,4802782|83626299,detroit hip hop|gangster rap|hip hop|pop rap|rap|southern hip hop|trap|canadian hip hop|canadian pop|hip hop|pop rap|rap,71|96,2015-10-09,day,53,2024-01-08
0.473,0.468,10,-9.36,0,0.336,0.255,1.9e-05,0.114,0.404,179.156,170667,5,3pJdSaNkSzWpHb0sQl4sq6,Confused,62y3BHKehWnb1hlaPclDAA,1WLGlayiDpqOK8doYCiQTa,Kayla Brianna,21810,pop r&b,16,2018-06-15,day,10,2024-01-08
0.643,0.543,1,-9.028,0,0.445,0.648,0.0317,0.0736,0.319,165.217,210909,4,39Z3gH1BPeNCjWFblv6PJV,Ring My Line,62y3BHKehWnb1hlaPclDAA,"07ImKNH5Mue1DDlHhdId40,1h5mZb0u9bcFGeViohj87o",Park Hill|Yung Fume,1511|59615,uk contemporary r&b|london rap|uk hip hop,20|41,2018-06-08,day,6,2024-01-08
0.744,0.416,6,-9.78,1,0.0848,0.508,0.000163,0.327,0.452,138.007,216500,4,3liqJgK86KQinyTdFYVy55,Clout Level Zero,62y3BHKehWnb1hlaPclDAA,4o38vEbVwY6Grwc1SRX4kp,CG the GOAT,340,,4,2018-06-17,day,8,2024-01-08
0.645,0.657,7,-7.078,0,0.0467,0.0126,0.000177,0.108,0.169,145.086,198621,4,0d6nF02wXDabzjUYQIjRJY,Find a Way,62y3BHKehWnb1hlaPclDAA,22bqrVgUNDlUEvOIbC7KAM,Adrian Stresow,12084,,23,2017-11-14,day,13,2024-01-08
0.893,0.635,2,-9.0,1,0.0514,0.0201,3.01e-06,0.146,0.304,127.98,285234,4,1UYLxZIL4IicS6TaPUZFTH,Blasé (feat. Future & Rae Sremmurd),62y3BHKehWnb1hlaPclDAA,"7c0XG5cIJTrrAgEC3ULPiq,1RyvyyTE3xzB2ZywiAwp0i,7iZtZyCzp3LItcw1wtPI3D",Ty Dolla $ign|Future|Rae Sremmurd,4870732|15692678|7361248,hip hop|pop rap|r&b|southern hip hop|trap|trap soul|atl hip hop|hip hop|rap|southern hip hop|trap|melodic rap|mississippi hip hop|pop rap|rap|trap,79|88|71,2015-11-13,day,56,2024-01-08
0.899,0.504,8,-6.758,0,0.5,0.826,0.0,0.052,0.537,129.89,207813,4,22DKsoYFV5npPXmnPpXL7i,Watch Out,62y3BHKehWnb1hlaPclDAA,17lzZA2AlOHwCwFALHttmp,2 Chainz,8017349,atl hip hop|hip hop|pop rap|rap|southern hip hop|trap,75,2015-07-22,day,55,2024-01-08
0.824,0.49,7,-8.391,1,0.429,0.0369,1.24e-06,0.0807,0.307,165.948,211643,4,2uTG00P1DkhB97pdITkl2O,Live From The Gutter,62y3BHKehWnb1hlaPclDAA,"3TVXtAsR1Inumwj472S9r4,1RyvyyTE3xzB2ZywiAwp0i",Drake|Future,83626299|15692678,canadian hip hop|canadian pop|hip hop|pop rap|rap|atl hip hop|hip hop|rap|southern hip hop|trap,96|88,2015-09-20,day,61,2024-01-08
0.525,0.433,6,-10.598,1,0.185,0.107,0.0,0.135,0.276,160.108,194613,4,43PuMrRfbyyuz4QpZ3oAwN,Exchange,62y3BHKehWnb1hlaPclDAA,2EMAnMvWE2eb56ToJVfCWs,Bryson Tiller,7802606,kentucky hip hop|r&b|rap,78,2015-10-02,day,82,2024-01-08
0.765,0.356,11,-5.556,0,0.195,0.223,0.0,0.0963,0.189,96.991,198293,4,3pXF1nA74528Edde4of9CC,Don't,62y3BHKehWnb1hlaPclDAA,2EMAnMvWE2eb56ToJVfCWs,Bryson Tiller,7802606,kentucky hip hop|r&b|rap,78,2015-10-02,day,86,2024-01-08
0.542,0.914,0,-4.747,0,0.113,0.0161,0.0,0.744,0.576,153.993,292093,4,2gZUPNdnz5Y45eiGxpHGSc,POWER,62y3BHKehWnb1hlaPclDAA,5K4W6rqBFWDnAN6FQUkS6x,Kanye West,22986248,chicago rap|hip hop|rap,91,2010-11-22,day,81,2024-01-08
0.7,0.554,1,-5.909,1,0.187,0.219,1.36e-06,0.419,0.0633,97.127,235187,4,6bxUnsSGZCmoHHU5auwtps,Beware,62y3BHKehWnb1hlaPclDAA,"0c173mlxpT3dSFRgMO8XPh,55Aa2cqylxrFIXC767Z865,5ZS223C6JyBfXasXxrRqOk",Big Sean|Lil Wayne|Jhené Aiko,11115824|14232381|7193429,detroit hip hop|hip hop|pop rap|r&b|rap|trap|hip hop|new orleans rap|pop rap|rap|trap|r&b,75|85|77,2013-01-01,day,73,2024-01-08
0.925,0.754,0,-5.39,1,0.371,0.0588,0.0,0.0674,0.624,93.018,245613,4,3cWK4wkVasqw4SBvH2JAG8,Tipsy - Club Mix,62y3BHKehWnb1hlaPclDAA,1Zz5UxfKSSqc6hpa3xJPCw,J-Kwon,262084,dirty south rap|southern hip hop,51,2013-06-10,day,32,2024-01-08
0.397,0.69,2,-4.108,0,0.195,0.395,0.0,0.101,0.36,172.073,359800,4,42GcjriRK6srwHkfbkBqVl,Blood On The Leaves,62y3BHKehWnb1hlaPclDAA,5K4W6rqBFWDnAN6FQUkS6x,Kanye West,22986248,chicago rap|hip hop|rap,91,2013-06-18,day,67,2024-01-08
0.599,0.587,5,-5.919,1,0.0423,0.274,0.0,0.167,0.373,87.998,280787,4,7yNK27ZTpHew0c55VvIJgm,Dark Fantasy,62y3BHKehWnb1hlaPclDAA,5K4W6rqBFWDnAN6FQUkS6x,Kanye West,22986248,chicago rap|hip hop|rap,91,2010-11-22,day,74,2024-01-08
0.48,0.631,7,-5.488,1,0.116,0.0791,0.000105,0.149,0.515,84.164,195093,4,6MXXY2eiWkpDCezVCc0cMH,Good Morning,62y3BHKehWnb1hlaPclDAA,5K4W6rqBFWDnAN6FQUkS6x,Kanye West,22986248,chicago rap|hip hop|rap,91,2007-09-11,day,76,2024-01-08
0.639,0.628,6,-7.578,0,0.0399,0.0381,0.0,0.386,0.43,90.482,237507,4,5TRPicyLGbAF2LGBFbHGvO,Flashing Lights,62y3BHKehWnb1hlaPclDAA,5K4W6rqBFWDnAN6FQUkS6x,Kanye West,22986248,chicago rap|hip hop|rap,91,2007-09-11,day,90,2024-01-08
0.637,0.834,3,-4.686,0,0.323,0.614,0.0,0.317,0.715,87.312,193733,4,5g1vtHqi9uV7xtYeCcFOBx,Jesus Walks,62y3BHKehWnb1hlaPclDAA,5K4W6rqBFWDnAN6FQUkS6x,Kanye West,22986248,chicago rap|hip hop|rap,91,2004-02-10,day,74,2024-01-08
0.492,0.902,8,-2.715,0,0.308,0.105,0.0,0.877,0.591,161.219,261040,4,646iHsrMsAeI48Z2qU8WKf,House Party (feat. Young Chris),62y3BHKehWnb1hlaPclDAA,"20sxb77xiYeusSH8cVdatc,5IYKSQZErXLpHp74EIIHp1",Meek Mill|Young Chris,7704881|40494,hip hop|philly rap|pop rap|rap|southern hip hop|trap|battle rap|philly rap,73|31,2011-10-19,day,44,2024-01-08
0.82,0.47,8,-7.181,1,0.0458,0.00435,0.0,0.141,0.313,132.003,280173,4,2oHM9KAdFdFvDCaE4V6RST,Hate Bein' Sober,62y3BHKehWnb1hlaPclDAA,"15iVAtD3s3FsQR4w1v6M0P,3q7HBObVc0L8jNeTe5Gofh,137W8MRPWKqSmrBGDBFSop",Chief Keef|50 Cent|Wiz Khalifa,4403558|13325784|11073613,chicago bop|chicago drill|chicago rap|drill|hip hop|rap|southern hip hop|trap|east coast hip hop|gangster rap|hip hop|pop rap|queens hip hop|rap|hip hop|pittsburgh rap|pop rap|rap|southern hip hop|trap,75|82|80,2012-01-01,day,78,2024-01-08
0.874,0.706,1,-5.132,1,0.207,0.182,0.0,0.334,0.895,89.961,216248,4,6Xa2q0dapj03CsRzmD0Os5,Fight Night,62y3BHKehWnb1hlaPclDAA,6oMuImdp5ZcFhWP0ESe6mG,Migos,13641028,atl hip hop|hip hop|pop rap|rap|trap,75,2014-02-25,day,68,2024-01-08
0.788,0.627,8,-5.672,0,0.242,0.0622,0.0,0.109,0.215,127.97,148133,4,5se6K8sonaVJGu1mjj6ItC,Paradise,62y3BHKehWnb1hlaPclDAA,0c173mlxpT3dSFRgMO8XPh,Big Sean,11115824,detroit hip hop|hip hop|pop rap|r&b|rap|trap,75,2014-10-07,day,40,2024-01-08
0.921,0.525,11,-8.186,1,0.413,0.0136,0.0,0.313,0.794,130.747,160383,4,6j8lAie0mdUNreql5d5Ejz,Bobby Bitch,62y3BHKehWnb1hlaPclDAA,34Y0ldeyUv7jBvukWOGASO,Bobby Shmurda,1494221,nyc rap|rap|trap,56,2014-10-14,day,59,2024-01-08
0.831,0.783,5,-6.719,1,0.0527,0.079,1.27e-06,0.35,0.771,140.046,218440,4,0hdiDzQu1FsfaYM1NIL8ma,Molly,62y3BHKehWnb1hlaPclDAA,"5LHRHt1k9lMyONurDHEdrp,4Wjf8diP59VmPG7fi4y724,137W8MRPWKqSmrBGDBFSop,2F4vlQrJakgfJhEW93DFcZ",Tyga|Cedric Gervais|Wiz Khalifa|Mally Mall,6848796|103466|11073613|11628,hip hop|pop rap|rap|trap|dutch house|edm|electro house|pop dance|progressive electro house|hip hop|pittsburgh rap|pop rap|rap|southern hip hop|trap|slow game|west coast trap,78|63|80|36,2013-01-01,day,47,2024-01-08
0.739,0.498,8,-5.309,1,0.153,0.00577,0.0,0.334,0.0672,147.026,184490,4,7DpXKT1mT5yuSSoF5qA66z,I Don't Sell Molly No More,62y3BHKehWnb1hlaPclDAA,3aGFCoR8xGN6DKwvdzeSja,ILOVEMAKONNEN,362611,atl hip hop|lgbtq+ hip hop|trap,57,2014-12-15,day,42,2024-01-08
0.773,0.664,0,-5.603,1,0.211,0.218,0.000117,0.105,0.472,140.161,321987,4,35rSpXB5bk9ega9jsjcRts,Tuesday (feat. Drake),62y3BHKehWnb1hlaPclDAA,"3aGFCoR8xGN6DKwvdzeSja,3TVXtAsR1Inumwj472S9r4",ILOVEMAKONNEN|Drake,362611|83626299,atl hip hop|lgbtq+ hip hop|trap|canadian hip hop|canadian pop|hip hop|pop rap|rap,57|96,2014-12-15,day,65,2024-01-08
0.812,0.676,1,-4.502,1,0.0491,0.0456,0.0,0.0929,0.38,114.033,268421,4,04Ila6SwYXDbdfZab8IyUV,Swerve,62y3BHKehWnb1hlaPclDAA,3aGFCoR8xGN6DKwvdzeSja,ILOVEMAKONNEN,362611,atl hip hop|lgbtq+ hip hop|trap,57,2014-12-15,day,34,2024-01-08
0.865,0.633,0,-7.023,0,0.107,0.0305,0.0,0.136,0.311,110.05,212213,4,7rq7HvZrCie7MmiGm8pUVC,Till I Die,62y3BHKehWnb1hlaPclDAA,6TIYQ3jFPwQSRmorSezPxX,Machine Gun Kelly,5165910,ohio hip hop|pop rap,75,2015-10-16,day,58,2024-01-08
0.689,0.564,2,-6.226,1,0.136,0.187,0.0,0.0721,0.123,185.023,212947,4,1Ser4X0TKttOvo8bgdytTP,Come Get Her,62y3BHKehWnb1hlaPclDAA,7iZtZyCzp3LItcw1wtPI3D,Rae Sremmurd,7361248,melodic rap|mississippi hip hop|pop rap|rap|trap,71,2015-01-06,day,77,2024-01-08
0.832,0.641,1,-2.672,1,0.0458,0.0465,3.2e-06,0.337,0.232,133.06,193173,4,2RUuKIHFHjk41E7YsJ9HNP,Up Like Trump,62y3BHKehWnb1hlaPclDAA,7iZtZyCzp3LItcw1wtPI3D,Rae Sremmurd,7361248,melodic rap|mississippi hip hop|pop rap|rap|trap,71,2015-01-06,day,45,2024-01-08
0.727,0.599,1,-6.941,1,0.327,0.317,0.0,0.219,0.386,167.909,197133,3,0Y0TOsE1q11qgbi7c5WZsG,R.I.C.O. (feat. Drake),62y3BHKehWnb1hlaPclDAA,"20sxb77xiYeusSH8cVdatc,3TVXtAsR1Inumwj472S9r4",Meek Mill|Drake,7704881|83626299,hip hop|philly rap|pop rap|rap|southern hip hop|trap|canadian hip hop|canadian pop|hip hop|pop rap|rap,73|96,2015-06-29,day,71,2024-01-08
0.716,0.936,1,-4.968,0,0.123,0.0318,0.0,0.367,0.799,81.508,164523,4,6Aa7aDayiQHnUw1dUvdneZ,Donald Trump,62y3BHKehWnb1hlaPclDAA,4LLpKhyESsyAXpc4laK94U,Mac Miller,9922860,hip hop|pittsburgh rap|rap,81,2016-06-03,day,74,2024-01-08
0.712,0.562,10,-6.008,1,0.129,0.125,0.0,0.136,0.142,140.0,236480,4,6jmTHeoWvBaSrwWttr8Xvu,I Mean It (feat. Remo),62y3BHKehWnb1hlaPclDAA,"02kJSzxNuaWGqwubyUba0Z,7rVA45AaxEEetdqc9NngiJ",G-Eazy|Remo,5198099|1439,indie pop rap|oakland hip hop|pop rap|rap|,74|50,2014-06-20,day,71,2024-01-08
0.598,0.252,2,-15.086,1,0.0644,0.194,0.133,0.0992,0.0352,120.064,238307,4,33BC1kE0ewdO9vaB4wbct8,L$D,62y3BHKehWnb1hlaPclDAA,13ubrt8QOOCPljQ2FL1Kca,A$AP Rocky,13299639,east coast hip hop|hip hop|rap|trap,81,2015-05-21,day,45,2024-01-08
0.813,0.563,7,-7.083,1,0.269,0.0293,0.0,0.125,0.761,83.009,208160,4,6sZv0ECT8cEW3oZtoCuVg4,Lights Please,62y3BHKehWnb1hlaPclDAA,6l3HvQ5sa6mXTsMTB19rO5,J. Cole,22394288,conscious hip hop|hip hop|north carolina hip hop|rap,86,2011-09-27,day,63,2024-01-08
0.588,0.554,8,-8.406,1,0.0545,0.216,0.118,0.0619,0.496,146.133,238333,4,0m3Ze0cy8qBHSsV2exAfCw,Amazing,62y3BHKehWnb1hlaPclDAA,"5K4W6rqBFWDnAN6FQUkS6x,4yBK75WVCQXej1p04GWqxH",Kanye West|Jeezy,22986248|2381764,chicago rap|hip hop|rap|atl hip hop|crunk|dirty south rap|gangster rap|old school atlanta hip hop|rap|southern hip hop|trap,91|69,2008-11-24,day,67,2024-01-08
0.888,0.632,1,-3.872,1,0.219,0.19,0.0,0.101,0.662,91.979,266067,4,2NBQmPrOEEjA8VbeWOQGxO,Drop It Like It's Hot,62y3BHKehWnb1hlaPclDAA,"7hJcb9fa4alzcOq3EaNPoG,2RdwBSPQiwcmiDo9kixcl8",Snoop Dogg|Pharrell Williams,10871699|4336597,g funk|gangster rap|hip hop|pop rap|rap|west coast rap|dance pop|pop,81|78,2004-01-01,day,78,2024-01-08
0.736,0.74,0,-2.18,1,0.0786,0.515,0.0,0.0468,0.803,140.141,221933,4,66TRwr5uJwPt15mfFkzhbi,Crank That (Soulja Boy),62y3BHKehWnb1hlaPclDAA,6GMYJwaziB4ekv1Y6wCDWS,Soulja Boy,1945228,atl hip hop|chicago bop|dance pop|pop rap|rap|southern hip hop|trap,67,2007-01-01,day,79,2024-01-08
0.866,0.857,9,-5.894,1,0.0664,0.13,0.0017,0.13,0.408,130.049,251440,4,3opVsyWVYEAFK9bJAG8Opa,Boom Boom Pow,62y3BHKehWnb1hlaPclDAA,1yxSLGMDHlW21z4YXirZDS,Black Eyed Peas,7879760,dance pop|pop|pop rap,79,2009-01-01,day,68,2024-01-08
0.676,0.534,2,-6.901,0,0.0831,0.0594,8.59e-06,0.256,0.156,145.082,338413,4,37jTPJgwCCmIGMPB45jrPV,Holy Grail,62y3BHKehWnb1hlaPclDAA,"3nFkdlSjzX9mRTtwJOzDYB,31TPClRtHm23RisEBtV3X7",JAY-Z|Justin Timberlake,8801570|13560903,east coast hip hop|gangster rap|hip hop|pop rap|rap|dance pop|pop,82|81,2013-07-04,day,64,2024-01-08
0.71,0.729,11,-7.01,0,0.219,0.043,5.88e-05,0.224,0.55,165.899,292067,4,15kwOUhZh4wLBhXALRdH2j,Made In America,62y3BHKehWnb1hlaPclDAA,"3nFkdlSjzX9mRTtwJOzDYB,5K4W6rqBFWDnAN6FQUkS6x,2h93pZq0e7k5yf4dywlkpM",JAY-Z|Kanye West|Frank Ocean,8801570|22986248|12648718,east coast hip hop|gangster rap|hip hop|pop rap|rap|chicago rap|hip hop|rap|lgbtq+ hip hop|neo soul,82|91|83,2011-08-08,day,30,2024-01-08
0.63,0.521,8,-5.515,1,0.0581,0.0324,0.0,0.349,0.0378,140.062,275733,4,64rnghzDMy4cAEMZhSOp9h,H•A•M,62y3BHKehWnb1hlaPclDAA,"5K4W6rqBFWDnAN6FQUkS6x,3nFkdlSjzX9mRTtwJOzDYB",Kanye West|JAY-Z,22986248|8801570,chicago rap|hip hop|rap|east coast hip hop|gangster rap|hip hop|pop rap|rap,91|82,2011-08-12,day,56,2024-01-08
0.546,0.908,10,-1.655,0,0.417,0.215,9.47e-06,0.107,0.59,116.885,256133,5,4ljDnzzqwnRIynr1g55um4,On To The Next One,62y3BHKehWnb1hlaPclDAA,"3nFkdlSjzX9mRTtwJOzDYB,2cADQgiLMjNhbsfeN52Bf3",JAY-Z|Swizz Beatz,8801570|418448,east coast hip hop|gangster rap|hip hop|pop rap|rap|battle rap|dirty south rap|southern hip hop|trap,82|61,2009-09-08,day,58,2024-01-08
0.521,0.625,1,-7.47,1,0.067,0.0301,0.0,0.121,0.136,101.019,334067,4,0r2Bul2NuCViraT2zX1l5j,Get Low,62y3BHKehWnb1hlaPclDAA,"3ciRvbBIVz9fBoPbtSYq4x,44PA0rCQXikgOWbfY7Fq7m",Lil Jon & The East Side Boyz|Ying Yang Twins,839888|1074998,atl hip hop|atlanta bass|crunk|dirty south rap|old school atlanta hip hop|southern hip hop|atl hip hop|crunk|dirty south rap|old school atlanta hip hop|southern hip hop,61|61,2002-10-29,day,77,2024-01-08
0.866,0.749,2,-3.977,1,0.253,0.15,0.0,0.0614,0.891,92.074,250747,4,0l3GEbH3CviUytD6iX4wzg,Right Thurr,62y3BHKehWnb1hlaPclDAA,3s2wTjWxK8NOX09dmsvVOh,Chingy,932256,crunk|dirty south rap|hip pop|pop rap|southern hip hop,57,2003-01-01,day,71,2024-01-08
0.763,0.797,11,-2.274,0,0.0895,0.0583,0.0,0.299,0.648,77.003,195787,4,3rALMatm3fRoubDlouWRpi,2 Step,62y3BHKehWnb1hlaPclDAA,0PGtMx1bsqoCHCy3MB3gXA,Unk,222002,atl hip hop|dirty south rap,43,2006-10-03,day,43,2024-01-08
0.864,0.672,1,-5.168,0,0.261,0.00718,0.0,0.215,0.562,84.823,118933,4,0mXMr1OVZZKYmOinBaofOp,Slob On My Nob (feat. Project Pat),62y3BHKehWnb1hlaPclDAA,6EXX0GpVsILp9TGCfu7AVG,Tear Da Club Up Thugs,175663,crunk|dirty south rap|memphis hip hop,42,2000-11-01,day,61,2024-01-08
0.682,0.723,1,-4.628,1,0.211,0.0109,0.0,0.406,0.364,80.634,263547,4,0aq7ohTG6VDYQvsnAYtA5e,Fireman - Main,62y3BHKehWnb1hlaPclDAA,55Aa2cqylxrFIXC767Z865,Lil Wayne,14232381,hip hop|new orleans rap|pop rap|rap|trap,85,2005-01-01,day,59,2024-01-08
0.671,0.618,2,-7.495,0,0.191,0.69,0.00815,0.127,0.468,79.799,255373,4,15WOWZpw9YnE4RQQnXHQqW,President Carter,62y3BHKehWnb1hlaPclDAA,55Aa2cqylxrFIXC767Z865,Lil Wayne,14232381,hip hop|new orleans rap|pop rap|rap|trap,85,2011-08-29,day,58,2024-01-08
0.715,0.745,9,-5.71,1,0.25,0.0311,0.0,0.0823,0.687,148.042,262440,4,2k79z9A1dbdQ8gQG8M1Zz5,Gonorrhea,62y3BHKehWnb1hlaPclDAA,"55Aa2cqylxrFIXC767Z865,3TVXtAsR1Inumwj472S9r4",Lil Wayne|Drake,14232381|83626299,hip hop|new orleans rap|pop rap|rap|trap|canadian hip hop|canadian pop|hip hop|pop rap|rap,85|96,2010-01-01,day,51,2024-01-08
0.413,0.815,4,-4.109,1,0.376,0.0179,0.0,0.482,0.649,72.709,244747,3,2QLWLAqMMJuiBRztcBFgvM,I Am Not A Human Being,62y3BHKehWnb1hlaPclDAA,55Aa2cqylxrFIXC767Z865,Lil Wayne,14232381,hip hop|new orleans rap|pop rap|rap|trap,85,2010-01-01,day,44,2024-01-08
0.564,0.798,7,-5.392,1,0.227,0.274,3.44e-05,0.129,0.669,90.67,258787,5,610FzmkhFSsORpECZbjT4X,Bill Gates,62y3BHKehWnb1hlaPclDAA,55Aa2cqylxrFIXC767Z865,Lil Wayne,14232381,hip hop|new orleans rap|pop rap|rap|trap,85,2010-01-01,day,55,2024-01-08
0.522,0.874,7,-4.738,1,0.0619,3.4e-05,1.4e-05,0.146,0.398,144.053,217333,4,5Nf7BaUIK8AsFTjrmT80zV,Prom Queen,62y3BHKehWnb1hlaPclDAA,"55Aa2cqylxrFIXC767Z865,0omFWrLn7oQeN8BuSOcP1P",Lil Wayne|Shanell,14232381|4654,hip hop|new orleans rap|pop rap|rap|trap|,85|28,2009-01-01,day,35,2024-01-08
0.488,0.821,7,-3.729,1,0.0482,0.00263,0.000514,0.287,0.354,159.992,249307,4,5VSp0XbyCq5IzNcfPL5X0t,Knockout,62y3BHKehWnb1hlaPclDAA,"55Aa2cqylxrFIXC767Z865,0hCNtLu0JehylgoiP8L4Gh",Lil Wayne|Nicki Minaj,14232381|30496118,hip hop|new orleans rap|pop rap|rap|trap|hip pop|pop|queens hip hop|rap,85|88,2009-01-01,day,35,2024-01-08
0.92,0.553,6,-5.068,1,0.191,0.236,0.0,0.0767,0.947,112.022,286907,5,0EHR9OObFtjlhQB8wSt1m7,Mrs. Officer,62y3BHKehWnb1hlaPclDAA,"55Aa2cqylxrFIXC767Z865,4HgF4KnohByNElYid7iCNb,2zJoKYyLmhvsq3ORbXE7xF",Lil Wayne|Bobby V.|Kidd Kidd,14232381|945970|16547,hip hop|new orleans rap|pop rap|rap|trap|contemporary r&b|dirty south rap|hip pop|r&b|urban contemporary|new orleans rap,85|60|57,2008-06-10,day,75,2024-01-08
0.916,0.301,2,-7.657,1,0.237,0.117,0.0,0.089,0.351,100.518,190595,4,3lSR267IJfT54p0Gfuw7mi,Right Hand,62y3BHKehWnb1hlaPclDAA,3TVXtAsR1Inumwj472S9r4,Drake,83626299,canadian hip hop|canadian pop|hip hop|pop rap|rap,96,2015-07-31,day,60,2024-01-08
0.776,0.675,8,-6.224,0,0.266,0.00196,0.0,0.227,0.27,131.984,217707,4,7jslhIiELQkgW9IHeYNOWE,Big Rings,62y3BHKehWnb1hlaPclDAA,"3TVXtAsR1Inumwj472S9r4,1RyvyyTE3xzB2ZywiAwp0i",Drake|Future,83626299|15692678,canadian hip hop|canadian pop|hip hop|pop rap|rap|atl hip hop|hip hop|rap|southern hip hop|trap,96|88,2015-09-20,day,62,2024-01-08
0.418,0.546,0,-9.057,0,0.238,0.227,0.0,0.229,0.294,160.152,208813,4,0V4l4GQhgnWQGtCWpvA7va,Crew Love,62y3BHKehWnb1hlaPclDAA,"3TVXtAsR1Inumwj472S9r4,1Xyo4u8uXC1ZmMpatF05PJ",Drake|The Weeknd,83626299|77257554,canadian hip hop|canadian pop|hip hop|pop rap|rap|canadian contemporary r&b|canadian pop|pop,96|94,2011-11-15,day,75,2024-01-08
0.629,0.515,0,-10.358,0,0.265,0.0267,1.22e-05,0.0888,0.299,121.845,277387,4,124NFj84ppZ5pAxTuVQYCQ,Take Care,62y3BHKehWnb1hlaPclDAA,"3TVXtAsR1Inumwj472S9r4,5pKCCKE2ajJHZ9KAiaK11H",Drake|Rihanna,83626299|58780253,canadian hip hop|canadian pop|hip hop|pop rap|rap|barbadian pop|pop|urban contemporary,96|89,2011-11-15,day,79,2024-01-08
0.487,0.712,8,-7.323,1,0.27,5.2e-05,0.0,0.198,0.397,156.209,212613,4,1D9XLqQp2YYiOxrr5KLb8K,Under Ground Kings,62y3BHKehWnb1hlaPclDAA,3TVXtAsR1Inumwj472S9r4,Drake,83626299,canadian hip hop|canadian pop|hip hop|pop rap|rap,96,2011-11-15,day,64,2024-01-08
0.386,0.488,1,-7.303,0,0.422,0.00171,0.0,0.64,0.217,193.397,247947,4,7udsBKuqnJ5csWTAkR0vEI,We'll Be Fine,62y3BHKehWnb1hlaPclDAA,"3TVXtAsR1Inumwj472S9r4,35sCXuy5gN6Or69rZ9vqBs",Drake|Birdman,83626299|1285117,canadian hip hop|canadian pop|hip hop|pop rap|rap|dirty south rap|southern hip hop,96|60,2011-11-15,day,61,2024-01-08
0.606,0.811,7,-4.667,1,0.278,0.00782,1.49e-05,0.349,0.276,156.347,234333,4,75L0qdzRnhwV62UXoNq3pE,Up All Night,62y3BHKehWnb1hlaPclDAA,"3TVXtAsR1Inumwj472S9r4,0hCNtLu0JehylgoiP8L4Gh",Drake|Nicki Minaj,83626299|30496118,canadian hip hop|canadian pop|hip hop|pop rap|rap|hip pop|pop|queens hip hop|rap,96|88,2010-01-01,day,68,2024-01-08
0.667,0.734,6,-6.064,0,0.119,0.0386,0.0,0.108,0.704,128.318,210360,4,7v0hKO3RYhEXt2EPXf4AOS,Show Me A Good Time,62y3BHKehWnb1hlaPclDAA,3TVXtAsR1Inumwj472S9r4,Drake,83626299,canadian hip hop|canadian pop|hip hop|pop rap|rap,96,2010-01-01,day,57,2024-01-08
0.495,0.772,8,-4.851,1,0.425,0.282,0.0,0.119,0.748,71.295,328573,4,3cBUv0RIoEyAm2b7qimEY6,Thank Me Now,62y3BHKehWnb1hlaPclDAA,3TVXtAsR1Inumwj472S9r4,Drake,83626299,canadian hip hop|canadian pop|hip hop|pop rap|rap,96,2010-01-01,day,51,2024-01-08
0.441,0.929,5,-2.199,0,0.337,0.203,0.0,0.165,0.546,162.395,257680,4,4AcScHuxr9xAqqyxxTMAhu,Best I Ever Had,62y3BHKehWnb1hlaPclDAA,3TVXtAsR1Inumwj472S9r4,Drake,83626299,canadian hip hop|canadian pop|hip hop|pop rap|rap,96,2019-02-14,day,50,2024-01-08
0.683,0.695,1,-6.798,0,0.0574,0.393,0.00124,0.124,0.406,135.337,290791,4,3XLSlQLJf3Ut0zvMUxnF1h,Houstatlantavegas,62y3BHKehWnb1hlaPclDAA,3TVXtAsR1Inumwj472S9r4,Drake,83626299,canadian hip hop|canadian pop|hip hop|pop rap|rap,96,2009,year,61,2024-01-08
0.704,0.419,8,-7.984,1,0.392,0.501,0.0,0.103,0.222,159.299,351720,4,2RwFo57JjznjveEqvBuRJX,Successful,62y3BHKehWnb1hlaPclDAA,"3TVXtAsR1Inumwj472S9r4,55Aa2cqylxrFIXC767Z865",Drake|Lil Wayne,83626299|14232381,canadian hip hop|canadian pop|hip hop|pop rap|rap|hip hop|new orleans rap|pop rap|rap|trap,96|85,2009-01-01,day,0,2024-01-08
0.715,0.766,10,-6.36,0,0.381,0.171,0.0,0.373,0.77,169.761,196787,4,1e2j0v2S32Pc0s71DtQPdh,Roman Reloaded,62y3BHKehWnb1hlaPclDAA,"0hCNtLu0JehylgoiP8L4Gh,55Aa2cqylxrFIXC767Z865",Nicki Minaj|Lil Wayne,30496118|14232381,hip pop|pop|queens hip hop|rap|hip hop|new orleans rap|pop rap|rap|trap,88|85,2012-01-01,day,35,2024-01-08
0.809,0.947,10,-2.868,1,0.311,0.518,0.0,0.345,0.443,112.377,276173,4,0eUzRaG60gimqQJ02oSUnH,Roman's Revenge,62y3BHKehWnb1hlaPclDAA,"0hCNtLu0JehylgoiP8L4Gh,7dGJo4pcD2V6oG8kP0tJRR",Nicki Minaj|Eminem,30496118|80373039,hip pop|pop|queens hip hop|rap|detroit hip hop|hip hop|rap,88|90,2010-01-01,day,64,2024-01-08
0.858,0.676,3,-4.835,0,0.0746,0.0523,3.68e-05,0.103,0.7,129.991,238160,4,1wsPEJWethuDbGZtP7E3bM,Check It Out,62y3BHKehWnb1hlaPclDAA,"085pc2PYOi8bGKj0PNjekA,0hCNtLu0JehylgoiP8L4Gh",will.i.am|Nicki Minaj,4116475|30496118,dance pop|pop|hip pop|pop|queens hip hop|rap,71|88,2010-01-01,day,49,2024-01-08
0.758,0.712,7,-3.781,1,0.112,0.0185,0.0,0.0677,0.795,149.998,193387,4,2q4rjDy9WhaN3o9MvDbO21,Kiss Me Thru The Phone,62y3BHKehWnb1hlaPclDAA,"6GMYJwaziB4ekv1Y6wCDWS,4p07QU02SrLsaORo25h2Lg",Soulja Boy|Sammie,1945228|589420,atl hip hop|chicago bop|dance pop|pop rap|rap|southern hip hop|trap|hip pop|r&b|urban contemporary,67|60,2008-01-01,day,81,2024-01-08
0.65,0.761,9,-6.065,0,0.0345,0.00317,0.0,0.0855,0.268,137.621,321293,4,3OePAyHePd68TTKmy2hjq0,Put On,62y3BHKehWnb1hlaPclDAA,"4yBK75WVCQXej1p04GWqxH,5K4W6rqBFWDnAN6FQUkS6x",Jeezy|Kanye West,2381764|22986248,atl hip hop|crunk|dirty south rap|gangster rap|old school atlanta hip hop|rap|southern hip hop|trap|chicago rap|hip hop|rap,69|91,2008-01-01,day,69,2024-01-08
0.682,0.799,1,-6.58,1,0.293,0.0791,0.0,0.0929,0.479,120.173,236080,5,42iB9FGhrqTXFQtE2Mypxl,We Fly High,62y3BHKehWnb1hlaPclDAA,6AMa1VFQ7qCi61tCRtVWXe,Jim Jones,707396,gangster rap|harlem hip hop|pop rap|trap,52,2006-11-07,day,50,2024-01-08
0.843,0.806,4,-5.946,0,0.269,0.143,0.0,0.0771,0.613,94.948,270507,4,0I3q5fE6wg7LIfHGngUTnV,Ms. Jackson,62y3BHKehWnb1hlaPclDAA,1G9G7WwrXka3Z1r7aIDjI7,Outkast,2466263,atl hip hop|dirty south rap|hip hop|old school atlanta hip hop|rap|southern hip hop,73,2000-10-31,day,84,2024-01-08
0.751,0.708,0,-5.653,1,0.0545,0.0482,1.85e-05,0.107,0.509,108.97,369573,4,6bUNEbXT7HovLW6BgPCBsb,Roses,62y3BHKehWnb1hlaPclDAA,1G9G7WwrXka3Z1r7aIDjI7,Outkast,2466263,atl hip hop|dirty south rap|hip hop|old school atlanta hip hop|rap|southern hip hop,73,2003,year,73,2024-01-08
0.884,0.677,1,-5.603,1,0.283,0.0778,0.0,0.0732,0.584,101.868,263227,4,3jagJCUbdqhDSPuxP8cAqF,Work It,62y3BHKehWnb1hlaPclDAA,2wIVse2owClT7go1WT98tk,Missy Elliott,2364592,dance pop|hip hop|hip pop|neo soul|pop rap|r&b|rap|urban contemporary|virginia hip hop,70,2002-11-11,day,72,2024-01-08
0.852,0.604,0,-4.569,1,0.0642,0.0503,0.0,0.327,0.667,94.762,227547,4,0OaunKfsxkgBvPv68jBbmm,It Wasn't Me,62y3BHKehWnb1hlaPclDAA,"5EvFsr3kj42KNv97ZEnqij,67wCYxOq4A1ohAs7jWYaOJ",Shaggy|Rik Rok,2091358|9104,pop rap|reggae fusion|reggae fusion,71|61,2008-01-01,day,61,2024-01-08
0.933,0.513,7,-13.203,1,0.347,0.00112,0.00248,0.107,0.595,102.017,179160,4,5Y78yINSOCW6xbOfGWNBg4,Wait (The Whisper Song),62y3BHKehWnb1hlaPclDAA,44PA0rCQXikgOWbfY7Fq7m,Ying Yang Twins,1074998,atl hip hop|crunk|dirty south rap|old school atlanta hip hop|southern hip hop,61,2005-06-28,day,60,2024-01-08
0.64,0.62,1,-5.931,1,0.416,0.016,0.0,0.0831,0.609,129.37,252653,5,0k6HUzaRHpQ3eEWr1C7Esh,Ms. New Booty,62y3BHKehWnb1hlaPclDAA,"3RPYHNSwe3w0mtfJwKIN9P,44PA0rCQXikgOWbfY7Fq7m,3EtuDyQhDQYISGg1DU5qZj",Bubba Sparxxx|Ying Yang Twins|Mr. Collipark,390744|1074998|2426,atl hip hop|country rap|dirty south rap|southern hip hop|atl hip hop|crunk|dirty south rap|old school atlanta hip hop|southern hip hop|atl hip hop|atlanta bass,51|61|46,2005-01-01,day,63,2024-01-08
0.778,0.917,6,-5.269,1,0.214,0.0966,0.0,0.119,0.358,99.97,164592,4,4a17WC0Cf5hSKFD6ts57mk,Molly Cyrus,62y3BHKehWnb1hlaPclDAA,6e2u9HgI4qz8Dzr7WBM3o1,Stitches,367012,miami hip hop,44,2015-03-31,day,51,2024-01-08
0.506,0.745,1,-6.041,1,0.332,0.0594,0.0,0.373,0.284,161.798,192947,4,25ypHCQpDX2nrDFly7eZLZ,Bonfire,62y3BHKehWnb1hlaPclDAA,73sIBHcqh3Z3NyqHKZ7FOL,Childish Gambino,12012874,atl hip hop|hip hop|rap,78,2011-11-15,day,74,2024-01-08
0.944,0.477,6,-7.331,0,0.33,0.00311,6.81e-05,0.109,0.737,127.965,227933,4,1vaUxfrERQIQfJ1wBTmeRE,I'm In Miami Bitch,62y3BHKehWnb1hlaPclDAA,3sgFRtyBnxXD5ESfmbK4dl,LMFAO,4181139,dance pop|pop|pop rap,65,2009-01-01,day,50,2024-01-08
0.542,0.717,5,-7.478,1,0.0791,0.000116,0.484,0.171,0.299,137.867,237533,4,4YPafsGyzXWry3ZWUAhYBn,Oh My,62y3BHKehWnb1hlaPclDAA,5usbqiU7sjvszjWecANDL6,WESTSIDE BOOGIE,307372,canadian hip hop|indie hip hop|underground hip hop,54,2015-08-13,day,38,2024-01-08
0.759,0.454,1,-6.594,1,0.137,0.192,5.69e-06,0.0853,0.0551,140.04,171747,4,6225vlQNgif1W5dE5KN6Y6,Slum Anthem,62y3BHKehWnb1hlaPclDAA,5bgfj5zUoWpyeVatGDjn6H,K CAMP,1658847,atl hip hop|melodic rap|southern hip hop|trap,58,2014-11-17,day,61,2024-01-08
0.675,0.562,7,-7.678,1,0.0352,0.233,0.0,0.0816,0.309,130.098,256533,4,6eT7xZZlB2mwyzJ2sUKG6w,White Iverson,62y3BHKehWnb1hlaPclDAA,246dkjvS1zLTtiykXe5h60,Post Malone,43068815,dfw rap|melodic rap|pop|rap,87,2016-12-09,day,80,2024-01-08
0.812,0.623,7,-7.002,1,0.343,0.0611,0.0,0.111,0.199,119.883,194227,4,5q5MyfXey3ms6IyT6TYf5L,Night Job,62y3BHKehWnb1hlaPclDAA,"70gP6Ry4Uo0Yx6uzPIdaiJ,6l3HvQ5sa6mXTsMTB19rO5",Bas|J. Cole,545807|22394288,queens hip hop|rap|sudanese hip hop|sudanese pop|underground hip hop|conscious hip hop|hip hop|north carolina hip hop|rap,66|86,2016-01-16,day,60,2024-01-08
0.951,0.6,0,-4.675,0,0.0685,0.106,0.0,0.0712,0.822,125.04,218573,4,0k2GOhqsrxDTAbFFSdNJjT,Temperature,62y3BHKehWnb1hlaPclDAA,3Isy6kedDrgPYoTS1dazA9,Sean Paul,4538278,dance pop|dancehall|pop|pop rap,78,2005-09-26,day,83,2024-01-08
0.956,0.745,11,-4.753,0,0.12,0.206,0.0,0.0615,0.912,107.075,228240,4,04KTF78FFg8sOHC1BADqbY,Hot In Herre,62y3BHKehWnb1hlaPclDAA,2gBjLmx6zQnFGQJCAQpRgw,Nelly,2617297,dance pop|gangster rap|hip hop|pop rap|rap|st louis rap|urban contemporary,73,2002-06-25,day,79,2024-01-08
0.845,0.884,6,-4.506,0,0.0759,0.0128,2.1e-06,0.203,0.904,104.536,257400,4,4INDiWSKvqSKDEu7mh8HFz,Mo Money Mo Problems (feat. Puff Daddy & Mase) - 2014 Remaster,62y3BHKehWnb1hlaPclDAA,"5me0Irg2ANcsgc93uaYrpb,096CxgjMbKJzhbYrTAHrVx",The Notorious B.I.G.|Mase & Puff Daddy,9678876|3311,east coast hip hop|gangster rap|hardcore hip hop|hip hop|rap|,76|0,1997-03-04,day,76,2024-01-08
0.693,0.549,1,-8.141,1,0.119,0.0109,0.0,0.0677,0.605,80.028,227960,4,1tkMs9wDPknQ3ZHcKDw1ES,Buy U a Drank (Shawty Snappin') (feat. Yung Joc),62y3BHKehWnb1hlaPclDAA,"3aQeKQSyrW4qWr35idm0cy,23LbwefIODbyGdRbAz3urj",T-Pain|Yung Joc,4615060|805962,dance pop|gangster rap|hip hop|pop rap|r&b|rap|southern hip hop|trap|urban contemporary|atl hip hop|crunk|dirty south rap|southern hip hop|trap,76|61,2007-06-05,day,79,2024-01-08
0.922,0.909,10,-2.429,0,0.27,0.0281,0.0,0.0856,0.309,95.295,161507,4,4LwU4Vp6od3Sb08CsP99GC,The Next Episode,62y3BHKehWnb1hlaPclDAA,"6DPYiyq5kWVQS4RGwxzPC7,7hJcb9fa4alzcOq3EaNPoG",Dr. Dre|Snoop Dogg,11017086|10871699,g funk|gangster rap|hip hop|rap|west coast rap|g funk|gangster rap|hip hop|pop rap|rap|west coast rap,78|81,1999-11-16,day,82,2024-01-08
0.871,0.597,5,-4.932,0,0.0464,0.126,0.000113,0.0638,0.635,125.999,234000,4,5z7mYFfhw6N6f23VwrokJD,The Way You Move (feat. Sleepy Brown),62y3BHKehWnb1hlaPclDAA,"1G9G7WwrXka3Z1r7aIDjI7,7Dnu2NmddNymEI2LMZVH5v",Outkast|Sleepy Brown,2466263|35065,atl hip hop|dirty south rap|hip hop|old school atlanta hip hop|rap|southern hip hop|atl hip hop,73|54,2003,year,72,2024-01-08
0.884,0.679,10,-5.857,0,0.282,0.0957,0.00209,0.0289,0.591,76.993,238467,4,5Tl0HJvynZtKdSUMKbFVVX,Hard Knock Life (Ghetto Anthem),62y3BHKehWnb1hlaPclDAA,3nFkdlSjzX9mRTtwJOzDYB,JAY-Z,8801570,east coast hip hop|gangster rap|hip hop|pop rap|rap,82,1998-11-29,day,71,2024-01-08
0.618,0.844,1,-4.051,0,0.342,0.0178,0.000126,0.0634,0.697,84.411,240627,4,4h5KBcltGefua73AUPYps7,Izzo (H.O.V.A.),62y3BHKehWnb1hlaPclDAA,3nFkdlSjzX9mRTtwJOzDYB,JAY-Z,8801570,east coast hip hop|gangster rap|hip hop|pop rap|rap,82,2001-09-11,day,62,2024-01-08
0.649,0.931,1,-3.15,0,0.181,0.0093,0.0,0.751,0.744,153.645,213067,4,6btyEL6NwUa97Nex9cZFvo,Pump It,62y3BHKehWnb1hlaPclDAA,1yxSLGMDHlW21z4YXirZDS,Black Eyed Peas,7879760,dance pop|pop|pop rap,79,2005-01-01,day,71,2024-01-08
0.901,0.812,4,-7.039,0,0.107,0.0324,0.00906,0.0493,0.785,125.462,227893,4,1ulAlG3x3jWtCCK2SI4qyL,Lose Control (feat. Ciara & Fat Man Scoop),62y3BHKehWnb1hlaPclDAA,"2wIVse2owClT7go1WT98tk,2NdeV5rLm47xAvogXrYhJX,15GGbJKqC6w0VYyAJtjej6",Missy Elliott|Ciara|Fatman Scoop,2364592|6400651|47819,dance pop|hip hop|hip pop|neo soul|pop rap|r&b|rap|urban contemporary|virginia hip hop|dance pop|hip pop|pop|r&b|urban contemporary|nyc rap,70|69|58,2005-07-04,day,54,2024-01-08
0.725,0.64,5,-7.905,0,0.332,0.0281,0.0,0.099,0.915,166.028,240027,3,6glsMWIMIxQ4BedzLqGVi4,"So Fresh, So Clean",62y3BHKehWnb1hlaPclDAA,1G9G7WwrXka3Z1r7aIDjI7,Outkast,2466263,atl hip hop|dirty south rap|hip hop|old school atlanta hip hop|rap|southern hip hop,73,2000-10-31,day,75,2024-01-08
0.783,0.794,11,-2.231,0,0.12,0.105,0.0,0.304,0.805,104.963,217733,4,4hfIVhq0F0zFUcrbecsYmo,Let's Get It Started - Spike Mix,62y3BHKehWnb1hlaPclDAA,1yxSLGMDHlW21z4YXirZDS,Black Eyed Peas,7879760,dance pop|pop|pop rap,79,2003-06-24,day,74,2024-01-08
0.464,0.754,9,-6.653,0,0.128,0.465,1.57e-05,0.37,0.444,86.501,235627,4,1cdC9TCqyLwAlsw3fVJaJS,Soundtrack 2 My Life,62y3BHKehWnb1hlaPclDAA,0fA0VVWsXO9YnASrzqfmYu,Kid Cudi,6788413,hip hop|ohio hip hop|pop rap|rap,79,2009-09-15,day,61,2024-01-08
0.905,0.753,10,-3.613,0,0.164,0.0937,0.0,0.0438,0.747,96.05,213107,4,163ExVYtJrtdE86Qd5Fw2N,Ayy Ladies (feat. Tyga),62y3BHKehWnb1hlaPclDAA,"6z1cicLMt9XArxN10q7m8a,5LHRHt1k9lMyONurDHEdrp",Travis Porter|Tyga,840022|6848796,atl hip hop|dirty south rap|futuristic swag|southern hip hop|trap|hip hop|pop rap|rap|trap,54|78,2012-01-27,day,46,2024-01-08
0.734,0.746,11,-5.088,1,0.0762,0.00135,0.0,0.178,0.539,94.033,197627,4,6lgzJuBX3iqevLdtgNlyAU,2 Reasons (feat. T.I.),62y3BHKehWnb1hlaPclDAA,"2iojnBLj0qIMiKPvVhLnsH,4OBJLual30L7gRl5UkeRcT",Trey Songz|T.I.,7381157|4683892,dance pop|r&b|southern hip hop|trap|urban contemporary|atl hip hop|dirty south rap|gangster rap|hip hop|pop rap|rap|southern hip hop|trap,68|73,2012-08-17,day,51,2024-01-08
0.666,0.716,6,-4.332,1,0.0678,0.0105,1.7e-05,0.122,0.544,142.066,219867,3,625SmNWs5ggrNdqqaQNp7p,The Illest,62y3BHKehWnb1hlaPclDAA,"698hF4vcwHwPy8ltmXermq,28wN4JzoH2AaqxEFwL9lSI",Far East Movement|Riff-Raff,1115402|2242,asian american hip hop|dance pop|pop rap|,64|26,2013-01-01,day,44,2024-01-08
0.8,0.706,8,-6.134,1,0.327,0.198,0.0,0.118,0.394,145.938,263430,4,7yPHKFU9FSCwW4TgWODMrp,Bricks (feat. Migos),62y3BHKehWnb1hlaPclDAA,"7CCjtD0hCK005Bvg2WG1a7,6oMuImdp5ZcFhWP0ESe6mG",Carnage|Migos,311329|13641028,edm|electro house|electronic trap|viral trap|atl hip hop|hip hop|pop rap|rap|trap,51|75,2014-06-17,day,43,2024-01-08
0.497,0.706,1,-6.455,1,0.0667,0.227,0.0,0.224,0.55,103.0,215241,4,2yJVeT8cP1zstJxRP7Nlv8,No Interruption,62y3BHKehWnb1hlaPclDAA,382aq8Pij5V2nE2JMHMoxl,Hoodie Allen,699048,indie pop rap,57,2012-04-10,day,60,2024-01-08
0.823,0.563,6,-5.095,1,0.0443,0.0399,0.0,0.0851,0.682,98.031,225227,4,0k6DnZMLoEUH8NGD5zh2SE,Ayo,62y3BHKehWnb1hlaPclDAA,"7bXgB6jMjp9ATFy66eO08Z,5LHRHt1k9lMyONurDHEdrp",Chris Brown|Tyga,20955452|6848796,r&b|rap|hip hop|pop rap|rap|trap,86|78,2015-02-24,day,74,2024-01-08
0.598,0.564,1,-3.89,0,0.0684,0.337,0.0,0.379,0.546,174.909,187561,4,07oiSjg6TiehyOS3pRJo0l,I Like Tuh,62y3BHKehWnb1hlaPclDAA,"7CCjtD0hCK005Bvg2WG1a7,3aGFCoR8xGN6DKwvdzeSja",Carnage|ILOVEMAKONNEN,311329|362611,edm|electro house|electronic trap|viral trap|atl hip hop|lgbtq+ hip hop|trap,51|57,2015-02-24,day,45,2024-01-08
0.86,0.719,11,-4.325,0,0.33,0.125,0.0,0.0799,0.496,160.049,207912,4,6qMXubogFdMrvVMJwqATzd,Jordan Belfort,62y3BHKehWnb1hlaPclDAA,"0HjYETXAvcL6mzaKjAmH2K,1dfpwerOGBId6qD7LVwpoB",Wes Walker|Dyl,18443|2718,|,44|44,2015-08-26,day,65,2024-01-08
0.65,0.723,1,-5.807,1,0.172,0.311,0.0,0.412,0.556,146.076,271653,4,7G0PgkkbavF7Rh4zNrUxH0,Guap,62y3BHKehWnb1hlaPclDAA,0c173mlxpT3dSFRgMO8XPh,Big Sean,11115824,detroit hip hop|hip hop|pop rap|r&b|rap|trap,75,2013-01-01,day,48,2024-01-08
0.657,0.738,1,-6.386,1,0.0815,0.0682,0.0,0.0972,0.402,135.922,210640,4,6FjcShHWPvel5QPNhWivJe,Mona Lisa,62y3BHKehWnb1hlaPclDAA,0c173mlxpT3dSFRgMO8XPh,Big Sean,11115824,detroit hip hop|hip hop|pop rap|r&b|rap|trap,75,2013-01-01,day,29,2024-01-08
0.231,0.877,6,-4.609,0,0.11,0.0127,0.0,0.231,0.468,81.097,262307,4,11fPH8NoSw15IG5hWk5zLL,Fire,62y3BHKehWnb1hlaPclDAA,0c173mlxpT3dSFRgMO8XPh,Big Sean,11115824,detroit hip hop|hip hop|pop rap|r&b|rap|trap,75,2013-01-01,day,36,2024-01-08
0.707,0.601,1,-9.474,1,0.543,0.0597,0.0,0.26,0.283,175.883,165068,4,5mEEpT9MaL379P7RJWFbx9,Peace Sign Emoji,62y3BHKehWnb1hlaPclDAA,5npFjR4YgD6oNS7APmA4IJ,Ervin Mitchell,4680,,13,2017-07-21,day,0,2024-01-08
0.797,0.66,10,-5.802,0,0.0924,0.0697,4.9e-06,0.133,0.285,120.007,280294,4,1RL3FJflxMXmdgfRdUnFmz,Smoke Alone (feat. Lil Duke),62y3BHKehWnb1hlaPclDAA,"4pRZYj8zSl5QZkTDBeF4ex,06Qf6vq8AVIpE9XIw8LAsY",Minty Burns|Lil Duke,2609|294864,|atl trap,23|44,2018-12-25,day,22,2024-01-08
0.56,0.799,1,-3.801,1,0.248,0.0741,0.0,0.578,0.356,149.946,249069,4,1h0XARxXykW70AGlcWmnui,Take Over the World,62y3BHKehWnb1hlaPclDAA,"5npFjR4YgD6oNS7APmA4IJ,3yKOElZkbI7u4kPEuVuxOC,1A1dwpTKALnNT8UWKAw0bF",Ervin Mitchell|Reggie Ran$om|Austyn Michael,4680|111|22,||,13|0|0,2019-02-22,day,5,2024-01-08
0.795,0.747,2,-6.15,1,0.153,0.0261,7.66e-06,0.112,0.409,164.03,174367,4,3FWIVRlEAxuZ36EcgRKw56,Green Man,62y3BHKehWnb1hlaPclDAA,4pRZYj8zSl5QZkTDBeF4ex,Minty Burns,2609,,23,2018-12-25,day,6,2024-01-08
0.658,0.817,2,-4.326,1,0.0442,0.0671,0.0,0.132,0.692,139.977,175386,4,24cAQvqRus3LmObuJdBC84,Happy Birthday,62y3BHKehWnb1hlaPclDAA,"5npFjR4YgD6oNS7APmA4IJ,3yKOElZkbI7u4kPEuVuxOC",Ervin Mitchell|Reggie Ran$om,4680|111,|,13|0,2019-02-22,day,5,2024-01-08
0.679,0.341,1,-13.236,1,0.281,0.0514,0.0,0.135,0.312,159.91,228990,4,2jScsSbdNBEnvsAS8BYRVF,First Label,62y3BHKehWnb1hlaPclDAA,"6eN2EOfwcNvR89LuVl81H0,2KDhXfb2lbnMlKYdGfBES7",Lightweight Literate|Overflow,2201|249,|,16|1,2018-09-10,day,4,2024-01-08
0.796,0.502,1,-5.405,1,0.0757,0.00659,0.0,0.134,0.253,150.026,167136,4,1JAKldTUlrDZSDmbS6Wkwo,C.R.E.aM,62y3BHKehWnb1hlaPclDAA,"3lvKVX07ODi3rRI0xpVP6h,2yuaKJlG9YdMaCf5jDhUWI",Cory Bux|Pakk Heatt,785|4,|,27|0,2018-07-29,day,8,2024-01-08
0.601,0.882,1,-7.238,1,0.111,0.195,3.91e-06,0.0527,0.585,145.99,215413,4,3470gW4OnSHHsvPtSk6DYH,I Do It,62y3BHKehWnb1hlaPclDAA,0c173mlxpT3dSFRgMO8XPh,Big Sean,11115824,detroit hip hop|hip hop|pop rap|r&b|rap|trap,75,2011-01-01,day,19,2024-01-08
0.614,0.903,1,-4.339,1,0.297,0.151,0.0,0.127,0.734,154.192,156000,4,7hvHtzmKMkh4N6Kl7WHTVJ,What U Doin?,62y3BHKehWnb1hlaPclDAA,0c173mlxpT3dSFRgMO8XPh,Big Sean,11115824,detroit hip hop|hip hop|pop rap|r&b|rap|trap,75,2010-01-01,day,25,2024-01-08
0.758,0.482,6,-11.202,0,0.168,0.148,6.88e-06,0.135,0.0977,111.896,240160,4,2onCHFrhTinyUc6OawwU4Z,Rich $ex,62y3BHKehWnb1hlaPclDAA,1RyvyyTE3xzB2ZywiAwp0i,Future,15692678,atl hip hop|hip hop|rap|southern hip hop|trap,88,2015-07-17,day,63,2024-01-08
0.845,0.705,6,-4.271,0,0.243,0.0218,0.0,0.339,0.334,132.05,246047,4,0XGLsSU6wtfnKXiMNvQr61,Versace (Remix),62y3BHKehWnb1hlaPclDAA,"6oMuImdp5ZcFhWP0ESe6mG,3TVXtAsR1Inumwj472S9r4",Migos|Drake,13641028|83626299,atl hip hop|hip hop|pop rap|rap|trap|canadian hip hop|canadian pop|hip hop|pop rap|rap,75|96,2015-01-06,day,58,2024-01-08
0.895,0.724,1,-5.832,1,0.193,0.18,0.0,0.071,0.593,97.532,188867,4,71Wf5qK9wdtjOfMgujlN6A,Make It Nasty,62y3BHKehWnb1hlaPclDAA,5LHRHt1k9lMyONurDHEdrp,Tyga,6848796,hip hop|pop rap|rap|trap,78,2012-01-01,day,53,2024-01-08
0.785,0.572,11,-9.383,1,0.0859,0.00811,0.0,0.111,0.477,140.032,260560,4,3N5oiETJEStSB71TjTFkWV,Bounce It (feat. Wale & Trey Songz),62y3BHKehWnb1hlaPclDAA,"5gCRApTajqwbnHHPbr2Fpi,67nwj3Y5sZQLl72VNUHEYE,2iojnBLj0qIMiKPvVhLnsH",Juicy J|Wale|Trey Songz,3138996|4150012|7381157,crunk|memphis hip hop|pop rap|rap|southern hip hop|trap|pop rap|r&b|rap|southern hip hop|trap|dance pop|r&b|southern hip hop|trap|urban contemporary,72|69|68,2013-08-23,day,57,2024-01-08
0.869,0.712,9,-6.136,1,0.103,0.0715,0.0,0.272,0.435,120.0,275867,4,7eaKWfov7b2Qa2n6HTesL3,Shabba (feat. A$AP Rocky),62y3BHKehWnb1hlaPclDAA,"5dHt1vcEm9qb8fCyLcB3HL,13ubrt8QOOCPljQ2FL1Kca",A$AP Ferg|A$AP Rocky,3710766|13299639,hip hop|pop rap|rap|southern hip hop|trap|east coast hip hop|hip hop|rap|trap,69|81,2013-08-19,day,64,2024-01-08
0.901,0.663,10,-5.235,0,0.0918,0.0817,0.0,0.173,0.3,127.965,210760,4,41ZVfYzfOD4b647z6xDdvb,Apple Bottom Jeans - Pure Heroine Remix,62y3BHKehWnb1hlaPclDAA,2BdvHHwcl2mvbppq1RTIX1,Super DJ Pimp,423,,0,2013-12-30,day,0,2024-01-08
0.825,0.856,1,-1.912,1,0.0476,0.00851,1.4e-06,0.127,0.207,128.016,222133,4,1V4jC0vJ5525lEF1bFgPX2,Shots,62y3BHKehWnb1hlaPclDAA,"3sgFRtyBnxXD5ESfmbK4dl,7sfl4Xt5KmfyDs2T3SVSMK",LMFAO|Lil Jon,4181139|1493347,dance pop|pop|pop rap|atl hip hop|crunk|dance pop|dirty south rap|old school atlanta hip hop|pop rap|southern hip hop|trap,65|71,2009-01-01,day,71,2024-01-08
0.843,0.286,1,-10.575,1,0.352,0.0125,1.69e-06,0.0681,0.265,120.06,146064,4,4UUFTQKwwId0n1P9t4ZQhx,U Guessed It,62y3BHKehWnb1hlaPclDAA,0nvvVQhPQGkYTJlThLbJeu,OG Maco,145843,atl hip hop,36,2014-09-25,day,47,2024-01-08
0.778,0.883,10,-8.691,0,0.202,0.0573,0.000745,0.337,0.751,140.061,204788,4,4okhECas0o1H2cEfSPQpJ0,Brick in Yo Face,62y3BHKehWnb1hlaPclDAA,6e2u9HgI4qz8Dzr7WBM3o1,Stitches,367012,miami hip hop,44,2014-05-02,day,43,2024-01-08
0.702,0.599,8,-4.951,0,0.0305,0.0142,0.0,0.535,0.589,139.975,214726,4,67XRMWvQU3YZcIoDQJ8zez,She Knows,62y3BHKehWnb1hlaPclDAA,"21E3waRsmPlU7jZsS13rcj,5gCRApTajqwbnHHPbr2Fpi",Ne-Yo|Juicy J,8470208|3138996,dance pop|pop|r&b|urban contemporary|crunk|memphis hip hop|pop rap|rap|southern hip hop|trap,78|72,2015-01-20,day,43,2024-01-08
0.798,0.704,10,-4.317,0,0.199,0.0937,0.0,0.308,0.867,116.016,263980,4,3uqez7AQId9NZ15UF9QW9M,"How Many Times (feat. Chris Brown, Lil Wayne & Big Sean)",62y3BHKehWnb1hlaPclDAA,"0QHgL1lAIqAw0HtD7YldmP,7bXgB6jMjp9ATFy66eO08Z,55Aa2cqylxrFIXC767Z865,0c173mlxpT3dSFRgMO8XPh",DJ Khaled|Chris Brown|Lil Wayne|Big Sean,10860995|20955452|14232381|11115824,hip hop|miami hip hop|pop rap|rap|r&b|rap|hip hop|new orleans rap|pop rap|rap|trap|detroit hip hop|hip hop|pop rap|r&b|rap|trap,74|86|85|75,2015-06-25,day,0,2024-01-08
0.901,0.744,0,-3.484,1,0.283,0.105,7.79e-06,0.0964,0.593,135.95,212712,4,3FsRe2nUQRsvDRmlPen4Ss,Hannah Montana,62y3BHKehWnb1hlaPclDAA,6oMuImdp5ZcFhWP0ESe6mG,Migos,13641028,atl hip hop|hip hop|pop rap|rap|trap,75,2013-11-26,day,24,2024-01-08
0.638,0.885,11,-4.353,0,0.259,0.666,9.89e-05,0.155,0.436,149.929,287573,4,0332p5aiaQ6vyomilcGSy4,Yuck!,62y3BHKehWnb1hlaPclDAA,"17lzZA2AlOHwCwFALHttmp,55Aa2cqylxrFIXC767Z865",2 Chainz|Lil Wayne,8017349|14232381,atl hip hop|hip hop|pop rap|rap|southern hip hop|trap|hip hop|new orleans rap|pop rap|rap|trap,75|85,2012-01-01,day,39,2024-01-08
0.849,0.642,1,-4.853,1,0.276,0.00623,0.0,0.0894,0.0916,144.07,272307,4,0NA4ULVsnaQ0JhLT0fBxPA,Crack,62y3BHKehWnb1hlaPclDAA,17lzZA2AlOHwCwFALHttmp,2 Chainz,8017349,atl hip hop|hip hop|pop rap|rap|southern hip hop|trap,75,2012-01-01,day,39,2024-01-08
0.857,0.633,8,-5.205,1,0.203,0.0389,0.0,0.227,0.467,137.956,239573,4,67g3peWMWu7Vbq7aZNe1Ts,I Luv Dem Strippers,62y3BHKehWnb1hlaPclDAA,"17lzZA2AlOHwCwFALHttmp,0hCNtLu0JehylgoiP8L4Gh",2 Chainz|Nicki Minaj,8017349|30496118,atl hip hop|hip hop|pop rap|rap|southern hip hop|trap|hip pop|pop|queens hip hop|rap,75|88,2012-01-01,day,42,2024-01-08
0.923,0.674,4,-4.328,1,0.0639,0.0547,0.0,0.247,0.515,129.982,167507,4,0zaF78E1pa9xwmD5hgFycL,Riot,62y3BHKehWnb1hlaPclDAA,17lzZA2AlOHwCwFALHttmp,2 Chainz,8017349,atl hip hop|hip hop|pop rap|rap|southern hip hop|trap,75,2012-01-01,day,43,2024-01-08
0.435,0.837,3,-8.126,1,0.449,0.00676,0.0,0.117,0.778,124.913,216893,4,4DvhkX2ic4zWkQeWMwQ2qf,Like A G6,62y3BHKehWnb1hlaPclDAA,"698hF4vcwHwPy8ltmXermq,7C64wNX3howEFZjAYRKsfP,7Ip2u3e5Nv6fFb5xyIHxEE",Far East Movement|The Cataracs|DEV,1115402|108987|258067,asian american hip hop|dance pop|pop rap||dance pop,64|59|60,2010-01-01,day,72,2024-01-08
0.597,0.517,0,-6.963,1,0.366,0.179,0.0,0.307,0.413,92.035,257560,4,0oJMv049q8hEkes9w0L1J4,Imma Be,62y3BHKehWnb1hlaPclDAA,1yxSLGMDHlW21z4YXirZDS,Black Eyed Peas,7879760,dance pop|pop|pop rap,79,2009-01-01,day,67,2024-01-08
0.805,0.717,2,-3.956,1,0.266,0.0669,0.0,0.248,0.582,112.989,296187,4,0KxU9wjCedUxSGdjuFdBDu,Shut Up,62y3BHKehWnb1hlaPclDAA,1yxSLGMDHlW21z4YXirZDS,Black Eyed Peas,7879760,dance pop|pop|pop rap,79,2003-06-24,day,71,2024-01-08
0.51,0.532,4,-7.405,0,0.0715,0.0367,0.000794,0.165,0.305,111.885,231507,4,0HMCdlOPJkAGlB0MlSWIcO,I Am A God,62y3BHKehWnb1hlaPclDAA,"5K4W6rqBFWDnAN6FQUkS6x,5wRpXhZHeCxsz9LMR2EZH3",Kanye West|God,22986248|2178,chicago rap|hip hop|rap|,91|0,2013-06-18,day,63,2024-01-08
0.66,0.539,9,-5.947,0,0.324,0.0534,0.0,0.222,0.307,109.318,293613,5,65rRB2mspD309xE6YimZTl,Clique,62y3BHKehWnb1hlaPclDAA,"5K4W6rqBFWDnAN6FQUkS6x,3nFkdlSjzX9mRTtwJOzDYB,0c173mlxpT3dSFRgMO8XPh",Kanye West|JAY-Z|Big Sean,22986248|8801570|11115824,chicago rap|hip hop|rap|east coast hip hop|gangster rap|hip hop|pop rap|rap|detroit hip hop|hip hop|pop rap|r&b|rap|trap,91|82|75,2012-01-01,day,66,2024-01-08
0.704,0.792,2,-4.831,1,0.198,0.00981,0.0,0.365,0.646,118.022,322800,4,1Vp4St7JcXaUoJcIahtf3L,The New Workout Plan,62y3BHKehWnb1hlaPclDAA,5K4W6rqBFWDnAN6FQUkS6x,Kanye West,22986248,chicago rap|hip hop|rap,91,2004-02-10,day,66,2024-01-08
0.766,0.809,1,-6.123,1,0.279,0.0011,0.0,0.168,0.325,130.127,188013,4,722tgOgdIbNe3BEyLnejw4,Black Skinhead,62y3BHKehWnb1hlaPclDAA,5K4W6rqBFWDnAN6FQUkS6x,Kanye West,22986248,chicago rap|hip hop|rap,91,2013-06-18,day,76,2024-01-08
0.722,0.687,0,-5.189,1,0.0556,0.00949,0.00413,0.0462,0.619,128.013,373627,4,5PX4uS1LqlWEPL69phPVQQ,Pursuit Of Happiness - Extended Steve Aoki Remix,62y3BHKehWnb1hlaPclDAA,"0fA0VVWsXO9YnASrzqfmYu,0SwO7SWeDHJijQ3XNS7xEE,57dN52uHvrHOxijzpIgu3E,77AiFEVeAVj2ORpC85QVJs",Kid Cudi|MGMT|Ratatat|Steve Aoki,6788413|2935206|590346|3753453,hip hop|ohio hip hop|pop rap|rap|alternative rock|indie rock|indietronica|modern rock|rock|indietronica|edm|electro house|pop dance,79|72|64|71,2012-01-01,day,76,2024-01-08
0.66,0.881,10,-6.119,0,0.0849,0.0722,3.4e-05,0.362,0.586,120.017,227347,4,1RUTIdTnFs8lHSc0Zr4UJB,Up Up & Away,62y3BHKehWnb1hlaPclDAA,0fA0VVWsXO9YnASrzqfmYu,Kid Cudi,6788413,hip hop|ohio hip hop|pop rap|rap,79,2009-01-01,day,64,2024-01-08
0.919,0.506,1,-7.14,1,0.304,0.132,0.0,0.0771,0.273,97.465,220240,4,2LvRR121MWFmmEGkuV2vQP,HeadBand (feat. 2 Chainz),62y3BHKehWnb1hlaPclDAA,"5ndkK3dpZLKtBklKjxNQwT,17lzZA2AlOHwCwFALHttmp",B.o.B|2 Chainz,2078336|8017349,atl hip hop|dance pop|pop rap|rap|southern hip hop|atl hip hop|hip hop|pop rap|rap|southern hip hop|trap,71|75,2013-12-16,day,68,2024-01-08
0.66,0.9,7,-5.02,1,0.14,0.0403,0.0,0.219,0.591,85.51,213253,4,28GUjBGqZVcAV4PHSYzkj2,So Good,62y3BHKehWnb1hlaPclDAA,5ndkK3dpZLKtBklKjxNQwT,B.o.B,2078336,atl hip hop|dance pop|pop rap|rap|southern hip hop,71,2012-04-27,day,65,2024-01-08
0.688,0.853,10,-5.814,1,0.0493,0.386,0.0,0.0862,0.743,103.993,268320,4,59dLtGBS26x7kc0rHbaPrq,Nothin' on You (feat. Bruno Mars),62y3BHKehWnb1hlaPclDAA,"5ndkK3dpZLKtBklKjxNQwT,0du5cEVh5yTK9QJze8zA0C",B.o.B|Bruno Mars,2078336|52986983,atl hip hop|dance pop|pop rap|rap|southern hip hop|dance pop|pop,71|87,2010-04-27,day,79,2024-01-08
0.793,0.455,5,-7.195,0,0.367,0.0506,0.0,0.115,0.145,125.921,207682,4,4iv2W97CTO48UlM22dZeC8,Freak No More,62y3BHKehWnb1hlaPclDAA,6oMuImdp5ZcFhWP0ESe6mG,Migos,13641028,atl hip hop|hip hop|pop rap|rap|trap,75,2014-02-25,day,53,2024-01-08
0.588,0.877,8,-4.78,1,0.16,0.00952,0.0,0.171,0.645,155.165,326187,4,58FUwmyGUqkt53YPUcm7cJ,Knock You Down,62y3BHKehWnb1hlaPclDAA,"63wjoROpeh5f11Qm93UiJ1,5K4W6rqBFWDnAN6FQUkS6x,21E3waRsmPlU7jZsS13rcj",Keri Hilson|Kanye West|Ne-Yo,1966705|22986248|8470208,dance pop|hip pop|r&b|urban contemporary|chicago rap|hip hop|rap|dance pop|pop|r&b|urban contemporary,67|91|78,2009-01-01,day,68,2024-01-08
0.731,0.927,11,-5.663,0,0.0408,0.015,0.0,0.103,0.669,143.987,249920,4,5ItzU5pBrFmRUudfr5RkJP,Swag Surfin',62y3BHKehWnb1hlaPclDAA,0zOuQuYGGcrtDYYy3YFDMr,F.L.Y. (Fast Life Yungstaz),8397,atl hip hop|futuristic swag,40,2009-01-01,day,61,2024-01-08
0.743,0.635,11,-9.735,1,0.269,0.013,0.0,0.06,0.55,94.867,207987,4,4ztaHDRJVuQe61KVCIpgqw,You Got Me,62y3BHKehWnb1hlaPclDAA,02kJSzxNuaWGqwubyUba0Z,G-Eazy,5198099,indie pop rap|oakland hip hop|pop rap|rap,74,2015-12-04,day,50,2024-01-08
0.861,0.448,2,-8.256,1,0.111,0.00761,0.000408,0.0902,0.0487,125.022,265213,4,5ihDGnhQgMA0F0tk9fNLlA,Thought It Was a Drought,62y3BHKehWnb1hlaPclDAA,1RyvyyTE3xzB2ZywiAwp0i,Future,15692678,atl hip hop|hip hop|rap|southern hip hop|trap,88,2015-07-17,day,65,2024-01-08
0.72,0.672,7,-6.852,1,0.0551,0.009,0.0,0.232,0.705,124.986,204640,4,3GpbwCm3YxiWDvy29Uo3vP,Right Round,62y3BHKehWnb1hlaPclDAA,0jnsk9HBra6NMjO2oANoPY,Flo Rida,8676033,dance pop|miami hip hop|pop|pop rap,78,2009-03-30,day,80,2024-01-08
0.727,0.68,2,-4.498,1,0.0286,0.0101,0.0,0.0821,0.728,132.012,212507,4,6cmm1LMvZdB5zsCwX5BjqE,Down,62y3BHKehWnb1hlaPclDAA,"4pADjHPWyrlAF0FA7joK2H,55Aa2cqylxrFIXC767Z865",Jay Sean|Lil Wayne,1760019|14232381,dance pop|pop|pop rap|post-teen pop|hip hop|new orleans rap|pop rap|rap|trap,64|85,2009-01-01,day,80,2024-01-08
0.967,0.583,7,-5.562,0,0.0789,0.0584,0.0,0.0519,0.964,117.0,242733,4,0O45fw2L5vsWpdsOdXwNAR,SexyBack (feat. Timbaland),62y3BHKehWnb1hlaPclDAA,"31TPClRtHm23RisEBtV3X7,5Y5TRrQiqgUO4S36tzjIRZ",Justin Timberlake|Timbaland,13560903|2711268,dance pop|pop|dance pop|pop|pop rap,81|76,2006-09-12,day,82,2024-01-08
0.614,0.574,11,-7.961,1,0.466,0.0253,3.2e-05,0.38,0.755,125.173,209107,5,5D2mYZuzcgjpchVY1pmTPh,Candy Shop,62y3BHKehWnb1hlaPclDAA,"3q7HBObVc0L8jNeTe5Gofh,5YBSzuCs7WaFKNr7Bky0Uf",50 Cent|Olivia,13325784|26757,east coast hip hop|gangster rap|hip hop|pop rap|queens hip hop|rap|,82|63,2005-03-03,day,83,2024-01-08
0.655,0.488,1,-9.17,1,0.22,0.0825,1.16e-06,0.221,0.791,91.025,244827,4,4WY3HyGXsWqjFRCVD6gnTe,Baby Boy (feat. Sean Paul),62y3BHKehWnb1hlaPclDAA,"3Isy6kedDrgPYoTS1dazA9,6vWDO969PvNqNYHIOW5v0m",Sean Paul|Beyoncé,4538278|36524672,dance pop|dancehall|pop|pop rap|pop|r&b,78|85,2003-06-24,day,70,2024-01-08
0.439,0.808,1,-6.881,1,0.346,0.00305,0.0,0.439,0.487,82.962,207000,4,4ZPdLEztrlZqbJkgHNw54L,Good Life,62y3BHKehWnb1hlaPclDAA,"5K4W6rqBFWDnAN6FQUkS6x,3aQeKQSyrW4qWr35idm0cy",Kanye West|T-Pain,22986248|4615060,chicago rap|hip hop|rap|dance pop|gangster rap|hip hop|pop rap|r&b|rap|southern hip hop|trap|urban contemporary,91|76,2007-09-11,day,79,2024-01-08
0.762,0.508,3,-9.112,1,0.0919,0.0584,0.00126,0.16,0.37,93.51,302347,4,4osgfFTICMkcGbbigdsa53,Novacane,62y3BHKehWnb1hlaPclDAA,2h93pZq0e7k5yf4dywlkpM,Frank Ocean,12648718,lgbtq+ hip hop|neo soul,83,2011-01-01,day,85,2024-01-08
0.751,0.806,11,-6.1,1,0.0602,0.0236,0.0,0.134,0.685,142.015,241613,4,3GzjG6Qah8cplpj5YAURLK,Say Yeah,62y3BHKehWnb1hlaPclDAA,137W8MRPWKqSmrBGDBFSop,Wiz Khalifa,11073613,hip hop|pittsburgh rap|pop rap|rap|southern hip hop|trap,80,2008-01-22,day,53,2024-01-08
0.682,0.934,4,-2.527,0,0.152,0.107,0.0,0.749,0.483,109.027,197929,4,46wojTgyEs6lbgaWB6yIuz,Knock Knock,62y3BHKehWnb1hlaPclDAA,4LLpKhyESsyAXpc4laK94U,Mac Miller,9922860,hip hop|pittsburgh rap|rap,81,2010-08-13,day,73,2024-01-08
0.605,0.744,4,-5.5,1,0.252,0.00291,0.0,0.319,0.743,76.171,313400,4,1EjzkhMFJgl08Qkn2uDV1d,EveryGirl In The World,62y3BHKehWnb1hlaPclDAA,5OrB6Jhhrl9y2PK0pSV4VP,Young Money,2999342,dirty south rap|pop rap|rap|southern hip hop|trap,61,2009-01-01,day,60,2024-01-08
0.485,0.71,7,-6.288,1,0.364,0.0444,0.0,0.35,0.473,170.942,316267,4,2tQM1BUrXp2kqOM6mN11TC,Mr. Carter,62y3BHKehWnb1hlaPclDAA,"55Aa2cqylxrFIXC767Z865,3nFkdlSjzX9mRTtwJOzDYB",Lil Wayne|JAY-Z,14232381|8801570,hip hop|new orleans rap|pop rap|rap|trap|east coast hip hop|gangster rap|hip hop|pop rap|rap,85|82,2008-06-10,day,61,2024-01-08
0.929,0.339,1,-10.881,1,0.371,0.0373,1.96e-05,0.187,0.273,98.986,203200,4,0srwKuJPH8yBzzFUJMBQM2,Rack City,62y3BHKehWnb1hlaPclDAA,5LHRHt1k9lMyONurDHEdrp,Tyga,6848796,hip hop|pop rap|rap|trap,78,2012-01-01,day,69,2024-01-08
0.345,0.826,6,-4.703,1,0.361,0.309,0.0,0.241,0.44,176.65,180062,4,3SzjotM3GBjNAMWm79VSKN,Shot Caller,62y3BHKehWnb1hlaPclDAA,6vXTefBL93Dj5IqAWq6OTv,French Montana,5255986,hip hop|pop rap|rap|southern hip hop|trap,73,2011-02-16,day,38,2024-01-08
0.451,0.632,8,-7.98,0,0.297,0.0114,0.0,0.198,0.234,132.89,232160,4,3m8CQnnfJJp4eQMWWl3zay,Drank in My Cup,62y3BHKehWnb1hlaPclDAA,2r8r62VGJKGi463aH1HJUZ,Kirko Bangz,706181,dirty south rap|southern hip hop|trap,48,2011-09-16,day,66,2024-01-08
0.667,0.848,1,-4.406,1,0.362,0.0451,5.99e-06,0.217,0.196,155.974,180107,4,1fRuRNJVZjDU1yKXvarKqW,I'm Not A Star,62y3BHKehWnb1hlaPclDAA,1sBkRIssrMs1AbVkOJbc7a,Rick Ross,7103142,dirty south rap|gangster rap|hip hop|rap|southern hip hop|trap,76,2010-01-01,day,50,2024-01-08
0.58,0.817,4,-5.009,1,0.214,0.00163,0.0,0.118,0.238,89.008,327667,4,2kNtAwWATYkqV3CdT20RV0,Swagga Like Us,62y3BHKehWnb1hlaPclDAA,4OBJLual30L7gRl5UkeRcT,T.I.,4683892,atl hip hop|dirty south rap|gangster rap|hip hop|pop rap|rap|southern hip hop|trap,73,2008-09-07,day,55,2024-01-08
0.719,0.81,11,-5.449,1,0.147,0.0316,0.0,0.318,0.24,144.038,236867,4,2ABuvRFKuojZlMNFxFz2b5,Till I Die (feat. Big Sean & Wiz Khalifa),62y3BHKehWnb1hlaPclDAA,"7bXgB6jMjp9ATFy66eO08Z,0c173mlxpT3dSFRgMO8XPh,137W8MRPWKqSmrBGDBFSop",Chris Brown|Big Sean|Wiz Khalifa,20955452|11115824|11073613,r&b|rap|detroit hip hop|hip hop|pop rap|r&b|rap|trap|hip hop|pittsburgh rap|pop rap|rap|southern hip hop|trap,86|75|80,2012-07-03,day,43,2024-01-08
0.517,0.65,11,-4.896,0,0.296,0.0498,0.0,0.779,0.418,131.401,260453,5,5VKsvhjnjQ3IAspPjGiNPf,High,62y3BHKehWnb1hlaPclDAA,"0c173mlxpT3dSFRgMO8XPh,137W8MRPWKqSmrBGDBFSop,40giwFcTQtv9ezxW8yqxJU",Big Sean|Wiz Khalifa|Chiddy Bang,11115824|11073613|379361,detroit hip hop|hip hop|pop rap|r&b|rap|trap|hip hop|pittsburgh rap|pop rap|rap|southern hip hop|trap|indie pop rap|philly rap|pop rap,75|80|47,2011-01-01,day,42,2024-01-08
0.425,0.686,4,-8.213,0,0.134,8.71e-05,0.0,0.281,0.468,106.695,219507,5,4eOJxoVUcN0kFX3ymAoREV,Cold,62y3BHKehWnb1hlaPclDAA,"5K4W6rqBFWDnAN6FQUkS6x,0QHgL1lAIqAw0HtD7YldmP",Kanye West|DJ Khaled,22986248|10860995,chicago rap|hip hop|rap|hip hop|miami hip hop|pop rap|rap,91|74,2012-01-01,day,47,2024-01-08
0.515,0.971,11,-1.976,0,0.0865,0.000798,0.0,0.273,0.693,132.025,295320,4,1fHNx9MymVjrxGUbq8eh46,All The Way Turnt Up,62y3BHKehWnb1hlaPclDAA,"0bfX8pF8kuHNCs57Ms4jZb,6GMYJwaziB4ekv1Y6wCDWS",Roscoe Dash|Soulja Boy,250081|1945228,atl hip hop|dirty south rap|futuristic swag|southern hip hop|trap|atl hip hop|chicago bop|dance pop|pop rap|rap|southern hip hop|trap,59|67,2010-01-01,day,42,2024-01-08
0.789,0.55,11,-7.423,0,0.0473,0.174,0.0,0.0614,0.696,172.049,231573,4,6c0GmyBsE7mQtrVvxJaWc3,Throw It In The Bag,62y3BHKehWnb1hlaPclDAA,"0YWxKQj2Go9CGHCp77UOyy,1W3FSF1BLpY3hlVIgvenLz",Fabolous|The-Dream,2654200|1271356,gangster rap|hip hop|pop rap|rap|trap|urban contemporary|dirty south rap|hip pop|r&b|southern hip hop|trap|urban contemporary,64|62,2009-01-01,day,60,2024-01-08
0.705,0.873,5,-1.311,1,0.0504,0.0497,0.0,0.342,0.619,141.973,237347,4,0n0HybfiBU3YDQNVtWugtm,I Wish You Would,62y3BHKehWnb1hlaPclDAA,"0QHgL1lAIqAw0HtD7YldmP,5K4W6rqBFWDnAN6FQUkS6x,1sBkRIssrMs1AbVkOJbc7a",DJ Khaled|Kanye West|Rick Ross,10860995|22986248|7103142,hip hop|miami hip hop|pop rap|rap|chicago rap|hip hop|rap|dirty south rap|gangster rap|hip hop|rap|southern hip hop|trap,74|91|76,2012-01-01,day,43,2024-01-08
0.817,0.709,9,-5.682,0,0.0541,0.0141,0.0,0.0756,0.647,114.012,196456,4,3D0b0441vvXFJvgbaiDyp3,Fame Is for Assholes (feat. Chiddy),62y3BHKehWnb1hlaPclDAA,"382aq8Pij5V2nE2JMHMoxl,1Y4NveohymlZmeK7J7ViOx",Hoodie Allen|Chiddy,699048|420,indie pop rap|,57|24,2013-02-21,day,43,2024-01-08
0.671,0.672,4,-9.188,0,0.12,0.103,3.98e-05,0.074,0.186,117.96,240680,4,5DSr1NMci58MEgS20vivSL,Let's Get Lost (feat. Devon Baldwin),62y3BHKehWnb1hlaPclDAA,"02kJSzxNuaWGqwubyUba0Z,5JYReWgOGu4JKm5pqmACqG",G-Eazy|Devon Baldwin,5198099|19816,indie pop rap|oakland hip hop|pop rap|rap|indie electropop,74|43,2014-06-20,day,60,2024-01-08
0.696,0.522,9,-9.489,0,0.0872,0.0337,6.35e-06,0.113,0.0934,124.025,268920,4,3Uw0h4GVLVjoUEToSWe0gY,Almost Famous,62y3BHKehWnb1hlaPclDAA,02kJSzxNuaWGqwubyUba0Z,G-Eazy,5198099,indie pop rap|oakland hip hop|pop rap|rap,74,2014-06-20,day,55,2024-01-08
0.762,0.839,9,-4.676,1,0.307,0.21,0.0,0.275,0.197,122.047,214903,4,7JpewU9FPkJyiOi0CErkpI,The Greatest,62y3BHKehWnb1hlaPclDAA,5Z5jUyiNvFaqp0EVyLNf0p,Futuristic,512267,deep underground hip hop|indie pop rap,51,2015-05-12,day,49,2024-01-08
0.865,0.807,1,-5.563,0,0.154,0.0318,0.0,0.153,0.492,130.054,167559,4,2UmtjSvU9FOVKJH9trz7Ht,Too Easy,62y3BHKehWnb1hlaPclDAA,5Z5jUyiNvFaqp0EVyLNf0p,Futuristic,512267,deep underground hip hop|indie pop rap,51,2015-05-12,day,44,2024-01-08
0.81,0.673,0,-7.142,1,0.297,0.318,0.0,0.313,0.448,123.964,204044,4,4bTP7W5HEJYG0jR6EMfNka,I Guess I'll Smoke (feat. Dizzy Wright & Layzie Bone),62y3BHKehWnb1hlaPclDAA,"5Z5jUyiNvFaqp0EVyLNf0p,1LrWZc2qPhRCHyr6XtpBxq,6wAO5FJZZ5PJoRBSpBic7M",Futuristic|Dizzy Wright|Layzie Bone,512267|474432|199433,deep underground hip hop|indie pop rap|conscious hip hop|indie pop rap|underground hip hop|dirty south rap|ohio hip hop,51|48|41,2014-06-09,day,53,2024-01-08
0.684,0.621,11,-8.442,0,0.362,0.432,0.0,0.607,0.537,128.882,353960,3,5TlAXiBCBwiQnIZUAA4Jkg,Professional Rapper (feat. Snoop Dogg),62y3BHKehWnb1hlaPclDAA,"1tqhsYv8yBBdwANFNzHtcr,7hJcb9fa4alzcOq3EaNPoG",Lil Dicky|Snoop Dogg,1962881|10871699,comedy rap|indie pop rap|pop rap|g funk|gangster rap|hip hop|pop rap|rap|west coast rap,59|81,2015-07-31,day,61,2024-01-08
0.402,0.526,9,-6.741,0,0.0904,0.113,8.33e-06,0.105,0.312,81.404,339067,4,51EC3I1nQXpec4gDk0mQyP,90210 (feat. Kacy Hill),62y3BHKehWnb1hlaPclDAA,"0Y5tJX1MQlPlqiwlOH1tJY,4dYQmk5ma04mZ1KJ9KkAQK",Travis Scott|Kacy Hill,26203362|103351,hip hop|rap|slap house|la pop|modern alternative pop,91|62,2015-09-04,day,83,2024-01-08
0.629,0.578,1,-4.704,1,0.0428,0.2,0.0,0.151,0.211,79.94,307000,4,2dJ4rGtsOHOgvTQawsCRtg,Pray 4 Love (feat. The Weeknd),62y3BHKehWnb1hlaPclDAA,"0Y5tJX1MQlPlqiwlOH1tJY,1Xyo4u8uXC1ZmMpatF05PJ",Travis Scott|The Weeknd,26203362|77257554,hip hop|rap|slap house|canadian contemporary r&b|canadian pop|pop,91|94,2015-09-04,day,68,2024-01-08
0.681,0.729,0,-3.99,1,0.0326,0.00203,0.0,0.148,0.101,128.014,285954,4,2QKBvCMHdokPoy2b44dK2m,Don't Play (feat. The 1975 & Big Sean),62y3BHKehWnb1hlaPclDAA,"0Y5tJX1MQlPlqiwlOH1tJY,3mIj9lX2MWuHmhNCA7LSCW,0c173mlxpT3dSFRgMO8XPh",Travis Scott|The 1975|Big Sean,26203362|7030008|11115824,hip hop|rap|slap house|modern alternative rock|modern rock|pop|pov: indie|rock|detroit hip hop|hip hop|pop rap|r&b|rap|trap,91|75|75,2014-08-18,day,61,2024-01-08
0.911,0.665,8,-5.169,0,0.249,0.0271,0.0,0.0656,0.408,140.136,202714,4,6ZziEeo8rdjBeqDE6kFdfD,DOLCE & GABBANA,62y3BHKehWnb1hlaPclDAA,31IZdHrCZ5pRhLz4zBxN3o,Riff Raff,181309,,50,2013-06-25,day,42,2024-01-08
0.425,0.929,8,-6.085,0,0.402,0.691,1.37e-06,0.313,0.433,175.586,232410,4,7tqXYKq8L6qcPLMP08FmMA,Lava Glaciers (feat. Childish Gambino),62y3BHKehWnb1hlaPclDAA,"31IZdHrCZ5pRhLz4zBxN3o,73sIBHcqh3Z3NyqHKZ7FOL",Riff Raff|Childish Gambino,181309|12012874,|atl hip hop|hip hop|rap,50|78,2014-06-24,day,33,2024-01-08
0.802,0.623,7,-6.487,1,0.115,0.00171,4.79e-06,0.626,0.134,164.182,134634,4,6jWOsMGwl2eX0D7yuEGAZv,Aquaberry Dolphin (feat. Mac Miller),62y3BHKehWnb1hlaPclDAA,"31IZdHrCZ5pRhLz4zBxN3o,4LLpKhyESsyAXpc4laK94U",Riff Raff|Mac Miller,181309|9922860,|hip hop|pittsburgh rap|rap,50|81,2014-06-24,day,36,2024-01-08
0.8,0.478,8,-7.874,1,0.181,0.427,0.0,0.134,0.687,135.957,259760,4,5xwpXWWkfJRqg1S27oVxh4,All I Need (One Mo Drank) (feat. K Camp),62y3BHKehWnb1hlaPclDAA,"5gCRApTajqwbnHHPbr2Fpi,5bgfj5zUoWpyeVatGDjn6H",Juicy J|K CAMP,3138996|1658847,crunk|memphis hip hop|pop rap|rap|southern hip hop|trap|atl hip hop|melodic rap|southern hip hop|trap,72|58,2015-03-23,day,46,2024-01-08
0.977,0.334,0,-7.983,0,0.121,0.272,0.0,0.109,0.137,119.982,268533,4,1qJjofprTOxvqkIAdDixaP,For Everybody (feat. Wiz Khalifa & R. City),62y3BHKehWnb1hlaPclDAA,"5gCRApTajqwbnHHPbr2Fpi,137W8MRPWKqSmrBGDBFSop,4TH4BHy0LdBi3dpBW4P2UX",Juicy J|Wiz Khalifa|R. City,3138996|11073613|148917,crunk|memphis hip hop|pop rap|rap|southern hip hop|trap|hip hop|pittsburgh rap|pop rap|rap|southern hip hop|trap|reggae fusion|virgin islands reggae,72|80|60,2015-04-14,day,48,2024-01-08
0.611,0.66,11,-5.883,1,0.0839,0.198,0.0,0.365,0.583,71.544,246387,4,3XQY8kDjI8LARMIC9xkxQk,Hard in Da Paint,62y3BHKehWnb1hlaPclDAA,6f4XkbvYlXMH0QgVRzW0sM,Waka Flocka Flame,2684309,atl hip hop|dirty south rap|pop rap|rap|southern hip hop|trap,64,2010-10-01,day,63,2024-01-08
0.712,0.758,9,-4.835,1,0.26,0.343,0.0,0.141,0.903,140.02,266000,4,5ORf8BZMbq4xN9kiumrPcQ,Round of Applause (feat. Drake),62y3BHKehWnb1hlaPclDAA,"6f4XkbvYlXMH0QgVRzW0sM,3TVXtAsR1Inumwj472S9r4",Waka Flocka Flame|Drake,2684309|83626299,atl hip hop|dirty south rap|pop rap|rap|southern hip hop|trap|canadian hip hop|canadian pop|hip hop|pop rap|rap,64|96,2012-06-08,day,51,2024-01-08
0.849,0.712,10,-6.59,0,0.334,0.0861,0.0,0.71,0.551,139.943,246075,4,7pmfvp91orclnmxPLVjh4f,Snap Backs Tattoos,62y3BHKehWnb1hlaPclDAA,"6vXTefBL93Dj5IqAWq6OTv,33Ng2lgkHdbT0qyxJ8ROQa,0bfX8pF8kuHNCs57Ms4jZb",French Montana|Cash Out|Roscoe Dash,5255986|6788|250081,hip hop|pop rap|rap|southern hip hop|trap||atl hip hop|dirty south rap|futuristic swag|southern hip hop|trap,73|11|59,2015-02-18,day,20,2024-01-08
0.949,0.445,1,-7.782,1,0.338,0.314,0.0,0.118,0.392,120.016,182413,4,1zeTsUJRsWNZcoq4C50QEi,Heisman Pt. 2,62y3BHKehWnb1hlaPclDAA,"5LHRHt1k9lMyONurDHEdrp,7C4fslVznRj1BAu6A0iQ5L",Tyga|Honey C,6848796|91216,hip hop|pop rap|rap|trap|canadian hip hop|toronto rap|trap queen,78|33,2014-11-22,day,39,2024-01-08
0.926,0.474,0,-9.604,1,0.429,0.0341,0.0,0.0643,0.633,95.962,195056,4,3xJj1mU7B83yop2dA03Smk,Bouncin On My D*ck,62y3BHKehWnb1hlaPclDAA,"5LHRHt1k9lMyONurDHEdrp,60N2qoNBFLTHNSBElNpANC",Tyga|Dash D Cadet,6848796|291,hip hop|pop rap|rap|trap|,78|34,2014-11-22,day,55,2024-01-08
0.792,0.906,11,-4.18,0,0.166,0.0552,0.0,0.13,0.522,97.503,185813,4,098lWpfeAQN2zT0FeE7jhj,Hijack,62y3BHKehWnb1hlaPclDAA,"5LHRHt1k9lMyONurDHEdrp,17lzZA2AlOHwCwFALHttmp",Tyga|2 Chainz,6848796|8017349,hip hop|pop rap|rap|trap|atl hip hop|hip hop|pop rap|rap|southern hip hop|trap,78|75,2013-01-01,day,35,2024-01-08
0.627,0.975,4,-3.137,1,0.45,0.438,0.0,0.359,0.655,80.993,172907,4,3LmObtLcNnsYgojLNMIJBY,Palm Trees,62y3BHKehWnb1hlaPclDAA,5LHRHt1k9lMyONurDHEdrp,Tyga,6848796,hip hop|pop rap|rap|trap,78,2013-01-01,day,17,2024-01-08
0.802,0.831,1,-7.108,1,0.305,0.0849,0.00178,0.231,0.702,96.995,158360,4,3K14Lbs8fFa8nTQ7bacADg,Hit'em Up,62y3BHKehWnb1hlaPclDAA,"5LHRHt1k9lMyONurDHEdrp,5pnbUBPifNnlusY8kTBivi",Tyga|Jadakiss,6848796|1165269,hip hop|pop rap|rap|trap|battle rap|east coast hip hop|trap,78|63,2013-01-01,day,25,2024-01-08
0.761,0.851,10,-4.371,0,0.234,0.556,0.000545,0.104,0.463,92.486,221493,4,18LgnmZIds56d00L53aauA,Switch Lanes,62y3BHKehWnb1hlaPclDAA,"5LHRHt1k9lMyONurDHEdrp,0NbfKEOTQCcwd6o7wSDOHI",Tyga|The Game,6848796|4802782,hip hop|pop rap|rap|trap|detroit hip hop|gangster rap|hip hop|pop rap|rap|southern hip hop|trap,78|71,2013-01-01,day,42,2024-01-08
0.615,0.811,6,-4.316,1,0.144,0.0188,0.0,0.196,0.808,167.995,166560,4,5PEleSkK4p4E1sx3x7cOLt,I Just Had Sex,62y3BHKehWnb1hlaPclDAA,"1f5GqyOPo0CkotzzRwviBu,0z4gvV4rjIZ9wHck67ucSV",The Lonely Island|Akon,1073517|4188769,comedy rap|comic|dance pop,56|80,2011-01-01,day,63,2024-01-08
0.801,0.682,1,-5.919,0,0.225,0.111,1.56e-05,0.109,0.586,123.95,326960,4,19JdbdEwQI7bCxefMokZO8,My Humps,62y3BHKehWnb1hlaPclDAA,1yxSLGMDHlW21z4YXirZDS,Black Eyed Peas,7879760,dance pop|pop|pop rap,79,2005-01-01,day,69,2024-01-08
0.836,0.633,0,-5.919,0,0.154,0.0349,0.0,0.172,0.543,130.029,196400,4,1OBWQFd7hcTo18GWxS1bnZ,Awwsome,62y3BHKehWnb1hlaPclDAA,1DvtabXAjfrMihPP6JQdHs,Shy Glizzy,864364,drill|memphis hip hop|trap,61,2014-10-21,day,38,2024-01-08
0.698,0.793,1,-5.332,0,0.105,0.123,0.0,0.0805,0.454,129.948,236760,4,5yJzkdwbrQCwua2dIC3K6A,White Girl,62y3BHKehWnb1hlaPclDAA,1DvtabXAjfrMihPP6JQdHs,Shy Glizzy,864364,drill|memphis hip hop|trap,61,2014-02-17,day,69,2024-01-08
0.734,0.639,1,-3.241,1,0.0316,0.0348,0.0,0.102,0.836,121.212,201653,4,45O0tUN9Bh6LH4eNxQ07AT,Eenie Meenie,62y3BHKehWnb1hlaPclDAA,"1uNFoZAHBGtllmzznpCI3s,6S0dmVVn4udvppDhZIWxCr",Justin Bieber|Sean Kingston,74461349|3201846,canadian pop|pop|dance pop|miami hip hop|pop,89|68,2020-02-28,day,67,2024-01-08
0.839,0.804,1,-2.513,1,0.0329,0.0192,0.0,0.331,0.888,122.973,239987,4,2oENJa1T33GJ0w8dC167G4,Fire Burning,62y3BHKehWnb1hlaPclDAA,6S0dmVVn4udvppDhZIWxCr,Sean Kingston,3201846,dance pop|miami hip hop|pop,68,2009-09-07,day,75,2024-01-08
0.752,0.921,5,-4.321,0,0.0696,0.0182,0.0,0.256,0.634,115.033,236693,4,6AdLyvisRKHLAwARaZMGr6,Take You There,62y3BHKehWnb1hlaPclDAA,6S0dmVVn4udvppDhZIWxCr,Sean Kingston,3201846,dance pop|miami hip hop|pop,68,2008-03-11,day,67,2024-01-08
0.641,0.72,11,-4.326,1,0.0552,0.0102,0.0,0.154,0.578,77.969,222027,4,27mhCGdAA8gM7b33KIiB3k,Cyclone (feat. T-Pain),62y3BHKehWnb1hlaPclDAA,"12PSlydMSjEHzSCj9X5qv7,3aQeKQSyrW4qWr35idm0cy",Baby Bash|T-Pain,918732|4615060,chicano rap|latin hip hop|pop rap|southern hip hop|texas latin rap|urban contemporary|dance pop|gangster rap|hip hop|pop rap|r&b|rap|southern hip hop|trap|urban contemporary,60|76,2007-04-05,day,61,2024-01-08
0.93,0.712,10,-5.156,0,0.0666,0.245,1.48e-05,0.116,0.456,99.054,216413,4,7dZAPeA3Of5j5Vaef0DQ6M,Make Her Say,62y3BHKehWnb1hlaPclDAA,"0fA0VVWsXO9YnASrzqfmYu,5K4W6rqBFWDnAN6FQUkS6x,2GHclqNVjqGuiE5mA7BEoc",Kid Cudi|Kanye West|Common,6788413|22986248|919021,hip hop|ohio hip hop|pop rap|rap|chicago rap|hip hop|rap|alternative hip hop|chicago rap|conscious hip hop|hardcore hip hop|hip hop|political hip hop,79|91|59,2009-01-01,day,60,2024-01-08
0.776,0.662,1,-7.016,0,0.0489,0.00157,2.1e-05,0.0887,0.324,152.927,182733,4,1LxKKYsJNPeBdOwdudsJzv,Down In the DM,62y3BHKehWnb1hlaPclDAA,6Ha4aES39QiVjR0L2lwuwq,Yo Gotti,4353152,dirty south rap|gangster rap|memphis hip hop|rap|southern hip hop|tennessee hip hop|trap,64,2016-02-19,day,57,2024-01-08
0.864,0.551,3,-5.198,1,0.22,0.144,0.0,0.104,0.38,139.934,238534,4,0tPShxf8VJUH6RBDEP3tVB,Bake Sale (feat. Travis Scott),62y3BHKehWnb1hlaPclDAA,"137W8MRPWKqSmrBGDBFSop,0Y5tJX1MQlPlqiwlOH1tJY",Wiz Khalifa|Travis Scott,11073613|26203362,hip hop|pittsburgh rap|pop rap|rap|southern hip hop|trap|hip hop|rap|slap house,80|91,2016-01-22,day,49,2024-01-08
0.64,0.639,9,-5.473,0,0.22,0.044,0.0,0.0906,0.702,92.936,201647,4,3FQdtOMXdfDcDDjY1OHAqz,Back To Sleep,62y3BHKehWnb1hlaPclDAA,7bXgB6jMjp9ATFy66eO08Z,Chris Brown,20955452,r&b|rap,86,2015-11-09,day,48,2024-01-08
0.895,0.681,7,-5.267,0,0.358,0.157,0.0,0.189,0.554,121.918,240000,4,0wdKiSBUT7aZkXUIdJWcwC,2 Phones,62y3BHKehWnb1hlaPclDAA,1gPhS1zisyXr5dHTYZyiMe,Kevin Gates,6040529,baton rouge rap|rap|southern hip hop|trap,71,2016-01-29,day,71,2024-01-08
0.868,0.444,7,-7.122,0,0.301,0.059,0.0,0.0727,0.395,159.973,153347,4,0I6wh8pETh9PS7dVTzykQd,Ran off on Da Plug Twice,62y3BHKehWnb1hlaPclDAA,3jksrX4oBklxR78ft8gv3j,Plies,1868350,dirty south rap|miami hip hop|southern hip hop|trap,61,2016-01-29,day,51,2024-01-08
0.861,0.875,1,-5.913,0,0.106,0.422,0.0,0.837,0.747,105.124,219280,4,0xOFqoCyGiLFgGAXD73xtC,Slight Work (feat. Big Sean),62y3BHKehWnb1hlaPclDAA,"67nwj3Y5sZQLl72VNUHEYE,0c173mlxpT3dSFRgMO8XPh",Wale|Big Sean,4150012|11115824,pop rap|r&b|rap|southern hip hop|trap|detroit hip hop|hip hop|pop rap|r&b|rap|trap,69|75,2011-10-28,day,39,2024-01-08
0.851,0.598,0,-8.356,1,0.439,0.000595,0.0,0.343,0.654,180.046,237320,4,35EfL85garkKhKEemkeLoC,Ice Cream Paint Job,62y3BHKehWnb1hlaPclDAA,5MAp6rMiUJjRLXMWtArXRS,Dorrough Music,70240,dfw rap|dirty south rap,44,2009-08-04,day,56,2024-01-08
0.5,0.69,8,-4.448,1,0.312,0.159,0.0,0.104,0.371,180.206,244511,3,3WcC6NH9J77xPEvj1SOL7z,March Madness,62y3BHKehWnb1hlaPclDAA,1RyvyyTE3xzB2ZywiAwp0i,Future,15692678,atl hip hop|hip hop|rap|southern hip hop|trap,88,2015-03-21,day,69,2024-01-08
0.708,0.358,11,-9.815,1,0.0563,0.157,0.0,0.109,0.118,122.021,251860,4,232jKM7OzWMfuwHyf9r3dX,Drama (feat. Drake),62y3BHKehWnb1hlaPclDAA,"7mDU6nMUJnOSY2Hkjz5oqM,3TVXtAsR1Inumwj472S9r4",Roy Woods|Drake,1160611|83626299,canadian contemporary r&b|canadian hip hop|canadian hip hop|canadian pop|hip hop|pop rap|rap,60|96,2015-07-31,day,75,2024-01-08
0.736,0.694,1,-4.327,0,0.0621,0.000216,0.0,0.118,0.326,139.993,208213,4,6sxrGC2S5iyrjare93hdTa,We In Da City,62y3BHKehWnb1hlaPclDAA,3ZooCJzNMTLpmJaIRUEorI,Young Dro,847719,atl hip hop|crunk|dirty south rap|futuristic swag|old school atlanta hip hop|southern hip hop|trap,47,2015-09-18,day,35,2024-01-08
0.543,0.667,8,-7.333,1,0.0633,0.0165,2.69e-05,0.15,0.196,162.067,314053,4,5OFKWrKbS8iTIGxgjyHDzW,Coffee (F***ing) (feat. Wale),62y3BHKehWnb1hlaPclDAA,"360IAlyVv4PCEVjgyMZrxK,67nwj3Y5sZQLl72VNUHEYE",Miguel|Wale,4903257|4150012,r&b|pop rap|r&b|rap|southern hip hop|trap,78|69,2015-05-01,day,56,2024-01-08
0.813,0.551,0,-7.661,1,0.0718,0.0731,0.0,0.0866,0.186,131.892,235363,4,3v9VN3HcEsNHeLac8Uiujv,Kyrie Irving,62y3BHKehWnb1hlaPclDAA,43BqexhEx5NKF7VfeOYP9m,Lil Cray,11730,ohio hip hop,15,2015-06-14,day,0,2024-01-08
0.92,0.731,4,-4.996,0,0.274,0.18,0.0,0.121,0.472,132.086,206267,4,3Y92OZ52FYwlIaeA3dMcCD,Pipe It Up,62y3BHKehWnb1hlaPclDAA,6oMuImdp5ZcFhWP0ESe6mG,Migos,13641028,atl hip hop|hip hop|pop rap|rap|trap,75,2015-07-31,day,49,2024-01-08
0.745,0.617,6,-7.22,0,0.144,0.168,0.0,0.389,0.185,125.98,346907,4,0joQFwiBKmi6X1Iq5R1ubH,Codeine Crazy,62y3BHKehWnb1hlaPclDAA,1RyvyyTE3xzB2ZywiAwp0i,Future,15692678,atl hip hop|hip hop|rap|southern hip hop|trap,88,2014-10-28,day,73,2024-01-08
0.78,0.453,1,-9.411,1,0.293,0.367,0.0,0.125,0.415,132.096,234459,4,6PeXpPSKtHIu3NFCdya3be,Rihanna (feat. Young Thug),62y3BHKehWnb1hlaPclDAA,"6Ha4aES39QiVjR0L2lwuwq,50co4Is1HCEo8bhOyUWKpn",Yo Gotti|Young Thug,4353152|9355686,dirty south rap|gangster rap|memphis hip hop|rap|southern hip hop|tennessee hip hop|trap|atl hip hop|atl trap|gangster rap|melodic rap|rap|trap,64|83,2015-06-29,day,35,2024-01-08
0.514,0.861,1,-7.68,1,0.391,0.0122,5.58e-06,0.619,0.766,144.116,262107,4,5kzruPQIvdiTMKi4Rubb2H,MILF,62y3BHKehWnb1hlaPclDAA,"0c173mlxpT3dSFRgMO8XPh,0hCNtLu0JehylgoiP8L4Gh,5gCRApTajqwbnHHPbr2Fpi",Big Sean|Nicki Minaj|Juicy J,11115824|30496118|3138996,detroit hip hop|hip hop|pop rap|r&b|rap|trap|hip pop|pop|queens hip hop|rap|crunk|memphis hip hop|pop rap|rap|southern hip hop|trap,75|88|72,2013-01-01,day,36,2024-01-08
0.724,0.87,1,-3.614,0,0.113,0.00453,0.0,0.833,0.81,93.01,207547,4,2fQ6sBFWaLv2Gxos4igHLy,Say Aah (feat. Fabolous),62y3BHKehWnb1hlaPclDAA,"2iojnBLj0qIMiKPvVhLnsH,0YWxKQj2Go9CGHCp77UOyy",Trey Songz|Fabolous,7381157|2654200,dance pop|r&b|southern hip hop|trap|urban contemporary|gangster rap|hip hop|pop rap|rap|trap|urban contemporary,68|64,2009-08-31,day,63,2024-01-08
0.685,0.731,10,-5.503,0,0.414,0.0292,0.0,0.369,0.266,145.245,247867,4,275a9yzwGB6ncAW4SxY7q3,Panda,62y3BHKehWnb1hlaPclDAA,7pFeBzX627ff0VnN6bxPR4,Desiigner,3516657,pop rap|rap|southern hip hop|trap|viral trap,60,2016-02-26,day,69,2024-01-08
0.738,0.544,3,-9.364,0,0.516,0.344,0.0,0.173,0.655,119.544,246712,4,7iTkqlI5o5xqUJIHP2VjQT,Somewhere in Paradise,62y3BHKehWnb1hlaPclDAA,"1anyVhU62p31KFi8MEzkbf,3KV3p5EY4AvKxOlhGHORLg,2mxe0TnaNL039ysAj51xPQ",Chance the Rapper|Jeremih|R. Kelly,5947668|6555141|2459314,chicago rap|conscious hip hop|hip hop|pop rap|rap|chicago rap|pop rap|r&b|southern hip hop|trap|urban contemporary|,72|72|65,2023-07-17,day,41,2024-01-08
0.336,0.664,7,-5.68,1,0.102,0.166,1.31e-06,0.0575,0.294,186.394,199315,3,2CpH1L4CUR47RARB3PgY1l,You Don't Own Me (feat. G-Eazy),62y3BHKehWnb1hlaPclDAA,"6y5amJcTjeDgLXIjtQLMst,02kJSzxNuaWGqwubyUba0Z",SAYGRACE|G-Eazy,181419|5198099,r&b|indie pop rap|oakland hip hop|pop rap|rap,56|74,2015-03-17,day,60,2024-01-08
0.927,0.535,6,-7.59,0,0.0911,0.0855,0.0,0.136,0.336,112.96,313573,4,2yJ9GVCLMmzBBfQAnfzlwr,THat Part,62y3BHKehWnb1hlaPclDAA,"5IcR3N7QB1j6KBL8eImZ8m,5K4W6rqBFWDnAN6FQUkS6x",ScHoolboy Q|Kanye West,4616817|22986248,gangster rap|hip hop|pop rap|rap|southern hip hop|trap|chicago rap|hip hop|rap,70|91,2016-07-08,day,62,2024-01-08
0.585,0.643,6,-6.615,0,0.0529,0.0104,0.0,0.493,0.351,157.015,174093,4,5CYRfPViGWqsLoypm1bX4u,LA Confidential,62y3BHKehWnb1hlaPclDAA,2jku7tDXc6XoB6MO2hFuqg,Tory Lanez,6302994,canadian hip hop|canadian trap|melodic rap|pop rap|r&b|rap|trap,80,2016-01-29,day,52,2024-01-08
0.554,0.758,6,-6.772,0,0.129,0.00203,0.0,0.3,0.35,134.897,273253,4,5sv4LTz8qayQYnXlzaxg2x,Drifting (feat. Chris Brown & Tory Lanez),62y3BHKehWnb1hlaPclDAA,"02kJSzxNuaWGqwubyUba0Z,7bXgB6jMjp9ATFy66eO08Z,2jku7tDXc6XoB6MO2hFuqg",G-Eazy|Chris Brown|Tory Lanez,5198099|20955452|6302994,indie pop rap|oakland hip hop|pop rap|rap|r&b|rap|canadian hip hop|canadian trap|melodic rap|pop rap|r&b|rap|trap,74|86|80,2015-12-04,day,57,2024-01-08
0.789,0.488,4,-9.093,0,0.227,0.179,7.94e-06,0.104,0.0644,133.114,209453,4,23NWj2izXAJ4yL6Nah73wf,Pop Style,62y3BHKehWnb1hlaPclDAA,"3TVXtAsR1Inumwj472S9r4,7bkdi7f1mxyYxWcBlwON4s",Drake|The Throne,83626299|1125,canadian hip hop|canadian pop|hip hop|pop rap|rap|,96|31,2016-04-04,day,51,2024-01-08
0.527,0.435,2,-8.363,1,0.129,0.0295,0.0,0.243,0.0781,102.698,223853,3,49vZduMPCMnDDrl1WBxUDk,Let Me Love You,62y3BHKehWnb1hlaPclDAA,"66CXWjxzNUsdJxJ2JdwvnR,55Aa2cqylxrFIXC767Z865",Ariana Grande|Lil Wayne,95458168|14232381,pop|hip hop|new orleans rap|pop rap|rap|trap,89|85,2016-05-20,day,66,2024-01-08
0.594,0.811,4,-3.754,0,0.0954,0.098,0.0,0.116,0.128,143.912,272693,4,1sZWRWPnJoV9ac32i3oMwz,Moses,62y3BHKehWnb1hlaPclDAA,"6vXTefBL93Dj5IqAWq6OTv,7bXgB6jMjp9ATFy66eO08Z,6oMuImdp5ZcFhWP0ESe6mG",French Montana|Chris Brown|Migos,5255986|20955452|13641028,hip hop|pop rap|rap|southern hip hop|trap|r&b|rap|atl hip hop|hip hop|pop rap|rap|trap,73|86|75,2015-08-21,day,44,2024-01-08
0.745,0.567,7,-6.928,0,0.291,0.0861,0.0,0.118,0.89,160.119,194510,4,3kS3AOajZlXtoToQ1Y4rPL,3 Times In A Row,62y3BHKehWnb1hlaPclDAA,0BuvqDNQaCHcKJLCbK0M3P,TK N Cash,28896,baltimore hip hop,27,2015-09-25,day,42,2024-01-08
0.59,0.468,10,-11.083,0,0.185,0.0789,0.0,0.101,0.349,92.287,245227,4,3O8NlPh2LByMU9lSRSHedm,Controlla,62y3BHKehWnb1hlaPclDAA,3TVXtAsR1Inumwj472S9r4,Drake,83626299,canadian hip hop|canadian pop|hip hop|pop rap|rap,96,2016-05-06,day,74,2024-01-08
0.516,0.824,4,-5.473,0,0.26,0.0269,0.0,0.0696,0.774,91.964,209093,4,04R63LtwXGvm2OO5zyDa3h,"Saw It Coming (from the ""Ghostbusters"" Original Motion Picture Soundtrack) (feat. Jeremih)",62y3BHKehWnb1hlaPclDAA,"02kJSzxNuaWGqwubyUba0Z,3KV3p5EY4AvKxOlhGHORLg",G-Eazy|Jeremih,5198099|6555141,indie pop rap|oakland hip hop|pop rap|rap|chicago rap|pop rap|r&b|southern hip hop|trap|urban contemporary,74|72,2016-06-10,day,31,2024-01-08
0.681,0.608,1,-6.093,1,0.207,0.0477,0.0,0.225,0.262,97.934,200760,4,16bHRxM89ue0TiCKARYbRp,Sorry Not Sorry,62y3BHKehWnb1hlaPclDAA,2EMAnMvWE2eb56ToJVfCWs,Bryson Tiller,7802606,kentucky hip hop|r&b|rap,78,2015-10-02,day,67,2024-01-08
0.797,0.469,8,-8.112,1,0.0646,0.0599,0.0,0.0753,0.481,103.057,224240,4,5IZc3KIVFhjzJ0L2kiXzUl,Promise (feat. Fetty Wap),62y3BHKehWnb1hlaPclDAA,"6KZDXtSj0SzGOV705nNeh3,6PXS4YHDkKvl1wkIl4V8DL",Kid Ink|Fetty Wap,2988092|4557581,pop rap|rap|southern hip hop|trap|new jersey rap|pop rap|rap|southern hip hop|trap,64|69,2015-12-25,day,63,2024-01-08
0.603,0.783,9,-6.891,1,0.138,0.00353,0.0,0.216,0.182,87.154,180333,4,422lAAWQO9TqL1LxIPdhOn,Random,62y3BHKehWnb1hlaPclDAA,02kJSzxNuaWGqwubyUba0Z,G-Eazy,5198099,indie pop rap|oakland hip hop|pop rap|rap,74,2015-12-04,day,57,2024-01-08
0.706,0.716,7,-4.263,0,0.0768,0.115,0.0,0.316,0.459,136.904,252263,4,4GXl8l1MfZPf2GvpyRPJBf,pick up the phone,62y3BHKehWnb1hlaPclDAA,"50co4Is1HCEo8bhOyUWKpn,0Y5tJX1MQlPlqiwlOH1tJY",Young Thug|Travis Scott,9355686|26203362,atl hip hop|atl trap|gangster rap|melodic rap|rap|trap|hip hop|rap|slap house,83|91,2016-06-03,day,73,2024-01-08
0.526,0.655,1,-4.208,0,0.326,0.0566,0.0,0.116,0.156,121.127,267212,4,11BIoKDpTJHX5mZt6p566h,New Level (feat. Future),62y3BHKehWnb1hlaPclDAA,"5dHt1vcEm9qb8fCyLcB3HL,1RyvyyTE3xzB2ZywiAwp0i",A$AP Ferg|Future,3710766|15692678,hip hop|pop rap|rap|southern hip hop|trap|atl hip hop|hip hop|rap|southern hip hop|trap,69|88,2015-12-18,day,60,2024-01-08
0.688,0.604,5,-6.592,0,0.181,0.627,4.61e-06,0.157,0.588,126.214,219420,5,7CGl5DRfDKgVpoHZv1Thvj,Nasty (feat. Jeremih & Spice),62y3BHKehWnb1hlaPclDAA,"6KZDXtSj0SzGOV705nNeh3,3KV3p5EY4AvKxOlhGHORLg,5rqhGwsxwJOVtXmfrjiMbo",Kid Ink|Jeremih|Spice,2988092|6555141|142,pop rap|rap|southern hip hop|trap|chicago rap|pop rap|r&b|southern hip hop|trap|urban contemporary|,64|72|21,2016-06-03,day,41,2024-01-08
0.855,0.522,3,-5.54,1,0.226,0.196,0.0,0.1,0.355,139.917,238530,4,2okC0OWtgS86P2LC18IzHy,Bake Sale (feat. Travis Scott),62y3BHKehWnb1hlaPclDAA,"137W8MRPWKqSmrBGDBFSop,0Y5tJX1MQlPlqiwlOH1tJY",Wiz Khalifa|Travis Scott,11073613|26203362,hip hop|pittsburgh rap|pop rap|rap|southern hip hop|trap|hip hop|rap|slap house,80|91,2016-02-05,day,49,2024-01-08
0.533,0.742,7,-6.983,1,0.492,0.148,0.0,0.396,0.511,137.905,199595,4,0ezyHSFGFs61yiiPB3EpIY,I'm That... (feat. 2 Chainz),62y3BHKehWnb1hlaPclDAA,"4TH4BHy0LdBi3dpBW4P2UX,17lzZA2AlOHwCwFALHttmp",R. City|2 Chainz,148917|8017349,reggae fusion|virgin islands reggae|atl hip hop|hip hop|pop rap|rap|southern hip hop|trap,60|75,2014-10-14,day,33,2024-01-08
0.656,0.779,0,-4.801,1,0.0811,0.11,0.0,0.18,0.359,84.014,240067,4,0kwae8pEuAh2n6JwXyddHG,Figure it Out,62y3BHKehWnb1hlaPclDAA,"6vXTefBL93Dj5IqAWq6OTv,5K4W6rqBFWDnAN6FQUkS6x,20qISvAhX20dpIbOOzGK3q",French Montana|Kanye West|Nas,5255986|22986248|3550072,hip hop|pop rap|rap|southern hip hop|trap|chicago rap|hip hop|rap|conscious hip hop|east coast hip hop|gangster rap|hardcore hip hop|hip hop|queens hip hop|rap,73|91|71,2016-05-02,day,15,2024-01-08
0.465,0.735,6,-3.715,1,0.117,0.0711,0.0,0.0975,0.409,173.935,196040,4,19a3JfW8BQwqHWUMbcqSx8,Famous,62y3BHKehWnb1hlaPclDAA,5K4W6rqBFWDnAN6FQUkS6x,Kanye West,22986248,chicago rap|hip hop|rap,91,2016-06-10,day,78,2024-01-08
0.766,0.593,3,-6.306,0,0.305,0.077,0.0,0.149,0.426,131.811,221307,4,4eX11XA4JA2Lx9EleyriMD,Creep (feat. Young Thug),62y3BHKehWnb1hlaPclDAA,"76JyRfZDqhAIow2Awv91iW,50co4Is1HCEo8bhOyUWKpn",B. Smyth|Young Thug,75715|9355686,pop r&b|atl hip hop|atl trap|gangster rap|melodic rap|rap|trap,43|83,2015-12-04,day,26,2024-01-08
0.652,0.795,11,-5.192,0,0.174,0.156,0.0,0.123,0.788,135.018,304607,4,0v9Wz8o0BT8DU38R4ddjeH,No Problem (feat. Lil Wayne & 2 Chainz),62y3BHKehWnb1hlaPclDAA,"1anyVhU62p31KFi8MEzkbf,55Aa2cqylxrFIXC767Z865,17lzZA2AlOHwCwFALHttmp",Chance the Rapper|Lil Wayne|2 Chainz,5947668|14232381|8017349,chicago rap|conscious hip hop|hip hop|pop rap|rap|hip hop|new orleans rap|pop rap|rap|trap|atl hip hop|hip hop|pop rap|rap|southern hip hop|trap,72|85|75,2016-05-27,day,68,2024-01-08
0.881,0.496,1,-6.897,0,0.0592,0.0105,0.00168,0.315,0.216,130.965,223733,4,3eaZlarqKQ4oAceRwJHfF5,By Chance,62y3BHKehWnb1hlaPclDAA,7iZtZyCzp3LItcw1wtPI3D,Rae Sremmurd,7361248,melodic rap|mississippi hip hop|pop rap|rap|trap,71,2016-08-12,day,47,2024-01-08
0.803,0.66,1,-3.257,1,0.276,0.241,0.0,0.384,0.736,104.955,167760,4,1lishk8i5ATCioX1YZikMM,All Nite (feat. Vince Staples),62y3BHKehWnb1hlaPclDAA,"5vSQUyT33qxr1xAX2Tkf3A,68kEuyFKyqrdQQLLsmiatm",Clams Casino|Vince Staples,262150|1820182,cloud rap|experimental hip hop|instrumental hip hop|psychedelic hip hop|conscious hip hop|hip hop|rap|underground hip hop,65|65,2016-06-09,day,21,2024-01-08
0.566,0.444,7,-12.069,0,0.147,0.0522,0.0,0.158,0.161,146.991,193867,4,6Xi897JXNLSoIaoYZwgTLc,Dímelo,62y3BHKehWnb1hlaPclDAA,"2FwJwEswyIUAljqgjNSHgP,2jku7tDXc6XoB6MO2hFuqg",Snakehips|Tory Lanez,355369|6302994,electropop|uk dance|canadian hip hop|canadian trap|melodic rap|pop rap|r&b|rap|trap,59|80,2016-04-15,day,50,2024-01-08
0.626,0.526,7,-4.112,0,0.0452,0.0485,0.00627,0.107,0.17,127.977,176640,4,5cgEadiGKjtTP1Q6NJqVP5,A-Team,62y3BHKehWnb1hlaPclDAA,0Y5tJX1MQlPlqiwlOH1tJY,Travis Scott,26203362,hip hop|rap|slap house,91,2016-02-06,day,61,2024-01-08
0.677,0.638,8,-8.631,1,0.333,0.589,0.0,0.193,0.435,82.81,211497,4,2e3Ea0o24lReQFR4FA7yXH,Love Yourz,62y3BHKehWnb1hlaPclDAA,6l3HvQ5sa6mXTsMTB19rO5,J. Cole,22394288,conscious hip hop|hip hop|north carolina hip hop|rap,86,2014-12-09,day,80,2024-01-08
0.886,0.525,8,-7.39,1,0.132,0.236,0.0,0.057,0.708,145.99,225205,4,0qy5D3OJre7SPJNMOL9I71,Broccoli,62y3BHKehWnb1hlaPclDAA,"5M0lbkGluOPXLeFjApw8r8,6icQOAFXDZKsumw3YXyusw",DRAM|Lil Yachty,841064|9554683,pop rap|trap|underground hip hop|viral trap|virginia hip hop|atl hip hop|melodic rap|rap|trap,58|78,2016-04-06,day,66,2024-01-08
0.779,0.455,1,-15.025,1,0.28,0.0542,0.0,0.177,0.197,140.181,153429,4,7zBPzAjKAqQpcv8F8GCq5s,Uber Everywhere,62y3BHKehWnb1hlaPclDAA,5SyGEPymt1G2uto47tVWvZ,MadeinTYO,1024999,atl hip hop|melodic rap|trap,57,2016-02-26,day,55,2024-01-08
0.659,0.505,7,-8.798,1,0.0486,0.00451,0.00243,0.0961,0.123,137.991,236722,4,2FCCvPwretXhdWcSWCM52A,Where I Wanna Be,62y3BHKehWnb1hlaPclDAA,5npFjR4YgD6oNS7APmA4IJ,Ervin Mitchell,4680,,13,2018-09-14,day,8,2024-01-08
0.797,0.494,5,-10.955,0,0.0796,0.387,0.0,0.111,0.292,110.022,244231,4,4Vb7lpti4vXzQdkFIOK1s2,Gazuntite,62y3BHKehWnb1hlaPclDAA,6eN2EOfwcNvR89LuVl81H0,Lightweight Literate,2201,,16,2018-09-10,day,7,2024-01-08
0.959,0.638,11,-7.234,0,0.287,0.824,0.0,0.365,0.733,120.013,211998,4,7dPlBx9UtMjDlZkWmAdZfR,Shit To Do,62y3BHKehWnb1hlaPclDAA,3Pvp8jqCvlxkeDWI1OTUAL,Ray Dawn,20276,pittsburgh rap,15,2017-11-07,day,10,2024-01-08
0.795,0.568,5,-7.817,0,0.142,0.0541,0.0,0.108,0.478,136.173,198944,4,0B8QzDH7YWih85V5SEMnyJ,Money Longer,62y3BHKehWnb1hlaPclDAA,4O15NlyKLIASxsJ0PrXPfz,Lil Uzi Vert,16484624,hip hop|melodic rap|philly rap|rage rap|rap,85,2016-05-27,day,76,2024-01-08
0.786,0.583,0,-7.415,1,0.0393,0.0552,1.84e-06,0.326,0.229,120.024,228000,4,2IGr3q6ljcpLvHDFLtI0yW,Look Alive,62y3BHKehWnb1hlaPclDAA,7iZtZyCzp3LItcw1wtPI3D,Rae Sremmurd,7361248,melodic rap|mississippi hip hop|pop rap|rap|trap,71,2016-08-12,day,60,2024-01-08
0.722,0.331,8,-7.789,1,0.0726,0.337,0.282,0.146,0.102,143.961,313547,4,7EiZI6JVHllARrX9PUvAdX,Low Life (feat. The Weeknd),62y3BHKehWnb1hlaPclDAA,"1RyvyyTE3xzB2ZywiAwp0i,1Xyo4u8uXC1ZmMpatF05PJ",Future|The Weeknd,15692678|77257554,atl hip hop|hip hop|rap|southern hip hop|trap|canadian contemporary r&b|canadian pop|pop,88|94,2016-04-13,day,85,2024-01-08
0.762,0.666,0,-6.055,1,0.0916,0.00427,0.0,0.127,0.278,118.97,232093,4,10I3CmmwT0BkOVhduDy53o,Really Really,62y3BHKehWnb1hlaPclDAA,1gPhS1zisyXr5dHTYZyiMe,Kevin Gates,6040529,baton rouge rap|rap|southern hip hop|trap,71,2016-01-29,day,71,2024-01-08
0.647,0.673,5,-5.992,1,0.176,0.172,0.0,0.223,0.527,179.971,224000,4,6BOtDFg6GJm0rPUDuNmx57,Wake Up,62y3BHKehWnb1hlaPclDAA,6PXS4YHDkKvl1wkIl4V8DL,Fetty Wap,4557581,new jersey rap|pop rap|rap|southern hip hop|trap,69,2016-04-22,day,51,2024-01-08
0.564,0.717,10,-6.403,0,0.397,0.097,0.0,0.493,0.423,117.489,284831,5,2AYTGaclgKXACh13nJRVcV,All The Way Up (Remix),62y3BHKehWnb1hlaPclDAA,"3ScY9CQxNLQei8Umvpx5g6,39mHYiNmLR7p8PXNG8Wll6,3nFkdlSjzX9mRTtwJOzDYB,6vXTefBL93Dj5IqAWq6OTv,4R529xQ7WQfRpSEXaHFbRg",Fat Joe|Remy Ma|JAY-Z|French Montana|InfaRed,1728063|768964|8801570|5255986|1445,bronx hip hop|east coast hip hop|gangster rap|hardcore hip hop|hip hop|pop rap|rap|trap|alternative r&b|bronx hip hop|contemporary r&b|dirty south rap|hip pop|r&b|southern hip hop|trap queen|urban contemporary|east coast hip hop|gangster rap|hip hop|pop rap|rap|hip hop|pop rap|rap|southern hip hop|trap|,66|57|82|73|50,2016-05-27,day,59,2024-01-08
0.875,0.673,7,-4.184,1,0.0932,0.135,0.0,0.292,0.231,130.0,222600,4,376KnY4TrgBITxjlnbnmIy,Cut It (feat. Young Dolph),62y3BHKehWnb1hlaPclDAA,"1Zatb2YN4erBOoSivOXc0o,3HiuzBlSW7pGDXlSFMhO2g",O.T. Genasis|Young Dolph,1033094|2749348,southern hip hop|trap|memphis hip hop|rap|southern hip hop|tennessee hip hop|trap,51|71,2015-09-25,day,60,2024-01-08
0.781,0.57,1,-5.555,0,0.296,0.117,0.0,0.112,0.354,173.991,160760,4,4AwJDh8ErDvjeiswR41DKM,Gangster Shit,62y3BHKehWnb1hlaPclDAA,50co4Is1HCEo8bhOyUWKpn,Young Thug,9355686,atl hip hop|atl trap|gangster rap|melodic rap|rap|trap,83,2016-06-10,day,53,2024-01-08
0.692,0.774,6,-2.48,0,0.0876,0.0623,0.0,0.873,0.349,134.952,334253,4,2nBI3iWLhupR7LyAJ5GGkE,Champions,62y3BHKehWnb1hlaPclDAA,"5K4W6rqBFWDnAN6FQUkS6x,13y7CgLHjMVRMDqxdx0Xdo,0c173mlxpT3dSFRgMO8XPh,17lzZA2AlOHwCwFALHttmp,0Y5tJX1MQlPlqiwlOH1tJY,6Ha4aES39QiVjR0L2lwuwq,0VRj0yCOv2FXJNP47XQnx5,7pFeBzX627ff0VnN6bxPR4",Kanye West|Gucci Mane|Big Sean|2 Chainz|Travis Scott|Yo Gotti|Quavo|Desiigner,22986248|5220799|11115824|8017349|26203362|4353152|7128651|3516657,chicago rap|hip hop|rap|atl hip hop|dirty south rap|hip hop|pop rap|rap|southern hip hop|trap|detroit hip hop|hip hop|pop rap|r&b|rap|trap|atl hip hop|hip hop|pop rap|rap|southern hip hop|trap|hip hop|rap|slap house|dirty south rap|gangster rap|memphis hip hop|rap|southern hip hop|tennessee hip hop|trap|atl hip hop|melodic rap|rap|trap|pop rap|rap|southern hip hop|trap|viral trap,91|76|75|75|91|64|77|60,2016-06-10,day,66,2024-01-08
0.749,0.606,9,-6.419,1,0.155,0.182,0.0,0.0843,0.251,129.945,220093,4,0HUptiGFVM5Q5YHIJ920aK,Hyenas,62y3BHKehWnb1hlaPclDAA,"6SHGWppjZ0ppEcvW1HkXjZ,50co4Is1HCEo8bhOyUWKpn,4KKxWQcENsJSxpwm6lCf7R,5G0rFFvPHNS5lZ7abaxNXT,2z1ZZSBRCNYjOZmUcA3rSQ,6icQOAFXDZKsumw3YXyusw",Bankroll Mafia|Young Thug|T.I.P|Duke|Shad Da God|Lil Yachty,149856|9355686|1262|441|33388|9554683,atl hip hop|trap|atl hip hop|atl trap|gangster rap|melodic rap|rap|trap|||atl hip hop|atl trap|atl hip hop|melodic rap|rap|trap,23|83|23|38|34|78,2016-04-22,day,37,2024-01-08
0.849,0.446,4,-8.01,1,0.0534,0.00422,8.55e-05,0.109,0.624,138.01,184387,4,7loXv8g9YbDzxfAFENqTdr,1st Day out Tha Feds,62y3BHKehWnb1hlaPclDAA,13y7CgLHjMVRMDqxdx0Xdo,Gucci Mane,5220799,atl hip hop|dirty south rap|hip hop|pop rap|rap|southern hip hop|trap,76,2016-05-28,day,31,2024-01-08
0.848,0.418,8,-9.797,1,0.425,0.0725,0.0,0.106,0.241,134.955,235102,4,1LKIVWjYTBgm5A493AALJv,Priorities (Run Dat),62y3BHKehWnb1hlaPclDAA,6oGh2Aa6Cdf8naqJoAvITR,Southern Politics,29,,0,2017-01-17,day,0,2024-01-08
0.787,0.597,10,-5.974,0,0.116,0.103,0.000117,0.0862,0.759,73.006,173587,4,3QJULtHD6Td9Cl8GD6B3My,I Don't Understand You Baby,62y3BHKehWnb1hlaPclDAA,7qL8oKDLj4eGuf3ac6S8HU,Alex Larsson,703,,22,2019-03-08,day,7,2024-01-08
0.807,0.634,10,-8.754,0,0.571,0.098,0.0,0.0846,0.854,170.087,203651,4,2hzsSMAmeVY3aIlfHVuLbq,Party At The Crib,62y3BHKehWnb1hlaPclDAA,5fw01LbGEcAIaqFY17E0Qs,Ray iLLa,34452,,0,2020-04-17,day,4,2024-01-08
0.634,0.601,0,-7.776,0,0.341,0.0754,1.21e-06,0.106,0.612,148.004,170427,4,4tLTeivORldipqnaA0AgCN,Made for This,62y3BHKehWnb1hlaPclDAA,07ImKNH5Mue1DDlHhdId40,Park Hill,1511,uk contemporary r&b,20,2018-04-08,day,0,2024-01-08
0.643,0.574,8,-5.565,1,0.0491,0.00232,0.0,0.14,0.177,151.963,240000,4,64SspxEpWugnnvgPM3KSWP,Keep Me Going,62y3BHKehWnb1hlaPclDAA,6euKuiPp1NWbB9KqNp2gJ8,Gringo Gang,602,indiana hip hop,5,2018-04-06,day,5,2024-01-08
0.894,0.327,5,-9.463,0,0.423,0.0146,8.59e-05,0.0938,0.233,140.005,226240,4,3f4MjCmGeEjuJ9EhswsRpe,MFN Right - Remix,62y3BHKehWnb1hlaPclDAA,"17lzZA2AlOHwCwFALHttmp,55Aa2cqylxrFIXC767Z865",2 Chainz|Lil Wayne,8017349|14232381,atl hip hop|hip hop|pop rap|rap|southern hip hop|trap|hip hop|new orleans rap|pop rap|rap|trap,75|85,2016-05-20,day,40,2024-01-08
0.925,0.355,0,-9.309,0,0.55,0.0413,0.0,0.141,0.383,92.988,196587,4,4ezAjoV01phDz1SqO6SzEU,Why You Always Hatin?,62y3BHKehWnb1hlaPclDAA,"0A0FS04o6zMoto8OKPsDwY,3TVXtAsR1Inumwj472S9r4,3XVpDdKav6C6zwlDXPhMEO",YG|Drake|Kamaiyah,3205645|83626299|178855,cali rap|hip hop|pop rap|rap|southern hip hop|trap|canadian hip hop|canadian pop|hip hop|pop rap|rap|alternative r&b|cali rap|oakland hip hop,72|96|50,2016-06-17,day,61,2024-01-08
0.711,0.44,1,-9.605,1,0.542,0.00146,1.75e-05,0.0782,0.101,129.212,220440,1,0QjSXEGUUjE2TwwTUWodN1,Grammys,62y3BHKehWnb1hlaPclDAA,"3TVXtAsR1Inumwj472S9r4,1RyvyyTE3xzB2ZywiAwp0i",Drake|Future,83626299|15692678,canadian hip hop|canadian pop|hip hop|pop rap|rap|atl hip hop|hip hop|rap|southern hip hop|trap,96|88,2016-05-06,day,34,2024-01-08
0.718,0.679,11,-5.899,0,0.0706,0.00191,0.0104,0.385,0.205,157.97,173347,4,6BbINUfGabVyiNFJpQXn3x,Wicked,62y3BHKehWnb1hlaPclDAA,1RyvyyTE3xzB2ZywiAwp0i,Future,15692678,atl hip hop|hip hop|rap|southern hip hop|trap,88,2016-04-13,day,70,2024-01-08
0.843,0.359,0,-7.417,1,0.461,0.069,0.0,0.12,0.156,81.987,163944,4,2ANLarE8yHVsLWW21nj79M,You Was Right,62y3BHKehWnb1hlaPclDAA,4O15NlyKLIASxsJ0PrXPfz,Lil Uzi Vert,16484624,hip hop|melodic rap|philly rap|rage rap|rap,85,2016-05-27,day,68,2024-01-08
0.557,0.586,10,-4.57,1,0.0382,0.0528,7.33e-06,0.339,0.0681,96.091,181573,4,3nAq2hCr1oWsIU54tS98pL,Waves,62y3BHKehWnb1hlaPclDAA,5K4W6rqBFWDnAN6FQUkS6x,Kanye West,22986248,chicago rap|hip hop|rap,91,2016-06-10,day,74,2024-01-08
0.838,0.43,1,-5.868,1,0.281,0.0498,1.59e-05,0.0977,0.126,126.981,292910,4,0WCbhE2evMrIwRM0DlMy9k,Mixtape (feat. Young Thug & Lil Yachty),62y3BHKehWnb1hlaPclDAA,"1anyVhU62p31KFi8MEzkbf,50co4Is1HCEo8bhOyUWKpn,6icQOAFXDZKsumw3YXyusw",Chance the Rapper|Young Thug|Lil Yachty,5947668|9355686|9554683,chicago rap|conscious hip hop|hip hop|pop rap|rap|atl hip hop|atl trap|gangster rap|melodic rap|rap|trap|atl hip hop|melodic rap|rap|trap,72|83|78,2016-05-27,day,50,2024-01-08
0.71,0.404,1,-10.04,0,0.379,0.484,0.0,0.0953,0.398,139.553,165853,4,3pndPhlQWjuSoXhcIIdBjv,What They Want,62y3BHKehWnb1hlaPclDAA,1z7b1Pr1rSlvWRzsW3HOrS,Russ,5011396,hawaiian hip hop|pop rap,75,2017-05-05,day,77,2024-01-08
0.674,0.752,11,-4.073,1,0.333,0.552,0.0,0.787,0.236,145.076,130293,4,1Wsbr1d2BouNGk2q92mIj7,Pt. 2,62y3BHKehWnb1hlaPclDAA,5K4W6rqBFWDnAN6FQUkS6x,Kanye West,22986248,chicago rap|hip hop|rap,91,2016-06-10,day,71,2024-01-08
0.787,0.635,4,-8.271,0,0.155,0.0253,0.0,0.357,0.237,130.018,209413,4,5NFYuqu8V6QXc6mzcLImd6,Hype,62y3BHKehWnb1hlaPclDAA,3TVXtAsR1Inumwj472S9r4,Drake,83626299,canadian hip hop|canadian pop|hip hop|pop rap|rap,96,2016-05-06,day,62,2024-01-08
0.764,0.475,0,-12.618,1,0.114,0.345,0.0,0.14,0.34,129.974,243270,4,40yJGQyEaBbIkXpwMFkXip,One Night,62y3BHKehWnb1hlaPclDAA,6icQOAFXDZKsumw3YXyusw,Lil Yachty,9554683,atl hip hop|melodic rap|rap|trap,78,2016-07-05,day,65,2024-01-08
0.798,0.666,3,-6.955,1,0.136,0.22,0.0,0.0922,0.33,128.02,245867,4,40kr34pxqFJKH7FlgsF5AO,Say Sum,62y3BHKehWnb1hlaPclDAA,6oMuImdp5ZcFhWP0ESe6mG,Migos,13641028,atl hip hop|hip hop|pop rap|rap|trap,75,2016-05-06,day,38,2024-01-08
0.852,0.764,8,-4.283,0,0.0631,0.0178,0.0,0.336,0.266,132.981,207391,4,6LTsvaebP6V9tJFvZxqi5M,Pull Up (feat. Lil Uzi Vert),62y3BHKehWnb1hlaPclDAA,"137W8MRPWKqSmrBGDBFSop,4O15NlyKLIASxsJ0PrXPfz",Wiz Khalifa|Lil Uzi Vert,11073613|16484624,hip hop|pittsburgh rap|pop rap|rap|southern hip hop|trap|hip hop|melodic rap|philly rap|rage rap|rap,80|85,2016-05-25,day,52,2024-01-08
0.83,0.5,1,-6.597,1,0.0725,0.0889,0.000349,0.277,0.0491,140.009,223074,4,5NuhZIx47GxB5DAXg8jWHN,Addicted to My Ex,62y3BHKehWnb1hlaPclDAA,0wSIyRIXxXiOBCIV0TyXZH,M City JR,17685,viral trap,38,2016-06-24,day,59,2024-01-08
0.654,0.818,5,-4.944,0,0.296,0.00949,0.0,0.0652,0.564,94.971,271000,4,2MjPYefrQPVzIkTbDat5YG,DOPE,62y3BHKehWnb1hlaPclDAA,"4OBJLual30L7gRl5UkeRcT,46VWDbmWmzvPBTmkSr25gM",T.I.|Marsha Ambrosius,4683892|542266,atl hip hop|dirty south rap|gangster rap|hip hop|pop rap|rap|southern hip hop|trap|british soul|contemporary r&b|hip pop|neo soul|r&b|urban contemporary,73|44,2016-05-16,day,36,2024-01-08
0.77,0.691,6,-5.448,0,0.111,0.122,0.0,0.113,0.292,140.059,281987,4,0bHDsbWkPSJ01adXfObBzJ,Key to the Streets,62y3BHKehWnb1hlaPclDAA,"5Berubt6ysOy2LCMyqhmXP,6oMuImdp5ZcFhWP0ESe6mG,0701LAQrkY5Il5vt06uNnC",YFN Lucci|Migos|Trouble,2476786|13641028|121286,arkansas hip hop|atl hip hop|melodic rap|memphis hip hop|southern hip hop|trap|atl hip hop|hip hop|pop rap|rap|trap|atl hip hop|memphis hip hop|trap,55|75|43,2016-02-17,day,53,2024-01-08
0.536,0.721,10,-6.44,0,0.386,0.062,0.0,0.824,0.393,117.139,191942,5,61QSuw5VlC0LTS8WMO356g,All The Way Up (feat. Infared),62y3BHKehWnb1hlaPclDAA,"3ScY9CQxNLQei8Umvpx5g6,39mHYiNmLR7p8PXNG8Wll6,6vXTefBL93Dj5IqAWq6OTv,4R529xQ7WQfRpSEXaHFbRg",Fat Joe|Remy Ma|French Montana|InfaRed,1728063|768964|5255986|1445,bronx hip hop|east coast hip hop|gangster rap|hardcore hip hop|hip hop|pop rap|rap|trap|alternative r&b|bronx hip hop|contemporary r&b|dirty south rap|hip pop|r&b|southern hip hop|trap queen|urban contemporary|hip hop|pop rap|rap|southern hip hop|trap|,66|57|73|50,2016-03-02,day,64,2024-01-08
0.611,0.754,1,-5.035,0,0.366,0.116,0.0,0.0945,0.565,126.961,290267,5,2uiEqPjMmIJXOKplzsEASP,"Lean Back (feat. Lil Jon, Eminem, Mase & Remy Martin) - Remix",62y3BHKehWnb1hlaPclDAA,"3ScY9CQxNLQei8Umvpx5g6,7dGJo4pcD2V6oG8kP0tJRR,7sfl4Xt5KmfyDs2T3SVSMK,1wiBLzTI7z9RUwEpNPdFT6,39mHYiNmLR7p8PXNG8Wll6",Fat Joe|Eminem|Lil Jon|Mase|Remy Ma,1728063|80373039|1493347|788090|768964,bronx hip hop|east coast hip hop|gangster rap|hardcore hip hop|hip hop|pop rap|rap|trap|detroit hip hop|hip hop|rap|atl hip hop|crunk|dance pop|dirty south rap|old school atlanta hip hop|pop rap|southern hip hop|trap|contemporary r&b|gangster rap|hardcore hip hop|harlem hip hop|hip hop|hip pop|r&b|southern hip hop|urban contemporary|alternative r&b|bronx hip hop|contemporary r&b|dirty south rap|hip pop|r&b|southern hip hop|trap queen|urban contemporary,66|90|71|62|57,2005-06-14,day,60,2024-01-08
0.837,0.762,2,-4.073,1,0.0508,0.000644,0.0,0.113,0.334,142.01,172467,4,4ngnFeJ58ivjFl0gFD1Osh,She Twerkin,62y3BHKehWnb1hlaPclDAA,7Kp7SzuRuNiPFCy7JIwnLx,Ca$h Out,510006,atl hip hop|dirty south rap|futuristic swag|trap,46,2014-08-26,day,54,2024-01-08
0.638,0.863,2,-5.891,1,0.309,0.023,0.0,0.628,0.516,153.954,247267,4,0pNMYo9MXmyyR9Fp9HwiBT,So Sophisticated,62y3BHKehWnb1hlaPclDAA,"1sBkRIssrMs1AbVkOJbc7a,20sxb77xiYeusSH8cVdatc",Rick Ross|Meek Mill,7103142|7704881,dirty south rap|gangster rap|hip hop|rap|southern hip hop|trap|hip hop|philly rap|pop rap|rap|southern hip hop|trap,76|73,2012-01-01,day,51,2024-01-08
0.691,0.781,0,-3.385,1,0.101,0.0501,0.0,0.158,0.401,158.948,172756,4,4DCBuZK28moF1agkLnqvX9,They Want War,62y3BHKehWnb1hlaPclDAA,0PiI8uea1wH6TqlVnYoVIp,Jay Matthews,2617,,34,2019-01-25,day,5,2024-01-08
0.819,0.482,10,-13.822,1,0.483,0.51,0.0,0.299,0.175,111.952,144101,4,4phtpv5Fac3UlKsilybzyb,Rmb,62y3BHKehWnb1hlaPclDAA,6eN2EOfwcNvR89LuVl81H0,Lightweight Literate,2201,,16,2018-09-10,day,5,2024-01-08
0.603,0.562,8,-7.221,1,0.348,0.255,0.0,0.1,0.4,180.362,229000,3,26oF6WjkOjDIRK9YsdZp2l,March Madness,62y3BHKehWnb1hlaPclDAA,1RyvyyTE3xzB2ZywiAwp0i,Future,15692678,atl hip hop|hip hop|rap|southern hip hop|trap,88,2015-08-31,day,45,2024-01-08
0.735,0.679,9,-5.588,0,0.0431,0.18,0.000198,0.0766,0.264,140.858,231173,4,4Cv5dkUBqepa0siwGREihD,Motivation,62y3BHKehWnb1hlaPclDAA,"3AuMNF8rQAKOzjYppFNAoB,55Aa2cqylxrFIXC767Z865",Kelly Rowland|Lil Wayne,3483042|14232381,atl hip hop|dance pop|hip pop|r&b|urban contemporary|hip hop|new orleans rap|pop rap|rap|trap,67|85,2011-01-01,day,64,2024-01-08
0.594,0.46,1,-7.607,1,0.382,0.00354,2.71e-05,0.147,0.0541,146.274,202451,4,17Q87zeXgsAi9iQQbMu9v0,Summer Sixteen,62y3BHKehWnb1hlaPclDAA,3TVXtAsR1Inumwj472S9r4,Drake,83626299,canadian hip hop|canadian pop|hip hop|pop rap|rap,96,2016-02-05,day,60,2024-01-08
0.769,0.632,10,-4.228,0,0.0537,0.0325,0.0,0.116,0.294,131.932,176387,4,4cg1yakyRSIOjxKM2I7J1q,Digits,62y3BHKehWnb1hlaPclDAA,50co4Is1HCEo8bhOyUWKpn,Young Thug,9355686,atl hip hop|atl trap|gangster rap|melodic rap|rap|trap,83,2016-03-25,day,72,2024-01-08
0.724,0.573,7,-4.113,1,0.0549,0.118,0.0,0.538,0.438,113.088,135920,4,4KW1lqgSr8TKrvBII0Brf8,Father Stretch My Hands Pt. 1,62y3BHKehWnb1hlaPclDAA,5K4W6rqBFWDnAN6FQUkS6x,Kanye West,22986248,chicago rap|hip hop|rap,91,2016-06-10,day,89,2024-01-08
0.771,0.536,11,-8.534,1,0.323,0.553,1.05e-06,0.294,0.343,94.995,269721,4,52A8OAP8lTQKZCj4Rce92B,A Tale Of 2 Citiez,62y3BHKehWnb1hlaPclDAA,6l3HvQ5sa6mXTsMTB19rO5,J. Cole,22394288,conscious hip hop|hip hop|north carolina hip hop|rap,86,2014-12-09,day,69,2024-01-08
0.758,0.756,10,-5.059,0,0.138,0.0294,0.0,0.0906,0.406,145.068,222180,4,1rZah1UGXvgiQCqLVlq4hS,King of Everything,62y3BHKehWnb1hlaPclDAA,137W8MRPWKqSmrBGDBFSop,Wiz Khalifa,11073613,hip hop|pittsburgh rap|pop rap|rap|southern hip hop|trap,80,2015-10-16,day,54,2024-01-08
0.882,0.699,2,-5.572,1,0.249,0.0196,0.0,0.0469,0.42,145.008,257267,4,7mhk9WyqZZzvTTCQKfh2iV,Law (feat. E-40),62y3BHKehWnb1hlaPclDAA,"6Ha4aES39QiVjR0L2lwuwq,3crnzLy8R4lVwaigKEOz7V",Yo Gotti|E-40,4353152|861320,dirty south rap|gangster rap|memphis hip hop|rap|southern hip hop|tennessee hip hop|trap|cali rap|gangster rap|hyphy|oakland hip hop|west coast rap,64|66,2016-02-19,day,56,2024-01-08
0.893,0.646,11,-5.073,0,0.1,0.112,0.0,0.104,0.468,132.97,176855,4,7s49Um7G06hq2rulrHPsIy,Jimmy Choo,62y3BHKehWnb1hlaPclDAA,6PXS4YHDkKvl1wkIl4V8DL,Fetty Wap,4557581,new jersey rap|pop rap|rap|southern hip hop|trap,69,2016-02-05,day,51,2024-01-08
0.742,0.559,5,-5.876,1,0.141,0.0324,0.0,0.0987,0.431,146.923,280831,4,5MD2QLnFM2ChpKAh33z0zr,Hercules,62y3BHKehWnb1hlaPclDAA,50co4Is1HCEo8bhOyUWKpn,Young Thug,9355686,atl hip hop|atl trap|gangster rap|melodic rap|rap|trap,83,2016-02-05,day,54,2024-01-08
0.83,0.732,1,-6.597,1,0.268,0.094,0.0,0.123,0.8,76.518,209813,4,4k7CmAZYtT53oXNxQReusm,Scholarship (feat. A$AP Rocky),62y3BHKehWnb1hlaPclDAA,"5gCRApTajqwbnHHPbr2Fpi,13ubrt8QOOCPljQ2FL1Kca",Juicy J|A$AP Rocky,3138996|13299639,crunk|memphis hip hop|pop rap|rap|southern hip hop|trap|east coast hip hop|hip hop|rap|trap,72|81,2013-08-23,day,44,2024-01-08
0.487,0.729,2,-6.815,1,0.271,0.0538,4.07e-06,0.44,0.217,91.048,350120,4,439TlnnznSiBbQbgXiBqAd,m.A.A.d city,62y3BHKehWnb1hlaPclDAA,"2YZyLoL8N0Wb9xBt1NhZWg,4XqfpACObRB5AsBcUYjL8X",Kendrick Lamar|MC Eiht,26526500|363794,conscious hip hop|hip hop|rap|west coast rap|g funk|west coast rap,87|58,2012,year,70,2024-01-08
0.749,0.53,1,-5.251,1,0.0386,0.0287,0.0,0.141,0.332,93.869,204324,4,7osBjxxoPSCceUMdkyFh9O,Valet (feat. Fetty Wap and 2 Chainz),62y3BHKehWnb1hlaPclDAA,"7ibAWtDtmEfaVhc1FJ3Vl9,6PXS4YHDkKvl1wkIl4V8DL,17lzZA2AlOHwCwFALHttmp",Eric Bellinger|Fetty Wap|2 Chainz,841692|4557581|8017349,pop r&b|r&b|new jersey rap|pop rap|rap|southern hip hop|trap|atl hip hop|hip hop|pop rap|rap|southern hip hop|trap,60|69|75,2015-12-04,day,56,2024-01-08
0.895,0.437,8,-8.989,0,0.357,0.108,0.0,0.0929,0.802,140.014,208827,4,5O2Yjlcs5pSpHq1gcA0cwg,Order More (feat. Starrah),62y3BHKehWnb1hlaPclDAA,"02kJSzxNuaWGqwubyUba0Z,6DpWtzfwV8fcwP6fXckDVu",G-Eazy|Starrah,5198099|22222,indie pop rap|oakland hip hop|pop rap|rap|hyperpop francais,74|46,2015-12-04,day,54,2024-01-08
0.886,0.511,1,-4.691,0,0.0972,0.531,0.0501,0.112,0.261,127.898,173840,4,0xrdZMsJIaxoTHAB4bvGnu,Pass Dat,62y3BHKehWnb1hlaPclDAA,3KV3p5EY4AvKxOlhGHORLg,Jeremih,6555141,chicago rap|pop rap|r&b|southern hip hop|trap|urban contemporary,72,2015-12-04,day,48,2024-01-08
0.729,0.672,7,-6.749,1,0.282,0.0265,0.0,0.244,0.595,159.903,171333,4,20fAoPjfYltmd3K3bO7gbt,Stick Talk,62y3BHKehWnb1hlaPclDAA,1RyvyyTE3xzB2ZywiAwp0i,Future,15692678,atl hip hop|hip hop|rap|southern hip hop|trap,88,2015-07-17,day,66,2024-01-08
0.77,0.347,2,-10.265,1,0.0623,0.0511,2.57e-06,0.087,0.0583,84.957,235477,4,6cEguiQecbXrFlsnMi2ysr,Come and See Me (feat. Drake),62y3BHKehWnb1hlaPclDAA,"2HPaUgqeutzr3jx5a9WyDV,3TVXtAsR1Inumwj472S9r4",PARTYNEXTDOOR|Drake,6064028|83626299,r&b|rap|urban contemporary|canadian hip hop|canadian pop|hip hop|pop rap|rap,78|96,2016-08-12,day,76,2024-01-08
0.776,0.762,0,-4.356,1,0.216,0.193,0.0,0.18,0.678,120.039,236000,4,55Q46o5adtSobImSKrrlqW,Top,62y3BHKehWnb1hlaPclDAA,4O15NlyKLIASxsJ0PrXPfz,Lil Uzi Vert,16484624,hip hop|melodic rap|philly rap|rage rap|rap,85,2015-12-18,day,66,2024-01-08
0.842,0.683,8,-7.435,1,0.0927,0.00952,0.0,0.0741,0.296,126.075,203080,4,7hRwwjy1cmwGkzBnJlhtnY,5 Minutes,62y3BHKehWnb1hlaPclDAA,"5bgfj5zUoWpyeVatGDjn6H,17lzZA2AlOHwCwFALHttmp",K CAMP|2 Chainz,1658847|8017349,atl hip hop|melodic rap|southern hip hop|trap|atl hip hop|hip hop|pop rap|rap|southern hip hop|trap,58|75,2016-04-15,day,28,2024-01-08
0.843,0.435,8,-8.442,1,0.178,0.47,0.0,0.147,0.19,120.058,208080,4,6GnhWMhgJb7uyiiPEiEkDA,Weekend (feat. Miguel),62y3BHKehWnb1hlaPclDAA,"4LLpKhyESsyAXpc4laK94U,360IAlyVv4PCEVjgyMZrxK",Mac Miller|Miguel,9922860|4903257,hip hop|pittsburgh rap|rap|r&b,81|78,2015-09-18,day,80,2024-01-08
0.6,0.589,0,-8.812,1,0.117,0.0977,0.0,0.167,0.211,124.913,279593,4,5DddJVNEGBfUxy9Dtr45gI,Ladies Hit Squad,62y3BHKehWnb1hlaPclDAA,"2p1fiYHYiXz9qi0JJyxBzN,6bwkMlweHsBCpI2a0C5nnN,1uLYUm2A6kpFYAECfAFoH1",Skepta|D Double E|A$AP NAST,1195188|105033|35790,birmingham grime|grime|instrumental grime|uk hip hop|grime|uk hip hop|harlem hip hop,72|49|49,2016-05-06,day,46,2024-01-08
0.792,0.625,1,-5.609,1,0.0536,0.00776,0.0018,0.329,0.37,103.967,173987,4,1zi7xx7UVEFkmKfv06H8x0,One Dance,62y3BHKehWnb1hlaPclDAA,"3TVXtAsR1Inumwj472S9r4,3tVQdUvClmAT7URs9V3rsp,77DAFfvm3O9zT5dIoG0eIO",Drake|Wizkid|Kyla,83626299|4754379|17019,canadian hip hop|canadian pop|hip hop|pop rap|rap|afrobeats|afropop|azonto|nigerian hip hop|nigerian pop|uk funky,96|76|69,2016-05-06,day,90,2024-01-08
0.747,0.482,11,-8.472,1,0.131,0.0897,0.0,0.109,0.716,105.085,187671,4,6oECOh5nAYmxz4EiYhjsPi,Wavy (feat. Joe Moses),62y3BHKehWnb1hlaPclDAA,"7c0XG5cIJTrrAgEC3ULPiq,54QA4zjZDOyaLN8bVthBjP",Ty Dolla $ign|Joe Moses,4870732|97455,hip hop|pop rap|r&b|southern hip hop|trap|trap soul|cali rap|west coast trap,79|45,2016-03-25,day,62,2024-01-08
0.634,0.562,10,-8.923,0,0.163,0.309,2.08e-06,0.11,0.307,181.014,223480,4,5RqsqQU0erB0OgLbwem6pU,Rambo,62y3BHKehWnb1hlaPclDAA,2EMAnMvWE2eb56ToJVfCWs,Bryson Tiller,7802606,kentucky hip hop|r&b|rap,78,2015-10-02,day,56,2024-01-08
0.785,0.413,4,-11.84,1,0.151,0.0946,0.0,0.126,0.455,87.529,215573,4,4immekPm8Har57BB9DcDSj,1Hunnid,62y3BHKehWnb1hlaPclDAA,"5bgfj5zUoWpyeVatGDjn6H,6PXS4YHDkKvl1wkIl4V8DL",K CAMP|Fetty Wap,1658847|4557581,atl hip hop|melodic rap|southern hip hop|trap|new jersey rap|pop rap|rap|southern hip hop|trap,58|69,2014-09-04,day,55,2024-01-08
0.713,0.967,11,-4.757,0,0.442,0.294,0.0,0.744,0.7,148.527,187601,4,0pn8eHCvZsBAF9Y9wfv4rt,Really Got It,62y3BHKehWnb1hlaPclDAA,1xMXwKQhYLclPctEzpm4nr,Jerreau,32753,,33,2016-04-08,day,53,2024-01-08
0.953,0.4,11,-7.963,0,0.196,0.395,0.00254,0.0943,0.259,120.057,198449,4,1BHquBolJN628btHI6X0vq,Numbers,62y3BHKehWnb1hlaPclDAA,"2p1fiYHYiXz9qi0JJyxBzN,2RdwBSPQiwcmiDo9kixcl8",Skepta|Pharrell Williams,1195188|4336597,birmingham grime|grime|instrumental grime|uk hip hop|dance pop|pop,72|78,2016-05-06,day,40,2024-01-08
0.464,0.771,8,-4.503,1,0.336,0.0235,0.0,0.063,0.69,158.777,198237,4,27PmvZoffODNFW2p7ehZTQ,Don't Mind,62y3BHKehWnb1hlaPclDAA,3jHBxvZ9gbBkZ17wKUqVsO,Kent Jones,111085,miami hip hop|viral trap,46,2016-04-25,day,65,2024-01-08
0.742,0.627,10,-6.153,0,0.253,0.265,0.0,0.103,0.273,147.995,188109,4,3US2qDmY0lqxoEe7dPrGOR,Long Time (feat. Quavo),62y3BHKehWnb1hlaPclDAA,"7c0XG5cIJTrrAgEC3ULPiq,0VRj0yCOv2FXJNP47XQnx5",Ty Dolla $ign|Quavo,4870732|7128651,hip hop|pop rap|r&b|southern hip hop|trap|trap soul|atl hip hop|melodic rap|rap|trap,79|77,2016-03-25,day,40,2024-01-08
0.762,0.582,9,-6.866,0,0.0729,0.133,1.63e-06,0.334,0.393,105.989,199613,4,60fLBoD7INAvDtg5F7Z4nA,Fade,62y3BHKehWnb1hlaPclDAA,5K4W6rqBFWDnAN6FQUkS6x,Kanye West,22986248,chicago rap|hip hop|rap,91,2016-04-04,day,0,2024-01-08
0.717,0.523,10,-6.506,0,0.0611,0.0799,0.0,0.206,0.282,127.047,228613,4,1CDBn2Lm7E63XKQDsdCq6O,No Limit (feat. Young Thug),62y3BHKehWnb1hlaPclDAA,"23zg3TcAtWQy7J6upgbUnj,50co4Is1HCEo8bhOyUWKpn",USHER|Young Thug,10846051|9355686,atl hip hop|contemporary r&b|dance pop|pop|r&b|rap|south carolina hip hop|urban contemporary|atl hip hop|atl trap|gangster rap|melodic rap|rap|trap,80|83,2016-09-16,day,61,2024-01-08
0.927,0.367,9,-7.797,1,0.382,0.325,0.0,0.132,0.576,99.053,328667,4,1ACZpHI5vZ5Ea4xGlkdGWM,Crazy Rap (Colt 45 & 2 Zig Zags),62y3BHKehWnb1hlaPclDAA,4Icvbp9RDt5aY2TWDOVDsr,Afroman,440105,comedy rap,58,2001-08-28,day,73,2024-01-08
0.933,0.448,7,-8.391,1,0.347,0.239,0.0,0.0579,0.774,99.968,361173,4,5HRO58hfVhTpGR87AzHaBa,She Won't Let Me Fuck,62y3BHKehWnb1hlaPclDAA,4Icvbp9RDt5aY2TWDOVDsr,Afroman,440105,comedy rap,58,2001-08-28,day,52,2024-01-08
0.558,0.864,11,-5.1,1,0.43,0.318,0.0,0.123,0.474,152.804,253787,4,1b6rmL3VXBgYTbn61kM8wT,Drug Dealers Anonymous,62y3BHKehWnb1hlaPclDAA,"0ONHkAv9pCAFxb0zJwDNTy,3nFkdlSjzX9mRTtwJOzDYB",Pusha T|JAY-Z,2882949|8801570,gangster rap|hip hop|pop rap|rap|southern hip hop|trap|virginia hip hop|east coast hip hop|gangster rap|hip hop|pop rap|rap,72|82,2016-06-23,day,52,2024-01-08
0.477,0.647,3,-4.657,0,0.343,0.0872,0.0,0.119,0.549,109.856,252307,4,3F44dsHfwqv3WL2evzjJCw,Wishing,62y3BHKehWnb1hlaPclDAA,"5oNgAs7j5XcBMzWv3HAnHG,7bXgB6jMjp9ATFy66eO08Z,6TlLdicGl92pqnySP64n2g,7rqt4bOV0ELIMJKQnvmssL",DJ Drama|Chris Brown|Skeme|Lyquin,1456750|20955452|44231|111,dirty south rap|philly rap|southern hip hop|trap|r&b|rap|soul flow|west coast trap|,58|86|38|33,2016-07-22,day,49,2024-01-08
0.923,0.599,6,-4.888,1,0.238,0.07,1.23e-06,0.0951,0.667,138.024,181739,4,46IdjlVO3EmaMqooXZ1Hcu,"Wat U Mean (Aye, Aye, Aye)",62y3BHKehWnb1hlaPclDAA,41LfjfTCcTCUdykJqNyFw8,Dae Dae,375815,atl hip hop|trap,37,2016-03-04,day,51,2024-01-08
0.461,0.772,2,-3.98,0,0.375,0.282,0.0,0.178,0.414,167.018,372113,4,1o0kWPueYo94LIjPYOE5Nf,Saint Pablo,62y3BHKehWnb1hlaPclDAA,5K4W6rqBFWDnAN6FQUkS6x,Kanye West,22986248,chicago rap|hip hop|rap,91,2016-06-10,day,74,2024-01-08
0.94,0.335,5,-10.179,0,0.505,0.17,0.0,0.262,0.707,120.04,209640,4,5hTpBe8h35rJ67eAWHQsJx,Caroline,62y3BHKehWnb1hlaPclDAA,3Gm5F95VdRxW3mqCn8RPBJ,Aminé,1915659,pop rap|portland hip hop|rap|underground hip hop,67,2017-07-28,day,74,2024-01-08
0.851,0.536,1,-5.026,1,0.0657,0.219,0.0,0.127,0.186,130.005,222360,4,1GI5NXx8MFhFl17cJtOZ2n,Guwop Home (feat. Young Thug),62y3BHKehWnb1hlaPclDAA,"13y7CgLHjMVRMDqxdx0Xdo,50co4Is1HCEo8bhOyUWKpn",Gucci Mane|Young Thug,5220799|9355686,atl hip hop|dirty south rap|hip hop|pop rap|rap|southern hip hop|trap|atl hip hop|atl trap|gangster rap|melodic rap|rap|trap,76|83,2016-07-22,day,39,2024-01-08
0.897,0.485,8,-10.363,1,0.242,0.013,0.00193,0.133,0.262,83.498,227727,4,6lJDiHzVKoUz6XfuPZfBrU,No Shopping (feat. Drake),62y3BHKehWnb1hlaPclDAA,"6vXTefBL93Dj5IqAWq6OTv,3TVXtAsR1Inumwj472S9r4",French Montana|Drake,5255986|83626299,hip hop|pop rap|rap|southern hip hop|trap|canadian hip hop|canadian pop|hip hop|pop rap|rap,73|96,2016-07-12,day,33,2024-01-08
0.761,0.847,7,-3.068,1,0.0417,0.0292,2.26e-06,0.39,0.765,91.519,284480,4,3djNBlI7xOggg7pnsOLaNm,California Love - Original Version,62y3BHKehWnb1hlaPclDAA,"1ZwdS5xdxEREPySFridCfh,3GMoVpWJy4smKuxFuFTwXC,6DPYiyq5kWVQS4RGwxzPC7",2Pac|Roger|Dr. Dre,16965024|166064|11017086,g funk|gangster rap|hip hop|rap|west coast rap|funk|new jack swing|p funk|post-disco|quiet storm|g funk|gangster rap|hip hop|rap|west coast rap,78|63|78,2007-12-03,day,64,2024-01-08
0.686,0.623,1,-3.425,1,0.13,0.00287,0.00145,0.219,0.176,140.171,219759,4,51Nwg5wCDDiqcTntgJUlLo,I Got the Keys (feat. Jay-Z & Future),62y3BHKehWnb1hlaPclDAA,"0QHgL1lAIqAw0HtD7YldmP,3nFkdlSjzX9mRTtwJOzDYB,1RyvyyTE3xzB2ZywiAwp0i",DJ Khaled|JAY-Z|Future,10860995|8801570|15692678,hip hop|miami hip hop|pop rap|rap|east coast hip hop|gangster rap|hip hop|pop rap|rap|atl hip hop|hip hop|rap|southern hip hop|trap,74|82|88,2016-07-04,day,51,2024-01-08
0.72,0.816,5,-3.313,1,0.143,0.207,0.0,0.813,0.487,125.074,233000,4,4afMG2PlvFfX976bZJvHmb,"WDYW (feat. Lil Uzi Vert, A$AP Ferg & Rich The Kid)",62y3BHKehWnb1hlaPclDAA,"7CCjtD0hCK005Bvg2WG1a7,4O15NlyKLIASxsJ0PrXPfz,5dHt1vcEm9qb8fCyLcB3HL,1pPmIToKXyGdsCF6LmqLmI",Carnage|Lil Uzi Vert|A$AP Ferg|Rich The Kid,311329|16484624|3710766|3203856,edm|electro house|electronic trap|viral trap|hip hop|melodic rap|philly rap|rage rap|rap|hip hop|pop rap|rap|southern hip hop|trap|atl hip hop|melodic rap|plugg|rap|trap,51|85|69|66,2015-10-30,day,50,2024-01-08
0.925,0.741,9,-5.827,0,0.315,0.0653,0.0,0.044,0.654,93.04,247107,4,6fqqAsCYfDOtXAD8Ydo06K,Tipsy - Club Mix,62y3BHKehWnb1hlaPclDAA,1Zz5UxfKSSqc6hpa3xJPCw,J-Kwon,262084,dirty south rap|southern hip hop,51,2001-01-01,day,58,2024-01-08
0.706,0.888,2,-6.959,1,0.0654,0.119,9.64e-05,0.07,0.714,121.549,253733,4,5Mmk2ii6laakqfeCT7OnVD,Thong Song,62y3BHKehWnb1hlaPclDAA,6x9QLdzo6eBZxJ1bHsDkjg,Sisqo,967921,contemporary r&b|dirty south rap|hip pop|r&b|urban contemporary,57,1999-11-30,day,72,2024-01-08
0.886,0.427,6,-10.028,1,0.145,0.0312,0.00099,0.0906,0.23,108.034,177184,4,5uDASfU19gDxSjW8cnCaBp,Chill Bill (feat. J. Davi$ & Spooks),62y3BHKehWnb1hlaPclDAA,"2hWs22BmQkK4czFtDLnar2,1rs3y69kDwkIdGJcOYngQt,36Tn5h23ysORlLKc42UXfe",Rob $tone|J. Davi$|J Spooks,257651|4669|1659,san diego rap|viral trap||,57|56|56,2016-06-17,day,78,2024-01-08
0.867,0.505,0,-6.862,1,0.0468,0.0743,0.0,0.141,0.231,111.956,214520,4,2cZRGrMM82Xoh9SYsO46hR,No Sleep - Intro,62y3BHKehWnb1hlaPclDAA,13y7CgLHjMVRMDqxdx0Xdo,Gucci Mane,5220799,atl hip hop|dirty south rap|hip hop|pop rap|rap|southern hip hop|trap,76,2016-07-22,day,35,2024-01-08
0.916,0.571,10,-8.241,0,0.2,0.0173,1.11e-06,0.153,0.498,103.521,183695,4,4JDZl9nKIAhAhDjw753u4X,For Free (feat. Drake),62y3BHKehWnb1hlaPclDAA,"0QHgL1lAIqAw0HtD7YldmP,3TVXtAsR1Inumwj472S9r4",DJ Khaled|Drake,10860995|83626299,hip hop|miami hip hop|pop rap|rap|canadian hip hop|canadian pop|hip hop|pop rap|rap,74|96,2016-06-17,day,55,2024-01-08
0.816,0.775,11,-3.323,1,0.234,0.16,0.00031,0.0543,0.527,93.431,270587,4,503OTo2dSqe7qk76rgsbep,Still D.R.E.,62y3BHKehWnb1hlaPclDAA,"6DPYiyq5kWVQS4RGwxzPC7,7hJcb9fa4alzcOq3EaNPoG",Dr. Dre|Snoop Dogg,11017086|10871699,g funk|gangster rap|hip hop|rap|west coast rap|g funk|gangster rap|hip hop|pop rap|rap|west coast rap,78|81,1999-11-16,day,85,2024-01-08
0.902,0.72,6,-2.776,0,0.347,0.26,0.0,0.0749,0.805,90.059,193467,4,4RY96Asd9IefaL3X4LOLZ8,In Da Club,62y3BHKehWnb1hlaPclDAA,3q7HBObVc0L8jNeTe5Gofh,50 Cent,13325784,east coast hip hop|gangster rap|hip hop|pop rap|queens hip hop|rap,82,2003-02-06,day,78,2024-01-08
0.657,0.734,8,-4.832,0,0.484,0.149,0.0,0.139,0.434,91.03,223507,4,5SkRLpaGtvYPhw02vZhQQ9,All Falls Down,62y3BHKehWnb1hlaPclDAA,"5K4W6rqBFWDnAN6FQUkS6x,1lE6SEy8f84Zhjvp7r8yTD",Kanye West|Syleena Johnson,22986248|319008,chicago rap|hip hop|rap|contemporary r&b|neo soul|r&b|urban contemporary,91|63,2004-02-10,day,84,2024-01-08
0.494,0.887,6,-4.297,0,0.398,0.00661,0.0,0.103,0.548,89.554,234627,4,7sLpSWxQazJzDVG6YGzlVs,99 Problems,62y3BHKehWnb1hlaPclDAA,3nFkdlSjzX9mRTtwJOzDYB,JAY-Z,8801570,east coast hip hop|gangster rap|hip hop|pop rap|rap,82,2003-11-14,day,69,2024-01-08
0.834,0.878,8,-9.484,1,0.15,0.0461,0.0,0.334,0.418,102.848,258688,4,6KIKRz9eSTXdNsGUnomdtW,Straight Outta Compton,62y3BHKehWnb1hlaPclDAA,4EnEZVjo3w1cwcQYePccay,N.W.A.,5436763,conscious hip hop|gangster rap|golden age hip hop|hip hop|old school hip hop|rap|west coast rap,64,1988-08-08,day,74,2024-01-08
0.537,0.948,8,-3.063,1,0.355,0.151,0.0,0.356,0.792,186.151,286267,4,6RUpJeXT6U4SPEafnr9Wr7,Where The Hood At,62y3BHKehWnb1hlaPclDAA,1HwM5zlC5qNWhJtM00yXzG,DMX,4816671,detroit hip hop|east coast hip hop|gangster rap|hardcore hip hop|hip hop|rap,69,2003-01-01,day,72,2024-01-08
0.759,0.891,11,-2.983,1,0.257,0.0298,0.0,0.141,0.587,98.579,216707,4,3CcvahnsiArpTHYQEWV2Au,Bring Em Out,62y3BHKehWnb1hlaPclDAA,4OBJLual30L7gRl5UkeRcT,T.I.,4683892,atl hip hop|dirty south rap|gangster rap|hip hop|pop rap|rap|southern hip hop|trap,73,2004-11-28,day,67,2024-01-08
0.628,0.844,11,-2.825,0,0.0744,0.0132,0.0,0.108,0.367,115.091,200839,4,50S4mpD9sR0ITKEfC0O2cb,waves (feat. Travis Scott) - Remix,62y3BHKehWnb1hlaPclDAA,"360IAlyVv4PCEVjgyMZrxK,0Y5tJX1MQlPlqiwlOH1tJY",Miguel|Travis Scott,4903257|26203362,r&b|hip hop|rap|slap house,78|91,2016-02-26,day,45,2024-01-08
0.939,0.579,4,-6.161,0,0.271,0.00835,4.78e-05,0.0914,0.635,110.031,212774,4,00kYtO6UJq0q9aJ1n3iY1c,Girls @ (feat. Chance the Rapper),62y3BHKehWnb1hlaPclDAA,"1ewyVtTZBqFYWIcepopRhp,1anyVhU62p31KFi8MEzkbf",Joey Purp|Chance the Rapper,136510|5947668,chicago rap|indie hip hop|underground hip hop|chicago rap|conscious hip hop|hip hop|pop rap|rap,47|72,2016-07-15,day,39,2024-01-08
0.422,0.816,10,-3.059,0,0.314,0.209,0.0,0.0877,0.538,82.852,176227,4,0LSawp8fYiAmY5KCLfYos5,Intro,62y3BHKehWnb1hlaPclDAA,"5oNgAs7j5XcBMzWv3HAnHG,55Aa2cqylxrFIXC767Z865",DJ Drama|Lil Wayne,1456750|14232381,dirty south rap|philly rap|southern hip hop|trap|hip hop|new orleans rap|pop rap|rap|trap,58|85,2016-07-22,day,29,2024-01-08
0.721,0.738,2,-5.682,1,0.0649,0.00222,0.0,0.224,0.375,135.987,312960,4,0BKXZkU8oGad58MyTFyFXu,Blunt Blowin,62y3BHKehWnb1hlaPclDAA,55Aa2cqylxrFIXC767Z865,Lil Wayne,14232381,hip hop|new orleans rap|pop rap|rap|trap,85,2011-08-29,day,65,2024-01-08
0.787,0.73,11,-6.788,0,0.35,0.0276,0.00157,0.0828,0.739,159.825,220293,4,3ZAMtgYJFoHwJjFkhkXqKr,Dance (A$$) Remix,62y3BHKehWnb1hlaPclDAA,"0c173mlxpT3dSFRgMO8XPh,0hCNtLu0JehylgoiP8L4Gh",Big Sean|Nicki Minaj,11115824|30496118,detroit hip hop|hip hop|pop rap|r&b|rap|trap|hip pop|pop|queens hip hop|rap,75|88,2011-01-01,day,63,2024-01-08
0.83,0.672,11,-4.199,1,0.333,0.0362,0.0,0.106,0.406,140.081,233373,4,5EPQXIxxry2D99lq31Hdu7,15th and the 1st (feat. YG Hootie),62y3BHKehWnb1hlaPclDAA,"13y7CgLHjMVRMDqxdx0Xdo,6f4XkbvYlXMH0QgVRzW0sM",Gucci Mane|Waka Flocka Flame,5220799|2684309,atl hip hop|dirty south rap|hip hop|pop rap|rap|southern hip hop|trap|atl hip hop|dirty south rap|pop rap|rap|southern hip hop|trap,76|64,2011-08-05,day,52,2024-01-08
0.786,0.689,1,-6.113,1,0.315,0.00931,1.14e-06,0.214,0.874,157.936,235307,4,6QgkOxBXqVRjZ1JcIDbDYY,Booty Wurk (One Cheek At a Time) (feat. Joey Galaxy),62y3BHKehWnb1hlaPclDAA,"3aQeKQSyrW4qWr35idm0cy,1HvYwEbfOUhm2F4g9nH0vP",T-Pain|Joey Galaxy,4615060|757,dance pop|gangster rap|hip hop|pop rap|r&b|rap|southern hip hop|trap|urban contemporary|,76|46,2014,year,67,2024-01-08
0.732,0.69,0,-4.992,0,0.134,0.291,0.0,0.116,0.758,143.072,206307,4,4jTiyLlOJVJj3mCr7yfPQD,This Could Be Us,62y3BHKehWnb1hlaPclDAA,7iZtZyCzp3LItcw1wtPI3D,Rae Sremmurd,7361248,melodic rap|mississippi hip hop|pop rap|rap|trap,71,2015-01-06,day,81,2024-01-08
0.894,0.791,2,-4.699,1,0.112,0.0183,0.0,0.0388,0.583,105.018,250373,4,5rb9QrpfcKFHM1EUbSIurX,Yeah! (feat. Lil Jon & Ludacris),62y3BHKehWnb1hlaPclDAA,"23zg3TcAtWQy7J6upgbUnj,7sfl4Xt5KmfyDs2T3SVSMK,3ipn9JLAPI5GUEo4y4jcoi",USHER|Lil Jon|Ludacris,10846051|1493347|2755957,atl hip hop|contemporary r&b|dance pop|pop|r&b|rap|south carolina hip hop|urban contemporary|atl hip hop|crunk|dance pop|dirty south rap|old school atlanta hip hop|pop rap|southern hip hop|trap|atl hip hop|dance pop|dirty south rap|hip hop|old school atlanta hip hop|pop rap|rap|southern hip hop|trap,80|71|75,2004-03-23,day,85,2024-01-08
0.633,0.853,8,-6.491,1,0.389,0.302,0.0,0.152,0.544,130.018,211965,4,7MDKvOzNgAJ3KMCtaP2UOa,"Hella Hoes (feat. A$AP Rocky, A$AP Ferg, A$AP Nast & A$AP Twelvyy)",62y3BHKehWnb1hlaPclDAA,"7yO4IdJjCEPz7YgZMe25iS,13ubrt8QOOCPljQ2FL1Kca,5dHt1vcEm9qb8fCyLcB3HL,1uLYUm2A6kpFYAECfAFoH1,0tPjSrb43a58uznKru1k2P",A$AP Mob|A$AP Rocky|A$AP Ferg|A$AP NAST|A$AP Twelvyy,2133092|13299639|3710766|35790|319255,hip hop|rap|southern hip hop|trap|east coast hip hop|hip hop|rap|trap|hip hop|pop rap|rap|southern hip hop|trap|harlem hip hop|underground hip hop,57|81|69|49|52,2014-06-06,day,50,2024-01-08
0.865,0.718,8,-3.882,1,0.204,0.0023,7.62e-05,0.264,0.476,153.548,237655,4,6JvHYmanlC8FdbeiCztcrR,Campaign (feat. Future),62y3BHKehWnb1hlaPclDAA,"7c0XG5cIJTrrAgEC3ULPiq,1RyvyyTE3xzB2ZywiAwp0i",Ty Dolla $ign|Future,4870732|15692678,hip hop|pop rap|r&b|southern hip hop|trap|trap soul|atl hip hop|hip hop|rap|southern hip hop|trap,79|88,2016-09-23,day,44,2024-01-08
0.687,0.829,3,-4.204,0,0.26,0.0124,0.0,0.107,0.154,133.854,188069,4,5tkDCf3xKRZjT5RbCb3sZB,Big Amount,62y3BHKehWnb1hlaPclDAA,"17lzZA2AlOHwCwFALHttmp,3TVXtAsR1Inumwj472S9r4",2 Chainz|Drake,8017349|83626299,atl hip hop|hip hop|pop rap|rap|southern hip hop|trap|canadian hip hop|canadian pop|hip hop|pop rap|rap,75|96,2017-06-16,day,54,2024-01-08
0.835,0.413,1,-9.81,1,0.396,0.373,0.00133,0.101,0.111,149.004,258880,4,6fwdbPMwP1zVStm8FybmkO,X (feat. Future),62y3BHKehWnb1hlaPclDAA,"1URnnhqYAYcrqrcwql10ft,0iEtIxbK0KxaSlF7G42ZOp,1RyvyyTE3xzB2ZywiAwp0i",21 Savage|Metro Boomin|Future,16213669|6641993|15692678,atl hip hop|hip hop|rap|rap|atl hip hop|hip hop|rap|southern hip hop|trap,89|87|88,2016-07-15,day,74,2024-01-08
0.835,0.757,8,-5.029,0,0.23,0.00647,0.0,0.29,0.626,82.038,274387,4,6o3s08kk2fQI37vxGZDrJ1,Snap Yo Fingers,62y3BHKehWnb1hlaPclDAA,"7sfl4Xt5KmfyDs2T3SVSMK,3crnzLy8R4lVwaigKEOz7V,2ZVEnkCKF0ytNHpj9cLxte",Lil Jon|E-40|Sean Paul,1493347|861320|13070,atl hip hop|crunk|dance pop|dirty south rap|old school atlanta hip hop|pop rap|southern hip hop|trap|cali rap|gangster rap|hyphy|oakland hip hop|west coast rap|,71|66|52,2006-05-02,day,71,2024-01-08
0.833,0.673,1,-6.981,0,0.315,0.329,0.0,0.136,0.753,148.019,149080,4,39liuGHPxn2sAyvO6DINor,Back on Road,62y3BHKehWnb1hlaPclDAA,"13y7CgLHjMVRMDqxdx0Xdo,3TVXtAsR1Inumwj472S9r4",Gucci Mane|Drake,5220799|83626299,atl hip hop|dirty south rap|hip hop|pop rap|rap|southern hip hop|trap|canadian hip hop|canadian pop|hip hop|pop rap|rap,76|96,2016-07-22,day,53,2024-01-08
0.485,0.72,6,-5.991,1,0.127,0.0123,0.0,0.0546,0.0471,207.982,126960,4,1j6kDJttn6wbVyMaM42Nxm,Lord Pretty Flacko Jodye 2 (LPFJ2),62y3BHKehWnb1hlaPclDAA,13ubrt8QOOCPljQ2FL1Kca,A$AP Rocky,13299639,east coast hip hop|hip hop|rap|trap,81,2015-05-26,day,75,2024-01-08
0.867,0.618,2,-6.936,1,0.102,0.185,0.00011,0.314,0.191,120.969,233294,4,0uuE2usj5bvRqfKlfOu1NZ,I Want (feat. 2 Chainz),62y3BHKehWnb1hlaPclDAA,"5SyGEPymt1G2uto47tVWvZ,17lzZA2AlOHwCwFALHttmp",MadeinTYO|2 Chainz,1024999|8017349,atl hip hop|melodic rap|trap|atl hip hop|hip hop|pop rap|rap|southern hip hop|trap,57|75,2016-08-19,day,52,2024-01-08
0.774,0.663,1,-7.283,1,0.12,0.0221,0.0,0.292,0.124,140.043,181107,3,5YCs9rP6ZcMJW6me3QhtWr,Uber Everywhere (feat. Travis Scott),62y3BHKehWnb1hlaPclDAA,"5SyGEPymt1G2uto47tVWvZ,0Y5tJX1MQlPlqiwlOH1tJY",MadeinTYO|Travis Scott,1024999|26203362,atl hip hop|melodic rap|trap|hip hop|rap|slap house,57|91,2016-08-19,day,53,2024-01-08
0.861,0.521,1,-4.735,0,0.151,0.27,0.0,0.133,0.378,105.069,261067,4,4PYICbxa2pc51H4yRnwg9L,New Bae,62y3BHKehWnb1hlaPclDAA,27w1NoOLMX7tJMYqcetPyG,VIC MENSA,615367,canadian hip hop|chicago rap|conscious hip hop|underground hip hop,56,2016-06-03,day,40,2024-01-08
0.921,0.373,6,-11.513,1,0.328,0.212,0.0,0.105,0.179,125.981,215373,4,5QrT8pNtw1UnjqFuSUsenv,Pussy Print (feat. Kanye West),62y3BHKehWnb1hlaPclDAA,"13y7CgLHjMVRMDqxdx0Xdo,5K4W6rqBFWDnAN6FQUkS6x",Gucci Mane|Kanye West,5220799|22986248,atl hip hop|dirty south rap|hip hop|pop rap|rap|southern hip hop|trap|chicago rap|hip hop|rap,76|91,2016-07-22,day,46,2024-01-08
0.413,0.928,9,-3.671,1,0.321,0.106,0.0,0.331,0.469,83.203,281980,4,4o1zYFH5QWKu3E4MiC6lgE,"Holy Key (feat. Big Sean, Kendrick Lamar & Betty Wright)",62y3BHKehWnb1hlaPclDAA,"0QHgL1lAIqAw0HtD7YldmP,0c173mlxpT3dSFRgMO8XPh,2YZyLoL8N0Wb9xBt1NhZWg,0PDqlUGugF5Jt6DZyATvfz",DJ Khaled|Big Sean|Kendrick Lamar|Betty Wright,10860995|11115824|26526500|273943,hip hop|miami hip hop|pop rap|rap|detroit hip hop|hip hop|pop rap|r&b|rap|trap|conscious hip hop|hip hop|rap|west coast rap|classic soul|quiet storm|soul|southern soul,74|75|87|46,2016-08-05,day,41,2024-01-08
0.83,0.746,5,-6.286,0,0.0579,0.00456,0.0,0.26,0.646,125.992,220507,4,6RpiAj9Ofv0Uqp6n2OuRoh,In the Ayer (feat. will.I.am),62y3BHKehWnb1hlaPclDAA,"0jnsk9HBra6NMjO2oANoPY,085pc2PYOi8bGKj0PNjekA",Flo Rida|will.i.am,8676033|4116475,dance pop|miami hip hop|pop|pop rap|dance pop|pop,78|71,2008-03-17,day,57,2024-01-08
0.807,0.97,10,-6.056,0,0.0477,0.0536,6.6e-05,0.149,0.876,114.297,242373,4,3SwlakM6VX47IwG0Wll5ek,Promiscuous,62y3BHKehWnb1hlaPclDAA,"2jw70GZXlAI8QzWeY2bgRc,5Y5TRrQiqgUO4S36tzjIRZ",Nelly Furtado|Timbaland,3681925|2711268,canadian latin|canadian pop|dance pop|pop|dance pop|pop|pop rap,75|76,2010-01-01,day,59,2024-01-08
0.715,0.617,9,-3.132,1,0.0599,0.276,0.0,0.0317,0.653,140.05,169413,4,5sNBGuuhLjqNlEeB10YFfu,Rooster in My Rari,62y3BHKehWnb1hlaPclDAA,6f4XkbvYlXMH0QgVRzW0sM,Waka Flocka Flame,2684309,atl hip hop|dirty south rap|pop rap|rap|southern hip hop|trap,64,2012-06-08,day,41,2024-01-08
0.863,0.576,5,-5.687,0,0.239,0.124,0.0,0.143,0.832,132.054,236293,4,55OdqrG8WLmsYyY1jijD9b,Wyclef Jean,62y3BHKehWnb1hlaPclDAA,50co4Is1HCEo8bhOyUWKpn,Young Thug,9355686,atl hip hop|atl trap|gangster rap|melodic rap|rap|trap,83,2016-08-26,day,63,2024-01-08
0.816,0.488,8,-6.223,1,0.38,0.0479,0.0,0.156,0.218,132.125,190147,4,1yKLa9X63tBfvLojNOw9y8,Harambe,62y3BHKehWnb1hlaPclDAA,50co4Is1HCEo8bhOyUWKpn,Young Thug,9355686,atl hip hop|atl trap|gangster rap|melodic rap|rap|trap,83,2016-08-26,day,51,2024-01-08
0.926,0.517,9,-6.794,1,0.184,0.00218,0.0,0.091,0.284,132.07,197747,4,0tISnxqgVmxqhVghsTi2Rr,With Them,62y3BHKehWnb1hlaPclDAA,50co4Is1HCEo8bhOyUWKpn,Young Thug,9355686,atl hip hop|atl trap|gangster rap|melodic rap|rap|trap,83,2016-03-25,day,59,2024-01-08
0.745,0.669,9,-3.613,1,0.129,0.522,0.0,0.154,0.699,143.164,181154,4,6YBaCpYSMtzj2sf402aLfm,Cash Machine,62y3BHKehWnb1hlaPclDAA,5M0lbkGluOPXLeFjApw8r8,DRAM,841064,pop rap|trap|underground hip hop|viral trap|virginia hip hop,58,2016-09-09,day,32,2024-01-08
0.794,0.653,7,-7.839,1,0.104,0.0489,4.88e-05,0.1,0.397,117.996,263373,4,3BtuIIrQlkujKPuWF2B85z,Too Good,62y3BHKehWnb1hlaPclDAA,"3TVXtAsR1Inumwj472S9r4,5pKCCKE2ajJHZ9KAiaK11H",Drake|Rihanna,83626299|58780253,canadian hip hop|canadian pop|hip hop|pop rap|rap|barbadian pop|pop|urban contemporary,96|89,2016-05-06,day,77,2024-01-08
0.64,0.819,7,-4.108,1,0.455,0.533,0.0,0.156,0.623,166.012,234526,4,0D21XvHcVsIvJM6FcGY2BT,OOOUUU,62y3BHKehWnb1hlaPclDAA,7LvoDJUNGnOrPdGRzVtOJ9,Young M.A,1434868,alternative r&b|lgbtq+ hip hop|nyc rap|rap|trap,58,2016-05-20,day,56,2024-01-08
0.708,0.887,11,-3.199,1,0.09,0.254,0.0,0.088,0.402,141.146,224078,4,3rPTZlxePEFOTlAuNTerGu,Tour Bus,62y3BHKehWnb1hlaPclDAA,"2QSaE1FL41ctwxfEMsQs2s,2IvDciyETEPNqCpWkBbj0j,5ndkK3dpZLKtBklKjxNQwT",JAQUE BEATZ|Jake Lambo|B.o.B,1193|1664|2078336,deep underground hip hop|deep underground hip hop|atl hip hop|dance pop|pop rap|rap|southern hip hop,27|9|71,2015-07-01,day,7,2024-01-08
0.833,0.434,2,-8.795,1,0.431,0.0102,0.0219,0.165,0.281,150.062,204600,4,0VgkVdmE4gld66l8iyGjgx,Mask Off,62y3BHKehWnb1hlaPclDAA,1RyvyyTE3xzB2ZywiAwp0i,Future,15692678,atl hip hop|hip hop|rap|southern hip hop|trap,88,2017-06-30,day,84,2024-01-08
0.497,0.489,11,-7.724,0,0.294,0.0576,9.91e-05,0.122,0.231,171.853,268187,4,4Q3N4Ct4zCuIHuZ65E3BD4,Tunnel Vision,62y3BHKehWnb1hlaPclDAA,46SHBwWsqBkxI7EeeBEQG7,Kodak Black,10072386,florida drill|florida rap|melodic rap|miami hip hop|rap|trap|trap latino,80,2017-03-31,day,74,2024-01-08
0.925,0.443,1,-8.216,1,0.264,0.0172,0.0,0.276,0.35,136.078,236615,4,2bjwRfXMk4uRgOD9IBYl9h,Portland,62y3BHKehWnb1hlaPclDAA,"3TVXtAsR1Inumwj472S9r4,0VRj0yCOv2FXJNP47XQnx5,0Y5tJX1MQlPlqiwlOH1tJY",Drake|Quavo|Travis Scott,83626299|7128651|26203362,canadian hip hop|canadian pop|hip hop|pop rap|rap|atl hip hop|melodic rap|rap|trap|hip hop|rap|slap house,96|77|91,2017-03-18,day,74,2024-01-08
0.865,0.687,10,-3.744,0,0.217,0.242,0.0,0.158,0.486,139.023,242407,4,1rkfJLgTlB6XYNjgZ0sVaK,T-Shirt,62y3BHKehWnb1hlaPclDAA,6oMuImdp5ZcFhWP0ESe6mG,Migos,13641028,atl hip hop|hip hop|pop rap|rap|trap,75,2017-01-27,day,69,2024-01-08
0.723,0.654,0,-6.82,1,0.298,0.384,0.0,0.384,0.675,149.949,252240,4,6xbraxG0bSBOuAr5IUXmtM,iSpy (feat. Lil Yachty),62y3BHKehWnb1hlaPclDAA,"4qBgvVog0wzW75IQ48mU7v,6icQOAFXDZKsumw3YXyusw",KYLE|Lil Yachty,1051546|9554683,deep underground hip hop|indie pop rap|pop rap|atl hip hop|melodic rap|rap|trap,61|78,2018-05-18,day,69,2024-01-08
0.704,0.777,2,-5.729,1,0.195,0.0358,0.0,0.151,0.392,111.921,141542,4,60xaS8mYBKUW4VQQ666N0T,All Night (feat. Knox Fortune),62y3BHKehWnb1hlaPclDAA,"1anyVhU62p31KFi8MEzkbf,49O0SPoCoTiK2Nn2tOaHyU",Chance the Rapper|Knox Fortune,5947668|29069,chicago rap|conscious hip hop|hip hop|pop rap|rap|chicago indie,72|47,2016-05-27,day,68,2024-01-08
0.78,0.575,1,-5.628,0,0.139,0.106,0.0,0.129,0.273,81.502,222360,4,0SGkqnVQo9KPytSri1H6cF,Bounce Back,62y3BHKehWnb1hlaPclDAA,0c173mlxpT3dSFRgMO8XPh,Big Sean,11115824,detroit hip hop|hip hop|pop rap|r&b|rap|trap,75,2017-02-03,day,71,2024-01-08
0.768,0.807,2,-5.508,0,0.106,0.053,2.99e-06,0.214,0.575,112.001,284000,4,7Fa5UNizycSms5jP3SQD3F,Shining (feat. Beyoncé & Jay-Z),62y3BHKehWnb1hlaPclDAA,"0QHgL1lAIqAw0HtD7YldmP,6vWDO969PvNqNYHIOW5v0m,3nFkdlSjzX9mRTtwJOzDYB",DJ Khaled|Beyoncé|JAY-Z,10860995|36524672|8801570,hip hop|miami hip hop|pop rap|rap|pop|r&b|east coast hip hop|gangster rap|hip hop|pop rap|rap,74|85|82,2017-06-22,day,54,2024-01-08
0.736,0.795,1,-3.299,0,0.0545,0.498,1.21e-06,0.254,0.511,104.066,230813,4,6gpcs5eMhJwax4mIfKDYQk,Slide (feat. Frank Ocean & Migos),62y3BHKehWnb1hlaPclDAA,"7CajNmpbOovFoOoasH2HaY,2h93pZq0e7k5yf4dywlkpM,6oMuImdp5ZcFhWP0ESe6mG",Calvin Harris|Frank Ocean|Migos,23070413|12648718|13641028,dance pop|edm|electro house|house|pop|pop dance|progressive house|uk dance|lgbtq+ hip hop|neo soul|atl hip hop|hip hop|pop rap|rap|trap,84|83|75,2017-02-24,day,72,2024-01-08
0.697,0.691,2,-4.757,1,0.146,0.214,0.0,0.185,0.305,137.853,239293,4,1PSBzsahR2AKwLJgx8ehBj,Bad Things (with Camila Cabello),62y3BHKehWnb1hlaPclDAA,"6TIYQ3jFPwQSRmorSezPxX,4nDoRrQiYLoBzwC5BhVJzF",Machine Gun Kelly|Camila Cabello,5165910|32256818,ohio hip hop|pop rap|dance pop|pop,75|79,2017-05-12,day,74,2024-01-08
0.95,0.743,10,-5.861,0,0.238,0.0646,1.11e-05,0.103,0.619,136.983,257546,4,2jGEiQ3otr4CPIeBgefjRA,Get Right Witcha,62y3BHKehWnb1hlaPclDAA,6oMuImdp5ZcFhWP0ESe6mG,Migos,13641028,atl hip hop|hip hop|pop rap|rap|trap,75,2017-01-27,day,62,2024-01-08
0.942,0.773,5,-4.855,1,0.211,0.0378,0.0,0.0736,0.647,125.063,220808,4,2blzf3nIpUlxoFSZ3PEpNL,FDB,62y3BHKehWnb1hlaPclDAA,3ZooCJzNMTLpmJaIRUEorI,Young Dro,847719,atl hip hop|crunk|dirty south rap|futuristic swag|old school atlanta hip hop|southern hip hop|trap,47,2013-10-15,day,45,2024-01-08
0.939,0.548,2,-7.16,1,0.141,0.0013,0.0,0.111,0.0631,134.007,187213,4,3lNfezSWDZIdt6XMwyNCJi,Dab of Ranch - Recorded at Spotify Studios NYC,62y3BHKehWnb1hlaPclDAA,"6oMuImdp5ZcFhWP0ESe6mG,1MHslxKWxauC559dXYEX1C",Migos|DJ Durel,13641028|6435,atl hip hop|hip hop|pop rap|rap|trap|,75|28,2017,year,32,2024-01-08
0.834,0.433,0,-9.607,1,0.174,0.0258,0.0,0.633,0.229,133.938,189853,3,433P7tDcIAi6NLnf4Sh6tI,Still Here,62y3BHKehWnb1hlaPclDAA,3TVXtAsR1Inumwj472S9r4,Drake,83626299,canadian hip hop|canadian pop|hip hop|pop rap|rap,96,2016-05-06,day,68,2024-01-08
0.592,0.403,0,-8.768,0,0.414,0.62,0.0,0.54,0.391,105.169,320680,4,1eQBEelI2NCy7AUTerX0KS,Ultralight Beam,62y3BHKehWnb1hlaPclDAA,5K4W6rqBFWDnAN6FQUkS6x,Kanye West,22986248,chicago rap|hip hop|rap,91,2016-06-10,day,72,2024-01-08
0.374,0.568,1,-3.825,0,0.109,0.219,0.00219,0.513,0.111,84.733,547733,4,3DK6m7It6Pw857FcQftMds,Runaway,62y3BHKehWnb1hlaPclDAA,"5K4W6rqBFWDnAN6FQUkS6x,0ONHkAv9pCAFxb0zJwDNTy",Kanye West|Pusha T,22986248|2882949,chicago rap|hip hop|rap|gangster rap|hip hop|pop rap|rap|southern hip hop|trap|virginia hip hop,91|72,2010-11-22,day,89,2024-01-08
0.603,0.725,6,-3.054,1,0.0393,0.174,0.0,0.0786,0.304,122.803,239853,4,3NJG6vMH1ZsectZkocMEm0,Tiimmy Turner,62y3BHKehWnb1hlaPclDAA,7pFeBzX627ff0VnN6bxPR4,Desiigner,3516657,pop rap|rap|southern hip hop|trap|viral trap,60,2016-07-22,day,68,2024-01-08
0.722,0.614,11,-7.549,0,0.115,0.00466,0.0,0.106,0.485,154.903,182728,4,5lqQaR00aXDezywi6GfrF5,XO Tour Llif3,62y3BHKehWnb1hlaPclDAA,4O15NlyKLIASxsJ0PrXPfz,Lil Uzi Vert,16484624,hip hop|melodic rap|philly rap|rage rap|rap,85,2017-08-24,day,49,2024-01-08
0.789,0.715,0,-3.477,1,0.178,0.367,0.0,0.0947,0.39,130.045,247385,4,5dwT1VohRzyqh0qO4HqsJm,Good Drank 2.0,62y3BHKehWnb1hlaPclDAA,"17lzZA2AlOHwCwFALHttmp,13y7CgLHjMVRMDqxdx0Xdo,0VRj0yCOv2FXJNP47XQnx5,0sP0rz6ukSBlwai7AwiWl7",2 Chainz|Gucci Mane|Quavo|The Trap Choir,8017349|5220799|7128651|299,atl hip hop|hip hop|pop rap|rap|southern hip hop|trap|atl hip hop|dirty south rap|hip hop|pop rap|rap|southern hip hop|trap|atl hip hop|melodic rap|rap|trap|,75|76|77|14,2017-03-06,day,34,2024-01-08
0.749,0.865,3,-5.228,1,0.0413,0.00536,0.0,0.198,0.371,111.914,216013,4,5SsR3wtCOafDmZgvIdRhSm,Man Of The Year,62y3BHKehWnb1hlaPclDAA,5IcR3N7QB1j6KBL8eImZ8m,ScHoolboy Q,4616817,gangster rap|hip hop|pop rap|rap|southern hip hop|trap,70,2014-01-01,day,73,2024-01-08
0.809,0.463,11,-11.377,1,0.0396,0.256,0.085,0.109,0.364,111.98,298941,4,5mCPDVBb16L4XQwDdbRUpz,Passionfruit,62y3BHKehWnb1hlaPclDAA,3TVXtAsR1Inumwj472S9r4,Drake,83626299,canadian hip hop|canadian pop|hip hop|pop rap|rap,96,2017-03-18,day,86,2024-01-08
0.841,0.728,7,-3.37,1,0.0484,0.0847,0.0,0.149,0.43,130.049,243837,4,6gBFPUFcJLzWGx4lenP6h2,goosebumps,62y3BHKehWnb1hlaPclDAA,0Y5tJX1MQlPlqiwlOH1tJY,Travis Scott,26203362,hip hop|rap|slap house,91,2016-09-16,day,88,2024-01-08
0.657,0.421,9,-11.378,1,0.412,0.352,0.000218,0.187,0.181,174.063,264747,4,6I6NX6tjGsxFAsIfGzY9lJ,Deja Vu,62y3BHKehWnb1hlaPclDAA,6l3HvQ5sa6mXTsMTB19rO5,J. Cole,22394288,conscious hip hop|hip hop|north carolina hip hop|rap,86,2016-12-09,day,73,2024-01-08
0.851,0.625,10,-5.417,0,0.303,0.195,0.0,0.266,0.668,99.061,158684,4,2NyrXRn4tancYPW6JwtTl2,From The D To The A (feat. Lil Yachty),62y3BHKehWnb1hlaPclDAA,"6AUl0ykLLpvTktob97x9hO,6icQOAFXDZKsumw3YXyusw",Tee Grizzley|Lil Yachty,3630266|9554683,detroit hip hop|detroit trap|rap|southern hip hop|trap|atl hip hop|melodic rap|rap|trap,69|78,2017-03-17,day,73,2024-01-08
0.859,0.599,9,-5.254,1,0.0614,0.000362,8.2e-06,0.13,0.319,140.005,252520,4,20FZrLl9zSbO9b3DhaqO6M,23,62y3BHKehWnb1hlaPclDAA,"0NWbwDZY1VkRqFafuQm6wk,5YGY8feqx7naU7z4HrwZM6,137W8MRPWKqSmrBGDBFSop,5gCRApTajqwbnHHPbr2Fpi",Mike WiLL Made-It|Miley Cyrus|Wiz Khalifa|Juicy J,1553951|22959261|11073613|3138996,atl hip hop|rap|southern hip hop|trap|pop|hip hop|pittsburgh rap|pop rap|rap|southern hip hop|trap|crunk|memphis hip hop|pop rap|rap|southern hip hop|trap,66|83|80|72,2013-01-01,day,72,2024-01-08
0.781,0.728,1,-4.981,1,0.0621,0.0509,1.94e-06,0.257,0.395,102.99,219306,4,0NTMtAO2BV4tnGvw9EgBVq,Bitch Better Have My Money,62y3BHKehWnb1hlaPclDAA,5pKCCKE2ajJHZ9KAiaK11H,Rihanna,58780253,barbadian pop|pop|urban contemporary,89,2015-03-26,day,78,2024-01-08
0.943,0.949,1,-4.22,1,0.222,0.0362,0.0,0.417,0.701,110.984,199432,4,5BtN3kFKoISSWFpXWz7O4L,OG Bobby Johnson,62y3BHKehWnb1hlaPclDAA,4Mop3hBjHoSoKwwkzKD3Gi,QUE.,45872,atl trap|viral trap,31,2013-12-17,day,49,2024-01-08
0.846,0.438,11,-4.981,1,0.141,0.2,9.43e-05,0.0939,0.512,85.013,237480,4,61LtVmmkGr8P9I2tSPvdpf,Teach Me How to Dougie,62y3BHKehWnb1hlaPclDAA,1EeArivTpzLNCqubV95255,Cali Swag District,86898,pop rap,50,2011-07-12,day,71,2024-01-08
0.575,0.686,1,-6.008,1,0.319,0.296,0.0,0.617,0.926,172.165,204040,4,1LnATvtXXioQNPeKTT4x9T,Sexy Can I,62y3BHKehWnb1hlaPclDAA,6gbGGM0E8Q1hE511psqxL0,Ray J,700587,pop rap,52,2008-04-08,day,61,2024-01-08
0.7,0.598,2,-7.783,1,0.114,0.0369,0.0,0.111,0.594,160.041,228453,4,0x3TibRgnSqzkcwrqBd4iX,Down On Me,62y3BHKehWnb1hlaPclDAA,"3KV3p5EY4AvKxOlhGHORLg,3q7HBObVc0L8jNeTe5Gofh",Jeremih|50 Cent,6555141|13325784,chicago rap|pop rap|r&b|southern hip hop|trap|urban contemporary|east coast hip hop|gangster rap|hip hop|pop rap|queens hip hop|rap,72|82,2010-01-01,day,76,2024-01-08
0.741,0.861,6,-3.543,1,0.0309,0.104,0.0,0.281,0.889,115.004,302376,4,0z8kOaMtOI4qkN6SyZQbEz,Fuck Her Brains Out,62y3BHKehWnb1hlaPclDAA,74dMZMvy8P27oPqnprnvBb,Montana of 300,764983,chicago drill|chicago rap|drill|trap,45,2014-12-01,day,48,2024-01-08
0.884,0.697,11,-6.022,1,0.128,0.0509,0.0,0.094,0.322,101.965,252440,4,4Kd0FzFpOgIGxlBl4HXuFn,Salt Shaker,62y3BHKehWnb1hlaPclDAA,"44PA0rCQXikgOWbfY7Fq7m,3ciRvbBIVz9fBoPbtSYq4x",Ying Yang Twins|Lil Jon & The East Side Boyz,1074998|839888,atl hip hop|crunk|dirty south rap|old school atlanta hip hop|southern hip hop|atl hip hop|atlanta bass|crunk|dirty south rap|old school atlanta hip hop|southern hip hop,61|61,2003-09-16,day,64,2024-01-08
0.859,0.625,9,-4.234,0,0.13,0.0296,0.0,0.0537,0.71,102.072,222560,4,5r29mFrurlVBbqJzjr2XW6,"My Neck, My Back (Lick It)",62y3BHKehWnb1hlaPclDAA,3q7isf09BuwXLyR2khBs60,Khia,228030,hip pop|trap queen,46,2015-05-05,day,63,2024-01-08
0.725,0.534,11,-6.238,1,0.0946,0.0752,0.0,0.0919,0.558,91.974,219320,4,72TFWvU3wUYdUuxejTTIzt,Work,62y3BHKehWnb1hlaPclDAA,"5pKCCKE2ajJHZ9KAiaK11H,3TVXtAsR1Inumwj472S9r4",Rihanna|Drake,58780253|83626299,barbadian pop|pop|urban contemporary|canadian hip hop|canadian pop|hip hop|pop rap|rap,89|96,2016-01-28,day,81,2024-01-08
0.76,0.652,6,-7.321,1,0.232,0.0348,0.0,0.307,0.759,100.315,177685,4,6g6A7qNhTfUgOSH7ROOxTD,Talk Dirty (feat. 2 Chainz),62y3BHKehWnb1hlaPclDAA,"07YZf4WDAMNwqr4jfgOZ8y,17lzZA2AlOHwCwFALHttmp",Jason Derulo|2 Chainz,11929892|8017349,dance pop|pop|atl hip hop|hip hop|pop rap|rap|southern hip hop|trap,77|75,2013-09-10,day,70,2024-01-08
0.798,0.627,0,-8.086,1,0.0602,0.0778,0.0,0.0472,0.84,113.029,210600,4,4Xf7EL8G6FRYwvJADl0nf4,Bass Down Low,62y3BHKehWnb1hlaPclDAA,"7Ip2u3e5Nv6fFb5xyIHxEE,7C64wNX3howEFZjAYRKsfP",DEV|The Cataracs,258067|108987,dance pop|,60|59,2010-01-01,day,48,2024-01-08
0.81,0.755,0,-6.408,1,0.199,0.291,0.0,0.0857,0.625,130.991,246573,4,4KTtYhxFtFL7mBwnjkKfLm,Glamorous,62y3BHKehWnb1hlaPclDAA,"3r17AfJCCUqC9Lf0OAc73G,3ipn9JLAPI5GUEo4y4jcoi",Fergie|Ludacris,5650865|2755957,dance pop|pop|atl hip hop|dance pop|dirty south rap|hip hop|old school atlanta hip hop|pop rap|rap|southern hip hop|trap,68|75,2006-09-13,day,74,2024-01-08
0.541,0.953,5,-4.229,1,0.107,0.048,0.0,0.192,0.856,111.378,228640,5,7n6TT5TDeS0A1DqEtSdapf,I Can Transform Ya (feat. Swizz Beatz & Lil' Wayne),62y3BHKehWnb1hlaPclDAA,"7bXgB6jMjp9ATFy66eO08Z,2cADQgiLMjNhbsfeN52Bf3,55Aa2cqylxrFIXC767Z865",Chris Brown|Swizz Beatz|Lil Wayne,20955452|418448|14232381,r&b|rap|battle rap|dirty south rap|southern hip hop|trap|hip hop|new orleans rap|pop rap|rap|trap,86|61|85,2009-12-08,day,56,2024-01-08
0.731,0.807,3,-6.492,0,0.1,0.181,0.751,0.319,0.765,114.759,179120,4,2bLqfJjuC5syrsgDsZfGmn,The Way I Are,62y3BHKehWnb1hlaPclDAA,"5Y5TRrQiqgUO4S36tzjIRZ,63wjoROpeh5f11Qm93UiJ1,4TLCPR1sMYoNU1jA7O4uww",Timbaland|Keri Hilson|D.O.E.,2711268|1966705|2451,dance pop|pop|pop rap|dance pop|hip pop|r&b|urban contemporary|,76|67|64,2007-01-01,day,85,2024-01-08
0.591,0.921,1,-1.787,1,0.313,0.323,0.0,0.302,0.428,86.808,268013,4,2a8CtZyPdd8w2csZh7oxpc,Run This Town,62y3BHKehWnb1hlaPclDAA,"3nFkdlSjzX9mRTtwJOzDYB,5pKCCKE2ajJHZ9KAiaK11H,5K4W6rqBFWDnAN6FQUkS6x",JAY-Z|Rihanna|Kanye West,8801570|58780253|22986248,east coast hip hop|gangster rap|hip hop|pop rap|rap|barbadian pop|pop|urban contemporary|chicago rap|hip hop|rap,82|89|91,2010-11-22,day,52,2024-01-08
0.904,0.645,2,-9.986,0,0.0759,0.315,0.0,0.416,0.725,124.935,167867,4,4ZT9EKb1iN9Cd5omcHcfoZ,We Want Some P--sy,62y3BHKehWnb1hlaPclDAA,58Dx4HPzeOO3dbpD9YYEes,2 LIVE CREW,507988,golden age hip hop|miami bass|miami hip hop|old school hip hop,45,1992-10-07,day,17,2024-01-08
0.516,0.626,1,-11.402,1,0.705,0.48,0.0,0.675,0.726,209.763,237720,3,7bFElqzAlHXnnINRBXRQbK,Lil Bit,62y3BHKehWnb1hlaPclDAA,5bgfj5zUoWpyeVatGDjn6H,K CAMP,1658847,atl hip hop|melodic rap|southern hip hop|trap,58,2014-09-04,day,52,2024-01-08
0.328,0.622,5,-7.291,0,0.0866,0.858,0.0,0.104,0.401,74.267,228093,4,5hUYsaOyMY32yjRXeuQwGj,Mirror,62y3BHKehWnb1hlaPclDAA,"55Aa2cqylxrFIXC767Z865,0du5cEVh5yTK9QJze8zA0C",Lil Wayne|Bruno Mars,14232381|52986983,hip hop|new orleans rap|pop rap|rap|trap|dance pop|pop,85|87,2011-08-29,day,78,2024-01-08
0.718,0.862,11,-4.915,1,0.0445,0.0135,0.0,0.24,0.305,138.97,273000,4,2krzD9gBw8tI3fmFyCv4sR,Same Damn Time,62y3BHKehWnb1hlaPclDAA,1RyvyyTE3xzB2ZywiAwp0i,Future,15692678,atl hip hop|hip hop|rap|southern hip hop|trap,88,2012-04-17,day,41,2024-01-08
0.856,0.527,2,-5.225,1,0.0997,0.392,0.0,0.11,0.386,98.052,266840,4,0Dc7J9VPV4eOInoxUiZrsL,Don't Tell 'Em,62y3BHKehWnb1hlaPclDAA,"3KV3p5EY4AvKxOlhGHORLg,0A0FS04o6zMoto8OKPsDwY",Jeremih|YG,6555141|3205645,chicago rap|pop rap|r&b|southern hip hop|trap|urban contemporary|cali rap|hip hop|pop rap|rap|southern hip hop|trap,72|72,2015-12-04,day,76,2024-01-08
0.74,0.574,4,-6.938,1,0.245,0.411,0.0,0.262,0.33,149.762,140747,4,6JFLZH9vCzgqnUToBdiHQb,Gotta Have It,62y3BHKehWnb1hlaPclDAA,"3nFkdlSjzX9mRTtwJOzDYB,5K4W6rqBFWDnAN6FQUkS6x",JAY-Z|Kanye West,8801570|22986248,east coast hip hop|gangster rap|hip hop|pop rap|rap|chicago rap|hip hop|rap,82|91,2011-08-08,day,71,2024-01-08
0.654,0.95,1,-3.163,1,0.137,0.00223,0.0,0.406,0.351,140.009,228027,4,20bJBbPapGQ4bqs0YcA9xY,Just What I Am,62y3BHKehWnb1hlaPclDAA,"0fA0VVWsXO9YnASrzqfmYu,5NjUjtjtkzZqRuWFdspT1K",Kid Cudi|King Chip,6788413|22127,hip hop|ohio hip hop|pop rap|rap|ohio hip hop,79|49,2013-04-12,day,69,2024-01-08
0.855,0.694,10,-3.797,0,0.296,0.124,0.0,0.0955,0.538,139.868,209840,4,5V4zERFNNI0ic4OvrmB5Ti,Snap Backs & Tattoos,62y3BHKehWnb1hlaPclDAA,7h5oEr0hzlM0GFQMrgEwSo,Driicky Graham,28444,north carolina hip hop,22,2012-03-20,day,37,2024-01-08
0.703,0.776,9,-3.409,1,0.304,0.0108,0.0,0.74,0.541,82.466,244307,4,1JTZqN0snbMSNtp59zveTs,Am I A Psycho,62y3BHKehWnb1hlaPclDAA,6UBA15slIuadJ8h2lPRPos,Tech N9ne,2724601,detroit hip hop|kansas city hip hop|pop rap,66,2011-06-07,day,58,2024-01-08
0.708,0.843,7,-2.66,1,0.314,0.397,0.0,0.799,0.625,148.14,363521,4,6or1bKJiZ06IlK0vFvY75k,Rap God,62y3BHKehWnb1hlaPclDAA,7dGJo4pcD2V6oG8kP0tJRR,Eminem,80373039,detroit hip hop|hip hop|rap,90,2013-11-05,day,80,2024-01-08
0.769,0.569,1,-5.591,0,0.0786,0.0737,0.0,0.0571,0.612,146.062,216946,4,1cZlBZwnwGPtYeRIeQcoFh,wonderful,62y3BHKehWnb1hlaPclDAA,0Y5tJX1MQlPlqiwlOH1tJY,Travis Scott,26203362,hip hop|rap|slap house,91,2016-09-16,day,67,2024-01-08
0.663,0.889,1,-2.975,1,0.303,0.0376,0.0,0.784,0.837,152.186,225507,4,2xtIAFJIMkzHGHiCrJ9iwd,Lolly,62y3BHKehWnb1hlaPclDAA,"3XcCT5MPlQPWFTJyzXbfuX,5gCRApTajqwbnHHPbr2Fpi,1uNFoZAHBGtllmzznpCI3s",Maejor|Juicy J|Justin Bieber,97092|3138996|74461349,detroit hip hop|crunk|memphis hip hop|pop rap|rap|southern hip hop|trap|canadian pop|pop,57|72|89,2013-01-01,day,65,2024-01-08
0.688,0.556,6,-7.738,1,0.264,0.7,1.87e-06,0.108,0.416,129.336,240320,4,08zJpaUQVi9FrKv2e32Bah,Planez,62y3BHKehWnb1hlaPclDAA,"3KV3p5EY4AvKxOlhGHORLg,6l3HvQ5sa6mXTsMTB19rO5",Jeremih|J. Cole,6555141|22394288,chicago rap|pop rap|r&b|southern hip hop|trap|urban contemporary|conscious hip hop|hip hop|north carolina hip hop|rap,72|86,2015-12-04,day,71,2024-01-08
0.802,0.81,1,-3.493,1,0.22,0.000153,0.0,0.221,0.649,164.998,290880,4,51YZypLmWmTwjtETwgddEB,Wipe Me Down (feat. Foxx),62y3BHKehWnb1hlaPclDAA,"6z7xFFHxYkE9t8bwIF0Bvg,6aIm51fHkokqlJn2vzNTH8",Boosie Badazz|Webbie,2329575|1114762,baton rouge rap|dirty south rap|memphis hip hop|southern hip hop|trap|baton rouge rap|crunk|dirty south rap|trap,62|54,2007-05-15,day,35,2024-01-08
0.732,0.611,1,-6.166,1,0.121,0.000472,0.0,0.091,0.46,75.005,247107,4,5k9BIHGgVxlpQ5G7MzqAvg,My Homies Still,62y3BHKehWnb1hlaPclDAA,"55Aa2cqylxrFIXC767Z865,0c173mlxpT3dSFRgMO8XPh",Lil Wayne|Big Sean,14232381|11115824,hip hop|new orleans rap|pop rap|rap|trap|detroit hip hop|hip hop|pop rap|r&b|rap|trap,85|75,2013-01-01,day,48,2024-01-08
0.695,0.605,6,-7.755,1,0.0821,0.365,0.0,0.191,0.365,126.057,168611,4,5Lzvwk89KPUl7Q8Bl8faz8,Faded,62y3BHKehWnb1hlaPclDAA,5PhnRTe793myhKuYdJx4UO,GEBUHR,1649,,11,2017-01-12,day,13,2024-01-08
0.781,0.539,11,-10.243,0,0.13,0.419,0.0,0.108,0.541,138.043,172269,4,0dNsCwvPvCHi6BaJcdwm60,Club 27,62y3BHKehWnb1hlaPclDAA,5PhnRTe793myhKuYdJx4UO,GEBUHR,1649,,11,2017-04-13,day,11,2024-01-08
0.908,0.621,1,-6.638,0,0.102,0.000282,5.39e-05,0.0958,0.421,150.011,177000,4,7KXjTSCq5nL1LoYtL7XAwS,HUMBLE.,62y3BHKehWnb1hlaPclDAA,2YZyLoL8N0Wb9xBt1NhZWg,Kendrick Lamar,26526500,conscious hip hop|hip hop|rap|west coast rap,87,2017-04-14,day,87,2024-01-08
0.619,0.87,2,-4.956,1,0.501,0.41,1.37e-06,0.0571,0.94,188.772,219773,4,1Y4ZdPOOgCUhBcKZOrUFiS,Lip Gloss,62y3BHKehWnb1hlaPclDAA,5qK5bOC6wLtuLhG5KvU17c,Lil Mama,84315,hip pop|trap queen,46,2007-03-06,day,66,2024-01-08
0.466,0.759,8,-4.978,0,0.199,0.0521,0.0,0.0587,0.328,160.033,264373,4,1jUA4rb6ZCv4gby4YU53xq,No Air (feat. Chris Brown),62y3BHKehWnb1hlaPclDAA,"2AQjGvtT0pFYfxR3neFcvz,7bXgB6jMjp9ATFy66eO08Z",Jordin Sparks|Chris Brown,2375170|20955452,dance pop|pop|post-teen pop|r&b|rap,61|86,2007-11-20,day,74,2024-01-08
0.859,0.75,8,-8.325,0,0.303,0.0193,0.0,0.0538,0.857,98.691,345717,4,5n8Aro6j1bEGIy7Tpo7FV7,Fuck Tha Police,62y3BHKehWnb1hlaPclDAA,4EnEZVjo3w1cwcQYePccay,N.W.A.,5436763,conscious hip hop|gangster rap|golden age hip hop|hip hop|old school hip hop|rap|west coast rap,64,1988-08-08,day,74,2024-01-08
0.613,0.681,8,-3.089,1,0.0778,0.0287,0.0,0.126,0.619,97.621,204664,4,45XhKYRRkyeqoW3teSOkCM,Wild Thoughts (feat. Rihanna & Bryson Tiller),62y3BHKehWnb1hlaPclDAA,"0QHgL1lAIqAw0HtD7YldmP,5pKCCKE2ajJHZ9KAiaK11H,2EMAnMvWE2eb56ToJVfCWs",DJ Khaled|Rihanna|Bryson Tiller,10860995|58780253|7802606,hip hop|miami hip hop|pop rap|rap|barbadian pop|pop|urban contemporary|kentucky hip hop|r&b|rap,74|89|78,2017-06-22,day,73,2024-01-08
0.796,0.5,1,-7.21,1,0.425,0.118,0.0,0.155,0.227,75.012,255560,4,1nX9KhK3Fff27SnrIor2Yb,4 AM,62y3BHKehWnb1hlaPclDAA,"17lzZA2AlOHwCwFALHttmp,0Y5tJX1MQlPlqiwlOH1tJY",2 Chainz|Travis Scott,8017349|26203362,atl hip hop|hip hop|pop rap|rap|southern hip hop|trap|hip hop|rap|slap house,75|91,2017-06-16,day,65,2024-01-08
0.804,0.583,7,-5.335,1,0.245,0.0693,0.0,0.578,0.11,130.001,308733,4,67gmXPQZL1ISSh13OJJ1Pu,Blue Cheese,62y3BHKehWnb1hlaPclDAA,"17lzZA2AlOHwCwFALHttmp,6oMuImdp5ZcFhWP0ESe6mG",2 Chainz|Migos,8017349|13641028,atl hip hop|hip hop|pop rap|rap|southern hip hop|trap|atl hip hop|hip hop|pop rap|rap|trap,75|75,2017-06-16,day,52,2024-01-08
0.8,0.672,1,-4.939,1,0.165,0.139,0.0,0.303,0.324,145.985,186253,4,21PYvZScoUng2OZNj21VTh,Trap Check,62y3BHKehWnb1hlaPclDAA,17lzZA2AlOHwCwFALHttmp,2 Chainz,8017349,atl hip hop|hip hop|pop rap|rap|southern hip hop|trap,75,2017-06-16,day,40,2024-01-08
0.644,0.805,0,-4.513,0,0.0975,0.452,1e-05,0.11,0.461,115.915,271187,4,5zlSTZhZq6rXL4Xn2PBayO,Saturday Night,62y3BHKehWnb1hlaPclDAA,17lzZA2AlOHwCwFALHttmp,2 Chainz,8017349,atl hip hop|hip hop|pop rap|rap|southern hip hop|trap,75,2017-06-16,day,44,2024-01-08
0.461,0.812,10,-5.776,0,0.241,0.0184,0.000375,0.21,0.72,159.869,193902,4,2of5xn0GU0TdFneR1saRLH,To the Max (feat. Drake),62y3BHKehWnb1hlaPclDAA,"0QHgL1lAIqAw0HtD7YldmP,3TVXtAsR1Inumwj472S9r4",DJ Khaled|Drake,10860995|83626299,hip hop|miami hip hop|pop rap|rap|canadian hip hop|canadian pop|hip hop|pop rap|rap,74|96,2017-06-22,day,48,2024-01-08
0.599,0.667,7,-4.267,1,0.0367,0.0533,0.0,0.134,0.817,80.984,288877,4,1jYiIOC5d6soxkJP81fxq2,"I'm the One (feat. Justin Bieber, Quavo, Chance the Rapper & Lil Wayne)",62y3BHKehWnb1hlaPclDAA,"0QHgL1lAIqAw0HtD7YldmP,1uNFoZAHBGtllmzznpCI3s,0VRj0yCOv2FXJNP47XQnx5,1anyVhU62p31KFi8MEzkbf,55Aa2cqylxrFIXC767Z865",DJ Khaled|Justin Bieber|Quavo|Chance the Rapper|Lil Wayne,10860995|74461349|7128651|5947668|14232381,hip hop|miami hip hop|pop rap|rap|canadian pop|pop|atl hip hop|melodic rap|rap|trap|chicago rap|conscious hip hop|hip hop|pop rap|rap|hip hop|new orleans rap|pop rap|rap|trap,74|89|77|72|85,2017-06-22,day,66,2024-01-08
0.791,0.582,11,-7.323,0,0.286,0.0114,0.0,0.35,0.443,162.991,181812,4,1e1JKLEDKP7hEQzJfNAgPl,Magnolia,62y3BHKehWnb1hlaPclDAA,699OTQXzgjhIYAHMy9RyPD,Playboi Carti,9643234,atl hip hop|plugg|pluggnb|rage rap|rap,84,2017-04-14,day,83,2024-01-08
0.726,0.769,6,-5.043,1,0.123,0.0293,0.0101,0.104,0.733,97.985,233902,4,3B54sVLJ402zGa6Xm4YGNe,Unforgettable,62y3BHKehWnb1hlaPclDAA,"6vXTefBL93Dj5IqAWq6OTv,1zNqQNIdeOUZHb8zbZRFMX",French Montana|Swae Lee,5255986|1964515,hip hop|pop rap|rap|southern hip hop|trap|melodic rap|rap|trap,73|79,2017-07-14,day,87,2024-01-08
0.806,0.77,1,-6.464,0,0.19,0.0252,0.0,0.0645,0.406,152.094,198110,4,0bXFIF7iL17TYLyx8JHziM,Patty Cake,62y3BHKehWnb1hlaPclDAA,46SHBwWsqBkxI7EeeBEQG7,Kodak Black,10072386,florida drill|florida rap|melodic rap|miami hip hop|rap|trap|trap latino,80,2017-03-31,day,64,2024-01-08
0.658,0.535,9,-8.983,0,0.0573,0.0265,0.0,0.2,0.419,110.684,227360,4,6SwRhMLwNqEi6alNPVG00n,LOYALTY. FEAT. RIHANNA.,62y3BHKehWnb1hlaPclDAA,"2YZyLoL8N0Wb9xBt1NhZWg,5pKCCKE2ajJHZ9KAiaK11H",Kendrick Lamar|Rihanna,26526500|58780253,conscious hip hop|hip hop|rap|west coast rap|barbadian pop|pop|urban contemporary,87|89,2017-04-14,day,80,2024-01-08
0.75,0.874,2,-4.831,1,0.242,0.0915,0.0,0.295,0.552,104.016,217267,4,2uAbEJGrLecIbkW9p3OqQl,Hello Good Morning - Remix,62y3BHKehWnb1hlaPclDAA,"2QYEvpsWUOjqaYuxDPTCmV,0hCNtLu0JehylgoiP8L4Gh,1sBkRIssrMs1AbVkOJbc7a",Diddy - Dirty Money|Nicki Minaj|Rick Ross,126079|30496118|7103142,pop rap|hip pop|pop|queens hip hop|rap|dirty south rap|gangster rap|hip hop|rap|southern hip hop|trap,51|88|76,2010-01-01,day,47,2024-01-08
0.508,0.763,8,-3.58,1,0.0516,0.16,0.0,0.118,0.476,139.653,395987,4,0FZmAvivvifvtN3pZScbw1,Drunk in Love Remix (feat. Jay-Z & Kanye West),62y3BHKehWnb1hlaPclDAA,"6vWDO969PvNqNYHIOW5v0m,3nFkdlSjzX9mRTtwJOzDYB,5K4W6rqBFWDnAN6FQUkS6x",Beyoncé|JAY-Z|Kanye West,36524672|8801570|22986248,pop|r&b|east coast hip hop|gangster rap|hip hop|pop rap|rap|chicago rap|hip hop|rap,85|82|91,2014-11-24,day,68,2024-01-08
0.879,0.628,1,-6.668,0,0.264,0.124,0.0,0.0661,0.721,150.105,210627,4,31hGVTn7MpHC9vovXIVWfm,Swing,62y3BHKehWnb1hlaPclDAA,"1GbrJTB56Xs4XQGlmVbaCf,6GMYJwaziB4ekv1Y6wCDWS",Savage|Soulja Boy,45554|1945228,nz hip hop|atl hip hop|chicago bop|dance pop|pop rap|rap|southern hip hop|trap,57|67,2005-01-01,day,56,2024-01-08
0.68,0.687,9,-6.162,0,0.0709,0.0161,0.0,0.261,0.467,150.053,249533,4,1IAzD1muglOxOcPbUHs70R,Whatever You Like,62y3BHKehWnb1hlaPclDAA,4OBJLual30L7gRl5UkeRcT,T.I.,4683892,atl hip hop|dirty south rap|gangster rap|hip hop|pop rap|rap|southern hip hop|trap,73,2008-09-07,day,77,2024-01-08
0.926,0.703,11,-6.337,0,0.103,0.0659,0.0,0.231,0.485,125.022,223713,4,6KBYefIoo7KydImq1uUQlL,Bodak Yellow,62y3BHKehWnb1hlaPclDAA,4kYSro6naA4h99UJvo89HB,Cardi B,22993357,pop|rap,78,2018-04-06,day,74,2024-01-08
0.775,0.496,10,-5.652,1,0.0354,0.0393,0.0,0.526,0.204,95.072,197813,4,2asIUjALYhUbH8hvLUhDWo,Main Chick (feat. Chris Brown),62y3BHKehWnb1hlaPclDAA,"6KZDXtSj0SzGOV705nNeh3,7bXgB6jMjp9ATFy66eO08Z",Kid Ink|Chris Brown,2988092|20955452,pop rap|rap|southern hip hop|trap|r&b|rap,64|86,2014-01-06,day,65,2024-01-08
0.846,0.482,1,-6.721,0,0.129,0.0246,0.0,0.393,0.212,100.969,229867,4,7xYnUQigPoIDAMPVK79NEq,Run It! (feat. Juelz Santana),62y3BHKehWnb1hlaPclDAA,"7bXgB6jMjp9ATFy66eO08Z,6Uh8uJyN9g7oFjDK16nJgb",Chris Brown|Juelz Santana,20955452|832453,r&b|rap|detroit hip hop|gangster rap|harlem hip hop|hip pop|nyc rap|pop rap|trap,86|62,2005,year,76,2024-01-08
0.79,0.647,10,-5.983,0,0.136,0.0515,0.0,0.248,0.654,87.999,211000,4,4EWCNWgDS8707fNSZ1oaA5,Heartless,62y3BHKehWnb1hlaPclDAA,5K4W6rqBFWDnAN6FQUkS6x,Kanye West,22986248,chicago rap|hip hop|rap,91,2008-11-24,day,90,2024-01-08
0.89,0.633,11,-5.475,1,0.168,0.0232,0.000343,0.0993,0.425,139.948,233087,4,1XRgIKC5TPwo7nWGyKqgG0,I Get the Bag (feat. Migos),62y3BHKehWnb1hlaPclDAA,"13y7CgLHjMVRMDqxdx0Xdo,6oMuImdp5ZcFhWP0ESe6mG",Gucci Mane|Migos,5220799|13641028,atl hip hop|dirty south rap|hip hop|pop rap|rap|southern hip hop|trap|atl hip hop|hip hop|pop rap|rap|trap,76|75,2017-10-13,day,74,2024-01-08
0.558,0.866,2,-4.348,1,0.306,0.0894,0.0,0.125,0.672,147.714,219611,4,25P4RDITORNQqaLl4y12E0,Hallelujah (feat. Joe Peshi),62y3BHKehWnb1hlaPclDAA,"4QE3ZjcqH5AIJ3o2tTzDXP,6s010JcJfq8q4AI4XEeWWh",R-Mean|Joe Peshi,10350|310,armenian hip hop|,35|14,2017-07-11,day,2,2024-01-08
0.818,0.546,0,-9.031,0,0.374,0.0993,0.0,0.0754,0.479,144.941,214345,4,0c6ZOImLejI2QuxHZ83GNB,Panamera,62y3BHKehWnb1hlaPclDAA,1iSAiMn2sTLggFsB6ymSY4,Alexis Renee,310,,2,2017-05-11,day,5,2024-01-08
0.725,0.679,0,-6.011,1,0.0468,0.00849,0.0,0.32,0.452,124.988,187554,4,6yXzFVpLb4aYlUs3AbBfYJ,Rumble,62y3BHKehWnb1hlaPclDAA,6yrvL6FvxCQjEQjvI7iH9w,Empire Project,1077,,16,2016-07-15,day,29,2024-01-08
0.797,0.844,11,-5.482,1,0.275,0.0651,0.0,0.087,0.52,170.142,173600,4,4dVpf9jZjcORqGTLUaeYj9,Plain Jane,62y3BHKehWnb1hlaPclDAA,5dHt1vcEm9qb8fCyLcB3HL,A$AP Ferg,3710766,hip hop|pop rap|rap|southern hip hop|trap,69,2017-08-18,day,75,2024-01-08
0.585,0.52,5,-6.136,0,0.0712,0.124,7.01e-05,0.131,0.129,159.801,218147,4,0e7ipj03S05BNilyu5bRzt,rockstar (feat. 21 Savage),62y3BHKehWnb1hlaPclDAA,"246dkjvS1zLTtiykXe5h60,1URnnhqYAYcrqrcwql10ft",Post Malone|21 Savage,43068815|16213669,dfw rap|melodic rap|pop|rap|atl hip hop|hip hop|rap,87|89,2018-04-27,day,85,2024-01-08
0.838,0.771,1,-3.791,1,0.244,0.0117,0.0,0.0853,0.405,175.957,245387,4,2DQ1ITjI0YoLFzuADN1ZBW,No Limit,62y3BHKehWnb1hlaPclDAA,"02kJSzxNuaWGqwubyUba0Z,13ubrt8QOOCPljQ2FL1Kca,4kYSro6naA4h99UJvo89HB",G-Eazy|A$AP Rocky|Cardi B,5198099|13299639|22993357,indie pop rap|oakland hip hop|pop rap|rap|east coast hip hop|hip hop|rap|trap|pop|rap,74|81|78,2017-12-15,day,72,2024-01-08
0.813,0.528,6,-6.305,0,0.313,0.0715,0.0,0.125,0.131,79.532,207039,4,1uL78kFWxhz3umTMWJu8n5,Sauce It Up,62y3BHKehWnb1hlaPclDAA,4O15NlyKLIASxsJ0PrXPfz,Lil Uzi Vert,16484624,hip hop|melodic rap|philly rap|rage rap|rap,85,2017-08-25,day,67,2024-01-08
0.92,0.675,1,-5.661,0,0.263,0.307,0.0,0.104,0.749,141.967,304041,4,0TBgMKD86t1VP3IzhxCoUl,Slippery (feat. Gucci Mane),62y3BHKehWnb1hlaPclDAA,"6oMuImdp5ZcFhWP0ESe6mG,13y7CgLHjMVRMDqxdx0Xdo",Migos|Gucci Mane,13641028|5220799,atl hip hop|hip hop|pop rap|rap|trap|atl hip hop|dirty south rap|hip hop|pop rap|rap|southern hip hop|trap,75|76,2017-01-27,day,71,2024-01-08
0.77,0.609,1,-5.894,1,0.345,0.214,0.0,0.166,0.631,90.952,241307,4,7jRoWfRlLnGYEIEn4t4kbq,London Bridge,62y3BHKehWnb1hlaPclDAA,3r17AfJCCUqC9Lf0OAc73G,Fergie,5650865,dance pop|pop,68,2006-09-13,day,67,2024-01-08
0.763,0.628,11,-5.85,1,0.05,0.0531,0.0,0.114,0.193,140.958,190557,4,2cYqizR4lgvp4Qu6IQ3qGN,BUTTERFLY EFFECT,62y3BHKehWnb1hlaPclDAA,0Y5tJX1MQlPlqiwlOH1tJY,Travis Scott,26203362,hip hop|rap|slap house,91,2018-08-03,day,84,2024-01-08
0.638,0.523,1,-6.664,1,0.357,0.00454,0.0,0.0842,0.422,139.913,185947,4,6HZILIRieu8S0iqY8kIKhj,DNA.,62y3BHKehWnb1hlaPclDAA,2YZyLoL8N0Wb9xBt1NhZWg,Kendrick Lamar,26526500,conscious hip hop|hip hop|rap|west coast rap,87,2017-04-14,day,82,2024-01-08
0.943,0.595,5,-8.372,0,0.191,0.0673,0.0,0.0839,0.815,117.532,165291,4,34oWbFBfGEElvgO0a5c9V4,No Flockin',62y3BHKehWnb1hlaPclDAA,46SHBwWsqBkxI7EeeBEQG7,Kodak Black,10072386,florida drill|florida rap|melodic rap|miami hip hop|rap|trap|trap latino,80,2015-11-13,day,77,2024-01-08
0.877,0.391,1,-8.196,1,0.063,0.0317,0.000502,0.0945,0.122,131.018,189230,4,6UjfByV1lDLW0SOVQA4NAi,Gyalchester,62y3BHKehWnb1hlaPclDAA,3TVXtAsR1Inumwj472S9r4,Drake,83626299,canadian hip hop|canadian pop|hip hop|pop rap|rap,96,2017-03-18,day,70,2024-01-08
0.91,0.444,1,-8.126,0,0.344,0.022,0.0,0.137,0.53,149.953,276333,4,4knL4iPxPOZjQzTUlELGSY,Rake It Up (feat. Nicki Minaj),62y3BHKehWnb1hlaPclDAA,"6Ha4aES39QiVjR0L2lwuwq,0hCNtLu0JehylgoiP8L4Gh",Yo Gotti|Nicki Minaj,4353152|30496118,dirty south rap|gangster rap|memphis hip hop|rap|southern hip hop|tennessee hip hop|trap|hip pop|pop|queens hip hop|rap,64|88,2017-10-27,day,67,2024-01-08
0.926,0.666,11,-5.314,1,0.244,0.0611,0.0,0.123,0.168,127.079,343150,4,0M9ydKzuF3oZTfYYPfaGX1,Bad and Boujee (feat. Lil Uzi Vert),62y3BHKehWnb1hlaPclDAA,"6oMuImdp5ZcFhWP0ESe6mG,4O15NlyKLIASxsJ0PrXPfz",Migos|Lil Uzi Vert,13641028|16484624,atl hip hop|hip hop|pop rap|rap|trap|hip hop|melodic rap|philly rap|rage rap|rap,75|85,2017-01-27,day,76,2024-01-08
0.85,0.405,7,-7.509,0,0.225,0.119,0.000118,0.0707,0.344,139.976,190312,4,5tFep7dXGd7vEJ668wTPux,Both (feat. Drake),62y3BHKehWnb1hlaPclDAA,"13y7CgLHjMVRMDqxdx0Xdo,3TVXtAsR1Inumwj472S9r4",Gucci Mane|Drake,5220799|83626299,atl hip hop|dirty south rap|hip hop|pop rap|rap|southern hip hop|trap|canadian hip hop|canadian pop|hip hop|pop rap|rap,76|96,2016-12-16,day,70,2024-01-08
0.957,0.588,1,-6.984,1,0.295,0.0612,0.0,0.0962,0.298,127.055,246325,4,5hx4FpDZOnDVYlyoG3rMks,Peek A Boo,62y3BHKehWnb1hlaPclDAA,"6icQOAFXDZKsumw3YXyusw,6oMuImdp5ZcFhWP0ESe6mG",Lil Yachty|Migos,9554683|13641028,atl hip hop|melodic rap|rap|trap|atl hip hop|hip hop|pop rap|rap|trap,78|75,2017-05-26,day,45,2024-01-08
0.758,0.646,7,-4.701,1,0.113,0.128,0.0,0.0776,0.589,155.949,197171,4,3J8Q6aBhjpvao8BsBQ6H9Y,Everyday We Lit (feat. PnB Rock),62y3BHKehWnb1hlaPclDAA,"5Berubt6ysOy2LCMyqhmXP,21WS9wngs9AqFckK7yYJPM",YFN Lucci|PnB Rock,2476786|4060422,arkansas hip hop|atl hip hop|melodic rap|memphis hip hop|southern hip hop|trap|melodic rap|rap|trap,55|67,2017-03-03,day,60,2024-01-08
0.744,0.589,5,-1.218,0,0.0359,0.36,0.0,0.119,0.242,127.051,286236,4,1Ci4wASMY4xtKVMeHA6Sd5,through the late night,62y3BHKehWnb1hlaPclDAA,0Y5tJX1MQlPlqiwlOH1tJY,Travis Scott,26203362,hip hop|rap|slap house,91,2016-09-16,day,68,2024-01-08
0.793,0.789,4,-3.962,1,0.0621,0.119,0.0,0.0632,0.607,150.008,209663,4,4kq0Fzt6XmGNN1aXY2QQsS,Dan Bilzerian (feat. Lil Yachty),62y3BHKehWnb1hlaPclDAA,"3aQeKQSyrW4qWr35idm0cy,6icQOAFXDZKsumw3YXyusw",T-Pain|Lil Yachty,4615060|9554683,dance pop|gangster rap|hip hop|pop rap|r&b|rap|southern hip hop|trap|urban contemporary|atl hip hop|melodic rap|rap|trap,76|78,2017-11-17,day,54,2024-01-08
0.883,0.616,0,-7.218,0,0.274,0.014,1.48e-06,0.0967,0.482,141.969,315973,4,1BSA5I386L2IAmFQURYjIz,"Guwop (feat. Quavo, Offset and Young Scooter)",62y3BHKehWnb1hlaPclDAA,"50co4Is1HCEo8bhOyUWKpn,0VRj0yCOv2FXJNP47XQnx5,4DdkRBBYG6Yk9Ka8tdJ9BW,4cmA2QDPdzh8W2ytpyUGes",Young Thug|Quavo|Offset|Young Scooter,9355686|7128651|3501668|565855,atl hip hop|atl trap|gangster rap|melodic rap|rap|trap|atl hip hop|melodic rap|rap|trap|atl hip hop|hip hop|pop rap|rap|trap|atl trap|drill|southern hip hop|trap,83|77|79|51,2016-08-26,day,57,2024-01-08
0.884,0.698,0,-9.101,1,0.364,0.0405,0.0,0.195,0.575,140.068,191938,4,2EgB4n6XyBsuNUbuarr4eG,New Freezer (feat. Kendrick Lamar),62y3BHKehWnb1hlaPclDAA,"1pPmIToKXyGdsCF6LmqLmI,2YZyLoL8N0Wb9xBt1NhZWg",Rich The Kid|Kendrick Lamar,3203856|26526500,atl hip hop|melodic rap|plugg|rap|trap|conscious hip hop|hip hop|rap|west coast rap,66|87,2018-03-30,day,64,2024-01-08
0.801,0.682,10,-4.676,0,0.0498,0.0292,0.0,0.226,0.484,140.061,231373,4,5jcMhhJ0gXhtruaFIBbL3t,Wild Boy,62y3BHKehWnb1hlaPclDAA,"6TIYQ3jFPwQSRmorSezPxX,6f4XkbvYlXMH0QgVRzW0sM",Machine Gun Kelly|Waka Flocka Flame,5165910|2684309,ohio hip hop|pop rap|atl hip hop|dirty south rap|pop rap|rap|southern hip hop|trap,75|64,2012-01-01,day,57,2024-01-08
0.944,0.76,11,-4.355,0,0.0851,0.116,0.0,0.113,0.545,98.001,217907,4,6VWUOFXGwH1OgyPrfRONrn,Bring It Back,62y3BHKehWnb1hlaPclDAA,6z1cicLMt9XArxN10q7m8a,Travis Porter,840022,atl hip hop|dirty south rap|futuristic swag|southern hip hop|trap,54,2012-05-28,day,65,2024-01-08
0.721,0.821,2,-4.157,1,0.179,0.337,2.14e-05,0.15,0.659,72.994,245229,4,173KirQOJcXBCyqADQBpt9,Bust Down,62y3BHKehWnb1hlaPclDAA,6Xgp2XMz1fhVYe7i6yNAax,Trippie Redd,9249721,melodic rap|rap|trap,80,2017-10-06,day,56,2024-01-08
0.596,0.62,5,-6.133,0,0.039,0.0122,0.0,0.82,0.102,80.029,271600,4,0mEdbdeRFQwBhN4xfyIeUM,Can't Tell Me Nothing,62y3BHKehWnb1hlaPclDAA,5K4W6rqBFWDnAN6FQUkS6x,Kanye West,22986248,chicago rap|hip hop|rap,91,2007-09-11,day,84,2024-01-08
0.874,0.714,7,-6.664,1,0.129,0.0155,0.0,0.0968,0.541,95.826,265600,4,6o2g1BJvtYQssH84kBYs7y,Back That Azz Up,62y3BHKehWnb1hlaPclDAA,"0rG0AZBscc8S8q1ahIsasI,55Aa2cqylxrFIXC767Z865,0fbFfVckGKsDbAfYnB5mD1",JUVENILE|Lil Wayne|Mannie Fresh,958467|14232381|243504,bounce|crunk|dirty south rap|new orleans rap|southern hip hop|trap|hip hop|new orleans rap|pop rap|rap|trap|bounce|dirty south rap,57|85|52,1998-11-03,day,68,2024-01-08
0.926,0.863,0,-3.391,0,0.269,0.0197,0.0,0.0484,0.779,92.522,192907,4,7n2Dqgp4iXd8Zorfj9XSYo,Donk,62y3BHKehWnb1hlaPclDAA,6GMYJwaziB4ekv1Y6wCDWS,Soulja Boy,1945228,atl hip hop|chicago bop|dance pop|pop rap|rap|southern hip hop|trap,67,2007-01-01,day,54,2024-01-08
0.68,0.83,5,-3.922,0,0.0897,0.00169,0.0,0.382,0.638,102.91,310667,4,1dMRwAGThjgwoJetd21QLs,The Devil Is A Lie,62y3BHKehWnb1hlaPclDAA,"1sBkRIssrMs1AbVkOJbc7a,3nFkdlSjzX9mRTtwJOzDYB",Rick Ross|JAY-Z,7103142|8801570,dirty south rap|gangster rap|hip hop|rap|southern hip hop|trap|east coast hip hop|gangster rap|hip hop|pop rap|rap,76|82,2014-01-01,day,54,2024-01-08
0.798,0.668,8,-5.244,1,0.25,0.135,4.6e-06,0.0583,0.154,134.006,264819,4,3TXy6nchgKeYlVwOKNk9lE,100 Shots,62y3BHKehWnb1hlaPclDAA,3HiuzBlSW7pGDXlSFMhO2g,Young Dolph,2749348,memphis hip hop|rap|southern hip hop|tennessee hip hop|trap,71,2017-04-01,day,70,2024-01-08
0.916,0.727,1,-6.556,1,0.0861,0.00214,0.000145,0.118,0.201,94.997,219707,4,4PpuH4mxL0rD35mOWaLoKS,Lemon,62y3BHKehWnb1hlaPclDAA,"5wPoxI5si3eJsYYwyXV4Wi,5pKCCKE2ajJHZ9KAiaK11H",N.E.R.D|Rihanna,825226|58780253,hip hop|virginia hip hop|barbadian pop|pop|urban contemporary,54|89,2017-12-15,day,61,2024-01-08
0.888,0.577,1,-7.702,0,0.0612,0.0986,0.0,0.131,0.609,84.003,241840,4,05Sgj1Hx03ZXc57gsV1kfX,It's Goin' Down (feat. Nitti),62y3BHKehWnb1hlaPclDAA,"23LbwefIODbyGdRbAz3urj,14J79DfdiKcztA7WrrpqIP",Yung Joc|NITTI,805962|230,atl hip hop|crunk|dirty south rap|southern hip hop|trap|,61|47,2006-06-06,day,68,2024-01-08
0.725,0.431,1,-5.988,0,0.0707,0.0011,0.0,0.14,0.199,174.083,250027,4,0tdjTo4xacmmF7eINqaM8z,Independent (feat. Lil' Boosie and Lil' Phat),62y3BHKehWnb1hlaPclDAA,"6aIm51fHkokqlJn2vzNTH8,6z7xFFHxYkE9t8bwIF0Bvg,3QnIBUOS4mUzs67rZ8r4c9",Webbie|Boosie Badazz|Lil Phat,1114762|2329575|109912,baton rouge rap|crunk|dirty south rap|trap|baton rouge rap|dirty south rap|memphis hip hop|southern hip hop|trap|baton rouge rap|dirty south rap,54|62|42,2008-02-25,day,45,2024-01-08
0.886,0.62,5,-5.854,1,0.307,0.082,0.0,0.1,0.6,76.035,229813,4,7cVmKBwzPsh4Fmb6SplfEm,"Lean Wit It, Rock Wit It",62y3BHKehWnb1hlaPclDAA,"0VKTLKamj4IH8OfQbUL0kq,5Q2iqZJMIZVSTEJWOYh4kP,4FZBzAqTsS12zKdb9Gr2uz",Dem Franchize Boyz|Peanut|Charlay,468053|105|241,atl hip hop|crunk|dirty south rap|southern hip hop||,46|42|42,2006-01-01,day,63,2024-01-08
0.723,0.714,11,-5.036,1,0.0537,0.0019,5.43e-05,0.0836,0.386,88.047,190533,4,5wuXWTCiKIlNEXfwAuTY1G,Drop It Low,62y3BHKehWnb1hlaPclDAA,"0v2Y5jwtcv8LiWNTRls1KM,7bXgB6jMjp9ATFy66eO08Z",Ester Dean|Chris Brown,53906|20955452,|r&b|rap,51|86,2009-01-01,day,52,2024-01-08
0.863,0.514,4,-7.243,0,0.249,0.0419,0.0,0.301,0.843,82.985,271160,4,0Aqlt4N5h6rUtKnd09VXpr,Grillz,62y3BHKehWnb1hlaPclDAA,"2gBjLmx6zQnFGQJCAQpRgw,0k7Xl1pqI3tu8sSEjo5oEg,01ZpL2TZ4QxYNDLc70RIiT",Nelly|Paul Wall|Ali & Gipp,2617297|819728|9277,dance pop|gangster rap|hip hop|pop rap|rap|st louis rap|urban contemporary|chopped and screwed|crunk|dirty south rap|houston rap|,73|64|47,2005-11-25,day,58,2024-01-08
0.838,0.906,1,-2.902,1,0.279,0.000431,0.0,0.227,0.719,165.105,272347,4,1csF3mqDAQ33FuLJhV4ESS,"Wipe Me Down (feat. Foxx, Webbie & Lil Boosie) [Remix]",62y3BHKehWnb1hlaPclDAA,"6z7xFFHxYkE9t8bwIF0Bvg,6aIm51fHkokqlJn2vzNTH8,2l6Z31DakUv5Gl9yQPbLEl",Boosie Badazz|Webbie|Foxx,2329575|1114762|164024,baton rouge rap|dirty south rap|memphis hip hop|southern hip hop|trap|baton rouge rap|crunk|dirty south rap|trap|baton rouge rap|dirty south rap,62|54|46,2007-05-15,day,51,2024-01-08
0.744,0.368,1,-6.349,1,0.0524,0.0702,0.0,0.192,0.391,84.018,241307,4,6giYNaycmjkbf7UmZ6RGtL,"I Know You See It (feat. Brandy ""Ms. B"" Hambrick)",62y3BHKehWnb1hlaPclDAA,"23LbwefIODbyGdRbAz3urj,0LFWRTqrlRmWoPZ80K8gZY","Yung Joc|Brandy ""Ms. B"" Hambrick",805962|142,atl hip hop|crunk|dirty south rap|southern hip hop|trap|,61|34,2006-06-06,day,55,2024-01-08
0.865,0.664,2,-6.822,1,0.108,0.00689,0.0,0.142,0.565,162.831,287000,4,3wMUvT6eIw2L5cZFG1yH9j,Country Grammar (Hot Shit),62y3BHKehWnb1hlaPclDAA,2gBjLmx6zQnFGQJCAQpRgw,Nelly,2617297,dance pop|gangster rap|hip hop|pop rap|rap|st louis rap|urban contemporary,73,2000-06-27,day,71,2024-01-08
0.709,0.744,11,-5.905,0,0.134,0.0119,0.0,0.0609,0.508,145.112,281480,4,63XXvHR6FfiRDk5lKNNCMI,Halle Berry (She's Fine) (feat. Superstarr),62y3BHKehWnb1hlaPclDAA,"1fQ46lgoUCz8FVXdTVNk0a,4VwTk6OnuwshfqQlxOv7Xy",Hurricane Chris|Superstarr,336480|304,dirty south rap|,41|30,2009-12-18,day,51,2024-01-08
0.784,0.459,4,-9.74,0,0.317,0.0847,0.0,0.079,0.618,164.062,304000,4,7kAFSrTIOiVZ0gnHBuAH3l,Air Force Ones,62y3BHKehWnb1hlaPclDAA,"2gBjLmx6zQnFGQJCAQpRgw,07W0YfsvHM7Mw7Bq48Mb0A,7k5N7JJKEPUPQfK8whGITe,6kD993mKIytiN9sE6VyRfa",Nelly|Murphy Lee|Ali|Kyjuan,2617297|210705|1649|369,dance pop|gangster rap|hip hop|pop rap|rap|st louis rap|urban contemporary|dirty south rap|st louis rap||,73|53|46|44,2002-06-25,day,64,2024-01-08
0.828,0.792,10,-5.435,0,0.179,0.182,0.0,0.281,0.777,134.199,233360,4,2tOZtdbkAMQASWokLvSlzj,Overnight Celebrity,62y3BHKehWnb1hlaPclDAA,6vbY3hOaCAhC7VjucswgdS,Twista,1021101,chicago rap|dirty south rap|gangster rap|trap,64,2004-01-27,day,69,2024-01-08
0.95,0.533,5,-7.022,1,0.148,0.247,0.0,0.114,0.675,119.869,124056,4,6foxplXS0YEq8cO374Lty4,Gucci Gang,62y3BHKehWnb1hlaPclDAA,3wyVrVrFCkukjdVIdirGVY,Lil Pump,7849798,emo rap|miami hip hop|pop rap|rap|trap,63,2017-08-31,day,48,2024-01-08
0.782,0.435,2,-7.033,1,0.156,0.333,1.31e-05,0.342,0.242,82.996,268933,4,5u6vkDnOyaf8LsteDAj2ub,Ghostface Killers (feat. Travis Scott),62y3BHKehWnb1hlaPclDAA,"1URnnhqYAYcrqrcwql10ft,4DdkRBBYG6Yk9Ka8tdJ9BW,0iEtIxbK0KxaSlF7G42ZOp,0Y5tJX1MQlPlqiwlOH1tJY",21 Savage|Offset|Metro Boomin|Travis Scott,16213669|3501668|6641993|26203362,atl hip hop|hip hop|rap|atl hip hop|hip hop|pop rap|rap|trap|rap|hip hop|rap|slap house,89|79|87|91,2017-10-30,day,74,2024-01-08
0.905,0.884,0,-4.076,1,0.236,0.111,8.31e-05,0.107,0.588,135.048,186027,4,6X5OFBbrsHRsyO1zP7udgr,Man's Not Hot,62y3BHKehWnb1hlaPclDAA,7mnAzEmgquhrVtGob81SmO,Big Shaq,329861,london rap,43,2017-09-22,day,63,2024-01-08
0.938,0.549,1,-8.368,1,0.098,0.000831,0.000243,0.082,0.412,144.005,160038,4,0FbSpY8RPxTRxi1Fpj9Dz9,Booty,62y3BHKehWnb1hlaPclDAA,41klVmDluQZmGGqoidNfbe,Blac Youngsta,1652350,memphis hip hop|southern hip hop|trap,49,2018-02-27,day,53,2024-01-08
0.904,0.518,2,-5.32,1,0.183,0.0305,0.0,0.325,0.188,137.996,303077,4,4wFjTWCunQFKtukqrNijEt,MotorSport,62y3BHKehWnb1hlaPclDAA,"6oMuImdp5ZcFhWP0ESe6mG,0hCNtLu0JehylgoiP8L4Gh,4kYSro6naA4h99UJvo89HB",Migos|Nicki Minaj|Cardi B,13641028|30496118|22993357,atl hip hop|hip hop|pop rap|rap|trap|hip pop|pop|queens hip hop|rap|pop|rap,75|88|78,2018-01-26,day,72,2024-01-08
0.89,0.504,8,-5.444,0,0.123,0.023,0.0,0.123,0.222,129.969,213613,4,3wdfLVUhmX64lIyWIIEW8s,Ice Tray,62y3BHKehWnb1hlaPclDAA,"6i392l38cR3uBPF0DbNs7S,0VRj0yCOv2FXJNP47XQnx5,6icQOAFXDZKsumw3YXyusw",Quality Control|Quavo|Lil Yachty,1316469|7128651|9554683,melodic rap|trap|atl hip hop|melodic rap|rap|trap|atl hip hop|melodic rap|rap|trap,64|77|78,2017-12-08,day,55,2024-01-08
0.704,0.659,1,-6.233,1,0.086,0.0952,0.0,0.19,0.0603,154.056,224615,4,2vw2nopHWeQ0EUJPKNy8yS,South Africa,62y3BHKehWnb1hlaPclDAA,"6i392l38cR3uBPF0DbNs7S,0VRj0yCOv2FXJNP47XQnx5",Quality Control|Quavo,1316469|7128651,melodic rap|trap|atl hip hop|melodic rap|rap|trap,64|77,2017-12-08,day,35,2024-01-08
0.82,0.696,7,-4.918,0,0.182,0.119,0.0,0.232,0.617,144.981,293435,4,5gx2E5aIXMRBellPZW1up5,"Pills & Automobiles (feat. Yo Gotti, A Boogie Wit Da Hoodie & Kodak Black)",62y3BHKehWnb1hlaPclDAA,"7bXgB6jMjp9ATFy66eO08Z,6Ha4aES39QiVjR0L2lwuwq,31W5EY0aAly4Qieq6OFu6I,46SHBwWsqBkxI7EeeBEQG7",Chris Brown|Yo Gotti|A Boogie Wit da Hoodie|Kodak Black,20955452|4353152|7919751|10072386,r&b|rap|dirty south rap|gangster rap|memphis hip hop|rap|southern hip hop|tennessee hip hop|trap|melodic rap|rap|trap|florida drill|florida rap|melodic rap|miami hip hop|rap|trap|trap latino,86|64|79|80,2017-10-31,day,64,2024-01-08
0.747,0.524,10,-6.807,0,0.245,0.0306,0.0,0.2,0.363,140.053,213132,4,40oKW22ZNNkEdZLJTScaQI,Roll in Peace (feat. XXXTENTACION),62y3BHKehWnb1hlaPclDAA,"46SHBwWsqBkxI7EeeBEQG7,15UsOTVnJzReFVN1VCnxy4",Kodak Black|XXXTENTACION,10072386|43791982,florida drill|florida rap|melodic rap|miami hip hop|rap|trap|trap latino|emo rap|miami hip hop|rap,80|85,2017-08-18,day,76,2024-01-08
0.759,0.656,8,-5.596,1,0.0679,0.127,0.0,0.102,0.59,130.949,218840,4,3l4ha5okkyLgMAFIKRSNVG,Tone It Down (feat. Chris Brown),62y3BHKehWnb1hlaPclDAA,"13y7CgLHjMVRMDqxdx0Xdo,7bXgB6jMjp9ATFy66eO08Z",Gucci Mane|Chris Brown,5220799|20955452,atl hip hop|dirty south rap|hip hop|pop rap|rap|southern hip hop|trap|r&b|rap,76|86,2017-10-13,day,46,2024-01-08
0.86,0.561,6,-5.757,0,0.185,0.274,0.0,0.108,0.354,152.984,189480,4,7r6LNJT2LqpLpEyZQJPygt,Patek Water (feat. Offset),62y3BHKehWnb1hlaPclDAA,"1RyvyyTE3xzB2ZywiAwp0i,50co4Is1HCEo8bhOyUWKpn,4DdkRBBYG6Yk9Ka8tdJ9BW",Future|Young Thug|Offset,15692678|9355686|3501668,atl hip hop|hip hop|rap|southern hip hop|trap|atl hip hop|atl trap|gangster rap|melodic rap|rap|trap|atl hip hop|hip hop|pop rap|rap|trap,88|83|79,2017-10-20,day,55,2024-01-08
0.804,0.66,10,-4.86,0,0.0726,0.0319,0.0,0.103,0.257,94.053,169345,4,1WIZiOuNO3woKfdlSK2gNn,Transportin',62y3BHKehWnb1hlaPclDAA,46SHBwWsqBkxI7EeeBEQG7,Kodak Black,10072386,florida drill|florida rap|melodic rap|miami hip hop|rap|trap|trap latino,80,2017-08-18,day,75,2024-01-08
0.743,0.571,7,-6.054,0,0.145,0.24,0.0,0.291,0.495,119.054,213863,4,0ESJlaM8CE1jRWaNtwSNj8,beibs in the trap,62y3BHKehWnb1hlaPclDAA,0Y5tJX1MQlPlqiwlOH1tJY,Travis Scott,26203362,hip hop|rap|slap house,91,2016-09-16,day,72,2024-01-08
0.736,0.604,1,-7.357,0,0.222,0.0652,6.43e-05,0.124,0.574,155.007,264532,4,4DTpngLjoHj5gFxEZFeD3J,Codeine Dreaming (feat. Lil Wayne),62y3BHKehWnb1hlaPclDAA,"46SHBwWsqBkxI7EeeBEQG7,55Aa2cqylxrFIXC767Z865",Kodak Black|Lil Wayne,10072386|14232381,florida drill|florida rap|melodic rap|miami hip hop|rap|trap|trap latino|hip hop|new orleans rap|pop rap|rap|trap,80|85,2017-11-24,day,65,2024-01-08
0.664,0.667,4,-5.941,1,0.154,0.64,1.22e-06,0.0753,0.381,180.064,227533,4,32lItqlMi4LBhb4k0BaSaC,Candy Paint,62y3BHKehWnb1hlaPclDAA,246dkjvS1zLTtiykXe5h60,Post Malone,43068815,dfw rap|melodic rap|pop|rap,87,2018-04-27,day,78,2024-01-08
0.736,0.491,10,-6.892,0,0.439,0.0681,0.0,0.571,0.203,141.979,218674,4,05KOgYg8PGeJyyWBPi5ja8,Free Smoke,62y3BHKehWnb1hlaPclDAA,3TVXtAsR1Inumwj472S9r4,Drake,83626299,canadian hip hop|canadian pop|hip hop|pop rap|rap,96,2017-03-18,day,65,2024-01-08
0.754,0.449,7,-9.211,1,0.109,0.0332,8.29e-05,0.552,0.357,77.169,198973,4,6DCZcSspjsKoFjzjrWoCdn,God's Plan,62y3BHKehWnb1hlaPclDAA,3TVXtAsR1Inumwj472S9r4,Drake,83626299,canadian hip hop|canadian pop|hip hop|pop rap|rap,96,2018-06-29,day,87,2024-01-08
0.654,0.839,9,-5.076,0,0.443,0.00531,0.0,0.308,0.549,74.886,255867,4,4haJoBPbPj9QFKNpp9e8kx,Diplomatic Immunity,62y3BHKehWnb1hlaPclDAA,3TVXtAsR1Inumwj472S9r4,Drake,83626299,canadian hip hop|canadian pop|hip hop|pop rap|rap,96,2018-01-20,day,55,2024-01-08
0.645,0.705,1,-5.008,1,0.299,0.000813,0.0,0.128,0.376,137.133,229670,4,51rXHuKN8Loc4sUlKPODgH,"King's Dead (with Kendrick Lamar, Future & James Blake)",62y3BHKehWnb1hlaPclDAA,"28ExwzUQsvgJooOI0X1mr3,2YZyLoL8N0Wb9xBt1NhZWg,1RyvyyTE3xzB2ZywiAwp0i,53KwLdlmrlCelAZMaLVZqU",Jay Rock|Kendrick Lamar|Future|James Blake,1457854|26526500|15692678|1398232,conscious hip hop|hip hop|rap|southern hip hop|trap|conscious hip hop|hip hop|rap|west coast rap|atl hip hop|hip hop|rap|southern hip hop|trap|art pop|indie soul|indietronica|uk alternative pop,71|87|88|69,2018-01-12,day,73,2024-01-08
0.817,0.816,2,-5.402,1,0.269,0.00263,0.0,0.159,0.508,181.982,190288,4,2UVbBKQOdFAekPTRsnkzcf,Stir Fry,62y3BHKehWnb1hlaPclDAA,6oMuImdp5ZcFhWP0ESe6mG,Migos,13641028,atl hip hop|hip hop|pop rap|rap|trap,75,2018-01-26,day,77,2024-01-08
0.907,0.633,2,-5.145,1,0.184,0.0876,2.6e-06,0.106,0.395,145.914,276147,4,6n4U3TlzUGhdSFbUUhTvLP,Walk It Talk It,62y3BHKehWnb1hlaPclDAA,"6oMuImdp5ZcFhWP0ESe6mG,3TVXtAsR1Inumwj472S9r4",Migos|Drake,13641028|83626299,atl hip hop|hip hop|pop rap|rap|trap|canadian hip hop|canadian pop|hip hop|pop rap|rap,75|96,2018-01-26,day,78,2024-01-08
0.908,0.524,1,-7.955,1,0.181,0.00111,0.000678,0.383,0.109,138.015,224285,4,0dIoGTQXDh1wVnhIiSyYEa,Bartier Cardi (feat. 21 Savage),62y3BHKehWnb1hlaPclDAA,"4kYSro6naA4h99UJvo89HB,1URnnhqYAYcrqrcwql10ft",Cardi B|21 Savage,22993357|16213669,pop|rap|atl hip hop|hip hop|rap,78|89,2018-04-06,day,65,2024-01-08
0.808,0.771,4,-5.719,0,0.0645,0.0413,1.29e-06,0.18,0.471,161.94,251859,4,4BHzHISX21PYwGXiBEUQ70,BBO (Bad Bitches Only),62y3BHKehWnb1hlaPclDAA,"6oMuImdp5ZcFhWP0ESe6mG,1URnnhqYAYcrqrcwql10ft",Migos|21 Savage,13641028|16213669,atl hip hop|hip hop|pop rap|rap|trap|atl hip hop|hip hop|rap,75|89,2018-01-26,day,61,2024-01-08
0.918,0.58,10,-7.501,1,0.322,0.00108,6.12e-05,0.106,0.611,139.977,181415,4,6HJ34Zyw6bg8yGm28AxLXf,Look Alive (feat. Drake),62y3BHKehWnb1hlaPclDAA,"4TEJudQY2pXxVHPE3gD2EU,3TVXtAsR1Inumwj472S9r4",BlocBoy JB|Drake,1382450|83626299,memphis hip hop|rap|tennessee hip hop|trap|canadian hip hop|canadian pop|hip hop|pop rap|rap,57|96,2018-05-04,day,74,2024-01-08
0.713,0.831,1,-4.75,0,0.15,0.0168,0.0,0.118,0.584,173.948,332301,4,1BuZAIO8WZpavWVbbq3Lci,Powerglide (feat. Juicy J) - From SR3MM,62y3BHKehWnb1hlaPclDAA,"7iZtZyCzp3LItcw1wtPI3D,1zNqQNIdeOUZHb8zbZRFMX,7EEiVZvj6RCEtVX2F2pyxu,5gCRApTajqwbnHHPbr2Fpi",Rae Sremmurd|Swae Lee|Slim Jxmmi|Juicy J,7361248|1964515|108509|3138996,melodic rap|mississippi hip hop|pop rap|rap|trap|melodic rap|rap|trap|trap|crunk|memphis hip hop|pop rap|rap|southern hip hop|trap,71|79|54|72,2018-05-04,day,66,2024-01-08
0.755,0.599,8,-5.042,1,0.224,0.147,0.0,0.109,0.755,133.123,216632,4,6dbSBQXCctYSVryynHXaZ4,Freaky Friday (feat. Chris Brown),62y3BHKehWnb1hlaPclDAA,"1tqhsYv8yBBdwANFNzHtcr,7bXgB6jMjp9ATFy66eO08Z",Lil Dicky|Chris Brown,1962881|20955452,comedy rap|indie pop rap|pop rap|r&b|rap,59|86,2018-03-16,day,71,2024-01-08
0.972,0.482,8,-6.128,1,0.0702,0.00872,0.0,0.149,0.0767,125.013,185883,4,3ALgsy4RtDm58xl3VNoSgZ,BABY DADDY,62y3BHKehWnb1hlaPclDAA,"6icQOAFXDZKsumw3YXyusw,3wyVrVrFCkukjdVIdirGVY,4DdkRBBYG6Yk9Ka8tdJ9BW",Lil Yachty|Lil Pump|Offset,9554683|7849798|3501668,atl hip hop|melodic rap|rap|trap|emo rap|miami hip hop|pop rap|rap|trap|atl hip hop|hip hop|pop rap|rap|trap,78|63|79,2018-03-09,day,46,2024-01-08
0.667,0.723,5,-4.31,0,0.27,0.0455,0.000193,0.213,0.251,148.058,153475,4,6tarvNiKnEjYMj1VZhlDqR,66,62y3BHKehWnb1hlaPclDAA,"6icQOAFXDZKsumw3YXyusw,6Xgp2XMz1fhVYe7i6yNAax",Lil Yachty|Trippie Redd,9554683|9249721,atl hip hop|melodic rap|rap|trap|melodic rap|rap|trap,78|80,2018-03-09,day,61,2024-01-08
0.585,0.909,8,-6.474,1,0.0707,0.0891,9.7e-05,0.119,0.758,93.372,210747,4,3CA9pLiwRIGtUBiMjbZmRw,Nice For What,62y3BHKehWnb1hlaPclDAA,3TVXtAsR1Inumwj472S9r4,Drake,83626299,canadian hip hop|canadian pop|hip hop|pop rap|rap,96,2018-06-29,day,81,2024-01-08
0.806,0.57,1,-6.927,1,0.246,0.0977,0.0,0.105,0.454,93.015,231453,4,7p2ewixAShLpjDZrnzZK7c,Get Up 10,62y3BHKehWnb1hlaPclDAA,4kYSro6naA4h99UJvo89HB,Cardi B,22993357,pop|rap,78,2018-04-06,day,59,2024-01-08
0.876,0.519,11,-6.531,1,0.143,0.202,0.0,0.108,0.158,94.981,175230,4,1ZAyjvIk9YiD76yYy0TEG6,Plug Walk,62y3BHKehWnb1hlaPclDAA,1pPmIToKXyGdsCF6LmqLmI,Rich The Kid,3203856,atl hip hop|melodic rap|plugg|rap|trap,66,2018-03-30,day,73,2024-01-08
0.914,0.781,9,-5.467,0,0.303,0.189,0.0,0.126,0.807,140.084,275872,4,7sB2rmolvEt77KFPCraSNc,Rover 2.0 (feat. 21 Savage),62y3BHKehWnb1hlaPclDAA,"4TEJudQY2pXxVHPE3gD2EU,1URnnhqYAYcrqrcwql10ft",BlocBoy JB|21 Savage,1382450|16213669,memphis hip hop|rap|tennessee hip hop|trap|atl hip hop|hip hop|rap,57|89,2018-03-23,day,49,2024-01-08
0.921,0.467,1,-8.443,1,0.119,0.0149,0.000238,0.334,0.287,135.995,191252,4,3ncgNpxLoBQ65ABk4djDyd,PICK IT UP (feat. A$AP Rocky),62y3BHKehWnb1hlaPclDAA,"0WOxhx4hikIsyF3CRPLC8W,13ubrt8QOOCPljQ2FL1Kca",Famous Dex|A$AP Rocky,2485160|13299639,chicago rap|drill|rap|trap|east coast hip hop|hip hop|rap|trap,57|81,2017-10-20,day,65,2024-01-08
0.777,0.657,1,-6.434,1,0.237,0.000738,3.34e-06,0.0932,0.245,189.992,226107,4,739vCwA3EpBSkk3uDsI2wB,Lemon (feat. Drake) - Drake Remix,62y3BHKehWnb1hlaPclDAA,"5wPoxI5si3eJsYYwyXV4Wi,5pKCCKE2ajJHZ9KAiaK11H,3TVXtAsR1Inumwj472S9r4",N.E.R.D|Rihanna|Drake,825226|58780253|83626299,hip hop|virginia hip hop|barbadian pop|pop|urban contemporary|canadian hip hop|canadian pop|hip hop|pop rap|rap,54|89|96,2018-03-18,day,58,2024-01-08
0.856,0.652,1,-5.324,1,0.143,0.177,0.0,0.193,0.471,97.017,219307,4,2tPcTFiQF9MbVUyjZ3zDhA,Paramedic!,62y3BHKehWnb1hlaPclDAA,2TImI3DW7o5MdRXJs4D37h,SOB X RBE,574417,cali rap,51,2018-02-09,day,64,2024-01-08
0.794,0.632,0,-6.163,1,0.0649,0.142,0.0,0.128,0.355,145.926,291893,4,6fujklziTHa8uoM5OQSfIo,Black Beatles,62y3BHKehWnb1hlaPclDAA,"7iZtZyCzp3LItcw1wtPI3D,13y7CgLHjMVRMDqxdx0Xdo",Rae Sremmurd|Gucci Mane,7361248|5220799,melodic rap|mississippi hip hop|pop rap|rap|trap|atl hip hop|dirty south rap|hip hop|pop rap|rap|southern hip hop|trap,71|76,2016-08-12,day,78,2024-01-08
0.712,0.463,1,-9.33,0,0.143,0.152,0.0,0.642,0.593,80.029,180675,4,3x4I4nRuZp5NdtGvCPw6Ms,IV. Sweatpants,62y3BHKehWnb1hlaPclDAA,73sIBHcqh3Z3NyqHKZ7FOL,Childish Gambino,12012874,atl hip hop|hip hop|rap,78,2013-12-10,day,71,2024-01-08
0.511,0.735,2,-6.026,1,0.239,0.352,0.0,0.196,0.379,110.965,276160,5,27mF2eUbhExYWiOT0y9cuc,Diced Pineapples,62y3BHKehWnb1hlaPclDAA,"1sBkRIssrMs1AbVkOJbc7a,67nwj3Y5sZQLl72VNUHEYE,3TVXtAsR1Inumwj472S9r4",Rick Ross|Wale|Drake,7103142|4150012|83626299,dirty south rap|gangster rap|hip hop|rap|southern hip hop|trap|pop rap|r&b|rap|southern hip hop|trap|canadian hip hop|canadian pop|hip hop|pop rap|rap,76|69|96,2012-01-01,day,60,2024-01-08
0.969,0.491,2,-9.859,1,0.233,0.0361,0.0,0.118,0.768,126.048,198095,4,252gJUec2oDsGBPcxZs4nX,Walked In,62y3BHKehWnb1hlaPclDAA,"7FBDXY8U17aasVTH3rgxbS,6z1cicLMt9XArxN10q7m8a,5dVdVMgyzM03JGEkjYoHKS",Bankroll Fresh|Travis Porter|Street Money Boochie,594389|840022|7630,atl hip hop|trap|atl hip hop|dirty south rap|futuristic swag|southern hip hop|trap|atl trap,45|54|35,2015-07-10,day,55,2024-01-08
0.925,0.518,8,-5.831,1,0.106,0.00433,0.0,0.0976,0.241,120.064,231067,4,2L8cFPItBljPNJgPjTnuIf,No Flex Zone,62y3BHKehWnb1hlaPclDAA,7iZtZyCzp3LItcw1wtPI3D,Rae Sremmurd,7361248,melodic rap|mississippi hip hop|pop rap|rap|trap,71,2015-01-06,day,58,2024-01-08
0.686,0.547,7,-7.569,0,0.681,0.348,0.0,0.0939,0.385,160.008,129192,4,3gikeu0X8ZcZ1pVR4f984H,Dealers,62y3BHKehWnb1hlaPclDAA,0nbMsckyfNWqs6kbidWdti,J. Alston,888,,11,2017-07-16,day,0,2024-01-08
0.633,0.623,1,-6.387,1,0.0567,0.0216,3.24e-05,0.0916,0.514,76.997,217947,4,60xbqHCRxrpd2Ybc6gqt1M,Light Up,62y3BHKehWnb1hlaPclDAA,7qL8oKDLj4eGuf3ac6S8HU,Alex Larsson,703,,22,2018-05-23,day,4,2024-01-08
0.799,0.316,5,-9.501,0,0.236,0.688,5.95e-06,0.107,0.264,119.937,196127,4,3S4sYwTfxUcMZgU9BRzgyh,I Called You,62y3BHKehWnb1hlaPclDAA,5Vc8XP4aunqLeaeaucqSrz,Ashlee Bankz,911,,11,2017-02-06,day,3,2024-01-08
0.514,0.693,9,-5.868,1,0.408,0.177,0.0,0.351,0.287,110.568,240640,3,3EApebexZ7YqDIqw2EMTDh,I Might Need Security,62y3BHKehWnb1hlaPclDAA,1anyVhU62p31KFi8MEzkbf,Chance the Rapper,5947668,chicago rap|conscious hip hop|hip hop|pop rap|rap,72,2018-07-19,day,52,2024-01-08
0.835,0.626,1,-5.833,1,0.125,0.0589,6e-05,0.396,0.35,91.03,217925,4,2G7V7zsVDxg1yRsu7Ew9RJ,In My Feelings,62y3BHKehWnb1hlaPclDAA,3TVXtAsR1Inumwj472S9r4,Drake,83626299,canadian hip hop|canadian pop|hip hop|pop rap|rap,96,2018-06-29,day,77,2024-01-08
0.854,0.569,5,-8.151,0,0.106,0.0609,0.0816,0.1,0.294,80.015,205040,4,7ycWLEP1GsNjVvcjawXz3z,Praise The Lord (Da Shine) (feat. Skepta),62y3BHKehWnb1hlaPclDAA,"13ubrt8QOOCPljQ2FL1Kca,2p1fiYHYiXz9qi0JJyxBzN",A$AP Rocky|Skepta,13299639|1195188,east coast hip hop|hip hop|rap|trap|birmingham grime|grime|instrumental grime|uk hip hop,81|72,2018-05-25,day,84,2024-01-08
0.884,0.559,0,-7.442,1,0.12,0.0236,0.0,0.101,0.342,97.994,232959,4,5IaHrVsrferBYDm0bDyABy,Taste (feat. Offset),62y3BHKehWnb1hlaPclDAA,"5LHRHt1k9lMyONurDHEdrp,4DdkRBBYG6Yk9Ka8tdJ9BW",Tyga|Offset,6848796|3501668,hip hop|pop rap|rap|trap|atl hip hop|hip hop|pop rap|rap|trap,78|79,2018-05-16,day,72,2024-01-08
0.912,0.412,7,-8.074,1,0.123,0.0165,0.0126,0.104,0.423,154.983,238614,4,0TlLq3lA83rQOYtrqBqSct,Nonstop,62y3BHKehWnb1hlaPclDAA,3TVXtAsR1Inumwj472S9r4,Drake,83626299,canadian hip hop|canadian pop|hip hop|pop rap|rap,96,2018-06-29,day,81,2024-01-08
0.792,0.555,0,-7.038,1,0.34,0.0394,6.39e-06,0.107,0.084,99.954,273600,4,5H0NU2sHWUnWCcZyYlX46X,65th & Ingleside,62y3BHKehWnb1hlaPclDAA,1anyVhU62p31KFi8MEzkbf,Chance the Rapper,5947668,chicago rap|conscious hip hop|hip hop|pop rap|rap,72,2018-07-16,day,46,2024-01-08
0.923,0.587,11,-6.401,1,0.262,0.15,0.0,0.118,0.27,94.978,276659,4,1vnsGFNWNANWMg0CAeMkl2,"Plug Walk (feat. Gucci Mane, YG, 2Chainz) - Remix",62y3BHKehWnb1hlaPclDAA,"1pPmIToKXyGdsCF6LmqLmI,13y7CgLHjMVRMDqxdx0Xdo,0A0FS04o6zMoto8OKPsDwY,17lzZA2AlOHwCwFALHttmp",Rich The Kid|Gucci Mane|YG|2 Chainz,3203856|5220799|3205645|8017349,atl hip hop|melodic rap|plugg|rap|trap|atl hip hop|dirty south rap|hip hop|pop rap|rap|southern hip hop|trap|cali rap|hip hop|pop rap|rap|southern hip hop|trap|atl hip hop|hip hop|pop rap|rap|southern hip hop|trap,66|76|72|75,2018-06-20,day,49,2024-01-08
0.963,0.346,5,-9.309,0,0.53,0.0355,0.0,0.108,0.562,119.957,142273,4,6vN77lE9LK6HP2DewaN6HZ,Yes Indeed,62y3BHKehWnb1hlaPclDAA,"5f7VJjfbwm532GiveGC0ZK,3TVXtAsR1Inumwj472S9r4",Lil Baby|Drake,16366093|83626299,atl hip hop|atl trap|rap|trap|canadian hip hop|canadian pop|hip hop|pop rap|rap,86|96,2018-05-18,day,84,2024-01-08
0.899,0.586,11,-7.866,0,0.343,0.279,0.0,0.0836,0.492,150.002,214467,4,3qN5qMTKyEEmiTZD38BNTT,I'm Upset,62y3BHKehWnb1hlaPclDAA,3TVXtAsR1Inumwj472S9r4,Drake,83626299,canadian hip hop|canadian pop|hip hop|pop rap|rap,96,2018-06-29,day,69,2024-01-08
0.888,0.515,1,-6.246,1,0.271,0.247,0.0,0.446,0.264,141.009,225893,4,5S1IUPueD0xE0vj4zU3nSf,Bigger Than You (feat. Drake & Quavo),62y3BHKehWnb1hlaPclDAA,"17lzZA2AlOHwCwFALHttmp,3TVXtAsR1Inumwj472S9r4,0VRj0yCOv2FXJNP47XQnx5",2 Chainz|Drake|Quavo,8017349|83626299|7128651,atl hip hop|hip hop|pop rap|rap|southern hip hop|trap|canadian hip hop|canadian pop|hip hop|pop rap|rap|atl hip hop|melodic rap|rap|trap,75|96|77,2018-06-15,day,55,2024-01-08
0.745,0.346,1,-7.709,1,0.331,0.00552,0.0,0.0881,0.112,203.911,237240,4,0ZNrc4kNeQYD9koZ3KvCsy,"BIG BANK (feat. 2 Chainz, Big Sean, Nicki Minaj)",62y3BHKehWnb1hlaPclDAA,"0A0FS04o6zMoto8OKPsDwY,17lzZA2AlOHwCwFALHttmp,0c173mlxpT3dSFRgMO8XPh,0hCNtLu0JehylgoiP8L4Gh",YG|2 Chainz|Big Sean|Nicki Minaj,3205645|8017349|11115824|30496118,cali rap|hip hop|pop rap|rap|southern hip hop|trap|atl hip hop|hip hop|pop rap|rap|southern hip hop|trap|detroit hip hop|hip hop|pop rap|r&b|rap|trap|hip pop|pop|queens hip hop|rap,72|75|75|88,2018-08-03,day,65,2024-01-08
0.642,0.782,5,-3.395,0,0.0477,0.381,0.0,0.108,0.396,162.005,195053,4,6nO3tr47nr2P7f3hXb8JIo,Champion (feat. Travis Scott),62y3BHKehWnb1hlaPclDAA,"7rkW85dBwwrJtlHRDkJDAC,0Y5tJX1MQlPlqiwlOH1tJY",NAV|Travis Scott,3426047|26203362,canadian hip hop|canadian trap|melodic rap|rap|trap|hip hop|rap|slap house,72|91,2018-05-18,day,69,2024-01-08
0.754,0.575,4,-8.393,0,0.0682,0.045,0.00131,0.276,0.491,86.009,205147,4,7rC5Pl8rQSX4myONQHYPBK,Mob Ties,62y3BHKehWnb1hlaPclDAA,3TVXtAsR1Inumwj472S9r4,Drake,83626299,canadian hip hop|canadian pop|hip hop|pop rap|rap,96,2018-06-29,day,71,2024-01-08
0.925,0.31,11,-6.531,0,0.291,0.123,0.0,0.0931,0.291,121.927,145507,4,3U21A07gAloCc4P7J8rxcn,All Mine,62y3BHKehWnb1hlaPclDAA,5K4W6rqBFWDnAN6FQUkS6x,Kanye West,22986248,chicago rap|hip hop|rap,91,2018-06-01,day,78,2024-01-08
0.899,0.751,11,-4.063,0,0.311,0.0732,0.0,0.127,0.636,140.029,198667,4,3LR0t8XqZ1FUj6nj01sXN0,Who Want The Smoke?,62y3BHKehWnb1hlaPclDAA,"6icQOAFXDZKsumw3YXyusw,4kYSro6naA4h99UJvo89HB,4DdkRBBYG6Yk9Ka8tdJ9BW",Lil Yachty|Cardi B|Offset,9554683|22993357|3501668,atl hip hop|melodic rap|rap|trap|pop|rap|atl hip hop|hip hop|pop rap|rap|trap,78|78|79,2018-07-06,day,45,2024-01-08
0.851,0.666,11,-5.334,0,0.0694,0.139,0.0,0.105,0.0585,134.068,129105,4,3sA7HKGzcKTVscdiTCrWpX,Outside Today,62y3BHKehWnb1hlaPclDAA,7wlFDEWiM5OoIAt8RSli8b,YoungBoy Never Broke Again,12248282,baton rouge rap|rap,82,2018-06-29,day,71,2024-01-08
0.797,0.55,9,-4.166,1,0.24,0.513,0.0,0.0786,0.543,134.206,206267,4,6IaieqiCVvsNvEt6Y7yOFa,Ball For Me (feat. Nicki Minaj),62y3BHKehWnb1hlaPclDAA,"246dkjvS1zLTtiykXe5h60,0hCNtLu0JehylgoiP8L4Gh",Post Malone|Nicki Minaj,43068815|30496118,dfw rap|melodic rap|pop|rap|hip pop|pop|queens hip hop|rap,87|88,2018-04-27,day,68,2024-01-08
0.759,0.759,1,-5.68,1,0.301,0.00227,0.0,0.109,0.505,91.967,154565,4,0CFJoopJPNMEC7Itmp64Yb,TATI (feat. DJ Spinking),62y3BHKehWnb1hlaPclDAA,"7gZfnEnfiaHzxARJ2LeXrf,1qSJaftSab2kTTsj7fLxvM",6ix9ine|DJ SpinKing,6888600|11064,emo rap|slow game,68|47,2018,year,59,2024-01-08
0.672,0.717,1,-2.714,1,0.034,0.341,2.4e-05,0.106,0.225,160.981,194560,4,5VuxWXbt7XENQCtE9TzpTv,Spoil My Night (feat. Swae Lee),62y3BHKehWnb1hlaPclDAA,"246dkjvS1zLTtiykXe5h60,1zNqQNIdeOUZHb8zbZRFMX",Post Malone|Swae Lee,43068815|1964515,dfw rap|melodic rap|pop|rap|melodic rap|rap|trap,87|79,2018-04-27,day,67,2024-01-08
0.816,0.726,5,-3.998,0,0.129,0.099,0.0,0.372,0.65,136.048,253390,4,58q2HKrzhC3ozto2nDdN4z,I Like It,62y3BHKehWnb1hlaPclDAA,"4kYSro6naA4h99UJvo89HB,4q3ewBCX7sLwd24euuV69X,1vyhD5VmyZ7KMfW5gqLgo5",Cardi B|Bad Bunny|J Balvin,22993357|78216625|37398296,pop|rap|reggaeton|trap latino|urbano latino|reggaeton|reggaeton colombiano|trap latino|urbano latino,78|95|84,2018-04-06,day,80,2024-01-08
0.782,0.531,1,-6.636,1,0.168,0.145,0.0501,0.238,0.247,148.046,129733,4,0aWMostcnfyjuCEcO7sTz5,GHOST,62y3BHKehWnb1hlaPclDAA,"0xOeVMOz2fVg5BJY3N6akT,7cAlvWK5rgMmJ37j7woN8l",Jaden|Christian Rich,1898808|17912,pop rap|rap|,65|42,2018-06-22,day,54,2024-01-08
0.705,0.784,2,-6.477,1,0.271,0.0133,0.0,0.168,0.377,160.035,264853,4,0E6PsO3ymCfUh7pJQjBgkj,APESHIT,62y3BHKehWnb1hlaPclDAA,4fpTMHe34LC5t3h5ztK8qu,The Carters,1618925,r&b,53,2018-06-16,day,60,2024-01-08
0.854,0.463,5,-6.159,1,0.137,0.117,0.0,0.354,0.549,120.024,225773,4,0b9oOr2ZgvyQu88wzixux9,This Is America,62y3BHKehWnb1hlaPclDAA,73sIBHcqh3Z3NyqHKZ7FOL,Childish Gambino,12012874,atl hip hop|hip hop|rap,78,2018-05-06,day,71,2024-01-08
0.819,0.635,7,-12.595,1,0.319,0.257,9.35e-06,0.195,0.463,125.684,201375,4,4b5fEUCaZz5aqx0MRaIFie,The Secret,62y3BHKehWnb1hlaPclDAA,76nNDTObocdn5FDlMDcBe5,Bryan Divisions,5561,spiritual hip hop,13,2018-08-28,day,7,2024-01-08
0.59,0.423,1,-15.891,1,0.338,0.384,0.00144,0.242,0.207,134.975,216875,4,64zNHSlUfc3xD1yPYv6iEM,Source,62y3BHKehWnb1hlaPclDAA,76nNDTObocdn5FDlMDcBe5,Bryan Divisions,5561,spiritual hip hop,13,2018-08-28,day,5,2024-01-08
0.861,0.603,8,-5.788,0,0.176,0.0521,0.0,0.0924,0.504,98.043,228760,4,0FZ4Dmg8jJJAPJnvBIzD9z,ZEZE (feat. Travis Scott & Offset),62y3BHKehWnb1hlaPclDAA,"46SHBwWsqBkxI7EeeBEQG7,4DdkRBBYG6Yk9Ka8tdJ9BW,0Y5tJX1MQlPlqiwlOH1tJY",Kodak Black|Offset|Travis Scott,10072386|3501668|26203362,florida drill|florida rap|melodic rap|miami hip hop|rap|trap|trap latino|atl hip hop|hip hop|pop rap|rap|trap|hip hop|rap|slap house,80|79|91,2018-12-14,day,80,2024-01-08
0.753,0.686,1,-5.415,0,0.284,0.0677,0.0,0.193,0.886,132.055,194732,4,6wWaVoUOzLQJHd3bWAUpdZ,"Never Recover (Lil Baby & Gunna, Drake)",62y3BHKehWnb1hlaPclDAA,"5f7VJjfbwm532GiveGC0ZK,2hlmm7s2ICUX0LVIhVFlZQ,3TVXtAsR1Inumwj472S9r4",Lil Baby|Gunna|Drake,16366093|6520604|83626299,atl hip hop|atl trap|rap|trap|atl hip hop|melodic rap|rap|trap|canadian hip hop|canadian pop|hip hop|pop rap|rap,86|84|96,2018-10-05,day,74,2024-01-08
0.917,0.786,11,-4.921,0,0.208,0.0403,0.0,0.195,0.441,143.038,224903,4,3edzl4zvKFi0D3iuF6cs2f,PASS OUT (feat. 21 Savage),62y3BHKehWnb1hlaPclDAA,"0VRj0yCOv2FXJNP47XQnx5,1URnnhqYAYcrqrcwql10ft",Quavo|21 Savage,7128651|16213669,atl hip hop|melodic rap|rap|trap|atl hip hop|hip hop|rap,77|89,2018-10-12,day,51,2024-01-08
0.897,0.662,1,-6.903,0,0.292,0.0852,0.0,0.534,0.389,112.511,145543,4,78QR3Wp35dqAhFEc2qAGjE,Drip Too Hard (Lil Baby & Gunna),62y3BHKehWnb1hlaPclDAA,"5f7VJjfbwm532GiveGC0ZK,2hlmm7s2ICUX0LVIhVFlZQ",Lil Baby|Gunna,16366093|6520604,atl hip hop|atl trap|rap|trap|atl hip hop|melodic rap|rap|trap,86|84,2018-10-05,day,86,2024-01-08
0.889,0.385,11,-11.767,0,0.165,0.00544,0.0,0.274,0.235,125.995,202533,4,1Jl21sidRpEdlVBvYbssLx,Sin (feat. Jaden Smith),62y3BHKehWnb1hlaPclDAA,"50co4Is1HCEo8bhOyUWKpn,0xOeVMOz2fVg5BJY3N6akT",Young Thug|Jaden,9355686|1898808,atl hip hop|atl trap|gangster rap|melodic rap|rap|trap|pop rap|rap,83|65,2018-09-24,day,56,2024-01-08
0.729,0.625,4,-5.266,1,0.0315,0.194,0.00986,0.248,0.261,146.034,183907,4,1xzBco0xcoJEDXktl7Jxrr,Mo Bamba,62y3BHKehWnb1hlaPclDAA,2RDOrhPqAM4jzTRCEb19qX,Sheck Wes,1545353,pop rap|rap|trap,62,2018-10-05,day,81,2024-01-08
0.732,0.628,11,-4.513,1,0.387,0.125,0.0,0.157,0.84,150.053,152000,4,52OczisW5YSWIAJiygxs1M,STOOPID (feat. Bobby Shmurda),62y3BHKehWnb1hlaPclDAA,"7gZfnEnfiaHzxARJ2LeXrf,34Y0ldeyUv7jBvukWOGASO",6ix9ine|Bobby Shmurda,6888600|1494221,emo rap|nyc rap|rap|trap,68|56,2018,year,56,2024-01-08
0.834,0.73,8,-3.714,1,0.222,0.00513,0.0,0.124,0.446,155.008,312820,4,2xLMifQCjDGFmkHkpNLD9h,SICKO MODE,62y3BHKehWnb1hlaPclDAA,0Y5tJX1MQlPlqiwlOH1tJY,Travis Scott,26203362,hip hop|rap|slap house,91,2018-08-03,day,87,2024-01-08
0.754,0.342,10,-8.677,0,0.0991,0.073,0.0,0.193,0.423,128.981,121347,4,5qHirGR7M9tdm6C17DlzSY,REEL IT IN,62y3BHKehWnb1hlaPclDAA,3Gm5F95VdRxW3mqCn8RPBJ,Aminé,1915659,pop rap|portland hip hop|rap|underground hip hop,67,2018-08-15,day,76,2024-01-08
0.85,0.785,8,-4.963,0,0.345,0.0367,0.0,0.155,0.718,145.063,343099,4,0Fpen1PTuEnCmOJtUU9Iud,New Patek,62y3BHKehWnb1hlaPclDAA,4O15NlyKLIASxsJ0PrXPfz,Lil Uzi Vert,16484624,hip hop|melodic rap|philly rap|rage rap|rap,85,2018-09-18,day,65,2024-01-08
0.877,0.558,1,-4.896,1,0.342,0.066,0.0,0.0745,0.493,157.027,226533,4,1G5ho820Xi2Qu3HsBZ26ft,Womp Womp,62y3BHKehWnb1hlaPclDAA,"4hRL2QmahOYxXNmNKtG1AI,3KV3p5EY4AvKxOlhGHORLg",Valee|Jeremih,187493|6555141,atl trap|chicago rap|underground hip hop|chicago rap|pop rap|r&b|southern hip hop|trap|urban contemporary,44|72,2018-05-04,day,54,2024-01-08
0.545,0.582,1,-9.601,1,0.421,0.48,0.0,0.114,0.301,98.348,124000,3,61H24wWW4V9KczIns74dHi,Crack,62y3BHKehWnb1hlaPclDAA,7wRxYvcHvjDn2nmZgnGS3K,Mooke Da God,305,,2,2017-03-31,day,4,2024-01-08
0.876,0.408,11,-11.694,1,0.321,0.0179,0.000795,0.107,0.332,139.967,149571,4,2nxAepqcOyM5cY8oOhNkzy,So Good,62y3BHKehWnb1hlaPclDAA,6Rqs6YdkafouP3IRWJwDqA,Mikeila J,604,,0,2018-10-21,day,0,2024-01-08
0.786,0.509,4,-9.778,0,0.074,0.661,0.0,0.0876,0.45,125.009,242880,4,1tuXnhZviiIp2yDlmLhwEK,Grind,62y3BHKehWnb1hlaPclDAA,"49TWFkK5bUcXhfi6PG0uV3,0q5sf3wiZKOlobIk1p7vLp",Some Guy Named Lee|Jcdarebel,313|29,|,1|3,2019-07-12,day,6,2024-01-08
0.883,0.684,7,-4.522,1,0.326,0.647,0.0,0.166,0.645,130.007,196206,4,3O0GMpJ1FvMPHFfwNbG6gL,Gas Light,62y3BHKehWnb1hlaPclDAA,3gYCxFNYjBKuAz4MYDaP8q,True Moody,100,,0,2018-09-08,day,5,2024-01-08
0.833,0.419,8,-8.927,1,0.63,0.0813,0.0,0.191,0.489,133.12,118445,4,1rcEtzR9Z07PvQBqUxhFcU,Dip (#thewoah),62y3BHKehWnb1hlaPclDAA,6lEhBhAv6HOopjXssi09cq,TisaKorean,98712,houston rap|viral rap,50,2018-10-08,day,50,2024-01-08
0.848,0.498,0,-11.15,0,0.187,0.22,0.0,0.119,0.899,131.013,217051,4,5JMj1GUaACmgpCfv0G124x,Boys Are Dumb,62y3BHKehWnb1hlaPclDAA,3iAcMlOrPAmusol5IZnLGY,Moonlite,1,,0,2018-11-10,day,0,2024-01-08
0.772,0.885,1,-4.736,1,0.0847,0.193,9.48e-06,0.0953,0.512,94.98,205360,4,4XVfNwP88Hn9kSkXVnxj2S,Ball (feat. Lil Wayne),62y3BHKehWnb1hlaPclDAA,"4OBJLual30L7gRl5UkeRcT,55Aa2cqylxrFIXC767Z865",T.I.|Lil Wayne,4683892|14232381,atl hip hop|dirty south rap|gangster rap|hip hop|pop rap|rap|southern hip hop|trap|hip hop|new orleans rap|pop rap|rap|trap,73|85,2012-12-18,day,46,2024-01-08
0.889,0.496,4,-6.365,0,0.0905,0.259,0.0,0.252,0.544,86.003,180522,4,2IRZnDFmlqMuOrYOLnZZyc,Going Bad (feat. Drake),62y3BHKehWnb1hlaPclDAA,"20sxb77xiYeusSH8cVdatc,3TVXtAsR1Inumwj472S9r4",Meek Mill|Drake,7704881|83626299,hip hop|philly rap|pop rap|rap|southern hip hop|trap|canadian hip hop|canadian pop|hip hop|pop rap|rap,73|96,2018-11-30,day,81,2024-01-08
0.736,0.67,10,-6.702,1,0.311,0.186,0.0,0.114,0.845,130.032,169999,4,5wujBwqG7INdStqGd4tRMX,Armed And Dangerous,62y3BHKehWnb1hlaPclDAA,4MCBfE4596Uoi2O4DtmEMz,Juice WRLD,32077469,chicago rap|melodic rap|rap,87,2018-12-10,day,80,2024-01-08
0.81,0.353,6,-9.931,0,0.31,0.588,0.0,0.102,0.0727,88.031,208293,4,0AluA5RNsa4Cx6XRhf2hWZ,10 Freaky Girls (with 21 Savage),62y3BHKehWnb1hlaPclDAA,"0iEtIxbK0KxaSlF7G42ZOp,1URnnhqYAYcrqrcwql10ft",Metro Boomin|21 Savage,6641993|16213669,rap|atl hip hop|hip hop|rap,87|89,2018-11-06,day,80,2024-01-08
0.87,0.35,1,-6.082,1,0.277,0.00661,0.000483,0.108,0.175,74.963,168347,4,2Grb4G6t9VIqo6moKUloom,Don't Come Out The House (with 21 Savage),62y3BHKehWnb1hlaPclDAA,"0iEtIxbK0KxaSlF7G42ZOp,1URnnhqYAYcrqrcwql10ft",Metro Boomin|21 Savage,6641993|16213669,rap|atl hip hop|hip hop|rap,87|89,2018-11-06,day,72,2024-01-08
0.765,0.704,5,-4.589,0,0.127,0.0215,0.0,0.227,0.498,147.055,192172,4,04MLEeAMuV9IlHEsD8vF6A,No Stylist (feat. Drake),62y3BHKehWnb1hlaPclDAA,"6vXTefBL93Dj5IqAWq6OTv,3TVXtAsR1Inumwj472S9r4",French Montana|Drake,5255986|83626299,hip hop|pop rap|rap|southern hip hop|trap|canadian hip hop|canadian pop|hip hop|pop rap|rap,73|96,2018-09-20,day,63,2024-01-08
0.785,0.554,0,-6.571,1,0.0409,0.283,3.4e-06,0.116,0.144,128.047,150043,4,7lAK3oHbfEnvUQWosrMMpR,YOSEMITE,62y3BHKehWnb1hlaPclDAA,0Y5tJX1MQlPlqiwlOH1tJY,Travis Scott,26203362,hip hop|rap|slap house,91,2018-08-03,day,78,2024-01-08
0.779,0.355,10,-8.971,0,0.0789,0.0624,0.0,0.159,0.362,128.805,166960,4,4yVEpUXxYgBwfSOKGTFxv5,REEL IT IN (feat. Gucci Mane) - Remix,62y3BHKehWnb1hlaPclDAA,"3Gm5F95VdRxW3mqCn8RPBJ,13y7CgLHjMVRMDqxdx0Xdo",Aminé|Gucci Mane,1915659|5220799,pop rap|portland hip hop|rap|underground hip hop|atl hip hop|dirty south rap|hip hop|pop rap|rap|southern hip hop|trap,67|76,2018-11-20,day,49,2024-01-08
0.655,0.814,1,-3.225,1,0.0487,0.1,0.0,0.401,0.142,90.997,190955,4,5kTQa2G88tHnKB1Y6vNTyn,Uptown Vibes (feat. Fabolous & Anuel AA),62y3BHKehWnb1hlaPclDAA,"20sxb77xiYeusSH8cVdatc,2R21vXR83lH98kGeO99Y66,0YWxKQj2Go9CGHCp77UOyy",Meek Mill|Anuel AA|Fabolous,7704881|34266161|2654200,hip hop|philly rap|pop rap|rap|southern hip hop|trap|reggaeton|reggaeton flow|trap boricua|trap latino|urbano latino|gangster rap|hip hop|pop rap|rap|trap|urban contemporary,73|86|64,2018-11-22,day,40,2024-01-08
0.541,0.734,7,-4.232,0,0.166,0.0621,0.0,0.12,0.321,162.304,267720,4,0nq6sfr8z1R5KJ4XUk396e,Stay Schemin,62y3BHKehWnb1hlaPclDAA,"1sBkRIssrMs1AbVkOJbc7a,3TVXtAsR1Inumwj472S9r4,6vXTefBL93Dj5IqAWq6OTv",Rick Ross|Drake|French Montana,7103142|83626299|5255986,dirty south rap|gangster rap|hip hop|rap|southern hip hop|trap|canadian hip hop|canadian pop|hip hop|pop rap|rap|hip hop|pop rap|rap|southern hip hop|trap,76|96|73,2012-01-01,day,67,2024-01-08
0.781,0.597,10,-6.794,0,0.23,0.0415,0.0,0.152,0.544,158.043,149949,4,7wcyO1rrH3Ru4t659IjG41,Crushed Up,62y3BHKehWnb1hlaPclDAA,1RyvyyTE3xzB2ZywiAwp0i,Future,15692678,atl hip hop|hip hop|rap|southern hip hop|trap,88,2019-01-18,day,58,2024-01-08
0.736,0.622,6,-4.653,0,0.133,0.0235,0.0,0.151,0.506,191.971,192779,4,6uSSupG4TMu3vW8QgynAB6,Startender (feat. Offset and Tyga),62y3BHKehWnb1hlaPclDAA,"31W5EY0aAly4Qieq6OFu6I,5LHRHt1k9lMyONurDHEdrp,4DdkRBBYG6Yk9Ka8tdJ9BW",A Boogie Wit da Hoodie|Tyga|Offset,7919751|6848796|3501668,melodic rap|rap|trap|hip hop|pop rap|rap|trap|atl hip hop|hip hop|pop rap|rap|trap,79|78|79,2018-12-14,day,50,2024-01-08
0.829,0.539,11,-7.359,0,0.208,0.136,1.78e-06,0.103,0.388,99.96,149547,4,7xQAfvXzm3AkraOtGPWIZg,Wow.,62y3BHKehWnb1hlaPclDAA,246dkjvS1zLTtiykXe5h60,Post Malone,43068815,dfw rap|melodic rap|pop|rap,87,2019-09-06,day,84,2024-01-08
0.89,0.607,9,-6.916,0,0.124,0.158,0.000228,0.118,0.224,134.022,233040,4,2FUNBaa5DwItJtYEBgAblU,monster,62y3BHKehWnb1hlaPclDAA,1URnnhqYAYcrqrcwql10ft,21 Savage,16213669,atl hip hop|hip hop|rap,89,2018-12-21,day,61,2024-01-08
0.901,0.464,5,-9.789,0,0.0645,0.368,1.71e-05,0.238,0.638,109.004,203267,4,1fewSx2d5KIZ04wsooEBOz,Space Cadet (feat. Gunna),62y3BHKehWnb1hlaPclDAA,"0iEtIxbK0KxaSlF7G42ZOp,2hlmm7s2ICUX0LVIhVFlZQ",Metro Boomin|Gunna,6641993|6520604,rap|atl hip hop|melodic rap|rap|trap,87|84,2018-11-06,day,84,2024-01-08
0.925,0.397,5,-11.265,1,0.169,0.0889,5.12e-05,0.144,0.429,130.008,132923,4,4NdXQlDTzxbOMkzJGWFtz3,Butterfly Doors,62y3BHKehWnb1hlaPclDAA,3wyVrVrFCkukjdVIdirGVY,Lil Pump,7849798,emo rap|miami hip hop|pop rap|rap|trap,63,2019-01-04,day,46,2024-01-08
0.837,0.636,1,-7.643,1,0.086,0.0395,0.00125,0.342,0.274,145.972,288624,4,2t8yVaLvJ0RenpXUIAC52d,a lot,62y3BHKehWnb1hlaPclDAA,1URnnhqYAYcrqrcwql10ft,21 Savage,16213669,atl hip hop|hip hop|rap,89,2018-12-21,day,83,2024-01-08
0.808,0.617,10,-9.32,0,0.442,0.113,0.0,0.734,0.632,149.962,166400,4,74lnM5V6ecvoTPV0fvptx9,Nuketown (feat. Juice WRLD),62y3BHKehWnb1hlaPclDAA,"2rhFzFmezpnW82MNqEKVry,4MCBfE4596Uoi2O4DtmEMz",Ski Mask The Slump God|Juice WRLD,5634073|32077469,hip hop|miami hip hop|pop rap|rap|trap|underground hip hop|chicago rap|melodic rap|rap,72|87,2018-11-30,day,76,2024-01-08
0.742,0.709,1,-3.585,0,0.259,0.126,0.0,0.177,0.324,94.618,136032,4,2gGyUF86bijvQyjcOcJxNw,KIKA (feat. Tory Lanez),62y3BHKehWnb1hlaPclDAA,"7gZfnEnfiaHzxARJ2LeXrf,2jku7tDXc6XoB6MO2hFuqg",6ix9ine|Tory Lanez,6888600|6302994,emo rap|canadian hip hop|canadian trap|melodic rap|pop rap|r&b|rap|trap,68|80,2018,year,63,2024-01-08
0.802,0.837,8,-6.269,1,0.13,0.12,0.0,0.288,0.83,124.951,256120,4,119pE59HeIqBiaXHbw7B1M,"Get Low (feat. Nicki Minaj, Tyga & Flo Rida)",62y3BHKehWnb1hlaPclDAA,"6f4XkbvYlXMH0QgVRzW0sM,0jnsk9HBra6NMjO2oANoPY,0hCNtLu0JehylgoiP8L4Gh,5LHRHt1k9lMyONurDHEdrp",Waka Flocka Flame|Flo Rida|Nicki Minaj|Tyga,2684309|8676033|30496118|6848796,atl hip hop|dirty south rap|pop rap|rap|southern hip hop|trap|dance pop|miami hip hop|pop|pop rap|hip pop|pop|queens hip hop|rap|hip hop|pop rap|rap|trap,64|78|88|78,2012-06-08,day,38,2024-01-08
0.703,0.925,11,-2.499,1,0.121,0.0208,0.0,0.354,0.397,138.946,273093,4,7BbbLiARcvEIhyMCcTRfJr,Same Damn Time (Remix) (feat. Diddy & Ludacris),62y3BHKehWnb1hlaPclDAA,"1RyvyyTE3xzB2ZywiAwp0i,59wfkuBoNyhDMQGCljbUbA,3ipn9JLAPI5GUEo4y4jcoi",Future|Diddy|Ludacris,15692678|1614890|2755957,atl hip hop|hip hop|rap|southern hip hop|trap|dance pop|east coast hip hop|hip hop|hip pop|pop rap|rap|atl hip hop|dance pop|dirty south rap|hip hop|old school atlanta hip hop|pop rap|rap|southern hip hop|trap,88|71|75,2012-11-27,day,39,2024-01-08
0.837,0.364,8,-11.713,1,0.276,0.149,0.0,0.271,0.463,123.984,213594,4,2JvzF1RMd7lE3KmFlsyZD8,MIDDLE CHILD,62y3BHKehWnb1hlaPclDAA,6l3HvQ5sa6mXTsMTB19rO5,J. Cole,22394288,conscious hip hop|hip hop|north carolina hip hop|rap,86,2019-01-23,day,84,2024-01-08
0.861,0.481,2,-7.309,1,0.343,0.125,1.38e-05,0.0903,0.188,146.992,195736,4,2IoZOYOZDrWCOLoZoYedxQ,One Call,62y3BHKehWnb1hlaPclDAA,2hlmm7s2ICUX0LVIhVFlZQ,Gunna,6520604,atl hip hop|melodic rap|rap|trap,84,2019-02-01,day,42,2024-01-08
0.964,0.487,10,-6.071,0,0.421,0.00127,6.57e-06,0.115,0.107,127.05,154024,4,577YBGuskWkVDCxZrLRB4v,Pure Cocaine,62y3BHKehWnb1hlaPclDAA,5f7VJjfbwm532GiveGC0ZK,Lil Baby,16366093,atl hip hop|atl trap|rap|trap,86,2018-11-30,day,84,2024-01-08
0.906,0.382,10,-12.89,0,0.269,0.18,0.0,0.113,0.391,104.025,129264,4,1rBjexQsgqXpsS2BrCxaDX,Thotiana,62y3BHKehWnb1hlaPclDAA,3Fl1V19tmjt57oBdxXKAjJ,Blueface,6560895,cali rap|rap,66,2018-12-18,day,60,2024-01-08
0.788,0.842,4,-4.006,0,0.142,0.121,0.00112,0.166,0.481,190.077,166476,4,0RRm4OS5ymfZryXBuj0G2m,Twerk (feat. Cardi B),62y3BHKehWnb1hlaPclDAA,"37hAfseJWi0G3Scife12Il,4kYSro6naA4h99UJvo89HB",City Girls|Cardi B,2463009|22993357,scam rap|trap queen|pop|rap,64|78,2018-11-16,day,64,2024-01-08
0.835,0.659,4,-5.696,1,0.31,0.0123,0.0,0.372,0.579,129.93,195257,4,6PRh0ilIMEP1xlUHqalnkD,Put a Date On It (feat. Lil Baby),62y3BHKehWnb1hlaPclDAA,"6Ha4aES39QiVjR0L2lwuwq,5f7VJjfbwm532GiveGC0ZK",Yo Gotti|Lil Baby,4353152|16366093,dirty south rap|gangster rap|memphis hip hop|rap|southern hip hop|tennessee hip hop|trap|atl hip hop|atl trap|rap|trap,64|86,2019-01-25,day,52,2024-01-08
0.793,0.399,7,-7.428,1,0.0951,0.12,0.0,0.124,0.0379,121.949,226600,4,6Z4rmc0uujCpl8yXe3yjgI,Whip (feat. Travis Scott),62y3BHKehWnb1hlaPclDAA,"17lzZA2AlOHwCwFALHttmp,0Y5tJX1MQlPlqiwlOH1tJY",2 Chainz|Travis Scott,8017349|26203362,atl hip hop|hip hop|pop rap|rap|southern hip hop|trap|hip hop|rap|slap house,75|91,2019-03-01,day,44,2024-01-08
0.581,0.662,9,-5.239,1,0.303,0.0153,0.0,0.111,0.434,93.023,189487,4,1wJRveJZLSb1rjhnUHQiv6,Swervin (feat. 6ix9ine),62y3BHKehWnb1hlaPclDAA,"31W5EY0aAly4Qieq6OFu6I,7gZfnEnfiaHzxARJ2LeXrf",A Boogie Wit da Hoodie|6ix9ine,7919751|6888600,melodic rap|rap|trap|emo rap,79|68,2018-12-21,day,74,2024-01-08
0.771,0.761,1,-4.727,0,0.047,0.208,0.0,0.091,0.277,131.01,219664,4,0hCHNYL8ApQCGNwJrYN1FY,Bad Girls (feat. Gucci Mane),62y3BHKehWnb1hlaPclDAA,"7d3WFRME3vBY2cgoP38RDo,13y7CgLHjMVRMDqxdx0Xdo",Lil Skies|Gucci Mane,5025379|5220799,melodic rap|atl hip hop|dirty south rap|hip hop|pop rap|rap|southern hip hop|trap,67|76,2019-03-01,day,51,2024-01-08
0.644,0.501,0,-8.959,1,0.491,0.311,0.0,0.106,0.173,129.828,177000,4,5FxKZ4IajYIRDjAWAboiB4,Pimpin Ain't Eazy,62y3BHKehWnb1hlaPclDAA,46SHBwWsqBkxI7EeeBEQG7,Kodak Black,10072386,florida drill|florida rap|melodic rap|miami hip hop|rap|trap|trap latino,80,2019-03-01,day,58,2024-01-08
0.791,0.587,3,-5.075,0,0.0413,0.407,0.0,0.148,0.536,96.057,179449,4,3J5YrOvX2A0EA0j4BARQ9o,Look Back at It,62y3BHKehWnb1hlaPclDAA,31W5EY0aAly4Qieq6OFu6I,A Boogie Wit da Hoodie,7919751,melodic rap|rap|trap,79,2018-12-07,day,53,2024-01-08
0.832,0.649,1,-6.781,0,0.482,0.0252,0.0,0.255,0.699,76.01,189831,4,4bi9YrkOvmg4Eb7h00AW2c,Fall Threw (feat. Young Thug & Gunna),62y3BHKehWnb1hlaPclDAA,"1pPmIToKXyGdsCF6LmqLmI,50co4Is1HCEo8bhOyUWKpn,2hlmm7s2ICUX0LVIhVFlZQ",Rich The Kid|Young Thug|Gunna,3203856|9355686|6520604,atl hip hop|melodic rap|plugg|rap|trap|atl hip hop|atl trap|gangster rap|melodic rap|rap|trap|atl hip hop|melodic rap|rap|trap,66|83|84,2019-03-22,day,44,2024-01-08
0.836,0.636,8,-5.145,1,0.291,0.128,0.0,0.0462,0.847,142.006,161757,4,4gJUBncw0XCMTBHneTjqGx,Like Mike (feat. Jay Critch & A Boogie wit da Hoodie),62y3BHKehWnb1hlaPclDAA,"1pPmIToKXyGdsCF6LmqLmI,6Av6GMCOznZIlHuNcBWgf4,31W5EY0aAly4Qieq6OFu6I",Rich The Kid|Jay Critch|A Boogie Wit da Hoodie,3203856|699679|7919751,atl hip hop|melodic rap|plugg|rap|trap|nyc rap|trap|melodic rap|rap|trap,66|56|79,2019-03-22,day,42,2024-01-08
0.966,0.563,8,-5.764,1,0.0618,0.00202,0.0,0.105,0.363,104.991,173926,4,0NJp8GyCOWnQh71xKSPfuV,Freaky,62y3BHKehWnb1hlaPclDAA,2jku7tDXc6XoB6MO2hFuqg,Tory Lanez,6302994,canadian hip hop|canadian trap|melodic rap|pop rap|r&b|rap|trap,80,2019-03-15,day,54,2024-01-08
0.797,0.64,11,-6.272,0,0.194,0.148,0.0,0.209,0.486,100.002,170053,4,0fcq51a3gOI6gPvzc0YLsk,Wow. - Remix,62y3BHKehWnb1hlaPclDAA,"246dkjvS1zLTtiykXe5h60,757aE44tKEUQEqRuT6GnEB,5LHRHt1k9lMyONurDHEdrp",Post Malone|Roddy Ricch|Tyga,43068815|10179420|6848796,dfw rap|melodic rap|pop|rap|melodic rap|rap|trap|hip hop|pop rap|rap|trap,87|76|78,2019-03-15,day,62,2024-01-08
0.498,0.565,3,-9.3,1,0.131,0.0829,0.000483,0.11,0.167,119.38,262060,4,4cwdcKY6VBhQyz7ti6Bvfo,Nah No Way,62y3BHKehWnb1hlaPclDAA,5aqpAKkseUIPuy9Kkyp2Oq,ST3PH,292,,2,2019-03-14,day,4,2024-01-08
0.729,0.603,6,-6.736,0,0.0666,0.0948,0.0,0.113,0.207,134.972,243976,4,3XiNC94b4Tq1xwv70sQJGN,Sanguine Paradise,62y3BHKehWnb1hlaPclDAA,4O15NlyKLIASxsJ0PrXPfz,Lil Uzi Vert,16484624,hip hop|melodic rap|philly rap|rage rap|rap,85,2019-04-09,day,71,2024-01-08
0.958,0.597,9,-7.092,0,0.111,0.0457,0.0,0.138,0.619,127.931,180453,4,2EGtBS7Ws3ajiSkJLviFJ4,CHopstix (feat. Travis Scott),62y3BHKehWnb1hlaPclDAA,"5IcR3N7QB1j6KBL8eImZ8m,0Y5tJX1MQlPlqiwlOH1tJY",ScHoolboy Q|Travis Scott,4616817|26203362,gangster rap|hip hop|pop rap|rap|southern hip hop|trap|hip hop|rap|slap house,70|91,2019-04-26,day,53,2024-01-08
0.935,0.552,10,-9.373,0,0.335,0.111,0.0,0.0952,0.615,99.993,145627,4,1ThmUihH9dF8EV08ku5AXN,Faucet Failure,62y3BHKehWnb1hlaPclDAA,2rhFzFmezpnW82MNqEKVry,Ski Mask The Slump God,5634073,hip hop|miami hip hop|pop rap|rap|trap|underground hip hop,72,2018-11-30,day,75,2024-01-08
0.709,0.655,6,-6.746,0,0.0506,0.00868,0.0,0.193,0.289,135.975,244213,4,7yORNsKrSxLIV7qqRFySXl,Do It,62y3BHKehWnb1hlaPclDAA,"0xOtJ5JY4Urje1oVlMd3aS,5bgfj5zUoWpyeVatGDjn6H",Mykko Montana|K CAMP,24136|1658847,atl hip hop|futuristic swag|atl hip hop|melodic rap|southern hip hop|trap,32|58,2012-01-01,day,52,2024-01-08
0.861,0.599,7,-7.814,0,0.217,0.182,0.00855,0.102,0.527,100.026,144000,4,1FOINGDWa0dPgCpMabLT4Y,fast,62y3BHKehWnb1hlaPclDAA,4iDroUFo89Y7YBsdDTBmTD,Sueco,554510,cali rap,60,2019-09-20,day,62,2024-01-08
0.796,0.586,4,-6.946,0,0.147,0.0247,0.0,0.132,0.179,97.981,200107,4,7DcvwMAiqKJQD1rrdfxSDx,The London (feat. J. Cole & Travis Scott),62y3BHKehWnb1hlaPclDAA,"50co4Is1HCEo8bhOyUWKpn,6l3HvQ5sa6mXTsMTB19rO5,0Y5tJX1MQlPlqiwlOH1tJY",Young Thug|J. Cole|Travis Scott,9355686|22394288|26203362,atl hip hop|atl trap|gangster rap|melodic rap|rap|trap|conscious hip hop|hip hop|north carolina hip hop|rap|hip hop|rap|slap house,83|86|91,2019-05-23,day,69,2024-01-08
0.919,0.622,1,-7.384,1,0.0997,0.228,4.24e-06,0.122,0.424,140.022,205803,4,59ywHNwwchG4nZJMLyxSzd,Clout (feat. Cardi B),62y3BHKehWnb1hlaPclDAA,"4DdkRBBYG6Yk9Ka8tdJ9BW,4kYSro6naA4h99UJvo89HB",Offset|Cardi B,3501668|22993357,atl hip hop|hip hop|pop rap|rap|trap|pop|rap,79|78,2019-02-22,day,69,2024-01-08
0.772,0.639,1,-7.119,1,0.467,0.15,0.0,0.0698,0.261,168.112,166560,4,6uFn47ACjqYkc0jADwEdj1,Pop Out (feat. Lil Tjay),62y3BHKehWnb1hlaPclDAA,"6AgTAQt8XS6jRWi4sX7w49,6jGMq4yGs7aQzuGsMgVgZR",Polo G|Lil Tjay,10657935|7762838,chicago rap|rap|brooklyn drill|melodic rap|nyc rap|rap,80|78,2019-06-07,day,80,2024-01-08
0.852,0.73,1,-5.803,1,0.0579,0.0219,0.0,0.336,0.394,92.506,157693,4,7f1zjZG77S891Uv4O68yfk,Baby Sitter (feat. Offset),62y3BHKehWnb1hlaPclDAA,"4r63FhuTkUYltbVAg5TQnk,4DdkRBBYG6Yk9Ka8tdJ9BW",DaBaby|Offset,11554890|3501668,hip hop|north carolina hip hop|pop rap|rap|trap|atl hip hop|hip hop|pop rap|rap|trap,78|79,2019-03-01,day,61,2024-01-08
0.851,0.85,1,-3.4,1,0.0904,0.226,0.0,0.145,0.642,99.975,165605,4,5WJdUrZ4ND1TCZ2AsjYK3P,Broke Leg (with Quavo & Tyga),62y3BHKehWnb1hlaPclDAA,"2jku7tDXc6XoB6MO2hFuqg,0VRj0yCOv2FXJNP47XQnx5,5LHRHt1k9lMyONurDHEdrp",Tory Lanez|Quavo|Tyga,6302994|7128651|6848796,canadian hip hop|canadian trap|melodic rap|pop rap|r&b|rap|trap|atl hip hop|melodic rap|rap|trap|hip hop|pop rap|rap|trap,80|77|78,2019-05-31,day,47,2024-01-08
0.88,0.67,2,-5.177,1,0.0468,0.325,4.17e-06,0.0662,0.131,101.008,299227,4,1kK6DwzyXJSp58u5HYWwuD,"Go Loko (feat. Tyga, Jon Z)",62y3BHKehWnb1hlaPclDAA,"0A0FS04o6zMoto8OKPsDwY,5LHRHt1k9lMyONurDHEdrp,5bWUlnPx9OYKsLiUJrhCA1",YG|Tyga|Jon Z,3205645|6848796|6074483,cali rap|hip hop|pop rap|rap|southern hip hop|trap|hip hop|pop rap|rap|trap|reggaeton|reggaeton flow|trap latino|urbano latino,72|78|69,2019-05-24,day,65,2024-01-08
0.852,0.432,1,-8.04,0,0.501,0.0599,0.0,0.146,0.258,140.042,236571,4,4pCEIQ6wBVuaJdER5bALtO,That's a Rack,62y3BHKehWnb1hlaPclDAA,4O15NlyKLIASxsJ0PrXPfz,Lil Uzi Vert,16484624,hip hop|melodic rap|philly rap|rage rap|rap,85,2019-04-09,day,58,2024-01-08
0.906,0.596,0,-5.88,0,0.243,0.0578,0.0,0.109,0.701,144.038,226846,4,0yFvWTLs3iIwDbc91noXGT,GRoCERIES,62y3BHKehWnb1hlaPclDAA,"1anyVhU62p31KFi8MEzkbf,6lEhBhAv6HOopjXssi09cq,3CbYyyd8wH3RT6t0jwpdzC",Chance the Rapper|TisaKorean|Murda Beatz,5947668|98712|138572,chicago rap|conscious hip hop|hip hop|pop rap|rap|houston rap|viral rap|canadian hip hop|canadian trap,72|50|57,2019-05-17,day,50,2024-01-08
0.554,0.498,9,-8.866,1,0.0685,0.23,5.98e-06,0.795,0.413,79.635,190067,4,5hVghJ4KaYES3BFUATCYn0,EARFQUAKE,62y3BHKehWnb1hlaPclDAA,4V8LLVI7PbaPR0K2TGSxFF,"Tyler, The Creator",13737518,hip hop|rap,84,2019-05-17,day,83,2024-01-08
0.671,0.833,5,-5.152,0,0.395,0.0825,0.0,0.0726,0.702,79.351,233278,4,6ya8ejoKgw906Y8LWclqrp,Racks in the Middle (feat. Roddy Ricch and Hit-Boy),62y3BHKehWnb1hlaPclDAA,"0EeQBlQJFiAfJeVN2vT9s0,757aE44tKEUQEqRuT6GnEB,6q3p11nP1p80Ey6LrOOSed",Nipsey Hussle|Roddy Ricch|Hit-Boy,3356187|10179420|79486,conscious hip hop|gangster rap|hip hop|pop rap|rap|southern hip hop|trap|melodic rap|rap|trap|drumless hip hop,65|76|53,2019-02-15,day,63,2024-01-08
0.888,0.525,1,-5.665,1,0.305,0.029,5.68e-06,0.137,0.243,133.983,143792,4,6dPyzkyZwoj9LqjQXOFdVv,Press,62y3BHKehWnb1hlaPclDAA,4kYSro6naA4h99UJvo89HB,Cardi B,22993357,pop|rap,78,2019-05-31,day,65,2024-01-08
0.755,0.772,6,-5.585,1,0.4,0.128,0.0,0.157,0.678,132.906,141827,4,3WyRgi8CzQnhzO0xw79tTS,Goin Baby,62y3BHKehWnb1hlaPclDAA,4r63FhuTkUYltbVAg5TQnk,DaBaby,11554890,hip hop|north carolina hip hop|pop rap|rap|trap,78,2019-03-01,day,62,2024-01-08
0.649,0.453,6,-7.28,1,0.085,0.627,0.0,0.116,0.431,99.183,181891,4,4ZT9FnbFu1PaBfV3itxiqT,I,62y3BHKehWnb1hlaPclDAA,7d3WFRME3vBY2cgoP38RDo,Lil Skies,5025379,melodic rap,67,2019-03-01,day,71,2024-01-08
0.861,0.666,8,-5.18,0,0.343,0.00218,0.0,0.272,0.853,145.041,202625,4,1Hd2XLitkt1PYCWSbfF5qV,Wish Wish (feat. Cardi B & 21 Savage),62y3BHKehWnb1hlaPclDAA,"0QHgL1lAIqAw0HtD7YldmP,4kYSro6naA4h99UJvo89HB,1URnnhqYAYcrqrcwql10ft",DJ Khaled|Cardi B|21 Savage,10860995|22993357|16213669,hip hop|miami hip hop|pop rap|rap|pop|rap|atl hip hop|hip hop|rap,74|78|89,2019-05-17,day,58,2024-01-08
0.921,0.635,1,-4.904,1,0.416,0.0218,0.0,0.0946,0.549,130.028,192540,4,2rMAtCaTj16NptyVfEIeAC,Cash Shit (feat. DaBaby),62y3BHKehWnb1hlaPclDAA,"181bsRPaVXVlUKXrxwZfHK,4r63FhuTkUYltbVAg5TQnk",Megan Thee Stallion|DaBaby,8371603|11554890,houston rap|pop|r&b|rap|trap queen|hip hop|north carolina hip hop|pop rap|rap|trap,77|78,2019-05-17,day,66,2024-01-08
0.794,0.44,0,-7.861,0,0.131,0.0806,0.0,0.198,0.276,138.024,202454,4,0GwYkXgQdqY4dyRffHw3HT,Have Mercy,62y3BHKehWnb1hlaPclDAA,0huGjMyP507tBCARyzSkrv,Cordae,1998189,hip hop|pop rap|rap|trap|underground hip hop,66,2019-07-26,day,60,2024-01-08
0.882,0.775,10,-4.986,1,0.334,0.0738,0.0,0.701,0.805,98.023,256967,4,4EnEGf9JzAJhF1XNY9DJcD,"West Coast (feat. Blueface, ALLBLACK & YG)",62y3BHKehWnb1hlaPclDAA,"02kJSzxNuaWGqwubyUba0Z,3Fl1V19tmjt57oBdxXKAjJ,1cutd8e41XvxXnFPOFIxMD,0A0FS04o6zMoto8OKPsDwY",G-Eazy|Blueface|ALLBLACK|YG,5198099|6560895|81511|3205645,indie pop rap|oakland hip hop|pop rap|rap|cali rap|rap|cali rap|cali rap|hip hop|pop rap|rap|southern hip hop|trap,74|66|46|72,2019-03-28,day,55,2024-01-08
0.764,0.528,5,-4.082,0,0.0588,0.468,0.0,0.0811,0.422,123.936,189253,5,4XiGKQqbmnMVxDzUj6j3f2,Worth It,62y3BHKehWnb1hlaPclDAA,7meyrw7Or5DwteYxDJrkCM,YK Osiris,1688459,melodic rap|trap,56,2019-02-08,day,67,2024-01-08
0.747,0.647,1,-6.305,1,0.291,0.0743,1.27e-06,0.129,0.513,76.48,153783,4,1EvSBVwDCnIl0UkeeJbayT,Madd,62y3BHKehWnb1hlaPclDAA,"1A9MaQtsXXPcvrowds6xls,5c12unix5QLc4qFMW65txN",Pooh Gutta|Piggy,886|87,ohio hip hop|,13|0,2018-12-05,day,6,2024-01-08
0.97,0.463,10,-7.259,1,0.366,0.0957,0.0,0.151,0.46,108.003,142417,4,2nKYHpmwjLaEOXS3o7QMiz,Baby,62y3BHKehWnb1hlaPclDAA,"6i392l38cR3uBPF0DbNs7S,5f7VJjfbwm532GiveGC0ZK,4r63FhuTkUYltbVAg5TQnk",Quality Control|Lil Baby|DaBaby,1316469|16366093|11554890,melodic rap|trap|atl hip hop|atl trap|rap|trap|hip hop|north carolina hip hop|pop rap|rap|trap,64|86|78,2019-07-17,day,60,2024-01-08
0.857,0.446,1,-12.778,1,0.902,0.215,0.0,0.0964,0.327,100.122,112800,4,1YR9iNGXtsbrd8deR9ULDD,Jesus Is The One (I Got Depression),62y3BHKehWnb1hlaPclDAA,"1UH80jhsYsFztK0anu2FNS,1rHOtdmGNr5vcYNw5v7QGC",Zack Fox|Kenny Beats,156078|195928,chill abstract hip hop|indie hip hop|meme rap|social media pop|indie hip hop|trap|underground hip hop,51|60,2019-06-14,day,54,2024-01-08
0.783,0.598,10,-10.59,1,0.292,0.328,0.0,0.118,0.452,97.011,160713,4,6aD0Es1eyfVqpYZKJm9WkC,Asshole,62y3BHKehWnb1hlaPclDAA,3tqosLbNFNekyZyO2KJ6qd,Mike Sherm,496130,cali rap,64,2017-01-27,day,67,2024-01-08
0.815,0.616,2,-8.661,1,0.107,0.173,0.0,0.142,0.362,105.068,208776,4,2EBhkPa6ZeNfRE8VpEXrpg,Imma Dog (feat. Mike Sherm & Nef the Pharaoh),62y3BHKehWnb1hlaPclDAA,"53IZaGmciXOiYEJ9GzakSM,3tqosLbNFNekyZyO2KJ6qd,3DiSC0nSNNWpPy5ZK3mcrz",Shawn Eff|Mike Sherm|Nef The Pharaoh,6395|496130|173876,cali rap|cali rap|cali rap,29|64|43,2018-11-16,day,43,2024-01-08
0.684,0.687,2,-4.673,1,0.2,0.0164,0.0,0.253,0.265,184.026,151067,4,2B9wgj9XzbJZLty03PRbVo,Bezerk (feat. A$AP Ferg),62y3BHKehWnb1hlaPclDAA,"0c173mlxpT3dSFRgMO8XPh,6q3p11nP1p80Ey6LrOOSed,5dHt1vcEm9qb8fCyLcB3HL",Big Sean|Hit-Boy|A$AP Ferg,11115824|79486|3710766,detroit hip hop|hip hop|pop rap|r&b|rap|trap|drumless hip hop|hip hop|pop rap|rap|southern hip hop|trap,75|53|69,2019-08-26,day,55,2024-01-08
0.974,0.596,6,-8.888,1,0.184,0.0976,0.0,0.151,0.892,111.959,149040,4,1GeNui6m825V8jP4uKiIaH,Bad Bad Bad (feat. Lil Baby),62y3BHKehWnb1hlaPclDAA,"50co4Is1HCEo8bhOyUWKpn,5f7VJjfbwm532GiveGC0ZK",Young Thug|Lil Baby,9355686|16366093,atl hip hop|atl trap|gangster rap|melodic rap|rap|trap|atl hip hop|atl trap|rap|trap,83|86,2019-08-16,day,70,2024-01-08
0.831,0.502,10,-4.045,0,0.046,0.101,0.0,0.122,0.101,100.541,205427,4,5ry2OE6R2zPQFDO85XkgRb,Money In The Grave (Drake ft. Rick Ross),62y3BHKehWnb1hlaPclDAA,"3TVXtAsR1Inumwj472S9r4,1sBkRIssrMs1AbVkOJbc7a",Drake|Rick Ross,83626299|7103142,canadian hip hop|canadian pop|hip hop|pop rap|rap|dirty south rap|gangster rap|hip hop|rap|southern hip hop|trap,96|76,2019-06-15,day,79,2024-01-08
0.642,0.647,7,-6.312,0,0.428,0.517,0.0,0.0649,0.664,120.749,217867,4,5WnfnSpuNEGXyEt78PBA6d,"Costa Rica (with Bas & JID feat. Guapdad 4000, Reese LAFLARE, Jace, Mez, Smokepurpp, Buddy & Ski Mask The Slump God)",62y3BHKehWnb1hlaPclDAA,"1iNqsUDUraNWrj00bqssQG,70gP6Ry4Uo0Yx6uzPIdaiJ,6U3ybJ9UHNKEdsH7ktGBZ7,0NcPKaSNIHAM2RfioH9vMT,07V3atNq2TyPNDYmzp6Dyy,0vaKiuLwFJLVU664A8GTjE,30C5wgn4celhRP3Tytv7R6,21dooacK2WGBB5amYvKyfM,6PDLwWvgYNMfBRLqC1h5cJ,2rhFzFmezpnW82MNqEKVry",Dreamville|Bas|JID|Guapdad 4000|Reese LAFLARE|Jace|Mez|Smokepurpp|Buddy|Ski Mask The Slump God,608984|545807|1518821|116252|94638|7221|14064|2436107|236014|5634073,hip hop|pop rap|rap|queens hip hop|rap|sudanese hip hop|sudanese pop|underground hip hop|hip hop|pop rap|rap|underground hip hop|cali rap|canadian hip hop|oakland hip hop|scam rap|underground hip hop|atl trap||north carolina hip hop|melodic rap|miami hip hop|trap|underground hip hop|alternative r&b|cali rap|hip hop|miami hip hop|pop rap|rap|trap|underground hip hop,66|66|78|52|49|47|49|56|55|72,2019-07-05,day,68,2024-01-08
0.894,0.511,2,-4.768,1,0.42,0.0251,0.0,0.14,0.568,120.08,176632,4,67XyC1GdSkKb9sbRRkUDXS,Shotta Flow (Feat. Blueface) [Remix],62y3BHKehWnb1hlaPclDAA,"0ErzCpIMyLcjPiwT4elrtZ,3Fl1V19tmjt57oBdxXKAjJ",NLE Choppa|Blueface,7400887|6560895,memphis hip hop|rap|cali rap|rap,79|66,2019-06-20,day,72,2024-01-08
0.901,0.676,2,-7.033,1,0.251,0.0646,0.0,0.0863,0.452,85.018,148278,4,5rU6kDNXZLXIinFezpbWbO,Tap (feat. Meek Mill),62y3BHKehWnb1hlaPclDAA,"7rkW85dBwwrJtlHRDkJDAC,20sxb77xiYeusSH8cVdatc",NAV|Meek Mill,3426047|7704881,canadian hip hop|canadian trap|melodic rap|rap|trap|hip hop|philly rap|pop rap|rap|southern hip hop|trap,72|73,2019-03-26,day,64,2024-01-08
0.932,0.547,0,-7.787,0,0.333,0.0388,0.0,0.0924,0.695,94.998,176640,4,4sjiIpEv617LDXaidKioOI,223's (feat. 9lokknine),62y3BHKehWnb1hlaPclDAA,"1cNDP5yjU5vjeR8qMf4grg,0ceH34CATvfgphxnLRWFkm",YNW Melly|9lokknine,9987188|461484,melodic rap|rap|florida drill|florida rap,72|58,2019-08-09,day,65,2024-01-08
0.703,0.594,5,-6.146,0,0.0752,0.342,0.0,0.123,0.475,153.848,114893,4,1000nHvUdawXuUHgBod4Wv,Panini,62y3BHKehWnb1hlaPclDAA,7jVv8c5Fj3E9VhNjxT4snq,Lil Nas X,12449695,lgbtq+ hip hop,75,2019-09-13,day,72,2024-01-08
0.855,0.651,0,-8.044,0,0.235,0.063,0.0,0.0772,0.559,111.997,193027,4,5Z8HZM6iQMhhqyPcCGY5g9,Hot (feat. Gunna),62y3BHKehWnb1hlaPclDAA,"50co4Is1HCEo8bhOyUWKpn,2hlmm7s2ICUX0LVIhVFlZQ",Young Thug|Gunna,9355686|6520604,atl hip hop|atl trap|gangster rap|melodic rap|rap|trap|atl hip hop|melodic rap|rap|trap,83|84,2019-08-16,day,73,2024-01-08
0.696,0.454,1,-6.756,0,0.153,0.123,0.0,0.155,0.136,92.928,260640,4,6XHVuErjQ4XNm6nDPVCxVX,No Guidance (feat. Drake),62y3BHKehWnb1hlaPclDAA,"7bXgB6jMjp9ATFy66eO08Z,3TVXtAsR1Inumwj472S9r4",Chris Brown|Drake,20955452|83626299,r&b|rap|canadian hip hop|canadian pop|hip hop|pop rap|rap,86|96,2019-06-28,day,80,2024-01-08
0.899,0.509,9,-8.04,1,0.387,0.00157,0.0,0.0573,0.599,150.001,225924,4,00ko9WaS4jOX1kEk3gvHjf,Hot Shower,62y3BHKehWnb1hlaPclDAA,"1anyVhU62p31KFi8MEzkbf,5SyGEPymt1G2uto47tVWvZ,4r63FhuTkUYltbVAg5TQnk",Chance the Rapper|MadeinTYO|DaBaby,5947668|1024999|11554890,chicago rap|conscious hip hop|hip hop|pop rap|rap|atl hip hop|melodic rap|trap|hip hop|north carolina hip hop|pop rap|rap|trap,72|57|78,2019-07-26,day,60,2024-01-08
0.787,0.619,9,-7.32,1,0.17,0.181,0.0,0.323,0.824,124.09,127843,4,7vanOPJ8GpUOxgqzAU2Tuu,Mac 10 (feat. Lil Baby & Lil Duke),62y3BHKehWnb1hlaPclDAA,"6Xgp2XMz1fhVYe7i6yNAax,5f7VJjfbwm532GiveGC0ZK,06Qf6vq8AVIpE9XIw8LAsY",Trippie Redd|Lil Baby|Lil Duke,9249721|16366093|294864,melodic rap|rap|trap|atl hip hop|atl trap|rap|trap|atl trap,80|86|44,2019-08-09,day,55,2024-01-08
0.869,0.607,6,-6.192,0,0.333,0.025,0.0,0.0906,0.531,160.011,173489,4,1xsP6AITcWNigBYBYVnVZw,Handsome,62y3BHKehWnb1hlaPclDAA,"1anyVhU62p31KFi8MEzkbf,181bsRPaVXVlUKXrxwZfHK",Chance the Rapper|Megan Thee Stallion,5947668|8371603,chicago rap|conscious hip hop|hip hop|pop rap|rap|houston rap|pop|r&b|rap|trap queen,72|77,2019-07-26,day,50,2024-01-08
0.645,0.675,1,-5.282,0,0.202,0.0104,0.0,0.273,0.171,120.672,209120,5,2j7mcsEz4n5XxMMqqjjB6p,100 Shooters (feat. Meek Mill),62y3BHKehWnb1hlaPclDAA,"1RyvyyTE3xzB2ZywiAwp0i,6aLoJJxz7MV2iZ423S8tJC,20sxb77xiYeusSH8cVdatc",Future|Doe Boy|Meek Mill,15692678|255723|7704881,atl hip hop|hip hop|rap|southern hip hop|trap|atl hip hop|atl trap|memphis hip hop|ohio hip hop|trap|hip hop|philly rap|pop rap|rap|southern hip hop|trap,88|54|73,2019-07-12,day,50,2024-01-08
0.616,0.669,1,-5.791,1,0.32,0.0298,0.0,0.127,0.275,154.056,196112,4,1faIb3PPSzEifCHUOJ691R,Broke As Fuck,62y3BHKehWnb1hlaPclDAA,0huGjMyP507tBCARyzSkrv,Cordae,1998189,hip hop|pop rap|rap|trap|underground hip hop,66,2019-07-26,day,59,2024-01-08
0.978,0.477,8,-8.159,1,0.155,0.000143,0.0,0.133,0.196,110.002,109091,4,3AEgic4yp82NxMWUjHtxnO,Uno,62y3BHKehWnb1hlaPclDAA,3BbPRvYQ0M9SFmhkHXozLm,Ambjaay,43808,cali rap|viral rap,39,2019-05-10,day,57,2024-01-08
0.925,0.904,2,-3.362,1,0.201,0.00782,0.0,0.109,0.758,105.02,172314,4,5LTdRSQOg63EazLbKZbWn2,My Type (feat. City Girls & Jhené Aiko) - Remix,62y3BHKehWnb1hlaPclDAA,"6cK3NBO6uP7hh0oyuVELFl,5ZS223C6JyBfXasXxrRqOk,37hAfseJWi0G3Scife12Il",Saweetie|Jhené Aiko|City Girls,2030583|7193429|2463009,cali rap|trap queen|r&b|scam rap|trap queen,67|77|64,2019-08-23,day,62,2024-01-08
0.697,0.664,10,-7.183,0,0.237,0.126,0.0,0.1,0.349,94.913,176039,4,56D00FeODn6y0qHNDLZrda,Bad on My Own,62y3BHKehWnb1hlaPclDAA,38gDEa1ge2bBXk94lt8Bm9,Miko Payton,1061,,11,2019-12-13,day,4,2024-01-08
0.705,0.702,6,-4.797,0,0.386,0.12,0.0,0.0697,0.452,163.995,192026,4,5NVogFFUlBxL7CZAnRFaVQ,Ls,62y3BHKehWnb1hlaPclDAA,38gDEa1ge2bBXk94lt8Bm9,Miko Payton,1061,,11,2019-12-13,day,3,2024-01-08
0.72,0.552,11,-9.005,0,0.158,0.733,0.0,0.101,0.512,130.01,197172,4,5JblhVwaXyEI6t5sggWr3v,Gilligan Geech,62y3BHKehWnb1hlaPclDAA,"3jV3cssIgthwriXPVB32po,3FnfOiOSZ2Npl2WY50cR10",GeechiManMoody|Ricky P,39|0,|,0|0,2020-11-11,day,4,2024-01-08
0.698,0.341,8,-12.537,1,0.237,0.179,0.0,0.451,0.408,155.916,113846,4,4wrgMRNI4yDJwSSLpUMVkS,Flights,62y3BHKehWnb1hlaPclDAA,3jV3cssIgthwriXPVB32po,GeechiManMoody,39,,0,2020-11-11,day,4,2024-01-08
0.829,0.512,6,-5.865,0,0.187,0.492,0.0,0.12,0.638,80.511,123987,4,4XvcHTUfIlWfyJTRG0aqlo,2055,62y3BHKehWnb1hlaPclDAA,6EPlBSH2RSiettczlz7ihV,Sleepy Hallow,1724554,brooklyn drill|nyc rap,75,2021-06-02,day,83,2024-01-08
0.88,0.427,9,-6.004,0,0.323,0.459,1.28e-06,0.119,0.623,103.542,180806,3,3Ho13bRS28xEvGvgW4LOFM,On Go (feat. Polo G),62y3BHKehWnb1hlaPclDAA,"1tG7s7S4sq2eFFW0QZyLbm,6AgTAQt8XS6jRWi4sX7w49",Sheff G|Polo G,989829|10657935,brooklyn drill|new york drill|nyc rap|chicago rap|rap,67|80,2021-07-23,day,58,2024-01-08
0.833,0.498,10,-5.196,0,0.117,0.0493,0.0,0.119,0.259,139.928,153406,4,22ruOqBqBRiZDiXFud4OXa,Over The Top (feat. Drake),62y3BHKehWnb1hlaPclDAA,"6jeg7JBX9J9097esK752iR,3TVXtAsR1Inumwj472S9r4",Smiley|Drake,38907|83626299,canadian hip hop|canadian hip hop|canadian pop|hip hop|pop rap|rap,51|96,2021-11-12,day,69,2024-01-08
0.736,0.704,3,-7.409,0,0.0615,0.0203,0.0,0.0501,0.894,149.995,212000,4,27NovPIUIRrOZoCHxABJwK,INDUSTRY BABY (feat. Jack Harlow),62y3BHKehWnb1hlaPclDAA,"7jVv8c5Fj3E9VhNjxT4snq,2LIk90788K0zvyj2JJVwkJ",Lil Nas X|Jack Harlow,12449695|3376624,lgbtq+ hip hop|deep underground hip hop|kentucky hip hop|pop rap|rap,75|84,2021-07-23,day,81,2024-01-08
0.596,0.65,9,-5.167,1,0.337,0.138,0.0,0.14,0.188,133.997,257428,4,4lUmnwRybYH7mMzf16xB0y,Hats Off (feat. Travis Scott),62y3BHKehWnb1hlaPclDAA,"5f7VJjfbwm532GiveGC0ZK,3hcs9uc56yIGFCSy9leWe7,0Y5tJX1MQlPlqiwlOH1tJY",Lil Baby|Lil Durk|Travis Scott,16366093|6859221|26203362,atl hip hop|atl trap|rap|trap|chicago drill|chicago rap|drill|hip hop|rap|trap|hip hop|rap|slap house,86|81|91,2021-06-04,day,67,2024-01-08
0.797,0.631,3,-3.818,0,0.0786,0.0904,3.71e-06,0.0998,0.288,129.915,184213,4,40uMIn2zJLAQhNXghRjBed,Motley Crew,62y3BHKehWnb1hlaPclDAA,246dkjvS1zLTtiykXe5h60,Post Malone,43068815,dfw rap|melodic rap|pop|rap,87,2021-07-09,day,76,2024-01-08
0.671,0.639,2,-6.852,0,0.134,0.0928,0.0,0.0941,0.385,119.82,216000,5,29t9XYOV65fFXiVzFFJgHH,NOT SOBER (feat. Polo G & Stunna Gambino),62y3BHKehWnb1hlaPclDAA,"2tIP7SsRs7vjIcLrU85W8J,6AgTAQt8XS6jRWi4sX7w49,15ZjD8Gus20Miqw3fdOaXX",The Kid LAROI|Polo G|Stunna Gambino,5025586|10657935|103618,australian hip hop|chicago rap|rap|nyc rap,80|80|50,2021-07-27,day,66,2024-01-08
0.801,0.688,1,-4.594,1,0.396,0.144,0.0,0.107,0.5,162.928,157675,4,1MIGkQxcdAt2lDx6ySpsc5,SUVs (Black on Black),62y3BHKehWnb1hlaPclDAA,"2LIk90788K0zvyj2JJVwkJ,5F1aAS1duwlzExnPs3l2Xe",Jack Harlow|Pooh Shiesty,3376624|1416868,deep underground hip hop|kentucky hip hop|pop rap|rap|memphis hip hop|southern hip hop|tennessee hip hop|trap,84|68,2021-08-03,day,69,2024-01-08
0.87,0.629,11,-7.598,0,0.279,0.173,0.0,0.101,0.512,134.944,241790,4,2Igem6Q4sfvXGJ3JkG7Baw,Modern Day,62y3BHKehWnb1hlaPclDAA,6oMuImdp5ZcFhWP0ESe6mG,Migos,13641028,atl hip hop|hip hop|pop rap|rap|trap,75,2021-06-11,day,57,2024-01-08
0.582,0.537,0,-9.229,1,0.619,0.129,0.0,0.0749,0.771,82.103,180930,4,0nqhKXDjsyBMvbeWmgijD0,Wockesha,62y3BHKehWnb1hlaPclDAA,3tJoFztHeIJkJWMrx0td2f,Moneybagg Yo,4237863,memphis hip hop|rap|southern hip hop|tennessee hip hop|trap,74,2021-04-23,day,67,2024-01-08
0.477,0.727,2,-4.053,1,0.286,0.000866,0.0,0.108,0.227,150.062,236524,4,1EJIcDYXwSqipW5dFe4uJz,EVERY CHANCE I GET (feat. Lil Baby & Lil Durk),62y3BHKehWnb1hlaPclDAA,"0QHgL1lAIqAw0HtD7YldmP,5f7VJjfbwm532GiveGC0ZK,3hcs9uc56yIGFCSy9leWe7",DJ Khaled|Lil Baby|Lil Durk,10860995|16366093|6859221,hip hop|miami hip hop|pop rap|rap|atl hip hop|atl trap|rap|trap|chicago drill|chicago rap|drill|hip hop|rap|trap,74|86|81,2021-04-30,day,78,2024-01-08
0.902,0.669,1,-5.049,1,0.457,0.161,0.0,0.0728,0.628,139.949,112547,4,0cu0rhnlCnJ7JIeHRiLpj3,Ball If I Want To,62y3BHKehWnb1hlaPclDAA,4r63FhuTkUYltbVAg5TQnk,DaBaby,11554890,hip hop|north carolina hip hop|pop rap|rap|trap,78,2021-06-18,day,70,2024-01-08
0.887,0.485,11,-9.358,0,0.2,0.0392,0.0,0.141,0.328,125.987,215693,4,6rTInqW3YECMkQsBEHw4sd,Solid (feat. Drake),62y3BHKehWnb1hlaPclDAA,"1xr2G8Hlx4QWmT9HaUbmoO,50co4Is1HCEo8bhOyUWKpn,2hlmm7s2ICUX0LVIhVFlZQ,3TVXtAsR1Inumwj472S9r4",Young Stoner Life|Young Thug|Gunna|Drake,136899|9355686|6520604|83626299,pop rap|atl hip hop|atl trap|gangster rap|melodic rap|rap|trap|atl hip hop|melodic rap|rap|trap|canadian hip hop|canadian pop|hip hop|pop rap|rap,60|83|84|96,2021-04-16,day,71,2024-01-08
0.88,0.575,6,-6.091,1,0.163,0.415,0.0,0.109,0.671,120.031,232048,4,1dg3qy5DjoJodawfOCgrTP,Run It Up (feat. Offset & Moneybagg Yo),62y3BHKehWnb1hlaPclDAA,"6jGMq4yGs7aQzuGsMgVgZR,4DdkRBBYG6Yk9Ka8tdJ9BW,3tJoFztHeIJkJWMrx0td2f",Lil Tjay|Offset|Moneybagg Yo,7762838|3501668|4237863,brooklyn drill|melodic rap|nyc rap|rap|atl hip hop|hip hop|pop rap|rap|trap|memphis hip hop|rap|southern hip hop|tennessee hip hop|trap,78|79|74,2021-04-02,day,78,2024-01-08
0.597,0.571,1,-6.205,0,0.293,0.492,0.0,0.093,0.165,106.196,218448,3,4TIqzdAssasqx3DAe6cG9J,Ramen & OJ,62y3BHKehWnb1hlaPclDAA,"6C1ohJrd5VydigQtaGy5Wa,5f7VJjfbwm532GiveGC0ZK",Joyner Lucas|Lil Baby,2136609|16366093,boston hip hop|hip hop|pop rap|rap|atl hip hop|atl trap|rap|trap,68|86,2021-04-30,day,73,2024-01-08
0.578,0.449,1,-6.349,1,0.286,0.0618,2.17e-06,0.119,0.1,136.006,192956,4,65OVbaJR5O1RmwOQx0875b,Wants and Needs (feat. Lil Baby),62y3BHKehWnb1hlaPclDAA,"3TVXtAsR1Inumwj472S9r4,5f7VJjfbwm532GiveGC0ZK",Drake|Lil Baby,83626299|16366093,canadian hip hop|canadian pop|hip hop|pop rap|rap|atl hip hop|atl trap|rap|trap,96|86,2021-03-05,day,83,2024-01-08
0.933,0.656,2,-5.85,1,0.322,0.129,0.0,0.161,0.934,119.987,159083,4,1YDebgap5OFwXEBG18NJvy,Red Light Green Light,62y3BHKehWnb1hlaPclDAA,4r63FhuTkUYltbVAg5TQnk,DaBaby,11554890,hip hop|north carolina hip hop|pop rap|rap|trap,78,2021-06-25,day,66,2024-01-08
0.581,0.877,8,-4.938,1,0.114,0.0151,0.0,0.826,0.353,77.006,236883,4,46NzAxDzsE443IsyZndZfP,Miss The Rage,62y3BHKehWnb1hlaPclDAA,"6Xgp2XMz1fhVYe7i6yNAax,699OTQXzgjhIYAHMy9RyPD",Trippie Redd|Playboi Carti,9249721|9643234,melodic rap|rap|trap|atl hip hop|plugg|pluggnb|rage rap|rap,80|84,2021-08-20,day,79,2024-01-08
0.422,0.491,6,-5.703,1,0.368,0.195,0.0,0.142,0.67,184.344,181714,5,0dmz0Lj2EkEuX0Msjh6eUW,Holy Smokes (feat. Lil Uzi Vert),62y3BHKehWnb1hlaPclDAA,"6Xgp2XMz1fhVYe7i6yNAax,4O15NlyKLIASxsJ0PrXPfz",Trippie Redd|Lil Uzi Vert,9249721|16484624,melodic rap|rap|trap|hip hop|melodic rap|philly rap|rage rap|rap,80|85,2021-08-20,day,61,2024-01-08
0.597,0.587,7,-7.026,0,0.137,0.0622,0.0,0.214,0.0753,140.021,218802,4,1D3z6HTiQsNmZxjl7F7eoG,m y . l i f e (with 21 Savage & Morray),62y3BHKehWnb1hlaPclDAA,"6l3HvQ5sa6mXTsMTB19rO5,1URnnhqYAYcrqrcwql10ft,44vREmJC0OlVZjZaGLqVEd",J. Cole|21 Savage|Morray,22394288|16213669|232794,conscious hip hop|hip hop|north carolina hip hop|rap|atl hip hop|hip hop|rap|pop rap,86|89|61,2021-05-14,day,80,2024-01-08
0.927,0.538,1,-3.917,1,0.116,0.0312,0.0,0.0945,0.221,125.983,278191,4,2NM0qHzx4Ohy8iXHEEgwlO,Having Our Way (feat. Drake),62y3BHKehWnb1hlaPclDAA,"6oMuImdp5ZcFhWP0ESe6mG,3TVXtAsR1Inumwj472S9r4",Migos|Drake,13641028|83626299,atl hip hop|hip hop|pop rap|rap|trap|canadian hip hop|canadian pop|hip hop|pop rap|rap,75|96,2021-06-11,day,63,2024-01-08
0.847,0.629,9,-5.81,1,0.102,0.0318,0.0,0.152,0.109,135.976,255532,4,3X2r2CnHOJeV5YekPTgBnK,Straightenin,62y3BHKehWnb1hlaPclDAA,6oMuImdp5ZcFhWP0ESe6mG,Migos,13641028,atl hip hop|hip hop|pop rap|rap|trap,75,2021-05-14,day,63,2024-01-08
0.716,0.67,0,-6.995,0,0.101,0.526,0.0,0.13,0.411,145.043,203586,4,4LaGu95Ui2s4vprSQYWUAZ,Bout A Million (feat. 42 Dugg & 21 Savage),62y3BHKehWnb1hlaPclDAA,"0eDvMgVFoNV3TpwtrVCoTj,1URnnhqYAYcrqrcwql10ft,45gHcnDnMC15sgx3VL7ROG",Pop Smoke|21 Savage|42 Dugg,13520053|16213669|983345,brooklyn drill|rap|atl hip hop|hip hop|rap|detroit trap|southern hip hop|trap,79|89|70,2021-07-16,day,62,2024-01-08
0.573,0.867,5,-2.876,0,0.168,0.0853,0.0,0.38,0.231,74.861,339506,4,1TZv3bujNaYz646eezRE91,Seeing Green (with Drake & Lil Wayne),62y3BHKehWnb1hlaPclDAA,"0hCNtLu0JehylgoiP8L4Gh,3TVXtAsR1Inumwj472S9r4,55Aa2cqylxrFIXC767Z865",Nicki Minaj|Drake|Lil Wayne,30496118|83626299|14232381,hip pop|pop|queens hip hop|rap|canadian hip hop|canadian pop|hip hop|pop rap|rap|hip hop|new orleans rap|pop rap|rap|trap,88|96|85,2021-05-14,day,64,2024-01-08
0.893,0.463,1,-5.301,1,0.36,0.199,0.0,0.318,0.591,81.026,229601,4,67G6iaOw8DZqp1z8STR89R,WHOLE LOTTA MONEY (feat. Nicki Minaj) - Remix,62y3BHKehWnb1hlaPclDAA,"6veh5zbFpm31XsPdjBgPER,0hCNtLu0JehylgoiP8L4Gh",BIA|Nicki Minaj,539969|30496118,rap latina|trap queen|hip pop|pop|queens hip hop|rap,68|88,2021-07-09,day,65,2024-01-08
0.95,0.693,9,-3.424,1,0.0898,0.0133,0.0,0.173,0.891,130.02,184635,4,5zNW5ARjYhJQJz1AChP33n,Thot Shit,62y3BHKehWnb1hlaPclDAA,181bsRPaVXVlUKXrxwZfHK,Megan Thee Stallion,8371603,houston rap|pop|r&b|rap|trap queen,77,2021-06-11,day,68,2024-01-08
0.89,0.701,0,-5.712,0,0.342,0.00306,3.06e-06,0.0895,0.505,80.462,225020,4,4JJcP0Rv9AgyPD6ZGaC8EE,durag activity (with Travis Scott),62y3BHKehWnb1hlaPclDAA,"5SXuuuRpukkTvsLuUknva1,0Y5tJX1MQlPlqiwlOH1tJY",Baby Keem|Travis Scott,1992651|26203362,hip hop|rap|hip hop|rap|slap house,78|91,2021-04-30,day,62,2024-01-08
0.759,0.538,8,-8.256,0,0.384,0.151,0.0,0.126,0.831,146.933,184490,4,7FGdjbZ32vMybPuP0IuE7d,Back in Blood (feat. Lil Durk),62y3BHKehWnb1hlaPclDAA,"5F1aAS1duwlzExnPs3l2Xe,3hcs9uc56yIGFCSy9leWe7",Pooh Shiesty|Lil Durk,1416868|6859221,memphis hip hop|southern hip hop|tennessee hip hop|trap|chicago drill|chicago rap|drill|hip hop|rap|trap,68|81,2021-02-05,day,73,2024-01-08
0.752,0.658,0,-6.297,1,0.342,0.0421,0.0,0.0927,0.387,151.951,213520,4,0k7wmahjkn389wAZdz19Cv,Drankin N Smokin,62y3BHKehWnb1hlaPclDAA,"1RyvyyTE3xzB2ZywiAwp0i,4O15NlyKLIASxsJ0PrXPfz",Future|Lil Uzi Vert,15692678|16484624,atl hip hop|hip hop|rap|southern hip hop|trap|hip hop|melodic rap|philly rap|rage rap|rap,88|85,2020-11-13,day,73,2024-01-08
0.873,0.575,10,-7.284,0,0.0702,0.0891,0.0,0.108,0.872,103.005,197031,4,4RKJRRd4VJfZWiqQTYsleE,Already Best Friends (feat. Chris Brown),62y3BHKehWnb1hlaPclDAA,"2LIk90788K0zvyj2JJVwkJ,7bXgB6jMjp9ATFy66eO08Z",Jack Harlow|Chris Brown,3376624|20955452,deep underground hip hop|kentucky hip hop|pop rap|rap|r&b|rap,84|86,2020-12-11,day,72,2024-01-08
0.907,0.393,4,-7.636,0,0.0539,0.451,1.35e-06,0.135,0.202,104.949,205458,4,3J8EOeKLTLXORtWPpOU5bE,Calling My Phone,62y3BHKehWnb1hlaPclDAA,"6jGMq4yGs7aQzuGsMgVgZR,4IVAbR2w4JJNJDDRFP3E83",Lil Tjay|6LACK,7762838|4574314,brooklyn drill|melodic rap|nyc rap|rap|atl hip hop|melodic rap|r&b|rap|trap,78|72,2021-04-02,day,81,2024-01-08
0.879,0.574,10,-5.602,0,0.391,0.519,8.76e-06,0.144,0.346,144.911,243463,4,03ERnTvSV5fy8WAyvA4uNP,Big Gangsta,62y3BHKehWnb1hlaPclDAA,1gPhS1zisyXr5dHTYZyiMe,Kevin Gates,6040529,baton rouge rap|rap|southern hip hop|trap,71,2021-03-26,day,65,2024-01-08
0.819,0.626,10,-4.574,0,0.202,0.00748,0.101,0.167,0.415,143.01,195906,4,5SWnsxjhdcEDc7LJjq9UHk,Runnin,62y3BHKehWnb1hlaPclDAA,"1URnnhqYAYcrqrcwql10ft,0iEtIxbK0KxaSlF7G42ZOp",21 Savage|Metro Boomin,16213669|6641993,atl hip hop|hip hop|rap|rap,89|87,2020-10-02,day,84,2024-01-08
0.709,0.548,10,-8.493,1,0.353,0.65,1.59e-06,0.133,0.543,83.995,160000,4,1tkg4EHVoqnhR6iFEXb60y,What You Know Bout Love,62y3BHKehWnb1hlaPclDAA,0eDvMgVFoNV3TpwtrVCoTj,Pop Smoke,13520053,brooklyn drill|rap,79,2020-07-03,day,82,2024-01-08
0.69,0.514,8,-11.81,0,0.328,0.0975,0.497,0.346,0.307,72.791,191209,4,1xqRKo0SDFDO5Jy8yEVD0X,ROLLIN N CONTROLLIN FREESTYLE,62y3BHKehWnb1hlaPclDAA,22hWz22JAmIhIEp0u1X01L,DUSTY LOCANE,418015,new york drill,59,2020-08-07,day,61,2024-01-08
0.725,0.713,4,-6.173,0,0.187,0.127,0.0,0.617,0.207,65.988,148421,4,2cnKST6T9qUo2i907lm8zX,a m a r i,62y3BHKehWnb1hlaPclDAA,6l3HvQ5sa6mXTsMTB19rO5,J. Cole,22394288,conscious hip hop|hip hop|north carolina hip hop|rap,86,2021-05-14,day,76,2024-01-08
0.781,0.726,0,-4.213,1,0.0836,0.0299,0.0,0.093,0.436,139.988,181714,4,26UxwWl9xCb83OynXELJcL,Masterpiece,62y3BHKehWnb1hlaPclDAA,4r63FhuTkUYltbVAg5TQnk,DaBaby,11554890,hip hop|north carolina hip hop|pop rap|rap|trap,78,2021-01-15,day,68,2024-01-08
0.77,0.637,1,-5.53,1,0.345,0.103,0.0,0.171,0.431,94.966,383037,4,4FRW5Nza1Ym91BGV4nFWXI,Lemon Pepper Freestyle (feat. Rick Ross),62y3BHKehWnb1hlaPclDAA,"3TVXtAsR1Inumwj472S9r4,1sBkRIssrMs1AbVkOJbc7a",Drake|Rick Ross,83626299|7103142,canadian hip hop|canadian pop|hip hop|pop rap|rap|dirty south rap|gangster rap|hip hop|rap|southern hip hop|trap,96|76,2021-03-05,day,68,2024-01-08
0.953,0.621,8,-7.638,0,0.221,0.017,0.0,0.0398,0.883,123.016,152333,4,6755DFiZ7CWe2WMdTGW5C1,Ski,62y3BHKehWnb1hlaPclDAA,"1xr2G8Hlx4QWmT9HaUbmoO,50co4Is1HCEo8bhOyUWKpn,2hlmm7s2ICUX0LVIhVFlZQ",Young Stoner Life|Young Thug|Gunna,136899|9355686|6520604,pop rap|atl hip hop|atl trap|gangster rap|melodic rap|rap|trap|atl hip hop|melodic rap|rap|trap,60|83|84,2021-04-16,day,69,2024-01-08
0.856,0.564,6,-6.295,0,0.392,0.00327,0.0,0.134,0.483,77.972,135960,4,4Iedi94TIaB2GGb1nMB68v,On Me,62y3BHKehWnb1hlaPclDAA,5f7VJjfbwm532GiveGC0ZK,Lil Baby,16366093,atl hip hop|atl trap|rap|trap,86,2020-12-04,day,77,2024-01-08
0.827,0.394,11,-10.073,1,0.559,0.253,0.0,0.12,0.715,157.0,192880,4,5A4WcRuy0FFEAC5pAK43oa,No More Parties - Remix,62y3BHKehWnb1hlaPclDAA,"6AMd49uBDJfhf30Ak2QR5s,3hcs9uc56yIGFCSy9leWe7",Coi Leray|Lil Durk,700715|6859221,new jersey underground rap|trap queen|chicago drill|chicago rap|drill|hip hop|rap|trap,73|81,2021-02-19,day,52,2024-01-08
0.565,0.467,5,-7.663,0,0.334,0.365,0.0,0.158,0.46,81.641,221424,1,4gajtLMenMT5vuJRUwzftk,You're Mines Still,62y3BHKehWnb1hlaPclDAA,3KNIG74xSTc3dj0TRy7pGX,Yung Bleu,1459654,alabama rap|trap,63,2020-10-02,day,41,2024-01-08
0.82,0.592,1,-7.002,1,0.29,0.0149,4.71e-06,0.121,0.4,159.98,196180,4,7fEoXCZTZFosUFvFQg1BmW,Took Her To The O,62y3BHKehWnb1hlaPclDAA,6QtgPSJPSzcnn7dPZ4VINp,King Von,3799451,chicago rap,75,2020-03-06,day,82,2024-01-08
0.868,0.638,2,-7.746,1,0.0736,0.146,0.0565,0.0931,0.459,126.03,182857,4,0xUvi7wldroBzaZCengPa5,24 (feat. Lil Baby),62y3BHKehWnb1hlaPclDAA,"3Rx4PJ7SP6unkOk5elPUK7,5f7VJjfbwm532GiveGC0ZK",Money Man|Lil Baby,585351|16366093,memphis hip hop|southern hip hop|trap|atl hip hop|atl trap|rap|trap,68|86,2020-08-21,day,73,2024-01-08
0.926,0.542,1,-5.064,1,0.293,0.135,0.0,0.0877,0.564,135.14,181929,4,6gxKUmycQX7uyMwJcweFjp,We Paid (feat. 42 Dugg),62y3BHKehWnb1hlaPclDAA,"5f7VJjfbwm532GiveGC0ZK,45gHcnDnMC15sgx3VL7ROG",Lil Baby|42 Dugg,16366093|983345,atl hip hop|atl trap|rap|trap|detroit trap|southern hip hop|trap,86|70,2020-05-01,day,76,2024-01-08
0.887,0.606,2,-6.572,1,0.324,0.000407,0.0,0.151,0.272,139.995,210699,4,6eVxH9Kyanzrw636zJRPcw,Errbody,62y3BHKehWnb1hlaPclDAA,5f7VJjfbwm532GiveGC0ZK,Lil Baby,16366093,atl hip hop|atl trap|rap|trap,86,2020-12-03,day,59,2024-01-08
0.905,0.647,10,-5.065,0,0.107,0.0187,0.0,0.282,0.367,130.97,190534,4,2r6OAV3WsYtXuXjvJ1lIDi,Hello (feat. A Boogie Wit da Hoodie),62y3BHKehWnb1hlaPclDAA,"0eDvMgVFoNV3TpwtrVCoTj,31W5EY0aAly4Qieq6OFu6I",Pop Smoke|A Boogie Wit da Hoodie,13520053|7919751,brooklyn drill|rap|melodic rap|rap|trap,79|79,2020-07-20,day,77,2024-01-08
0.913,0.625,10,-6.901,0,0.334,0.0168,0.0,0.125,0.298,126.915,177704,4,13VXVxePp4NUiXwtmQ0viz,Said Sum (feat. City Girls & DaBaby) - Remix,62y3BHKehWnb1hlaPclDAA,"3tJoFztHeIJkJWMrx0td2f,37hAfseJWi0G3Scife12Il,4r63FhuTkUYltbVAg5TQnk",Moneybagg Yo|City Girls|DaBaby,4237863|2463009|11554890,memphis hip hop|rap|southern hip hop|tennessee hip hop|trap|scam rap|trap queen|hip hop|north carolina hip hop|pop rap|rap|trap,74|64|78,2020-09-18,day,58,2024-01-08
0.877,0.517,2,-5.426,0,0.0706,0.217,0.0,0.143,0.255,119.996,162053,4,5BbdKBZO0TH0GhfxUfyhL9,Freestyle,62y3BHKehWnb1hlaPclDAA,5f7VJjfbwm532GiveGC0ZK,Lil Baby,16366093,atl hip hop|atl trap|rap|trap,86,2017-12-01,day,85,2024-01-08
0.548,0.732,11,-5.652,0,0.336,0.125,0.0,0.269,0.612,142.791,127547,4,792HwhrdO3ErRKL5yRe4Ge,Invincible,62y3BHKehWnb1hlaPclDAA,0eDvMgVFoNV3TpwtrVCoTj,Pop Smoke,13520053,brooklyn drill|rap,79,2020-02-07,day,80,2024-01-08
0.849,0.536,1,-7.307,1,0.349,0.0239,0.0,0.126,0.308,141.964,122587,4,4Z5FyQlevoHoa5FsIVKZju,PRACTICE,62y3BHKehWnb1hlaPclDAA,4r63FhuTkUYltbVAg5TQnk,DaBaby,11554890,hip hop|north carolina hip hop|pop rap|rap|trap,78,2020-08-04,day,63,2024-01-08
0.792,0.793,5,-6.185,0,0.0841,0.0872,0.0,0.22,0.775,123.031,156578,4,3w1WjD2zJqjBjDz5fwqQPJ,Tyler Herro,62y3BHKehWnb1hlaPclDAA,2LIk90788K0zvyj2JJVwkJ,Jack Harlow,3376624,deep underground hip hop|kentucky hip hop|pop rap|rap,84,2020-12-11,day,79,2024-01-08
0.912,0.608,1,-7.686,1,0.397,0.0458,0.0,0.248,0.327,136.994,136900,4,0YrKSfpvflYnLSBd4Jtu6J,Time Today,62y3BHKehWnb1hlaPclDAA,3tJoFztHeIJkJWMrx0td2f,Moneybagg Yo,4237863,memphis hip hop|rap|southern hip hop|tennessee hip hop|trap,74,2021-04-23,day,74,2024-01-08
0.774,0.412,1,-8.619,1,0.378,0.026,0.0,0.088,0.38,139.943,116760,4,5byWPNSh2hi0ULmDxBgLyV,BIG PURR (Prrdd) (feat. Pooh Shiesty),62y3BHKehWnb1hlaPclDAA,"6AMd49uBDJfhf30Ak2QR5s,5F1aAS1duwlzExnPs3l2Xe",Coi Leray|Pooh Shiesty,700715|1416868,new jersey underground rap|trap queen|memphis hip hop|southern hip hop|tennessee hip hop|trap,73|68,2021-03-26,day,51,2024-01-08
0.757,0.721,4,-2.906,0,0.0691,0.00196,0.0,0.647,0.364,124.036,165366,4,20GrahbI4AzAOWxpYfDKkf,"I DID IT (feat. Post Malone, Megan Thee Stallion, Lil Baby & DaBaby)",62y3BHKehWnb1hlaPclDAA,"0QHgL1lAIqAw0HtD7YldmP,246dkjvS1zLTtiykXe5h60,4r63FhuTkUYltbVAg5TQnk,181bsRPaVXVlUKXrxwZfHK,5f7VJjfbwm532GiveGC0ZK",DJ Khaled|Post Malone|DaBaby|Megan Thee Stallion|Lil Baby,10860995|43068815|11554890|8371603|16366093,hip hop|miami hip hop|pop rap|rap|dfw rap|melodic rap|pop|rap|hip hop|north carolina hip hop|pop rap|rap|trap|houston rap|pop|r&b|rap|trap queen|atl hip hop|atl trap|rap|trap,74|87|78|77|86,2021-04-30,day,62,2024-01-08
0.799,0.472,10,-7.382,0,0.19,0.273,0.0,0.11,0.331,133.975,129176,4,55rDa8pEd81hF1gjfxPFS5,So High,62y3BHKehWnb1hlaPclDAA,2jjwU3K1YCFCzDQ9i5rmV3,Jailyn,61,,0,2019-10-11,day,0,2024-01-08
0.768,0.62,2,-7.399,1,0.0658,0.139,0.0,0.521,0.589,132.035,225960,4,3mTpegrOwRn0oJjv4TSbEE,Can't Get Enough,62y3BHKehWnb1hlaPclDAA,"6l3HvQ5sa6mXTsMTB19rO5,2iojnBLj0qIMiKPvVhLnsH",J. Cole|Trey Songz,22394288|7381157,conscious hip hop|hip hop|north carolina hip hop|rap|dance pop|r&b|southern hip hop|trap|urban contemporary,86|68,2011-09-27,day,72,2024-01-08
0.529,0.673,0,-4.711,1,0.175,0.000307,2.41e-06,0.093,0.366,165.921,218365,4,3F5CgOj3wFlRv51JsHbxhe,Jimmy Cooks (feat. 21 Savage),62y3BHKehWnb1hlaPclDAA,"3TVXtAsR1Inumwj472S9r4,1URnnhqYAYcrqrcwql10ft",Drake|21 Savage,83626299|16213669,canadian hip hop|canadian pop|hip hop|pop rap|rap|atl hip hop|hip hop|rap,96|89,2022-06-17,day,89,2024-01-08
0.859,0.548,10,-6.59,0,0.197,0.041,0.0,0.204,0.112,127.958,165581,4,1qA7crrPzO702kDZgRAhyk,HOTEL LOBBY (Unc & Phew) - A COLORS SHOW,62y3BHKehWnb1hlaPclDAA,"0VRj0yCOv2FXJNP47XQnx5,3EW0kQ1skZiK1NHg3Spt9J",Quavo|Takeoff,7128651|1651428,atl hip hop|melodic rap|rap|trap|atl hip hop|rap|trap,77|69,2022-06-18,day,66,2024-01-08
0.883,0.657,8,-5.748,1,0.305,0.0603,0.0,0.128,0.284,124.992,172933,4,1qMMYpVatbRITKCfq1gasi,PUFFIN ON ZOOTIEZ,62y3BHKehWnb1hlaPclDAA,1RyvyyTE3xzB2ZywiAwp0i,Future,15692678,atl hip hop|hip hop|rap|southern hip hop|trap,88,2022-04-29,day,82,2024-01-08
0.821,0.636,11,-4.479,1,0.169,0.142,0.0,0.233,0.163,127.961,142657,4,0QNNd0qMCDbraS1nQPg3aA,HOTEL LOBBY (Unc & Phew),62y3BHKehWnb1hlaPclDAA,"0VRj0yCOv2FXJNP47XQnx5,3EW0kQ1skZiK1NHg3Spt9J",Quavo|Takeoff,7128651|1651428,atl hip hop|melodic rap|rap|trap|atl hip hop|rap|trap,77|69,2022-05-20,day,73,2024-01-08
0.71,0.522,11,-9.102,1,0.36,0.615,0.0,0.11,0.37,96.448,309327,4,3EMp20j5E42MxfFbsEsIvD,Churchill Downs (feat. Drake),62y3BHKehWnb1hlaPclDAA,"2LIk90788K0zvyj2JJVwkJ,3TVXtAsR1Inumwj472S9r4",Jack Harlow|Drake,3376624|83626299,deep underground hip hop|kentucky hip hop|pop rap|rap|canadian hip hop|canadian pop|hip hop|pop rap|rap,84|96,2022-05-06,day,72,2024-01-08
0.852,0.421,10,-9.153,0,0.208,0.428,2.28e-06,0.106,0.457,95.977,202285,4,1QPreu0BNOrUfEb8HTd2qG,Rich Spirit,62y3BHKehWnb1hlaPclDAA,2YZyLoL8N0Wb9xBt1NhZWg,Kendrick Lamar,26526500,conscious hip hop|hip hop|rap|west coast rap,87,2022-05-13,day,77,2024-01-08
0.911,0.573,2,-5.573,1,0.163,0.0112,5.83e-05,0.131,0.145,144.026,271840,4,0AAVJIN4plafvmNKqRCltG,I'M DAT N****,62y3BHKehWnb1hlaPclDAA,1RyvyyTE3xzB2ZywiAwp0i,Future,15692678,atl hip hop|hip hop|rap|southern hip hop|trap,88,2022-04-29,day,65,2024-01-08
0.773,0.707,11,-5.71,1,0.0568,0.0103,1.04e-05,0.296,0.113,76.977,236187,4,6wyhUr4Xw8z5uSy0AhoZfU,I'M ON ONE (feat. Drake),62y3BHKehWnb1hlaPclDAA,"1RyvyyTE3xzB2ZywiAwp0i,3TVXtAsR1Inumwj472S9r4",Future|Drake,15692678|83626299,atl hip hop|hip hop|rap|southern hip hop|trap|canadian hip hop|canadian pop|hip hop|pop rap|rap,88|96,2022-04-29,day,68,2024-01-08
0.833,0.652,11,-6.942,1,0.0762,0.00161,0.0985,0.106,0.405,158.022,135053,4,0LnS7aOdOdI1dNKZqdOLz4,Dua Lipa,62y3BHKehWnb1hlaPclDAA,2LIk90788K0zvyj2JJVwkJ,Jack Harlow,3376624,deep underground hip hop|kentucky hip hop|pop rap|rap,84,2022-05-06,day,72,2024-01-08
0.824,0.583,1,-6.537,1,0.147,0.00253,0.0,0.266,0.154,147.496,235501,4,0b7UwotRCrS7qBoLDjfvSY,U-Digg (feat. 42 Dugg & Veeze),62y3BHKehWnb1hlaPclDAA,"5f7VJjfbwm532GiveGC0ZK,45gHcnDnMC15sgx3VL7ROG,0B3kMiB21aPQlKumGDr4c7",Lil Baby|42 Dugg|Veeze,16366093|983345|127567,atl hip hop|atl trap|rap|trap|detroit trap|southern hip hop|trap|detroit hip hop|scam rap,86|70|63,2022-06-17,day,62,2024-01-08
0.878,0.685,9,-5.28,1,0.225,0.00152,0.0,0.0753,0.523,157.003,211649,4,3uJFmluXzYedoJcvhpC1AW,Hot Shit (feat. Ye & Lil Durk),62y3BHKehWnb1hlaPclDAA,"4kYSro6naA4h99UJvo89HB,5K4W6rqBFWDnAN6FQUkS6x,3hcs9uc56yIGFCSy9leWe7",Cardi B|Kanye West|Lil Durk,22993357|22986248|6859221,pop|rap|chicago rap|hip hop|rap|chicago drill|chicago rap|drill|hip hop|rap|trap,78|91|81,2022-07-01,day,65,2024-01-08
0.643,0.605,4,-5.968,0,0.297,0.0336,0.0,0.112,0.145,84.216,200471,4,3ihIZrJreMJPjQdNLrEXnP,In A Minute,62y3BHKehWnb1hlaPclDAA,5f7VJjfbwm532GiveGC0ZK,Lil Baby,16366093,atl hip hop|atl trap|rap|trap,86,2022-04-07,day,67,2024-01-08
0.672,0.58,2,-5.66,1,0.234,0.0934,0.0,0.103,0.116,111.55,177731,3,5gcsJvWzuPMeJBQYdiO0RS,Step 1 (with Offset),62y3BHKehWnb1hlaPclDAA,"7FOQfJbC3e4GNoheojERnF,4DdkRBBYG6Yk9Ka8tdJ9BW",SleazyWorld Go|Offset,302140|3501668,rva drill|atl hip hop|hip hop|pop rap|rap|trap,63|79,2022-06-17,day,55,2024-01-08
0.824,0.577,2,-9.443,1,0.357,0.0109,0.0,0.107,0.442,154.081,159927,4,0VlpgNPHWCyh8xxLcaK2fp,Petty Too (feat. Future),62y3BHKehWnb1hlaPclDAA,"3hcs9uc56yIGFCSy9leWe7,1RyvyyTE3xzB2ZywiAwp0i",Lil Durk|Future,6859221|15692678,chicago drill|chicago rap|drill|hip hop|rap|trap|atl hip hop|hip hop|rap|southern hip hop|trap,81|88,2022-03-11,day,65,2024-01-08
0.514,0.65,6,-8.867,1,0.499,0.138,0.0,0.103,0.236,127.428,179149,5,19n0UZuW8AArMVWNztoXu9,Frozen,62y3BHKehWnb1hlaPclDAA,5f7VJjfbwm532GiveGC0ZK,Lil Baby,16366093,atl hip hop|atl trap|rap|trap,86,2022-04-28,day,60,2024-01-08
0.789,0.71,5,-6.165,0,0.0681,0.128,0.0,0.112,0.188,138.033,183187,4,32ny2YtiR7zKi7PBjiQ5Iy,Real Talk,62y3BHKehWnb1hlaPclDAA,757aE44tKEUQEqRuT6GnEB,Roddy Ricch,10179420,melodic rap|rap|trap,76,2022-06-24,day,56,2024-01-08
0.718,0.607,5,-7.307,0,0.185,0.00227,1.32e-06,0.299,0.499,144.93,226362,4,5tLdDm1cVYAH2kk7TyjmdW,Thump Shit,62y3BHKehWnb1hlaPclDAA,"45gHcnDnMC15sgx3VL7ROG,4FlG0V0jhLO4qGpayFOphj",42 Dugg|EST Gee,983345|520190,detroit trap|southern hip hop|trap|kentucky hip hop|memphis hip hop|southern hip hop,70|65,2022-04-08,day,60,2024-01-08
0.801,0.601,8,-7.574,0,0.255,0.0777,3.23e-05,0.145,0.74,159.969,182907,4,0hquQWY3xvYqN4qtiquniF,Vegas (From the Original Motion Picture Soundtrack ELVIS),62y3BHKehWnb1hlaPclDAA,5cj0lLjcoR7YOSnhnX0Po5,Doja Cat,28123408,dance pop|pop,87,2022-05-06,day,80,2024-01-08
0.883,0.599,11,-5.551,1,0.248,0.0177,0.0,0.179,0.413,142.976,183011,4,6kK6Tz8esTt3pqSaNiM1qB,Woah,62y3BHKehWnb1hlaPclDAA,5f7VJjfbwm532GiveGC0ZK,Lil Baby,16366093,atl hip hop|atl trap|rap|trap,86,2020-10-01,day,51,2024-01-08
0.785,0.652,0,-2.607,1,0.0668,0.102,0.0,0.0697,0.484,170.024,203093,4,7f5trao56t7sB7f14QDTmp,Juicy,62y3BHKehWnb1hlaPclDAA,"5cj0lLjcoR7YOSnhnX0Po5,5LHRHt1k9lMyONurDHEdrp",Doja Cat|Tyga,28123408|6848796,dance pop|pop|hip hop|pop rap|rap|trap,87|78,2019-11-07,day,72,2024-01-08
0.688,0.716,7,-5.702,1,0.0385,0.0969,0.0,0.0989,0.373,116.912,284480,3,3aA6xB0tOilDDX17fIJ0Bl,Freak,62y3BHKehWnb1hlaPclDAA,5cj0lLjcoR7YOSnhnX0Po5,Doja Cat,28123408,dance pop|pop,87,2020-08-07,day,71,2024-01-08
0.912,0.655,8,-6.029,0,0.162,0.315,3.39e-05,0.0894,0.793,91.942,138293,4,0W6I02J9xcqK8MtSeosEXb,Get Into It (Yuh),62y3BHKehWnb1hlaPclDAA,5cj0lLjcoR7YOSnhnX0Po5,Doja Cat,28123408,dance pop|pop,87,2021-06-25,day,78,2024-01-08
0.877,0.444,8,-7.547,1,0.172,0.24,0.0,0.169,0.658,129.06,165527,4,1cEhrSF6EylAEqdhUGuNpX,LET IT GO (feat. Justin Bieber & 21 Savage),62y3BHKehWnb1hlaPclDAA,"0QHgL1lAIqAw0HtD7YldmP,1URnnhqYAYcrqrcwql10ft,1uNFoZAHBGtllmzznpCI3s",DJ Khaled|21 Savage|Justin Bieber,10860995|16213669|74461349,hip hop|miami hip hop|pop rap|rap|atl hip hop|hip hop|rap|canadian pop|pop,74|89|89,2021-04-30,day,62,2024-01-08
0.786,0.637,2,-6.608,1,0.338,0.037,0.0,0.316,0.426,79.986,231085,4,6Bl1k7SZTP5gkfLPjkIwtx,"Steppers (with Yo Gotti, Moneybagg Yo, 42 Dugg feat. EST Gee, Mozzy, Blac Youngsta, CMG The Label)",62y3BHKehWnb1hlaPclDAA,"6Ha4aES39QiVjR0L2lwuwq,3tJoFztHeIJkJWMrx0td2f,45gHcnDnMC15sgx3VL7ROG,4FlG0V0jhLO4qGpayFOphj,4AA474G2hRfrHyGrfyDseO,41klVmDluQZmGGqoidNfbe,3rO1KMi81CCLjSjkImNtrA",Yo Gotti|Moneybagg Yo|42 Dugg|EST Gee|Mozzy|Blac Youngsta|CMG The Label,4353152|4237863|983345|520190|773088|1652350|9712,dirty south rap|gangster rap|memphis hip hop|rap|southern hip hop|tennessee hip hop|trap|memphis hip hop|rap|southern hip hop|tennessee hip hop|trap|detroit trap|southern hip hop|trap|kentucky hip hop|memphis hip hop|southern hip hop|cali rap|sacramento hip hop|memphis hip hop|southern hip hop|trap|,64|74|70|65|61|49|54,2022-07-07,day,52,2024-01-08
0.869,0.298,2,-12.076,1,0.386,0.2,0.0,0.0753,0.178,77.47,161355,4,5cx7vkF8BQ0iOsVpfvZbnz,Sleazy Flow (with Lil Baby) - Remix,62y3BHKehWnb1hlaPclDAA,"7FOQfJbC3e4GNoheojERnF,5f7VJjfbwm532GiveGC0ZK",SleazyWorld Go|Lil Baby,302140|16366093,rva drill|atl hip hop|atl trap|rap|trap,63|86,2022-05-26,day,68,2024-01-08
0.936,0.497,1,-7.185,1,0.41,0.0324,0.0,0.111,0.364,138.016,146732,4,30vAfL9Wyu2fu07vdbZ1Xt,See Wat I’m Sayin,62y3BHKehWnb1hlaPclDAA,"3tJoFztHeIJkJWMrx0td2f,3rO1KMi81CCLjSjkImNtrA",Moneybagg Yo|CMG The Label,4237863|9712,memphis hip hop|rap|southern hip hop|tennessee hip hop|trap|,74|54,2022-05-27,day,62,2024-01-08
0.629,0.608,2,-7.247,0,0.0771,0.0724,0.0,0.0874,0.413,103.021,221893,4,00I0pcNkN3IOX3fsYbaB4N,Infatuation,62y3BHKehWnb1hlaPclDAA,3EW0kQ1skZiK1NHg3Spt9J,Takeoff,1651428,atl hip hop|rap|trap,69,2018-11-02,day,58,2024-01-08
0.794,0.766,9,-3.894,0,0.0377,0.0135,0.0,0.0785,0.55,127.006,195873,4,7FAFkQQZFeNwOFzTrSDFIh,The Spins,62y3BHKehWnb1hlaPclDAA,4LLpKhyESsyAXpc4laK94U,Mac Miller,9922860,hip hop|pittsburgh rap|rap,81,2010-08-13,day,83,2024-01-08
0.681,0.63,1,-5.585,1,0.0385,0.00383,0.0,0.139,0.183,151.951,161053,4,3J4VKkUpLvomXJbn9ZAypO,Sharing Locations (feat. Lil Baby & Lil Durk),62y3BHKehWnb1hlaPclDAA,"20sxb77xiYeusSH8cVdatc,3hcs9uc56yIGFCSy9leWe7,5f7VJjfbwm532GiveGC0ZK",Meek Mill|Lil Durk|Lil Baby,7704881|6859221|16366093,hip hop|philly rap|pop rap|rap|southern hip hop|trap|chicago drill|chicago rap|drill|hip hop|rap|trap|atl hip hop|atl trap|rap|trap,73|81|86,2021-08-27,day,64,2024-01-08
0.823,0.443,2,-8.539,1,0.329,0.0768,0.0,0.156,0.389,140.048,193515,4,4i8qEsqa426Ctz6KRno3dA,Twerksum,62y3BHKehWnb1hlaPclDAA,5F1aAS1duwlzExnPs3l2Xe,Pooh Shiesty,1416868,memphis hip hop|southern hip hop|tennessee hip hop|trap,68,2020-09-10,day,47,2024-01-08
0.709,0.676,9,-7.369,1,0.329,0.162,0.0,0.349,0.68,144.067,205460,4,5X2I1TVUkchLBggRTCMYem,Slayerr,62y3BHKehWnb1hlaPclDAA,"5RMUeKq0dZxg9RHE1f0B9P,4O15NlyKLIASxsJ0PrXPfz",Tm88|Lil Uzi Vert,94207|16484624,atl trap|hip hop|melodic rap|philly rap|rage rap|rap,40|85,2019-06-21,day,54,2024-01-08
0.882,0.602,11,-5.554,1,0.245,0.0177,0.0,0.178,0.43,142.959,183011,4,598yNsG1JFrGd4n2kMoz7F,Woah,62y3BHKehWnb1hlaPclDAA,5f7VJjfbwm532GiveGC0ZK,Lil Baby,16366093,atl hip hop|atl trap|rap|trap,86,2019-11-08,day,65,2024-01-08
0.749,0.63,4,-6.652,0,0.116,0.0623,0.0,0.353,0.445,122.03,242027,4,2KLwPaRDOB87XOYAT2fgxh,Pussy & Millions (feat. Travis Scott),62y3BHKehWnb1hlaPclDAA,"3TVXtAsR1Inumwj472S9r4,1URnnhqYAYcrqrcwql10ft,0Y5tJX1MQlPlqiwlOH1tJY",Drake|21 Savage|Travis Scott,83626299|16213669|26203362,canadian hip hop|canadian pop|hip hop|pop rap|rap|atl hip hop|hip hop|rap|hip hop|rap|slap house,96|89|91,2022-11-04,day,79,2024-01-08
0.486,0.545,11,-7.924,1,0.0336,0.0652,0.00474,0.0642,0.0385,150.187,123891,4,4FyesJzVpA39hbYvcseO2d,Just Wanna Rock,62y3BHKehWnb1hlaPclDAA,4O15NlyKLIASxsJ0PrXPfz,Lil Uzi Vert,16484624,hip hop|melodic rap|philly rap|rage rap|rap,85,2022-10-17,day,81,2024-01-08
0.718,0.461,4,-7.676,0,0.0797,0.068,0.0,0.283,0.181,129.953,178176,4,0g2Bbgy7P41pFjMWJuzsf4,STAYING ALIVE (feat. Drake & Lil Baby),62y3BHKehWnb1hlaPclDAA,"0QHgL1lAIqAw0HtD7YldmP,3TVXtAsR1Inumwj472S9r4,5f7VJjfbwm532GiveGC0ZK",DJ Khaled|Drake|Lil Baby,10860995|83626299|16366093,hip hop|miami hip hop|pop rap|rap|canadian hip hop|canadian pop|hip hop|pop rap|rap|atl hip hop|atl trap|rap|trap,74|96|86,2022-08-05,day,67,2024-01-08
0.79,0.67,1,-5.527,1,0.105,0.377,2.32e-06,0.119,0.408,139.956,195950,4,0fX4oNGBWO3dSGUZcVdVV2,N95,62y3BHKehWnb1hlaPclDAA,2YZyLoL8N0Wb9xBt1NhZWg,Kendrick Lamar,26526500,conscious hip hop|hip hop|rap|west coast rap,87,2022-05-13,day,81,2024-01-08
0.726,0.508,1,-7.67,1,0.0869,0.00124,0.0,0.204,0.173,149.979,216013,4,6x3gud5JkOSGYJpRUYN1Gg,Us vs. Them (feat. Gucci Mane),62y3BHKehWnb1hlaPclDAA,"0VRj0yCOv2FXJNP47XQnx5,3EW0kQ1skZiK1NHg3Spt9J,13y7CgLHjMVRMDqxdx0Xdo",Quavo|Takeoff|Gucci Mane,7128651|1651428|5220799,atl hip hop|melodic rap|rap|trap|atl hip hop|rap|trap|atl hip hop|dirty south rap|hip hop|pop rap|rap|southern hip hop|trap,77|69|76,2022-07-29,day,57,2024-01-08
0.819,0.651,1,-5.829,1,0.169,0.00639,0.0,0.122,0.501,139.957,185786,4,3GdWfmQBiiJrDUvSZS1bGv,Never Sleep (with Lil Baby feat. Travis Scott),62y3BHKehWnb1hlaPclDAA,"7rkW85dBwwrJtlHRDkJDAC,5f7VJjfbwm532GiveGC0ZK,0Y5tJX1MQlPlqiwlOH1tJY",NAV|Lil Baby|Travis Scott,3426047|16366093|26203362,canadian hip hop|canadian trap|melodic rap|rap|trap|atl hip hop|atl trap|rap|trap|hip hop|rap|slap house,72|86|91,2022-07-29,day,67,2024-01-08
0.66,0.373,11,-10.234,1,0.595,0.149,0.0,0.106,0.35,167.912,151776,4,2TSfStvlAMLw89u3tali79,Dah Dah DahDah,62y3BHKehWnb1hlaPclDAA,0Njy6yR9LykNKYg9yE23QN,Nardo Wick,977404,florida drill|florida rap|southern hip hop,67,2022-07-22,day,74,2024-01-08
0.899,0.582,11,-7.275,0,0.264,0.0395,0.0,0.1,0.505,149.973,283196,4,4wRJHXHDJnKSPr9IVn0BFR,To The Bone (feat. YoungBoy Never Broke Again),62y3BHKehWnb1hlaPclDAA,"0VRj0yCOv2FXJNP47XQnx5,3EW0kQ1skZiK1NHg3Spt9J,7wlFDEWiM5OoIAt8RSli8b",Quavo|Takeoff|YoungBoy Never Broke Again,7128651|1651428|12248282,atl hip hop|melodic rap|rap|trap|atl hip hop|rap|trap|baton rouge rap|rap,77|69|82,2022-10-07,day,68,2024-01-08
0.817,0.512,8,-6.943,1,0.0984,0.037,0.0,0.216,0.17,130.04,166039,4,3wspfG772mi1c25JpnNOVP,Walk,62y3BHKehWnb1hlaPclDAA,46SHBwWsqBkxI7EeeBEQG7,Kodak Black,10072386,florida drill|florida rap|melodic rap|miami hip hop|rap|trap|trap latino,80,2022-09-16,day,65,2024-01-08
0.825,0.414,2,-6.634,1,0.144,0.00265,0.0,0.357,0.106,72.993,200548,4,4A8cWXxKfIL3lAyUDzXbCF,Super Gremlin,62y3BHKehWnb1hlaPclDAA,46SHBwWsqBkxI7EeeBEQG7,Kodak Black,10072386,florida drill|florida rap|melodic rap|miami hip hop|rap|trap|trap latino,80,2021-10-30,day,73,2024-01-08
0.496,0.7,1,-5.199,0,0.284,0.0197,0.0,0.103,0.464,107.711,173783,3,6pr7X9UZCDn8CruopaNVha,BIG TIME (feat. Future & Lil Baby),62y3BHKehWnb1hlaPclDAA,"0QHgL1lAIqAw0HtD7YldmP,1RyvyyTE3xzB2ZywiAwp0i,5f7VJjfbwm532GiveGC0ZK",DJ Khaled|Future|Lil Baby,10860995|15692678|16366093,hip hop|miami hip hop|pop rap|rap|atl hip hop|hip hop|rap|southern hip hop|trap|atl hip hop|atl trap|rap|trap,74|88|86,2022-08-26,day,55,2024-01-08
0.773,0.422,1,-4.572,0,0.187,0.00783,0.00693,0.129,0.488,77.502,136267,1,3XOalgusokruzA5ZBA2Qcb,pushin P (feat. Young Thug),62y3BHKehWnb1hlaPclDAA,"2hlmm7s2ICUX0LVIhVFlZQ,1RyvyyTE3xzB2ZywiAwp0i,50co4Is1HCEo8bhOyUWKpn",Gunna|Future|Young Thug,6520604|15692678|9355686,atl hip hop|melodic rap|rap|trap|atl hip hop|hip hop|rap|southern hip hop|trap|atl hip hop|atl trap|gangster rap|melodic rap|rap|trap,84|88|83,2022-01-13,day,76,2024-01-08
0.739,0.74,5,-5.86,0,0.333,0.0045,0.0,0.161,0.488,75.575,279853,4,4yNoUQkYf1QF8iYlEzNynH,"Who Want Smoke?? (feat. G Herbo, Lil Durk & 21 Savage)",62y3BHKehWnb1hlaPclDAA,"0Njy6yR9LykNKYg9yE23QN,5QdEbQJ3ylBnc3gsIASAT5,3hcs9uc56yIGFCSy9leWe7,1URnnhqYAYcrqrcwql10ft",Nardo Wick|G Herbo|Lil Durk|21 Savage,977404|2002907|6859221|16213669,florida drill|florida rap|southern hip hop|chicago drill|chicago rap|drill|trap|chicago drill|chicago rap|drill|hip hop|rap|trap|atl hip hop|hip hop|rap,67|69|81|89,2021-10-08,day,68,2024-01-08
0.753,0.777,11,-5.701,0,0.32,0.0725,0.000714,0.125,0.669,157.148,171453,4,3zpGLSQ8QbbUnNjweWPLMD,Doja,62y3BHKehWnb1hlaPclDAA,"5IbEL2xjRtKsunfmsahLuO,13ubrt8QOOCPljQ2FL1Kca",$NOT|A$AP Rocky,1461350|13299639,aesthetic rap|cloud rap|florida rap|underground hip hop|east coast hip hop|hip hop|rap|trap,67|81,2022-02-04,day,59,2024-01-08
0.849,0.424,5,-9.579,0,0.324,0.0635,0.0,0.0834,0.153,145.887,242966,4,2BcMwX1MPV6ZHP4tUT9uq6,Knife Talk (with 21 Savage ft. Project Pat),62y3BHKehWnb1hlaPclDAA,"3TVXtAsR1Inumwj472S9r4,1URnnhqYAYcrqrcwql10ft,08Ld63UgKrJ0nZnCkzHtzc",Drake|21 Savage|Project Pat,83626299|16213669|795767,canadian hip hop|canadian pop|hip hop|pop rap|rap|atl hip hop|hip hop|rap|crunk|dirty south rap|gangster rap|memphis hip hop|trap,96|89|66,2021-09-03,day,83,2024-01-08
0.947,0.605,10,-8.621,0,0.346,0.0748,7.54e-06,0.0901,0.656,129.988,133613,4,6BczFLHW9aIf9aWn5NFuNL,Don't Play That,62y3BHKehWnb1hlaPclDAA,"6QtgPSJPSzcnn7dPZ4VINp,1URnnhqYAYcrqrcwql10ft",King Von|21 Savage,3799451|16213669,chicago rap|atl hip hop|hip hop|rap,75|89,2022-02-04,day,62,2024-01-08
0.744,0.608,2,-6.386,1,0.0442,0.0295,0.0,0.397,0.0692,130.045,221538,4,6OrTKLtcF7EBayOV2QqkSK,Hold That Heat (feat. Travis Scott),62y3BHKehWnb1hlaPclDAA,"23DYJsw4uSCguIqiTIDtcN,1RyvyyTE3xzB2ZywiAwp0i,0Y5tJX1MQlPlqiwlOH1tJY",Southside|Future|Travis Scott,98908|15692678|26203362,atl hip hop|atl trap|atl hip hop|hip hop|rap|southern hip hop|trap|hip hop|rap|slap house,59|88|91,2022-04-22,day,65,2024-01-08
0.677,0.558,8,-7.681,1,0.177,0.167,0.0,0.365,0.384,144.485,200426,4,02WDt2eCNOU2mt0DF5w678,Heavy (with Lil Uzi Vert),62y3BHKehWnb1hlaPclDAA,"2rAnv6brcXaglLZBB4XXEn,4O15NlyKLIASxsJ0PrXPfz",Nigo|Lil Uzi Vert,79603|16484624,|hip hop|melodic rap|philly rap|rage rap|rap,52|85,2022-03-18,day,51,2024-01-08
0.671,0.857,7,-5.435,1,0.292,0.266,0.0,0.668,0.597,118.574,309323,4,1BzXvBpIFWJgu0P8P6xmP4,Stick (with JID & J. Cole feat. Kenny Mason & Sheck Wes),62y3BHKehWnb1hlaPclDAA,"1iNqsUDUraNWrj00bqssQG,6U3ybJ9UHNKEdsH7ktGBZ7,6l3HvQ5sa6mXTsMTB19rO5,4mwdnO2jZrMmMVrjcHsZBv,2RDOrhPqAM4jzTRCEb19qX",Dreamville|JID|J. Cole|Kenny Mason|Sheck Wes,608984|1518821|22394288|153536|1545353,hip hop|pop rap|rap|hip hop|pop rap|rap|underground hip hop|conscious hip hop|hip hop|north carolina hip hop|rap|atl hip hop|chill abstract hip hop|indie hip hop|pop rap|rap|trap,66|78|86|59|62,2022-03-31,day,66,2024-01-08
0.824,0.667,10,-6.603,0,0.0814,0.00321,2.65e-06,0.0956,0.305,82.037,207933,4,7HCX1Ch3mklJyEdpwPZBFW,FOR A NUT (feat. Gunna & Young Thug),62y3BHKehWnb1hlaPclDAA,"1RyvyyTE3xzB2ZywiAwp0i,2hlmm7s2ICUX0LVIhVFlZQ,50co4Is1HCEo8bhOyUWKpn",Future|Gunna|Young Thug,15692678|6520604|9355686,atl hip hop|hip hop|rap|southern hip hop|trap|atl hip hop|melodic rap|rap|trap|atl hip hop|atl trap|gangster rap|melodic rap|rap|trap,88|84|83,2022-04-29,day,53,2024-01-08
0.784,0.601,5,-6.472,0,0.118,0.0155,0.0,0.122,0.22,156.0,197133,4,3A3S5pdCJdePtJ0oKeCrCP,too easy (Remix) [feat. Future & Roddy Ricch],62y3BHKehWnb1hlaPclDAA,"2hlmm7s2ICUX0LVIhVFlZQ,1RyvyyTE3xzB2ZywiAwp0i,757aE44tKEUQEqRuT6GnEB",Gunna|Future|Roddy Ricch,6520604|15692678|10179420,atl hip hop|melodic rap|rap|trap|atl hip hop|hip hop|rap|southern hip hop|trap|melodic rap|rap|trap,84|88|76,2022-01-13,day,55,2024-01-08
0.825,0.234,9,-14.202,1,0.495,0.235,9.54e-06,0.0696,0.18,77.487,111484,4,5mt882Eqx22RwFOTE01jS8,Sleazy Flow,62y3BHKehWnb1hlaPclDAA,7FOQfJbC3e4GNoheojERnF,SleazyWorld Go,302140,rva drill,63,2021-10-15,day,71,2024-01-08
0.534,0.573,1,-6.757,1,0.414,0.00926,0.0,0.136,0.373,160.333,225533,4,2HHLfzE7PkljuqyYU4vwmh,Me or Sum (feat. Future & Lil Baby),62y3BHKehWnb1hlaPclDAA,"0Njy6yR9LykNKYg9yE23QN,1RyvyyTE3xzB2ZywiAwp0i,5f7VJjfbwm532GiveGC0ZK",Nardo Wick|Future|Lil Baby,977404|15692678|16366093,florida drill|florida rap|southern hip hop|atl hip hop|hip hop|rap|southern hip hop|trap|atl hip hop|atl trap|rap|trap,67|88|86,2021-12-03,day,69,2024-01-08
0.575,0.56,5,-7.302,1,0.478,0.173,0.0,0.257,0.471,75.956,229938,4,1udwFobQ1JoOdWPQrp2b6u,Surround Sound (feat. 21 Savage & Baby Tate),62y3BHKehWnb1hlaPclDAA,"6U3ybJ9UHNKEdsH7ktGBZ7,1URnnhqYAYcrqrcwql10ft,3IJ21966TwNZI24MwZHMu4",JID|21 Savage|Baby Tate,1518821|16213669|421574,hip hop|pop rap|rap|underground hip hop|atl hip hop|hip hop|rap|trap queen,78|89|73,2022-10-31,day,93,2024-01-08
0.767,0.438,7,-8.726,0,0.29,0.181,0.0,0.142,0.381,86.975,221980,4,37Nqx7iavZpotJSDXZWbJ3,Girls Want Girls (with Lil Baby),188Wx91EDrfn4HnJFEBRO5,"3TVXtAsR1Inumwj472S9r4,5f7VJjfbwm532GiveGC0ZK",Drake|Lil Baby,83626299|16366093,canadian hip hop|canadian pop|hip hop|pop rap|rap|atl hip hop|atl trap|rap|trap,96|86,2021-09-03,day,79,2024-01-08
0.861,0.656,4,-7.867,0,0.425,0.104,0.0,0.0986,0.331,88.967,218210,4,5W8jRrZ6tWrTrqnKRtIQBf,p r i d e . i s . t h e . d e v i l (with Lil Baby),188Wx91EDrfn4HnJFEBRO5,"6l3HvQ5sa6mXTsMTB19rO5,5f7VJjfbwm532GiveGC0ZK",J. Cole|Lil Baby,22394288|16366093,conscious hip hop|hip hop|north carolina hip hop|rap|atl hip hop|atl trap|rap|trap,86|86,2021-05-14,day,76,2024-01-08
0.817,0.556,4,-7.178,0,0.14,0.469,0.0,0.131,0.314,126.991,166368,4,55WLWX71YkHt2tSucNIf1g,Sold Out Dates (feat. Lil Baby),188Wx91EDrfn4HnJFEBRO5,"2hlmm7s2ICUX0LVIhVFlZQ,5f7VJjfbwm532GiveGC0ZK",Gunna|Lil Baby,6520604|16366093,atl hip hop|melodic rap|rap|trap|atl hip hop|atl trap|rap|trap,84|86,2018-04-16,day,71,2024-01-08
0.676,0.578,10,-4.669,0,0.375,0.0509,0.0,0.0796,0.698,158.896,203881,4,5nzhL67GpF9szXWg5y509A,Close Friends (Lil Baby & Gunna),188Wx91EDrfn4HnJFEBRO5,5f7VJjfbwm532GiveGC0ZK,Lil Baby,16366093,atl hip hop|atl trap|rap|trap,86,2018-10-05,day,76,2024-01-08
0.716,0.541,1,-7.909,1,0.149,0.0021,0.0,0.115,0.387,139.978,247055,4,2bSk87AVkCIIC3Bcligq1z,Life Goes On,188Wx91EDrfn4HnJFEBRO5,"5f7VJjfbwm532GiveGC0ZK,2hlmm7s2ICUX0LVIhVFlZQ,4O15NlyKLIASxsJ0PrXPfz",Lil Baby|Gunna|Lil Uzi Vert,16366093|6520604|16484624,atl hip hop|atl trap|rap|trap|atl hip hop|melodic rap|rap|trap|hip hop|melodic rap|philly rap|rage rap|rap,86|84|85,2018-05-18,day,79,2024-01-08
0.97,0.463,10,-7.259,1,0.366,0.0957,0.0,0.151,0.46,108.003,142417,4,5MPPttjfGap2C6j6eKcO6J,Baby (Lil Baby feat. DaBaby),188Wx91EDrfn4HnJFEBRO5,"6i392l38cR3uBPF0DbNs7S,5f7VJjfbwm532GiveGC0ZK,4r63FhuTkUYltbVAg5TQnk",Quality Control|Lil Baby|DaBaby,1316469|16366093|11554890,melodic rap|trap|atl hip hop|atl trap|rap|trap|hip hop|north carolina hip hop|pop rap|rap|trap,64|86|78,2019-08-16,day,78,2024-01-08
0.585,0.641,6,-4.269,0,0.133,0.0286,0.0,0.316,0.266,88.284,197530,4,7ge7BHazYbVKi8qyZUX1Bm,Emotionally Scarred,188Wx91EDrfn4HnJFEBRO5,5f7VJjfbwm532GiveGC0ZK,Lil Baby,16366093,atl hip hop|atl trap|rap|trap,86,2020-02-28,day,72,2024-01-08
0.532,0.572,1,-6.794,1,0.421,0.00984,0.0,0.143,0.369,160.517,225664,4,1qlh1WxuWilyIWRwdsKMuJ,Me or Sum (feat. Future & Lil Baby),188Wx91EDrfn4HnJFEBRO5,"0Njy6yR9LykNKYg9yE23QN,1RyvyyTE3xzB2ZywiAwp0i,5f7VJjfbwm532GiveGC0ZK",Nardo Wick|Future|Lil Baby,977404|15692678|16366093,florida drill|florida rap|southern hip hop|atl hip hop|hip hop|rap|southern hip hop|trap|atl hip hop|atl trap|rap|trap,67|88|86,2021-11-29,day,63,2024-01-08
0.92,0.458,5,-5.643,0,0.315,0.0171,0.0,0.107,0.403,132.992,159755,4,39RWYLt6hgk9BbhkDgaHW9,Crush A Lot,188Wx91EDrfn4HnJFEBRO5,5f7VJjfbwm532GiveGC0ZK,Lil Baby,16366093,atl hip hop|atl trap|rap|trap,86,2018-11-30,day,62,2024-01-08
0.793,0.395,1,-5.578,1,0.385,0.277,1.4e-05,0.109,0.129,77.027,213287,4,4F6yN5FsFW10Ucx7cLCzBh,Ready (feat. Gunna),188Wx91EDrfn4HnJFEBRO5,"5f7VJjfbwm532GiveGC0ZK,2hlmm7s2ICUX0LVIhVFlZQ",Lil Baby|Gunna,16366093|6520604,atl hip hop|atl trap|rap|trap|atl hip hop|melodic rap|rap|trap,86|84,2018-11-30,day,75,2024-01-08
0.888,0.432,10,-9.275,0,0.0934,0.0562,0.0,0.112,0.173,99.965,172986,4,52i143Ph5c3RQaQFBXWix1,Word On The Street,188Wx91EDrfn4HnJFEBRO5,5f7VJjfbwm532GiveGC0ZK,Lil Baby,16366093,atl hip hop|atl trap|rap|trap,86,2018-11-30,day,58,2024-01-08
0.736,0.519,0,-6.111,0,0.379,0.219,0.0,0.143,0.677,139.966,206524,4,6XeZ32B9HbV6ZrU6NTR2iM,Section 8 (feat. Young Thug),188Wx91EDrfn4HnJFEBRO5,"5f7VJjfbwm532GiveGC0ZK,50co4Is1HCEo8bhOyUWKpn",Lil Baby|Young Thug,16366093|9355686,atl hip hop|atl trap|rap|trap|atl hip hop|atl trap|gangster rap|melodic rap|rap|trap,86|83,2018-11-30,day,51,2024-01-08
0.823,0.552,4,-7.57,0,0.324,0.0174,0.0,0.122,0.418,124.038,205760,4,2u3EyuCqqV31woqGvO9LBz,Sum 2 Prove,188Wx91EDrfn4HnJFEBRO5,5f7VJjfbwm532GiveGC0ZK,Lil Baby,16366093,atl hip hop|atl trap|rap|trap,86,2020-01-10,day,70,2024-01-08
0.406,0.516,11,-10.899,0,0.392,0.0162,0.0,0.245,0.335,174.237,193960,5,0uQzOOq3aC9mszrmLLYoU3,Money Forever,188Wx91EDrfn4HnJFEBRO5,"5f7VJjfbwm532GiveGC0ZK,2hlmm7s2ICUX0LVIhVFlZQ",Lil Baby|Gunna,16366093|6520604,atl hip hop|atl trap|rap|trap|atl hip hop|melodic rap|rap|trap,86|84,2017-12-01,day,57,2024-01-08
0.798,0.574,1,-6.548,1,0.157,0.024,0.0,0.122,0.309,155.964,138587,4,4eL3XeuGaEoVT8ttDh3hwY,too easy,188Wx91EDrfn4HnJFEBRO5,"2hlmm7s2ICUX0LVIhVFlZQ,1RyvyyTE3xzB2ZywiAwp0i",Gunna|Future,6520604|15692678,atl hip hop|melodic rap|rap|trap|atl hip hop|hip hop|rap|southern hip hop|trap,84|88,2021-09-24,day,59,2024-01-08
0.825,0.458,0,-7.47,1,0.0577,0.114,0.0,0.102,0.161,145.115,197760,4,3nS9a01VvXHQriLqJYwRqG,DOLLAZ ON MY HEAD (feat. Young Thug),188Wx91EDrfn4HnJFEBRO5,"2hlmm7s2ICUX0LVIhVFlZQ,50co4Is1HCEo8bhOyUWKpn",Gunna|Young Thug,6520604|9355686,atl hip hop|melodic rap|rap|trap|atl hip hop|atl trap|gangster rap|melodic rap|rap|trap,84|83,2020-05-22,day,73,2024-01-08
0.916,0.756,0,-7.653,1,0.188,0.0942,0.0,0.23,0.756,115.69,151539,4,7KVPsVMOK3NL7subwJ0dZj,Who You Foolin,188Wx91EDrfn4HnJFEBRO5,2hlmm7s2ICUX0LVIhVFlZQ,Gunna,6520604,atl hip hop|melodic rap|rap|trap,84,2019-02-22,day,74,2024-01-08
0.952,0.478,5,-8.52,0,0.361,0.774,0.0,0.112,0.568,118.008,126168,4,6ZthdsKjWtiCxnxbhs74vF,Drip or Drown,188Wx91EDrfn4HnJFEBRO5,2hlmm7s2ICUX0LVIhVFlZQ,Gunna,6520604,atl hip hop|melodic rap|rap|trap,84,2017-11-30,day,79,2024-01-08
0.851,0.703,4,-7.351,0,0.303,0.00949,2.57e-05,0.0895,0.596,74.017,242600,4,7uZqvqXzzYMKrexKxdcGmd,Diamonds Dancing (feat. Travis Scott),188Wx91EDrfn4HnJFEBRO5,"1xr2G8Hlx4QWmT9HaUbmoO,50co4Is1HCEo8bhOyUWKpn,2hlmm7s2ICUX0LVIhVFlZQ,0Y5tJX1MQlPlqiwlOH1tJY",Young Stoner Life|Young Thug|Gunna|Travis Scott,136899|9355686|6520604|26203362,pop rap|atl hip hop|atl trap|gangster rap|melodic rap|rap|trap|atl hip hop|melodic rap|rap|trap|hip hop|rap|slap house,60|83|84|91,2021-04-16,day,60,2024-01-08
0.755,0.487,7,-9.148,0,0.299,0.0715,0.0,0.0984,0.339,151.063,183160,4,7BjDcHQ6aKuVDjfiNFzk3I,"Really Be Slime (feat. YNW Melly, Bslime & FN DaDealer)",188Wx91EDrfn4HnJFEBRO5,"1xr2G8Hlx4QWmT9HaUbmoO,1bqJuNMz1iBqWo9B0BdIiM,2EnD37GNRe2REqHBKqMnZQ,1cNDP5yjU5vjeR8qMf4grg",Young Stoner Life|FN DaDealer|Bslime|YNW Melly,136899|17299|11734|9987188,pop rap|atl trap|atl trap|melodic rap|rap,60|34|40|72,2021-04-16,day,40,2024-01-08
0.872,0.375,1,-9.598,0,0.0949,0.0332,0.0,0.283,0.548,120.05,200253,4,5hTVyxGfOKyBYhY8fgIIzT,Moon Man (feat. Strick & Kid Cudi),188Wx91EDrfn4HnJFEBRO5,"1xr2G8Hlx4QWmT9HaUbmoO,50co4Is1HCEo8bhOyUWKpn,2WInxWtfee6mRhUQUmIRAH,0fA0VVWsXO9YnASrzqfmYu",Young Stoner Life|Young Thug|Strick|Kid Cudi,136899|9355686|38328|6788413,pop rap|atl hip hop|atl trap|gangster rap|melodic rap|rap|trap|atl trap|hip hop|ohio hip hop|pop rap|rap,60|83|39|79,2021-04-16,day,45,2024-01-08
0.821,0.636,7,-6.038,0,0.0899,0.288,0.0,0.104,0.4,142.008,162268,4,7roKDmJDOzkpfGpUQJ5EnL,Business Is Business (Lil Baby & Gunna),188Wx91EDrfn4HnJFEBRO5,"5f7VJjfbwm532GiveGC0ZK,2hlmm7s2ICUX0LVIhVFlZQ",Lil Baby|Gunna,16366093|6520604,atl hip hop|atl trap|rap|trap|atl hip hop|melodic rap|rap|trap,86|84,2018-10-05,day,60,2024-01-08
0.658,0.535,11,-8.197,1,0.515,0.257,0.0,0.0981,0.395,150.055,174662,4,16QjPRt5HYK0dnLGmGRCvf,Deep End (Lil Baby & Gunna),188Wx91EDrfn4HnJFEBRO5,5f7VJjfbwm532GiveGC0ZK,Lil Baby,16366093,atl hip hop|atl trap|rap|trap,86,2018-10-05,day,53,2024-01-08
0.887,0.455,1,-5.948,1,0.444,0.697,0.0,0.101,0.655,124.959,186480,4,5diN5Ht0cc3B7iAbYde8i3,Spending Addiction,188Wx91EDrfn4HnJFEBRO5,2hlmm7s2ICUX0LVIhVFlZQ,Gunna,6520604,atl hip hop|melodic rap|rap|trap,84,2018-02-02,day,60,2024-01-08
0.912,0.587,7,-7.395,1,0.0582,0.0394,0.01,0.111,0.435,143.027,179022,4,3BXXkwyhsHM0EPApHMhQC5,Speed It Up,188Wx91EDrfn4HnJFEBRO5,2hlmm7s2ICUX0LVIhVFlZQ,Gunna,6520604,atl hip hop|melodic rap|rap|trap,84,2019-02-11,day,45,2024-01-08
0.889,0.507,2,-8.74,1,0.162,0.0562,0.0,0.116,0.219,111.994,154667,4,02mYw61RoS1vXvkD9Q5dpN,BLINDFOLD (feat. Lil Baby),188Wx91EDrfn4HnJFEBRO5,"2hlmm7s2ICUX0LVIhVFlZQ,5f7VJjfbwm532GiveGC0ZK",Gunna|Lil Baby,6520604|16366093,atl hip hop|melodic rap|rap|trap|atl hip hop|atl trap|rap|trap,84|86,2020-05-22,day,64,2024-01-08
0.873,0.577,1,-9.151,1,0.271,0.353,0.0,0.111,0.956,117.089,149133,4,4loM16743hROPC6uIJG6wM,MET GALA,188Wx91EDrfn4HnJFEBRO5,2hlmm7s2ICUX0LVIhVFlZQ,Gunna,6520604,atl hip hop|melodic rap|rap|trap,84,2020-05-22,day,67,2024-01-08
0.598,0.472,0,-10.991,1,0.258,0.204,1.54e-05,0.108,0.522,120.08,230600,4,2f8y4CuG57UJEmkG3ujd0D,NASTY GIRL / ON CAMERA,188Wx91EDrfn4HnJFEBRO5,2hlmm7s2ICUX0LVIhVFlZQ,Gunna,6520604,atl hip hop|melodic rap|rap|trap,84,2020-05-22,day,63,2024-01-08
0.823,0.504,8,-8.65,0,0.16,0.206,0.0,0.417,0.481,112.985,169907,4,4YhJ3a6kBPGJWX4Ek77sDd,TOP FLOOR (feat. Travis Scott),188Wx91EDrfn4HnJFEBRO5,"2hlmm7s2ICUX0LVIhVFlZQ,0Y5tJX1MQlPlqiwlOH1tJY",Gunna|Travis Scott,6520604|26203362,atl hip hop|melodic rap|rap|trap|hip hop|rap|slap house,84|91,2020-05-22,day,65,2024-01-08
0.881,0.517,4,-8.916,1,0.308,0.0115,0.0,0.151,0.786,115.084,168107,4,6nDSLDomNqfet6w0r1GHAz,RELENTLESS (feat. Lil Uzi Vert),188Wx91EDrfn4HnJFEBRO5,"2hlmm7s2ICUX0LVIhVFlZQ,4O15NlyKLIASxsJ0PrXPfz",Gunna|Lil Uzi Vert,6520604|16484624,atl hip hop|melodic rap|rap|trap|hip hop|melodic rap|philly rap|rage rap|rap,84|85,2020-07-24,day,59,2024-01-08
0.788,0.443,1,-9.021,1,0.341,0.107,0.0,0.115,0.221,126.071,192400,4,3pjzb1lnMOJbWbghMGSp23,STREET SWEEPER (feat. Future),188Wx91EDrfn4HnJFEBRO5,"2hlmm7s2ICUX0LVIhVFlZQ,1RyvyyTE3xzB2ZywiAwp0i",Gunna|Future,6520604|15692678,atl hip hop|melodic rap|rap|trap|atl hip hop|hip hop|rap|southern hip hop|trap,84|88,2020-07-24,day,59,2024-01-08
0.846,0.48,8,-8.618,0,0.359,0.269,0.0,0.0989,0.419,143.029,169532,4,6Tguhaf2uAe6OjRLsR2Tql,3 Headed Goat (feat. Lil Baby & Polo G),188Wx91EDrfn4HnJFEBRO5,"3hcs9uc56yIGFCSy9leWe7,5f7VJjfbwm532GiveGC0ZK,6AgTAQt8XS6jRWi4sX7w49",Lil Durk|Lil Baby|Polo G,6859221|16366093|10657935,chicago drill|chicago rap|drill|hip hop|rap|trap|atl hip hop|atl trap|rap|trap|chicago rap|rap,81|86|80,2020-05-08,day,76,2024-01-08
0.666,0.465,1,-8.545,1,0.26,0.0503,0.0,0.215,0.292,167.937,291175,4,40iJIUlhi6renaREYGeIDS,Fair Trade (with Travis Scott),188Wx91EDrfn4HnJFEBRO5,"3TVXtAsR1Inumwj472S9r4,0Y5tJX1MQlPlqiwlOH1tJY",Drake|Travis Scott,83626299|26203362,canadian hip hop|canadian pop|hip hop|pop rap|rap|hip hop|rap|slap house,96|91,2021-09-03,day,86,2024-01-08
0.803,0.597,11,-6.035,0,0.141,0.000619,4.5e-06,0.323,0.331,136.008,257605,4,0k1WUmIRnG3xU6fvvDVfRG,Way 2 Sexy (with Future & Young Thug),188Wx91EDrfn4HnJFEBRO5,"3TVXtAsR1Inumwj472S9r4,1RyvyyTE3xzB2ZywiAwp0i,50co4Is1HCEo8bhOyUWKpn",Drake|Future|Young Thug,83626299|15692678|9355686,canadian hip hop|canadian pop|hip hop|pop rap|rap|atl hip hop|hip hop|rap|southern hip hop|trap|atl hip hop|atl trap|gangster rap|melodic rap|rap|trap,96|88|83,2021-09-03,day,77,2024-01-08
0.84,0.744,1,-4.751,1,0.113,0.0181,0.0,0.629,0.171,83.737,204347,4,2tUL6dZf1mywCj5WvCPZw6,No Friends In The Industry,188Wx91EDrfn4HnJFEBRO5,3TVXtAsR1Inumwj472S9r4,Drake,83626299,canadian hip hop|canadian pop|hip hop|pop rap|rap,96,2021-09-03,day,73,2024-01-08
0.718,0.706,1,-5.709,1,0.06,0.0128,0.0,0.352,0.815,170.004,189176,4,5fHrHoJKfCgBd35zwIBmUK,D4L,188Wx91EDrfn4HnJFEBRO5,"1RyvyyTE3xzB2ZywiAwp0i,3TVXtAsR1Inumwj472S9r4,50co4Is1HCEo8bhOyUWKpn",Future|Drake|Young Thug,15692678|83626299|9355686,atl hip hop|hip hop|rap|southern hip hop|trap|canadian hip hop|canadian pop|hip hop|pop rap|rap|atl hip hop|atl trap|gangster rap|melodic rap|rap|trap,88|96|83,2020-05-01,day,61,2024-01-08
0.787,0.477,6,-7.837,0,0.199,0.768,0.0,0.104,0.476,80.506,234783,4,0YkUwXxnTkeJBvt5upeEtP,From Florida With Love,188Wx91EDrfn4HnJFEBRO5,3TVXtAsR1Inumwj472S9r4,Drake,83626299,canadian hip hop|canadian pop|hip hop|pop rap|rap,96,2020-05-01,day,63,2024-01-08
0.749,0.792,10,-4.151,0,0.0826,0.292,0.0,0.109,0.239,144.064,180000,4,1I55Ea0zVoSKs6MqW7DQ3i,War,188Wx91EDrfn4HnJFEBRO5,3TVXtAsR1Inumwj472S9r4,Drake,83626299,canadian hip hop|canadian pop|hip hop|pop rap|rap,96,2020-05-01,day,65,2024-01-08
0.631,0.788,4,-7.142,0,0.102,0.371,0.000317,0.108,0.544,157.769,240957,4,0Tacxc5lDJ8LwiO1pWNSl8,The Motion,188Wx91EDrfn4HnJFEBRO5,3TVXtAsR1Inumwj472S9r4,Drake,83626299,canadian hip hop|canadian pop|hip hop|pop rap|rap,96,2019-08-02,day,64,2024-01-08
0.789,0.404,1,-8.364,1,0.23,0.205,0.0,0.219,0.472,122.062,235566,4,4n4BflhWjCHIxrI4v7Xt9s,How Bout Now,188Wx91EDrfn4HnJFEBRO5,3TVXtAsR1Inumwj472S9r4,Drake,83626299,canadian hip hop|canadian pop|hip hop|pop rap|rap,96,2019-08-02,day,69,2024-01-08
0.761,0.518,0,-8.871,1,0.134,0.244,3.47e-05,0.107,0.522,133.976,261493,4,2SAqBLGA283SUiwJ3xOUVI,Laugh Now Cry Later (feat. Lil Durk),188Wx91EDrfn4HnJFEBRO5,"3TVXtAsR1Inumwj472S9r4,3hcs9uc56yIGFCSy9leWe7",Drake|Lil Durk,83626299|6859221,canadian hip hop|canadian pop|hip hop|pop rap|rap|chicago drill|chicago rap|drill|hip hop|rap|trap,96|81,2020-08-14,day,80,2024-01-08
0.672,0.654,1,-4.528,1,0.0966,0.201,0.0,0.1,0.404,78.512,188026,4,2W5cWH1DZ19KFA6n7G1eiK,Matt Hardy 999,188Wx91EDrfn4HnJFEBRO5,"6Xgp2XMz1fhVYe7i6yNAax,4MCBfE4596Uoi2O4DtmEMz",Trippie Redd|Juice WRLD,9249721|32077469,melodic rap|rap|trap|chicago rap|melodic rap|rap,80|87,2021-08-20,day,68,2024-01-08
0.641,0.755,4,-3.621,0,0.113,0.0162,0.0,0.0849,0.603,154.829,161027,4,3uhj2cu8D8fPVItsLbCIsj,Super Cell,188Wx91EDrfn4HnJFEBRO5,6Xgp2XMz1fhVYe7i6yNAax,Trippie Redd,9249721,melodic rap|rap|trap,80,2021-08-20,day,56,2024-01-08
0.585,0.765,10,-5.575,0,0.0589,0.0644,0.0,0.148,0.18,145.155,241655,4,2MyQK6cKu9IAzNXiBm7TD0,"CHOPPA SHOOT THE LOUDEST (with Chief Keef, feat.Trippie Redd)",188Wx91EDrfn4HnJFEBRO5,"4Ga1P7PMIsmqEZqhYZQgDo,15iVAtD3s3FsQR4w1v6M0P,6Xgp2XMz1fhVYe7i6yNAax",Lil Tecca|Chief Keef|Trippie Redd,6789664|4403558|9249721,melodic rap|pluggnb|rap|chicago bop|chicago drill|chicago rap|drill|hip hop|rap|southern hip hop|trap|melodic rap|rap|trap,80|75|80,2021-08-27,day,56,2024-01-08
0.718,0.684,11,-5.16,0,0.248,0.0182,0.0,0.233,0.856,146.084,159452,4,4xolssBs118ExHCWXio9YX,Demon Time,188Wx91EDrfn4HnJFEBRO5,"6Xgp2XMz1fhVYe7i6yNAax,2rhFzFmezpnW82MNqEKVry",Trippie Redd|Ski Mask The Slump God,9249721|5634073,melodic rap|rap|trap|hip hop|miami hip hop|pop rap|rap|trap|underground hip hop,80|72,2021-08-20,day,63,2024-01-08
0.823,0.572,6,-6.067,0,0.0865,0.0079,0.0,0.113,0.568,141.996,175954,4,0axBgt9y0GvMCLuRl2xBKG,1400 / 999 Freestyle (feat. Juice WRLD),188Wx91EDrfn4HnJFEBRO5,"6Xgp2XMz1fhVYe7i6yNAax,4MCBfE4596Uoi2O4DtmEMz",Trippie Redd|Juice WRLD,9249721|32077469,melodic rap|rap|trap|chicago rap|melodic rap|rap,80|87,2018-11-09,day,76,2024-01-08
0.904,0.723,11,-5.224,0,0.26,0.0631,0.0,0.185,0.835,145.013,227478,4,0ZLuW8uOXdFNWcI40C0OC2,"Whats Poppin (feat. DaBaby, Tory Lanez & Lil Wayne) [Remix] - Bonus Track",188Wx91EDrfn4HnJFEBRO5,"2LIk90788K0zvyj2JJVwkJ,2jku7tDXc6XoB6MO2hFuqg,4r63FhuTkUYltbVAg5TQnk,55Aa2cqylxrFIXC767Z865",Jack Harlow|Tory Lanez|DaBaby|Lil Wayne,3376624|6302994|11554890|14232381,deep underground hip hop|kentucky hip hop|pop rap|rap|canadian hip hop|canadian trap|melodic rap|pop rap|r&b|rap|trap|hip hop|north carolina hip hop|pop rap|rap|trap|hip hop|new orleans rap|pop rap|rap|trap,84|80|78|85,2020-12-11,day,71,2024-01-08
0.945,0.582,11,-8.357,0,0.0719,0.114,0.0,0.103,0.907,108.025,168906,4,57VeLYXrvNxe8Vs18K2M9W,Way Out (feat. Big Sean),188Wx91EDrfn4HnJFEBRO5,"2LIk90788K0zvyj2JJVwkJ,0c173mlxpT3dSFRgMO8XPh",Jack Harlow|Big Sean,3376624|11115824,deep underground hip hop|kentucky hip hop|pop rap|rap|detroit hip hop|hip hop|pop rap|r&b|rap|trap,84|75,2020-12-11,day,69,2024-01-08
0.899,0.691,0,-7.554,1,0.0497,0.18,0.000451,0.135,0.865,107.951,125302,4,2aWVaW1p2kUc5yuKwBmRJi,I WANNA SEE SOME ASS (feat. jetsonmade),188Wx91EDrfn4HnJFEBRO5,"2LIk90788K0zvyj2JJVwkJ,0UcXjTpzt0DmIwPSNwlJfF",Jack Harlow|jetsonmade,3376624|29468,deep underground hip hop|kentucky hip hop|pop rap|rap|,84|53,2020-03-13,day,73,2024-01-08
0.923,0.533,5,-5.627,0,0.0883,0.0474,4.12e-06,0.0925,0.689,97.958,187267,4,2ihL1KGMA0geIqGT5pkZzo,WARSAW (feat. 2forwOyNE),188Wx91EDrfn4HnJFEBRO5,"2LIk90788K0zvyj2JJVwkJ,1TQKggQGVxtU2n5xDTTti5",Jack Harlow|2forwOyNE,3376624|2900,deep underground hip hop|kentucky hip hop|pop rap|rap|kentucky hip hop,84|39,2019-09-20,day,58,2024-01-08
0.924,0.73,11,-6.125,0,0.274,0.0525,0.0,0.113,0.848,99.01,236666,4,7zl7kehxesNEo2pYkKXTSe,Killer (feat. Jack Harlow & Cordae) - Remix,188Wx91EDrfn4HnJFEBRO5,"7dGJo4pcD2V6oG8kP0tJRR,2LIk90788K0zvyj2JJVwkJ,0huGjMyP507tBCARyzSkrv",Eminem|Jack Harlow|Cordae,80373039|3376624|1998189,detroit hip hop|hip hop|rap|deep underground hip hop|kentucky hip hop|pop rap|rap|hip hop|pop rap|rap|trap|underground hip hop,90|84|66,2021-05-28,day,70,2024-01-08
0.785,0.903,2,-4.184,1,0.21,0.258,0.0,0.169,0.565,139.98,193234,4,29TPjc8wxfz4XMn21O7VsZ,Sky,188Wx91EDrfn4HnJFEBRO5,699OTQXzgjhIYAHMy9RyPD,Playboi Carti,9643234,atl hip hop|plugg|pluggnb|rage rap|rap,84,2020-12-25,day,85,2024-01-08
0.684,0.693,4,-6.651,0,0.0339,0.00534,0.0,0.506,0.108,134.988,135122,4,1BpKJw4RZxaFB88NE5uxXf,ILoveUIHateU,188Wx91EDrfn4HnJFEBRO5,699OTQXzgjhIYAHMy9RyPD,Playboi Carti,9643234,atl hip hop|plugg|pluggnb|rage rap|rap,84,2020-12-25,day,80,2024-01-08
0.622,0.946,7,-3.593,0,0.0534,0.044,0.0,0.0838,0.336,130.07,166234,4,08dz3ygXyFur6bL7Au8u8J,Over,188Wx91EDrfn4HnJFEBRO5,699OTQXzgjhIYAHMy9RyPD,Playboi Carti,9643234,atl hip hop|plugg|pluggnb|rage rap|rap,84,2020-12-25,day,71,2024-01-08
0.733,0.703,11,-6.451,1,0.0906,0.205,1.62e-05,0.158,0.0966,141.047,204437,4,1xVVYE1ahLotRpppJViVzs,F33l Lik3 Dyin,188Wx91EDrfn4HnJFEBRO5,699OTQXzgjhIYAHMy9RyPD,Playboi Carti,9643234,atl hip hop|plugg|pluggnb|rage rap|rap,84,2020-12-25,day,62,2024-01-08
0.673,0.649,1,-8.433,0,0.196,0.188,0.0,0.122,0.47,153.075,153800,4,2BJSMvOGABRxokHKB0OI8i,Shoota (feat. Lil Uzi Vert),188Wx91EDrfn4HnJFEBRO5,"699OTQXzgjhIYAHMy9RyPD,4O15NlyKLIASxsJ0PrXPfz",Playboi Carti|Lil Uzi Vert,9643234|16484624,atl hip hop|plugg|pluggnb|rage rap|rap|hip hop|melodic rap|philly rap|rage rap|rap,84|85,2018-05-11,day,80,2024-01-08
0.657,0.668,2,-6.208,1,0.136,0.0273,0.0,0.32,0.227,162.997,206333,4,1s9DTymg5UQrdorZf43JQm,Fell In Luv (feat. Bryson Tiller),188Wx91EDrfn4HnJFEBRO5,"699OTQXzgjhIYAHMy9RyPD,2EMAnMvWE2eb56ToJVfCWs",Playboi Carti|Bryson Tiller,9643234|7802606,atl hip hop|plugg|pluggnb|rage rap|rap|kentucky hip hop|r&b|rap,84|78,2018-05-11,day,78,2024-01-08
0.762,0.705,6,-5.195,0,0.164,0.0906,0.0,0.17,0.264,122.955,142893,4,500l6Cwe40hkPqS7Sf7ufY,Foreign,188Wx91EDrfn4HnJFEBRO5,699OTQXzgjhIYAHMy9RyPD,Playboi Carti,9643234,atl hip hop|plugg|pluggnb|rage rap|rap,84,2018-05-11,day,75,2024-01-08
0.743,0.616,1,-6.285,1,0.181,0.0635,0.0,0.111,0.4,150.859,149760,4,1oNcc2isuz7d3hc1fMoHqj,Mileage (feat. Chief Keef),188Wx91EDrfn4HnJFEBRO5,"699OTQXzgjhIYAHMy9RyPD,15iVAtD3s3FsQR4w1v6M0P",Playboi Carti|Chief Keef,9643234|4403558,atl hip hop|plugg|pluggnb|rage rap|rap|chicago bop|chicago drill|chicago rap|drill|hip hop|rap|southern hip hop|trap,84|75,2018-05-11,day,65,2024-01-08
0.755,0.552,9,-5.604,1,0.288,0.0967,0.0,0.158,0.402,153.157,193973,4,5nayhWICkQGMTkisxVMbRw,FlatBed Freestyle,188Wx91EDrfn4HnJFEBRO5,699OTQXzgjhIYAHMy9RyPD,Playboi Carti,9643234,atl hip hop|plugg|pluggnb|rage rap|rap,84,2018-05-11,day,70,2024-01-08
0.943,0.763,5,-5.568,0,0.158,0.0175,1.8e-05,0.114,0.225,139.969,219453,4,5pHJv0bgNsT9nPoK2BjNBn,No Time (feat. Gunna),188Wx91EDrfn4HnJFEBRO5,"699OTQXzgjhIYAHMy9RyPD,2hlmm7s2ICUX0LVIhVFlZQ",Playboi Carti|Gunna,9643234|6520604,atl hip hop|plugg|pluggnb|rage rap|rap|atl hip hop|melodic rap|rap|trap,84|84,2018-05-11,day,65,2024-01-08
0.899,0.496,7,-4.691,1,0.33,0.136,0.0,0.139,0.145,127.046,227044,4,2TdZdeKIDMqi1B3139W4Wb,Half & Half,188Wx91EDrfn4HnJFEBRO5,699OTQXzgjhIYAHMy9RyPD,Playboi Carti,9643234,atl hip hop|plugg|pluggnb|rage rap|rap,84,2017-04-14,day,62,2024-01-08
0.876,0.492,11,-8.11,0,0.153,0.0136,0.000283,0.0678,0.4,151.044,166799,4,5UusfWUMMLEXLMc1ViNZoe,@ MEH,188Wx91EDrfn4HnJFEBRO5,699OTQXzgjhIYAHMy9RyPD,Playboi Carti,9643234,atl hip hop|plugg|pluggnb|rage rap|rap,84,2020-04-16,day,63,2024-01-08
0.829,0.343,2,-4.937,0,0.102,0.00734,0.0,0.179,0.312,78.035,135431,4,59fFsGRwFiuhxKDPc1k6xW,Opp Stoppa (feat. 21 Savage),188Wx91EDrfn4HnJFEBRO5,"3gGUMEwIX6XodWsYEvKSal,1URnnhqYAYcrqrcwql10ft",YBN Nahmir|21 Savage,2997482|16213669,alabama rap|rap|trap|atl hip hop|hip hop|rap,61|89,2021-01-22,day,64,2024-01-08
0.647,0.667,5,-5.563,1,0.304,0.231,0.0,0.133,0.704,172.08,193839,4,4Q34FP1AT7GEl9oLgNtiWj,Mr. Right Now (feat. Drake),188Wx91EDrfn4HnJFEBRO5,"1URnnhqYAYcrqrcwql10ft,0iEtIxbK0KxaSlF7G42ZOp,3TVXtAsR1Inumwj472S9r4",21 Savage|Metro Boomin|Drake,16213669|6641993|83626299,atl hip hop|hip hop|rap|rap|canadian hip hop|canadian pop|hip hop|pop rap|rap,89|87|96,2020-10-02,day,74,2024-01-08
0.774,0.706,2,-6.494,1,0.355,0.00163,1.28e-06,0.104,0.382,152.891,185037,4,7fxSLnklnayJNBIKntXedZ,Slidin,188Wx91EDrfn4HnJFEBRO5,"1URnnhqYAYcrqrcwql10ft,0iEtIxbK0KxaSlF7G42ZOp",21 Savage|Metro Boomin,16213669|6641993,atl hip hop|hip hop|rap|rap,89|87,2020-10-02,day,72,2024-01-08
0.831,0.532,0,-5.319,0,0.301,0.0652,0.0,0.464,0.364,140.105,181716,4,42Tohunwlh34o0mgxYx5iq,My Dawg,188Wx91EDrfn4HnJFEBRO5,"1URnnhqYAYcrqrcwql10ft,0iEtIxbK0KxaSlF7G42ZOp",21 Savage|Metro Boomin,16213669|6641993,atl hip hop|hip hop|rap|rap,89|87,2020-10-02,day,63,2024-01-08
0.775,0.566,11,-6.661,1,0.283,0.0381,0.000341,0.127,0.479,160.351,231831,4,11XegnWeJHBDtj9IsNwngu,Said N Done,188Wx91EDrfn4HnJFEBRO5,"1URnnhqYAYcrqrcwql10ft,0iEtIxbK0KxaSlF7G42ZOp",21 Savage|Metro Boomin,16213669|6641993,atl hip hop|hip hop|rap|rap,89|87,2020-10-02,day,65,2024-01-08
0.884,0.347,8,-8.227,0,0.35,0.015,7e-06,0.0871,0.376,75.016,220307,4,5eqK0tbzUPo2SoeZsov04s,Bank Account,188Wx91EDrfn4HnJFEBRO5,1URnnhqYAYcrqrcwql10ft,21 Savage,16213669,atl hip hop|hip hop|rap,89,2017-07-06,day,79,2024-01-08
0.713,0.62,0,-4.513,1,0.0422,0.171,1.16e-06,0.118,0.206,130.09,211785,4,0lf7CfXZnvX7LnqL2q8FNB,all my friends,188Wx91EDrfn4HnJFEBRO5,1URnnhqYAYcrqrcwql10ft,21 Savage,16213669,atl hip hop|hip hop|rap,89,2018-12-24,day,50,2024-01-08
0.839,0.436,5,-11.344,0,0.285,0.0438,2.7e-06,0.131,0.464,82.009,271307,4,0G149jkGWKwrPXUGkEDgWM,Numb,188Wx91EDrfn4HnJFEBRO5,1URnnhqYAYcrqrcwql10ft,21 Savage,16213669,atl hip hop|hip hop|rap,89,2017-07-06,day,59,2024-01-08
0.96,0.55,5,-8.012,0,0.197,0.0187,0.0,0.112,0.798,130.022,191360,4,5j8sYRvWdZM8TgVJXYad1B,pad lock,188Wx91EDrfn4HnJFEBRO5,1URnnhqYAYcrqrcwql10ft,21 Savage,16213669,atl hip hop|hip hop|rap,89,2018-12-24,day,49,2024-01-08
0.876,0.733,10,-4.478,0,0.333,0.0208,0.0,0.0999,0.962,154.904,148630,4,6klLvorLoo1sxvZcjJIY8I,Make No Sense,188Wx91EDrfn4HnJFEBRO5,7wlFDEWiM5OoIAt8RSli8b,YoungBoy Never Broke Again,12248282,baton rouge rap|rap,82,2019-10-11,day,78,2024-01-08
0.657,0.496,5,-7.346,1,0.0889,0.213,0.0,0.12,0.352,146.061,157845,4,2f2WskmLwsLtGkjntD8NG7,No Where,188Wx91EDrfn4HnJFEBRO5,7wlFDEWiM5OoIAt8RSli8b,YoungBoy Never Broke Again,12248282,baton rouge rap|rap,82,2021-10-05,day,63,2024-01-08
0.739,0.637,4,-5.79,0,0.44,0.232,0.0,0.634,0.513,164.91,128414,4,3eeyKNIBrt5TH4y0y3QkOu,Hot Now,188Wx91EDrfn4HnJFEBRO5,7wlFDEWiM5OoIAt8RSli8b,YoungBoy Never Broke Again,12248282,baton rouge rap|rap,82,2019-10-11,day,65,2024-01-08
0.637,0.801,9,-4.356,0,0.321,0.308,0.0,0.154,0.486,169.984,181666,4,2m9axSosHP92250FvnnobM,Slime Mentality,188Wx91EDrfn4HnJFEBRO5,7wlFDEWiM5OoIAt8RSli8b,YoungBoy Never Broke Again,12248282,baton rouge rap|rap,82,2019-10-11,day,59,2024-01-08
0.778,0.662,8,-6.081,0,0.308,0.187,0.0,0.116,0.571,149.935,192000,4,7IECs9d4Rrlpa7tiHOCE1w,My Window (feat. Lil Wayne),188Wx91EDrfn4HnJFEBRO5,"7wlFDEWiM5OoIAt8RSli8b,55Aa2cqylxrFIXC767Z865",YoungBoy Never Broke Again|Lil Wayne,12248282|14232381,baton rouge rap|rap|hip hop|new orleans rap|pop rap|rap|trap,82|85,2020-09-11,day,60,2024-01-08
0.877,0.607,10,-7.818,0,0.15,0.535,0.0,0.138,0.773,127.055,151249,4,1SF8piqsZWn86DajVKih8F,Kacey Talk,188Wx91EDrfn4HnJFEBRO5,7wlFDEWiM5OoIAt8RSli8b,YoungBoy Never Broke Again,12248282,baton rouge rap|rap,82,2020-09-11,day,69,2024-01-08
0.614,0.953,2,-4.162,1,0.0688,0.119,0.0,0.331,0.593,154.969,192200,4,1vux5TJpXtc7tbjA1YODpp,Capo,188Wx91EDrfn4HnJFEBRO5,0ErzCpIMyLcjPiwT4elrtZ,NLE Choppa,7400887,memphis hip hop|rap,79,2022-01-13,day,77,2024-01-08
0.787,0.713,7,-5.252,1,0.401,0.0849,0.0,0.717,0.761,175.046,148759,4,44sYqNBttbXNxya33FJ3Dj,Camelot,188Wx91EDrfn4HnJFEBRO5,0ErzCpIMyLcjPiwT4elrtZ,NLE Choppa,7400887,memphis hip hop|rap,79,2020-08-10,day,77,2024-01-08
0.894,0.511,2,-4.768,1,0.421,0.0251,0.0,0.14,0.567,120.077,176632,4,5BJMeoCXXgbRAWfp6fTulr,Shotta Flow (feat. Blueface) [Remix],188Wx91EDrfn4HnJFEBRO5,"0ErzCpIMyLcjPiwT4elrtZ,3Fl1V19tmjt57oBdxXKAjJ",NLE Choppa|Blueface,7400887|6560895,memphis hip hop|rap|cali rap|rap,79|66,2019-12-23,day,75,2024-01-08
0.732,0.627,4,-5.693,0,0.161,0.346,0.0,0.261,0.332,81.481,135460,4,35Xf2ABjPzUXKz19akd7Jj,Famous Hoes,188Wx91EDrfn4HnJFEBRO5,0ErzCpIMyLcjPiwT4elrtZ,NLE Choppa,7400887,memphis hip hop|rap,79,2019-12-10,day,69,2024-01-08
0.558,0.845,7,-4.538,0,0.132,0.107,0.0,0.298,0.477,155.019,189329,4,7rCkplCLndHSFsBDLd7e5Q,Man Down,188Wx91EDrfn4HnJFEBRO5,0ErzCpIMyLcjPiwT4elrtZ,NLE Choppa,7400887,memphis hip hop|rap,79,2020-11-01,day,34,2024-01-08
0.506,0.593,8,-7.029,1,0.293,0.0182,0.0,0.214,0.414,170.92,148076,4,6TuyeXrbIyXMLBRhxJ9q8d,Side,188Wx91EDrfn4HnJFEBRO5,0ErzCpIMyLcjPiwT4elrtZ,NLE Choppa,7400887,memphis hip hop|rap,79,2019-12-23,day,42,2024-01-08
0.739,0.784,1,-4.462,1,0.266,0.0454,0.0,0.112,0.391,129.97,154273,4,39UBPbii4mLlSz5mWcmWh4,Untold,188Wx91EDrfn4HnJFEBRO5,0ErzCpIMyLcjPiwT4elrtZ,NLE Choppa,7400887,memphis hip hop|rap,79,2019-12-23,day,42,2024-01-08
0.681,0.63,1,-5.585,1,0.0385,0.00383,0.0,0.139,0.183,151.951,161053,4,3T9BKc4kB7ukeNQrCqv6ZV,Sharing Locations (feat. Lil Baby & Lil Durk),188Wx91EDrfn4HnJFEBRO5,"20sxb77xiYeusSH8cVdatc,3hcs9uc56yIGFCSy9leWe7,5f7VJjfbwm532GiveGC0ZK",Meek Mill|Lil Durk|Lil Baby,7704881|6859221|16366093,hip hop|philly rap|pop rap|rap|southern hip hop|trap|chicago drill|chicago rap|drill|hip hop|rap|trap|atl hip hop|atl trap|rap|trap,73|81|86,2021-10-01,day,62,2024-01-08
0.748,0.591,2,-6.234,0,0.331,0.152,0.0,0.64,0.192,74.958,230400,4,2kdhiombBoiHjvSKG3EI0m,Blue Notes 2 (feat. Lil Uzi Vert),188Wx91EDrfn4HnJFEBRO5,"20sxb77xiYeusSH8cVdatc,4O15NlyKLIASxsJ0PrXPfz",Meek Mill|Lil Uzi Vert,7704881|16484624,hip hop|philly rap|pop rap|rap|southern hip hop|trap|hip hop|melodic rap|philly rap|rage rap|rap,73|85,2021-10-01,day,50,2024-01-08
0.765,0.553,11,-7.116,0,0.358,0.00822,0.0,0.206,0.565,154.971,184258,4,4VcPtoOpK3oBMDZJ9Ptp9f,No Auto Durk,188Wx91EDrfn4HnJFEBRO5,"3IaKn0ExWTMPqa0mscUYw3,3hcs9uc56yIGFCSy9leWe7",Only The Family|Lil Durk,429149|6859221,chicago rap|chicago drill|chicago rap|drill|hip hop|rap|trap,64|81,2018-12-21,day,72,2024-01-08
0.736,0.887,1,-4.159,0,0.124,0.218,0.0,0.101,0.495,100.501,186283,3,61FfbHfk4qT8ZzNA5dqN9j,Finesse Out The Gang Way (feat. Lil Baby),188Wx91EDrfn4HnJFEBRO5,"3hcs9uc56yIGFCSy9leWe7,5f7VJjfbwm532GiveGC0ZK",Lil Durk|Lil Baby,6859221|16366093,chicago drill|chicago rap|drill|hip hop|rap|trap|atl hip hop|atl trap|rap|trap,81|86,2021-01-29,day,63,2024-01-08
0.686,0.385,7,-8.35,0,0.297,0.614,0.0,0.131,0.147,143.07,296568,4,61S79KIVA4I9FXbnsylEHT,In The Bible (with Lil Durk & Giveon),188Wx91EDrfn4HnJFEBRO5,"3TVXtAsR1Inumwj472S9r4,3hcs9uc56yIGFCSy9leWe7,4fxd5Ee7UefO4CUXgwJ7IP",Drake|Lil Durk|Giveon,83626299|6859221|3446916,canadian hip hop|canadian pop|hip hop|pop rap|rap|chicago drill|chicago rap|drill|hip hop|rap|trap|r&b,96|81|76,2021-09-03,day,69,2024-01-08
0.871,0.668,11,-5.898,0,0.147,0.247,0.0,0.113,0.416,82.578,168727,4,2BvVM8YbaWFqRxxOFii7rx,Gucci Gucci (feat. Gunna),188Wx91EDrfn4HnJFEBRO5,"3hcs9uc56yIGFCSy9leWe7,2hlmm7s2ICUX0LVIhVFlZQ",Lil Durk|Gunna,6859221|6520604,chicago drill|chicago rap|drill|hip hop|rap|trap|atl hip hop|melodic rap|rap|trap,81|84,2020-05-08,day,46,2024-01-08
0.839,0.506,5,-6.714,0,0.133,0.00207,0.0,0.13,0.44,154.12,149610,4,4R67rQNSbbsR4TdUVOIdez,ESCAPE PLAN,188Wx91EDrfn4HnJFEBRO5,0Y5tJX1MQlPlqiwlOH1tJY,Travis Scott,26203362,hip hop|rap|slap house,91,2021-11-05,day,73,2024-01-08
0.598,0.427,7,-8.764,0,0.0317,0.0546,5.83e-06,0.21,0.0605,76.469,175721,4,3eekarcy7kvN4yt5ZFzltW,HIGHEST IN THE ROOM,188Wx91EDrfn4HnJFEBRO5,0Y5tJX1MQlPlqiwlOH1tJY,Travis Scott,26203362,hip hop|rap|slap house,91,2019-10-04,day,85,2024-01-08
0.741,0.645,11,-5.116,0,0.0963,0.192,0.0,0.163,0.488,149.07,231964,4,20MuVazoNMv6xjKPnRFOxG,WAKE UP,188Wx91EDrfn4HnJFEBRO5,0Y5tJX1MQlPlqiwlOH1tJY,Travis Scott,26203362,hip hop|rap|slap house,91,2018-08-03,day,71,2024-01-08
0.712,0.481,4,-5.415,0,0.0487,0.173,0.0,0.241,0.062,140.0,196138,4,11kDth1aKUEUMq9r1pqyds,5% TINT,188Wx91EDrfn4HnJFEBRO5,0Y5tJX1MQlPlqiwlOH1tJY,Travis Scott,26203362,hip hop|rap|slap house,91,2018-08-03,day,82,2024-01-08
0.859,0.77,8,-5.358,0,0.345,0.0056,0.0,0.0731,0.348,155.025,207394,4,6qUabsNxudatEFedWGHoDh,"FRANCHISE (feat. Future, Young Thug & M.I.A.) - REMIX",188Wx91EDrfn4HnJFEBRO5,"0Y5tJX1MQlPlqiwlOH1tJY,1RyvyyTE3xzB2ZywiAwp0i,50co4Is1HCEo8bhOyUWKpn,0QJIPDAEDILuo8AIq3pMuU",Travis Scott|Future|Young Thug|M.I.A.,26203362|15692678|9355686|1288385,hip hop|rap|slap house|atl hip hop|hip hop|rap|southern hip hop|trap|atl hip hop|atl trap|gangster rap|melodic rap|rap|trap|escape room|indietronica|new rave,91|88|83|66,2020-10-07,day,62,2024-01-08
0.378,0.817,8,-3.071,0,0.0911,0.151,0.0,0.149,0.257,121.079,256163,4,1pfwOQKJsRRBf6NdYO4Qog,Dark Knight Dummo (feat. Travis Scott),188Wx91EDrfn4HnJFEBRO5,"6Xgp2XMz1fhVYe7i6yNAax,0Y5tJX1MQlPlqiwlOH1tJY",Trippie Redd|Travis Scott,9249721|26203362,melodic rap|rap|trap|hip hop|rap|slap house,80|91,2018-08-10,day,74,2024-01-08
0.745,0.686,4,-5.7,0,0.0313,0.528,0.0,0.176,0.437,121.978,363934,4,5Q6DJEgNTiN9xcOQzKmw9F,Kelly Price (feat. Travis Scott),188Wx91EDrfn4HnJFEBRO5,"6oMuImdp5ZcFhWP0ESe6mG,0Y5tJX1MQlPlqiwlOH1tJY",Migos|Travis Scott,13641028|26203362,atl hip hop|hip hop|pop rap|rap|trap|hip hop|rap|slap house,75|91,2017-01-27,day,64,2024-01-08
0.594,0.676,2,-5.808,1,0.344,0.135,0.0,0.163,0.472,143.477,181145,4,40mjsnRjCpycdUw3xhS20g,GATTI,188Wx91EDrfn4HnJFEBRO5,"7A8S43ryYdbWpJKeHRZRcq,0eDvMgVFoNV3TpwtrVCoTj,0Y5tJX1MQlPlqiwlOH1tJY",JACKBOYS|Pop Smoke|Travis Scott,629220|13520053|26203362,pop rap|brooklyn drill|rap|hip hop|rap|slap house,64|79|91,2019-12-27,day,77,2024-01-08
0.769,0.787,11,-3.909,1,0.367,0.189,0.0,0.129,0.836,126.77,159715,4,6Ozh9Ok6h4Oi1wUSLtBseN,BOP,188Wx91EDrfn4HnJFEBRO5,4r63FhuTkUYltbVAg5TQnk,DaBaby,11554890,hip hop|north carolina hip hop|pop rap|rap|trap,78,2019-09-27,day,79,2024-01-08
0.895,0.476,6,-8.505,0,0.272,0.0559,0.0,0.123,0.607,120.068,156115,4,2UMWdssGd4rlT9oSeHUZh0,LEVELS (feat. Kodak Black),188Wx91EDrfn4HnJFEBRO5,"4r63FhuTkUYltbVAg5TQnk,46SHBwWsqBkxI7EeeBEQG7",DaBaby|Kodak Black,11554890|10072386,hip hop|north carolina hip hop|pop rap|rap|trap|florida drill|florida rap|melodic rap|miami hip hop|rap|trap|trap latino,78|80,2021-11-12,day,44,2024-01-08
0.896,0.72,0,-6.262,0,0.355,0.169,0.0,0.252,0.966,140.1,212093,4,1dorm2V2hMTJdrhzSiXgr2,JUMP (feat. YoungBoy Never Broke Again),188Wx91EDrfn4HnJFEBRO5,"4r63FhuTkUYltbVAg5TQnk,7wlFDEWiM5OoIAt8RSli8b",DaBaby|YoungBoy Never Broke Again,11554890|12248282,hip hop|north carolina hip hop|pop rap|rap|trap|baton rouge rap|rap,78|82,2020-08-04,day,38,2024-01-08
0.768,0.652,1,-2.708,0,0.307,0.113,0.0,0.107,0.777,154.187,144935,4,0fySG6A6qLE8IvDpayb5bM,VIBEZ,188Wx91EDrfn4HnJFEBRO5,4r63FhuTkUYltbVAg5TQnk,DaBaby,11554890,hip hop|north carolina hip hop|pop rap|rap|trap,78,2019-09-27,day,70,2024-01-08
0.816,0.582,8,-4.141,1,0.341,0.0794,5.84e-06,0.0916,0.542,160.004,136366,4,2FvD20Z8aoWIePi7PoN8sG,TOES (feat. Lil Baby & Moneybagg Yo),188Wx91EDrfn4HnJFEBRO5,"4r63FhuTkUYltbVAg5TQnk,5f7VJjfbwm532GiveGC0ZK,3tJoFztHeIJkJWMrx0td2f",DaBaby|Lil Baby|Moneybagg Yo,11554890|16366093|4237863,hip hop|north carolina hip hop|pop rap|rap|trap|atl hip hop|atl trap|rap|trap|memphis hip hop|rap|southern hip hop|tennessee hip hop|trap,78|86|74,2019-09-27,day,70,2024-01-08
0.874,0.714,5,-4.946,1,0.233,0.0273,0.0,0.356,0.85,130.046,216678,4,1CCDIow4pPYyJYzhtTUYz2,RAW SHIT (feat. Migos),188Wx91EDrfn4HnJFEBRO5,"4r63FhuTkUYltbVAg5TQnk,6oMuImdp5ZcFhWP0ESe6mG",DaBaby|Migos,11554890|13641028,hip hop|north carolina hip hop|pop rap|rap|trap|atl hip hop|hip hop|pop rap|rap|trap,78|75,2019-09-27,day,54,2024-01-08
0.824,0.824,10,-6.169,0,0.118,0.0497,0.0,0.152,0.644,81.998,172196,4,6l45AMUGFsx0yZ2rxnzrKA,Death (feat. DaBaby),188Wx91EDrfn4HnJFEBRO5,"6Xgp2XMz1fhVYe7i6yNAax,4r63FhuTkUYltbVAg5TQnk",Trippie Redd|DaBaby,9249721|11554890,melodic rap|rap|trap|hip hop|north carolina hip hop|pop rap|rap|trap,80|78,2019-11-22,day,65,2024-01-08
0.876,0.662,2,-6.482,0,0.426,0.0608,0.0,0.127,0.844,75.445,163320,4,2gwkD6igEhQbDQegRCcdoB,Suge,188Wx91EDrfn4HnJFEBRO5,4r63FhuTkUYltbVAg5TQnk,DaBaby,11554890,hip hop|north carolina hip hop|pop rap|rap|trap,78,2019-03-01,day,71,2024-01-08
0.785,0.504,9,-8.482,1,0.475,0.00999,0.0,0.356,0.799,129.937,163627,4,69CQe4ekUZ7txcSfEXYFW9,NO DRIBBLE (with Stunna 4 Vegas),188Wx91EDrfn4HnJFEBRO5,"4r63FhuTkUYltbVAg5TQnk,44IvvHRk2XF243QLA2VOa8",DaBaby|Stunna 4 Vegas,11554890|813292,hip hop|north carolina hip hop|pop rap|rap|trap|north carolina hip hop|trap,78|60,2020-07-27,day,41,2024-01-08
0.769,0.627,7,-4.064,1,0.262,0.394,0.0,0.106,0.49,157.938,164038,4,4KX8vXbouybtUptEyYxtIk,MoshPit (feat. Juice WRLD),188Wx91EDrfn4HnJFEBRO5,"46SHBwWsqBkxI7EeeBEQG7,4MCBfE4596Uoi2O4DtmEMz",Kodak Black|Juice WRLD,10072386|32077469,florida drill|florida rap|melodic rap|miami hip hop|rap|trap|trap latino|chicago rap|melodic rap|rap,80|87,2018-12-14,day,63,2024-01-08
0.666,0.693,1,-3.638,1,0.199,0.047,0.0,0.115,0.132,159.972,219754,4,16dXg2YuFOxwDC3cTf5jde,Conscience (feat. Future),188Wx91EDrfn4HnJFEBRO5,"46SHBwWsqBkxI7EeeBEQG7,1RyvyyTE3xzB2ZywiAwp0i",Kodak Black|Future,10072386|15692678,florida drill|florida rap|melodic rap|miami hip hop|rap|trap|trap latino|atl hip hop|hip hop|rap|southern hip hop|trap,80|88,2017-03-31,day,53,2024-01-08
0.952,0.29,8,-11.459,1,0.428,0.074,0.0,0.107,0.394,130.083,163385,4,4N7i6RfJXMWfkx9Zr6pzkJ,E-ER (feat. Lil Yachty),188Wx91EDrfn4HnJFEBRO5,"1m7LSAMIB1BErIHYSOn32W,2rhFzFmezpnW82MNqEKVry,4e5oZygHeeRoTXc00gYWiu,6icQOAFXDZKsumw3YXyusw",DJ Scheme|Ski Mask The Slump God|Danny Towers|Lil Yachty,264976|5634073|45481|9554683,viral rap|hip hop|miami hip hop|pop rap|rap|trap|underground hip hop||atl hip hop|melodic rap|rap|trap,60|72|56|78,2020-12-04,day,73,2024-01-08
0.884,0.445,1,-10.58,0,0.418,0.222,0.0,0.112,0.851,125.008,138427,4,5hwUsRKvnO5yThjVrxHQVt,Unbothered,188Wx91EDrfn4HnJFEBRO5,2rhFzFmezpnW82MNqEKVry,Ski Mask The Slump God,5634073,hip hop|miami hip hop|pop rap|rap|trap|underground hip hop,72,2018-11-30,day,77,2024-01-08
0.897,0.685,8,-5.6,1,0.351,0.0106,0.0,0.0325,0.567,83.51,153173,4,4nFAUqFou9ZbWNho3jeY1h,Dr. Suess,188Wx91EDrfn4HnJFEBRO5,2rhFzFmezpnW82MNqEKVry,Ski Mask The Slump God,5634073,hip hop|miami hip hop|pop rap|rap|trap|underground hip hop,72,2021-06-25,day,59,2024-01-08
0.915,0.645,8,-7.067,0,0.343,0.0478,0.0,0.139,0.593,142.902,130507,4,0DbO2UQHQvlcwMppuvmTpI,The Matrix,188Wx91EDrfn4HnJFEBRO5,2rhFzFmezpnW82MNqEKVry,Ski Mask The Slump God,5634073,hip hop|miami hip hop|pop rap|rap|trap|underground hip hop,72,2021-06-25,day,64,2024-01-08
0.881,0.623,1,-9.662,1,0.119,0.257,1.5e-06,0.0964,0.745,88.953,129547,4,3EikYy40GMSp8l5mDV6IQo,Foot Fungus,188Wx91EDrfn4HnJFEBRO5,2rhFzFmezpnW82MNqEKVry,Ski Mask The Slump God,5634073,hip hop|miami hip hop|pop rap|rap|trap|underground hip hop,72,2018-11-30,day,69,2024-01-08
0.926,0.444,1,-9.024,1,0.254,0.206,0.0,0.124,0.389,140.085,236587,4,6RiMRVxOiEYd4QSu1cxrls,Far Gone (feat. Lil Baby),188Wx91EDrfn4HnJFEBRO5,"2rhFzFmezpnW82MNqEKVry,5f7VJjfbwm532GiveGC0ZK",Ski Mask The Slump God|Lil Baby,5634073|16366093,hip hop|miami hip hop|pop rap|rap|trap|underground hip hop|atl hip hop|atl trap|rap|trap,72|86,2018-11-30,day,48,2024-01-08
0.862,0.521,8,-10.355,1,0.447,0.0466,5e-05,0.119,0.373,154.983,167040,4,3clpchqQ6A3p8jjPgKdhk0,Cat Piss (feat. Lil Yachty),188Wx91EDrfn4HnJFEBRO5,"2rhFzFmezpnW82MNqEKVry,6icQOAFXDZKsumw3YXyusw",Ski Mask The Slump God|Lil Yachty,5634073|9554683,hip hop|miami hip hop|pop rap|rap|trap|underground hip hop|atl hip hop|melodic rap|rap|trap,72|78,2018-11-30,day,54,2024-01-08
0.8,0.591,6,-8.808,1,0.271,0.111,0.0,0.429,0.747,117.003,210387,4,2gQYziDV5cSTRSqr6akzi5,Take A Step Back,188Wx91EDrfn4HnJFEBRO5,"2rhFzFmezpnW82MNqEKVry,15UsOTVnJzReFVN1VCnxy4",Ski Mask The Slump God|XXXTENTACION,5634073|43791982,hip hop|miami hip hop|pop rap|rap|trap|underground hip hop|emo rap|miami hip hop|rap,72|85,2018-02-02,day,73,2024-01-08
0.721,0.521,11,-9.687,0,0.349,0.169,1.08e-06,0.115,0.39,157.965,227918,4,2yQmSLH9Ni6Wif3fR8xHFR,"NEW BUGATTI (feat. Ski Mask The Slump God, Chief Keef, DJ Scheme)",188Wx91EDrfn4HnJFEBRO5,"3EIX8WuD9ybB4ruz0MSilB,2rhFzFmezpnW82MNqEKVry,15iVAtD3s3FsQR4w1v6M0P,1m7LSAMIB1BErIHYSOn32W",Lil Gnar|Ski Mask The Slump God|Chief Keef|DJ Scheme,588030|5634073|4403558|264976,atl hip hop|melodic rap|hip hop|miami hip hop|pop rap|rap|trap|underground hip hop|chicago bop|chicago drill|chicago rap|drill|hip hop|rap|southern hip hop|trap|viral rap,52|72|75|60,2021-05-14,day,50,2024-01-08
0.769,0.807,11,-2.966,1,0.306,0.0515,0.0,0.111,0.364,82.422,139845,4,6K2anECyrckidwf5wxS78Q,NBAYOUNGBOAT,188Wx91EDrfn4HnJFEBRO5,"6icQOAFXDZKsumw3YXyusw,7wlFDEWiM5OoIAt8RSli8b",Lil Yachty|YoungBoy Never Broke Again,9554683|12248282,atl hip hop|melodic rap|rap|trap|baton rouge rap|rap,78|82,2018-03-09,day,73,2024-01-08
0.677,0.642,8,-7.887,0,0.0867,0.0949,0.0,0.34,0.575,144.02,160000,4,1LjuHrjwyo7d5rh3W1XO5V,Solid (feat. SoFaygo),188Wx91EDrfn4HnJFEBRO5,"6icQOAFXDZKsumw3YXyusw,2SJhf6rTOU53g8yBdAjPby",Lil Yachty|SoFaygo,9554683|704206,atl hip hop|melodic rap|rap|trap|glitchcore|plugg|rage rap,78|61,2021-08-23,day,45,2024-01-08
0.886,0.303,10,-11.199,1,0.792,0.521,0.0,0.169,0.322,127.981,168439,4,1Wc1SQwiThvSu9dMc5opth,SaintLaurentYSL (feat. Lil Baby),188Wx91EDrfn4HnJFEBRO5,"6icQOAFXDZKsumw3YXyusw,5f7VJjfbwm532GiveGC0ZK",Lil Yachty|Lil Baby,9554683|16366093,atl hip hop|melodic rap|rap|trap|atl hip hop|atl trap|rap|trap,78|86,2018-10-19,day,51,2024-01-08
0.742,0.844,2,-4.622,1,0.0479,0.000634,0.0,0.0659,0.416,131.986,293840,4,1h6kgem1ai8vUgO1rZOwfB,I Don't Like,188Wx91EDrfn4HnJFEBRO5,"15iVAtD3s3FsQR4w1v6M0P,1bPxKZtCdjB1aj1csBJpdS",Chief Keef|Lil Reese,4403558|376186,chicago bop|chicago drill|chicago rap|drill|hip hop|rap|southern hip hop|trap|chicago bop|chicago drill|chicago rap|drill,75|58,2012-01-01,day,79,2024-01-08
0.538,0.817,1,-4.847,1,0.0525,0.161,0.0,0.341,0.449,139.988,213290,4,6ptNBM3aWWACAQqC4rgkmp,Save That Shit,188Wx91EDrfn4HnJFEBRO5,"15iVAtD3s3FsQR4w1v6M0P,6GMYJwaziB4ekv1Y6wCDWS",Chief Keef|Soulja Boy,4403558|1945228,chicago bop|chicago drill|chicago rap|drill|hip hop|rap|southern hip hop|trap|atl hip hop|chicago bop|dance pop|pop rap|rap|southern hip hop|trap,75|67,2012-03-14,day,69,2024-01-08
0.656,0.612,6,-5.415,0,0.225,0.0094,0.0,0.146,0.626,132.072,283653,4,2rJvc7nSYWBKAuNUMx1Cr2,Don't Like.1,188Wx91EDrfn4HnJFEBRO5,"5K4W6rqBFWDnAN6FQUkS6x,15iVAtD3s3FsQR4w1v6M0P,0ONHkAv9pCAFxb0zJwDNTy,0c173mlxpT3dSFRgMO8XPh,5pnbUBPifNnlusY8kTBivi",Kanye West|Chief Keef|Pusha T|Big Sean|Jadakiss,22986248|4403558|2882949|11115824|1165269,chicago rap|hip hop|rap|chicago bop|chicago drill|chicago rap|drill|hip hop|rap|southern hip hop|trap|gangster rap|hip hop|pop rap|rap|southern hip hop|trap|virginia hip hop|detroit hip hop|hip hop|pop rap|r&b|rap|trap|battle rap|east coast hip hop|trap,91|75|72|75|63,2012-01-01,day,66,2024-01-08
0.708,0.459,7,-10.627,0,0.155,0.0478,0.0,0.352,0.57,73.97,201363,4,2LvbYwfsRvGYnRytG573iW,Luigi (feat. Chief Keef),188Wx91EDrfn4HnJFEBRO5,"4mkjpWbFO45SyaHiM9GOVE,15iVAtD3s3FsQR4w1v6M0P",2KBABY|Chief Keef,413794|4403558,kentucky hip hop|chicago bop|chicago drill|chicago rap|drill|hip hop|rap|southern hip hop|trap,50|75,2021-10-22,day,37,2024-01-08
0.728,0.836,11,-6.577,0,0.266,0.0537,0.0,0.442,0.529,129.932,227120,4,1AR6VrButtOFNqS9ck6Wam,Laughin' To The Bank,188Wx91EDrfn4HnJFEBRO5,15iVAtD3s3FsQR4w1v6M0P,Chief Keef,4403558,chicago bop|chicago drill|chicago rap|drill|hip hop|rap|southern hip hop|trap,75,2012-01-01,day,62,2024-01-08
0.714,0.611,1,-6.702,0,0.24,0.314,0.0,0.117,0.793,140.056,195429,4,6daconu258hc5a7TlCjBlB,Bouncin,188Wx91EDrfn4HnJFEBRO5,15iVAtD3s3FsQR4w1v6M0P,Chief Keef,4403558,chicago bop|chicago drill|chicago rap|drill|hip hop|rap|southern hip hop|trap,75,2015-09-18,day,51,2024-01-08
0.696,0.688,3,-5.002,1,0.0419,0.0451,0.0,0.363,0.266,122.026,208707,4,4NVyCPbCkbmMEESIErpRXq,3Hunna,188Wx91EDrfn4HnJFEBRO5,"15iVAtD3s3FsQR4w1v6M0P,1sBkRIssrMs1AbVkOJbc7a",Chief Keef|Rick Ross,4403558|7103142,chicago bop|chicago drill|chicago rap|drill|hip hop|rap|southern hip hop|trap|dirty south rap|gangster rap|hip hop|rap|southern hip hop|trap,75|76,2012-01-01,day,57,2024-01-08
0.871,0.479,7,-8.468,1,0.471,0.401,1.58e-05,0.0928,0.559,142.063,138800,4,7GUMqIKEU9Whg5VVUlqeuh,Lil Big Bro Shit (feat. Sleepy Hallow),188Wx91EDrfn4HnJFEBRO5,"1tG7s7S4sq2eFFW0QZyLbm,6EPlBSH2RSiettczlz7ihV",Sheff G|Sleepy Hallow,989829|1724554,brooklyn drill|new york drill|nyc rap|brooklyn drill|nyc rap,67|75,2020-05-15,day,48,2024-01-08
0.94,0.422,2,-4.317,1,0.36,0.646,1.3e-06,0.16,0.13,133.986,129189,4,2Aluo82liQMUHTUwpB3oen,The Lefts (feat. Young AP),188Wx91EDrfn4HnJFEBRO5,"1tG7s7S4sq2eFFW0QZyLbm,6Ve0Q3Gye7YD0C9DWR0EUe",Sheff G|Young Ap,989829|148,brooklyn drill|new york drill|nyc rap|,67|22,2020-05-15,day,43,2024-01-08
0.82,0.446,3,-7.797,1,0.147,0.821,0.0,0.104,0.626,131.07,102800,4,5kNrhABkAowO87oF0EHDPv,Moody,188Wx91EDrfn4HnJFEBRO5,1tG7s7S4sq2eFFW0QZyLbm,Sheff G,989829,brooklyn drill|new york drill|nyc rap,67,2020-05-15,day,56,2024-01-08
0.823,0.586,6,-6.606,0,0.2,0.114,0.0,0.193,0.347,125.971,190476,4,0PvFJmanyNQMseIFrU708S,For The Night (feat. Lil Baby & DaBaby),188Wx91EDrfn4HnJFEBRO5,"0eDvMgVFoNV3TpwtrVCoTj,5f7VJjfbwm532GiveGC0ZK,4r63FhuTkUYltbVAg5TQnk",Pop Smoke|Lil Baby|DaBaby,13520053|16366093|11554890,brooklyn drill|rap|atl hip hop|atl trap|rap|trap|hip hop|north carolina hip hop|pop rap|rap|trap,79|86|78,2020-07-03,day,80,2024-01-08
0.548,0.805,7,-5.732,1,0.351,0.212,0.000389,0.408,0.648,142.094,216387,4,79s5XnCN4TJKTVMSmOx8Ep,Dior,188Wx91EDrfn4HnJFEBRO5,0eDvMgVFoNV3TpwtrVCoTj,Pop Smoke,13520053,brooklyn drill|rap,79,2019-07-26,day,83,2024-01-08
0.662,0.686,7,-8.302,1,0.332,0.251,5.59e-06,0.349,0.678,143.971,215000,4,1Eu51GaXEehPMrDMh5QghA,Tell The Vision (feat. Kanye West & Pusha T),188Wx91EDrfn4HnJFEBRO5,"0eDvMgVFoNV3TpwtrVCoTj,5K4W6rqBFWDnAN6FQUkS6x,0ONHkAv9pCAFxb0zJwDNTy",Pop Smoke|Kanye West|Pusha T,13520053|22986248|2882949,brooklyn drill|rap|chicago rap|hip hop|rap|gangster rap|hip hop|pop rap|rap|southern hip hop|trap|virginia hip hop,79|91|72,2021-07-31,day,47,2024-01-08
0.526,0.606,11,-8.113,0,0.262,0.209,3.31e-05,0.421,0.538,109.212,106667,5,5G7fyEZMDpiwRrXL8m56DR,Beat The Speaker,188Wx91EDrfn4HnJFEBRO5,0eDvMgVFoNV3TpwtrVCoTj,Pop Smoke,13520053,brooklyn drill|rap,79,2021-07-31,day,43,2024-01-08
0.8,0.564,8,-5.817,1,0.4,0.0287,1.65e-06,0.112,0.318,139.989,150857,4,7sjFIZ1g5QLJLGja3k592K,44 BullDog,188Wx91EDrfn4HnJFEBRO5,0eDvMgVFoNV3TpwtrVCoTj,Pop Smoke,13520053,brooklyn drill|rap,79,2020-07-03,day,62,2024-01-08
0.548,0.506,4,-7.434,0,0.102,0.203,0.0001,0.0788,0.557,119.987,160000,5,1hg3RlqFZXJb5YgRoK9qmF,Gangstas,188Wx91EDrfn4HnJFEBRO5,0eDvMgVFoNV3TpwtrVCoTj,Pop Smoke,13520053,brooklyn drill|rap,79,2020-07-03,day,72,2024-01-08
0.688,0.647,2,-7.258,1,0.19,0.00815,1.65e-05,0.095,0.195,88.834,164580,4,25zlnOAzbVoOzIeXSvQFf1,Got It On Me,188Wx91EDrfn4HnJFEBRO5,0eDvMgVFoNV3TpwtrVCoTj,Pop Smoke,13520053,brooklyn drill|rap,79,2020-07-03,day,78,2024-01-08
0.733,0.684,2,-4.748,1,0.177,0.142,0.0,0.179,0.437,142.04,165640,4,7rSnKi58HPIVC0FVyh04Q1,Shake The Room (feat. Quavo),188Wx91EDrfn4HnJFEBRO5,"0eDvMgVFoNV3TpwtrVCoTj,0VRj0yCOv2FXJNP47XQnx5",Pop Smoke|Quavo,13520053|7128651,brooklyn drill|rap|atl hip hop|melodic rap|rap|trap,79|77,2020-02-07,day,67,2024-01-08
0.798,0.649,9,-6.546,1,0.306,0.0746,1.34e-05,0.517,0.566,142.006,108160,4,3DWjFSDEQ9IWz1mj449fB7,Get Back,188Wx91EDrfn4HnJFEBRO5,0eDvMgVFoNV3TpwtrVCoTj,Pop Smoke,13520053,brooklyn drill|rap,79,2020-02-07,day,75,2024-01-08
0.772,0.878,2,-4.22,1,0.324,0.0301,2.18e-06,0.251,0.305,61.311,135747,5,57BGVV6wcyhbn3hsjlqEZB,Element,188Wx91EDrfn4HnJFEBRO5,0eDvMgVFoNV3TpwtrVCoTj,Pop Smoke,13520053,brooklyn drill|rap,79,2020-02-07,day,79,2024-01-08
0.687,0.689,10,-4.096,1,0.259,0.173,0.000481,0.523,0.821,71.555,174547,4,7FWec1Je1DluKGUKZCwkq4,Dreaming,188Wx91EDrfn4HnJFEBRO5,0eDvMgVFoNV3TpwtrVCoTj,Pop Smoke,13520053,brooklyn drill|rap,79,2020-02-07,day,58,2024-01-08
0.777,0.802,11,-4.954,0,0.0766,0.0369,0.0,0.719,0.937,141.996,196056,4,07IqDUGyRrOcVUo51nhj4F,Iced Out Audemars (feat. Lil Wayne) - Remix,188Wx91EDrfn4HnJFEBRO5,"0eDvMgVFoNV3TpwtrVCoTj,55Aa2cqylxrFIXC767Z865",Pop Smoke|Lil Wayne,13520053|14232381,brooklyn drill|rap|hip hop|new orleans rap|pop rap|rap|trap,79|85,2020-10-15,day,45,2024-01-08
0.565,0.819,9,-7.899,1,0.0668,0.232,0.0,0.111,0.682,94.011,176874,4,0c0YHn3DIQLl1opsQDd9kO,Wish (feat. Trippie Redd) - Trippie Mix,188Wx91EDrfn4HnJFEBRO5,"5fMUXHkw8R8eOP2RNVYEZX,6Xgp2XMz1fhVYe7i6yNAax",Diplo|Trippie Redd,2580900|9249721,dance pop|edm|electro house|moombahton|pop dance|melodic rap|rap|trap,76|80,2018-08-10,day,68,2024-01-08
0.775,0.823,5,-4.941,0,0.0635,0.0881,0.0,0.309,0.65,120.059,174848,4,1fPnUpoXCpD2NDI4vPVeLw,Stupid Again,188Wx91EDrfn4HnJFEBRO5,2jku7tDXc6XoB6MO2hFuqg,Tory Lanez,6302994,canadian hip hop|canadian trap|melodic rap|pop rap|r&b|rap|trap,80,2020-04-10,day,63,2024-01-08
0.838,0.311,0,-5.221,1,0.132,0.00424,0.0,0.169,0.303,78.015,135418,4,2qh4lSMXnvve7ye2GYLTwv,Opp Stoppa (feat. 21 Savage),188Wx91EDrfn4HnJFEBRO5,"3gGUMEwIX6XodWsYEvKSal,1URnnhqYAYcrqrcwql10ft",YBN Nahmir|21 Savage,2997482|16213669,alabama rap|rap|trap|atl hip hop|hip hop|rap,61|89,2021-03-25,day,46,2024-01-08
0.863,0.67,1,-6.758,1,0.284,0.0395,0.0,0.283,0.221,124.967,356833,4,1jwP7LXouoaZq9qN9B2dsM,GRINCH GOES VIRAL,188Wx91EDrfn4HnJFEBRO5,5icKdCmMhNMYoAzVBAWt39,Dax,1346874,canadian hip hop|ottawa rap,66,2021-12-17,day,50,2024-01-08
0.67,0.424,9,-14.297,0,0.292,0.333,0.0,0.112,0.743,77.685,148715,4,26BMsCXJpD7eYtP7ufhApC,Outside (Better Days),188Wx91EDrfn4HnJFEBRO5,"3Fl1V19tmjt57oBdxXKAjJ,6bS1ddLkqrK5Jl6GyKK4j2",Blueface|OG Bobby Billions,6560895|10527,cali rap|rap|southern hip hop,66|49,2021-06-02,day,65,2024-01-08
0.925,0.322,11,-9.8,0,0.112,0.103,0.0,0.137,0.712,129.957,170233,4,73xjJ1TIE6WP3HNKczQE4F,Moonwalking in Calabasas (feat. Blueface) - Remix,188Wx91EDrfn4HnJFEBRO5,"0WK3H9OErSn5zKOkOV5egm,3Fl1V19tmjt57oBdxXKAjJ",DDG|Blueface,1226115|6560895,pop rap|cali rap|rap,63|66,2021-06-15,day,73,2024-01-08
0.869,0.59,11,-8.214,1,0.257,0.07,0.0,0.236,0.479,107.934,151147,4,4hanO6Du5J7QEguNHYZHmw,Daddy (feat. Rich The Kid),188Wx91EDrfn4HnJFEBRO5,"3Fl1V19tmjt57oBdxXKAjJ,1pPmIToKXyGdsCF6LmqLmI",Blueface|Rich The Kid,6560895|3203856,cali rap|rap|atl hip hop|melodic rap|plugg|rap|trap,66|66,2019-08-09,day,61,2024-01-08
0.819,0.431,8,-12.481,0,0.512,0.369,0.0,0.109,0.531,103.973,133885,4,5hDJ86JVWHe7hK0jChYGj1,Dead Locs,188Wx91EDrfn4HnJFEBRO5,3Fl1V19tmjt57oBdxXKAjJ,Blueface,6560895,cali rap|rap,66,2018-12-18,day,44,2024-01-08
0.829,0.609,8,-7.859,0,0.664,0.143,0.0,0.161,0.627,150.189,151710,4,6fKc0zZevGXUgb5mkjnPC2,Finesse the Beat,188Wx91EDrfn4HnJFEBRO5,3Fl1V19tmjt57oBdxXKAjJ,Blueface,6560895,cali rap|rap,66,2020-07-17,day,35,2024-01-08
0.693,0.591,0,-6.964,1,0.429,0.0154,0.0,0.0778,0.497,204.194,188373,4,7eJbnuLHzBp948ybtKDyQn,Weekend (feat. Lil Baby),188Wx91EDrfn4HnJFEBRO5,"3Fl1V19tmjt57oBdxXKAjJ,5f7VJjfbwm532GiveGC0ZK",Blueface|Lil Baby,6560895|16366093,cali rap|rap|atl hip hop|atl trap|rap|trap,66|86,2020-03-13,day,36,2024-01-08
0.901,0.612,4,-8.77,1,0.469,0.0853,0.0,0.236,0.78,139.904,123480,4,0eu0YHRc7cnMjtAQOE7Xyb,Murder Rate (feat. Polo G),188Wx91EDrfn4HnJFEBRO5,"3Fl1V19tmjt57oBdxXKAjJ,6AgTAQt8XS6jRWi4sX7w49",Blueface|Polo G,6560895|10657935,cali rap|rap|chicago rap|rap,66|80,2020-03-13,day,49,2024-01-08
0.914,0.583,7,-7.912,0,0.452,0.171,0.0,0.139,0.588,134.882,128040,4,5eViBefGU8Fm9OAeJVZJjW,Obama (feat. DaBaby),188Wx91EDrfn4HnJFEBRO5,"3Fl1V19tmjt57oBdxXKAjJ,4r63FhuTkUYltbVAg5TQnk",Blueface|DaBaby,6560895|11554890,cali rap|rap|hip hop|north carolina hip hop|pop rap|rap|trap,66|78,2020-03-13,day,48,2024-01-08
0.875,0.438,0,-8.732,1,0.435,0.032,0.0,0.234,0.207,127.259,191307,4,438ydvfdggFaE8RTacR40q,First Class (feat. Gunna),188Wx91EDrfn4HnJFEBRO5,"3Fl1V19tmjt57oBdxXKAjJ,2hlmm7s2ICUX0LVIhVFlZQ",Blueface|Gunna,6560895|6520604,cali rap|rap|atl hip hop|melodic rap|rap|trap,66|84,2020-03-13,day,45,2024-01-08
0.778,0.495,1,-5.841,1,0.175,0.0815,0.0,0.111,0.464,102.882,157888,4,5UekCh9Iii4veZPgdZzo5q,Patience,188Wx91EDrfn4HnJFEBRO5,"3Fl1V19tmjt57oBdxXKAjJ,0HkcYmcjrBR3SCw9Ld5VZk",Blueface|Calboy,6560895|887216,cali rap|rap|chicago rap|melodic rap,66|55,2021-05-28,day,31,2024-01-08
0.871,0.702,5,-8.025,1,0.253,0.296,0.0,0.0912,0.675,125.089,131286,4,3WCXvxgQ7U3mznWsQjiEMu,6locc 6a6y,188Wx91EDrfn4HnJFEBRO5,7scapvSjZLSm0fBgqGM0Mn,Lil Loaded,1137087,dfw rap,61,2019-12-06,day,75,2024-01-08
0.782,0.659,1,-3.103,1,0.249,0.0703,0.0,0.168,0.337,148.027,131761,4,7yKSPAeiLHVJFSkJacPTmJ,Syphilis,188Wx91EDrfn4HnJFEBRO5,4MCBfE4596Uoi2O4DtmEMz,Juice WRLD,32077469,chicago rap|melodic rap|rap,87,2019-03-08,day,64,2024-01-08
0.59,0.618,1,-5.756,1,0.334,0.0127,0.0,0.244,0.153,96.459,252729,3,3HNWVQHXpW70ubsDhvnegu,The Bigger Picture,188Wx91EDrfn4HnJFEBRO5,5f7VJjfbwm532GiveGC0ZK,Lil Baby,16366093,atl hip hop|atl trap|rap|trap,86,2020-10-01,day,61,2024-01-08
0.929,0.7,0,-5.595,0,0.0906,0.144,0.0,0.349,0.802,120.009,132024,4,4xqIYGwwZTEem9U8A42SPF,Broke In A Minute,188Wx91EDrfn4HnJFEBRO5,2jku7tDXc6XoB6MO2hFuqg,Tory Lanez,6302994,canadian hip hop|canadian trap|melodic rap|pop rap|r&b|rap|trap,80,2020-04-10,day,79,2024-01-08
0.872,0.591,6,-6.952,0,0.359,0.111,0.0,0.144,0.696,131.982,205352,4,0hPLZrnDgtKxrym1BHjDhd,can't leave without it,188Wx91EDrfn4HnJFEBRO5,1URnnhqYAYcrqrcwql10ft,21 Savage,16213669,atl hip hop|hip hop|rap,89,2018-12-21,day,77,2024-01-08
0.845,0.631,7,-8.206,0,0.216,0.188,0.0,0.0806,0.545,111.983,279907,4,4ea9w8c4ROqiZpJVhfBA3m,Hot (Remix) [feat. Gunna and Travis Scott],188Wx91EDrfn4HnJFEBRO5,"50co4Is1HCEo8bhOyUWKpn,0Y5tJX1MQlPlqiwlOH1tJY,2hlmm7s2ICUX0LVIhVFlZQ",Young Thug|Travis Scott|Gunna,9355686|26203362|6520604,atl hip hop|atl trap|gangster rap|melodic rap|rap|trap|hip hop|rap|slap house|atl hip hop|melodic rap|rap|trap,83|91|84,2019-12-20,day,77,2024-01-08
0.892,0.486,11,-8.637,0,0.384,0.048,0.0,0.146,0.535,120.998,214215,4,3tDqEKKUs6gf8zMvSuLyLA,Commercial (feat. Lil Uzi Vert),188Wx91EDrfn4HnJFEBRO5,"5f7VJjfbwm532GiveGC0ZK,4O15NlyKLIASxsJ0PrXPfz",Lil Baby|Lil Uzi Vert,16366093|16484624,atl hip hop|atl trap|rap|trap|hip hop|melodic rap|philly rap|rage rap|rap,86|85,2020-02-28,day,67,2024-01-08
0.895,0.739,8,-6.633,1,0.283,0.0183,7.61e-06,0.102,0.763,140.007,219340,4,59JWp4PjZ9TRM8cmtaDYB1,Yessirskiii,188Wx91EDrfn4HnJFEBRO5,"4O15NlyKLIASxsJ0PrXPfz,1URnnhqYAYcrqrcwql10ft",Lil Uzi Vert|21 Savage,16484624|16213669,hip hop|melodic rap|philly rap|rage rap|rap|atl hip hop|hip hop|rap,85|89,2020-03-13,day,69,2024-01-08
0.887,0.597,6,-6.66,0,0.281,0.0704,0.0,0.178,0.477,129.976,178901,4,1sxGIhaxY8eF52e1TlShSP,Pardon Me (Lil Yachty feat. Future & Mike WiLL Made-It),188Wx91EDrfn4HnJFEBRO5,"6icQOAFXDZKsumw3YXyusw,1RyvyyTE3xzB2ZywiAwp0i,0NWbwDZY1VkRqFafuQm6wk",Lil Yachty|Future|Mike WiLL Made-It,9554683|15692678|1553951,atl hip hop|melodic rap|rap|trap|atl hip hop|hip hop|rap|southern hip hop|trap|atl hip hop|rap|southern hip hop|trap,78|88|66,2020-05-29,day,73,2024-01-08
0.894,0.618,7,-4.356,0,0.129,0.0808,0.0,0.558,0.379,119.1,161320,4,7IMwEtpAiJanqF6vQteZN2,Turks (with Gunna & ft. Travis Scott),188Wx91EDrfn4HnJFEBRO5,"7rkW85dBwwrJtlHRDkJDAC,2hlmm7s2ICUX0LVIhVFlZQ,0Y5tJX1MQlPlqiwlOH1tJY",NAV|Gunna|Travis Scott,3426047|6520604|26203362,canadian hip hop|canadian trap|melodic rap|rap|trap|atl hip hop|melodic rap|rap|trap|hip hop|rap|slap house,72|84|91,2020-05-08,day,67,2024-01-08
0.826,0.635,5,-5.181,0,0.212,0.102,0.0,0.245,0.808,119.954,224916,4,14X1WxiHXdVRJ99cMCBzOE,How I Move (feat. Lil Baby),188Wx91EDrfn4HnJFEBRO5,"2HUwZ0kumzCSlhFcjFZfpp,5f7VJjfbwm532GiveGC0ZK",Flipp Dinero|Lil Baby,1285232|16366093,melodic rap|trap|atl hip hop|atl trap|rap|trap,56|86,2019-11-22,day,62,2024-01-08
0.451,0.876,10,-5.205,0,0.414,0.261,0.0,0.098,0.227,87.306,227176,5,68MTDH8Kk4jBEV1ah0n89s,EA (feat. 21 Savage),188Wx91EDrfn4HnJFEBRO5,"5yPzzu25VzEk8qrGTLIrE1,1URnnhqYAYcrqrcwql10ft",Young Nudy|21 Savage,1388610|16213669,pluggnb|rap|trap|atl hip hop|hip hop|rap,70|89,2017-08-11,day,78,2024-01-08
0.893,0.759,2,-4.245,1,0.309,0.00404,0.0,0.0865,0.498,80.45,224457,4,6c5wQFfJApRMooKE7UQnlH,durag activity (with Travis Scott),188Wx91EDrfn4HnJFEBRO5,"5SXuuuRpukkTvsLuUknva1,0Y5tJX1MQlPlqiwlOH1tJY",Baby Keem|Travis Scott,1992651|26203362,hip hop|rap|hip hop|rap|slap house,78|91,2021-09-10,day,64,2024-01-08
0.837,0.586,11,-8.521,0,0.0807,0.281,0.0,0.134,0.618,117.066,197000,4,5LHHKZOwV8XW4LJP2C64mw,COOLER THAN A BITCH (feat. Roddy Ricch),188Wx91EDrfn4HnJFEBRO5,"2hlmm7s2ICUX0LVIhVFlZQ,757aE44tKEUQEqRuT6GnEB",Gunna|Roddy Ricch,6520604|10179420,atl hip hop|melodic rap|rap|trap|melodic rap|rap|trap,84|76,2020-05-22,day,63,2024-01-08
0.83,0.564,1,-7.822,1,0.235,0.177,0.0,0.128,0.107,85.042,129882,4,5FkoSXiJPKTNyYgALRJFhD,ORANGE SODA,188Wx91EDrfn4HnJFEBRO5,5SXuuuRpukkTvsLuUknva1,Baby Keem,1992651,hip hop|rap,78,2019-07-19,day,84,2024-01-08
0.796,0.426,1,-13.207,1,0.285,0.356,2.73e-05,0.0941,0.649,150.043,128014,4,0e4A9Fak1nJ7RtBD8YpoEo,Onna Come Up,188Wx91EDrfn4HnJFEBRO5,0rpUnzu4JIoRkKkGvdcm7b,Lil Eazzyy,159219,chicago rap,54,2020-11-20,day,73,2024-01-08
0.788,0.436,1,-9.435,1,0.364,0.0611,0.0,0.0979,0.341,129.847,177314,4,7KSSdFCBHCfq4KPzz78ghk,Heatin Up (feat. Gunna),188Wx91EDrfn4HnJFEBRO5,"5f7VJjfbwm532GiveGC0ZK,2hlmm7s2ICUX0LVIhVFlZQ",Lil Baby|Gunna,16366093|6520604,atl hip hop|atl trap|rap|trap|atl hip hop|melodic rap|rap|trap,86|84,2020-02-28,day,70,2024-01-08
0.731,0.811,1,-3.225,1,0.0712,0.0204,0.0,0.411,0.426,147.045,218284,4,6OaVWaGfhXn70ZJfdVcabn,NO BYSTANDERS,188Wx91EDrfn4HnJFEBRO5,0Y5tJX1MQlPlqiwlOH1tJY,Travis Scott,26203362,hip hop|rap|slap house,91,2018-08-03,day,76,2024-01-08
0.877,0.679,5,-4.969,0,0.355,0.0458,0.0,0.0987,0.624,144.93,172185,4,1lw4FrPr3Y8R7Q1Mro2TMe,Still Trappin',188Wx91EDrfn4HnJFEBRO5,"3hcs9uc56yIGFCSy9leWe7,6QtgPSJPSzcnn7dPZ4VINp",Lil Durk|King Von,6859221|3799451,chicago drill|chicago rap|drill|hip hop|rap|trap|chicago rap,81|75,2020-12-24,day,71,2024-01-08
0.702,0.708,10,-5.366,0,0.0547,0.201,0.0,0.118,0.713,147.98,198408,4,27a1mYSG5tYg7dmEjWBcmL,CAN'T SAY,188Wx91EDrfn4HnJFEBRO5,0Y5tJX1MQlPlqiwlOH1tJY,Travis Scott,26203362,hip hop|rap|slap house,91,2018-08-03,day,80,2024-01-08
0.637,0.723,2,-5.547,1,0.091,0.0134,7.87e-05,0.196,0.228,143.013,214960,4,0fIffclhgJC5h8AdMMVvkp,Welcome To The Party,188Wx91EDrfn4HnJFEBRO5,0eDvMgVFoNV3TpwtrVCoTj,Pop Smoke,13520053,brooklyn drill|rap,79,2019-07-26,day,71,2024-01-08
0.713,0.605,11,-7.487,1,0.107,0.497,3.46e-06,0.115,0.432,142.025,175756,4,6O7fPYTsb2mY0PiFt2ymDB,Aim For The Moon (feat. Quavo),188Wx91EDrfn4HnJFEBRO5,"0eDvMgVFoNV3TpwtrVCoTj,0VRj0yCOv2FXJNP47XQnx5",Pop Smoke|Quavo,13520053|7128651,brooklyn drill|rap|atl hip hop|melodic rap|rap|trap,79|77,2020-07-03,day,63,2024-01-08
0.74,0.566,1,-8.389,0,0.32,0.0034,0.0,0.589,0.342,156.197,123447,4,6MDdceLYec4AxohmorE4vH,Face Of My City (feat. Lil Baby),188Wx91EDrfn4HnJFEBRO5,"2LIk90788K0zvyj2JJVwkJ,5f7VJjfbwm532GiveGC0ZK",Jack Harlow|Lil Baby,3376624|16366093,deep underground hip hop|kentucky hip hop|pop rap|rap|atl hip hop|atl trap|rap|trap,84|86,2020-12-11,day,63,2024-01-08
0.915,0.612,1,-4.535,1,0.407,0.0944,0.0,0.115,0.758,129.93,118547,4,5gNOINI5dXZVom2b36LMOd,PICK UP (feat. Quavo),188Wx91EDrfn4HnJFEBRO5,"4r63FhuTkUYltbVAg5TQnk,0VRj0yCOv2FXJNP47XQnx5",DaBaby|Quavo,11554890|7128651,hip hop|north carolina hip hop|pop rap|rap|trap|atl hip hop|melodic rap|rap|trap,78|77,2020-04-17,day,58,2024-01-08
0.836,0.624,4,-6.75,0,0.184,0.187,0.0,0.138,0.7,103.0,139890,4,1gVCEnryJhkdQcuC0Kbvor,FIND MY WAY,188Wx91EDrfn4HnJFEBRO5,4r63FhuTkUYltbVAg5TQnk,DaBaby,11554890,hip hop|north carolina hip hop|pop rap|rap|trap,78,2020-04-17,day,58,2024-01-08
0.896,0.72,0,-6.262,0,0.355,0.169,0.0,0.252,0.966,140.1,212093,4,0oT9ElXYSxvnOOagP9efDq,JUMP (feat. YoungBoy Never Broke Again),188Wx91EDrfn4HnJFEBRO5,"4r63FhuTkUYltbVAg5TQnk,7wlFDEWiM5OoIAt8RSli8b",DaBaby|YoungBoy Never Broke Again,11554890|12248282,hip hop|north carolina hip hop|pop rap|rap|trap|baton rouge rap|rap,78|82,2020-04-17,day,57,2024-01-08
0.768,0.635,10,-4.925,1,0.15,0.0289,0.0,0.312,0.64,160.992,215053,4,3oHiR89Y8gn6xt3YGAAzFj,NASTY (feat. Ashanti & Megan Thee Stallion),188Wx91EDrfn4HnJFEBRO5,"4r63FhuTkUYltbVAg5TQnk,5rkVyNGXEgeUqKkB5ccK83,181bsRPaVXVlUKXrxwZfHK",DaBaby|Ashanti|Megan Thee Stallion,11554890|2920830|8371603,hip hop|north carolina hip hop|pop rap|rap|trap|dance pop|hip pop|r&b|urban contemporary|houston rap|pop|r&b|rap|trap queen,78|70|77,2020-04-17,day,54,2024-01-08
0.943,0.654,1,-5.175,1,0.274,0.0552,0.0,0.0893,0.608,100.091,139500,4,7vxGCUPJhe0fXfBkwVPFcP,REALLY (feat. Stunna 4 Vegas),188Wx91EDrfn4HnJFEBRO5,"4r63FhuTkUYltbVAg5TQnk,44IvvHRk2XF243QLA2VOa8",DaBaby|Stunna 4 Vegas,11554890|813292,hip hop|north carolina hip hop|pop rap|rap|trap|north carolina hip hop|trap,78|60,2019-09-27,day,48,2024-01-08
0.884,0.783,1,-2.388,1,0.294,0.0744,0.0,0.12,0.929,124.052,143226,4,0O7mJ0noFBLn8MMUJrFaF1,PROLLY HEARD,188Wx91EDrfn4HnJFEBRO5,4r63FhuTkUYltbVAg5TQnk,DaBaby,11554890,hip hop|north carolina hip hop|pop rap|rap|trap,78,2019-09-27,day,47,2024-01-08
0.914,0.655,6,-5.333,0,0.294,0.00245,0.0,0.0817,0.705,143.975,153863,4,4LH1gsNA3wUS6QKkGZoJN8,XXL,188Wx91EDrfn4HnJFEBRO5,4r63FhuTkUYltbVAg5TQnk,DaBaby,11554890,hip hop|north carolina hip hop|pop rap|rap|trap,78,2019-09-27,day,52,2024-01-08
0.92,0.622,9,-6.388,1,0.246,0.102,0.0,0.35,0.815,119.962,204573,4,0SsTkfOhM7e87trwjEqBQN,Pony,188Wx91EDrfn4HnJFEBRO5,4r63FhuTkUYltbVAg5TQnk,DaBaby,11554890,hip hop|north carolina hip hop|pop rap|rap|trap,78,2019-03-01,day,49,2024-01-08
0.824,0.859,2,-5.668,1,0.302,0.0492,0.0,0.28,0.903,77.973,102840,4,1N7CHs4eGjgr3gjyUgq75Y,Carpet Burn,188Wx91EDrfn4HnJFEBRO5,4r63FhuTkUYltbVAg5TQnk,DaBaby,11554890,hip hop|north carolina hip hop|pop rap|rap|trap,78,2019-03-01,day,47,2024-01-08
0.8,0.749,8,-4.943,1,0.33,0.204,0.0,0.113,0.961,151.851,114373,4,5U8sc8et1PiuDQfIQ2J98a,Tupac,188Wx91EDrfn4HnJFEBRO5,4r63FhuTkUYltbVAg5TQnk,DaBaby,11554890,hip hop|north carolina hip hop|pop rap|rap|trap,78,2019-03-01,day,42,2024-01-08
0.873,0.682,11,-5.869,0,0.377,0.025,0.0,0.0685,0.799,157.943,151600,4,6aYi4lYcAohNhlNWsbWfy0,Walker Texas Ranger,188Wx91EDrfn4HnJFEBRO5,4r63FhuTkUYltbVAg5TQnk,DaBaby,11554890,hip hop|north carolina hip hop|pop rap|rap|trap,78,2019-03-01,day,45,2024-01-08
0.677,0.557,1,-8.409,1,0.0694,0.00508,8.36e-06,0.0984,0.1,150.127,206385,4,62Yo3FDddWY8ydu6PW2wyz,Nail Tech,188Wx91EDrfn4HnJFEBRO5,2LIk90788K0zvyj2JJVwkJ,Jack Harlow,3376624,deep underground hip hop|kentucky hip hop|pop rap|rap,84,2022-02-18,day,68,2024-01-08
0.828,0.591,1,-6.217,1,0.109,0.0199,0.000323,0.361,0.202,119.251,193347,4,0lEjxUUlKqjqXrVlIHFduD,P power (feat. Drake),188Wx91EDrfn4HnJFEBRO5,"2hlmm7s2ICUX0LVIhVFlZQ,3TVXtAsR1Inumwj472S9r4",Gunna|Drake,6520604|83626299,atl hip hop|melodic rap|rap|trap|canadian hip hop|canadian pop|hip hop|pop rap|rap,84|96,2022-01-13,day,81,2024-01-08
0.852,0.747,11,-3.666,0,0.169,0.0311,0.0,0.0789,0.898,148.005,195681,4,1cMMVJ4FDqhCci9efd1BU6,Need It (feat. YoungBoy Never Broke Again),188Wx91EDrfn4HnJFEBRO5,"6oMuImdp5ZcFhWP0ESe6mG,7wlFDEWiM5OoIAt8RSli8b",Migos|YoungBoy Never Broke Again,13641028|12248282,atl hip hop|hip hop|pop rap|rap|trap|baton rouge rap|rap,75|82,2021-06-11,day,78,2024-01-08
0.889,0.516,8,-8.852,1,0.327,0.372,0.0,0.0926,0.732,140.005,199012,4,38844QuZDlnt44uHPrSA3S,Oh Okay (feat. Young Thug & Lil Baby),188Wx91EDrfn4HnJFEBRO5,"2hlmm7s2ICUX0LVIhVFlZQ,5f7VJjfbwm532GiveGC0ZK,50co4Is1HCEo8bhOyUWKpn",Gunna|Lil Baby|Young Thug,6520604|16366093|9355686,atl hip hop|melodic rap|rap|trap|atl hip hop|atl trap|rap|trap|atl hip hop|atl trap|gangster rap|melodic rap|rap|trap,84|86|83,2018-02-02,day,67,2024-01-08
0.867,0.744,2,-5.171,1,0.227,0.268,0.0,0.0713,0.645,84.005,173288,4,1Z0cZI0UzNbP9L8MzzGxqf,Walk Em Down (feat. Roddy Ricch),188Wx91EDrfn4HnJFEBRO5,"0ErzCpIMyLcjPiwT4elrtZ,757aE44tKEUQEqRuT6GnEB",NLE Choppa|Roddy Ricch,7400887|10179420,memphis hip hop|rap|melodic rap|rap|trap,79|76,2020-08-10,day,78,2024-01-08
0.892,0.633,8,-7.471,1,0.0902,0.0467,0.000189,0.139,0.459,137.994,195047,4,50a8bKqlwDEqeiEknrzkTO,ball w/o you,188Wx91EDrfn4HnJFEBRO5,1URnnhqYAYcrqrcwql10ft,21 Savage,16213669,atl hip hop|hip hop|rap,89,2018-12-21,day,84,2024-01-08
0.883,0.808,1,-3.158,0,0.182,0.0313,0.0,0.207,0.806,119.01,232065,4,1C8ux1YWLMHCenYJFiIV4Z,PTSD,188Wx91EDrfn4HnJFEBRO5,"5QdEbQJ3ylBnc3gsIASAT5,4O15NlyKLIASxsJ0PrXPfz,4MCBfE4596Uoi2O4DtmEMz,1anyVhU62p31KFi8MEzkbf",G Herbo|Lil Uzi Vert|Juice WRLD|Chance the Rapper,2002907|16484624|32077469|5947668,chicago drill|chicago rap|drill|trap|hip hop|melodic rap|philly rap|rage rap|rap|chicago rap|melodic rap|rap|chicago rap|conscious hip hop|hip hop|pop rap|rap,69|85|87|72,2020-02-28,day,74,2024-01-08
0.721,0.508,7,-7.496,1,0.394,0.317,0.0,0.153,0.457,159.911,166343,4,5R2rsbwCDXORX2tLfprRmM,Yacht Club (feat. Juice WRLD),188Wx91EDrfn4HnJFEBRO5,"6icQOAFXDZKsumw3YXyusw,4MCBfE4596Uoi2O4DtmEMz",Lil Yachty|Juice WRLD,9554683|32077469,atl hip hop|melodic rap|rap|trap|chicago rap|melodic rap|rap,78|87,2018-10-19,day,73,2024-01-08
0.863,0.353,1,-14.472,1,0.294,0.105,0.0,0.0985,0.489,108.995,235520,4,01Z60kvLjK2PCVNHo55eld,2 Girlfriends,188Wx91EDrfn4HnJFEBRO5,"4jJXnnMCODl8ds7bgmHgUP,0WK3H9OErSn5zKOkOV5egm",Baby Rich|DDG,9342|1226115,alabama rap|pop rap,36|63,2018-09-09,day,18,2024-01-08
0.711,0.611,1,-5.453,1,0.33,0.00588,0.0,0.23,0.144,134.093,252262,4,3QFInJAm9eyaho5vBzxInN,family ties (with Kendrick Lamar),188Wx91EDrfn4HnJFEBRO5,"5SXuuuRpukkTvsLuUknva1,2YZyLoL8N0Wb9xBt1NhZWg",Baby Keem|Kendrick Lamar,1992651|26526500,hip hop|rap|conscious hip hop|hip hop|rap|west coast rap,78|87,2021-09-10,day,84,2024-01-08
0.567,0.462,1,-7.794,1,0.36,0.00192,3.57e-06,0.106,0.172,152.236,169828,4,0w6webWdhjRKdqJ3DeGgM1,STATS,188Wx91EDrfn4HnJFEBRO5,5SXuuuRpukkTvsLuUknva1,Baby Keem,1992651,hip hop|rap,78,2019-07-19,day,70,2024-01-08
0.719,0.648,3,-7.6,0,0.125,0.2,0.0,0.127,0.66,140.201,123263,4,1t9WgS8FN0534tLBRwbaxO,Whoopty,188Wx91EDrfn4HnJFEBRO5,7arQA31aZVS8yS6zUveWzb,CJ,230496,nyc rap,59,2021-02-19,day,70,2024-01-08
0.765,0.488,1,-10.019,1,0.229,0.00288,0.0,0.182,0.229,143.799,80386,4,4e8v2ZEw8uO7rBeJVbnHWj,"You Know?, Pt. 3",188Wx91EDrfn4HnJFEBRO5,5AYeIJIU09BXFjZEyDujtB,Crimsons Red,8633,,33,2022-02-11,day,50,2024-01-08
0.926,0.459,5,-6.203,1,0.053,0.00685,0.0,0.139,0.546,117.868,174502,4,7HyAAmp8lsDoDHxyvaEaDK,south africa,188Wx91EDrfn4HnJFEBRO5,5SXuuuRpukkTvsLuUknva1,Baby Keem,1992651,hip hop|rap,78,2021-09-10,day,52,2024-01-08
0.872,0.278,2,-11.478,1,0.409,0.159,0.0,0.0552,0.49,74.996,117191,4,3LSBODvr96eWDzLPyuc1i4,556 (Green Tip),188Wx91EDrfn4HnJFEBRO5,00msLVGU9crX0EC5McCiCa,iayze,132626,plugg,34,2022-03-02,day,63,2024-01-08
0.592,0.814,1,-5.693,1,0.0764,0.0639,0.0,0.185,0.293,139.854,137105,4,6XU6O2o4nPklVezwKMBbpx,R.I.P SMOKE,188Wx91EDrfn4HnJFEBRO5,1RlBttuJAY33jcaL1TOlUw,AKTHESAVIOR,74235,underground hip hop,42,2020-12-11,day,30,2024-01-08
0.883,0.673,6,-8.089,0,0.3,0.057,2.8e-05,0.13,0.507,100.022,126000,4,6Gul0FnIbrDUjpL58kB9gX,Sangria (feat. Denzel Curry),188Wx91EDrfn4HnJFEBRO5,"5IbEL2xjRtKsunfmsahLuO,6fxyWrfmjcbj5d12gXeiNV",$NOT|Denzel Curry,1461350|2451930,aesthetic rap|cloud rap|florida rap|underground hip hop|dark trap|drill|hip hop|miami hip hop|pop rap|rap|trap|underground hip hop,67|68,2020-10-30,day,54,2024-01-08
0.73,0.726,2,-4.865,1,0.0655,0.00893,4.42e-06,0.255,0.731,139.938,151286,4,1R7IfLjtJ4B9kqjIqaEeVf,NO TRENDS,188Wx91EDrfn4HnJFEBRO5,6rIaHuCIUu32uj2CjlEBN3,Mike Dimes,207304,southern hip hop,59,2022-03-08,day,68,2024-01-08
0.627,0.369,10,-9.411,1,0.26,0.516,1.64e-05,0.143,0.0906,144.968,136594,4,6q8UIzUSII0Nw62S1IBOIg,Dreams N' Nightmares,188Wx91EDrfn4HnJFEBRO5,5PPetvBg4hGBkco4Y267hd,Quelly Woo,49202,new york drill,38,2020-02-28,day,46,2024-01-08
0.814,0.659,2,-4.475,1,0.0811,0.00161,0.0254,0.499,0.13,88.521,173400,4,2YMCSqTmBTtcYA8dyUCvbT,Spiral,188Wx91EDrfn4HnJFEBRO5,1URnnhqYAYcrqrcwql10ft,21 Savage,16213669,atl hip hop|hip hop|rap,89,2021-04-30,day,61,2024-01-08
0.964,0.771,11,-7.238,0,0.311,0.00451,1.58e-06,0.432,0.468,127.003,105827,4,6bsRaxW3vYniwPytZQXZB6,Spinback,188Wx91EDrfn4HnJFEBRO5,1iJdyDcY98X3GMnUesl7tf,Comethazine,2231972,trap|underground hip hop,60,2021-09-15,day,50,2024-01-08
0.71,0.696,2,-2.895,0,0.458,0.464,3.7e-06,0.274,0.773,139.892,207426,4,4FFefXytCYkDajcHsD0zyn,Hit List,188Wx91EDrfn4HnJFEBRO5,5qvOCtfIaafXgf3QTNy9q2,CoachDaGhost,57543,brooklyn drill,39,2020-07-10,day,47,2024-01-08
0.77,0.699,0,-6.59,1,0.199,0.0596,1.65e-05,0.17,0.696,81.003,165315,4,1ojBtNRMzjL7ptLPZCzfRz,Thinking with My Dick (feat. Juicy J),188Wx91EDrfn4HnJFEBRO5,"1gPhS1zisyXr5dHTYZyiMe,5gCRApTajqwbnHHPbr2Fpi",Kevin Gates|Juicy J,6040529|3138996,baton rouge rap|rap|southern hip hop|trap|crunk|memphis hip hop|pop rap|rap|southern hip hop|trap,71|72,2013-07-16,day,67,2024-01-08
0.95,0.486,2,-9.809,1,0.274,0.319,4.46e-05,0.104,0.158,124.979,130560,4,2B5QF7KSCv5jz2hIxyKic5,Dwayne Carter Flow,188Wx91EDrfn4HnJFEBRO5,5o4gKYJ99ROV1yye1v9Sh4,Nate Husser,22345,montreal indie,35,2022-08-12,day,46,2024-01-08
0.877,0.56,7,-3.751,1,0.0596,0.00721,1.45e-06,0.0839,0.154,119.971,216136,4,3S68RFe1lsdCdTMPIMJM3X,Cash In Cash Out,188Wx91EDrfn4HnJFEBRO5,"2RdwBSPQiwcmiDo9kixcl8,1URnnhqYAYcrqrcwql10ft,4V8LLVI7PbaPR0K2TGSxFF","Pharrell Williams|21 Savage|Tyler, The Creator",4336597|16213669|13737518,dance pop|pop|atl hip hop|hip hop|rap|hip hop|rap,78|89|84,2022-06-10,day,73,2024-01-08
0.741,0.87,6,-3.494,0,0.503,0.00813,0.0,0.114,0.663,184.194,254723,4,4IO8X9W69dIQe0EC5ALXhq,Immortal,188Wx91EDrfn4HnJFEBRO5,1URnnhqYAYcrqrcwql10ft,21 Savage,16213669,atl hip hop|hip hop|rap,89,2019-10-31,day,74,2024-01-08
0.91,0.585,11,-7.572,0,0.257,0.0536,0.0,0.127,0.599,129.011,165067,4,4KDNRh9Oor80z3XIxdWlui,Bubbly (with Drake & Travis Scott),188Wx91EDrfn4HnJFEBRO5,"50co4Is1HCEo8bhOyUWKpn,3TVXtAsR1Inumwj472S9r4,0Y5tJX1MQlPlqiwlOH1tJY",Young Thug|Drake|Travis Scott,9355686|83626299|26203362,atl hip hop|atl trap|gangster rap|melodic rap|rap|trap|canadian hip hop|canadian pop|hip hop|pop rap|rap|hip hop|rap|slap house,83|96|91,2021-10-15,day,72,2024-01-08
0.767,0.71,11,-7.177,0,0.352,0.0887,3.41e-06,0.106,0.244,120.0,160507,4,2y55JzTDe2kFDChkBZUOUS,FUXK (feat. Ski Mask the Slump God),188Wx91EDrfn4HnJFEBRO5,"15UsOTVnJzReFVN1VCnxy4,2rhFzFmezpnW82MNqEKVry",XXXTENTACION|Ski Mask The Slump God,43791982|5634073,emo rap|miami hip hop|rap|hip hop|miami hip hop|pop rap|rap|trap|underground hip hop,85|72,2022-06-10,day,61,2024-01-08
0.871,0.715,3,-7.828,0,0.147,0.196,0.0,0.14,0.378,150.955,102960,4,34PhB0kHT00utubP3aTau8,Burn The Hoods,188Wx91EDrfn4HnJFEBRO5,2rhFzFmezpnW82MNqEKVry,Ski Mask The Slump God,5634073,hip hop|miami hip hop|pop rap|rap|trap|underground hip hop,72,2020-07-24,day,64,2024-01-08
0.659,0.796,1,-7.841,0,0.219,0.0341,4.94e-06,0.324,0.605,112.944,165061,4,5pP390EcAYj8wYcKl0E36l,SWEET,188Wx91EDrfn4HnJFEBRO5,1JmCy4jQegbbMjBWRI0iCt,Dre Wave$,10150,chill abstract hip hop,30,2021-05-30,day,41,2024-01-08
0.9,0.509,1,-6.647,1,0.257,0.115,1.67e-06,0.0937,0.765,100.007,99283,4,27ZZdyTSQWI7Cug2d2PkqV,BILLIE EILISH.,188Wx91EDrfn4HnJFEBRO5,2qAwMsiIjTzlmfAkXKvhVA,Armani White,503048,indie hip hop,62,2022-05-19,day,74,2024-01-08
0.704,0.504,1,-6.749,1,0.223,0.0405,0.000422,0.139,0.0713,82.537,221406,4,29YW2xXlo6Pc6M0SBTCXYN,More M’s,188Wx91EDrfn4HnJFEBRO5,"3TVXtAsR1Inumwj472S9r4,1URnnhqYAYcrqrcwql10ft",Drake|21 Savage,83626299|16213669,canadian hip hop|canadian pop|hip hop|pop rap|rap|atl hip hop|hip hop|rap,96|89,2022-11-04,day,71,2024-01-08
0.561,0.52,11,-9.342,0,0.244,0.0503,1.86e-06,0.355,0.424,153.15,239360,3,1bDbXMyjaUIooNwFE9wn0N,Rich Flex,188Wx91EDrfn4HnJFEBRO5,"3TVXtAsR1Inumwj472S9r4,1URnnhqYAYcrqrcwql10ft",Drake|21 Savage,83626299|16213669,canadian hip hop|canadian pop|hip hop|pop rap|rap|atl hip hop|hip hop|rap,96|89,2022-11-04,day,87,2024-01-08
0.849,0.433,5,-8.434,0,0.316,0.0407,0.0,0.388,0.395,142.11,152962,4,0wshkEEcJUQU33RSRBb5dv,BackOutsideBoyz,188Wx91EDrfn4HnJFEBRO5,3TVXtAsR1Inumwj472S9r4,Drake,83626299,canadian hip hop|canadian pop|hip hop|pop rap|rap,96,2022-11-04,day,71,2024-01-08
0.799,0.652,11,-7.821,0,0.123,0.0159,0.0,0.198,0.31,99.02,135816,4,62hsxntVcY4SZuq459n4O0,Great Britain,7wBGhYgam71MAVW9BYZpvA,"2GTAilYSBt1DNZ7UPCB38L,0pIEy6yC2cOJnsaLA7FZYU",La Head|Xlean,442|195,|,22|15,2023-07-27,day,21,2024-01-08
0.569,0.592,2,-9.027,1,0.259,0.0135,0.000142,0.114,0.517,129.994,144264,4,1w7MZ7xqRhYrqnUuRpG6r3,Master P,7wBGhYgam71MAVW9BYZpvA,2GTAilYSBt1DNZ7UPCB38L,La Head,442,,22,2023-07-27,day,32,2024-01-08
0.735,0.507,0,-10.639,1,0.121,0.00527,1.89e-06,0.138,0.251,160.032,183000,4,0aI4gwTJOxwff7Dx1X2LG9,Black Truck,7wBGhYgam71MAVW9BYZpvA,"2GTAilYSBt1DNZ7UPCB38L,0pIEy6yC2cOJnsaLA7FZYU",La Head|Xlean,442|195,|,22|15,2023-10-12,day,17,2024-01-08
0.763,0.726,1,-6.405,1,0.282,0.259,0.0,0.0976,0.349,139.059,126346,4,7floNISpH8VF4z4459Qo18,Look At Me!,7wBGhYgam71MAVW9BYZpvA,15UsOTVnJzReFVN1VCnxy4,XXXTENTACION,43791982,emo rap|miami hip hop|rap,85,2017-02-20,day,83,2024-01-08
0.804,0.886,1,-2.512,1,0.04,0.0837,0.0,0.266,0.789,144.946,238587,4,0pSBuHjILhNEo55xK1zrRt,Rolex,7wBGhYgam71MAVW9BYZpvA,27mFvqQj8KpjmdKIqcw1mG,Ayo & Teo,925336,trap|viral rap|viral trap,56,2017-03-15,day,72,2024-01-08
0.698,0.821,0,-8.711,0,0.34,0.000753,0.00148,0.17,0.672,160.131,72072,4,220CLdJWvaRzfXzoyqfrIe,Shooting Star,7wBGhYgam71MAVW9BYZpvA,3uLdlVUfJxSnRTgbC27Iom,Jae Fiend,1180,,13,2023-11-17,day,5,2024-01-08
0.732,0.75,11,-6.366,0,0.231,0.00264,0.0,0.109,0.401,155.096,182707,4,7GX5flRQZVHRAGd6B4TmDO,XO Tour Llif3,7wBGhYgam71MAVW9BYZpvA,4O15NlyKLIASxsJ0PrXPfz,Lil Uzi Vert,16484624,hip hop|melodic rap|philly rap|rage rap|rap,85,2017-08-25,day,86,2024-01-08
0.798,0.568,5,-9.072,0,0.135,0.0213,0.0,0.0586,0.45,148.88,193911,3,6JjEVlMkfHWMeYavkEYzNO,Gassed Up,7wBGhYgam71MAVW9BYZpvA,5lCY3tqdQxbeg5igSlObaT,Nebu Kiniza,365771,melodic rap|plugg,49,2016-08-26,day,69,2024-01-08
0.766,0.606,9,-6.064,1,0.456,0.00266,0.0,0.166,0.352,160.223,140000,4,3wGXyJGsCf1myH5MooQIqE,The Race,7wBGhYgam71MAVW9BYZpvA,2ODbg2404zUzTi02qIPEjB,Tay-K,3395241,cali rap|dfw rap|rap|trap,66,2017-12-14,day,73,2024-01-08
0.839,0.81,5,-5.274,0,0.0568,0.501,0.0,0.117,0.814,129.014,209269,4,1f5cbQtDrykjarZVrShaDI,Drowning (feat. Kodak Black),7wBGhYgam71MAVW9BYZpvA,"31W5EY0aAly4Qieq6OFu6I,46SHBwWsqBkxI7EeeBEQG7",A Boogie Wit da Hoodie|Kodak Black,7919751|10072386,melodic rap|rap|trap|florida drill|florida rap|melodic rap|miami hip hop|rap|trap|trap latino,79|80,2017-09-29,day,81,2024-01-08
0.65,0.714,4,-5.318,0,0.038,0.133,0.000187,0.116,0.15,145.059,178227,4,537l7spEsGg6aWl6Y9eKAs,Killamonjaro,7wBGhYgam71MAVW9BYZpvA,0gCGZZ1Ibo5QsOnll977PD,KILLY,488241,canadian hip hop|canadian trap|melodic rap,49,2017-06-23,day,52,2024-01-08
0.598,0.571,8,-12.616,0,0.139,0.704,0.0,0.513,0.962,173.141,119880,4,5dUMh0ugelpKfoFp3qChuK,Hit the Road Jack,7wBGhYgam71MAVW9BYZpvA,1eYhYunlNJlDoQhtYBvPsi,Ray Charles,2164047,classic soul|jazz blues|piano blues|soul|soul blues|vocal jazz,67,2021-09-10,day,77,2024-01-08
0.791,0.666,8,-5.484,1,0.341,0.0256,6.33e-06,0.0796,0.938,90.345,232533,4,0Uhnzk5zI46IRlQ04LNOtc,Hey Ma,7wBGhYgam71MAVW9BYZpvA,"7iMvwE8qANp3aIfAGKEAwS,6Uh8uJyN9g7oFjDK16nJgb,6EjZmcZTs67OVOG511gGn3,02ehFoytLUjat0JMYpYsml",Cam'ron|Juelz Santana|Freekey Zeekey|Toya,704527|832453|849|175,battle rap|east coast hip hop|harlem hip hop|southern hip hop|detroit hip hop|gangster rap|harlem hip hop|hip pop|nyc rap|pop rap|trap||,57|62|47|47,2002-01-01,day,58,2024-01-08
0.852,0.161,8,-18.121,1,0.436,0.0392,4.2e-05,0.076,0.297,139.989,164773,4,27v4tcUfyW9J8opqkrOrg1,Ski Mask,7wBGhYgam71MAVW9BYZpvA,21dooacK2WGBB5amYvKyfM,Smokepurpp,2436107,melodic rap|miami hip hop|trap|underground hip hop,56,2017-05-12,day,45,2024-01-08
0.74,0.613,8,-4.88,1,0.145,0.258,0.00372,0.123,0.473,75.023,166606,4,3ee8Jmje8o58CHK66QrVC2,SAD!,7wBGhYgam71MAVW9BYZpvA,15UsOTVnJzReFVN1VCnxy4,XXXTENTACION,43791982,emo rap|miami hip hop|rap,85,2018-03-16,day,84,2024-01-08
0.835,0.469,1,-7.651,1,0.336,0.153,6.59e-05,0.104,0.723,74.972,124880,4,7rkUxKdccB5wb18ZlDWQBS,Kame In,7wBGhYgam71MAVW9BYZpvA,6FqXAd1hQl7vVdIQ3hhtgc,D. Savage,519741,plugg,59,2018-02-08,day,31,2024-01-08
0.874,0.665,11,-8.725,0,0.305,0.0375,0.0,0.328,0.586,135.059,191086,4,63U0seGAXrrx4BldKsEugM,Shoot,7wBGhYgam71MAVW9BYZpvA,4TEJudQY2pXxVHPE3gD2EU,BlocBoy JB,1382450,memphis hip hop|rap|tennessee hip hop|trap,57,2017-10-28,day,40,2024-01-08
0.721,0.766,7,-6.847,1,0.324,0.0913,0.0,0.165,0.614,164.02,175294,4,28KTX2uEk6n9UiE7J8YDKF,Get Off,7wBGhYgam71MAVW9BYZpvA,2OUYh468x8oK04f2azuxGu,Zo,65268,,26,2017-10-27,day,22,2024-01-08
0.733,0.678,6,-7.771,1,0.438,0.121,0.0,0.344,0.841,175.985,142000,4,5PTG6rrL6EPFD9E2QMI2pl,JAPAN,7wBGhYgam71MAVW9BYZpvA,0WOxhx4hikIsyF3CRPLC8W,Famous Dex,2485160,chicago rap|drill|rap|trap,57,2018-04-06,day,68,2024-01-08
0.817,0.646,4,-5.12,0,0.249,0.0152,0.0,0.125,0.835,162.898,213080,4,794QVQtFNy7hvtjQP1keQd,1942 (feat. Yo Gotti & YBN Nahmir),7wBGhYgam71MAVW9BYZpvA,"02kJSzxNuaWGqwubyUba0Z,6Ha4aES39QiVjR0L2lwuwq,3gGUMEwIX6XodWsYEvKSal",G-Eazy|Yo Gotti|YBN Nahmir,5198099|4353152|2997482,indie pop rap|oakland hip hop|pop rap|rap|dirty south rap|gangster rap|memphis hip hop|rap|southern hip hop|tennessee hip hop|trap|alabama rap|rap|trap,74|64|61,2018-04-13,day,60,2024-01-08
0.802,0.424,1,-11.366,0,0.0627,0.603,7.73e-06,0.108,0.476,140.069,137200,4,1EuVCg1G7fVjuhKurU7m2b,No Romance,7wBGhYgam71MAVW9BYZpvA,"1TlOcOaTgKTolKfAUeMHgM,0gCGZZ1Ibo5QsOnll977PD",16yrold|KILLY,35177|488241,pluggnb|canadian hip hop|canadian trap|melodic rap,33|49,2017-09-29,day,50,2024-01-08
0.886,0.542,1,-5.424,1,0.338,0.113,0.0,0.151,0.314,83.519,138997,4,32OkBQinMWqa7ZydEkHqVi,Hard (feat. Tay-K and BlocBoy JB),7wBGhYgam71MAVW9BYZpvA,"0umhtjpC8x3Dg7UXDNUzmX,2ODbg2404zUzTi02qIPEjB,4TEJudQY2pXxVHPE3gD2EU",No Jumper|Tay-K|BlocBoy JB,83212|3395241|1382450,|cali rap|dfw rap|rap|trap|memphis hip hop|rap|tennessee hip hop|trap,39|66|57,2018-03-22,day,60,2024-01-08
0.718,0.767,9,-5.641,1,0.166,0.138,0.0,0.114,0.519,160.084,156000,4,7oJrVhiTPZGBXWPwhxjy9S,Lust,7wBGhYgam71MAVW9BYZpvA,7d3WFRME3vBY2cgoP38RDo,Lil Skies,5025379,melodic rap,67,2017-12-12,day,75,2024-01-08
0.921,0.537,9,-5.723,0,0.0804,0.556,0.00404,0.102,0.711,128.009,135090,4,0JP9xo3adEtGSdUEISiszL,Moonlight,7wBGhYgam71MAVW9BYZpvA,15UsOTVnJzReFVN1VCnxy4,XXXTENTACION,43791982,emo rap|miami hip hop|rap,85,2018-03-16,day,84,2024-01-08
0.511,0.566,6,-7.23,0,0.2,0.349,0.0,0.34,0.218,83.903,239836,4,285pBltuF7vW8TeWk8hdRR,Lucid Dreams,7wBGhYgam71MAVW9BYZpvA,4MCBfE4596Uoi2O4DtmEMz,Juice WRLD,32077469,chicago rap|melodic rap|rap,87,2018-12-10,day,87,2024-01-08
0.745,0.646,6,-6.987,0,0.17,0.157,0.0,0.338,0.46,79.993,203908,4,689uBlyIufk2LUhAwjny4w,Nowadays (feat. Landon Cube),7wBGhYgam71MAVW9BYZpvA,"7d3WFRME3vBY2cgoP38RDo,04ei5kNgmDuNAydFhhIHnD",Lil Skies|Landon Cube,5025379|371126,melodic rap|pop rap,67|56,2017-12-20,day,52,2024-01-08
0.906,0.444,4,-8.692,0,0.384,0.136,6.44e-05,0.173,0.678,140.063,235040,4,4gmmRb6bZJffOOiww1JGTO,No Heart,7wBGhYgam71MAVW9BYZpvA,"1URnnhqYAYcrqrcwql10ft,0iEtIxbK0KxaSlF7G42ZOp",21 Savage|Metro Boomin,16213669|6641993,atl hip hop|hip hop|rap|rap,89|87,2016-07-15,day,76,2024-01-08
0.741,0.761,4,-3.871,0,0.0512,0.235,0.0,0.119,0.217,81.546,149576,4,7o1RFIJYqa7tsbZ79LRR3n,Poles 1469,7wBGhYgam71MAVW9BYZpvA,"6Xgp2XMz1fhVYe7i6yNAax,7gZfnEnfiaHzxARJ2LeXrf",Trippie Redd|6ix9ine,9249721|6888600,melodic rap|rap|trap|emo rap,80|68,2017-05-14,day,63,2024-01-08
0.597,0.416,5,-8.247,1,0.0345,0.29,0.00483,0.116,0.236,129.898,238800,4,2Tb7xvrJZj4eFQYXmKM65v,Mama,7wBGhYgam71MAVW9BYZpvA,2PU4qFehXQF7WnlFsJpBiJ,Raury,200041,psychedelic hip hop,47,2015-10-16,day,23,2024-01-08
0.831,0.456,10,-10.778,1,0.585,0.213,0.0,0.0669,0.535,158.006,98734,4,4p55EkzkGnWmLYDiNXc14t,Bands,7wBGhYgam71MAVW9BYZpvA,1iJdyDcY98X3GMnUesl7tf,Comethazine,2231972,trap|underground hip hop,60,2018-08-24,day,61,2024-01-08
0.669,0.308,11,-10.068,1,0.029,0.883,0.0,0.0984,0.52,64.934,121887,4,7AFASza1mXqntmGtbxXprO,changes,7wBGhYgam71MAVW9BYZpvA,15UsOTVnJzReFVN1VCnxy4,XXXTENTACION,43791982,emo rap|miami hip hop|rap,85,2018-03-16,day,80,2024-01-08
0.865,0.624,8,-8.224,1,0.103,0.033,0.0,0.0984,0.396,94.94,97344,4,2iWEpiPiIPf5D4f2UGBlrZ,Bounce Out With That,7wBGhYgam71MAVW9BYZpvA,3gGUMEwIX6XodWsYEvKSal,YBN Nahmir,2997482,alabama rap|rap|trap,61,2018-05-18,day,48,2024-01-08
0.795,0.728,9,-4.712,0,0.0544,0.207,0.0,0.237,0.582,146.979,228080,4,790MhTXPFrYkrqCKvpg4t1,Wanted You (feat. Lil Uzi Vert),7wBGhYgam71MAVW9BYZpvA,"7rkW85dBwwrJtlHRDkJDAC,4O15NlyKLIASxsJ0PrXPfz",NAV|Lil Uzi Vert,3426047|16484624,canadian hip hop|canadian trap|melodic rap|rap|trap|hip hop|melodic rap|philly rap|rage rap|rap,72|85,2017-11-03,day,54,2024-01-08
0.792,0.743,7,-2.806,1,0.0851,0.107,0.0,0.183,0.742,150.024,195637,4,14mHfNsSHN0FbLftyjrV9g,Leave Me Alone,7wBGhYgam71MAVW9BYZpvA,2HUwZ0kumzCSlhFcjFZfpp,Flipp Dinero,1285232,melodic rap|trap,56,2018-09-04,day,63,2024-01-08
0.674,0.566,5,-9.07,0,0.408,0.161,9.42e-06,0.349,0.752,140.114,166087,4,5eq8CDTzJIOq0aMtwbp5Gn,Don't Say That (Feat. Lil Uzi Vert),7wBGhYgam71MAVW9BYZpvA,"4TEJudQY2pXxVHPE3gD2EU,4O15NlyKLIASxsJ0PrXPfz",BlocBoy JB|Lil Uzi Vert,1382450|16484624,memphis hip hop|rap|tennessee hip hop|trap|hip hop|melodic rap|philly rap|rage rap|rap,57|85,2018-10-30,day,34,2024-01-08
0.901,0.352,2,-10.038,1,0.0916,0.585,0.0,0.122,0.199,111.065,224865,4,5v7kaZNsnyByrSJOfO8gKq,Skrt,7wBGhYgam71MAVW9BYZpvA,46SHBwWsqBkxI7EeeBEQG7,Kodak Black,10072386,florida drill|florida rap|melodic rap|miami hip hop|rap|trap|trap latino,80,2016-02-12,day,65,2024-01-08
0.961,0.708,5,-5.524,0,0.287,0.0672,0.0,0.117,0.582,130.0,214830,4,7uDmtMSHiwHt4SXqxbYqIr,Every Season,7wBGhYgam71MAVW9BYZpvA,757aE44tKEUQEqRuT6GnEB,Roddy Ricch,10179420,melodic rap|rap|trap,76,2018-10-26,day,49,2024-01-08
0.791,0.587,3,-5.075,0,0.0413,0.407,0.0,0.148,0.536,96.057,179449,4,3Ol2xnObFdKV9pmRD2t9x8,Look Back at It,7wBGhYgam71MAVW9BYZpvA,31W5EY0aAly4Qieq6OFu6I,A Boogie Wit da Hoodie,7919751,melodic rap|rap|trap,79,2018-12-21,day,79,2024-01-08
0.774,0.716,8,-4.936,0,0.0438,0.307,0.0,0.0973,0.579,150.037,193618,4,792MY19uNkA4SJBqdw5a84,Virtual (Blue Balenciagas),7wBGhYgam71MAVW9BYZpvA,1cNDP5yjU5vjeR8qMf4grg,YNW Melly,9987188,melodic rap|rap,72,2018-04-20,day,50,2024-01-08
0.759,0.73,0,-7.985,0,0.0516,0.145,3.06e-06,0.11,0.74,115.007,268434,4,7eBqSVxrzQZtK2mmgRG6lC,Murder on My Mind,7wBGhYgam71MAVW9BYZpvA,1cNDP5yjU5vjeR8qMf4grg,YNW Melly,9987188,melodic rap|rap,72,2018-08-03,day,81,2024-01-08
0.821,0.485,1,-12.369,1,0.411,0.324,0.0,0.105,0.41,143.026,235024,4,3U3gHqRwjam6CxwW68m30z,Resume,7wBGhYgam71MAVW9BYZpvA,6jGMq4yGs7aQzuGsMgVgZR,Lil Tjay,7762838,brooklyn drill|melodic rap|nyc rap|rap,78,2019-01-29,day,70,2024-01-08
0.878,0.619,6,-5.56,1,0.102,0.0533,0.0,0.113,0.639,136.041,157067,4,2YpeDb67231RjR0MgVLzsG,Old Town Road - Remix,7wBGhYgam71MAVW9BYZpvA,"7jVv8c5Fj3E9VhNjxT4snq,60rpJ9SgigSd16DOAG7GSa",Lil Nas X|Billy Ray Cyrus,12449695|239024,lgbtq+ hip hop|country rock,75|61,2019-06-21,day,78,2024-01-08
0.623,0.692,2,-5.122,1,0.0504,0.328,0.0,0.153,0.566,79.899,240051,4,6iaSML1PIYq936g62BDtBq,Robbery,7wBGhYgam71MAVW9BYZpvA,4MCBfE4596Uoi2O4DtmEMz,Juice WRLD,32077469,chicago rap|melodic rap|rap,87,2019-03-08,day,83,2024-01-08
0.699,0.558,11,-7.622,1,0.0603,0.462,0.0,0.116,0.493,79.992,165000,4,7zLYKWcXnYeHHWidalz7rj,Noticed,7wBGhYgam71MAVW9BYZpvA,5zctI4wO9XSKS8XwcnqEHk,Lil Mosey,5330351,melodic rap|rap conscient,67,2018-10-19,day,75,2024-01-08
0.587,0.711,1,-6.33,1,0.42,0.171,0.0,0.125,0.381,98.008,254694,4,3muBQDekYAg7jm6hDu6R0Z,First Day Out,7wBGhYgam71MAVW9BYZpvA,6AUl0ykLLpvTktob97x9hO,Tee Grizzley,3630266,detroit hip hop|detroit trap|rap|southern hip hop|trap,69,2017-04-07,day,73,2024-01-08
0.881,0.581,5,-5.162,1,0.0901,0.631,0.0,0.0986,0.876,78.508,163567,4,7bOlOJHn9IOaXX7IwaK905,Through the Storm,7wBGhYgam71MAVW9BYZpvA,7wlFDEWiM5OoIAt8RSli8b,YoungBoy Never Broke Again,12248282,baton rouge rap|rap,82,2018-06-29,day,67,2024-01-08
0.688,0.489,2,-7.627,0,0.173,0.619,0.0,0.153,0.559,85.404,210120,5,2wUwC1gBJIC05JH87v2hgN,Brothers (feat. Lil Durk) - Remix,7wBGhYgam71MAVW9BYZpvA,6jGMq4yGs7aQzuGsMgVgZR,Lil Tjay,7762838,brooklyn drill|melodic rap|nyc rap|rap,78,2019-10-11,day,65,2024-01-08
0.845,0.76,1,-6.008,0,0.362,0.209,0.0,0.105,0.516,101.91,145547,4,1JGaV39uhSQd2eAteOxFlF,Bleed It,7wBGhYgam71MAVW9BYZpvA,3Fl1V19tmjt57oBdxXKAjJ,Blueface,6560895,cali rap|rap,66,2019-08-09,day,58,2024-01-08
0.748,0.578,9,-5.72,1,0.194,0.257,0.0,0.13,0.166,140.016,192606,4,2qGfZAgDe1pV2y5xJAhi6R,Slime Belief,7wBGhYgam71MAVW9BYZpvA,7wlFDEWiM5OoIAt8RSli8b,YoungBoy Never Broke Again,12248282,baton rouge rap|rap,82,2018-12-20,day,67,2024-01-08
0.84,0.543,1,-7.738,1,0.476,0.0399,0.0,0.117,0.161,170.067,171714,4,2QgfDF0fQ4sskDthP8MG5w,asmr,7wBGhYgam71MAVW9BYZpvA,1URnnhqYAYcrqrcwql10ft,21 Savage,16213669,atl hip hop|hip hop|rap,89,2018-12-21,day,63,2024-01-08
0.792,0.484,7,-7.801,0,0.155,0.558,0.0,0.134,0.353,140.019,198054,4,2A4vCndSkZ3jd5nfh3a8gc,Skeezers,7wBGhYgam71MAVW9BYZpvA,31W5EY0aAly4Qieq6OFu6I,A Boogie Wit da Hoodie,7919751,melodic rap|rap|trap,79,2018-12-21,day,64,2024-01-08
0.743,0.87,1,-2.188,1,0.212,0.0595,0.0,0.299,0.884,99.079,194184,4,3wScL5W8H40zzCKN0atfBk,Uproar,7wBGhYgam71MAVW9BYZpvA,"55Aa2cqylxrFIXC767Z865,2cADQgiLMjNhbsfeN52Bf3",Lil Wayne|Swizz Beatz,14232381|418448,hip hop|new orleans rap|pop rap|rap|trap|battle rap|dirty south rap|southern hip hop|trap,85|61,2018-09-28,day,67,2024-01-08
0.745,0.642,7,-6.257,0,0.287,0.0204,0.0,0.0658,0.226,179.974,131240,4,1lOe9qE0vR9zwWQAOk6CoO,Ransom,7wBGhYgam71MAVW9BYZpvA,4Ga1P7PMIsmqEZqhYZQgDo,Lil Tecca,6789664,melodic rap|pluggnb|rap,80,2019-08-30,day,84,2024-01-08
0.742,0.579,0,-5.024,1,0.202,0.0381,0.0,0.0952,0.502,144.994,258475,4,1a7WZZZH7LzyvorhpOJFTe,Wasted (feat. Lil Uzi Vert),7wBGhYgam71MAVW9BYZpvA,"4MCBfE4596Uoi2O4DtmEMz,4O15NlyKLIASxsJ0PrXPfz",Juice WRLD|Lil Uzi Vert,32077469|16484624,chicago rap|melodic rap|rap|hip hop|melodic rap|philly rap|rage rap|rap,87|85,2018-12-10,day,78,2024-01-08
0.661,0.572,1,-7.101,1,0.338,0.0149,0.0,0.175,0.339,159.961,180293,4,1EXgignL7eG2MHErBEAD5d,Deep Wounds,7wBGhYgam71MAVW9BYZpvA,6AgTAQt8XS6jRWi4sX7w49,Polo G,10657935,chicago rap|rap,80,2019-06-07,day,62,2024-01-08
0.725,0.782,2,-2.182,1,0.152,0.154,0.0,0.0662,0.428,95.532,170830,4,1ZHbGd0JjlE5pjvlmYwYTr,Sweet Thangs,7wBGhYgam71MAVW9BYZpvA,6AUl0ykLLpvTktob97x9hO,Tee Grizzley,3630266,detroit hip hop|detroit trap|rap|southern hip hop|trap,69,2019-06-07,day,49,2024-01-08
0.942,0.382,10,-8.099,1,0.564,0.00192,0.0,0.092,0.379,100.017,177864,4,3KLo7ByvjCNyBrfz5DZ2mO,Splashin,7wBGhYgam71MAVW9BYZpvA,1pPmIToKXyGdsCF6LmqLmI,Rich The Kid,3203856,atl hip hop|melodic rap|plugg|rap|trap,66,2019-03-22,day,61,2024-01-08
0.661,0.44,2,-9.104,1,0.0803,0.457,0.0,0.128,0.352,149.937,230400,4,6vWEAOUSxohKxhp0K1BsxL,Mixed Personalities (feat. Kanye West),7wBGhYgam71MAVW9BYZpvA,"1cNDP5yjU5vjeR8qMf4grg,5K4W6rqBFWDnAN6FQUkS6x",YNW Melly|Kanye West,9987188|22986248,melodic rap|rap|chicago rap|hip hop|rap,72|91,2019-01-18,day,73,2024-01-08
0.703,0.594,5,-6.146,0,0.0752,0.342,0.0,0.123,0.475,153.848,114893,4,6fTt0CH2t0mdeB2N9XFG5r,Panini,7wBGhYgam71MAVW9BYZpvA,7jVv8c5Fj3E9VhNjxT4snq,Lil Nas X,12449695,lgbtq+ hip hop,75,2019-06-21,day,61,2024-01-08
0.842,0.743,7,-4.43,1,0.329,0.00531,3.69e-06,0.151,0.622,180.917,149880,4,5IjRKZlpKVBBRn0COL7pik,Stop Snitchin,7wBGhYgam71MAVW9BYZpvA,0A0FS04o6zMoto8OKPsDwY,YG,3205645,cali rap|hip hop|pop rap|rap|southern hip hop|trap,72,2019-05-24,day,56,2024-01-08
0.951,0.573,0,-6.002,0,0.227,0.0667,0.0,0.119,0.42,105.052,211040,4,0Zl4G9qcdXV5hVhdOirNHG,Goddamn (feat. A Boogie wit da Hoodie),7wBGhYgam71MAVW9BYZpvA,"5LHRHt1k9lMyONurDHEdrp,31W5EY0aAly4Qieq6OFu6I",Tyga|A Boogie Wit da Hoodie,6848796|7919751,hip hop|pop rap|rap|trap|melodic rap|rap|trap,78|79,2019-04-15,day,54,2024-01-08
0.538,0.52,7,-11.063,0,0.737,0.308,0.0,0.214,0.551,180.274,174192,4,5uZm7EFtP5aoTJvx5gv9Xf,Jungle,7wBGhYgam71MAVW9BYZpvA,31W5EY0aAly4Qieq6OFu6I,A Boogie Wit da Hoodie,7919751,melodic rap|rap|trap,79,2016-09-16,day,76,2024-01-08
0.792,0.571,8,-7.539,0,0.094,0.301,0.0,0.1,0.556,99.999,139200,4,3to5UxKsozb4T6CfwHuhLJ,Kamikaze,7wBGhYgam71MAVW9BYZpvA,5zctI4wO9XSKS8XwcnqEHk,Lil Mosey,5330351,melodic rap|rap conscient,67,2018-10-19,day,67,2024-01-08
0.748,0.648,10,-6.445,0,0.0816,0.484,0.0,0.126,0.726,139.952,123560,4,7iHHxY2NLlJRAmlAmC4ahQ,Stuck In A Dream (feat. Gunna),7wBGhYgam71MAVW9BYZpvA,"5zctI4wO9XSKS8XwcnqEHk,2hlmm7s2ICUX0LVIhVFlZQ",Lil Mosey|Gunna,5330351|6520604,melodic rap|rap conscient|atl hip hop|melodic rap|rap|trap,67|84,2019-11-08,day,72,2024-01-08
0.809,0.545,7,-6.678,1,0.0735,0.392,0.0,0.151,0.244,97.008,180435,4,3QzAOrNlsabgbMwlZt7TAY,Ballin' (with Roddy Ricch),7wBGhYgam71MAVW9BYZpvA,"0YinUQ50QDB7ZxSCLyQ40k,757aE44tKEUQEqRuT6GnEB",Mustard|Roddy Ricch,1137452|10179420,cali rap|pop rap|rap|southern hip hop|trap|melodic rap|rap|trap,70|76,2019-06-28,day,80,2024-01-08
0.883,0.525,2,-8.054,0,0.0633,0.189,0.0,0.0971,0.312,99.978,174100,4,2zjGJ0dChMR0KxBZS15aqo,"Baguettes in the Face (feat. NAV, Playboi Carti & A Boogie Wit da Hoodie)",7wBGhYgam71MAVW9BYZpvA,"0YinUQ50QDB7ZxSCLyQ40k,7rkW85dBwwrJtlHRDkJDAC,699OTQXzgjhIYAHMy9RyPD,31W5EY0aAly4Qieq6OFu6I",Mustard|NAV|Playboi Carti|A Boogie Wit da Hoodie,1137452|3426047|9643234|7919751,cali rap|pop rap|rap|southern hip hop|trap|canadian hip hop|canadian trap|melodic rap|rap|trap|atl hip hop|plugg|pluggnb|rage rap|rap|melodic rap|rap|trap,70|72|84|79,2019-06-28,day,68,2024-01-08
0.83,0.376,4,-8.073,0,0.19,0.0121,8.07e-06,0.218,0.165,129.981,212052,4,7jI9cnrZof9mRNpIsA7QQN,Out Tha Mud,7wBGhYgam71MAVW9BYZpvA,757aE44tKEUQEqRuT6GnEB,Roddy Ricch,10179420,melodic rap|rap|trap,76,2019-06-07,day,47,2024-01-08
0.846,0.58,9,-7.92,0,0.476,0.0185,1.83e-05,0.057,0.553,103.956,161307,4,16YQkGOiqsATntjuZCq52X,Stop Cappin,7wBGhYgam71MAVW9BYZpvA,3Fl1V19tmjt57oBdxXKAjJ,Blueface,6560895,cali rap|rap,66,2019-05-03,day,43,2024-01-08
0.787,0.713,7,-5.252,1,0.401,0.0849,0.0,0.717,0.761,175.046,148759,4,4sWuPniHClkInYAnzXAYUF,Camelot,7wBGhYgam71MAVW9BYZpvA,0ErzCpIMyLcjPiwT4elrtZ,NLE Choppa,7400887,memphis hip hop|rap,79,2019-09-13,day,66,2024-01-08
0.658,0.736,9,-6.097,0,0.308,0.113,0.0,0.0978,0.804,143.966,160000,4,57IRaiAB4hBZu3gnNVZC0v,No Smoke,7wBGhYgam71MAVW9BYZpvA,7wlFDEWiM5OoIAt8RSli8b,YoungBoy Never Broke Again,12248282,baton rouge rap|rap,82,2017-08-04,day,63,2024-01-08
0.717,0.598,5,-5.613,0,0.0809,0.22,0.0,0.122,0.496,153.905,151040,4,4SDgTLDYrJ2UrHbkRkg7MD,Panini - DaBaby Remix,7wBGhYgam71MAVW9BYZpvA,"7jVv8c5Fj3E9VhNjxT4snq,4r63FhuTkUYltbVAg5TQnk",Lil Nas X|DaBaby,12449695|11554890,lgbtq+ hip hop|hip hop|north carolina hip hop|pop rap|rap|trap,75|78,2019-09-13,day,62,2024-01-08
0.684,0.671,2,-6.424,0,0.289,0.0119,0.0,0.0769,0.45,179.987,171253,4,2WsuSYJNXGKXVYkHPnq2yp,Ransom (with Juice WRLD) - Remix,7wBGhYgam71MAVW9BYZpvA,"4Ga1P7PMIsmqEZqhYZQgDo,4MCBfE4596Uoi2O4DtmEMz",Lil Tecca|Juice WRLD,6789664|32077469,melodic rap|pluggnb|rap|chicago rap|melodic rap|rap,80|87,2019-08-30,day,75,2024-01-08
0.719,0.538,11,-6.897,0,0.28,0.632,0.0,0.135,0.803,204.132,117013,4,4e0FYxSROat25pH16zMTZI,Love Me,7wBGhYgam71MAVW9BYZpvA,4Ga1P7PMIsmqEZqhYZQgDo,Lil Tecca,6789664,melodic rap|pluggnb|rap,80,2019-08-30,day,79,2024-01-08
0.686,0.561,10,-9.929,0,0.191,0.185,0.0,0.114,0.186,148.775,116240,4,4guBZjUyrGoHsTahO3IHdj,Did It Again,7wBGhYgam71MAVW9BYZpvA,4Ga1P7PMIsmqEZqhYZQgDo,Lil Tecca,6789664,melodic rap|pluggnb|rap,80,2019-08-30,day,79,2024-01-08
0.941,0.676,4,-5.54,0,0.0936,0.211,4.64e-06,0.0986,0.93,120.073,156960,4,0VZe8C7xgAIQC0E0qEVIEh,Mood Swings,7wBGhYgam71MAVW9BYZpvA,31W5EY0aAly4Qieq6OFu6I,A Boogie Wit da Hoodie,7919751,melodic rap|rap|trap,79,2020-02-14,day,58,2024-01-08
0.502,0.671,9,-5.158,0,0.293,0.147,0.0,0.211,0.584,153.864,176483,4,4XlyD28tQ6qdqNS2BkE1AF,Ranada,7wBGhYgam71MAVW9BYZpvA,7wlFDEWiM5OoIAt8RSli8b,YoungBoy Never Broke Again,12248282,baton rouge rap|rap,82,2019-10-11,day,66,2024-01-08
0.63,0.804,6,-4.183,1,0.0363,0.215,0.0,0.253,0.492,123.146,220293,4,3a1lNhkSLSkpJE4MSHpDu9,Congratulations,7wBGhYgam71MAVW9BYZpvA,"246dkjvS1zLTtiykXe5h60,0VRj0yCOv2FXJNP47XQnx5",Post Malone|Quavo,43068815|7128651,dfw rap|melodic rap|pop|rap|atl hip hop|melodic rap|rap|trap,87|77,2016-12-09,day,85,2024-01-08
0.474,0.631,5,-5.884,0,0.343,0.0687,0.0,0.132,0.425,180.051,189323,4,6Gg1gjgKi2AK4e0qzsR7sd,Bandit (with YoungBoy Never Broke Again),7wBGhYgam71MAVW9BYZpvA,"4MCBfE4596Uoi2O4DtmEMz,7wlFDEWiM5OoIAt8RSli8b",Juice WRLD|YoungBoy Never Broke Again,32077469|12248282,chicago rap|melodic rap|rap|baton rouge rap|rap,87|82,2019-10-04,day,73,2024-01-08
0.626,0.673,6,-6.658,0,0.252,0.366,0.0,0.111,0.315,89.878,174333,4,44b5itlYXwofZZoPFsNzcT,Somebody,7wBGhYgam71MAVW9BYZpvA,"6MPCFvOQv5cIGfw3jODMF0,4Ga1P7PMIsmqEZqhYZQgDo,31W5EY0aAly4Qieq6OFu6I",Internet Money|Lil Tecca|A Boogie Wit da Hoodie,778596|6789664|7919751,pop rap|trap|melodic rap|pluggnb|rap|melodic rap|rap|trap,67|80|79,2020-08-28,day,62,2024-01-08
0.788,0.747,4,-4.455,0,0.222,0.0198,0.0,0.386,0.622,164.96,102867,4,3AP0eD0OkIVTIoymrJgQMH,I Don't Need No Help - Glokknine Remix,7wBGhYgam71MAVW9BYZpvA,0ErzCpIMyLcjPiwT4elrtZ,NLE Choppa,7400887,memphis hip hop|rap,79,2019-02-06,day,53,2024-01-08
0.741,0.415,2,-6.775,0,0.0489,0.318,0.0,0.104,0.404,87.079,154880,4,3gOh1UDmnGWN4wrEcaulri,"Left, Right",7wBGhYgam71MAVW9BYZpvA,4Ga1P7PMIsmqEZqhYZQgDo,Lil Tecca,6789664,melodic rap|pluggnb|rap,80,2019-08-30,day,59,2024-01-08
0.567,0.515,6,-10.265,0,0.247,0.354,0.0,0.078,0.321,120.1,224000,1,0RLLvYBopDwooCyvnTwgYu,F.N,7wBGhYgam71MAVW9BYZpvA,6jGMq4yGs7aQzuGsMgVgZR,Lil Tjay,7762838,brooklyn drill|melodic rap|nyc rap|rap,78,2019-10-11,day,79,2024-01-08
0.757,0.673,1,-8.513,1,0.141,0.095,0.0,0.338,0.574,92.958,185806,3,6ztvsy3C6hPjVg9j4x1XKJ,Tip Toe (feat. A Boogie Wit da Hoodie),7wBGhYgam71MAVW9BYZpvA,"757aE44tKEUQEqRuT6GnEB,31W5EY0aAly4Qieq6OFu6I",Roddy Ricch|A Boogie Wit da Hoodie,10179420|7919751,melodic rap|rap|trap|melodic rap|rap|trap,76|79,2019-12-06,day,58,2024-01-08
0.738,0.657,3,-8.737,0,0.109,0.164,0.0,0.163,0.716,159.01,135849,4,7AOtINPzQ4N4JVXk7ygZZz,Intro,7wBGhYgam71MAVW9BYZpvA,757aE44tKEUQEqRuT6GnEB,Roddy Ricch,10179420,melodic rap|rap|trap,76,2019-12-06,day,55,2024-01-08
0.886,0.479,4,-8.054,0,0.334,0.077,0.0,0.135,0.408,130.029,158692,4,5ravc2aiNoYmu9m37diYXW,Start Wit Me (feat. Gunna),7wBGhYgam71MAVW9BYZpvA,"757aE44tKEUQEqRuT6GnEB,2hlmm7s2ICUX0LVIhVFlZQ",Roddy Ricch|Gunna,10179420|6520604,melodic rap|rap|trap|atl hip hop|melodic rap|rap|trap,76|84,2019-10-25,day,49,2024-01-08
0.896,0.586,10,-6.687,0,0.0559,0.104,0.0,0.79,0.642,116.971,196653,4,0nbXyq5TXYPCO7pr3N8S4I,The Box,7wBGhYgam71MAVW9BYZpvA,757aE44tKEUQEqRuT6GnEB,Roddy Ricch,10179420,melodic rap|rap|trap,76,2019-12-06,day,86,2024-01-08
0.926,0.454,6,-9.932,1,0.0732,0.036,0.000422,0.0896,0.34,119.969,224002,4,4SWWe2OYC4mqf40Gc2RSdl,Down Below,7wBGhYgam71MAVW9BYZpvA,757aE44tKEUQEqRuT6GnEB,Roddy Ricch,10179420,melodic rap|rap|trap,76,2018-11-02,day,73,2024-01-08
0.688,0.656,4,-5.541,0,0.276,0.218,0.0,0.115,0.365,160.414,157657,4,3wLtYwtqvKK2ewelSVPeDK,Die Young,7wBGhYgam71MAVW9BYZpvA,757aE44tKEUQEqRuT6GnEB,Roddy Ricch,10179420,melodic rap|rap|trap,76,2018-11-02,day,67,2024-01-08
0.71,0.49,1,-9.832,1,0.246,0.128,0.0,0.0942,0.621,74.351,195587,4,3NqCEpT8xsHdzpiRlM1kpS,Through Da Storm,7wBGhYgam71MAVW9BYZpvA,6AgTAQt8XS6jRWi4sX7w49,Polo G,10657935,chicago rap|rap,80,2019-06-07,day,74,2024-01-08
0.676,0.609,2,-5.831,0,0.481,0.0706,0.0,0.152,0.508,142.037,237735,4,5yY9lUy8nbvjM1Uyo1Uqoc,Life Is Good (feat. Drake),7wBGhYgam71MAVW9BYZpvA,"1RyvyyTE3xzB2ZywiAwp0i,3TVXtAsR1Inumwj472S9r4",Future|Drake,15692678|83626299,atl hip hop|hip hop|rap|southern hip hop|trap|canadian hip hop|canadian pop|hip hop|pop rap|rap,88|96,2020-01-10,day,77,2024-01-08
0.735,0.369,9,-9.682,0,0.0688,0.334,0.0,0.126,0.235,140.004,222997,4,1iSqfoUFnQwV0QW1EfUit8,Suicidal,7wBGhYgam71MAVW9BYZpvA,1cNDP5yjU5vjeR8qMf4grg,YNW Melly,9987188,melodic rap|rap,72,2019-11-22,day,76,2024-01-08
0.881,0.457,7,-8.191,0,0.156,0.0327,0.0,0.231,0.296,136.97,198913,4,2Ec33AVlkTTq8BHFgBTdQs,Futsal Shuffle 2020,7wBGhYgam71MAVW9BYZpvA,4O15NlyKLIASxsJ0PrXPfz,Lil Uzi Vert,16484624,hip hop|melodic rap|philly rap|rage rap|rap,85,2019-12-12,day,63,2024-01-08
0.62,0.536,10,-6.06,1,0.0575,0.226,0.0,0.243,0.247,83.42,143713,4,3sDyGrpProusVfcccFLAHq,Love Me More,7wBGhYgam71MAVW9BYZpvA,6Xgp2XMz1fhVYe7i6yNAax,Trippie Redd,9249721,melodic rap|rap|trap,80,2019-11-22,day,63,2024-01-08
0.747,0.606,4,-5.286,1,0.172,0.222,0.0,0.281,0.2,155.055,173419,4,2ZdCrBA52bb4pIG3tOOZiQ,Dark Queen,7wBGhYgam71MAVW9BYZpvA,4O15NlyKLIASxsJ0PrXPfz,Lil Uzi Vert,16484624,hip hop|melodic rap|philly rap|rage rap|rap,85,2017-08-25,day,65,2024-01-08
0.691,0.602,9,-6.807,0,0.209,0.123,0.0,0.0637,0.685,151.987,189480,4,5qDsijQM75KTdv3RtSPx91,Hold On,7wBGhYgam71MAVW9BYZpvA,6jGMq4yGs7aQzuGsMgVgZR,Lil Tjay,7762838,brooklyn drill|melodic rap|nyc rap|rap,78,2019-10-11,day,68,2024-01-08
0.819,0.654,11,-6.665,0,0.136,0.517,0.0,0.0996,0.455,133.503,188563,4,733c1CWmIGymoQXdp7Us88,"Numbers (feat. Roddy Ricch, Gunna and London On Da Track)",7wBGhYgam71MAVW9BYZpvA,"31W5EY0aAly4Qieq6OFu6I,5Nf5yishRW9Ye174sJISkg,757aE44tKEUQEqRuT6GnEB,2hlmm7s2ICUX0LVIhVFlZQ",A Boogie Wit da Hoodie|London On Da Track|Roddy Ricch|Gunna,7919751|65368|10179420|6520604,melodic rap|rap|trap|atl hip hop|melodic rap|rap|trap|atl hip hop|melodic rap|rap|trap,79|51|76|84,2020-02-14,day,64,2024-01-08
0.687,0.592,2,-6.378,1,0.224,0.203,0.0,0.279,0.246,178.83,225266,4,4l2rsMfr20dj6nf6i6F3Y8,Might Not Give Up (feat. Young Thug),7wBGhYgam71MAVW9BYZpvA,"31W5EY0aAly4Qieq6OFu6I,50co4Is1HCEo8bhOyUWKpn",A Boogie Wit da Hoodie|Young Thug,7919751|9355686,melodic rap|rap|trap|atl hip hop|atl trap|gangster rap|melodic rap|rap|trap,79|83,2020-02-14,day,51,2024-01-08
0.566,0.676,1,-6.05,1,0.128,0.00905,0.0,0.0878,0.123,84.683,175107,4,4CXSzoyTD2MmedFArsSIUp,DTB 4 Life,7wBGhYgam71MAVW9BYZpvA,31W5EY0aAly4Qieq6OFu6I,A Boogie Wit da Hoodie,7919751,melodic rap|rap|trap,79,2020-02-14,day,55,2024-01-08
0.78,0.402,5,-9.255,0,0.149,0.188,0.0,0.0597,0.483,160.046,169046,4,1srm5YnZiu7Ksnd2UTTmmk,Savage,7wBGhYgam71MAVW9BYZpvA,31W5EY0aAly4Qieq6OFu6I,A Boogie Wit da Hoodie,7919751,melodic rap|rap|trap,79,2018-12-21,day,56,2024-01-08
0.938,0.306,4,-12.088,0,0.228,0.0536,0.0,0.0889,0.136,104.976,169195,4,3JlIWg991WM3tlg8aOXEnq,In My City,7wBGhYgam71MAVW9BYZpvA,"7BCzdg9R0InC8COslhyNrQ,4BIUYoJ8N6gCCYVKK0nfDN",KINGMOSTWANTED|MCM Raymond,46677|15557,cali rap|viral rap|westcoast flow|cali rap|westcoast flow,45|38,2019-09-15,day,50,2024-01-08
0.506,0.45,2,-12.565,1,0.364,0.0683,0.000225,0.103,0.131,177.978,182387,4,7oBW80497A8axagr4aC9U6,Finer Things,7wBGhYgam71MAVW9BYZpvA,6AgTAQt8XS6jRWi4sX7w49,Polo G,10657935,chicago rap|rap,80,2019-06-07,day,69,2024-01-08
0.719,0.611,7,-5.01,0,0.0403,0.0582,0.0,0.155,0.489,129.962,212354,4,5raTDhlbxFDnpn89bxArdH,That Way,7wBGhYgam71MAVW9BYZpvA,"4O15NlyKLIASxsJ0PrXPfz,5XmuuM2C6t4HSPa3FSuU3h",Lil Uzi Vert|WanMor,16484624|10111,hip hop|melodic rap|philly rap|rage rap|rap|,85|51,2020-03-01,day,59,2024-01-08
0.775,0.72,11,-5.353,0,0.193,0.0236,0.0,0.114,0.49,155.086,234627,4,3kW4z2pIj5VY5fLjBrMRL5,P2,7wBGhYgam71MAVW9BYZpvA,4O15NlyKLIASxsJ0PrXPfz,Lil Uzi Vert,16484624,hip hop|melodic rap|philly rap|rage rap|rap,85,2020-03-06,day,67,2024-01-08
0.802,0.591,8,-4.895,1,0.225,0.0104,0.0,0.196,0.309,139.864,157712,4,6gi6y1xwmVszDWkUqab1qw,OUT WEST (feat. Young Thug),7wBGhYgam71MAVW9BYZpvA,"7A8S43ryYdbWpJKeHRZRcq,0Y5tJX1MQlPlqiwlOH1tJY,50co4Is1HCEo8bhOyUWKpn",JACKBOYS|Travis Scott|Young Thug,629220|26203362|9355686,pop rap|hip hop|rap|slap house|atl hip hop|atl trap|gangster rap|melodic rap|rap|trap,64|91|83,2019-12-27,day,79,2024-01-08
0.655,0.441,9,-5.245,0,0.0629,0.474,0.0,0.099,0.273,139.957,225857,4,4S2uhQE8L9V6p7rj7SiauJ,Suicidal (feat. Juice WRLD) - Remix,7wBGhYgam71MAVW9BYZpvA,"1cNDP5yjU5vjeR8qMf4grg,4MCBfE4596Uoi2O4DtmEMz",YNW Melly|Juice WRLD,9987188|32077469,melodic rap|rap|chicago rap|melodic rap|rap,72|87,2020-03-13,day,76,2024-01-08
0.923,0.604,11,-6.671,0,0.245,0.017,0.0,0.272,0.826,145.062,139741,4,1jaTQ3nqY3oAAYyCTbIvnM,WHATS POPPIN,7wBGhYgam71MAVW9BYZpvA,2LIk90788K0zvyj2JJVwkJ,Jack Harlow,3376624,deep underground hip hop|kentucky hip hop|pop rap|rap,84,2020-03-13,day,79,2024-01-08
0.74,0.488,1,-7.664,0,0.27,0.234,0.0,0.241,0.584,149.042,120133,4,7rvyVWja33WG9R97oeJAjx,Envy Me,7wBGhYgam71MAVW9BYZpvA,0HkcYmcjrBR3SCw9Ld5VZk,Calboy,887216,chicago rap|melodic rap,55,2019-05-31,day,70,2024-01-08
0.746,0.561,0,-4.869,1,0.0526,0.0758,0.0,0.132,0.463,77.535,248431,4,3T06rGO2dVEntMvym0vpQu,Empty,7wBGhYgam71MAVW9BYZpvA,4MCBfE4596Uoi2O4DtmEMz,Juice WRLD,32077469,chicago rap|melodic rap|rap,87,2019-03-08,day,77,2024-01-08
0.834,0.454,1,-9.75,0,0.201,0.321,6.15e-06,0.114,0.837,81.618,247059,4,127QTOFJsJQp5LbJbu3A1y,Toosie Slide,7wBGhYgam71MAVW9BYZpvA,3TVXtAsR1Inumwj472S9r4,Drake,83626299,canadian hip hop|canadian pop|hip hop|pop rap|rap,96,2020-04-03,day,74,2024-01-08
0.867,0.744,2,-5.171,1,0.227,0.268,0.0,0.0713,0.645,84.005,173288,4,4cSSL3YafYjM3yjgFO1vJg,Walk Em Down (feat. Roddy Ricch),7wBGhYgam71MAVW9BYZpvA,"0ErzCpIMyLcjPiwT4elrtZ,757aE44tKEUQEqRuT6GnEB",NLE Choppa|Roddy Ricch,7400887|10179420,memphis hip hop|rap|melodic rap|rap|trap,79|76,2020-03-19,day,69,2024-01-08
0.644,0.587,7,-6.736,0,0.353,0.473,0.0,0.0759,0.68,173.972,161765,4,6cZH4rX1KTt1aJ3Ql6Ynja,Me and My Guitar,7wBGhYgam71MAVW9BYZpvA,31W5EY0aAly4Qieq6OFu6I,A Boogie Wit da Hoodie,7919751,melodic rap|rap|trap,79,2020-02-14,day,73,2024-01-08
0.805,0.567,1,-4.653,1,0.148,0.153,0.0,0.0889,0.737,95.0,151641,4,6ezKE7zgRyfUsqRfGDJEMz,Need Me,7wBGhYgam71MAVW9BYZpvA,2eqoJbzUGDwys5ENUkbT3h,J.I the Prince of N.Y,1001515,nyc rap,59,2019-10-11,day,69,2024-01-08
0.629,0.692,5,-8.045,1,0.0376,0.00981,0.331,0.603,0.453,162.948,167916,4,527k23H0A4Q0UJN3vGs0Da,After Party,7wBGhYgam71MAVW9BYZpvA,4Gso3d4CscCijv0lmajZWs,Don Toliver,3641335,pop rap|rap|trap,81,2020-03-13,day,80,2024-01-08
0.611,0.688,1,-5.688,1,0.341,0.0264,0.0,0.251,0.393,178.462,132303,4,2zvDnNLW4yZ4a0YcGiOEBX,GOOBA,7wBGhYgam71MAVW9BYZpvA,7gZfnEnfiaHzxARJ2LeXrf,6ix9ine,6888600,emo rap,68,2020-09-04,day,70,2024-01-08
0.775,0.327,11,-7.241,1,0.0557,0.841,0.0,0.0821,0.595,91.05,189486,4,4cktbXiXOapiLBMprHFErI,Memories,7wBGhYgam71MAVW9BYZpvA,04gDigrS5kc9YWfZHwBETP,Maroon 5,41511758,pop,84,2021-06-11,day,86,2024-01-08
0.378,0.638,10,-5.576,1,0.075,0.02,7.66e-05,0.0849,0.735,184.086,250627,4,7a86XRg84qjasly9f6bPSD,We Are Young (feat. Janelle Monáe),7wBGhYgam71MAVW9BYZpvA,"5nCi3BB41mBaMH9gfr6Su0,6ueGR6SWhUJfvEhqkvMsVs",fun.|Janelle Monáe,3271147|1430933,baroque pop|metropopolis|afrofuturism|alternative r&b|atl hip hop|neo soul|r&b,65|66,2012-02-21,day,75,2024-01-08
0.834,0.621,7,-6.156,1,0.0821,0.0918,0.0,0.0759,0.613,140.05,244506,4,0hwkukpHcBJfGcIUxi1tK2,Freddy Krueger (feat. Tee Grizzley),7wBGhYgam71MAVW9BYZpvA,"1cNDP5yjU5vjeR8qMf4grg,6AUl0ykLLpvTktob97x9hO",YNW Melly|Tee Grizzley,9987188|3630266,melodic rap|rap|detroit hip hop|detroit trap|rap|southern hip hop|trap,72|69,2018-11-23,day,65,2024-01-08
0.774,0.554,0,-7.909,1,0.0383,0.207,0.0,0.132,0.349,99.034,162547,4,6wJYhPfqk3KGhHRG76WzOh,Blueberry Faygo,7wBGhYgam71MAVW9BYZpvA,5zctI4wO9XSKS8XwcnqEHk,Lil Mosey,5330351,melodic rap|rap conscient,67,2020-02-07,day,73,2024-01-08
0.691,0.632,1,-7.598,1,0.0513,0.122,0.0,0.0646,0.488,169.982,205666,4,4kfeRwpq5KUaqTkgi4TbDF,Solitaires (feat. Travis Scott),7wBGhYgam71MAVW9BYZpvA,"1RyvyyTE3xzB2ZywiAwp0i,0Y5tJX1MQlPlqiwlOH1tJY",Future|Travis Scott,15692678|26203362,atl hip hop|hip hop|rap|southern hip hop|trap|hip hop|rap|slap house,88|91,2020-05-15,day,64,2024-01-08
0.889,0.455,0,-9.0,1,0.256,0.0216,0.00456,0.11,0.299,148.004,158240,4,6HY3arOe4dD8UQ0oVDJ18E,WUNNA,7wBGhYgam71MAVW9BYZpvA,2hlmm7s2ICUX0LVIhVFlZQ,Gunna,6520604,atl hip hop|melodic rap|rap|trap,84,2020-05-18,day,46,2024-01-08
0.716,0.537,0,-7.648,0,0.0514,0.233,0.0,0.157,0.28,129.979,165978,4,39Yp9wwQiSRIDOvrVg7mbk,THE SCOTTS,7wBGhYgam71MAVW9BYZpvA,"2PaZWGu5T5nHjY2xxAkFsT,0Y5tJX1MQlPlqiwlOH1tJY,0fA0VVWsXO9YnASrzqfmYu",THE SCOTTS|Travis Scott|Kid Cudi,205857|26203362|6788413,|hip hop|rap|slap house|hip hop|ohio hip hop|pop rap|rap,56|91|79,2020-04-24,day,78,2024-01-08
0.715,0.639,5,-5.017,0,0.0752,0.0622,0.0,0.157,0.151,149.996,205800,4,6rz0dTA0PdhXImFV5EjM0w,Hide (feat. Seezyn),7wBGhYgam71MAVW9BYZpvA,"4MCBfE4596Uoi2O4DtmEMz,1jIVEaq8GmqMYb8nFNAZgb",Juice WRLD|Seezyn,32077469|12517,chicago rap|melodic rap|rap|cincinnati rap,87|57,2018-12-14,day,78,2024-01-08
0.747,0.689,11,-7.246,1,0.242,0.197,0.0,0.0884,0.75,89.901,204547,4,4Aykm3xrOFSHrAnv80KUhh,ROCKSTAR (feat. Roddy Ricch) - BLM REMIX,7wBGhYgam71MAVW9BYZpvA,"4r63FhuTkUYltbVAg5TQnk,757aE44tKEUQEqRuT6GnEB",DaBaby|Roddy Ricch,11554890|10179420,hip hop|north carolina hip hop|pop rap|rap|trap|melodic rap|rap|trap,78|76,2020-06-12,day,52,2024-01-08
0.59,0.618,1,-5.756,1,0.334,0.0127,0.0,0.244,0.153,96.459,252729,3,44gRhRi2OhEf7moAUj6MD1,The Bigger Picture,7wBGhYgam71MAVW9BYZpvA,5f7VJjfbwm532GiveGC0ZK,Lil Baby,16366093,atl hip hop|atl trap|rap|trap,86,2020-06-12,day,65,2024-01-08
0.831,0.499,11,-8.442,0,0.114,0.269,0.0,0.3,0.511,97.956,220487,4,07KXEDMj78x68D884wgVEm,High Fashion (feat. Mustard),7wBGhYgam71MAVW9BYZpvA,"757aE44tKEUQEqRuT6GnEB,0YinUQ50QDB7ZxSCLyQ40k",Roddy Ricch|Mustard,10179420|1137452,melodic rap|rap|trap|cali rap|pop rap|rap|southern hip hop|trap,76|70,2019-12-06,day,72,2024-01-08
0.904,0.672,1,-6.544,1,0.197,0.00382,3e-06,0.138,0.398,139.984,180935,4,5Tj4faD9lGyMw8ZatUYR6G,Flood My Wrist (feat. Lil Uzi Vert),7wBGhYgam71MAVW9BYZpvA,"31W5EY0aAly4Qieq6OFu6I,5TM9R6dNoJSMq23yZQD6Ee,4O15NlyKLIASxsJ0PrXPfz",A Boogie Wit da Hoodie|Don Q|Lil Uzi Vert,7919751|133567|16484624,melodic rap|rap|trap|nyc rap|hip hop|melodic rap|philly rap|rage rap|rap,79|43|85,2020-07-01,day,49,2024-01-08
0.705,0.609,3,-5.728,1,0.0729,0.694,0.0,0.234,0.718,140.058,199993,4,4uhvMW7ly7tJil31YYscAN,Erase Your Social,7wBGhYgam71MAVW9BYZpvA,4O15NlyKLIASxsJ0PrXPfz,Lil Uzi Vert,16484624,hip hop|melodic rap|philly rap|rage rap|rap,85,2016-08-10,day,74,2024-01-08
0.783,0.479,7,-10.646,1,0.541,0.149,0.0,0.101,0.533,176.027,163798,4,3JKgcAa7r07ocVWcV8bS0H,21,7wBGhYgam71MAVW9BYZpvA,6AgTAQt8XS6jRWi4sX7w49,Polo G,10657935,chicago rap|rap,80,2020-05-15,day,77,2024-01-08
0.777,0.752,4,-5.795,1,0.223,0.0897,0.0,0.111,0.451,92.015,208771,4,77N3t8CNrUQV2f2SLQzs9Q,Disingenuous,7wBGhYgam71MAVW9BYZpvA,5e4gmiVV4XkRfnXhqRBEOk,Flight,84150,texas latin rap,38,2020-04-20,day,40,2024-01-08
0.48,0.602,10,-6.335,0,0.368,0.487,0.0,0.0848,0.269,179.798,213333,4,5rZlwNFl01HqLWBQGryKSm,Mood Swings (feat. Lil Tjay),7wBGhYgam71MAVW9BYZpvA,"0eDvMgVFoNV3TpwtrVCoTj,6jGMq4yGs7aQzuGsMgVgZR",Pop Smoke|Lil Tjay,13520053|7762838,brooklyn drill|rap|brooklyn drill|melodic rap|nyc rap|rap,79|78,2020-07-03,day,79,2024-01-08
0.74,0.555,1,-10.329,1,0.407,0.00581,1.23e-06,0.296,0.706,173.974,111882,4,1GeFOFZjBs91Dl9vXQSNOR,FREEDDAWG,7wBGhYgam71MAVW9BYZpvA,7wlFDEWiM5OoIAt8RSli8b,YoungBoy Never Broke Again,12248282,baton rouge rap|rap,82,2019-06-03,day,66,2024-01-08
0.671,0.529,0,-7.226,1,0.307,0.0769,0.000335,0.0856,0.203,161.989,165820,4,4VXIryQMWpIdGgYR4TrjT1,All Girls Are The Same,7wBGhYgam71MAVW9BYZpvA,4MCBfE4596Uoi2O4DtmEMz,Juice WRLD,32077469,chicago rap|melodic rap|rap,87,2018-12-10,day,87,2024-01-08
0.762,0.553,5,-7.207,0,0.112,0.55,0.0,0.115,0.773,119.973,157863,4,1Gno5IBUHh6vUKp4nxu2Yd,Love Drugs and Sex,7wBGhYgam71MAVW9BYZpvA,31W5EY0aAly4Qieq6OFu6I,A Boogie Wit da Hoodie,7919751,melodic rap|rap|trap,79,2018-12-21,day,67,2024-01-08
0.779,0.705,8,-6.383,0,0.051,0.237,0.0,0.0899,0.451,122.996,332195,4,2HsSzwrvvgiYSCdsYLiJWB,Young Grizzley World (feat. A Boogie Wit Da Hoodie & YNW Melly),7wBGhYgam71MAVW9BYZpvA,"6AUl0ykLLpvTktob97x9hO,31W5EY0aAly4Qieq6OFu6I,1cNDP5yjU5vjeR8qMf4grg",Tee Grizzley|A Boogie Wit da Hoodie|YNW Melly,3630266|7919751|9987188,detroit hip hop|detroit trap|rap|southern hip hop|trap|melodic rap|rap|trap|melodic rap|rap,69|79|72,2019-06-07,day,62,2024-01-08
0.701,0.716,7,-3.671,0,0.0361,0.174,0.0,0.324,0.732,91.007,140533,4,4jPy3l0RUwlUI9T5XHBW2m,Mood (feat. iann dior),7wBGhYgam71MAVW9BYZpvA,"6fWVd57NKTalqvmjRd2t8Z,6ASri4ePR7RlsvIQgWPJpS",24kGoldn|iann dior,2150086|1805534,cali rap|pop rap|melodic rap,69|69,2021-03-26,day,82,2024-01-08
0.839,0.683,10,-9.232,0,0.165,0.00667,0.0,0.241,0.522,120.003,159955,4,6fMzgFFGzWCwiHMzDzNpp5,Lets Link,7wBGhYgam71MAVW9BYZpvA,5KYEMMz9O9iLIESifKAEOp,WhoHeem,33478,viral rap,43,2020-08-20,day,62,2024-01-08
0.51,0.619,7,-7.918,1,0.281,0.801,0.0,0.0811,0.321,97.018,220240,4,0W64NfLrIsRTAFObko6uJx,Leaked,7wBGhYgam71MAVW9BYZpvA,6jGMq4yGs7aQzuGsMgVgZR,Lil Tjay,7762838,brooklyn drill|melodic rap|nyc rap|rap,78,2019-10-11,day,71,2024-01-08
0.771,0.654,8,-6.976,0,0.298,0.055,0.0,0.214,0.573,155.047,224955,4,56uXDJRCuoS7abX3SkzHKQ,Myron,7wBGhYgam71MAVW9BYZpvA,4O15NlyKLIASxsJ0PrXPfz,Lil Uzi Vert,16484624,hip hop|melodic rap|philly rap|rage rap|rap,85,2020-03-13,day,71,2024-01-08
0.868,0.638,2,-7.746,1,0.0736,0.146,0.0565,0.0931,0.459,126.03,182857,4,7v96VvFLS0wSYT8kewNLRy,24 (feat. Lil Baby),7wBGhYgam71MAVW9BYZpvA,"3Rx4PJ7SP6unkOk5elPUK7,5f7VJjfbwm532GiveGC0ZK",Money Man|Lil Baby,585351|16366093,memphis hip hop|southern hip hop|trap|atl hip hop|atl trap|rap|trap,68|86,2020-08-14,day,65,2024-01-08
0.874,0.443,5,-9.628,0,0.241,0.147,0.0,0.124,0.298,118.004,235988,4,40TPiJpvwGIyvPjJMDTKfy,Rags2Riches 2 (feat. Lil Baby),7wBGhYgam71MAVW9BYZpvA,"45TgXXqMDdF8BkjA83OM7z,5f7VJjfbwm532GiveGC0ZK",Rod Wave|Lil Baby,6330231|16366093,florida rap|atl hip hop|atl trap|rap|trap,79|86,2020-08-07,day,72,2024-01-08
0.761,0.517,5,-6.916,1,0.0927,0.114,0.0,0.157,0.46,147.912,174730,4,2EL58P9iKGM5L2sO203i5y,Blastoff (feat. Juice WRLD),7wBGhYgam71MAVW9BYZpvA,"6MPCFvOQv5cIGfw3jODMF0,6Xgp2XMz1fhVYe7i6yNAax,5fMUXHkw8R8eOP2RNVYEZX,4MCBfE4596Uoi2O4DtmEMz",Internet Money|Trippie Redd|Diplo|Juice WRLD,778596|9249721|2580900|32077469,pop rap|trap|melodic rap|rap|trap|dance pop|edm|electro house|moombahton|pop dance|chicago rap|melodic rap|rap,67|80|76|87,2020-08-28,day,68,2024-01-08
0.8,0.56,5,-4.818,0,0.261,0.057,0.0,0.134,0.45,163.071,200221,4,6EDO9iiTtwNv6waLwa1UUq,POPSTAR (feat. Drake),7wBGhYgam71MAVW9BYZpvA,"0QHgL1lAIqAw0HtD7YldmP,3TVXtAsR1Inumwj472S9r4",DJ Khaled|Drake,10860995|83626299,hip hop|miami hip hop|pop rap|rap|canadian hip hop|canadian pop|hip hop|pop rap|rap,74|96,2020-07-17,day,73,2024-01-08
0.848,0.457,0,-10.118,1,0.293,0.153,0.0,0.115,0.227,100.018,195649,4,71sCy1XpXl9rxTEu4XIPcR,Losses - Bonus,7wBGhYgam71MAVW9BYZpvA,6jGMq4yGs7aQzuGsMgVgZR,Lil Tjay,7762838,brooklyn drill|melodic rap|nyc rap|rap,78,2021-04-02,day,58,2024-01-08
0.524,0.511,7,-8.666,0,0.417,0.131,0.0,0.082,0.524,81.328,221224,5,3TFO78JhsoNbQUrfKfGdIo,No No No (feat. A Boogie Wit Da Hoodie),7wBGhYgam71MAVW9BYZpvA,"2HUwZ0kumzCSlhFcjFZfpp,31W5EY0aAly4Qieq6OFu6I",Flipp Dinero|A Boogie Wit da Hoodie,1285232|7919751,melodic rap|trap|melodic rap|rap|trap,56|79,2020-10-23,day,51,2024-01-08
0.735,0.449,10,-7.507,1,0.347,0.629,0.0,0.113,0.0397,122.947,220488,4,4wVOKKEHUJxHCFFNUWDn0B,Chicago Freestyle (feat. Giveon),7wBGhYgam71MAVW9BYZpvA,"3TVXtAsR1Inumwj472S9r4,4fxd5Ee7UefO4CUXgwJ7IP",Drake|Giveon,83626299|3446916,canadian hip hop|canadian pop|hip hop|pop rap|rap|r&b,96|76,2020-05-01,day,82,2024-01-08
0.827,0.615,7,-5.879,1,0.222,0.0159,0.0,0.307,0.221,132.996,204117,4,7yOoJXW6wkpzlJpfjDKhIV,She Never Been To Pluto,7wBGhYgam71MAVW9BYZpvA,"1RyvyyTE3xzB2ZywiAwp0i,4O15NlyKLIASxsJ0PrXPfz",Future|Lil Uzi Vert,15692678|16484624,atl hip hop|hip hop|rap|southern hip hop|trap|hip hop|melodic rap|philly rap|rage rap|rap,88|85,2020-11-13,day,44,2024-01-08
0.783,0.577,8,-4.664,1,0.17,0.15,0.0,0.2,0.277,92.544,150487,4,7wAFfH245FJP77ZugGVISe,GTA (feat. 42 Dugg),7wBGhYgam71MAVW9BYZpvA,"20sxb77xiYeusSH8cVdatc,45gHcnDnMC15sgx3VL7ROG",Meek Mill|42 Dugg,7704881|983345,hip hop|philly rap|pop rap|rap|southern hip hop|trap|detroit trap|southern hip hop|trap,73|70,2020-11-20,day,49,2024-01-08
0.783,0.524,1,-6.828,1,0.115,0.0404,0.0,0.087,0.153,144.989,172320,4,6In6SkveIw26thdYRhHTVX,Bacc Seat (feat. Ty Dolla $ign),7wBGhYgam71MAVW9BYZpvA,"757aE44tKEUQEqRuT6GnEB,7c0XG5cIJTrrAgEC3ULPiq",Roddy Ricch|Ty Dolla $ign,10179420|4870732,melodic rap|rap|trap|hip hop|pop rap|r&b|southern hip hop|trap|trap soul,76|79,2019-12-06,day,65,2024-01-08
0.562,0.589,7,-7.509,1,0.265,0.0679,0.0,0.0684,0.188,88.903,184444,1,192RjH0gN6en7nE6ElN96T,Wishing For A Hero (feat. BJ The Chicago Kid),7wBGhYgam71MAVW9BYZpvA,"6AgTAQt8XS6jRWi4sX7w49,07d5etnpjriczFBB8pxmRe",Polo G|BJ The Chicago Kid,10657935|442935,chicago rap|rap|alternative r&b|chicago rap,80|58,2020-05-15,day,61,2024-01-08
0.785,0.62,8,-6.667,1,0.254,0.0138,0.0,0.15,0.478,78.477,235535,4,59J5nzL1KniFHnU120dQzt,wokeuplikethis*,7wBGhYgam71MAVW9BYZpvA,"699OTQXzgjhIYAHMy9RyPD,4O15NlyKLIASxsJ0PrXPfz",Playboi Carti|Lil Uzi Vert,9643234|16484624,atl hip hop|plugg|pluggnb|rage rap|rap|hip hop|melodic rap|philly rap|rage rap|rap,84|85,2017-04-14,day,76,2024-01-08
0.832,0.534,1,-7.813,0,0.253,0.345,0.0,0.165,0.116,93.924,132833,4,1VLtjHwRWOVJiE5Py7JxoQ,Martin & Gina,7wBGhYgam71MAVW9BYZpvA,6AgTAQt8XS6jRWi4sX7w49,Polo G,10657935,chicago rap|rap,80,2020-05-15,day,83,2024-01-08
0.719,0.648,3,-7.6,0,0.125,0.2,0.0,0.127,0.66,140.201,123263,4,5vGLcdRuSbUhD8ScwsGSdA,Whoopty,7wBGhYgam71MAVW9BYZpvA,7arQA31aZVS8yS6zUveWzb,CJ,230496,nyc rap,59,2020-08-20,day,72,2024-01-08
0.921,0.718,4,-3.545,0,0.299,0.217,0.0,0.189,0.677,141.06,176383,4,2Y3USTCETS4xbjJOzT1Icm,Adderall (Corvette Corvette) - Remix,7wBGhYgam71MAVW9BYZpvA,"3fyhhXHbGVLuSHFk2SYx4I,4O15NlyKLIASxsJ0PrXPfz",Popp Hunna|Lil Uzi Vert,62838|16484624,philly rap|viral rap|hip hop|melodic rap|philly rap|rage rap|rap,40|85,2020-12-18,day,53,2024-01-08
0.725,0.79,3,-4.773,0,0.327,0.346,0.0,0.195,0.815,157.99,159086,4,6FiySur7YZL0Kff2YVGsEB,Right Foot Creep,7wBGhYgam71MAVW9BYZpvA,7wlFDEWiM5OoIAt8RSli8b,YoungBoy Never Broke Again,12248282,baton rouge rap|rap,82,2020-09-11,day,70,2024-01-08
0.697,0.783,7,-4.356,0,0.0876,0.158,0.0,0.151,0.528,98.068,142000,4,6MGRweoLPBAaPcXTMpMWsA,Coco (feat. DaBaby),7wBGhYgam71MAVW9BYZpvA,"6fWVd57NKTalqvmjRd2t8Z,4r63FhuTkUYltbVAg5TQnk",24kGoldn|DaBaby,2150086|11554890,cali rap|pop rap|hip hop|north carolina hip hop|pop rap|rap|trap,69|78,2021-03-26,day,64,2024-01-08
0.808,0.313,1,-7.992,1,0.245,0.116,0.0,0.0991,0.277,159.951,181087,4,3fHNHBb2eGLahIvoVa19zq,Beat Box 2 (feat. Pooh Shiesty),7wBGhYgam71MAVW9BYZpvA,"3Y2MLcrD3ZQXRXmtn4fZQx,5F1aAS1duwlzExnPs3l2Xe",SpotemGottem|Pooh Shiesty,532670|1416868,florida drill|florida rap|memphis hip hop|southern hip hop|tennessee hip hop|trap,52|68,2020-12-18,day,56,2024-01-08
0.786,0.739,1,-3.51,1,0.286,0.34,0.0,0.18,0.297,96.075,150674,4,2jZx9wy7JVYYF2Yxe6fUNl,Lions & Eagles (feat. Meek Mill),7wBGhYgam71MAVW9BYZpvA,"6AUl0ykLLpvTktob97x9hO,20sxb77xiYeusSH8cVdatc",Tee Grizzley|Meek Mill,3630266|7704881,detroit hip hop|detroit trap|rap|southern hip hop|trap|hip hop|philly rap|pop rap|rap|southern hip hop|trap,69|73,2020-06-19,day,44,2024-01-08
0.679,0.794,1,-3.985,1,0.296,0.339,1.65e-05,0.113,0.698,150.067,175729,4,6bCWyr3C3ngZdwizTYWQTG,Onna Come Up (feat. G Herbo) [Remix],7wBGhYgam71MAVW9BYZpvA,"0rpUnzu4JIoRkKkGvdcm7b,5QdEbQJ3ylBnc3gsIASAT5",Lil Eazzyy|G Herbo,159219|2002907,chicago rap|chicago drill|chicago rap|drill|trap,54|69,2021-01-15,day,54,2024-01-08
0.878,0.555,8,-4.702,1,0.506,0.0506,0.0,0.102,0.382,142.077,182932,4,3RzK8spPyswJ5lrEeiJSEz,ChopBloc 2 (feat. NLE Choppa),7wBGhYgam71MAVW9BYZpvA,"4TEJudQY2pXxVHPE3gD2EU,0ErzCpIMyLcjPiwT4elrtZ",BlocBoy JB|NLE Choppa,1382450|7400887,memphis hip hop|rap|tennessee hip hop|trap|memphis hip hop|rap,57|79,2019-10-03,day,42,2024-01-08
0.751,0.744,1,-6.859,1,0.177,0.152,0.000568,0.252,0.634,148.014,171892,4,17vGPZ5EsdvtgAOCD4FLWI,AP - Music from the film Boogie,7wBGhYgam71MAVW9BYZpvA,0eDvMgVFoNV3TpwtrVCoTj,Pop Smoke,13520053,brooklyn drill|rap,79,2021-02-26,day,64,2024-01-08
0.759,0.538,8,-8.256,0,0.384,0.151,0.0,0.126,0.831,146.933,184490,4,7JuHVG3qQKQKxC4doneXVW,Back in Blood (feat. Lil Durk),7wBGhYgam71MAVW9BYZpvA,"5F1aAS1duwlzExnPs3l2Xe,3hcs9uc56yIGFCSy9leWe7",Pooh Shiesty|Lil Durk,1416868|6859221,memphis hip hop|southern hip hop|tennessee hip hop|trap|chicago drill|chicago rap|drill|hip hop|rap|trap,68|81,2020-11-06,day,70,2024-01-08
0.945,0.582,11,-8.357,0,0.0719,0.114,0.0,0.103,0.907,108.025,168906,4,6rLi6PyWXu1rPlShuIZpj6,Way Out (feat. Big Sean),7wBGhYgam71MAVW9BYZpvA,"2LIk90788K0zvyj2JJVwkJ,0c173mlxpT3dSFRgMO8XPh",Jack Harlow|Big Sean,3376624|11115824,deep underground hip hop|kentucky hip hop|pop rap|rap|detroit hip hop|hip hop|pop rap|r&b|rap|trap,84|75,2020-12-09,day,59,2024-01-08
0.829,0.455,2,-9.881,1,0.199,0.0167,3.86e-06,0.119,0.16,97.513,141773,4,7HuBQSNWUaYsPw5VYmoWtx,Triple S (feat. Louie Ray),7wBGhYgam71MAVW9BYZpvA,"3gIWD9hK0VEhgsSrLu19PU,4U44HqrUwzfE2GEx9NXllw",YN Jay|Louie Ray,111596|43472,detroit hip hop|flint hip hop|detroit hip hop|flint hip hop,50|49,2021-07-16,day,56,2024-01-08
0.779,0.705,6,-5.891,0,0.163,0.00471,0.0,0.0971,0.196,140.005,192804,4,7eX3um6NpOQKWJMGCi97XD,Real As It Gets (feat. EST Gee),7wBGhYgam71MAVW9BYZpvA,"5f7VJjfbwm532GiveGC0ZK,4FlG0V0jhLO4qGpayFOphj",Lil Baby|EST Gee,16366093|520190,atl hip hop|atl trap|rap|trap|kentucky hip hop|memphis hip hop|southern hip hop,86|65,2021-03-04,day,65,2024-01-08
0.55,0.637,8,-5.212,1,0.163,0.597,0.0,0.129,0.535,84.448,160078,4,3zc8VZEpM1onYV4FWGdFvm,Tombstone,7wBGhYgam71MAVW9BYZpvA,45TgXXqMDdF8BkjA83OM7z,Rod Wave,6330231,florida rap,79,2021-03-26,day,71,2024-01-08
0.87,0.561,7,-10.388,1,0.186,0.0124,0.0,0.103,0.691,100.458,156368,4,1mAey8kEPmDM2icL56kS9d,4 Da Gang (with Roddy Ricch),7wBGhYgam71MAVW9BYZpvA,"45gHcnDnMC15sgx3VL7ROG,757aE44tKEUQEqRuT6GnEB",42 Dugg|Roddy Ricch,983345|10179420,detroit trap|southern hip hop|trap|melodic rap|rap|trap,70|76,2021-05-21,day,71,2024-01-08
0.789,0.536,6,-6.862,1,0.242,0.41,0.0,0.129,0.437,81.039,165926,4,18vXApRmJSgQ6wG2ll9AOg,RAPSTAR,7wBGhYgam71MAVW9BYZpvA,6AgTAQt8XS6jRWi4sX7w49,Polo G,10657935,chicago rap|rap,80,2021-06-11,day,81,2024-01-08
0.808,0.639,1,-7.266,0,0.279,0.0802,0.0,0.15,0.395,118.0,144349,4,4eNOLmx8r2IJAVKvBBL1jv,Headshot (feat. Polo G & Fivio Foreign),7wBGhYgam71MAVW9BYZpvA,"6jGMq4yGs7aQzuGsMgVgZR,6AgTAQt8XS6jRWi4sX7w49,14CHVeJGrR5xgUGQFV5BVM",Lil Tjay|Polo G|Fivio Foreign,7762838|10657935|1223960,brooklyn drill|melodic rap|nyc rap|rap|chicago rap|rap|brooklyn drill|new york drill|trap,78|80|69,2021-04-02,day,76,2024-01-08
0.925,0.463,6,-9.309,0,0.454,0.0681,0.0,0.101,0.961,133.061,122729,4,2Ox2c1WEJDeQCHTXPE3YKM,Shottas (Lala),7wBGhYgam71MAVW9BYZpvA,3tJoFztHeIJkJWMrx0td2f,Moneybagg Yo,4237863,memphis hip hop|rap|southern hip hop|tennessee hip hop|trap,74,2021-04-23,day,57,2024-01-08
0.866,0.699,11,-6.166,0,0.403,0.0152,0.0,0.132,0.352,96.046,180114,4,5XMWIwwo1YLNy3zn4c5CBW,Bad Ass Jit,7wBGhYgam71MAVW9BYZpvA,5cNn5kF2qKIOtBQJ2z4FM3,Dee Watkins,229655,florida drill|florida rap,49,2019-12-17,day,61,2024-01-08
0.847,0.912,11,-3.129,1,0.257,0.0781,0.0,0.142,0.88,81.486,156895,4,3LVcKphzONOdQ2EATazlZq,Final Warning,7wBGhYgam71MAVW9BYZpvA,0ErzCpIMyLcjPiwT4elrtZ,NLE Choppa,7400887,memphis hip hop|rap,79,2021-04-30,day,72,2024-01-08
0.807,0.659,11,-6.92,1,0.332,0.0224,0.0,0.309,0.438,82.465,168727,4,21UkXrc9kD48rNpTMI2ecz,NEVER LEFT,7wBGhYgam71MAVW9BYZpvA,4Ga1P7PMIsmqEZqhYZQgDo,Lil Tecca,6789664,melodic rap|pluggnb|rap,80,2021-05-06,day,62,2024-01-08
0.643,0.403,1,-11.254,0,0.41,0.343,0.0,0.138,0.111,98.54,174682,4,1fxYz1s15pyZLsJT0Hdh1m,late at night,7wBGhYgam71MAVW9BYZpvA,757aE44tKEUQEqRuT6GnEB,Roddy Ricch,10179420,melodic rap|rap|trap,76,2021-06-04,day,64,2024-01-08
0.756,0.596,4,-9.644,1,0.452,0.572,0.0,0.101,0.673,94.869,122648,4,52vksmCPJWjIGm0JvB7aed,Touchable,7wBGhYgam71MAVW9BYZpvA,65s98MYZ4xFpgKlUYS5XKw,Remble,195170,meme,55,2021-06-11,day,59,2024-01-08
0.891,0.651,0,-3.006,1,0.177,0.231,0.0,0.165,0.668,129.919,196736,4,4KyZLFDRAVvs2naDwADVTJ,Star Song (feat. Lil Durk),7wBGhYgam71MAVW9BYZpvA,"58q28H7IgX06YXkPvUtGgR,3hcs9uc56yIGFCSy9leWe7",Sally Sossa|Lil Durk,20724|6859221,|chicago drill|chicago rap|drill|hip hop|rap|trap,42|81,2020-12-11,day,62,2024-01-08
0.77,0.576,8,-11.845,0,0.339,0.138,0.0,0.08,0.364,166.162,127200,4,40QrLHWdsxyXLAdjJG4Rxs,Chosen 1,7wBGhYgam71MAVW9BYZpvA,6AgTAQt8XS6jRWi4sX7w49,Polo G,10657935,chicago rap|rap,80,2019-06-07,day,76,2024-01-08
0.742,0.326,1,-14.98,0,0.256,0.141,2.65e-05,0.279,0.203,96.981,156630,4,6acI7SsHsANgk7Kf62qEtu,StephMcGrady,7wBGhYgam71MAVW9BYZpvA,1mFLCQdz8cZiGFfLGPhQO7,RTB Capo x RTB MB,550,,15,2020-12-22,day,35,2024-01-08
0.848,0.451,5,-7.539,0,0.228,0.0208,0.0,0.194,0.223,135.941,211733,4,16eZmQoeajKH8G2nPe2chk,Proud of You (feat. Lil Uzi Vert & Yung Kayo),7wBGhYgam71MAVW9BYZpvA,"1xr2G8Hlx4QWmT9HaUbmoO,50co4Is1HCEo8bhOyUWKpn,7J0hrNYCO5DgAx0XaRJqkh,4O15NlyKLIASxsJ0PrXPfz",Young Stoner Life|Young Thug|Yung Kayo|Lil Uzi Vert,136899|9355686|29554|16484624,pop rap|atl hip hop|atl trap|gangster rap|melodic rap|rap|trap|rage rap|hip hop|melodic rap|philly rap|rage rap|rap,60|83|43|85,2021-04-16,day,52,2024-01-08
0.86,0.62,1,-6.465,1,0.375,0.00335,0.0,0.133,0.479,159.98,194586,4,0kSnpKOS1bUguBGe2z661G,Took Her To The O,7wBGhYgam71MAVW9BYZpvA,6QtgPSJPSzcnn7dPZ4VINp,King Von,3799451,chicago rap,75,2020-02-21,day,63,2024-01-08
0.798,0.684,6,-9.822,0,0.211,0.000328,0.0,0.076,0.303,98.001,144039,4,18vyx08DWIL1odvoLfTY86,Too Busy,7wBGhYgam71MAVW9BYZpvA,5tWP29DaWjswnR3F89rTrz,SteveDaStoner,1691,,19,2021-05-04,day,34,2024-01-08
0.554,0.614,5,-5.715,1,0.44,0.17,0.0,0.267,0.372,80.028,191583,4,6heRfvHrUIIPx9TqRg8SCq,Humble,7wBGhYgam71MAVW9BYZpvA,5f7VJjfbwm532GiveGC0ZK,Lil Baby,16366093,atl hip hop|atl trap|rap|trap,86,2020-05-01,day,63,2024-01-08
0.849,0.329,1,-11.032,1,0.131,0.0326,0.0,0.221,0.43,96.528,139640,4,2otVC3BB5KkJNNySWdsDlj,Legendary,7wBGhYgam71MAVW9BYZpvA,6O1vRHWVGKJTnWuJmItnsx,Rio Da Yung Og,285928,detroit hip hop|flint hip hop,64,2019-10-17,day,68,2024-01-08
0.825,0.733,1,-5.625,0,0.0969,0.349,0.0,0.112,0.62,97.974,190331,4,3ruoIF2UnoXdzK8mR61ebq,Rich Nigga Shit (feat. Young Thug),7wBGhYgam71MAVW9BYZpvA,"1URnnhqYAYcrqrcwql10ft,0iEtIxbK0KxaSlF7G42ZOp,50co4Is1HCEo8bhOyUWKpn",21 Savage|Metro Boomin|Young Thug,16213669|6641993|9355686,atl hip hop|hip hop|rap|rap|atl hip hop|atl trap|gangster rap|melodic rap|rap|trap,89|87|83,2020-10-02,day,84,2024-01-08
0.638,0.66,3,-7.115,0,0.299,0.246,0.0,0.134,0.738,157.996,174684,4,44OnxLiNTE4sLq3ujDwLBU,White Teeth,7wBGhYgam71MAVW9BYZpvA,7wlFDEWiM5OoIAt8RSli8b,YoungBoy Never Broke Again,12248282,baton rouge rap|rap,82,2021-10-05,day,57,2024-01-08
0.859,0.391,7,-10.252,0,0.701,0.0216,0.0,0.0968,0.354,157.037,159745,4,6bv4WvcUsV2gZXl54d3yst,It's Up Freestyle,7wBGhYgam71MAVW9BYZpvA,3uJx5SnOM59Li7lCxA3b29,Lil Keed,982767,melodic rap|trap,54,2019-07-17,day,50,2024-01-08
0.832,0.656,4,-7.492,0,0.375,0.316,2.13e-06,0.108,0.562,100.032,175878,4,5bBzkJE9BqYTL27webAUCw,Rocc Climbing (feat. Lil Yachty),7wBGhYgam71MAVW9BYZpvA,"65s98MYZ4xFpgKlUYS5XKw,6icQOAFXDZKsumw3YXyusw",Remble|Lil Yachty,195170|9554683,meme|atl hip hop|melodic rap|rap|trap,55|78,2021-09-24,day,61,2024-01-08
0.858,0.625,8,-4.666,1,0.404,0.225,0.0,0.18,0.659,130.05,121837,4,5phjnA00QqNdF7oo8a6yu0,"ROLLIN N CONTROLLIN, Pt.2 (PICTURE ME)",7wBGhYgam71MAVW9BYZpvA,22hWz22JAmIhIEp0u1X01L,DUSTY LOCANE,418015,new york drill,59,2021-05-14,day,53,2024-01-08
0.711,0.611,1,-5.453,1,0.329,0.00575,0.0,0.231,0.144,134.14,252070,4,7Bpx2vsWfQFBACRz4h3IqH,family ties (with Kendrick Lamar),7wBGhYgam71MAVW9BYZpvA,"5SXuuuRpukkTvsLuUknva1,2YZyLoL8N0Wb9xBt1NhZWg",Baby Keem|Kendrick Lamar,1992651|26526500,hip hop|rap|conscious hip hop|hip hop|rap|west coast rap,78|87,2021-08-27,day,74,2024-01-08
0.571,0.767,2,-5.16,1,0.287,0.336,0.0,0.0809,0.605,93.421,161684,4,1dIWPXMX4kRHj6Dt2DStUQ,Chosen (feat. Ty Dolla $ign),7wBGhYgam71MAVW9BYZpvA,"4qXC0i02bSFstECuXP2ZpL,5LHRHt1k9lMyONurDHEdrp,7c0XG5cIJTrrAgEC3ULPiq",Blxst|Tyga|Ty Dolla $ign,452972|6848796|4870732,pop rap|westcoast flow|hip hop|pop rap|rap|trap|hip hop|pop rap|r&b|southern hip hop|trap|trap soul,67|78|79,2020-12-04,day,74,2024-01-08
0.798,0.545,1,-6.466,1,0.168,0.00904,9.48e-05,0.258,0.212,118.029,226653,4,0WSEq9Ko4kFPt8yo3ICd6T,Praise God,7wBGhYgam71MAVW9BYZpvA,5K4W6rqBFWDnAN6FQUkS6x,Kanye West,22986248,chicago rap|hip hop|rap,91,2021-08-29,day,78,2024-01-08
0.477,0.566,0,-6.521,1,0.214,0.0344,0.0,0.127,0.361,78.293,238183,4,44I7sqKYCAa7bQdVywkShO,Hurricane,7wBGhYgam71MAVW9BYZpvA,"5K4W6rqBFWDnAN6FQUkS6x,1Xyo4u8uXC1ZmMpatF05PJ,5f7VJjfbwm532GiveGC0ZK",Kanye West|The Weeknd|Lil Baby,22986248|77257554|16366093,chicago rap|hip hop|rap|canadian contemporary r&b|canadian pop|pop|atl hip hop|atl trap|rap|trap,91|94|86,2021-08-27,day,67,2024-01-08
0.811,0.531,2,-7.23,1,0.414,0.127,0.0,0.102,0.338,106.557,132173,5,707rK2RH1p0fUCYwUNLsWv,private island,7wBGhYgam71MAVW9BYZpvA,2hlmm7s2ICUX0LVIhVFlZQ,Gunna,6520604,atl hip hop|melodic rap|rap|trap,84,2022-01-13,day,58,2024-01-08
0.903,0.537,5,-6.854,0,0.283,0.16,0.0,0.129,0.737,115.013,120000,4,6tsVFchreYTt2OPXSOoFCX,25k jacket (feat. Lil Baby),7wBGhYgam71MAVW9BYZpvA,"2hlmm7s2ICUX0LVIhVFlZQ,5f7VJjfbwm532GiveGC0ZK",Gunna|Lil Baby,6520604|16366093,atl hip hop|melodic rap|rap|trap|atl hip hop|atl trap|rap|trap,84|86,2022-01-13,day,67,2024-01-08
0.79,0.506,1,-12.272,0,0.503,0.0266,0.0,0.121,0.514,130.006,136647,5,6Ep56mDirnv1ORaxN061KY,Intro,7wBGhYgam71MAVW9BYZpvA,6MchyBkv0DmhCIP7kBLx5o,RTB MB,37142,detroit hip hop,49,2020-12-21,day,62,2024-01-08
0.767,0.313,7,-12.059,1,0.0798,0.838,0.0,0.105,0.765,82.582,210907,4,7zjEyeBsaw9gV0jofJLfOM,Livin It Up (with Post Malone & A$AP Rocky),7wBGhYgam71MAVW9BYZpvA,"50co4Is1HCEo8bhOyUWKpn,13ubrt8QOOCPljQ2FL1Kca,246dkjvS1zLTtiykXe5h60",Young Thug|A$AP Rocky|Post Malone,9355686|13299639|43068815,atl hip hop|atl trap|gangster rap|melodic rap|rap|trap|east coast hip hop|hip hop|rap|trap|dfw rap|melodic rap|pop|rap,83|81|87,2021-10-15,day,69,2024-01-08
0.668,0.376,6,-10.865,1,0.0575,0.575,0.00111,0.103,0.246,137.981,221913,4,4pUxYUHVKXWsgGhEhOu7R9,"Love You More (with Nate Ruess, Gunna & Jeff Bhasker)",7wBGhYgam71MAVW9BYZpvA,"50co4Is1HCEo8bhOyUWKpn,2hlmm7s2ICUX0LVIhVFlZQ,5phOCTS0ZqbZGVXdpG6rLu,1qUjOF5fzrpoNycD36b2jZ",Young Thug|Gunna|Jeff Bhasker|Nate Ruess,9355686|6520604|6296|229342,atl hip hop|atl trap|gangster rap|melodic rap|rap|trap|atl hip hop|melodic rap|rap|trap||modern rock,83|84|40|63,2021-10-15,day,52,2024-01-08
0.681,0.522,5,-8.74,0,0.303,0.0191,0.0,0.415,0.219,172.946,170413,4,7FCDmAel69bzxRkOxbh2dB,hibachi (feat. Kodak Black & 21 Savage),7wBGhYgam71MAVW9BYZpvA,"757aE44tKEUQEqRuT6GnEB,1URnnhqYAYcrqrcwql10ft,46SHBwWsqBkxI7EeeBEQG7",Roddy Ricch|21 Savage|Kodak Black,10179420|16213669|10072386,melodic rap|rap|trap|atl hip hop|hip hop|rap|florida drill|florida rap|melodic rap|miami hip hop|rap|trap|trap latino,76|89|80,2021-12-17,day,61,2024-01-08
0.8,0.585,10,-7.343,1,0.0924,0.264,0.0,0.153,0.779,126.058,213400,4,6PGoSes0D9eUDeeAafB2As,LOVE. FEAT. ZACARI.,7wBGhYgam71MAVW9BYZpvA,"2YZyLoL8N0Wb9xBt1NhZWg,3qBKjEOanahMxlRojwCzhI",Kendrick Lamar|Zacari,26526500|93544,conscious hip hop|hip hop|rap|west coast rap|,87|66,2017-04-14,day,86,2024-01-08
0.632,0.924,1,-1.802,1,0.29,0.281,0.0,0.263,0.441,86.844,267520,4,7LR85XLWw2yXqKBSI5brbG,Run This Town,7wBGhYgam71MAVW9BYZpvA,"3nFkdlSjzX9mRTtwJOzDYB,5pKCCKE2ajJHZ9KAiaK11H,5K4W6rqBFWDnAN6FQUkS6x",JAY-Z|Rihanna|Kanye West,8801570|58780253|22986248,east coast hip hop|gangster rap|hip hop|pop rap|rap|barbadian pop|pop|urban contemporary|chicago rap|hip hop|rap,82|89|91,2009-09-08,day,82,2024-01-08
0.646,0.597,1,-6.045,1,0.401,0.11,0.0,0.0958,0.6,88.506,184893,4,70pwY1UfPmSVE3ybPjFy0p,Worst Day,7wBGhYgam71MAVW9BYZpvA,1RyvyyTE3xzB2ZywiAwp0i,Future,15692678,atl hip hop|hip hop|rap|southern hip hop|trap,88,2022-02-11,day,56,2024-01-08
0.803,0.495,11,-5.724,1,0.321,0.121,0.0,0.104,0.628,80.972,195154,4,15OlC497ScJt9N2BS8lOev,LLC (feat. Moneybagg Yo),7wBGhYgam71MAVW9BYZpvA,"3Rx4PJ7SP6unkOk5elPUK7,3tJoFztHeIJkJWMrx0td2f",Money Man|Moneybagg Yo,585351|4237863,memphis hip hop|southern hip hop|trap|memphis hip hop|rap|southern hip hop|tennessee hip hop|trap,68|74,2021-11-12,day,63,2024-01-08
0.793,0.308,0,-10.414,0,0.0466,0.613,1.68e-05,0.0953,0.46,135.143,200000,4,7Fege3yv4dvehB3NdRBGwI,Banking On Me,7wBGhYgam71MAVW9BYZpvA,2hlmm7s2ICUX0LVIhVFlZQ,Gunna,6520604,atl hip hop|melodic rap|rap|trap,84,2022-02-14,day,74,2024-01-08
0.898,0.58,8,-7.632,0,0.26,0.0101,0.0,0.169,0.661,84.018,204286,4,4heBcjj4Lw3X2sQVFNbLbz,Scared Money (feat. J. Cole and Moneybagg Yo),7wBGhYgam71MAVW9BYZpvA,"0A0FS04o6zMoto8OKPsDwY,6l3HvQ5sa6mXTsMTB19rO5,3tJoFztHeIJkJWMrx0td2f",YG|J. Cole|Moneybagg Yo,3205645|22394288|4237863,cali rap|hip hop|pop rap|rap|southern hip hop|trap|conscious hip hop|hip hop|north carolina hip hop|rap|memphis hip hop|rap|southern hip hop|tennessee hip hop|trap,72|86|74,2022-02-04,day,61,2024-01-08
0.781,0.656,4,-8.968,0,0.302,0.277,0.000398,0.293,0.631,101.095,205008,4,2pis38KZgWttvigdurNEk7,Like The Way You Move,7wBGhYgam71MAVW9BYZpvA,3bqMC7DfAQr0ZbC7R8htLz,ASM Bopster,17571,westcoast flow,39,2022-03-25,day,48,2024-01-08
0.821,0.572,5,-6.192,0,0.166,0.00495,0.0,0.107,0.35,155.699,160267,4,3ABFD8SzXwMbUspLFxbbwK,how you did that (feat. Kodak Black),7wBGhYgam71MAVW9BYZpvA,"2hlmm7s2ICUX0LVIhVFlZQ,46SHBwWsqBkxI7EeeBEQG7",Gunna|Kodak Black,6520604|10072386,atl hip hop|melodic rap|rap|trap|florida drill|florida rap|melodic rap|miami hip hop|rap|trap|trap latino,84|80,2022-01-13,day,60,2024-01-08
0.649,0.508,8,-10.232,1,0.0959,0.0345,3.59e-05,0.0736,0.405,157.975,194051,4,2AaJeBEq3WLcfFW1y8svDf,By Your Side,7wBGhYgam71MAVW9BYZpvA,45TgXXqMDdF8BkjA83OM7z,Rod Wave,6330231,florida rap,79,2021-11-22,day,62,2024-01-08
0.684,0.545,1,-6.885,1,0.121,0.159,0.0,0.102,0.407,143.049,135264,4,1HvTxgCj0mTzQlEo0zLvFb,In My Head,7wBGhYgam71MAVW9BYZpvA,6jGMq4yGs7aQzuGsMgVgZR,Lil Tjay,7762838,brooklyn drill|melodic rap|nyc rap|rap,78,2022-04-01,day,74,2024-01-08
0.535,0.618,2,-5.668,1,0.382,0.0245,0.0,0.103,0.211,165.991,213976,4,6ws54n2IzyrIxxyzlG2bVJ,Right On,7wBGhYgam71MAVW9BYZpvA,5f7VJjfbwm532GiveGC0ZK,Lil Baby,16366093,atl hip hop|atl trap|rap|trap,86,2022-04-08,day,68,2024-01-08
0.488,0.635,10,-7.19,1,0.26,0.179,8.16e-06,0.156,0.783,174.072,269884,4,2Q3jFbyE61mCjS3SkW4toJ,Race My Mind,7wBGhYgam71MAVW9BYZpvA,3TVXtAsR1Inumwj472S9r4,Drake,83626299,canadian hip hop|canadian pop|hip hop|pop rap|rap,96,2021-09-03,day,69,2024-01-08
0.872,0.513,11,-9.684,1,0.402,0.167,0.0,0.119,0.84,95.132,164211,4,0U8AQGK1eB9b1mINnFMicZ,Money Long (feat. 42 Dugg),7wBGhYgam71MAVW9BYZpvA,"0WK3H9OErSn5zKOkOV5egm,5hhgghBFkLDdMn93GW4x3I,45gHcnDnMC15sgx3VL7ROG",DDG|OG Parker|42 Dugg,1226115|21874|983345,pop rap||detroit trap|southern hip hop|trap,63|51|70,2021-02-26,day,36,2024-01-08
0.777,0.59,0,-8.741,0,0.286,0.397,0.0,0.169,0.238,147.978,155738,4,2cEnKRR4dYBB2VA1mjlb1z,Nevada,7wBGhYgam71MAVW9BYZpvA,7wlFDEWiM5OoIAt8RSli8b,YoungBoy Never Broke Again,12248282,baton rouge rap|rap,82,2021-10-05,day,74,2024-01-08
0.902,0.582,5,-5.902,0,0.109,0.111,3.18e-06,0.111,0.332,107.005,173948,4,0wHFktze2PHC5jDt3B17DC,First Class,7wBGhYgam71MAVW9BYZpvA,2LIk90788K0zvyj2JJVwkJ,Jack Harlow,3376624,deep underground hip hop|kentucky hip hop|pop rap|rap,84,2022-05-06,day,82,2024-01-08
0.463,0.642,1,-4.474,1,0.34,0.314,0.0,0.0686,0.339,83.389,189893,4,59nOXPmaKlBfGMDeOVGrIK,WAIT FOR U (feat. Drake & Tems),7wBGhYgam71MAVW9BYZpvA,"1RyvyyTE3xzB2ZywiAwp0i,3TVXtAsR1Inumwj472S9r4,687cZJR45JO7jhk1LHIbgq",Future|Drake|Tems,15692678|83626299|1429187,atl hip hop|hip hop|rap|southern hip hop|trap|canadian hip hop|canadian pop|hip hop|pop rap|rap|afro r&b|alte|nigerian pop,88|96|74,2022-04-29,day,86,2024-01-08
0.855,0.419,7,-9.921,1,0.207,0.0529,0.0,0.0951,0.348,134.07,157612,4,6Zkz5Y3SXPB1Pcdr6zBgzi,Don't Go,7wBGhYgam71MAVW9BYZpvA,3n8GvDXY1OgG57akv31SHK,Yatta Bandz,126779,,58,2021-12-03,day,50,2024-01-08
0.77,0.349,0,-12.085,0,0.331,0.173,0.0,0.116,0.754,80.0,157056,4,3KCdyM6vGYY4rU15dezvrJ,Don't Forget Me,7wBGhYgam71MAVW9BYZpvA,3n8GvDXY1OgG57akv31SHK,Yatta Bandz,126779,,58,2022-05-06,day,61,2024-01-08
0.634,0.632,11,-9.193,0,0.493,0.17,0.0,0.143,0.517,129.278,173027,5,2JKkIYGgr3KobERZKzCpa1,1v1 (feat. Lil Yachty),7wBGhYgam71MAVW9BYZpvA,"6O1vRHWVGKJTnWuJmItnsx,6icQOAFXDZKsumw3YXyusw",Rio Da Yung Og|Lil Yachty,285928|9554683,detroit hip hop|flint hip hop|atl hip hop|melodic rap|rap|trap,64|78,2020-10-13,day,63,2024-01-08
0.642,0.589,5,-7.392,0,0.302,0.124,0.0,0.0868,0.72,95.543,147963,5,2sHekv6OdEiO4htSjdB9j4,9 Bridge,7wBGhYgam71MAVW9BYZpvA,"6LXRvV2OAtXF7685fzh3mj,31W5EY0aAly4Qieq6OFu6I",Rowdy Rebel|A Boogie Wit da Hoodie,159400|7919751,nyc rap|melodic rap|rap|trap,55|79,2021-05-14,day,52,2024-01-08
0.798,0.443,2,-6.062,1,0.0403,0.244,0.0,0.326,0.354,125.232,293053,4,7I6DceMT3utDOHjcYCbrr4,Don't Matter,7wBGhYgam71MAVW9BYZpvA,0z4gvV4rjIZ9wHck67ucSV,Akon,4188769,dance pop,80,2006-01-01,day,77,2024-01-08
0.883,0.657,8,-5.748,1,0.305,0.0603,0.0,0.128,0.284,124.992,172933,4,5qgFgsrrxOjyPmX5YCuK2E,PUFFIN ON ZOOTIEZ,7wBGhYgam71MAVW9BYZpvA,1RyvyyTE3xzB2ZywiAwp0i,Future,15692678,atl hip hop|hip hop|rap|southern hip hop|trap,88,2022-05-02,day,63,2024-01-08
0.31,0.722,7,-5.348,1,0.0813,0.287,0.0,0.345,0.349,86.693,177528,4,05WIYJYtnZHUmL1uuYmvY1,Move On - Bonus,7wBGhYgam71MAVW9BYZpvA,6jGMq4yGs7aQzuGsMgVgZR,Lil Tjay,7762838,brooklyn drill|melodic rap|nyc rap|rap,78,2021-04-02,day,66,2024-01-08
0.749,0.398,5,-7.44,0,0.171,0.648,1.26e-06,0.115,0.0859,80.032,226040,4,05nbZ1xxVNwUTcGwLbp7CN,Myself,7wBGhYgam71MAVW9BYZpvA,7rkW85dBwwrJtlHRDkJDAC,NAV,3426047,canadian hip hop|canadian trap|melodic rap|rap|trap,72,2017-02-24,day,70,2024-01-08
0.871,0.682,6,-9.113,0,0.17,0.206,0.0548,0.132,0.639,140.084,169787,4,0gHcxtyWQT0HrlGxaxP1KT,Hit,7wBGhYgam71MAVW9BYZpvA,"7rkW85dBwwrJtlHRDkJDAC,0iEtIxbK0KxaSlF7G42ZOp",NAV|Metro Boomin,3426047|6641993,canadian hip hop|canadian trap|melodic rap|rap|trap|rap,72|87,2017-07-21,day,56,2024-01-08
0.766,0.776,1,-4.177,0,0.31,0.0252,0.0,0.163,0.483,96.883,173196,4,4GfFIza7yEWJ9ooDkmIbgE,Wack Jumper,7wBGhYgam71MAVW9BYZpvA,"59motq6sL51Qqx9KE29oJg,3fOdvhvfeCyDYZTcvtHQxW,0yAxpObZQt4lBVGFrliiFu,4cvioOApDsIRQKVaEnqB9z",Glockboyz Teejaee|OnFully|The Godfather|Band Gang Lonnie Bands,12487|3569|792|62581,detroit hip hop|detroit hip hop||detroit trap|scam rap,39|33|33|42,2020-06-16,day,51,2024-01-08
0.721,0.684,0,-8.231,1,0.352,0.016,0.0,0.225,0.32,99.848,209054,4,75Bf08PjoDu3CXuWsiVHF5,Movie,7wBGhYgam71MAVW9BYZpvA,"6O1vRHWVGKJTnWuJmItnsx,4U44HqrUwzfE2GEx9NXllw",Rio Da Yung Og|Louie Ray,285928|43472,detroit hip hop|flint hip hop|detroit hip hop|flint hip hop,64|49,2020-06-21,day,58,2024-01-08
0.85,0.328,1,-11.062,1,0.136,0.0332,0.0,0.254,0.422,96.531,139677,4,47pdWGnNwMniPjOzgl7w68,Too Legendary,7wBGhYgam71MAVW9BYZpvA,6O1vRHWVGKJTnWuJmItnsx,Rio Da Yung Og,285928,detroit hip hop|flint hip hop,64,2019-10-17,day,64,2024-01-08
0.498,0.625,8,-7.452,0,0.342,0.054,0.0,0.175,0.478,84.821,150000,4,2BJWxD8xKrDv8vneTvTIm9,Beat the Odds,7wBGhYgam71MAVW9BYZpvA,6jGMq4yGs7aQzuGsMgVgZR,Lil Tjay,7762838,brooklyn drill|melodic rap|nyc rap|rap,78,2022-08-26,day,73,2024-01-08
0.683,0.607,5,-5.62,0,0.0601,0.15,0.0,0.147,0.496,152.945,150933,4,2EsyJN3AvC3zBlkQpb119M,GAMES ON YOUR PHONE,7wBGhYgam71MAVW9BYZpvA,6fWVd57NKTalqvmjRd2t8Z,24kGoldn,2150086,cali rap|pop rap,69,2019-11-22,day,56,2024-01-08
0.703,0.757,1,-3.612,1,0.05,0.617,0.0,0.106,0.696,82.008,221747,4,2eAZfqOm4EnOF9VvN50Tyc,The Way Life Goes (feat. Oh Wonder),7wBGhYgam71MAVW9BYZpvA,"4O15NlyKLIASxsJ0PrXPfz,5cIc3SBFuBLVxJz58W2tU9",Lil Uzi Vert|Oh Wonder,16484624|1061460,hip hop|melodic rap|philly rap|rage rap|rap|electropop|indie poptimism|pov: indie,85|65,2017-08-25,day,82,2024-01-08
0.728,0.496,11,-7.298,0,0.127,0.0325,0.0,0.0916,0.214,86.468,166889,4,26Hgx0810XUis01XWvoftB,Stand On It,7wBGhYgam71MAVW9BYZpvA,5f7VJjfbwm532GiveGC0ZK,Lil Baby,16366093,atl hip hop|atl trap|rap|trap,86,2022-10-14,day,64,2024-01-08
0.785,0.524,1,-7.004,1,0.122,0.0123,0.0,0.365,0.0855,142.007,163454,4,2A0G0bPmlkUXUbvWqrAXzg,Not Finished,7wBGhYgam71MAVW9BYZpvA,5f7VJjfbwm532GiveGC0ZK,Lil Baby,16366093,atl hip hop|atl trap|rap|trap,86,2022-10-14,day,69,2024-01-08
0.736,0.683,10,-5.37,0,0.352,0.162,0.0,0.126,0.376,95.733,140745,4,0xPcT6j7JFdJjRvQelyGr6,Everything,7wBGhYgam71MAVW9BYZpvA,5f7VJjfbwm532GiveGC0ZK,Lil Baby,16366093,atl hip hop|atl trap|rap|trap,86,2022-10-14,day,57,2024-01-08
0.596,0.659,10,-5.686,0,0.35,0.0395,0.0,0.124,0.332,81.188,175883,4,23tyRvp2QIoxukwDvVxq3J,Russian Roulette,7wBGhYgam71MAVW9BYZpvA,5f7VJjfbwm532GiveGC0ZK,Lil Baby,16366093,atl hip hop|atl trap|rap|trap,86,2022-10-14,day,58,2024-01-08
0.805,0.43,6,-7.207,0,0.399,0.0274,0.0,0.109,0.485,156.955,175134,4,5CM8ncprv7TEj3XyBx9bth,FR,7wBGhYgam71MAVW9BYZpvA,5f7VJjfbwm532GiveGC0ZK,Lil Baby,16366093,atl hip hop|atl trap|rap|trap,86,2022-10-14,day,58,2024-01-08
0.884,0.423,6,-10.181,0,0.275,0.115,0.0,0.0895,0.259,95.753,159973,4,5JS1gz9zP4GTy0LZYvSeUK,2 Million Up,7wBGhYgam71MAVW9BYZpvA,6lOaHNmL3l3hKDGNf0egfs,Peezy,170069,detroit hip hop|detroit trap,58,2022-08-12,day,67,2024-01-08
0.526,0.606,5,-5.3,0,0.259,0.152,2.36e-06,0.194,0.492,116.622,182667,4,0vjeOZ3Ft5jvAi9SBFJm1j,Superhero (Heroes & Villains) [with Future & Chris Brown],7wBGhYgam71MAVW9BYZpvA,"0iEtIxbK0KxaSlF7G42ZOp,1RyvyyTE3xzB2ZywiAwp0i,7bXgB6jMjp9ATFy66eO08Z",Metro Boomin|Future|Chris Brown,6641993|15692678|20955452,rap|atl hip hop|hip hop|rap|southern hip hop|trap|r&b|rap,87|88|86,2022-12-02,day,88,2024-01-08
0.681,0.687,9,-7.612,1,0.332,0.0555,0.0,0.062,0.588,108.641,190345,3,21AJQhGZpujjZQXByZAXpr,REPEAT IT (with Gunna),7wBGhYgam71MAVW9BYZpvA,"4Ga1P7PMIsmqEZqhYZQgDo,2hlmm7s2ICUX0LVIhVFlZQ",Lil Tecca|Gunna,6789664|6520604,melodic rap|pluggnb|rap|atl hip hop|melodic rap|rap|trap,80|84,2021-08-06,day,64,2024-01-08
0.962,0.619,10,-5.562,0,0.405,0.0354,0.0,0.083,0.154,127.958,144652,4,5m0yZ33oOy0yYBtdTXuxQe,Low Down,7wBGhYgam71MAVW9BYZpvA,5f7VJjfbwm532GiveGC0ZK,Lil Baby,16366093,atl hip hop|atl trap|rap|trap,86,2020-05-01,day,80,2024-01-08
0.847,0.622,1,-6.747,0,0.0903,0.119,0.0,0.285,0.22,130.001,125040,4,4rXLjWdF2ZZpXCVTfWcshS,fukumean,7wBGhYgam71MAVW9BYZpvA,2hlmm7s2ICUX0LVIhVFlZQ,Gunna,6520604,atl hip hop|melodic rap|rap|trap,84,2023-06-16,day,93,2024-01-08
0.808,0.789,7,-5.88,0,0.236,0.0517,0.0,0.0819,0.465,136.01,185333,4,7qLr3HMApUbyDkUvgIvHnB,Oh U Went (feat. Drake),7wBGhYgam71MAVW9BYZpvA,"50co4Is1HCEo8bhOyUWKpn,3TVXtAsR1Inumwj472S9r4",Young Thug|Drake,9355686|83626299,atl hip hop|atl trap|gangster rap|melodic rap|rap|trap|canadian hip hop|canadian pop|hip hop|pop rap|rap,83|96,2023-06-23,day,78,2024-01-08
0.483,0.408,5,-9.243,0,0.0502,0.508,0.0,0.259,0.105,88.88,310491,3,3RaCGXCiiMufRPoexXxGkV,Slime You Out (feat. SZA),7wBGhYgam71MAVW9BYZpvA,"3TVXtAsR1Inumwj472S9r4,7tYKF4w9nC0nq9CsPZTHyP",Drake|SZA,83626299|16849233,canadian hip hop|canadian pop|hip hop|pop rap|rap|pop|r&b|rap,96|88,2023-09-15,day,79,2024-01-08
0.715,0.567,1,-4.481,0,0.0865,0.06,0.0,0.0655,0.332,160.098,223174,4,0lodMO0qK83vfPiiD7FMEt,TOPIA TWINS (feat. Rob49 & 21 Savage),7wBGhYgam71MAVW9BYZpvA,"0Y5tJX1MQlPlqiwlOH1tJY,1jBoSSrbz9n4ehQWA4cZgB,1URnnhqYAYcrqrcwql10ft",Travis Scott|Rob49|21 Savage,26203362|110372|16213669,hip hop|rap|slap house|new orleans rap|atl hip hop|hip hop|rap,91|64|89,2023-07-28,day,82,2024-01-08
0.776,0.64,7,-8.058,1,0.184,0.149,0.0,0.101,0.326,160.038,204000,4,2iP3unJbxZvRuqyrS0ocZy,Heartless (feat. Mustard),7wBGhYgam71MAVW9BYZpvA,"6AgTAQt8XS6jRWi4sX7w49,0YinUQ50QDB7ZxSCLyQ40k",Polo G|Mustard,10657935|1137452,chicago rap|rap|cali rap|pop rap|rap|southern hip hop|trap,80|70,2020-05-15,day,71,2024-01-08
0.836,0.409,9,-14.189,1,0.188,0.258,4.92e-06,0.242,0.233,101.931,122321,4,5C8h9PY9oTneqJihbn10NB,Soak City (Do it),7wBGhYgam71MAVW9BYZpvA,4VCriUU9CsPnUvoAsxVk1p,310babii,43313,,63,2023-06-03,day,79,2024-01-08
0.663,0.67,8,-8.399,1,0.271,0.0464,8.92e-05,0.205,0.138,136.952,260111,4,2YSzYUF3jWqb9YP9VXmpjE,IDGAF (feat. Yeat),7wBGhYgam71MAVW9BYZpvA,"3TVXtAsR1Inumwj472S9r4,3qiHUAX7zY4Qnjx8TNUzVx",Drake|Yeat,83626299|3930218,canadian hip hop|canadian pop|hip hop|pop rap|rap|pluggnb|rage rap,96|82,2023-10-06,day,92,2024-01-08
0.813,0.627,11,-5.018,0,0.0486,0.0771,0.000616,0.131,0.801,130.011,195853,4,0uXO2GrNiIb1xHT9LUdxZE,Sexy Bitch (feat. Akon),3lRFN0HSlExFZ3DhuwILCf,"1Cs0zKBU1kc0i8ypK3B9ai,0z4gvV4rjIZ9wHck67ucSV",David Guetta|Akon,26011039|4188769,big room|dance pop|edm|pop|pop dance|dance pop,87|80,2009-08-21,day,69,2024-01-08
0.671,0.939,8,-3.206,1,0.161,0.191,0.0,0.298,0.53,129.024,252307,4,4QNpBfC0zvjKqPJcyqBy9W,"Give Me Everything (feat. Ne-Yo, Afrojack & Nayer)",3lRFN0HSlExFZ3DhuwILCf,"0TnOYISbd1XYRBk9myaseg,21E3waRsmPlU7jZsS13rcj,4D75GcNG95ebPtNvoNVXhz,1ruutHJcECI7cos2n5TqpO",Pitbull|Ne-Yo|AFROJACK|Nayer,10224110|8470208|3959637|26328,dance pop|miami hip hop|pop|dance pop|pop|r&b|urban contemporary|big room|dance pop|dutch house|edm|electro house|pop dance|deep dance pop,81|78|70|65,2011-06-17,day,86,2024-01-08
0.905,0.782,10,-3.604,0,0.164,0.096,0.0,0.0623,0.798,96.055,211293,4,4P6BuLsqtg5uISdE77ypI9,Ayy Ladies (feat. Tyga),3lRFN0HSlExFZ3DhuwILCf,"6z1cicLMt9XArxN10q7m8a,5LHRHt1k9lMyONurDHEdrp",Travis Porter|Tyga,840022|6848796,atl hip hop|dirty south rap|futuristic swag|southern hip hop|trap|hip hop|pop rap|rap|trap,54|78,2012-05-28,day,69,2024-01-08
0.616,0.869,0,-3.911,1,0.0327,0.0283,0.0,0.064,0.473,127.966,234560,4,6ebkx7Q5tTxrCxKq4GYj0Y,Club Can't Handle Me (feat. David Guetta),3lRFN0HSlExFZ3DhuwILCf,"0jnsk9HBra6NMjO2oANoPY,1Cs0zKBU1kc0i8ypK3B9ai",Flo Rida|David Guetta,8676033|26011039,dance pop|miami hip hop|pop|pop rap|big room|dance pop|edm|pop|pop dance,78|87,2010-11-24,day,82,2024-01-08
0.728,0.431,6,-9.966,0,0.0622,0.749,0.0,0.0996,0.629,130.022,147800,4,5RqR4ZCCKJDcBLIn4sih9l,Party Girl,3lRFN0HSlExFZ3DhuwILCf,1XLWox9w1Yvbodui0SRhUQ,StaySolidRocky,189093,melodic rap,58,2020-04-21,day,73,2024-01-08
0.812,0.621,5,-8.3,1,0.0515,0.244,0.0,0.099,0.847,77.998,128157,4,5uQOauh47VFt3B2kV9kRXw,My Shit,3lRFN0HSlExFZ3DhuwILCf,31W5EY0aAly4Qieq6OFu6I,A Boogie Wit da Hoodie,7919751,melodic rap|rap|trap,79,2016-09-16,day,80,2024-01-08
0.775,0.518,6,-5.857,0,0.311,0.455,0.0,0.121,0.646,161.011,123987,4,0mG6igzxbH55XRyq3ygEh8,2055,3lRFN0HSlExFZ3DhuwILCf,6EPlBSH2RSiettczlz7ihV,Sleepy Hallow,1724554,brooklyn drill|nyc rap,75,2021-04-14,day,66,2024-01-08
0.798,0.544,0,-8.112,1,0.0383,0.207,0.0,0.126,0.327,98.997,162547,4,67mqtupEG49a5TmGgyO6Xc,Blueberry Faygo,3lRFN0HSlExFZ3DhuwILCf,5zctI4wO9XSKS8XwcnqEHk,Lil Mosey,5330351,melodic rap|rap conscient,67,2020-02-07,day,51,2024-01-08
0.794,0.613,1,-6.336,0,0.145,0.0363,0.0,0.742,0.412,135.984,173162,4,3GW3dMxqIbl14cZtpLRQBy,Splash (feat. Moneybagg Yo),3lRFN0HSlExFZ3DhuwILCf,"5LHRHt1k9lMyONurDHEdrp,3tJoFztHeIJkJWMrx0td2f",Tyga|Moneybagg Yo,6848796|4237863,hip hop|pop rap|rap|trap|memphis hip hop|rap|southern hip hop|tennessee hip hop|trap,78|74,2021-06-11,day,60,2024-01-08
0.561,0.87,8,-6.103,1,0.343,0.0015,2.82e-06,0.246,0.498,129.98,210093,4,4dTaAiV9xFFCxnPur9c9yL,Memories (feat. Kid Cudi),3lRFN0HSlExFZ3DhuwILCf,"1Cs0zKBU1kc0i8ypK3B9ai,0fA0VVWsXO9YnASrzqfmYu",David Guetta|Kid Cudi,26011039|6788413,big room|dance pop|edm|pop|pop dance|hip hop|ohio hip hop|pop rap|rap,87|79,2009-08-21,day,71,2024-01-08
0.773,0.75,8,-4.009,0,0.117,0.109,0.0,0.174,0.783,123.426,220587,4,0uxSUdBrJy9Un0EYoBowng,20 Min,3lRFN0HSlExFZ3DhuwILCf,4O15NlyKLIASxsJ0PrXPfz,Lil Uzi Vert,16484624,hip hop|melodic rap|philly rap|rage rap|rap,85,2017-11-17,day,84,2024-01-08
0.8,0.658,1,-6.142,0,0.079,0.25,0.0,0.111,0.462,140.042,195429,4,1p0rEzrK7YtdRZVtiyV7RN,Lemonade (feat. NAV),3lRFN0HSlExFZ3DhuwILCf,"6MPCFvOQv5cIGfw3jODMF0,2hlmm7s2ICUX0LVIhVFlZQ,4Gso3d4CscCijv0lmajZWs,7rkW85dBwwrJtlHRDkJDAC",Internet Money|Gunna|Don Toliver|NAV,778596|6520604|3641335|3426047,pop rap|trap|atl hip hop|melodic rap|rap|trap|pop rap|rap|trap|canadian hip hop|canadian trap|melodic rap|rap|trap,67|84|81|72,2020-08-28,day,80,2024-01-08
0.88,0.428,9,-8.28,1,0.206,0.149,5.05e-05,0.114,0.333,100.007,172800,4,7sO5G9EABYOXQKNPNiE9NR,Ric Flair Drip (with Metro Boomin),3lRFN0HSlExFZ3DhuwILCf,"4DdkRBBYG6Yk9Ka8tdJ9BW,0iEtIxbK0KxaSlF7G42ZOp",Offset|Metro Boomin,3501668|6641993,atl hip hop|hip hop|pop rap|rap|trap|rap,79|87,2017-10-30,day,87,2024-01-08
0.837,0.796,0,-6.488,1,0.154,0.0256,0.0,0.264,0.45,122.02,210535,4,3ZABoOZ5vW0VU9zgb7Pj69,Bamboleo x Narcos,3lRFN0HSlExFZ3DhuwILCf,7a82RkPp1lLQOBcwQQbN0Q,Durius song,328,,0,2022-05-16,day,57,2024-01-08
0.793,0.366,7,-10.051,1,0.136,0.0214,0.0,0.0964,0.278,122.991,159522,4,4Iy73U3ZqfhF1cxPDRSMKp,Audi.,3lRFN0HSlExFZ3DhuwILCf,21dooacK2WGBB5amYvKyfM,Smokepurpp,2436107,melodic rap|miami hip hop|trap|underground hip hop,56,2017-09-29,day,60,2024-01-08
0.734,0.703,11,-6.256,1,0.355,0.237,1.99e-06,0.413,0.608,151.923,194452,4,4wBcaYqLPm7EtDVoJQORU4,Bust Me,3lRFN0HSlExFZ3DhuwILCf,4O15NlyKLIASxsJ0PrXPfz,Lil Uzi Vert,16484624,hip hop|melodic rap|philly rap|rage rap|rap,85,2020-03-06,day,53,2024-01-08
0.79,0.738,1,-6.416,1,0.478,0.129,5.28e-06,0.154,0.555,168.03,166250,4,5xrH7dVah85mTEr4jgT1mu,Materialism as a Means to an End,3lRFN0HSlExFZ3DhuwILCf,1VPmR4DJC1PlOtd0IADAO0,$uicideboy$,6559753,cloud rap|dark trap|new orleans rap|underground hip hop,84,2021-08-13,day,64,2024-01-08
0.792,0.511,2,-6.876,1,0.0409,0.124,9.04e-05,0.14,0.111,113.983,168490,4,30QR0ndUdiiMQMA9g1PGCm,"...And to Those I Love, Thanks for Sticking Around",3lRFN0HSlExFZ3DhuwILCf,1VPmR4DJC1PlOtd0IADAO0,$uicideboy$,6559753,cloud rap|dark trap|new orleans rap|underground hip hop,84,2020-02-14,day,82,2024-01-08
0.698,0.715,1,-3.717,1,0.301,0.0482,2.84e-05,0.135,0.29,165.129,244330,4,6zpoUJVDLVTDGOqGM356Iq,2 Chains,3lRFN0HSlExFZ3DhuwILCf,5QdEbQJ3ylBnc3gsIASAT5,G Herbo,2002907,chicago drill|chicago rap|drill|trap,69,2021-07-02,day,52,2024-01-08
0.804,0.946,7,-5.949,1,0.352,0.002,0.0,0.359,0.745,150.141,146880,4,1ipSpQfzBbhPFhYm6tfVIz,Mr. Glock,3lRFN0HSlExFZ3DhuwILCf,0RESbWvOMyua0yuyVrztJ5,Key Glock,1839640,memphis hip hop|rap|southern hip hop|tennessee hip hop|trap,76,2020-01-31,day,77,2024-01-08
0.838,0.573,0,-5.667,1,0.275,0.0496,0.0,0.121,0.687,160.963,93799,4,6P5ulGKtC4x6RnFbzfpq8O,Lick Back,3lRFN0HSlExFZ3DhuwILCf,4FlG0V0jhLO4qGpayFOphj,EST Gee,520190,kentucky hip hop|memphis hip hop|southern hip hop,65,2021-07-21,day,64,2024-01-08
0.498,0.66,8,-7.676,1,0.201,0.0399,0.0,0.0857,0.078,119.926,155333,5,04uMsCRuGU3lycCKyqBc8I,Feelings,3lRFN0HSlExFZ3DhuwILCf,2aqdy2BLMhGFHhRb1ZbDCF,MBNel,91948,asian american hip hop|cali rap,52,2019-03-29,day,56,2024-01-08
0.843,0.535,6,-8.922,1,0.507,0.403,0.0,0.101,0.409,73.063,121853,4,4DNhuBSBRZ1DQn0PbBiBpF,61st to 64th,3lRFN0HSlExFZ3DhuwILCf,7rkcFChEJ9tCLcVevtu0Nt,Lil Zay Osama,298576,chicago rap|melodic drill,52,2021-01-22,day,39,2024-01-08
0.741,0.932,7,-3.656,1,0.377,0.014,0.0,0.294,0.788,165.217,151273,4,5XsXZ1c7GKFNfzSsoeYFY7,What They Gon Say,3lRFN0HSlExFZ3DhuwILCf,"3A63dHvKuavknOcvWVgZA9,14AVlxYsgbbSygfGrNbG3n",Ron Suno|Zay Munna,201767|3839,bronx drill|new york drill|bronx drill,48|39,2021-12-03,day,57,2024-01-08
0.747,0.48,4,-13.785,0,0.32,0.574,0.0,0.181,0.626,80.0,140718,4,69Nny8cf8UCN6ZQgAJbbSz,Back In Chicago,3lRFN0HSlExFZ3DhuwILCf,6XgIx43KaCqY4xUYQGGrpc,Nether.,9250,,0,2020-09-06,day,0,2024-01-08
0.597,0.689,5,-4.303,1,0.446,0.467,0.0,0.562,0.644,118.35,142315,4,4VA2prpKDv7ywbnPFfPrWS,ROLANDO (Caught In The Rain),3lRFN0HSlExFZ3DhuwILCf,22hWz22JAmIhIEp0u1X01L,DUSTY LOCANE,418015,new york drill,59,2021-12-03,day,67,2024-01-08
0.56,0.872,3,-4.269,1,0.14,0.0239,6.98e-06,0.371,0.682,126.05,205933,4,1kPpge9JDLpcj15qgrPbYX,Good Time,3lRFN0HSlExFZ3DhuwILCf,"07QEuhtrNmmZ0zEcqE9SF6,6sFIWsNpZYqfjUpaCgueju",Owl City|Carly Rae Jepsen,2361990|5048549,indietronica|pop|canadian pop|dance pop|pop,67|71,2012-08-17,day,79,2024-01-08
0.742,0.617,2,-6.689,1,0.0345,0.05,5.92e-05,0.0711,0.491,147.002,124188,4,1T4tQ4SSagbhAKpvcWg035,ay! (feat. Lil Wayne),3lRFN0HSlExFZ3DhuwILCf,"6TIYQ3jFPwQSRmorSezPxX,55Aa2cqylxrFIXC767Z865",Machine Gun Kelly|Lil Wayne,5165910|14232381,ohio hip hop|pop rap|hip hop|new orleans rap|pop rap|rap|trap,75|85,2022-03-25,day,66,2024-01-08
0.87,0.835,1,-5.875,1,0.311,0.0353,0.0,0.142,0.901,140.051,118249,4,0RkCnqwF8Tfl2QGPZwopyk,"Shake It (feat. Cardi B, Dougie B & Bory300)",3lRFN0HSlExFZ3DhuwILCf,"2AMeiDbfU2vonrTkpXDKUu,4kYSro6naA4h99UJvo89HB,6ykgQbKcZFy5qoKBU4YiWj,77oGJAObEl8wdAUrknL1gH",Kay Flock|Cardi B|Dougie B|Bory300,719263|22993357|150654|1973,bronx drill|melodic drill|new york drill|pop|rap|bronx drill|,64|78|55|46,2022-04-15,day,63,2024-01-08
0.506,0.805,1,-4.119,1,0.0469,0.00711,0.00193,0.0856,0.383,126.008,227074,4,46lFttIf5hnUZMGvjK0Wxo,Runaway (U & I),3lRFN0HSlExFZ3DhuwILCf,4sTQVOfp9vEMCemLw50sbu,Galantis,3356172,dance pop|edm|pop|pop dance,68,2015-06-05,day,77,2024-01-08
0.766,0.763,11,-4.882,0,0.209,0.148,0.0,0.48,0.64,140.546,267493,4,39GC2X2hVKjShQ0GsbZfdo,Me OK,3lRFN0HSlExFZ3DhuwILCf,4yBK75WVCQXej1p04GWqxH,Jeezy,2381764,atl hip hop|crunk|dirty south rap|gangster rap|old school atlanta hip hop|rap|southern hip hop|trap,69,2014-09-02,day,50,2024-01-08
0.746,0.69,11,-7.956,1,0.164,0.247,0.0,0.101,0.497,89.977,181733,4,7ytR5pFWmSjzHJIeQkgog4,ROCKSTAR (feat. Roddy Ricch),3lRFN0HSlExFZ3DhuwILCf,"4r63FhuTkUYltbVAg5TQnk,757aE44tKEUQEqRuT6GnEB",DaBaby|Roddy Ricch,11554890|10179420,hip hop|north carolina hip hop|pop rap|rap|trap|melodic rap|rap|trap,78|76,2020-04-17,day,79,2024-01-08
0.73,0.468,0,-6.59,1,0.0489,0.317,0.0,0.384,0.501,94.026,258586,4,5LUUJL8EfdmBWNS66wD7B5,Hit tha Roof,3lRFN0HSlExFZ3DhuwILCf,0G30w5bGYq4LmC0L6bCOQQ,Speed Gang,136067,viral rap,48,2018-04-04,day,52,2024-01-08
0.51,0.931,11,-3.302,1,0.347,0.0738,0.0,0.5,0.53,201.936,268867,4,0LWkaEyQRkF0XAms8Bg1fC,Party Up,3lRFN0HSlExFZ3DhuwILCf,1HwM5zlC5qNWhJtM00yXzG,DMX,4816671,detroit hip hop|east coast hip hop|gangster rap|hardcore hip hop|hip hop|rap,69,1999-12-21,day,73,2024-01-08
0.782,0.517,7,-5.816,1,0.0405,0.534,2.99e-06,0.0901,0.388,99.986,256120,4,60emrPlgw8J8d9VXy42Cbi,Ass on Fire,3lRFN0HSlExFZ3DhuwILCf,0G30w5bGYq4LmC0L6bCOQQ,Speed Gang,136067,viral rap,48,2019-02-05,day,48,2024-01-08
0.88,0.577,10,-8.093,0,0.302,0.0564,1.02e-06,0.201,0.74,90.991,214440,4,1BKT2I9x4RGKaKqW4up34s,Ruff Ryders' Anthem,3lRFN0HSlExFZ3DhuwILCf,1HwM5zlC5qNWhJtM00yXzG,DMX,4816671,detroit hip hop|east coast hip hop|gangster rap|hardcore hip hop|hip hop|rap,69,1998-05-01,day,73,2024-01-08
0.814,0.661,0,-6.453,1,0.356,0.186,0.0,0.163,0.474,139.956,168307,4,4DkZDzcHicZBXCEdA19oWs,Big Drip,3lRFN0HSlExFZ3DhuwILCf,14CHVeJGrR5xgUGQFV5BVM,Fivio Foreign,1223960,brooklyn drill|new york drill|trap,69,2019-11-13,day,47,2024-01-08
0.646,0.458,1,-8.064,1,0.165,0.000506,0.0,0.108,0.21,145.942,185467,4,4U3JMDnjnUKggATEp7NryT,Pass Me Da Green,3lRFN0HSlExFZ3DhuwILCf,7zICaxnDB9ZprDSiFpvbbW,Master P,1029920,dirty south rap|gangster rap|new orleans rap|southern hip hop,52,1997,year,53,2024-01-08
0.822,0.575,5,-5.95,1,0.0934,0.113,0.0,0.106,0.616,100.087,223000,4,6lruHh1jF7ezgbLv72xYmf,FML,3lRFN0HSlExFZ3DhuwILCf,0vRvGUQVUjytro0xpb26bs,Arizona Zervas,738208,indie pop rap|pop rap|rhode island rap,62,2018-06-03,day,66,2024-01-08
0.802,0.341,7,-8.56,1,0.488,0.169,0.0,0.0783,0.849,166.01,197760,4,0rRboI6IRuGx56Dq3UdYY4,Because I Got High,3lRFN0HSlExFZ3DhuwILCf,4Icvbp9RDt5aY2TWDOVDsr,Afroman,440105,comedy rap,58,2001-08-28,day,69,2024-01-08
0.854,0.71,4,-6.32,0,0.0795,0.0113,9.06e-05,0.166,0.818,106.893,214947,4,6JymsaWDHk2Yj4e0yNBIFH,Jump Around,3lRFN0HSlExFZ3DhuwILCf,0AuW7OCyKfFrsMbtHrYgIV,House Of Pain,620764,gangster rap|hip hop|rap rock|west coast rap,58,1992-07-21,day,67,2024-01-08
0.815,0.825,6,-4.184,1,0.0912,0.196,0.0,0.447,0.8,127.0,279413,4,7zi1lO8F71WtC8ksORVFVV,Fuck the Club Up (feat. Pastor Troy & Slim Dunkin),3lRFN0HSlExFZ3DhuwILCf,"6f4XkbvYlXMH0QgVRzW0sM,3D04N2X2w6vUGeyG94FBaY,1j9teSUrqJuPSWtXmgpbO3",Waka Flocka Flame|Pastor Troy|Slim Dunkin,2684309|574502|56893,atl hip hop|dirty south rap|pop rap|rap|southern hip hop|trap|atl hip hop|crunk|dirty south rap|old school atlanta hip hop|southern hip hop|trap|atl hip hop,64|44|29,2010-10-01,day,40,2024-01-08
0.52,0.538,1,-8.109,1,0.206,0.367,0.00187,0.119,0.177,141.894,345133,4,5bJ1DrEM4hNCafcDd1oxHx,Self Care,3lRFN0HSlExFZ3DhuwILCf,4LLpKhyESsyAXpc4laK94U,Mac Miller,9922860,hip hop|pittsburgh rap|rap,81,2018-08-03,day,80,2024-01-08
0.859,0.563,1,-6.635,0,0.112,0.0541,0.0,0.0685,0.412,119.934,258789,4,1MJErNPIQUoEMu4YUUmecm,Neon Guts (feat. Pharrell Williams),3lRFN0HSlExFZ3DhuwILCf,"4O15NlyKLIASxsJ0PrXPfz,2RdwBSPQiwcmiDo9kixcl8",Lil Uzi Vert|Pharrell Williams,16484624|4336597,hip hop|melodic rap|philly rap|rage rap|rap|dance pop|pop,85|78,2017-08-25,day,73,2024-01-08
0.791,0.557,7,-9.622,0,0.0698,0.54,0.0,0.103,0.284,119.973,345213,4,2JmFRXaJrkAUD2cs6U20KG,Jet Fuel,3lRFN0HSlExFZ3DhuwILCf,4LLpKhyESsyAXpc4laK94U,Mac Miller,9922860,hip hop|pittsburgh rap|rap,81,2018-08-03,day,70,2024-01-08
0.947,0.431,1,-7.167,0,0.451,0.362,0.0,0.254,0.672,127.092,152748,4,7vJDoWPSNTXu5v8H5siOin,Cap Freestyle,3lRFN0HSlExFZ3DhuwILCf,5zfsO7xEsAQylcNrIdKm9H,Lil Man J,101863,,46,2022-06-08,day,59,2024-01-08
0.899,0.681,8,-7.16,0,0.218,0.00282,2.87e-06,0.184,0.299,103.537,185507,4,0AhwITdzuLiWF3owNipbAn,Coochie (feat. Moe Faygoo),3lRFN0HSlExFZ3DhuwILCf,"3ppQEG71r7jVpI8RudzycF,1r3uTElfrecwwkY1bDiadK",OHGEESY|Moe Faygoo,292806|619,cali rap|,64|19,2021-08-27,day,34,2024-01-08
0.759,0.47,1,-8.35,1,0.319,0.0175,0.0,0.343,0.138,99.927,243600,4,3jGgA5TYsnCBFWulpdATa8,No Days Off,3lRFN0HSlExFZ3DhuwILCf,"1qPjeAlCU4Dr6aEv8o1w1t,3ppQEG71r7jVpI8RudzycF",AFN Peso|OHGEESY,30208|292806,cali rap|westcoast flow|cali rap,41|64,2020-12-11,day,44,2024-01-08
0.834,0.668,1,-5.733,0,0.326,0.0792,0.0,0.0965,0.372,130.849,102821,4,12hfZNWtZInct3l8nT3c9O,Sniper Gang Freestyle,3lRFN0HSlExFZ3DhuwILCf,4JhbRL6zaItAyzqx4gHTqz,22Gz,461873,brooklyn drill|nyc rap,60,2019-07-19,day,55,2024-01-08
0.656,0.542,7,-7.358,1,0.323,0.0484,0.0,0.126,0.551,166.111,141587,4,5274I4mUMnYczyeXkGDWZN,Fine China,3lRFN0HSlExFZ3DhuwILCf,"1RyvyyTE3xzB2ZywiAwp0i,4MCBfE4596Uoi2O4DtmEMz",Future|Juice WRLD,15692678|32077469,atl hip hop|hip hop|rap|southern hip hop|trap|chicago rap|melodic rap|rap,88|87,2018-10-19,day,73,2024-01-08
0.715,0.672,9,-8.155,1,0.127,0.411,0.000459,0.152,0.361,92.085,191765,4,5SECgk6Gf1TVMy2FApJmSO,This Feeling,3lRFN0HSlExFZ3DhuwILCf,5G9kmDLg3OeUyj8KVBLzbu,mike.,575877,indie pop rap|rhode island rap,62,2016-08-16,day,39,2024-01-08
0.565,0.569,6,-6.084,0,0.379,0.0352,8.81e-06,0.106,0.303,92.466,214825,5,3Ddny34bFoYBb8dIGq5lwp,Zoo York (feat. Fivio Foreign & Pop Smoke),3lRFN0HSlExFZ3DhuwILCf,"6jGMq4yGs7aQzuGsMgVgZR,14CHVeJGrR5xgUGQFV5BVM,0eDvMgVFoNV3TpwtrVCoTj",Lil Tjay|Fivio Foreign|Pop Smoke,7762838|1223960|13520053,brooklyn drill|melodic rap|nyc rap|rap|brooklyn drill|new york drill|trap|brooklyn drill|rap,78|69|79,2020-05-08,day,66,2024-01-08
0.844,0.407,1,-9.092,1,0.0507,0.627,0.0276,0.117,0.311,92.981,168902,4,4wrhAoRQfmv35znEXDip7X,up again,3lRFN0HSlExFZ3DhuwILCf,5G9kmDLg3OeUyj8KVBLzbu,mike.,575877,indie pop rap|rhode island rap,62,2022-03-25,day,61,2024-01-08
0.621,0.695,4,-5.124,1,0.0911,0.00584,0.0,0.086,0.298,173.966,136408,4,7AvprzMsRJpybaalckaT8c,Man Of The Year,3lRFN0HSlExFZ3DhuwILCf,4MCBfE4596Uoi2O4DtmEMz,Juice WRLD,32077469,chicago rap|melodic rap|rap,87,2020-07-10,day,70,2024-01-08
0.625,0.814,0,-5.181,1,0.0657,0.0172,0.0,0.158,0.535,144.991,205485,4,2Y0wPrPQBrGhoLn14xRYCG,Come & Go (with Marshmello),3lRFN0HSlExFZ3DhuwILCf,"4MCBfE4596Uoi2O4DtmEMz,64KEffDW9EtZ1y2vBYgq8T",Juice WRLD|Marshmello,32077469|34541530,chicago rap|melodic rap|rap|brostep|edm|pop|progressive electro house,87|84,2020-07-10,day,80,2024-01-08
0.683,0.799,1,-5.923,1,0.3,0.456,0.0,0.264,0.752,145.128,160560,4,5eJpwQyirY5EEdNadHKRAM,Mannequin (feat. Lil Tjay),3lRFN0HSlExFZ3DhuwILCf,"0eDvMgVFoNV3TpwtrVCoTj,6jGMq4yGs7aQzuGsMgVgZR",Pop Smoke|Lil Tjay,13520053|7762838,brooklyn drill|rap|brooklyn drill|melodic rap|nyc rap|rap,79|78,2020-02-07,day,69,2024-01-08
0.794,0.522,8,-7.829,1,0.159,0.0328,0.0,0.156,0.567,86.318,174133,4,5bm0CcD5R9Nj04QbMvwugt,Started From the Bottom,3lRFN0HSlExFZ3DhuwILCf,3TVXtAsR1Inumwj472S9r4,Drake,83626299,canadian hip hop|canadian pop|hip hop|pop rap|rap,96,2013-01-01,day,53,2024-01-08
0.886,0.336,4,-12.779,1,0.239,0.557,0.0,0.0933,0.536,100.044,230448,4,4Hqh0dS4x07zuRw6eBTO7p,20/20,3lRFN0HSlExFZ3DhuwILCf,6jGMq4yGs7aQzuGsMgVgZR,Lil Tjay,7762838,brooklyn drill|melodic rap|nyc rap|rap,78,2020-01-01,day,63,2024-01-08
0.932,0.444,4,-10.022,0,0.302,0.483,0.0,0.354,0.428,101.011,152137,4,1iAWDVZem3Vx3Pb8fTUTEL,Rick & Morty,3lRFN0HSlExFZ3DhuwILCf,6GMYJwaziB4ekv1Y6wCDWS,Soulja Boy,1945228,atl hip hop|chicago bop|dance pop|pop rap|rap|southern hip hop|trap,67,2021-06-14,day,51,2024-01-08
0.681,0.473,11,-5.733,0,0.449,0.414,0.0,0.0794,0.766,194.826,193200,4,1KIQ0RscHwxXPJUvhuO5Bl,Red Nose,3lRFN0HSlExFZ3DhuwILCf,6d47Z08T4snK50HgTEHo5Z,Sage The Gemini,866567,hyphy|pop rap|southern hip hop|trap,61,2014-03-25,day,64,2024-01-08
0.829,0.343,0,-4.962,1,0.0982,0.00718,0.0,0.172,0.309,78.061,135418,4,78p1rF7xx1snnaKxtUzBHn,Opp Stoppa (feat. 21 Savage),3lRFN0HSlExFZ3DhuwILCf,"3gGUMEwIX6XodWsYEvKSal,1URnnhqYAYcrqrcwql10ft",YBN Nahmir|21 Savage,2997482|16213669,alabama rap|rap|trap|atl hip hop|hip hop|rap,61|89,2021-03-26,day,73,2024-01-08
0.851,0.718,11,-6.443,0,0.2,0.0708,0.0,0.329,0.493,125.031,153600,4,7EUdsWV0Cs8nyTo4R5Ef9b,Bodak Yellow (feat. Kodak Black),3lRFN0HSlExFZ3DhuwILCf,"4kYSro6naA4h99UJvo89HB,46SHBwWsqBkxI7EeeBEQG7",Cardi B|Kodak Black,22993357|10072386,pop|rap|florida drill|florida rap|melodic rap|miami hip hop|rap|trap|trap latino,78|80,2017-09-18,day,44,2024-01-08
0.489,0.692,1,-6.672,1,0.41,0.0322,0.00608,0.315,0.527,96.946,237707,4,4nva9EpKntUTs6CRSGBCn9,Just A Lil Bit,3lRFN0HSlExFZ3DhuwILCf,3q7HBObVc0L8jNeTe5Gofh,50 Cent,13325784,east coast hip hop|gangster rap|hip hop|pop rap|queens hip hop|rap,82,2005-03-03,day,80,2024-01-08
0.925,0.659,3,-4.763,1,0.231,0.206,7.88e-05,0.279,0.71,97.018,214227,4,69bHJ9qs5FrUJbKP8xU8uZ,Disco Inferno,3lRFN0HSlExFZ3DhuwILCf,3q7HBObVc0L8jNeTe5Gofh,50 Cent,13325784,east coast hip hop|gangster rap|hip hop|pop rap|queens hip hop|rap,82,2005-03-03,day,76,2024-01-08
0.832,0.645,2,-3.895,1,0.0799,0.8,0.0,0.0879,0.604,95.058,181899,4,4jlpT1ZTTOcrwAyjJAND2e,Growing Up Gangsta,3lRFN0HSlExFZ3DhuwILCf,6Vy1VMVCyTgbcmA1iz0QFg,Eli Fross,129621,brooklyn drill,52,2021-11-17,day,50,2024-01-08
0.66,0.978,1,-3.064,0,0.107,0.0247,0.0,0.0856,0.591,98.023,204960,4,3Lc65aYhtNRO19Fnq2oMb8,Crazy Bitch,3lRFN0HSlExFZ3DhuwILCf,0yN7xI1blow9nYIK0R8nM7,Buckcherry,787826,alternative metal|glam metal|hard rock|nu metal|post-grunge|sleaze rock,55,2006-04-11,day,71,2024-01-08
0.779,0.472,11,-7.116,1,0.218,0.0577,0.0,0.114,0.412,135.051,142212,4,0PT7nlpo11hYYyfnBgtilT,Nasty Freestyle,3lRFN0HSlExFZ3DhuwILCf,4MIULe6tfg2loNzBy5B9eu,T-Wayne,157288,houston rap|viral trap,43,2015-05-04,day,61,2024-01-08
0.747,0.937,0,-5.746,1,0.0453,0.0208,0.0,0.29,0.739,103.976,224653,4,3bC1ahPIYt1btJzSSEyyrF,Whistle,3lRFN0HSlExFZ3DhuwILCf,0jnsk9HBra6NMjO2oANoPY,Flo Rida,8676033,dance pop|miami hip hop|pop|pop rap,78,2012-06-22,day,82,2024-01-08
0.917,0.417,9,-10.479,1,0.438,0.04,0.0,0.0706,0.465,138.007,125217,3,6MTf9Q8yPuD8Vv2btCedNc,Splash,3lRFN0HSlExFZ3DhuwILCf,0mYBT2Ek76Szd4MqbCgT5R,Championxiii,35472,viral rap,31,2020-04-08,day,39,2024-01-08
0.851,0.629,1,-8.385,1,0.175,0.00705,0.000372,0.0746,0.789,125.984,237640,4,6Rb0ptOEjBjPPQUlQtQGbL,Hotel Room Service,3lRFN0HSlExFZ3DhuwILCf,0TnOYISbd1XYRBk9myaseg,Pitbull,10224110,dance pop|miami hip hop|pop,81,2009-08-31,day,75,2024-01-08
0.842,0.597,2,-6.336,1,0.0627,0.00252,0.0,0.124,0.298,145.992,215307,4,25oOaleife6E2MIKmFkPvg,Relationship (feat. Future),3lRFN0HSlExFZ3DhuwILCf,"50co4Is1HCEo8bhOyUWKpn,1RyvyyTE3xzB2ZywiAwp0i",Young Thug|Future,9355686|15692678,atl hip hop|atl trap|gangster rap|melodic rap|rap|trap|atl hip hop|hip hop|rap|southern hip hop|trap,83|88,2017-06-16,day,71,2024-01-08
0.772,0.685,5,-6.849,1,0.0696,0.019,8.96e-05,0.131,0.501,130.033,283400,4,2iJuuzV8P9Yz0VSurttIV5,Scream & Shout,3lRFN0HSlExFZ3DhuwILCf,"085pc2PYOi8bGKj0PNjekA,26dSoYclwsYLMAKD3tpOr4",will.i.am|Britney Spears,4116475|13578287,dance pop|pop|dance pop|pop,71|80,2013-01-01,day,81,2024-01-08
0.843,0.538,1,-8.028,1,0.0833,0.0273,0.0,0.124,0.428,97.49,208160,4,1UMKquW1olreYO1LlLmTqi,Gas Pedal,3lRFN0HSlExFZ3DhuwILCf,"6d47Z08T4snK50HgTEHo5Z,2ZavqCJe7uqkRpISes0NFi",Sage The Gemini|Iamsu!,866567|277600,hyphy|pop rap|southern hip hop|trap|cali rap,61|54,2014-03-25,day,68,2024-01-08
0.731,0.65,0,-5.286,1,0.271,0.107,0.0,0.124,0.605,154.968,177847,4,6cjSh516BbrNUs213jDAGm,Graduation (with Juice WRLD),3lRFN0HSlExFZ3DhuwILCf,"5CiGnKThu5ctn9pBxv7DGa,4MCBfE4596Uoi2O4DtmEMz",benny blanco|Juice WRLD,1106343|32077469,pop|chicago rap|melodic rap|rap,72|87,2019-08-30,day,66,2024-01-08
0.799,0.539,1,-6.351,1,0.0421,0.199,1.66e-05,0.165,0.394,136.948,202547,4,5Z3GHaZ6ec9bsiI5BenrbY,Young Dumb & Broke,3lRFN0HSlExFZ3DhuwILCf,6LuN9FCkKOj5PcnpouEgny,Khalid,16164890,pop|pop r&b,82,2017-04-27,day,81,2024-01-08
0.613,0.622,1,-5.794,0,0.0334,0.00882,0.0,0.37,0.484,80.003,231240,4,2y4lAQpi5VTNLu2ldeTdUH,We Can't Stop,3lRFN0HSlExFZ3DhuwILCf,5YGY8feqx7naU7z4HrwZM6,Miley Cyrus,22959261,pop,83,2013-10-04,day,80,2024-01-08
0.76,0.595,1,-6.366,1,0.0391,0.00544,0.0,0.241,0.361,131.497,263773,4,03tqyYWC9Um2ZqU0ZN849H,No Hands (feat. Roscoe Dash & Wale),3lRFN0HSlExFZ3DhuwILCf,"6f4XkbvYlXMH0QgVRzW0sM,0bfX8pF8kuHNCs57Ms4jZb,67nwj3Y5sZQLl72VNUHEYE",Waka Flocka Flame|Roscoe Dash|Wale,2684309|250081|4150012,atl hip hop|dirty south rap|pop rap|rap|southern hip hop|trap|atl hip hop|dirty south rap|futuristic swag|southern hip hop|trap|pop rap|r&b|rap|southern hip hop|trap,64|59|69,2010-10-01,day,79,2024-01-08
0.663,0.861,7,-3.398,0,0.109,0.0338,0.0,0.082,0.654,119.963,220800,4,4356Typ82hUiFAynbLYbPn,DJ Got Us Fallin' In Love (feat. Pitbull),3lRFN0HSlExFZ3DhuwILCf,"23zg3TcAtWQy7J6upgbUnj,0TnOYISbd1XYRBk9myaseg",USHER|Pitbull,10846051|10224110,atl hip hop|contemporary r&b|dance pop|pop|r&b|rap|south carolina hip hop|urban contemporary|dance pop|miami hip hop|pop,80|81,2010-03-30,day,83,2024-01-08
0.652,0.698,10,-4.667,0,0.042,0.00112,0.000115,0.0886,0.47,96.021,202067,4,5Q0Nhxo0l2bP3pNjpGJwV1,Party In The U.S.A.,3lRFN0HSlExFZ3DhuwILCf,5YGY8feqx7naU7z4HrwZM6,Miley Cyrus,22959261,pop,83,2009-01-01,day,80,2024-01-08
0.591,0.889,7,-3.839,1,0.115,0.0189,0.0,0.155,0.65,143.067,239613,4,4NTWZqvfQTlOMitlVn6tew,The Show Goes On,3lRFN0HSlExFZ3DhuwILCf,01QTIT5P1pFP3QnnFSdsJf,Lupe Fiasco,1873610,chicago rap|conscious hip hop|hip hop|political hip hop|pop rap|rap|southern hip hop,64,2011-03-04,day,72,2024-01-08
0.457,0.906,5,-2.278,0,0.342,0.249,0.0,0.182,0.54,104.02,357707,5,5UsLjwBaTHBX4ektWIr4XX,Forever,3lRFN0HSlExFZ3DhuwILCf,"3TVXtAsR1Inumwj472S9r4,5K4W6rqBFWDnAN6FQUkS6x,55Aa2cqylxrFIXC767Z865,7dGJo4pcD2V6oG8kP0tJRR",Drake|Kanye West|Lil Wayne|Eminem,83626299|22986248|14232381|80373039,canadian hip hop|canadian pop|hip hop|pop rap|rap|chicago rap|hip hop|rap|hip hop|new orleans rap|pop rap|rap|trap|detroit hip hop|hip hop|rap,96|91|85|90,2009-05-15,day,78,2024-01-08
0.545,0.763,11,-5.528,0,0.407,0.00715,0.0,0.668,0.752,126.59,186987,5,0w3Q3VFdrYzo24QUIGnBNy,679 (feat. Monty),3lRFN0HSlExFZ3DhuwILCf,"6PXS4YHDkKvl1wkIl4V8DL,1Wnfj5qZsp8nPsGBBRRa4W",Fetty Wap|Monty,4557581|17217,new jersey rap|pop rap|rap|southern hip hop|trap|,69|54,2015-09-25,day,63,2024-01-08
0.825,0.414,2,-6.634,1,0.144,0.00265,0.0,0.357,0.106,72.993,200548,4,1Y5Jvi3eLi4Chwqch9GMem,Super Gremlin,3lRFN0HSlExFZ3DhuwILCf,46SHBwWsqBkxI7EeeBEQG7,Kodak Black,10072386,florida drill|florida rap|melodic rap|miami hip hop|rap|trap|trap latino,80,2022-02-25,day,71,2024-01-08
0.827,0.552,4,-7.571,0,0.274,0.0169,0.0,0.122,0.408,124.011,205760,4,5f4Hy5mw5SRaUgXX9c6P5S,Sum 2 Prove,3lRFN0HSlExFZ3DhuwILCf,5f7VJjfbwm532GiveGC0ZK,Lil Baby,16366093,atl hip hop|atl trap|rap|trap,86,2020-02-28,day,75,2024-01-08
0.828,0.607,1,-6.241,1,0.0432,0.0769,0.000683,0.108,0.409,101.012,275560,4,4zrwPfq5ENLzjq41Txs2HR,Want Her,3lRFN0HSlExFZ3DhuwILCf,"0YinUQ50QDB7ZxSCLyQ40k,0VRj0yCOv2FXJNP47XQnx5,0A0FS04o6zMoto8OKPsDwY",Mustard|Quavo|YG,1137452|7128651|3205645,cali rap|pop rap|rap|southern hip hop|trap|atl hip hop|melodic rap|rap|trap|cali rap|hip hop|pop rap|rap|southern hip hop|trap,70|77|72,2016-09-30,day,65,2024-01-08
0.876,0.786,10,-4.884,0,0.306,0.0627,0.0,0.127,0.575,153.068,244679,4,60SdxE8apGAxMiRrpbmLY0,Lucky You (feat. Joyner Lucas),3lRFN0HSlExFZ3DhuwILCf,"7dGJo4pcD2V6oG8kP0tJRR,6C1ohJrd5VydigQtaGy5Wa",Eminem|Joyner Lucas,80373039|2136609,detroit hip hop|hip hop|rap|boston hip hop|hip hop|pop rap|rap,90|68,2018-08-31,day,76,2024-01-08
0.816,0.629,2,-5.568,1,0.226,0.133,0.0,0.0692,0.714,96.493,131607,4,6LcauUZjF1eXQrgqMUecHX,Ayy Macarena,3lRFN0HSlExFZ3DhuwILCf,5LHRHt1k9lMyONurDHEdrp,Tyga,6848796,hip hop|pop rap|rap|trap,78,2019-11-13,day,70,2024-01-08
0.654,0.877,6,-4.818,0,0.0996,0.00837,1.1e-06,0.371,0.909,126.082,202019,4,6SOuxyJH5glKeDSFUJJ5tX,Can't Stop Us Now,3lRFN0HSlExFZ3DhuwILCf,"0TnOYISbd1XYRBk9myaseg,6tKJaNOY6oNVWcegnMMEtt",Pitbull|Zac Brown,10224110|21899,dance pop|miami hip hop|pop|,81|46,2022-04-29,day,57,2024-01-08
0.778,0.498,5,-6.846,0,0.0562,0.256,0.0,0.295,0.464,96.995,231093,4,6lbhWl34Il0WXm5pX1fM9E,Up Down (Do This All Day) (feat. B.o.B),3lRFN0HSlExFZ3DhuwILCf,"3aQeKQSyrW4qWr35idm0cy,5ndkK3dpZLKtBklKjxNQwT",T-Pain|B.o.B,4615060|2078336,dance pop|gangster rap|hip hop|pop rap|r&b|rap|southern hip hop|trap|urban contemporary|atl hip hop|dance pop|pop rap|rap|southern hip hop,76|71,2014,year,72,2024-01-08
0.531,0.752,1,-6.161,1,0.0305,0.0421,0.0,0.12,0.103,89.917,237800,4,3ZdJffjzJWFimSQyxgGIxN,Just A Dream,3lRFN0HSlExFZ3DhuwILCf,2gBjLmx6zQnFGQJCAQpRgw,Nelly,2617297,dance pop|gangster rap|hip hop|pop rap|rap|st louis rap|urban contemporary,73,2010-11-12,day,77,2024-01-08
0.686,0.507,1,-7.097,1,0.0357,0.626,7.51e-05,0.383,0.69,168.955,232115,4,5CM4UuQ9Gnd6K2YyKGPMoK,Bad Habit,3lRFN0HSlExFZ3DhuwILCf,57vWImR43h4CaDao012Ofp,Steve Lacy,4097349,afrofuturism,80,2022-06-29,day,80,2024-01-08
0.822,0.502,7,-7.38,1,0.148,0.0312,0.000887,0.114,0.525,73.003,210200,4,6H0AwSQ20mo62jGlPGB8S6,It's A Vibe,3lRFN0HSlExFZ3DhuwILCf,"17lzZA2AlOHwCwFALHttmp,7c0XG5cIJTrrAgEC3ULPiq,2iojnBLj0qIMiKPvVhLnsH,5ZS223C6JyBfXasXxrRqOk",2 Chainz|Ty Dolla $ign|Trey Songz|Jhené Aiko,8017349|4870732|7381157|7193429,atl hip hop|hip hop|pop rap|rap|southern hip hop|trap|hip hop|pop rap|r&b|southern hip hop|trap|trap soul|dance pop|r&b|southern hip hop|trap|urban contemporary|r&b,75|79|68|77,2017-06-16,day,69,2024-01-08
0.659,0.628,0,-8.685,0,0.179,0.186,0.0,0.105,0.262,94.05,219427,4,3JA9Jsuxr4xgHXEawAdCp4,Just Can’t Get Enough,3lRFN0HSlExFZ3DhuwILCf,1yxSLGMDHlW21z4YXirZDS,Black Eyed Peas,7879760,dance pop|pop|pop rap,79,2010-01-01,day,81,2024-01-08
0.737,0.59,5,-7.141,0,0.21,0.468,0.0,0.118,0.685,96.96,179210,4,7r9CD9P2aX0PYMUcnAtWRA,Last Time (feat. G Herbo),3lRFN0HSlExFZ3DhuwILCf,"31W5EY0aAly4Qieq6OFu6I,5QdEbQJ3ylBnc3gsIASAT5",A Boogie Wit da Hoodie|G Herbo,7919751|2002907,melodic rap|rap|trap|chicago drill|chicago rap|drill|trap,79|69,2022-12-08,day,35,2024-01-08
0.655,0.819,0,-4.852,1,0.0316,0.000176,0.00374,0.104,0.766,117.956,192790,5,6Z8R6UsFuGXGtiIxiD8ISb,Safe And Sound,3lRFN0HSlExFZ3DhuwILCf,4gwpcMTbLWtBUlOijbVpuu,Capital Cities,880973,metropopolis|modern rock,65,2013,year,85,2024-01-08
0.938,0.606,6,-6.396,0,0.419,0.117,0.0,0.528,0.706,121.108,123673,4,5BmB3OaQyYXCqRyN8iR2Yi,SLUT ME OUT,3lRFN0HSlExFZ3DhuwILCf,0ErzCpIMyLcjPiwT4elrtZ,NLE Choppa,7400887,memphis hip hop|rap,79,2022-04-22,day,77,2024-01-08
0.817,0.501,1,-9.623,1,0.0481,0.258,0.0,0.102,0.408,129.979,236308,4,3HgmGFYiO8967EFji8CSdM,Dear Alcohol,3lRFN0HSlExFZ3DhuwILCf,5icKdCmMhNMYoAzVBAWt39,Dax,1346874,canadian hip hop|ottawa rap,66,2022-03-11,day,67,2024-01-08
0.816,0.367,2,-9.354,1,0.0588,0.314,0.0,0.0987,0.413,116.035,208630,4,1SRw5p2lVAi7RGlHEmZg66,Favorite Song,3lRFN0HSlExFZ3DhuwILCf,6BH1xcDkwbbyrLMUKECsW1,Toosii,1570531,north carolina hip hop,66,2023-02-17,day,75,2024-01-08
0.808,0.582,11,-6.26,1,0.338,0.827,0.0,0.111,0.675,77.471,148817,4,6EbVuwU7EnKeF2hdpViXCH,Die Young (feat. 347aidan),3lRFN0HSlExFZ3DhuwILCf,"6EPlBSH2RSiettczlz7ihV,0bBz5bRBkExaej2HxtVfCw",Sleepy Hallow|347aidan,1724554|460954,brooklyn drill|nyc rap|sad rap,75|62,2022-05-25,day,72,2024-01-08
0.766,0.901,6,-4.668,1,0.112,0.0761,0.0,0.348,0.817,127.945,211906,4,7dDJKoR11canMaT2YyyhSC,White Boy Wasted,3lRFN0HSlExFZ3DhuwILCf,5Eqq5ePFgYSyL6oskZwYpM,Jamie Drastik,260,,19,2012-04-16,day,13,2024-01-08
0.655,0.794,1,-6.113,0,0.367,0.0935,3.57e-05,0.383,0.608,172.106,212507,4,3DzlR0kXE6shimFVhSwI4A,Trouble on My Mind,3lRFN0HSlExFZ3DhuwILCf,"0ONHkAv9pCAFxb0zJwDNTy,4V8LLVI7PbaPR0K2TGSxFF","Pusha T|Tyler, The Creator",2882949|13737518,gangster rap|hip hop|pop rap|rap|southern hip hop|trap|virginia hip hop|hip hop|rap,72|84,2011-11-08,day,62,2024-01-08
0.925,0.748,11,-5.572,0,0.278,0.0484,0.0,0.101,0.615,92.978,243027,4,2lVDc57IMK6nypg2iuEWVR,Tipsy - Radio Mix,3lRFN0HSlExFZ3DhuwILCf,1Zz5UxfKSSqc6hpa3xJPCw,J-Kwon,262084,dirty south rap|southern hip hop,51,2004-01-25,day,56,2024-01-08
0.77,0.937,9,-2.327,1,0.247,0.0319,0.0,0.348,0.685,95.011,238173,4,1ne7JVHEPnoncXzQunQVKW,W.T.P.,3lRFN0HSlExFZ3DhuwILCf,7dGJo4pcD2V6oG8kP0tJRR,Eminem,80373039,detroit hip hop|hip hop|rap,90,2010-06-18,day,62,2024-01-08
0.92,0.833,1,-3.18,1,0.253,0.0277,0.0,0.0596,0.645,141.034,165726,4,4PklAHGXT5ityno3IA8SKd,Go Stupid,3lRFN0HSlExFZ3DhuwILCf,"6AgTAQt8XS6jRWi4sX7w49,44IvvHRk2XF243QLA2VOa8,0ErzCpIMyLcjPiwT4elrtZ,0NWbwDZY1VkRqFafuQm6wk",Polo G|Stunna 4 Vegas|NLE Choppa|Mike WiLL Made-It,10657935|813292|7400887|1553951,chicago rap|rap|north carolina hip hop|trap|memphis hip hop|rap|atl hip hop|rap|southern hip hop|trap,80|60|79|66,2020-05-15,day,79,2024-01-08
0.88,0.591,2,-8.57,0,0.359,0.0438,0.0,0.112,0.487,140.079,185117,4,2cOhlVJutH98Tc8Youes7w,Skelz Bellz,3lRFN0HSlExFZ3DhuwILCf,"3BAgmPNIK5IJl7zMK1wvMA,0bnVSLAzTXpApxHU3aRr95",That Mexican OT|Roddy Rodd,504582|19,texas latin rap|,68|17,2021-12-17,day,33,2024-01-08
0.893,0.513,4,-7.958,0,0.364,0.531,0.0,0.153,0.758,126.061,185736,4,6tiYQ631gOeBb2jCtaIs0R,Hit List (with BigXthaPlug & Big Yavo),3lRFN0HSlExFZ3DhuwILCf,"3BAgmPNIK5IJl7zMK1wvMA,6qxpnaukVayrQn6ViNvu9I,3PGiywHOqNwJ1bv4S3fgZF",That Mexican OT|BigXthaPlug|Big Yavo,504582|346789|141471,texas latin rap|southern hip hop|alabama rap,68|74|59,2023-07-28,day,73,2024-01-08
0.821,0.714,1,-4.952,0,0.0992,0.0345,0.0,0.148,0.215,139.068,278293,4,0jPYlLm8c7HoMOqqWjyFVQ,Talking To My Scale,3lRFN0HSlExFZ3DhuwILCf,"65smG2lgnRmrDB8g7z1hG0,3HiuzBlSW7pGDXlSFMhO2g",Paper Route EMPIRE|Young Dolph,62089|2749348,memphis hip hop|memphis hip hop|rap|southern hip hop|tennessee hip hop|trap,53|71,2021-07-30,day,64,2024-01-08
0.847,0.733,10,-6.439,0,0.16,0.00574,1.04e-05,0.151,0.202,130.029,193591,4,6pcywuOeGGWeOQzdUyti6k,Glock In My Lap,3lRFN0HSlExFZ3DhuwILCf,"1URnnhqYAYcrqrcwql10ft,0iEtIxbK0KxaSlF7G42ZOp",21 Savage|Metro Boomin,16213669|6641993,atl hip hop|hip hop|rap|rap,89|87,2020-10-02,day,87,2024-01-08
0.831,0.493,1,-5.58,1,0.363,0.312,0.0,0.107,0.195,150.027,178382,4,4NoqvSeTSVWO3vXG5IpdFw,Meech,3lRFN0HSlExFZ3DhuwILCf,3HiuzBlSW7pGDXlSFMhO2g,Young Dolph,2749348,memphis hip hop|rap|southern hip hop|tennessee hip hop|trap,71,2017-02-03,day,61,2024-01-08
0.92,0.547,6,-4.98,0,0.272,0.0241,1.45e-06,0.0998,0.606,138.05,89536,4,5vDNippoMr52KpXBO9b9KQ,Coffin,3lRFN0HSlExFZ3DhuwILCf,6icQOAFXDZKsumw3YXyusw,Lil Yachty,9554683,atl hip hop|melodic rap|rap|trap,78,2020-11-27,day,77,2024-01-08
0.931,0.401,0,-8.756,1,0.158,0.399,2.05e-06,0.266,0.613,128.871,148928,4,3FjK86616FbluOfTxNK2gY,A N X I E T Y (feat. Doechii),3lRFN0HSlExFZ3DhuwILCf,"6EPlBSH2RSiettczlz7ihV,4E2rKHVDssGJm2SCDOMMJB",Sleepy Hallow|Doechii,1724554|403492,brooklyn drill|nyc rap|alternative r&b,75|69,2023-09-15,day,77,2024-01-08
0.862,0.621,2,-7.423,1,0.283,0.379,0.0,0.415,0.239,124.081,170268,4,6ulEymrJ2Azx1uo3YHSE5w,Bent,3lRFN0HSlExFZ3DhuwILCf,"0yknvLWQZxwsMjhUhwWZQ8,0hF6lbAjRsq4svrQUr5sgU,3BcgTyEdL81zMljmXcilZM,43s6uFZrdusv7ggmDSpO41",41|Kyle Richh|Jenn Carter|TaTa,107682|213652|164595|124482,new york drill|new york drill|new york drill|new york drill,64|67|66|65,2023-08-04,day,79,2024-01-08
0.474,0.631,5,-5.884,0,0.343,0.0687,0.0,0.132,0.424,180.056,189323,4,1oWM79mUVdZGCGYjSirHZR,Bandit (with YoungBoy Never Broke Again),3lRFN0HSlExFZ3DhuwILCf,"4MCBfE4596Uoi2O4DtmEMz,7wlFDEWiM5OoIAt8RSli8b",Juice WRLD|YoungBoy Never Broke Again,32077469|12248282,chicago rap|melodic rap|rap|baton rouge rap|rap,87|82,2019-03-08,day,77,2024-01-08
0.853,0.642,8,-6.734,0,0.0996,0.0592,3.57e-05,0.295,0.205,119.939,180011,4,1K5EkhJPR3xJ1yqAWhXR9l,Press Beef,3lRFN0HSlExFZ3DhuwILCf,42N8gqPCAOmpTtSpINYQYr,Donja,1171,,15,2023-02-24,day,16,2024-01-08
0.775,0.726,9,-5.629,1,0.0369,0.0399,0.0235,0.11,0.206,126.999,185120,4,11Iv8RCFmeImLOpaHYxKb4,Stereo Love - Radio Edit,3lRFN0HSlExFZ3DhuwILCf,"6XwwFnewNgWp81MYMK8zLq,34dZRjYum6vVBGslgYaBtB",Edward Maya|Vika Jigulina,240260|14607,romanian house|romanian pop|moldovan pop,63|61,2009,year,61,2024-01-08
0.889,0.354,0,-14.455,0,0.315,0.0186,0.0,0.0557,0.649,160.023,158158,4,19s7W71y7IZDAn6X2mnCqr,LABELS CALLIN',3lRFN0HSlExFZ3DhuwILCf,6rIaHuCIUu32uj2CjlEBN3,Mike Dimes,207304,southern hip hop,59,2021-05-08,day,63,2024-01-08
0.63,0.605,0,-8.951,1,0.0414,0.484,9.29e-05,0.298,0.266,115.277,295293,4,5iSEsR6NKjlC9SrIJkyL3k,Pursuit Of Happiness (Nightmare),3caseqKMvJyv2XE1rN6SQi,"0fA0VVWsXO9YnASrzqfmYu,0SwO7SWeDHJijQ3XNS7xEE,57dN52uHvrHOxijzpIgu3E",Kid Cudi|MGMT|Ratatat,6788413|2935206|590346,hip hop|ohio hip hop|pop rap|rap|alternative rock|indie rock|indietronica|modern rock|rock|indietronica,79|72|64,2009-09-15,day,72,2024-01-08
0.723,0.86,11,-4.357,1,0.203,0.271,4.56e-06,0.598,0.667,126.979,200013,4,3hlksXnvbKogFdPbpO9vel,Super Bass,3caseqKMvJyv2XE1rN6SQi,0hCNtLu0JehylgoiP8L4Gh,Nicki Minaj,30496118,hip pop|pop|queens hip hop|rap,88,2010-11-22,day,83,2024-01-08
0.664,0.447,6,-7.272,0,0.289,0.112,0.0,0.091,0.659,83.138,234215,4,5cc9Zbfp9u10sfJeKZ3h16,3005,3caseqKMvJyv2XE1rN6SQi,73sIBHcqh3Z3NyqHKZ7FOL,Childish Gambino,12012874,atl hip hop|hip hop|rap,78,2013-12-10,day,81,2024-01-08
0.395,0.922,1,-2.176,1,0.375,0.19,0.0,0.134,0.558,162.361,257690,4,3QLjDkgLh9AOEHlhQtDuhs,Best I Ever Had,3caseqKMvJyv2XE1rN6SQi,3TVXtAsR1Inumwj472S9r4,Drake,83626299,canadian hip hop|canadian pop|hip hop|pop rap|rap,96,2009,year,81,2024-01-08
0.553,0.652,0,-6.685,1,0.206,0.0897,0.0,0.111,0.551,94.505,207347,4,6YbhspuOar1D9WSSnfe7ds,"Young, Wild & Free (feat. Bruno Mars)",3caseqKMvJyv2XE1rN6SQi,"7hJcb9fa4alzcOq3EaNPoG,137W8MRPWKqSmrBGDBFSop,0du5cEVh5yTK9QJze8zA0C",Snoop Dogg|Wiz Khalifa|Bruno Mars,10871699|11073613|52986983,g funk|gangster rap|hip hop|pop rap|rap|west coast rap|hip hop|pittsburgh rap|pop rap|rap|southern hip hop|trap|dance pop|pop,81|80|87,2011-12-12,day,71,2024-01-08
0.747,0.716,11,-2.457,0,0.075,0.135,0.0,0.251,0.751,125.008,210627,4,1oHNvJVbFkexQc0BpQp7Y4,Starships,3caseqKMvJyv2XE1rN6SQi,0hCNtLu0JehylgoiP8L4Gh,Nicki Minaj,30496118,hip pop|pop|queens hip hop|rap,88,2011-01-01,day,77,2024-01-08
0.835,0.669,6,-5.582,0,0.0643,0.0336,6.92e-05,0.0535,0.542,122.668,267080,4,1Jo0Zg7XlrA6z0mFTZVdkn,Don't Stop The Music,3caseqKMvJyv2XE1rN6SQi,5pKCCKE2ajJHZ9KAiaK11H,Rihanna,58780253,barbadian pop|pop|urban contemporary,89,2007-01-01,day,72,2024-01-08
0.776,0.736,7,-4.612,1,0.247,0.0802,0.0,0.159,0.233,147.946,186945,4,1fCeXjoRExPP2qwSBh2aST,Black & White,3caseqKMvJyv2XE1rN6SQi,4MCBfE4596Uoi2O4DtmEMz,Juice WRLD,32077469,chicago rap|melodic rap|rap,87,2018-12-10,day,77,2024-01-08
0.764,0.526,0,-6.381,0,0.0544,0.678,0.0,0.163,0.323,81.004,121680,4,6vSRW8utiYAdoCfJG2v86r,Taking A Walk,3caseqKMvJyv2XE1rN6SQi,6Xgp2XMz1fhVYe7i6yNAax,Trippie Redd,9249721,melodic rap|rap|trap,80,2018-08-10,day,78,2024-01-08
0.65,0.715,5,-5.198,0,0.253,0.0993,0.000291,0.126,0.187,106.672,243717,4,1IHWl5LamUGEuP4ozKQSXZ,Tití Me Preguntó,3caseqKMvJyv2XE1rN6SQi,4q3ewBCX7sLwd24euuV69X,Bad Bunny,78216625,reggaeton|trap latino|urbano latino,95,2022-05-06,day,86,2024-01-08
0.792,0.707,7,-5.218,0,0.0623,0.116,0.0,0.12,0.408,134.997,224042,4,5LKIZ4UTKebSE5VFbLSQnr,His & Hers (feat. Don Toliver & Lil Uzi Vert),3caseqKMvJyv2XE1rN6SQi,"6MPCFvOQv5cIGfw3jODMF0,2hlmm7s2ICUX0LVIhVFlZQ,4Gso3d4CscCijv0lmajZWs,4O15NlyKLIASxsJ0PrXPfz",Internet Money|Gunna|Don Toliver|Lil Uzi Vert,778596|6520604|3641335|16484624,pop rap|trap|atl hip hop|melodic rap|rap|trap|pop rap|rap|trap|hip hop|melodic rap|philly rap|rage rap|rap,67|84|81|85,2021-05-13,day,67,2024-01-08
0.522,0.428,11,-11.332,0,0.143,0.235,2.35e-06,0.278,0.399,129.829,221538,4,1gGsNNUfvVMOv4llVMg8Vg,Ps & Qs,3caseqKMvJyv2XE1rN6SQi,4O15NlyKLIASxsJ0PrXPfz,Lil Uzi Vert,16484624,hip hop|melodic rap|philly rap|rage rap|rap,85,2016-05-27,day,66,2024-01-08
0.633,0.673,6,-6.403,0,0.258,0.297,0.0,0.206,0.659,86.776,211160,4,2qPUnoasNe4Ep43emVXEig,Billionaire (feat. Bruno Mars),3caseqKMvJyv2XE1rN6SQi,"7o9Nl7K1Al6NNAHX6jn6iG,0du5cEVh5yTK9QJze8zA0C",Travie McCoy|Bruno Mars,368071|52986983,pop rap|dance pop|pop,60|87,2010-06-07,day,74,2024-01-08
0.491,0.956,11,-1.538,1,0.392,0.0295,0.0,0.46,0.811,173.585,276920,4,2igwFfvr1OAGX9SKDCPBwO,Empire State Of Mind,3caseqKMvJyv2XE1rN6SQi,"3nFkdlSjzX9mRTtwJOzDYB,3DiDSECUqqY1AuBP8qtaIa",JAY-Z|Alicia Keys,8801570|11308507,east coast hip hop|gangster rap|hip hop|pop rap|rap|neo soul|pop|r&b,82|76,2009-09-08,day,85,2024-01-08
0.889,0.818,9,-4.639,1,0.253,0.47,0.0,0.179,0.782,96.063,302760,4,5ByAIlEEnxYdvpnezg7HTX,Juicy - 2005 Remaster,3caseqKMvJyv2XE1rN6SQi,5me0Irg2ANcsgc93uaYrpb,The Notorious B.I.G.,9678876,east coast hip hop|gangster rap|hardcore hip hop|hip hop|rap,76,1994-09-13,day,77,2024-01-08
0.807,0.602,11,-5.005,1,0.274,0.0835,0.0,0.151,0.252,95.031,151649,4,0Z1nbG2KOuRKntstSAkSox,FeRRis WhEEL (feat. Trippie Redd),3caseqKMvJyv2XE1rN6SQi,"2jku7tDXc6XoB6MO2hFuqg,6Xgp2XMz1fhVYe7i6yNAax",Tory Lanez|Trippie Redd,6302994|9249721,canadian hip hop|canadian trap|melodic rap|pop rap|r&b|rap|trap|melodic rap|rap|trap,80|80,2018-10-26,day,60,2024-01-08
0.493,0.653,0,-5.666,0,0.0466,0.269,0.0,0.511,0.852,142.347,121573,4,5B0kgjHULYJhAQkK5XsMoC,WUSYANAME (feat. Youngboy Never Broke Again & Ty Dolla $ign),3caseqKMvJyv2XE1rN6SQi,"4V8LLVI7PbaPR0K2TGSxFF,7wlFDEWiM5OoIAt8RSli8b,7c0XG5cIJTrrAgEC3ULPiq","Tyler, The Creator|YoungBoy Never Broke Again|Ty Dolla $ign",13737518|12248282|4870732,hip hop|rap|baton rouge rap|rap|hip hop|pop rap|r&b|southern hip hop|trap|trap soul,84|82|79,2021-06-25,day,77,2024-01-08
0.542,0.466,0,-8.665,1,0.0831,0.141,0.000445,0.125,0.124,191.385,243440,4,7rbECVPkY5UODxoOUVKZnA,I Wonder,3caseqKMvJyv2XE1rN6SQi,5K4W6rqBFWDnAN6FQUkS6x,Kanye West,22986248,chicago rap|hip hop|rap,91,2007-09-11,day,88,2024-01-08
0.764,0.719,10,-6.939,0,0.0769,0.0613,0.0,0.0982,0.452,106.96,165911,4,78844Rxxkl8STQUVbp4vXi,Ayye,3caseqKMvJyv2XE1rN6SQi,4LLpKhyESsyAXpc4laK94U,Mac Miller,9922860,hip hop|pittsburgh rap|rap,81,2010-08-13,day,64,2024-01-08
0.53,0.497,9,-8.701,1,0.182,0.521,1.62e-05,0.0665,0.322,181.539,243034,4,4Pafh2Ndd9O4NgO53rqJxI,BDE Bonus,3caseqKMvJyv2XE1rN6SQi,4LLpKhyESsyAXpc4laK94U,Mac Miller,9922860,hip hop|pittsburgh rap|rap,81,2016-06-03,day,64,2024-01-08
0.691,0.64,0,-6.441,1,0.369,0.511,0.0,0.409,0.163,138.672,202040,4,6MF4tRr5lU8qok8IKaFOBE,Under The Sun (with J. Cole & Lute feat. DaBaby),3caseqKMvJyv2XE1rN6SQi,"1iNqsUDUraNWrj00bqssQG,6l3HvQ5sa6mXTsMTB19rO5,75WcpJKWXBV3o3cfluWapK,4r63FhuTkUYltbVAg5TQnk",Dreamville|J. Cole|Lute|DaBaby,608984|22394288|208810|11554890,hip hop|pop rap|rap|conscious hip hop|hip hop|north carolina hip hop|rap|indie hip hop|north carolina hip hop|underground hip hop|hip hop|north carolina hip hop|pop rap|rap|trap,66|86|58|78,2019-07-05,day,76,2024-01-08
0.774,0.6,10,-6.728,0,0.12,0.121,0.0,0.0924,0.389,156.073,116681,4,2bTRpIxPniQmrSgwmtF1b2,Shake It Up,3caseqKMvJyv2XE1rN6SQi,6Xgp2XMz1fhVYe7i6yNAax,Trippie Redd,9249721,melodic rap|rap|trap,80,2018-08-10,day,62,2024-01-08
0.674,0.506,6,-10.532,1,0.0434,0.173,0.0,0.0866,0.183,145.965,259333,4,5WoaF1B5XIEnWfmb5NZikf,Sky Walker (feat. Travis Scott),3caseqKMvJyv2XE1rN6SQi,"360IAlyVv4PCEVjgyMZrxK,0Y5tJX1MQlPlqiwlOH1tJY",Miguel|Travis Scott,4903257|26203362,r&b|hip hop|rap|slap house,78|91,2017-12-01,day,76,2024-01-08
0.652,0.812,3,-3.797,0,0.0409,0.00125,3.01e-05,0.667,0.72,126.023,230733,4,3avYqdwHKEq8beXbeWCKqJ,Last Friday Night (T.G.I.F.),3caseqKMvJyv2XE1rN6SQi,6jJ0s89eD6GaHleKKya26X,Katy Perry,31203416,pop,83,2010-01-01,day,78,2024-01-08
0.716,0.531,7,-7.355,1,0.122,0.0703,0.0,0.224,0.344,71.994,386907,4,2HbKqm4o0w5wEeEFXm2sD4,Money Trees,3caseqKMvJyv2XE1rN6SQi,"2YZyLoL8N0Wb9xBt1NhZWg,28ExwzUQsvgJooOI0X1mr3",Kendrick Lamar|Jay Rock,26526500|1457854,conscious hip hop|hip hop|rap|west coast rap|conscious hip hop|hip hop|rap|southern hip hop|trap,87|71,2012,year,83,2024-01-08
0.582,0.677,7,-7.081,1,0.172,0.0312,6.6e-06,0.122,0.205,193.818,240653,4,3cjF2OFRmip8spwZYQRKxP,Feel No Ways,3caseqKMvJyv2XE1rN6SQi,3TVXtAsR1Inumwj472S9r4,Drake,83626299,canadian hip hop|canadian pop|hip hop|pop rap|rap,96,2016-05-06,day,78,2024-01-08
0.817,0.775,10,-4.767,0,0.108,0.277,0.0,0.108,0.806,126.984,234334,4,56oGoEjA9eTZYgsttEFKY3,The Thrill,3caseqKMvJyv2XE1rN6SQi,"137W8MRPWKqSmrBGDBFSop,67hb7towEyKvt5Z8Bx306c",Wiz Khalifa|Empire of the Sun,11073613|1384377,hip hop|pittsburgh rap|pop rap|rap|southern hip hop|trap|australian dance|australian electropop|dance rock|indietronica|neo-synthpop,80|73,2020-11-11,day,78,2024-01-08
0.587,0.698,1,-8.948,1,0.0943,0.0152,0.0,0.442,0.0985,133.954,310720,4,712uvW1Vezq8WpQi38v2L9,"Bitch, Don’t Kill My Vibe",3caseqKMvJyv2XE1rN6SQi,2YZyLoL8N0Wb9xBt1NhZWg,Kendrick Lamar,26526500,conscious hip hop|hip hop|rap|west coast rap,87,2012,year,69,2024-01-08
0.706,0.559,4,-5.216,0,0.0416,0.0372,0.0,0.379,0.252,78.534,217405,4,3DoBTwfr8yi2LN08SBpFkN,Watch (feat. Lil Uzi Vert & Kanye West),3caseqKMvJyv2XE1rN6SQi,"0Y5tJX1MQlPlqiwlOH1tJY,4O15NlyKLIASxsJ0PrXPfz,5K4W6rqBFWDnAN6FQUkS6x",Travis Scott|Lil Uzi Vert|Kanye West,26203362|16484624|22986248,hip hop|rap|slap house|hip hop|melodic rap|philly rap|rage rap|rap|chicago rap|hip hop|rap,91|85|91,2018-05-04,day,64,2024-01-08
0.75,0.56,8,-8.094,1,0.105,0.546,0.0,0.111,0.459,140.06,221440,4,3swc6WTsr7rl9DqQKQA55C,Psycho (feat. Ty Dolla $ign),3caseqKMvJyv2XE1rN6SQi,"246dkjvS1zLTtiykXe5h60,7c0XG5cIJTrrAgEC3ULPiq",Post Malone|Ty Dolla $ign,43068815|4870732,dfw rap|melodic rap|pop|rap|hip hop|pop rap|r&b|southern hip hop|trap|trap soul,87|79,2018-04-27,day,79,2024-01-08
0.777,0.414,6,-7.44,0,0.0946,0.00421,2.73e-05,0.0724,0.287,100.002,227880,4,2aSC2xhRxOLiiZZVjhbylH,"Hold On, We're Going Home",3caseqKMvJyv2XE1rN6SQi,"3TVXtAsR1Inumwj472S9r4,4HzKw8XcD0piJmDrrPRCYk",Drake|Majid Jordan,83626299|935822,canadian hip hop|canadian pop|hip hop|pop rap|rap|canadian contemporary r&b|canadian hip hop,96|67,2013-01-01,day,76,2024-01-08
0.904,0.723,11,-5.224,0,0.26,0.0631,0.0,0.185,0.835,145.013,227478,4,2MbdDtCv5LUVjYy9RuGTgC,"WHATS POPPIN (feat. DaBaby, Tory Lanez & Lil Wayne) - Remix",3caseqKMvJyv2XE1rN6SQi,"2LIk90788K0zvyj2JJVwkJ,2jku7tDXc6XoB6MO2hFuqg,4r63FhuTkUYltbVAg5TQnk,55Aa2cqylxrFIXC767Z865",Jack Harlow|Tory Lanez|DaBaby|Lil Wayne,3376624|6302994|11554890|14232381,deep underground hip hop|kentucky hip hop|pop rap|rap|canadian hip hop|canadian trap|melodic rap|pop rap|r&b|rap|trap|hip hop|north carolina hip hop|pop rap|rap|trap|hip hop|new orleans rap|pop rap|rap|trap,84|80|78|85,2020-06-24,day,73,2024-01-08
0.963,0.309,6,-8.456,0,0.315,0.0605,1.9e-05,0.108,0.579,132.04,168759,4,4d6z0mKVcnhE5x0YWvTexh,first order of business,3caseqKMvJyv2XE1rN6SQi,5SXuuuRpukkTvsLuUknva1,Baby Keem,1992651,hip hop|rap,78,2021-09-10,day,60,2024-01-08
0.74,0.564,8,-6.71,1,0.0688,0.0126,0.0,0.126,0.129,158.114,152025,4,0XqGHtlXsdVW2n8HJ3KyeE,Betrayal (feat. Drake),3caseqKMvJyv2XE1rN6SQi,"6Xgp2XMz1fhVYe7i6yNAax,3TVXtAsR1Inumwj472S9r4",Trippie Redd|Drake,9249721|83626299,melodic rap|rap|trap|canadian hip hop|canadian pop|hip hop|pop rap|rap,80|96,2021-08-21,day,56,2024-01-08
0.435,0.76,8,-4.935,0,0.0721,0.0175,0.0,0.158,0.206,80.082,351947,4,1UGD3lW3tDmgZfAVDh6w7r,Devil In A New Dress,3caseqKMvJyv2XE1rN6SQi,"5K4W6rqBFWDnAN6FQUkS6x,1sBkRIssrMs1AbVkOJbc7a",Kanye West|Rick Ross,22986248|7103142,chicago rap|hip hop|rap|dirty south rap|gangster rap|hip hop|rap|southern hip hop|trap,91|76,2010-11-22,day,82,2024-01-08
0.443,0.536,4,-8.187,0,0.0378,0.0194,4.24e-05,0.1,0.0391,121.967,283285,4,66w7lK0t98OPgvYjXp39IP,Excitement,3caseqKMvJyv2XE1rN6SQi,"6Xgp2XMz1fhVYe7i6yNAax,2HPaUgqeutzr3jx5a9WyDV",Trippie Redd|PARTYNEXTDOOR,9249721|6064028,melodic rap|rap|trap|r&b|rap|urban contemporary,80|78,2020-10-30,day,73,2024-01-08
0.423,0.643,6,-7.261,1,0.287,0.0455,0.0,0.172,0.708,84.336,212707,4,0lWjRSzq5chA9fps3pM8Zr,The Glory,3caseqKMvJyv2XE1rN6SQi,5K4W6rqBFWDnAN6FQUkS6x,Kanye West,22986248,chicago rap|hip hop|rap,91,2007-09-11,day,68,2024-01-08
0.779,0.572,6,-9.985,0,0.378,0.157,0.0,0.246,0.647,135.956,300160,4,2P3SLxeQHPqh8qKB6gtJY2,Poetic Justice,3caseqKMvJyv2XE1rN6SQi,"2YZyLoL8N0Wb9xBt1NhZWg,3TVXtAsR1Inumwj472S9r4",Kendrick Lamar|Drake,26526500|83626299,conscious hip hop|hip hop|rap|west coast rap|canadian hip hop|canadian pop|hip hop|pop rap|rap,87|96,2012,year,75,2024-01-08
0.711,0.515,10,-6.004,0,0.0856,0.234,0.0,0.205,0.563,159.968,201920,4,2uTrdatngtB000duMrfbiV,Feeling,3caseqKMvJyv2XE1rN6SQi,4MCBfE4596Uoi2O4DtmEMz,Juice WRLD,32077469,chicago rap|melodic rap|rap,87,2019-03-08,day,70,2024-01-08
0.672,0.717,5,-7.476,1,0.226,0.103,0.0,0.398,0.473,157.905,180380,4,7nc7mlSdWYeFom84zZ8Wr8,Tell Em,3caseqKMvJyv2XE1rN6SQi,"46HzS7yz0c9udVwtbHk1sx,5IbEL2xjRtKsunfmsahLuO",Cochise|$NOT,644488|1461350,plugg|pluggnb|rage rap|aesthetic rap|cloud rap|florida rap|underground hip hop,64|67,2021-05-28,day,79,2024-01-08
0.461,0.653,6,-8.617,1,0.327,0.158,0.0,0.197,0.588,81.628,322000,1,1m8WpLYXEiNVZchsWEcCSy,Come Through and Chill (feat. J. Cole & Salaam Remi),3caseqKMvJyv2XE1rN6SQi,"360IAlyVv4PCEVjgyMZrxK,6l3HvQ5sa6mXTsMTB19rO5,0rlS0SzVFk8BoiAW0fGBbN",Miguel|J. Cole|Salaam Remi,4903257|22394288|29106,r&b|conscious hip hop|hip hop|north carolina hip hop|rap|hip hop,78|86|61,2017-12-01,day,69,2024-01-08
0.693,0.504,6,-8.306,1,0.238,0.00299,0.0,0.695,0.723,102.139,167600,4,4UQMOPSUVJVicIQzjAcRRZ,Champion,3caseqKMvJyv2XE1rN6SQi,5K4W6rqBFWDnAN6FQUkS6x,Kanye West,22986248,chicago rap|hip hop|rap,91,2007-09-11,day,76,2024-01-08
0.745,0.646,6,-6.987,0,0.17,0.157,0.0,0.338,0.46,79.993,203908,4,2u7mxWSeoqTXndK5e08jMp,Nowadays (feat. Landon Cube),3caseqKMvJyv2XE1rN6SQi,"7d3WFRME3vBY2cgoP38RDo,04ei5kNgmDuNAydFhhIHnD",Lil Skies|Landon Cube,5025379|371126,melodic rap|pop rap,67|56,2017-12-12,day,70,2024-01-08
0.585,0.564,0,-7.063,0,0.0515,0.0671,0.0,0.135,0.137,113.003,242253,4,7fBv7CLKzipRk6EC6TWHOB,The Hills,3caseqKMvJyv2XE1rN6SQi,1Xyo4u8uXC1ZmMpatF05PJ,The Weeknd,77257554,canadian contemporary r&b|canadian pop|pop,94,2015-08-28,day,89,2024-01-08
0.637,0.69,9,-3.214,0,0.0693,0.417,0.0,0.211,0.103,140.329,253907,4,35srNkJVToAzYiZzron1FY,Young Forever,3caseqKMvJyv2XE1rN6SQi,"3nFkdlSjzX9mRTtwJOzDYB,1zV9UjTUevjp5VUddqIUUn",JAY-Z|Mr Hudson,8801570|26475,east coast hip hop|gangster rap|hip hop|pop rap|rap|,82|59,2009-09-08,day,67,2024-01-08
0.595,0.678,9,-5.18,1,0.0335,0.0199,0.00389,0.418,0.259,117.067,99213,4,5fEB6ZmVkg63GZg9qO86jh,Break from Toronto,3caseqKMvJyv2XE1rN6SQi,2HPaUgqeutzr3jx5a9WyDV,PARTYNEXTDOOR,6064028,r&b|rap|urban contemporary,78,2013-07-01,day,87,2024-01-08
0.8,0.578,4,-5.144,0,0.0485,0.00381,0.0,0.359,0.367,143.01,204665,4,0QIjsbm2fh1cJ45XO9eGqq,Wake Up in the Sky,3caseqKMvJyv2XE1rN6SQi,"13y7CgLHjMVRMDqxdx0Xdo,0du5cEVh5yTK9QJze8zA0C,46SHBwWsqBkxI7EeeBEQG7",Gucci Mane|Bruno Mars|Kodak Black,5220799|52986983|10072386,atl hip hop|dirty south rap|hip hop|pop rap|rap|southern hip hop|trap|dance pop|pop|florida drill|florida rap|melodic rap|miami hip hop|rap|trap|trap latino,76|87|80,2018-09-14,day,79,2024-01-08
0.75,0.789,2,-4.578,1,0.108,0.253,0.0,0.129,0.673,147.957,157133,4,7LGWmZaoS7jZJ5tEi9EcDi,HAD ENOUGH (feat. Quavo & Offset),3caseqKMvJyv2XE1rN6SQi,"4Gso3d4CscCijv0lmajZWs,0VRj0yCOv2FXJNP47XQnx5,4DdkRBBYG6Yk9Ka8tdJ9BW",Don Toliver|Quavo|Offset,3641335|7128651|3501668,pop rap|rap|trap|atl hip hop|melodic rap|rap|trap|atl hip hop|hip hop|pop rap|rap|trap,81|77|79,2019-12-27,day,65,2024-01-08
0.621,0.405,1,-11.26,0,0.437,0.382,0.0,0.152,0.141,98.427,174549,4,6kksmL4t09IgxhajuVDDxR,late at night,3caseqKMvJyv2XE1rN6SQi,757aE44tKEUQEqRuT6GnEB,Roddy Ricch,10179420,melodic rap|rap|trap,76,2021-12-17,day,67,2024-01-08
0.901,0.697,9,-3.439,1,0.28,0.145,0.0,0.287,0.67,93.941,229827,4,7KwZNVEaqikRSBSpyhXK2j,Hypnotize - 2014 Remaster,3caseqKMvJyv2XE1rN6SQi,5me0Irg2ANcsgc93uaYrpb,The Notorious B.I.G.,9678876,east coast hip hop|gangster rap|hardcore hip hop|hip hop|rap,76,1997-03-04,day,84,2024-01-08
0.552,0.846,9,-4.912,1,0.342,0.0114,0.0,0.309,0.554,98.56,236600,1,2dxjKgT0li4qBI3QwuN9Ih,Touch The Sky,3caseqKMvJyv2XE1rN6SQi,"5K4W6rqBFWDnAN6FQUkS6x,01QTIT5P1pFP3QnnFSdsJf",Kanye West|Lupe Fiasco,22986248|1873610,chicago rap|hip hop|rap|chicago rap|conscious hip hop|hip hop|political hip hop|pop rap|rap|southern hip hop,91|64,2005-08-30,day,76,2024-01-08
0.568,0.56,9,-9.059,1,0.42,0.228,3.05e-06,0.39,0.246,130.019,308756,4,4s7QLoImIwmPi9L6dq1nVW,TSU,3caseqKMvJyv2XE1rN6SQi,3TVXtAsR1Inumwj472S9r4,Drake,83626299,canadian hip hop|canadian pop|hip hop|pop rap|rap,96,2021-09-03,day,75,2024-01-08
0.394,0.661,4,-8.684,1,0.192,0.00996,0.0,0.343,0.335,149.818,260987,4,2N3U8uTYhjX2KwGT0pf5x0,"Everyday (feat. Rod Stewart, Miguel & Mark Ronson)",3caseqKMvJyv2XE1rN6SQi,"13ubrt8QOOCPljQ2FL1Kca,2y8Jo9CKhJvtfeKOsYzRdT,360IAlyVv4PCEVjgyMZrxK,3hv9jJF3adDNsBSIQDqcjp",A$AP Rocky|Rod Stewart|Miguel|Mark Ronson,13299639|4515909|4903257|1052146,east coast hip hop|hip hop|rap|trap|mellow gold|soft rock|r&b|pop soul,81|72|78|73,2015-05-26,day,78,2024-01-08
0.827,0.544,1,-5.686,1,0.05,0.0799,1.97e-06,0.156,0.175,143.014,130038,4,4Kup1kDTLoJaUMgpGFPqau,Married To The Game,3caseqKMvJyv2XE1rN6SQi,1RyvyyTE3xzB2ZywiAwp0i,Future,15692678,atl hip hop|hip hop|rap|southern hip hop|trap,88,2016-10-13,day,70,2024-01-08
0.681,0.701,9,-6.336,1,0.0767,0.106,0.0,0.208,0.398,139.952,175203,4,4IWGnyOHDrVZEtPWfs4s7q,Do What I Want,3caseqKMvJyv2XE1rN6SQi,4O15NlyKLIASxsJ0PrXPfz,Lil Uzi Vert,16484624,hip hop|melodic rap|philly rap|rage rap|rap,85,2016-08-10,day,66,2024-01-08
0.727,0.974,4,-2.261,0,0.0664,0.103,0.000532,0.174,0.965,79.526,235213,4,2PpruBYCo4H7WOBJ7Q2EwM,Hey Ya!,3caseqKMvJyv2XE1rN6SQi,1G9G7WwrXka3Z1r7aIDjI7,Outkast,2466263,atl hip hop|dirty south rap|hip hop|old school atlanta hip hop|rap|southern hip hop,73,2003,year,85,2024-01-08
0.921,0.467,1,-8.443,1,0.119,0.0149,0.000238,0.334,0.287,135.995,191252,4,0dSIrRkA4PadGll16TgbnV,PICK IT UP (feat. A$AP Rocky),3caseqKMvJyv2XE1rN6SQi,"0WOxhx4hikIsyF3CRPLC8W,13ubrt8QOOCPljQ2FL1Kca",Famous Dex|A$AP Rocky,2485160|13299639,chicago rap|drill|rap|trap|east coast hip hop|hip hop|rap|trap,57|81,2018-04-06,day,68,2024-01-08
0.721,0.802,1,-5.797,1,0.0583,0.0921,0.0,0.694,0.724,124.022,229360,4,2bJvI42r8EF3wxjOuDav4r,Time of Our Lives,3caseqKMvJyv2XE1rN6SQi,"0TnOYISbd1XYRBk9myaseg,21E3waRsmPlU7jZsS13rcj",Pitbull|Ne-Yo,10224110|8470208,dance pop|miami hip hop|pop|dance pop|pop|r&b|urban contemporary,81|78,2014-11-21,day,84,2024-01-08
0.664,0.609,1,-6.509,1,0.0707,0.304,0.0,0.0926,0.194,130.041,210560,4,3Vi5XqYrmQgOYBajMWSvCi,Need to Know,3caseqKMvJyv2XE1rN6SQi,5cj0lLjcoR7YOSnhnX0Po5,Doja Cat,28123408,dance pop|pop,87,2021-06-25,day,81,2024-01-08
0.828,0.621,8,-6.414,1,0.0565,0.0164,0.00233,0.0845,0.436,128.986,186173,4,0k4d5YPDr1r7FX77VdqWez,You Right,3caseqKMvJyv2XE1rN6SQi,"5cj0lLjcoR7YOSnhnX0Po5,1Xyo4u8uXC1ZmMpatF05PJ",Doja Cat|The Weeknd,28123408|77257554,dance pop|pop|canadian contemporary r&b|canadian pop|pop,87|94,2021-06-25,day,82,2024-01-08
0.795,0.594,0,-6.2,1,0.0748,0.112,0.0,0.162,0.409,135.002,275080,4,0q75NwOoFiARAVp4EXU4Bs,Love Galore (feat. Travis Scott),3caseqKMvJyv2XE1rN6SQi,"7tYKF4w9nC0nq9CsPZTHyP,0Y5tJX1MQlPlqiwlOH1tJY",SZA|Travis Scott,16849233|26203362,pop|r&b|rap|hip hop|rap|slap house,88|91,2017-06-09,day,81,2024-01-08
0.925,0.744,0,-5.79,1,0.367,0.0644,0.0,0.0888,0.656,93.02,243227,4,0jSMveIWvnhDIvzqN74Uc7,Tipsy - Club Mix,3caseqKMvJyv2XE1rN6SQi,1Zz5UxfKSSqc6hpa3xJPCw,J-Kwon,262084,dirty south rap|southern hip hop,51,2004,year,69,2024-01-08
0.791,0.513,10,-6.568,0,0.269,0.0235,2.83e-05,0.101,0.481,76.997,247347,4,1QgTBfRN5m81a5K01qens6,444+222,3caseqKMvJyv2XE1rN6SQi,4O15NlyKLIASxsJ0PrXPfz,Lil Uzi Vert,16484624,hip hop|melodic rap|philly rap|rage rap|rap,85,2017-08-25,day,60,2024-01-08
0.396,0.554,0,-5.048,1,0.0488,0.222,0.0,0.612,0.17,117.384,272501,4,2Zy7XVdxyZQB8xp5xbpJdl,way back,3caseqKMvJyv2XE1rN6SQi,0Y5tJX1MQlPlqiwlOH1tJY,Travis Scott,26203362,hip hop|rap|slap house,91,2016-09-16,day,68,2024-01-08
0.96,0.547,6,-6.992,0,0.0786,0.0496,0.0,0.216,0.186,121.01,223093,4,5oyUurs28XRagLa8lgm6V3,Too Much Sauce (feat. Future & Lil Uzi Vert),3caseqKMvJyv2XE1rN6SQi,"2J0JN7EFN10G1Tty6hX0AN,1RyvyyTE3xzB2ZywiAwp0i,4O15NlyKLIASxsJ0PrXPfz",DJ ESCO|Future|Lil Uzi Vert,287169|15692678|16484624,atl hip hop|trap|atl hip hop|hip hop|rap|southern hip hop|trap|hip hop|melodic rap|philly rap|rage rap|rap,44|88|85,2016-08-19,day,54,2024-01-08
0.908,0.669,7,-2.827,1,0.0738,0.00286,0.0,0.237,0.662,112.238,290320,4,7lQ8MOhq6IN2w8EYcFNSUk,Without Me,3caseqKMvJyv2XE1rN6SQi,7dGJo4pcD2V6oG8kP0tJRR,Eminem,80373039,detroit hip hop|hip hop|rap,90,2002-05-26,day,91,2024-01-08
0.795,0.526,6,-9.086,0,0.204,0.067,2e-06,0.134,0.194,140.037,181393,4,7ohROa13QK43JBRqfCmz4P,What Happened To Virgil (feat. Gunna),3caseqKMvJyv2XE1rN6SQi,"3hcs9uc56yIGFCSy9leWe7,2hlmm7s2ICUX0LVIhVFlZQ",Lil Durk|Gunna,6859221|6520604,chicago drill|chicago rap|drill|hip hop|rap|trap|atl hip hop|melodic rap|rap|trap,81|84,2022-03-11,day,70,2024-01-08
0.817,0.506,4,-8.868,0,0.139,0.356,0.0,0.0632,0.253,151.018,178026,4,4SOYESImflAK2YbP0qt3ZG,Get out My Face (feat. Rich The Kid & Famous Dex),3caseqKMvJyv2XE1rN6SQi,6jrVq7qYCGFGirqPS31MQ3,Swoosh God,11046,,32,2020-10-30,day,50,2024-01-08
0.49,0.449,1,-12.361,1,0.259,0.142,0.856,0.13,0.155,119.847,136150,4,4cOdRhWoQg8wrtggw6YZLY,HUNNIDDOLLA,3caseqKMvJyv2XE1rN6SQi,5SyGEPymt1G2uto47tVWvZ,MadeinTYO,1024999,atl hip hop|melodic rap|trap,57,2021-02-19,day,64,2024-01-08
0.747,0.553,1,-7.294,1,0.117,0.281,0.0,0.117,0.262,141.888,191033,4,0VYhxVxH9ijmdHUKsON9Bk,SideLine Watching (Hold Up),3caseqKMvJyv2XE1rN6SQi,4O15NlyKLIASxsJ0PrXPfz,Lil Uzi Vert,16484624,hip hop|melodic rap|philly rap|rage rap|rap,85,2016-08-10,day,61,2024-01-08
0.693,0.733,1,-5.126,1,0.139,0.013,0.0,0.0924,0.497,140.01,247987,4,3aHkbJXFYpPrup2K8wvDOV,We Still in this Bitch (feat. T.I. and Juicy J),3caseqKMvJyv2XE1rN6SQi,"5ndkK3dpZLKtBklKjxNQwT,4OBJLual30L7gRl5UkeRcT,5gCRApTajqwbnHHPbr2Fpi",B.o.B|T.I.|Juicy J,2078336|4683892|3138996,atl hip hop|dance pop|pop rap|rap|southern hip hop|atl hip hop|dirty south rap|gangster rap|hip hop|pop rap|rap|southern hip hop|trap|crunk|memphis hip hop|pop rap|rap|southern hip hop|trap,71|73|72,2013-12-16,day,54,2024-01-08
0.868,0.623,2,-8.595,1,0.101,0.0249,0.0,0.125,0.498,105.446,180667,4,3a8tAZFJxlmBwOtrf5L1oC,6 God,3caseqKMvJyv2XE1rN6SQi,3TVXtAsR1Inumwj472S9r4,Drake,83626299,canadian hip hop|canadian pop|hip hop|pop rap|rap,96,2015-02-12,day,65,2024-01-08
0.906,0.395,1,-11.277,1,0.206,0.0103,0.000195,0.117,0.376,146.056,197420,4,0HCnj7pfrvshnocOJUFeit,Top Off,3caseqKMvJyv2XE1rN6SQi,2hlmm7s2ICUX0LVIhVFlZQ,Gunna,6520604,atl hip hop|melodic rap|rap|trap,84,2018-02-02,day,68,2024-01-08
0.75,0.596,0,-5.569,0,0.282,0.478,0.0,0.166,0.27,130.104,240460,4,2xyBvir9n474qfsOkxXMgx,Flex,3caseqKMvJyv2XE1rN6SQi,"699OTQXzgjhIYAHMy9RyPD,5YZ5AExR68U3ZblH6HcO6B",Playboi Carti|Leven Kali,9643234|193816,atl hip hop|plugg|pluggnb|rage rap|rap|alternative r&b,84|53,2017-04-14,day,71,2024-01-08
0.284,0.803,2,-5.293,0,0.173,0.302,0.0,0.242,0.553,67.536,323960,4,2gAGWaK4wvt2xrFUlR4mK8,Jukebox Joints (feat. Joe Fox & Kanye West),3caseqKMvJyv2XE1rN6SQi,"13ubrt8QOOCPljQ2FL1Kca,2Dbnk0YRTPpKu46XzMf9nu,5K4W6rqBFWDnAN6FQUkS6x",A$AP Rocky|Joe Fox|Kanye West,13299639|15287|22986248,east coast hip hop|hip hop|rap|trap|uk hip hop|chicago rap|hip hop|rap,81|56|91,2015-05-26,day,75,2024-01-08
0.342,0.907,1,-4.432,0,0.415,0.0815,0.0,0.383,0.225,170.38,248093,4,1wf4LnpdAhLaoI2WwYDKAE,Compton,3caseqKMvJyv2XE1rN6SQi,"2YZyLoL8N0Wb9xBt1NhZWg,6DPYiyq5kWVQS4RGwxzPC7",Kendrick Lamar|Dr. Dre,26526500|11017086,conscious hip hop|hip hop|rap|west coast rap|g funk|gangster rap|hip hop|rap|west coast rap,87|78,2012,year,56,2024-01-08
0.734,0.766,1,-4.485,1,0.0383,0.025,0.00138,0.108,0.6,127.986,215227,4,6qn9YLKt13AGvpq9jfO8py,We Found Love,3caseqKMvJyv2XE1rN6SQi,"5pKCCKE2ajJHZ9KAiaK11H,7CajNmpbOovFoOoasH2HaY",Rihanna|Calvin Harris,58780253|23070413,barbadian pop|pop|urban contemporary|dance pop|edm|electro house|house|pop|pop dance|progressive house|uk dance,89|84,2011-11-18,day,87,2024-01-08
0.767,0.722,1,-7.043,0,0.0713,0.256,0.000944,0.0773,0.521,98.984,264242,4,1oEtKSSBOmCVXKCCJMfOFn,Gold Thangs & Pinky Rangs (Da Hooptie),3caseqKMvJyv2XE1rN6SQi,"3H6CaRooDAoCeRCpYwOXj2,1w7GLktHE8w0aEhhaZ0QKB,4nXOZlYoAD67hF9aUEncMY",Ramirez|Shakewell|Pouya,357916|274412|1122502,cloud rap|dark trap|phonk|dark trap|aesthetic rap|cloud rap|dark trap|miami hip hop|underground hip hop,65|63|68,2020-05-08,day,57,2024-01-08
0.604,0.472,8,-9.488,1,0.136,0.0846,9.48e-06,0.0778,0.399,119.81,242347,4,00BnfL75e8vHSGCmwUWbEk,Diego,3caseqKMvJyv2XE1rN6SQi,2jku7tDXc6XoB6MO2hFuqg,Tory Lanez,6302994,canadian hip hop|canadian trap|melodic rap|pop rap|r&b|rap|trap,80,2015-01-15,day,47,2024-01-08
0.921,0.641,1,-6.491,1,0.166,0.0274,0.0,0.0645,0.828,144.986,203840,4,2OPxM2L3KtuehqY24vTMGs,Heart Mind,3caseqKMvJyv2XE1rN6SQi,"46SHBwWsqBkxI7EeeBEQG7,3jksrX4oBklxR78ft8gv3j",Kodak Black|Plies,10072386|1868350,florida drill|florida rap|melodic rap|miami hip hop|rap|trap|trap latino|dirty south rap|miami hip hop|southern hip hop|trap,80|61,2017-10-31,day,70,2024-01-08
0.78,0.575,9,-7.247,0,0.273,0.43,0.0,0.143,0.773,84.492,252747,4,2g8HN35AnVGIk7B8yMucww,Big Poppa - 2005 Remaster,3caseqKMvJyv2XE1rN6SQi,5me0Irg2ANcsgc93uaYrpb,The Notorious B.I.G.,9678876,east coast hip hop|gangster rap|hardcore hip hop|hip hop|rap,76,1994-09-13,day,81,2024-01-08
0.798,0.744,7,-5.328,0,0.136,0.33,0.000106,0.292,0.794,82.356,260000,4,2qOm7ukLyHUXWyR4ZWLwxA,It Was A Good Day,3caseqKMvJyv2XE1rN6SQi,3Mcii5XWf6E0lrY3Uky4cA,Ice Cube,7889169,conscious hip hop|g funk|gangster rap|hip hop|rap|west coast rap,72,1992-11-17,day,84,2024-01-08
0.618,0.727,3,-7.224,0,0.208,0.0312,0.0,0.196,0.401,164.992,180520,4,78sr3ogs4UzITcCNbXM9cM,Used to This (feat. Drake),3caseqKMvJyv2XE1rN6SQi,"1RyvyyTE3xzB2ZywiAwp0i,3TVXtAsR1Inumwj472S9r4",Future|Drake,15692678|83626299,atl hip hop|hip hop|rap|southern hip hop|trap|canadian hip hop|canadian pop|hip hop|pop rap|rap,88|96,2017-06-30,day,60,2024-01-08
0.673,0.614,7,-5.426,1,0.103,0.0782,0.0,0.139,0.362,176.052,289747,4,08uGhvS5MfBk7crUCpnjva,Blame It,3caseqKMvJyv2XE1rN6SQi,"7LnaAXbDVIL75IVPnndf7w,3aQeKQSyrW4qWr35idm0cy",Jamie Foxx|T-Pain,1172176|4615060,contemporary r&b|hip pop|r&b|southern hip hop|trap|urban contemporary|dance pop|gangster rap|hip hop|pop rap|r&b|rap|southern hip hop|trap|urban contemporary,68|76,2008-12-11,day,69,2024-01-08
0.812,0.628,10,-6.164,0,0.0682,0.0634,0.0,0.254,0.485,123.004,207059,4,4PnNzWe1LJoAMD5j5RHpI0,DEVASTATED,3caseqKMvJyv2XE1rN6SQi,2P5sC9cVZDToPxyomzF1UH,Joey Bada$$,3308014,conscious hip hop|hip hop|rap,71,2017-04-07,day,69,2024-01-08
0.749,0.475,3,-5.58,0,0.0703,0.0507,0.0,0.29,0.309,74.968,284960,4,419BgOz6TVQm8vvgiwXq5X,Mexican Radio,3caseqKMvJyv2XE1rN6SQi,4kKaAWGdu6WW0W415RWaQA,South Park Mexican,967507,chicano rap|latin hip hop|texas latin rap,60,2001-11-06,day,67,2024-01-08
0.853,0.56,1,-4.961,1,0.0406,0.013,0.0,0.0944,0.86,134.066,206693,4,0KKkJNfGyhkQ5aFogxQAPU,That's What I Like,3caseqKMvJyv2XE1rN6SQi,0du5cEVh5yTK9QJze8zA0C,Bruno Mars,52986983,dance pop|pop,87,2016-11-17,day,89,2024-01-08
0.783,0.662,7,-6.124,1,0.0415,0.126,0.0,0.101,0.523,96.987,186373,4,1eL8wZKx7CVJVbZG12becL,You and Your Friends (feat. Snoop Dogg & Ty Dolla $ign),3caseqKMvJyv2XE1rN6SQi,"137W8MRPWKqSmrBGDBFSop,7hJcb9fa4alzcOq3EaNPoG,7c0XG5cIJTrrAgEC3ULPiq",Wiz Khalifa|Snoop Dogg|Ty Dolla $ign,11073613|10871699|4870732,hip hop|pittsburgh rap|pop rap|rap|southern hip hop|trap|g funk|gangster rap|hip hop|pop rap|rap|west coast rap|hip hop|pop rap|r&b|southern hip hop|trap|trap soul,80|81|79,2014-08-19,day,55,2024-01-08
0.752,0.888,1,-3.852,1,0.0362,0.0113,0.0,0.39,0.958,135.991,331013,4,5OI48E8HqkN8fnTOu3Hfuf,Medicated (feat. Chevy Woods & Juicy J),3caseqKMvJyv2XE1rN6SQi,"137W8MRPWKqSmrBGDBFSop,6hSbppor1AmH9RGzyxOcGT,3hm1hqVd38xKA7iXjVJvo9",Wiz Khalifa|Chevy Woods|Juciy J,11073613|79596|13976,hip hop|pittsburgh rap|pop rap|rap|southern hip hop|trap|pittsburgh rap|,80|47|41,2012-12-04,day,59,2024-01-08
0.869,0.642,10,-7.805,0,0.264,0.292,0.0,0.251,0.666,92.3,355082,4,7et7FNzwDt8PM4uSGaU8Qu,Wanna Be a Baller,3caseqKMvJyv2XE1rN6SQi,"12mkoe71zJDWs4j0rCeXGR,09My0T8N3gNusVZtEiprhc,1iFf7x4gbonfRVAvQ8Wsoh,6DV6fhUbgeRpV2dnnNwws2",Lil' Troy|Yungstar|Fat Pat|Big T,104872|74679|279806|9006,dirty south rap|dirty south rap|dirty texas rap|houston rap|dirty south rap|houston rap|dirty texas rap|houston rap,47|36|42|33,2014-07-29,day,49,2024-01-08
0.705,0.769,9,-5.526,0,0.0425,0.113,0.0,0.105,0.583,107.949,213520,4,22VdIZQfgXJea34mQxlt81,Can't Feel My Face,3caseqKMvJyv2XE1rN6SQi,1Xyo4u8uXC1ZmMpatF05PJ,The Weeknd,77257554,canadian contemporary r&b|canadian pop|pop,94,2015-08-28,day,86,2024-01-08
0.743,0.651,10,-6.269,0,0.0343,0.0231,0.00388,0.0851,0.543,92.876,232787,4,67ncYmW29pNJJY2yXuLPwT,You Know How We Do It,3caseqKMvJyv2XE1rN6SQi,3Mcii5XWf6E0lrY3Uky4cA,Ice Cube,7889169,conscious hip hop|g funk|gangster rap|hip hop|rap|west coast rap,72,2001-12-04,day,70,2024-01-08
0.662,0.748,5,-3.041,0,0.268,0.688,8.43e-06,0.0841,0.535,82.331,239027,4,6Nq5lE0CeOAAAqN4qhkbZU,Suga Suga,3caseqKMvJyv2XE1rN6SQi,"12PSlydMSjEHzSCj9X5qv7,3sMYEBy0CZFxedcnm9i9hf",Baby Bash|Frankie J,918732|602754,chicano rap|latin hip hop|pop rap|southern hip hop|texas latin rap|urban contemporary|hip pop|pop rap|southern hip hop|urban contemporary,60|56,2003-01-01,day,75,2024-01-08
0.949,0.661,5,-4.244,0,0.0572,0.0302,0.0,0.0454,0.76,104.504,284200,4,3yfqSUWxFvZELEM4PmlwIR,The Real Slim Shady,3caseqKMvJyv2XE1rN6SQi,7dGJo4pcD2V6oG8kP0tJRR,Eminem,80373039,detroit hip hop|hip hop|rap,90,2000-05-23,day,90,2024-01-08
0.649,0.347,1,-7.67,0,0.404,0.485,3.24e-05,0.154,0.176,169.994,269728,4,02rdXe0KhMe8p6ZHzYtuw0,lost souls (with Brent Faiyaz),3caseqKMvJyv2XE1rN6SQi,"5SXuuuRpukkTvsLuUknva1,3tlXnStJ1fFhdScmQeLpuG",Baby Keem|Brent Faiyaz,1992651|5258557,hip hop|rap|r&b|rap,78|83,2021-09-22,day,74,2024-01-08
0.696,0.662,2,-5.647,1,0.138,0.143,0.0,0.125,0.216,146.034,130022,4,34Aj1Yn5hEZKmRKkfRQNAx,DO IT AGAIN,3caseqKMvJyv2XE1rN6SQi,46HzS7yz0c9udVwtbHk1sx,Cochise,644488,plugg|pluggnb|rage rap,64,2022-06-24,day,56,2024-01-08
0.635,0.777,1,-6.018,1,0.231,0.181,0.0,0.357,0.177,128.09,218947,4,0RyA3o15NOLJYtm9NlDu5c,"Frat Rules (feat. A$AP Rocky, Playboi Carti & Big Sean)",3caseqKMvJyv2XE1rN6SQi,"7yO4IdJjCEPz7YgZMe25iS,13ubrt8QOOCPljQ2FL1Kca,699OTQXzgjhIYAHMy9RyPD,0c173mlxpT3dSFRgMO8XPh",A$AP Mob|A$AP Rocky|Playboi Carti|Big Sean,2133092|13299639|9643234|11115824,hip hop|rap|southern hip hop|trap|east coast hip hop|hip hop|rap|trap|atl hip hop|plugg|pluggnb|rage rap|rap|detroit hip hop|hip hop|pop rap|r&b|rap|trap,57|81|84|75,2017-08-25,day,67,2024-01-08
0.767,0.715,8,-4.934,0,0.0523,0.312,0.0,0.0973,0.577,149.957,193618,4,4dqkKnzOJ3fWduqKcHi374,Virtual (Blue Balenciagas),3caseqKMvJyv2XE1rN6SQi,1cNDP5yjU5vjeR8qMf4grg,YNW Melly,9987188,melodic rap|rap,72,2018-08-03,day,69,2024-01-08
0.717,0.79,11,-4.213,1,0.2,0.33,0.000125,0.518,0.371,125.985,168784,4,3yk7PJnryiJ8mAPqsrujzf,Location,3caseqKMvJyv2XE1rN6SQi,699OTQXzgjhIYAHMy9RyPD,Playboi Carti,9643234,atl hip hop|plugg|pluggnb|rage rap|rap,84,2017-04-14,day,81,2024-01-08
0.695,0.555,5,-8.5,0,0.0509,0.141,0.826,0.11,0.26,150.024,83200,4,74loibzxXRL875X20kenvk,Poland,3caseqKMvJyv2XE1rN6SQi,6icQOAFXDZKsumw3YXyusw,Lil Yachty,9554683,atl hip hop|melodic rap|rap|trap,78,2022-10-11,day,70,2024-01-08
0.801,0.819,11,-5.189,1,0.158,0.292,0.0,0.515,0.811,139.969,236280,4,0O3TAouZE4vL9dM5SyxgvH,Fashion Killa,3caseqKMvJyv2XE1rN6SQi,13ubrt8QOOCPljQ2FL1Kca,A$AP Rocky,13299639,east coast hip hop|hip hop|rap|trap,81,2013,year,75,2024-01-08
0.715,0.62,1,-6.005,0,0.0484,0.417,0.0,0.0822,0.172,97.95,221520,4,2dHHgzDwk4BJdRwy9uXhTO,Creepin' (with The Weeknd & 21 Savage),3caseqKMvJyv2XE1rN6SQi,"0iEtIxbK0KxaSlF7G42ZOp,1Xyo4u8uXC1ZmMpatF05PJ,1URnnhqYAYcrqrcwql10ft",Metro Boomin|The Weeknd|21 Savage,6641993|77257554|16213669,rap|canadian contemporary r&b|canadian pop|pop|atl hip hop|hip hop|rap,87|94|89,2022-12-02,day,92,2024-01-08
0.625,0.667,1,-5.875,1,0.131,0.754,0.954,0.135,0.0805,80.046,148453,4,1yCVsVH2hQ72SxNI8QTDaB,The Percocet & Stripper Joint,3caseqKMvJyv2XE1rN6SQi,1RyvyyTE3xzB2ZywiAwp0i,Future,15692678,atl hip hop|hip hop|rap|southern hip hop|trap,88,2015-07-17,day,75,2024-01-08
0.667,0.747,1,-7.059,1,0.189,0.337,0.0,0.115,0.918,86.917,203493,4,4iz9lGMjU1lXS51oPmUmTe,Homecoming,3caseqKMvJyv2XE1rN6SQi,"5K4W6rqBFWDnAN6FQUkS6x,0LQoZQIV0mIs0y0XQb0Sw2",Kanye West|Chris Martin,22986248|45548,chicago rap|hip hop|rap|,91|64,2007-09-11,day,85,2024-01-08
0.7,0.693,2,-6.553,1,0.14,0.00375,0.0,0.314,0.525,133.981,210472,4,3klzr0269NpGoBpe9BUNXN,Froze (feat. Lil Uzi Vert & Nicki Minaj),3caseqKMvJyv2XE1rN6SQi,"20sxb77xiYeusSH8cVdatc,4O15NlyKLIASxsJ0PrXPfz,0hCNtLu0JehylgoiP8L4Gh",Meek Mill|Lil Uzi Vert|Nicki Minaj,7704881|16484624|30496118,hip hop|philly rap|pop rap|rap|southern hip hop|trap|hip hop|melodic rap|philly rap|rage rap|rap|hip pop|pop|queens hip hop|rap,73|85|88,2016-10-28,day,46,2024-01-08
0.679,0.587,7,-7.015,1,0.276,0.141,6.35e-06,0.137,0.486,186.003,230453,4,7MXVkk9YMctZqd1Srtv4MB,Starboy,3caseqKMvJyv2XE1rN6SQi,"1Xyo4u8uXC1ZmMpatF05PJ,4tZwfgrHOc3mvqYlEYSvVi",The Weeknd|Daft Punk,77257554|9722207,canadian contemporary r&b|canadian pop|pop|electro|filter house|rock,94|80,2016-11-25,day,94,2024-01-08
0.755,0.578,0,-8.932,0,0.145,0.316,0.0,0.25,0.581,94.148,176960,4,1IIKrJVP1C9N7iPtG6eOsK,Go Crazy,3caseqKMvJyv2XE1rN6SQi,"7bXgB6jMjp9ATFy66eO08Z,50co4Is1HCEo8bhOyUWKpn",Chris Brown|Young Thug,20955452|9355686,r&b|rap|atl hip hop|atl trap|gangster rap|melodic rap|rap|trap,86|83,2020-05-08,day,77,2024-01-08
0.825,0.788,11,-6.805,1,0.222,0.0893,0.0,0.0951,0.597,139.929,150973,4,5J7WDRRyQ9U3AXHUHkAVPy,Addicted To Power,3caseqKMvJyv2XE1rN6SQi,5SyGEPymt1G2uto47tVWvZ,MadeinTYO,1024999,atl hip hop|melodic rap|trap,57,2018-10-26,day,30,2024-01-08
0.711,0.686,5,-6.409,0,0.271,0.0355,0.0,0.124,0.536,146.971,173187,4,3FSwpQ9dBZBeBV6UdYHI2R,712PM,3caseqKMvJyv2XE1rN6SQi,1RyvyyTE3xzB2ZywiAwp0i,Future,15692678,atl hip hop|hip hop|rap|southern hip hop|trap,88,2022-04-29,day,67,2024-01-08
0.773,0.701,7,-6.386,1,0.0512,0.01,0.0,0.163,0.203,129.963,214589,4,2ZL7WZcjuYKi1KUDtp4kCC,Spin Bout U,3caseqKMvJyv2XE1rN6SQi,"3TVXtAsR1Inumwj472S9r4,1URnnhqYAYcrqrcwql10ft",Drake|21 Savage,83626299|16213669,canadian hip hop|canadian pop|hip hop|pop rap|rap|atl hip hop|hip hop|rap,96|89,2022-11-04,day,83,2024-01-08
0.536,0.879,1,-3.019,1,0.0616,0.0742,0.0,0.0847,0.335,140.119,192000,4,0r8RKKIc4C8G6J9HAHzpaR,UCLA,3caseqKMvJyv2XE1rN6SQi,"5eIbEEQnDM8yuDVB0bimSP,4isewEHTP7Az2QheDdBQ6J",RL Grime|24hrs,417378|232670,brostep|edm|electro house|electronic trap|trap soul,60|49,2018-07-27,day,63,2024-01-08
0.758,0.701,9,-6.053,1,0.162,0.685,6.22e-06,0.114,0.626,106.74,211150,4,5GxnROd93Y7NGt2ci0TwBw,Mr. Clean,3caseqKMvJyv2XE1rN6SQi,2YOYua8FpudSEiB9s88IgQ,Yung Gravy,1635567,meme rap|minnesota hip hop,66,2018-05-04,day,66,2024-01-08
0.664,0.845,4,-6.115,0,0.0461,0.181,0.0,0.267,0.357,96.005,211253,4,45sDIKapDyxPl307QpEAwl,Rocketeer,3caseqKMvJyv2XE1rN6SQi,"698hF4vcwHwPy8ltmXermq,4we5S2VLjgY9KzIzApL1KI,5JOIrGvup0vD5VjodB62Ui",Far East Movement|Ryan Tedder|Ruff Loaderz,1115402|34131|1193,asian american hip hop|dance pop|pop rap|pop rock|,64|55|50,2010-01-01,day,68,2024-01-08
0.804,0.456,8,-7.44,1,0.0468,0.000668,0.0,0.31,0.165,130.014,225135,4,4GkkxswcdEt1tkSyiRzgnC,Draco,3caseqKMvJyv2XE1rN6SQi,1RyvyyTE3xzB2ZywiAwp0i,Future,15692678,atl hip hop|hip hop|rap|southern hip hop|trap,88,2017-06-30,day,62,2024-01-08
0.779,0.487,1,-8.642,1,0.165,0.28,0.0,0.166,0.0915,127.049,299971,4,1lAJUXyP5S2dUYHer1xBas,Drunk And Nasty (feat. Sharc),3caseqKMvJyv2XE1rN6SQi,"3x3jSlhyv5CiCZDZlaTq0M,7Kt7O3A8zdjcCYPFopGTiY",Pi’erre Bourne|Sharc,964071|8829,melodic rap|,61|50,2021-06-11,day,71,2024-01-08
0.885,0.607,1,-7.642,0,0.385,0.00973,0.0,0.325,0.391,137.887,199191,4,5Nq6lLSxphlsA6nQB0KtES,NO. 9,3caseqKMvJyv2XE1rN6SQi,699OTQXzgjhIYAHMy9RyPD,Playboi Carti,9643234,atl hip hop|plugg|pluggnb|rage rap|rap,84,2017-04-14,day,64,2024-01-08
0.911,0.712,1,-5.105,0,0.0817,0.0901,2.68e-05,0.0933,0.425,92.005,178567,4,6Sq7ltF9Qa7SNFBsV5Cogx,Me Porto Bonito,3caseqKMvJyv2XE1rN6SQi,"4q3ewBCX7sLwd24euuV69X,37230BxxYs9ksS7OkZw3IU",Bad Bunny|Chencho Corleone,78216625|700138,reggaeton|trap latino|urbano latino|reggaeton|reggaeton flow|trap latino|urbano latino,95|79,2022-05-06,day,89,2024-01-08
0.592,0.701,10,-4.014,0,0.0858,0.0451,0.0,0.327,0.282,129.501,280615,4,5J5PXmMdQ2nh1lZOal8KmK,Litty (feat. Tory Lanez),3caseqKMvJyv2XE1rN6SQi,"20sxb77xiYeusSH8cVdatc,4yLuE0l9rK7fqijTb7BPh9,2jku7tDXc6XoB6MO2hFuqg",Meek Mill|Sound M.O.B.|Tory Lanez,7704881|211|6302994,hip hop|philly rap|pop rap|rap|southern hip hop|trap||canadian hip hop|canadian trap|melodic rap|pop rap|r&b|rap|trap,73|41|80,2016-10-28,day,63,2024-01-08
0.762,0.766,7,-3.955,1,0.0343,0.00776,6.98e-05,0.128,0.442,130.001,287120,4,5fwSHlTEWpluwOM0Sxnh5k,Pepas,3caseqKMvJyv2XE1rN6SQi,329e4yvIujISKGKz1BZZbO,Farruko,15677023,reggaeton|trap latino|urbano latino,81,2021-06-24,day,83,2024-01-08
0.788,0.753,0,-3.71,1,0.0536,0.0038,0.0,0.18,0.403,125.005,234653,4,6KOEK6SeCEZOQkLj5M1PxH,California Gurls,3caseqKMvJyv2XE1rN6SQi,"6jJ0s89eD6GaHleKKya26X,7hJcb9fa4alzcOq3EaNPoG",Katy Perry|Snoop Dogg,31203416|10871699,pop|g funk|gangster rap|hip hop|pop rap|rap|west coast rap,83|81,2010-01-01,day,74,2024-01-08
0.442,0.83,9,-4.02,1,0.146,0.128,0.0,0.129,0.578,89.338,215747,4,6BaxqcoEM9r3LXisTyJjST,Ridin' Solo,3caseqKMvJyv2XE1rN6SQi,07YZf4WDAMNwqr4jfgOZ8y,Jason Derulo,11929892,dance pop|pop,77,2010-02-24,day,67,2024-01-08
0.687,0.602,6,-5.005,0,0.066,0.138,0.0,0.203,0.309,78.487,207013,4,475jSz0H6U3duJyNiDS0tT,Right Now (feat. Pi'erre Bourne),3caseqKMvJyv2XE1rN6SQi,"699OTQXzgjhIYAHMy9RyPD,3x3jSlhyv5CiCZDZlaTq0M",Playboi Carti|Pi’erre Bourne,9643234|964071,atl hip hop|plugg|pluggnb|rage rap|rap|melodic rap,84|61,2018-05-11,day,65,2024-01-08
0.916,0.844,7,-3.967,1,0.236,0.0394,0.0,0.0778,0.586,95.19,312627,4,0Z2J91b2iTGLVTZC4fKgxf,Hit 'Em Up - Single Version,3caseqKMvJyv2XE1rN6SQi,"1ZwdS5xdxEREPySFridCfh,2jp3Fk52x0HbymU0lNYbSC",2Pac|Outlawz,16965024|279885,g funk|gangster rap|hip hop|rap|west coast rap|gangster rap,78|62,1998-01-01,day,82,2024-01-08
0.734,0.605,1,-8.476,1,0.0699,0.0102,0.0,0.317,0.252,103.976,236795,4,7GeTsDIc5ykNB6lORO6Cee,Circo Loco,3caseqKMvJyv2XE1rN6SQi,"3TVXtAsR1Inumwj472S9r4,1URnnhqYAYcrqrcwql10ft",Drake|21 Savage,83626299|16213669,canadian hip hop|canadian pop|hip hop|pop rap|rap|atl hip hop|hip hop|rap,96|89,2022-11-04,day,76,2024-01-08
0.537,0.746,10,-5.507,0,0.15,0.0236,1.01e-06,0.156,0.252,170.062,198267,4,6bnF93Rx87YqUBLSgjiMU8,Heartless,3caseqKMvJyv2XE1rN6SQi,1Xyo4u8uXC1ZmMpatF05PJ,The Weeknd,77257554,canadian contemporary r&b|canadian pop|pop,94,2020-03-20,day,85,2024-01-08
0.789,0.881,11,-5.758,1,0.0331,0.109,0.0,0.355,0.647,133.299,236600,4,5MYFw4T2gy52pOGBN4EYHS,Stay Fly,3caseqKMvJyv2XE1rN6SQi,26s8LSolLfCIY88ysQbIuT,Three 6 Mafia,1271226,crunk|dirty south rap|gangster rap|memphis hip hop|southern hip hop|tennessee hip hop|trap,62,2005-09-27,day,71,2024-01-08
0.749,0.745,2,-10.625,1,0.164,0.000501,0.00403,0.333,0.481,101.972,195107,4,27AHAtAirQapVldIm4c9ZX,Jump,3caseqKMvJyv2XE1rN6SQi,2zrZfs23sjuHDv4E6YRmNf,Kris Kross,469997,gangster rap|hardcore hip hop|hip hop|hip pop|old school atlanta hip hop,50,1992-03-17,day,70,2024-01-08
0.818,0.803,1,-4.282,1,0.0797,0.034,0.0,0.153,0.632,106.97,225983,4,6b8Be6ljOzmkOmFslEb23P,24K Magic,3caseqKMvJyv2XE1rN6SQi,0du5cEVh5yTK9QJze8zA0C,Bruno Mars,52986983,dance pop|pop,87,2016-11-17,day,83,2024-01-08
0.801,0.57,9,-5.103,0,0.265,0.559,0.0,0.111,0.565,92.058,164632,4,7cAFB83sEKAmwekVvQtGZj,Nikes on My Feet,3caseqKMvJyv2XE1rN6SQi,4LLpKhyESsyAXpc4laK94U,Mac Miller,9922860,hip hop|pittsburgh rap|rap,81,2010-08-13,day,75,2024-01-08
0.507,0.586,0,-8.15,0,0.0586,0.599,0.0544,0.118,0.588,108.164,191623,4,4gh0ZnHzaTMT1sDga7Ek0N,sdp interlude,3caseqKMvJyv2XE1rN6SQi,0Y5tJX1MQlPlqiwlOH1tJY,Travis Scott,26203362,hip hop|rap|slap house,91,2016-09-16,day,83,2024-01-08
0.487,0.729,2,-6.815,1,0.271,0.0538,4.07e-06,0.44,0.217,91.048,350120,4,2cDCojn6uIBM6A5xTAbl3H,m.A.A.d city,3caseqKMvJyv2XE1rN6SQi,"2YZyLoL8N0Wb9xBt1NhZWg,4XqfpACObRB5AsBcUYjL8X",Kendrick Lamar|MC Eiht,26526500|363794,conscious hip hop|hip hop|rap|west coast rap|g funk|west coast rap,87|58,2012,year,68,2024-01-08
0.773,0.819,0,-5.946,0,0.118,0.428,0.0,0.0679,0.585,92.987,269187,4,3dhjNA0jGA8vHBQ1VdD6vV,I Feel It Coming,3caseqKMvJyv2XE1rN6SQi,"1Xyo4u8uXC1ZmMpatF05PJ,4tZwfgrHOc3mvqYlEYSvVi",The Weeknd|Daft Punk,77257554|9722207,canadian contemporary r&b|canadian pop|pop|electro|filter house|rock,94|80,2016-11-25,day,82,2024-01-08
0.571,0.739,7,-6.11,1,0.247,0.00865,5.21e-06,0.158,0.66,83.089,221227,4,4mmkhcEm1Ljy1U9nwtsxUo,Through The Wire,3caseqKMvJyv2XE1rN6SQi,5K4W6rqBFWDnAN6FQUkS6x,Kanye West,22986248,chicago rap|hip hop|rap,91,2004-02-10,day,78,2024-01-08
0.672,0.704,1,-10.066,0,0.312,0.173,0.0,0.139,0.811,99.232,219707,4,5mqPg2dyqb1gBNyg9ycGcT,Party And Bullshit,3caseqKMvJyv2XE1rN6SQi,5me0Irg2ANcsgc93uaYrpb,The Notorious B.I.G.,9678876,east coast hip hop|gangster rap|hardcore hip hop|hip hop|rap,76,1993-04-20,day,75,2024-01-08
0.875,0.478,7,-10.562,1,0.218,0.00717,0.0,0.147,0.409,128.99,200959,4,0qHPxjC83zQYcxe39xSShx,thailand,3caseqKMvJyv2XE1rN6SQi,757aE44tKEUQEqRuT6GnEB,Roddy Ricch,10179420,melodic rap|rap|trap,76,2021-12-17,day,55,2024-01-08
0.762,0.649,11,-5.624,0,0.0527,0.58,1.7e-05,0.0971,0.501,145.09,239146,4,293mQGfVwgXIOdA1GpiwAt,Love & War,3caseqKMvJyv2XE1rN6SQi,46SHBwWsqBkxI7EeeBEQG7,Kodak Black,10072386,florida drill|florida rap|melodic rap|miami hip hop|rap|trap|trap latino,80,2022-02-25,day,75,2024-01-08
0.914,0.572,2,-8.82,1,0.166,0.0709,0.00237,0.0599,0.203,123.963,265480,4,156LzfvMNKuXuiot4uzhGD,No Complaints (feat. Offset & Drake) (Bonus),3caseqKMvJyv2XE1rN6SQi,"0iEtIxbK0KxaSlF7G42ZOp,4DdkRBBYG6Yk9Ka8tdJ9BW,3TVXtAsR1Inumwj472S9r4",Metro Boomin|Offset|Drake,6641993|3501668|83626299,rap|atl hip hop|hip hop|pop rap|rap|trap|canadian hip hop|canadian pop|hip hop|pop rap|rap,87|79|96,2018-11-06,day,69,2024-01-08
0.838,0.765,7,-6.299,1,0.28,0.0283,1.5e-05,0.0779,0.635,137.767,302004,4,2rqUblDWJKlMVwh9uJc0Vv,Yamborghini High (feat. Juicy J),3caseqKMvJyv2XE1rN6SQi,"7yO4IdJjCEPz7YgZMe25iS,5gCRApTajqwbnHHPbr2Fpi",A$AP Mob|Juicy J,2133092|3138996,hip hop|rap|southern hip hop|trap|crunk|memphis hip hop|pop rap|rap|southern hip hop|trap,57|72,2016-01-29,day,65,2024-01-08
0.773,0.516,9,-12.366,0,0.181,0.419,0.0,0.0753,0.472,120.001,241659,4,3XoMtVDuIbmMQ9UKSShXti,Already,3caseqKMvJyv2XE1rN6SQi,46SHBwWsqBkxI7EeeBEQG7,Kodak Black,10072386,florida drill|florida rap|melodic rap|miami hip hop|rap|trap|trap latino,80,2015-12-26,day,67,2024-01-08
0.559,0.733,2,-5.659,0,0.171,0.314,0.0,0.284,0.611,145.115,316053,4,3A4cpTBPaIQdtPFb5JxtaX,Slow Jamz,3caseqKMvJyv2XE1rN6SQi,"6vbY3hOaCAhC7VjucswgdS,5K4W6rqBFWDnAN6FQUkS6x,7LnaAXbDVIL75IVPnndf7w",Twista|Kanye West|Jamie Foxx,1021101|22986248|1172176,chicago rap|dirty south rap|gangster rap|trap|chicago rap|hip hop|rap|contemporary r&b|hip pop|r&b|southern hip hop|trap|urban contemporary,64|91|68,2004-02-10,day,76,2024-01-08
0.741,0.658,7,-7.758,1,0.0853,0.643,3.43e-06,0.307,0.746,142.057,246013,4,6rUcS9i07F6okIe8wujs5J,Lemonade,3caseqKMvJyv2XE1rN6SQi,13y7CgLHjMVRMDqxdx0Xdo,Gucci Mane,5220799,atl hip hop|dirty south rap|hip hop|pop rap|rap|southern hip hop|trap,76,2009-12-04,day,61,2024-01-08
0.774,0.623,5,-7.871,1,0.245,0.156,0.0,0.0955,0.393,128.661,220888,5,0uH6JssU7mWkTT9mqeqEvL,Just Like Me (feat. Young Thug),3caseqKMvJyv2XE1rN6SQi,"31W5EY0aAly4Qieq6OFu6I,50co4Is1HCEo8bhOyUWKpn",A Boogie Wit da Hoodie|Young Thug,7919751|9355686,melodic rap|rap|trap|atl hip hop|atl trap|gangster rap|melodic rap|rap|trap,79|83,2018-12-21,day,66,2024-01-08
0.87,0.498,9,-8.339,0,0.0622,0.046,0.0,0.146,0.692,110.017,176532,4,7cLnbmx7ZUWAwyocrKz3wL,Let Go,3caseqKMvJyv2XE1rN6SQi,2rwALQ1SXdfUWPUd6WOfYS,Aaron May,427076,,69,2019-02-28,day,83,2024-01-08
0.728,0.607,1,-8.417,0,0.132,0.133,0.0,0.0864,0.445,129.938,176702,4,15EPc80XuFrb2LmOzGjuRg,Crew (feat. Brent Faiyaz & Shy Glizzy),3caseqKMvJyv2XE1rN6SQi,"5XenQ7XfcvQdfIbpLEFaKQ,3tlXnStJ1fFhdScmQeLpuG,1DvtabXAjfrMihPP6JQdHs",GoldLink|Brent Faiyaz|Shy Glizzy,872007|5258557|864364,alternative r&b|r&b|rap|drill|memphis hip hop|trap,63|83|61,2017-03-24,day,79,2024-01-08
0.715,0.833,2,-5.379,1,0.108,0.00631,0.0,0.164,0.612,95.487,213093,4,3jDdpx9PMlfMBS5tOBHFm9,Return of the Mack,3caseqKMvJyv2XE1rN6SQi,6V3F8MZrOKdT9fU686ybE9,Mark Morrison,93354,british soul,62,1996-04-22,day,79,2024-01-08
0.642,0.533,2,-7.45,1,0.266,0.0104,0.000108,0.251,0.112,120.041,225439,4,45pUWUeEWGoSdH6UF162G8,Broke Boys,3caseqKMvJyv2XE1rN6SQi,"3TVXtAsR1Inumwj472S9r4,1URnnhqYAYcrqrcwql10ft",Drake|21 Savage,83626299|16213669,canadian hip hop|canadian pop|hip hop|pop rap|rap|atl hip hop|hip hop|rap,96|89,2022-11-04,day,73,2024-01-08
0.52,0.761,2,-6.75,1,0.536,0.139,1.13e-05,0.114,0.264,164.083,432853,4,4NVNapccSX7E5JLiW0uQEy,Pound Cake / Paris Morton Music 2,3caseqKMvJyv2XE1rN6SQi,"3TVXtAsR1Inumwj472S9r4,3nFkdlSjzX9mRTtwJOzDYB",Drake|JAY-Z,83626299|8801570,canadian hip hop|canadian pop|hip hop|pop rap|rap|east coast hip hop|gangster rap|hip hop|pop rap|rap,96|82,2013-01-01,day,65,2024-01-08
0.733,0.567,0,-6.718,1,0.319,0.0129,0.0,0.382,0.319,75.491,238816,4,0IpnZchq8ek2A6pGEP2Qb1,Bean (Kobe) [feat. Chief Keef],3caseqKMvJyv2XE1rN6SQi,"4O15NlyKLIASxsJ0PrXPfz,15iVAtD3s3FsQR4w1v6M0P",Lil Uzi Vert|Chief Keef,16484624|4403558,hip hop|melodic rap|philly rap|rage rap|rap|chicago bop|chicago drill|chicago rap|drill|hip hop|rap|southern hip hop|trap,85|75,2020-03-13,day,65,2024-01-08
0.79,0.585,8,-6.058,1,0.0348,0.185,0.0,0.292,0.585,94.072,226000,4,3G7XYAwtxtoGK7fAm4IlD9,Classic Man (feat. Roman GianArthur),3caseqKMvJyv2XE1rN6SQi,"4TsHKU8l8Wq7n7OPVikirn,7hgRzsQGjlm1zifNoigyB9",Jidenna|Roman GianArthur,366426|20655,ghanaian hip hop|viral trap|,50|41,2015-02-03,day,60,2024-01-08
0.934,0.614,5,-7.384,1,0.198,0.00274,0.0,0.123,0.616,144.045,160821,4,7l2nxyx7IkBX5orhkALg0V,Privileged Rappers,3caseqKMvJyv2XE1rN6SQi,"3TVXtAsR1Inumwj472S9r4,1URnnhqYAYcrqrcwql10ft",Drake|21 Savage,83626299|16213669,canadian hip hop|canadian pop|hip hop|pop rap|rap|atl hip hop|hip hop|rap,96|89,2022-11-04,day,76,2024-01-08
0.898,0.283,6,-12.335,0,0.356,0.319,0.000383,0.11,0.469,138.97,216520,4,0utlOiJy2weVl9WTkcEWHy,Neighbors,3caseqKMvJyv2XE1rN6SQi,6l3HvQ5sa6mXTsMTB19rO5,J. Cole,22394288,conscious hip hop|hip hop|north carolina hip hop|rap,86,2016-12-09,day,75,2024-01-08
0.491,0.77,5,-6.018,0,0.308,0.112,0.0,0.319,0.37,177.977,189427,3,3SsJ17EnPIu1B4GZshqjIS,Feel The Fiyaaaah (with A$AP Rocky & feat. Takeoff),3caseqKMvJyv2XE1rN6SQi,"0iEtIxbK0KxaSlF7G42ZOp,13ubrt8QOOCPljQ2FL1Kca,3EW0kQ1skZiK1NHg3Spt9J",Metro Boomin|A$AP Rocky|Takeoff,6641993|13299639|1651428,rap|east coast hip hop|hip hop|rap|trap|atl hip hop|rap|trap,87|81|69,2022-12-02,day,74,2024-01-08
0.837,0.515,7,-4.065,0,0.0793,0.103,0.0,0.233,0.769,129.001,227840,4,2DPYlWl50ydYsnnuryL5aX,Cooler Than Me (feat. Big Sean),3caseqKMvJyv2XE1rN6SQi,"2KsP6tYLJlTBvSUxnwlVWa,0c173mlxpT3dSFRgMO8XPh",Mike Posner|Big Sean,1363666|11115824,dance pop|pop|pop dance|pop rap|detroit hip hop|hip hop|pop rap|r&b|rap|trap,68|75,2009-12-15,day,65,2024-01-08
0.418,0.724,5,-3.724,1,0.0964,0.213,0.0,0.112,0.604,78.521,238320,5,0PJIbOdMs3bd5AT8liULMQ,oui,3caseqKMvJyv2XE1rN6SQi,3KV3p5EY4AvKxOlhGHORLg,Jeremih,6555141,chicago rap|pop rap|r&b|southern hip hop|trap|urban contemporary,72,2015-12-04,day,78,2024-01-08
0.576,0.807,6,-3.908,0,0.317,0.353,0.000363,0.0512,0.908,90.012,224427,4,41bIQPBE1lFN0mmw6Lmssz,21 Questions,3caseqKMvJyv2XE1rN6SQi,"3q7HBObVc0L8jNeTe5Gofh,1Oa0bMld0A3u5OTYfMzp5h",50 Cent|Nate Dogg,13325784|1560325,east coast hip hop|gangster rap|hip hop|pop rap|queens hip hop|rap|g funk|gangster rap|hardcore hip hop|hip hop|west coast rap,82|74,2003-02-06,day,76,2024-01-08
0.645,0.534,6,-10.8,0,0.0479,0.157,0.0,0.0863,0.463,105.02,226467,4,3azJifCSqg9fRij2yKIbWz,The Color Violet,3caseqKMvJyv2XE1rN6SQi,2jku7tDXc6XoB6MO2hFuqg,Tory Lanez,6302994,canadian hip hop|canadian trap|melodic rap|pop rap|r&b|rap|trap,80,2021-12-10,day,89,2024-01-08
0.939,0.742,5,-5.171,0,0.0467,0.321,0.0,0.107,0.924,118.978,212360,4,2kQuhkFX7uSVepCD3h29g5,Smack That,3caseqKMvJyv2XE1rN6SQi,"0z4gvV4rjIZ9wHck67ucSV,7dGJo4pcD2V6oG8kP0tJRR",Akon|Eminem,4188769|80373039,dance pop|detroit hip hop|hip hop|rap,80|90,2006-01-01,day,87,2024-01-08
0.841,0.358,9,-8.368,1,0.591,0.0201,0.0,0.39,0.329,158.014,261544,4,34tz0eDhGuFErIuW3q4mPX,On BS,3caseqKMvJyv2XE1rN6SQi,"3TVXtAsR1Inumwj472S9r4,1URnnhqYAYcrqrcwql10ft",Drake|21 Savage,83626299|16213669,canadian hip hop|canadian pop|hip hop|pop rap|rap|atl hip hop|hip hop|rap,96|89,2022-11-04,day,79,2024-01-08
0.825,0.649,11,-4.297,1,0.169,0.117,0.0,0.232,0.143,127.978,142657,4,4vVjPTApwXZwB2H3mBq3ml,HOTEL LOBBY (Unc & Phew),3caseqKMvJyv2XE1rN6SQi,"0VRj0yCOv2FXJNP47XQnx5,3EW0kQ1skZiK1NHg3Spt9J",Quavo|Takeoff,7128651|1651428,atl hip hop|melodic rap|rap|trap|atl hip hop|rap|trap,77|69,2022-10-07,day,80,2024-01-08
0.696,0.809,5,-8.254,1,0.05,0.252,0.000128,0.248,0.857,132.962,131013,4,6AQbmUe0Qwf5PZnt4HmTXv,Boy's a liar Pt. 2,3caseqKMvJyv2XE1rN6SQi,"78rUTD7y6Cy67W1RVzYs7t,3LZZPxNDGDFVSIPqf4JuEf",PinkPantheress|Ice Spice,2843390|2658420,bedroom pop|bronx drill,76|76,2023-02-03,day,84,2024-01-08
0.777,0.707,9,-4.85,0,0.286,0.28,0.0,0.0749,0.614,159.662,112000,4,1WRzux3cJRM9xRNN99QKgR,M.... She Wrote,3caseqKMvJyv2XE1rN6SQi,2ODbg2404zUzTi02qIPEjB,Tay-K,3395241,cali rap|dfw rap|rap|trap,66,2017-12-14,day,75,2024-01-08
0.571,0.549,1,-7.38,0,0.404,0.18,0.0,0.168,0.447,119.497,194787,4,5wG3HvLhF6Y5KTGlK0IW3J,Trance (with Travis Scott & Young Thug),3caseqKMvJyv2XE1rN6SQi,"0iEtIxbK0KxaSlF7G42ZOp,0Y5tJX1MQlPlqiwlOH1tJY,50co4Is1HCEo8bhOyUWKpn",Metro Boomin|Travis Scott|Young Thug,6641993|26203362|9355686,rap|hip hop|rap|slap house|atl hip hop|atl trap|gangster rap|melodic rap|rap|trap,87|91|83,2022-12-02,day,89,2024-01-08
0.879,0.504,8,-8.284,1,0.271,0.0016,0.0,0.147,0.335,102.929,160777,4,1Py8c3dkLF0YczcAyBFBEM,Never Hating (feat. Young Thug),3caseqKMvJyv2XE1rN6SQi,"5f7VJjfbwm532GiveGC0ZK,50co4Is1HCEo8bhOyUWKpn",Lil Baby|Young Thug,16366093|9355686,atl hip hop|atl trap|rap|trap|atl hip hop|atl trap|gangster rap|melodic rap|rap|trap,86|83,2022-10-14,day,68,2024-01-08
0.785,0.478,2,-8.735,1,0.0419,0.0254,0.0,0.0901,0.39,134.002,161200,4,76VtA90NKurNqaQpV126Ue,Pour It Up,3caseqKMvJyv2XE1rN6SQi,5pKCCKE2ajJHZ9KAiaK11H,Rihanna,58780253,barbadian pop|pop|urban contemporary,89,2012-12-11,day,70,2024-01-08
0.748,0.561,2,-7.095,1,0.0931,0.327,0.0,0.16,0.111,60.034,108500,4,7wyz8PA0B7oBWvR2P5qTWt,naked freestyle,3caseqKMvJyv2XE1rN6SQi,5SXuuuRpukkTvsLuUknva1,Baby Keem,1992651,hip hop|rap,78,2022-10-28,day,65,2024-01-08
0.664,0.553,11,-8.316,1,0.415,0.455,0.0,0.181,0.722,87.009,222801,4,6EW1fwOk4JHmTZKINZsyjB,B.B. King Freestyle (with Drake),3caseqKMvJyv2XE1rN6SQi,"55Aa2cqylxrFIXC767Z865,3TVXtAsR1Inumwj472S9r4",Lil Wayne|Drake,14232381|83626299,hip hop|new orleans rap|pop rap|rap|trap|canadian hip hop|canadian pop|hip hop|pop rap|rap,85|96,2020-11-30,day,58,2024-01-08
0.516,0.874,9,-2.571,1,0.186,0.0864,0.0,0.173,0.391,169.561,297520,3,4dK00wCxlqWEeN8BoM1BHT,Crack A Bottle,3caseqKMvJyv2XE1rN6SQi,"7dGJo4pcD2V6oG8kP0tJRR,6DPYiyq5kWVQS4RGwxzPC7,3q7HBObVc0L8jNeTe5Gofh",Eminem|Dr. Dre|50 Cent,80373039|11017086|13325784,detroit hip hop|hip hop|rap|g funk|gangster rap|hip hop|rap|west coast rap|east coast hip hop|gangster rap|hip hop|pop rap|queens hip hop|rap,90|78|82,2009-05-15,day,73,2024-01-08
0.935,0.472,3,-9.304,0,0.0575,0.0455,0.0,0.19,0.659,130.041,236819,4,0biVzpdI2z0vAxwfU9xuuA,Too Comfortable,3caseqKMvJyv2XE1rN6SQi,1RyvyyTE3xzB2ZywiAwp0i,Future,15692678,atl hip hop|hip hop|rap|southern hip hop|trap,88,2020-05-15,day,74,2024-01-08
0.799,0.575,6,-6.257,0,0.282,0.221,0.0,0.196,0.319,99.026,137151,4,2ZlABhxMMa43COmZ97kKsJ,Jumbotron Shit Poppin,3caseqKMvJyv2XE1rN6SQi,3TVXtAsR1Inumwj472S9r4,Drake,83626299,canadian hip hop|canadian pop|hip hop|pop rap|rap,96,2022-11-04,day,74,2024-01-08
0.734,0.429,7,-6.511,1,0.16,0.305,0.0,0.0659,0.372,83.021,224960,4,1ysAvOdJgUjc6CqOQxepaz,Money Made Me Do It,3caseqKMvJyv2XE1rN6SQi,"246dkjvS1zLTtiykXe5h60,17lzZA2AlOHwCwFALHttmp",Post Malone|2 Chainz,43068815|8017349,dfw rap|melodic rap|pop|rap|atl hip hop|hip hop|pop rap|rap|southern hip hop|trap,87|75,2016-12-09,day,60,2024-01-08
0.959,0.55,5,-8.012,0,0.197,0.0187,0.0,0.112,0.798,130.024,191360,4,5stbfxsPi8gcOH2LCuA4Le,pad lock,3caseqKMvJyv2XE1rN6SQi,1URnnhqYAYcrqrcwql10ft,21 Savage,16213669,atl hip hop|hip hop|rap,89,2018-12-21,day,70,2024-01-08
0.731,0.573,4,-10.059,0,0.0544,0.401,5.22e-05,0.113,0.145,109.928,205090,4,4MzXwWMhyBbmu6hOcLVD49,DÁKITI,3caseqKMvJyv2XE1rN6SQi,"4q3ewBCX7sLwd24euuV69X,6nVcHLIgY5pE2YCl8ubca1",Bad Bunny|Jhayco,78216625|7210681,reggaeton|trap latino|urbano latino|reggaeton|trap latino|urbano latino,95|81,2020-11-27,day,79,2024-01-08
0.51,0.272,9,-13.763,0,0.0557,0.303,0.0,0.0958,0.435,143.984,247080,4,2c2tlXfEmLgUNvxngIi1qL,DEAD MAN WALKING,3caseqKMvJyv2XE1rN6SQi,3tlXnStJ1fFhdScmQeLpuG,Brent Faiyaz,5258557,r&b|rap,83,2022-07-08,day,77,2024-01-08
0.748,0.713,6,-6.399,1,0.355,0.00496,0.0,0.245,0.482,75.591,279573,4,7ACW7VpgoKmfM1sKo15UhX,"Who Want Smoke?? (feat. G Herbo, Lil Durk & 21 Savage)",3caseqKMvJyv2XE1rN6SQi,"0Njy6yR9LykNKYg9yE23QN,5QdEbQJ3ylBnc3gsIASAT5,3hcs9uc56yIGFCSy9leWe7,1URnnhqYAYcrqrcwql10ft",Nardo Wick|G Herbo|Lil Durk|21 Savage,977404|2002907|6859221|16213669,florida drill|florida rap|southern hip hop|chicago drill|chicago rap|drill|trap|chicago drill|chicago rap|drill|hip hop|rap|trap|atl hip hop|hip hop|rap,67|69|81|89,2021-12-03,day,71,2024-01-08
0.649,0.515,10,-8.869,0,0.0486,0.0018,0.0,0.0773,0.0766,89.828,273827,4,4D2cYdHqk8tu65jUig4OcN,Can't Believe It (feat. Lil' Wayne),3caseqKMvJyv2XE1rN6SQi,"3aQeKQSyrW4qWr35idm0cy,55Aa2cqylxrFIXC767Z865",T-Pain|Lil Wayne,4615060|14232381,dance pop|gangster rap|hip hop|pop rap|r&b|rap|southern hip hop|trap|urban contemporary|hip hop|new orleans rap|pop rap|rap|trap,76|85,2008-11-11,day,64,2024-01-08
0.801,0.91,2,-6.566,1,0.225,0.00239,0.000891,0.0737,0.805,87.277,278387,4,5g9lS8deSIxItFBmZRC4vN,Ambitionz Az A Ridah,3caseqKMvJyv2XE1rN6SQi,1ZwdS5xdxEREPySFridCfh,2Pac,16965024,g funk|gangster rap|hip hop|rap|west coast rap,78,1996-02-13,day,80,2024-01-08
0.638,0.4,11,-11.212,0,0.0425,0.733,0.000133,0.334,0.495,150.133,166093,4,6LyAwkJsHlW7RQ8S1cYAtM,Overdue (with Travis Scott),3caseqKMvJyv2XE1rN6SQi,"0iEtIxbK0KxaSlF7G42ZOp,0Y5tJX1MQlPlqiwlOH1tJY",Metro Boomin|Travis Scott,6641993|26203362,rap|hip hop|rap|slap house,87|91,2018-11-06,day,83,2024-01-08
0.684,0.671,7,-4.392,0,0.0464,0.189,2.37e-05,0.122,0.156,88.048,199920,4,2Hh3ETdQKrmSI3QS0hme7g,Too Many Nights (feat. Don Toliver & with Future),3caseqKMvJyv2XE1rN6SQi,"0iEtIxbK0KxaSlF7G42ZOp,1RyvyyTE3xzB2ZywiAwp0i,4Gso3d4CscCijv0lmajZWs",Metro Boomin|Future|Don Toliver,6641993|15692678|3641335,rap|atl hip hop|hip hop|rap|southern hip hop|trap|pop rap|rap|trap,87|88|81,2022-12-02,day,89,2024-01-08
0.85,0.7,7,-6.49,1,0.0478,0.0616,1.8e-06,0.244,0.722,101.875,291782,4,3Gf5nttwcX9aaSQXRWidEZ,Ride Wit Me,3caseqKMvJyv2XE1rN6SQi,"2gBjLmx6zQnFGQJCAQpRgw,3L2SIGZah4QZSvN4wC8rHl",Nelly|City Spud,2617297|1738,dance pop|gangster rap|hip hop|pop rap|rap|st louis rap|urban contemporary|,73|58,2000-06-27,day,79,2024-01-08
0.739,0.756,4,-4.828,1,0.0394,0.0136,0.0,0.37,0.523,110.028,231387,4,4P0osvTXoSYZZC2n8IFH3c,Payphone,3caseqKMvJyv2XE1rN6SQi,"04gDigrS5kc9YWfZHwBETP,137W8MRPWKqSmrBGDBFSop",Maroon 5|Wiz Khalifa,41511758|11073613,pop|hip hop|pittsburgh rap|pop rap|rap|southern hip hop|trap,84|80,2012-01-01,day,73,2024-01-08
0.744,0.715,0,-6.103,1,0.351,0.101,0.0,0.0919,0.34,154.962,179773,4,7zxRMhXxJMQCeDDg0rKAVo,Some Way,3caseqKMvJyv2XE1rN6SQi,"7rkW85dBwwrJtlHRDkJDAC,1Xyo4u8uXC1ZmMpatF05PJ",NAV|The Weeknd,3426047|77257554,canadian hip hop|canadian trap|melodic rap|rap|trap|canadian contemporary r&b|canadian pop|pop,72|94,2017-02-24,day,74,2024-01-08
0.867,0.774,11,-5.791,0,0.315,0.11,0.0,0.157,0.549,130.007,142498,4,03ThZweiBWFP8tOGsk6QMO,Russian Cream,3caseqKMvJyv2XE1rN6SQi,0RESbWvOMyua0yuyVrztJ5,Key Glock,1839640,memphis hip hop|rap|southern hip hop|tennessee hip hop|trap,76,2018-02-02,day,76,2024-01-08
0.642,0.69,11,-5.101,1,0.261,0.00599,1.3e-06,0.322,0.641,164.075,124094,4,4CzhtKifG867Lu5DNQVBSA,Vamp Anthem,3caseqKMvJyv2XE1rN6SQi,699OTQXzgjhIYAHMy9RyPD,Playboi Carti,9643234,atl hip hop|plugg|pluggnb|rage rap|rap,84,2020-12-25,day,79,2024-01-08
0.693,0.575,2,-7.633,1,0.0906,0.121,0.0,0.104,0.353,138.016,160052,4,4Se3fXoHJkcraQzJXo2IYn,Monëy so big,3caseqKMvJyv2XE1rN6SQi,3qiHUAX7zY4Qnjx8TNUzVx,Yeat,3930218,pluggnb|rage rap,82,2021-09-10,day,82,2024-01-08
0.929,0.653,9,-4.594,1,0.268,0.00166,7.71e-06,0.585,0.525,140.065,127864,4,6Hmc5Afutf4hcrjnBYNidS,Baby Keem,3caseqKMvJyv2XE1rN6SQi,5SXuuuRpukkTvsLuUknva1,Baby Keem,1992651,hip hop|rap,78,2018-10-29,day,70,2024-01-08
0.732,0.47,0,-7.601,0,0.244,0.000279,0.0,0.119,0.411,159.936,105000,4,0Dk9lP1YnOqssHH0oCeq9u,I <3 My Choppa,3caseqKMvJyv2XE1rN6SQi,2ODbg2404zUzTi02qIPEjB,Tay-K,3395241,cali rap|dfw rap|rap|trap,66,2017-12-14,day,74,2024-01-08
0.615,0.6,10,-5.62,1,0.27,0.107,1.61e-06,0.283,0.0661,130.027,270671,4,15hJmqqEtASVXl6sM7i4UF,trademark usa,3caseqKMvJyv2XE1rN6SQi,5SXuuuRpukkTvsLuUknva1,Baby Keem,1992651,hip hop|rap,78,2021-09-10,day,74,2024-01-08
0.686,0.897,11,-7.18,0,0.0386,0.0103,0.103,0.153,0.355,129.975,163139,4,0FA4wrjDJvJTTU8AepZTup,Watch This - ARIZONATEARS Pluggnb Remix,3caseqKMvJyv2XE1rN6SQi,"4O15NlyKLIASxsJ0PrXPfz,0M2CO5ijP35MDhNwvpgxTV,2xzyIzdjfeXX6FIQtlAAyw",Lil Uzi Vert|sped up nightcore|ARIZONATEARS,16484624|150054|6078,hip hop|melodic rap|philly rap|rage rap|rap|nightcore|sped up|,85|74|68,2023-02-05,day,84,2024-01-08
0.647,0.585,6,-6.123,1,0.0512,0.00314,0.0,0.165,0.353,131.934,215672,4,4jbmgIyjGoXjY01XxatOx6,Dark Horse,3caseqKMvJyv2XE1rN6SQi,"6jJ0s89eD6GaHleKKya26X,5gCRApTajqwbnHHPbr2Fpi",Katy Perry|Juicy J,31203416|3138996,pop|crunk|memphis hip hop|pop rap|rap|southern hip hop|trap,83|72,2013-01-01,day,83,2024-01-08
0.924,0.547,6,-4.98,0,0.271,0.0233,1.67e-06,0.0998,0.606,138.066,89536,4,2E79dyG3vXolWuWiEXqNMX,Coffin,3caseqKMvJyv2XE1rN6SQi,6icQOAFXDZKsumw3YXyusw,Lil Yachty,9554683,atl hip hop|melodic rap|rap|trap,78,2020-10-23,day,60,2024-01-08
0.896,0.377,9,-5.502,1,0.0935,0.0123,1.43e-06,0.115,0.255,113.886,136573,4,1ITpqT1kDATCtMBwOK7sYn,vent,3caseqKMvJyv2XE1rN6SQi,5SXuuuRpukkTvsLuUknva1,Baby Keem,1992651,hip hop|rap,78,2021-09-10,day,71,2024-01-08
0.85,0.631,1,-8.401,1,0.227,0.00684,0.000406,0.0679,0.738,126.002,237600,4,0OPyDgTRuIdCJ9B4bYSths,Hotel Room Service,3caseqKMvJyv2XE1rN6SQi,0TnOYISbd1XYRBk9myaseg,Pitbull,10224110,dance pop|miami hip hop|pop,81,2009-08-27,day,74,2024-01-08
0.676,0.61,1,-9.185,1,0.273,0.000114,1.73e-06,0.191,0.519,156.005,186538,4,2bPI4TKM4oTxl2SijUXM2J,AHHH HA,3caseqKMvJyv2XE1rN6SQi,3hcs9uc56yIGFCSy9leWe7,Lil Durk,6859221,chicago drill|chicago rap|drill|hip hop|rap|trap,81,2022-03-11,day,64,2024-01-08
0.493,0.666,7,-4.525,1,0.268,0.00256,0.0,0.0797,0.164,87.932,192727,5,6w2laMOxRE0yUsbq4bVLiZ,Heyy,3caseqKMvJyv2XE1rN6SQi,5f7VJjfbwm532GiveGC0ZK,Lil Baby,16366093,atl hip hop|atl trap|rap|trap,86,2022-10-10,day,60,2024-01-08
0.849,0.476,8,-8.455,1,0.182,0.0291,0.0,0.0589,0.482,134.955,200098,4,788NX6uCNEVuZW8x5BkQqM,Like Dat,3caseqKMvJyv2XE1rN6SQi,46SHBwWsqBkxI7EeeBEQG7,Kodak Black,10072386,florida drill|florida rap|melodic rap|miami hip hop|rap|trap|trap latino,80,2015-12-26,day,65,2024-01-08
0.746,0.475,10,-11.243,0,0.113,0.0175,1.1e-05,0.197,0.292,80.006,241400,4,3NxAG2ni1lLa8RKL6a0INc,Childs Play,3caseqKMvJyv2XE1rN6SQi,3TVXtAsR1Inumwj472S9r4,Drake,83626299,canadian hip hop|canadian pop|hip hop|pop rap|rap,96,2016-05-06,day,71,2024-01-08
0.808,0.524,5,-9.008,0,0.354,0.157,0.0,0.136,0.423,129.978,222592,4,4gVX26KwlsIh9Uh7hKIRjp,Butter Pecan - Bonus Track,3caseqKMvJyv2XE1rN6SQi,1cNDP5yjU5vjeR8qMf4grg,YNW Melly,9987188,melodic rap|rap,72,2019-01-18,day,59,2024-01-08
0.818,0.526,1,-8.078,1,0.277,0.0103,0.0,0.146,0.531,125.061,214594,4,0UMqDSXk4xvoCNRrIEPf7T,King Snipe,3caseqKMvJyv2XE1rN6SQi,"13y7CgLHjMVRMDqxdx0Xdo,46SHBwWsqBkxI7EeeBEQG7",Gucci Mane|Kodak Black,5220799|10072386,atl hip hop|dirty south rap|hip hop|pop rap|rap|southern hip hop|trap|florida drill|florida rap|melodic rap|miami hip hop|rap|trap|trap latino,76|80,2023-01-13,day,61,2024-01-08
0.602,0.824,0,-4.087,0,0.0547,0.0867,0.0,0.0947,0.442,125.147,211200,4,0ITaSRuI0L1RNL7ZNYTTi7,U Are My High (with Future),3caseqKMvJyv2XE1rN6SQi,"540vIaP2JwjQb9dm3aArA4,1RyvyyTE3xzB2ZywiAwp0i",DJ Snake|Future,8664074|15692678,dance pop|edm|electronic trap|pop|pop dance|atl hip hop|hip hop|rap|southern hip hop|trap,77|88,2021-12-03,day,78,2024-01-08
0.946,0.646,5,-6.604,1,0.21,0.219,0.0,0.0643,0.961,127.978,246988,4,2FTeQQ5Rg9tBpgpTF5mnhE,Still Think About You,3caseqKMvJyv2XE1rN6SQi,31W5EY0aAly4Qieq6OFu6I,A Boogie Wit da Hoodie,7919751,melodic rap|rap|trap,79,2016-09-16,day,78,2024-01-08
0.566,0.713,6,-4.25,1,0.0418,0.645,0.0,0.114,0.805,169.861,238147,4,0LQtEJt7x0s6knb6RKdRYc,Chicken Fried,3caseqKMvJyv2XE1rN6SQi,6yJCxee7QumYr820xdIsjo,Zac Brown Band,3726609,contemporary country|country|country road|modern country rock,70,2008-11-17,day,80,2024-01-08
0.67,0.476,9,-6.253,0,0.0406,0.328,0.0,0.104,0.235,96.975,231907,4,5maiP9UMnTSgoxPX8X3bdz,Na Na,3caseqKMvJyv2XE1rN6SQi,2iojnBLj0qIMiKPvVhLnsH,Trey Songz,7381157,dance pop|r&b|southern hip hop|trap|urban contemporary,68,2014-07-01,day,63,2024-01-08
0.572,0.631,7,-9.836,0,0.0476,0.222,0.0,0.135,0.0713,134.078,249040,4,4PhsKqMdgMEUSstTDAmMpg,Often,3caseqKMvJyv2XE1rN6SQi,1Xyo4u8uXC1ZmMpatF05PJ,The Weeknd,77257554,canadian contemporary r&b|canadian pop|pop,94,2015-08-28,day,83,2024-01-08
0.806,0.558,8,-6.538,1,0.172,0.00496,1.45e-06,0.16,0.26,85.011,251333,4,4ckuS4Nj4FZ7i3Def3Br8W,Sneakin’,3caseqKMvJyv2XE1rN6SQi,"3TVXtAsR1Inumwj472S9r4,1URnnhqYAYcrqrcwql10ft",Drake|21 Savage,83626299|16213669,canadian hip hop|canadian pop|hip hop|pop rap|rap|atl hip hop|hip hop|rap,96|89,2016-10-24,day,66,2024-01-08
0.943,0.544,10,-6.292,0,0.0642,0.0336,0.0,0.0954,0.515,133.012,215423,4,7CEJH5Ed7FBbXF6CqBQPlJ,My Dawg,3caseqKMvJyv2XE1rN6SQi,5f7VJjfbwm532GiveGC0ZK,Lil Baby,16366093,atl hip hop|atl trap|rap|trap,86,2017-08-25,day,67,2024-01-08
0.775,0.461,7,-6.594,0,0.124,0.157,0.0,0.0687,0.131,134.028,188060,4,60PTOzcoFycWBICdumIsFQ,FOR FUN,3caseqKMvJyv2XE1rN6SQi,4O15NlyKLIASxsJ0PrXPfz,Lil Uzi Vert,16484624,hip hop|melodic rap|philly rap|rage rap|rap,85,2022-07-23,day,65,2024-01-08
0.83,0.504,11,-8.92,1,0.452,0.014,2.74e-05,0.11,0.15,157.004,146773,4,1BNvadXnbiSf3ZofMMdDYK,Crazy Story,3caseqKMvJyv2XE1rN6SQi,6QtgPSJPSzcnn7dPZ4VINp,King Von,3799451,chicago rap,75,2019-09-20,day,73,2024-01-08
0.92,0.457,8,-6.612,0,0.529,0.00554,0.0,0.0798,0.367,139.995,99989,4,4Vir8uv89eNY6hovcNq4w6,Gang Activities,3caseqKMvJyv2XE1rN6SQi,5SXuuuRpukkTvsLuUknva1,Baby Keem,1992651,hip hop|rap,78,2018-10-29,day,59,2024-01-08
0.864,0.476,1,-10.068,1,0.436,0.0374,0.0,0.374,0.647,157.144,137580,4,1vrFJDrysqmsNAgyjBzx4f,F.N.F. (Let's Go),3caseqKMvJyv2XE1rN6SQi,"5pR1zWq3UPsOpW1pTWayLf,2qoQgPAilErOKCwE2Y8wOG",Hitkidd|GloRilla,36952|486300,memphis hip hop|southern hip hop,50|60,2022-05-03,day,64,2024-01-08
0.936,0.585,0,-6.914,1,0.125,0.0142,0.0,0.132,0.242,124.991,255379,4,0wbnC9AUenxp613TYaJsGK,Narcos,3caseqKMvJyv2XE1rN6SQi,6oMuImdp5ZcFhWP0ESe6mG,Migos,13641028,atl hip hop|hip hop|pop rap|rap|trap,75,2018-01-26,day,71,2024-01-08
0.808,0.97,10,-6.098,0,0.0506,0.0569,6.13e-05,0.154,0.868,114.328,242293,4,2gam98EZKrF9XuOkU13ApN,Promiscuous,3caseqKMvJyv2XE1rN6SQi,"2jw70GZXlAI8QzWeY2bgRc,5Y5TRrQiqgUO4S36tzjIRZ",Nelly Furtado|Timbaland,3681925|2711268,canadian latin|canadian pop|dance pop|pop|dance pop|pop|pop rap,75|76,2006-01-01,day,87,2024-01-08
0.697,0.674,1,-6.326,1,0.0533,0.00215,0.0,0.138,0.198,81.535,157355,4,43CIWpJaJHRcI4mUSjqgc2,Bad Boy (with Young Thug),3caseqKMvJyv2XE1rN6SQi,"4MCBfE4596Uoi2O4DtmEMz,50co4Is1HCEo8bhOyUWKpn",Juice WRLD|Young Thug,32077469|9355686,chicago rap|melodic rap|rap|atl hip hop|atl trap|gangster rap|melodic rap|rap|trap,87|83,2021-01-15,day,71,2024-01-08
0.841,0.732,7,-5.186,0,0.19,0.0115,2.18e-05,0.136,0.576,149.012,143480,4,4mIHgQ3ofK2RK34UdbqMbe,Ambition For Cash,3caseqKMvJyv2XE1rN6SQi,0RESbWvOMyua0yuyVrztJ5,Key Glock,1839640,memphis hip hop|rap|southern hip hop|tennessee hip hop|trap,76,2021-11-05,day,78,2024-01-08
0.918,0.609,10,-5.64,0,0.0791,0.0928,0.0,0.139,0.304,128.008,231400,4,0CAfXk7DXMnon4gLudAp7J,Low (feat. T-Pain),3caseqKMvJyv2XE1rN6SQi,"0jnsk9HBra6NMjO2oANoPY,3aQeKQSyrW4qWr35idm0cy",Flo Rida|T-Pain,8676033|4615060,dance pop|miami hip hop|pop|pop rap|dance pop|gangster rap|hip hop|pop rap|r&b|rap|southern hip hop|trap|urban contemporary,78|76,2008-03-17,day,84,2024-01-08
0.707,0.924,7,-2.842,1,0.031,0.000972,0.00703,0.204,0.919,127.937,206413,4,1gihuPhrLraKYrJMAEONyc,Feel So Close - Radio Edit,3caseqKMvJyv2XE1rN6SQi,7CajNmpbOovFoOoasH2HaY,Calvin Harris,23070413,dance pop|edm|electro house|house|pop|pop dance|progressive house|uk dance,84,2012-10-29,day,83,2024-01-08
0.596,0.738,8,-3.109,1,0.0411,0.109,0.0,0.0947,0.461,127.961,217347,4,2QtJA4gbwe1AcanB2p21aP,Stay The Night - Featuring Hayley Williams Of Paramore,3caseqKMvJyv2XE1rN6SQi,"2qxJFvFYMEDqd7ui6kSAcq,6Rx1JKzBrSzoKQtmbVmBnM",Zedd|Hayley Williams,5943450|686285,complextro|edm|german techno|pop|pop dance|art pop,73|64,2012,year,66,2024-01-08
0.769,0.684,1,-5.019,1,0.0411,0.0105,0.000125,0.0887,0.835,127.972,243600,4,7ySUcLPVX7KudhnmNcgY2D,S&M,3caseqKMvJyv2XE1rN6SQi,5pKCCKE2ajJHZ9KAiaK11H,Rihanna,58780253,barbadian pop|pop|urban contemporary,89,2010-01-01,day,83,2024-01-08
0.862,0.648,4,-7.401,0,0.251,0.0455,0.0,0.0332,0.637,98.012,235533,4,4PmMVdIFpJTB9WQbmILf4p,How We Do,3caseqKMvJyv2XE1rN6SQi,"0NbfKEOTQCcwd6o7wSDOHI,3q7HBObVc0L8jNeTe5Gofh",The Game|50 Cent,4802782|13325784,detroit hip hop|gangster rap|hip hop|pop rap|rap|southern hip hop|trap|east coast hip hop|gangster rap|hip hop|pop rap|queens hip hop|rap,71|82,2005,year,78,2024-01-08
0.781,0.745,4,-5.81,0,0.0332,0.198,1.14e-05,0.36,0.326,129.998,269493,4,1bM50INir8voAkVoKuvEUI,OMG (feat. will.i.am),3caseqKMvJyv2XE1rN6SQi,"23zg3TcAtWQy7J6upgbUnj,085pc2PYOi8bGKj0PNjekA",USHER|will.i.am,10846051|4116475,atl hip hop|contemporary r&b|dance pop|pop|r&b|rap|south carolina hip hop|urban contemporary|dance pop|pop,80|71,2010-03-30,day,72,2024-01-08
0.789,0.493,10,-7.156,0,0.288,0.058,0.0,0.109,0.582,78.492,170318,4,3xuZ8v1cf4cpHjBblkVGye,Chimp,3caseqKMvJyv2XE1rN6SQi,5Yb9KkgJWWHfSxF0S4MiId,White Slime,187,,0,2019-11-05,day,0,2024-01-08
0.836,0.54,1,-8.629,1,0.327,0.158,0.0,0.302,0.277,121.979,153392,4,4Wlz0HsHZlJy0NDK2h6jq6,Ron Artest,3caseqKMvJyv2XE1rN6SQi,"3zZ88AwlTwfCJkowsFCvLA,45gHcnDnMC15sgx3VL7ROG",Babyface Ray|42 Dugg,248844|983345,detroit hip hop|detroit trap|detroit trap|southern hip hop|trap,64|70,2023-02-08,day,73,2024-01-08
0.829,0.436,3,-8.205,1,0.327,0.15,0.0,0.0954,0.693,143.031,223204,4,6HgWWaMu31KdOpEG5l28BG,All My Life (feat. J. Cole),3caseqKMvJyv2XE1rN6SQi,"3hcs9uc56yIGFCSy9leWe7,6l3HvQ5sa6mXTsMTB19rO5",Lil Durk|J. Cole,6859221|22394288,chicago drill|chicago rap|drill|hip hop|rap|trap|conscious hip hop|hip hop|north carolina hip hop|rap,81|86,2023-05-12,day,80,2024-01-08
0.417,0.887,5,-5.551,0,0.367,0.0786,0.0,0.834,0.303,167.579,307640,4,1QBwk6GTCxVdC2hoSw9tlM,Lord Knows,3caseqKMvJyv2XE1rN6SQi,"3TVXtAsR1Inumwj472S9r4,1sBkRIssrMs1AbVkOJbc7a",Drake|Rick Ross,83626299|7103142,canadian hip hop|canadian pop|hip hop|pop rap|rap|dirty south rap|gangster rap|hip hop|rap|southern hip hop|trap,96|76,2011-11-15,day,66,2024-01-08
0.693,0.67,2,-3.537,0,0.0345,0.0958,0.00857,0.432,0.084,119.907,191520,4,221qmpQeBNV87sUjQeUTVH,Around Me (feat. Don Toliver),3caseqKMvJyv2XE1rN6SQi,"0iEtIxbK0KxaSlF7G42ZOp,4Gso3d4CscCijv0lmajZWs",Metro Boomin|Don Toliver,6641993|3641335,rap|pop rap|rap|trap,87|81,2022-12-02,day,80,2024-01-08
0.636,0.57,1,-5.973,1,0.0571,0.011,0.00204,0.0677,0.0883,168.202,190893,4,1Rq4GtIucW9CAcF8B6PAbW,I Serve the Base,3caseqKMvJyv2XE1rN6SQi,1RyvyyTE3xzB2ZywiAwp0i,Future,15692678,atl hip hop|hip hop|rap|southern hip hop|trap,88,2015-07-17,day,74,2024-01-08
0.802,0.582,1,-7.296,0,0.235,0.126,0.0,0.161,0.338,150.002,186613,4,0dbZ2iUuKvsm3FupBw6M9N,Lonely,3caseqKMvJyv2XE1rN6SQi,3KuLo66B73btyQpdXlkqFx,Speaker Knockerz,658888,melodic rap|south carolina hip hop|trap,54,2014-09-02,day,69,2024-01-08
0.693,0.729,0,-2.99,1,0.378,0.171,0.0,0.07,0.521,117.848,284733,4,6etwirSInfuJrSOlogS6Sh,American Boy,3caseqKMvJyv2XE1rN6SQi,"5T0MSzX9RC5NA6gAI6irSn,5K4W6rqBFWDnAN6FQUkS6x",Estelle|Kanye West,273146|22986248,neo soul|r&b|chicago rap|hip hop|rap,64|91,2008-03-28,day,81,2024-01-08
0.801,0.475,7,-8.797,0,0.0516,0.141,1.73e-05,0.0639,0.234,98.047,213061,4,5Eax0qFko2dh7Rl2lYs3bx,Efecto,3caseqKMvJyv2XE1rN6SQi,4q3ewBCX7sLwd24euuV69X,Bad Bunny,78216625,reggaeton|trap latino|urbano latino,95,2022-05-06,day,86,2024-01-08
0.557,0.774,7,-5.275,0,0.351,0.012,0.0,0.396,0.397,111.975,246134,4,67nepsnrcZkowTxMWigSbb,MELTDOWN (feat. Drake),3caseqKMvJyv2XE1rN6SQi,"0Y5tJX1MQlPlqiwlOH1tJY,3TVXtAsR1Inumwj472S9r4",Travis Scott|Drake,26203362|83626299,hip hop|rap|slap house|canadian hip hop|canadian pop|hip hop|pop rap|rap,91|96,2023-07-28,day,87,2024-01-08
0.911,0.536,4,-7.884,0,0.282,0.00897,3.73e-06,0.111,0.584,146.014,203813,4,1KUZ33cOqk3X4Ezk0aZnVp,Peaches & Eggplants (feat. 21 Savage),3caseqKMvJyv2XE1rN6SQi,"5yPzzu25VzEk8qrGTLIrE1,1URnnhqYAYcrqrcwql10ft",Young Nudy|21 Savage,1388610|16213669,pluggnb|rap|trap|atl hip hop|hip hop|rap,70|89,2023-02-27,day,75,2024-01-08
0.672,0.82,11,-4.456,1,0.0459,0.0368,0.000188,0.184,0.438,120.005,278573,4,3NZJlJemX3mzjf56MqC5ML,Forever,3caseqKMvJyv2XE1rN6SQi,7bXgB6jMjp9ATFy66eO08Z,Chris Brown,20955452,r&b|rap,86,2008-04-29,day,79,2024-01-08
0.765,0.412,7,-8.932,0,0.0726,0.72,0.0,0.126,0.632,109.986,211573,4,2BqQQXuBOuhaWeUP7okEx0,Comfortable,3caseqKMvJyv2XE1rN6SQi,5bgfj5zUoWpyeVatGDjn6H,K CAMP,1658847,atl hip hop|melodic rap|southern hip hop|trap,58,2014-09-04,day,63,2024-01-08
0.668,0.857,7,-2.944,0,0.0535,0.0191,6.71e-06,0.0385,0.748,131.959,215693,4,16Of7eeW44kt0a1M0nitHM,You Make Me Feel... (feat. Sabi),3caseqKMvJyv2XE1rN6SQi,"2aYJ5LAta2ScCdfLhKgZOY,3tB8VKd0rtEnc9x8l78ymo",Cobra Starship|Sabi,500051|7288,neon pop punk|pop punk|post-teen pop|,56|52,2011-08-29,day,72,2024-01-08
0.569,0.882,3,-2.777,0,0.06,0.0316,0.0,0.142,0.201,148.038,191701,4,42VsgItocQwOQC3XWZ8JNA,FE!N (feat. Playboi Carti),3caseqKMvJyv2XE1rN6SQi,"0Y5tJX1MQlPlqiwlOH1tJY,699OTQXzgjhIYAHMy9RyPD",Travis Scott|Playboi Carti,26203362|9643234,hip hop|rap|slap house|atl hip hop|plugg|pluggnb|rage rap|rap,91|84,2023-07-28,day,90,2024-01-08
0.903,0.675,11,-3.445,0,0.214,0.542,1.28e-05,0.0595,0.442,96.507,417920,4,3V8UKqhEK5zBkBb6d6ub8i,Te Boté - Remix,3caseqKMvJyv2XE1rN6SQi,"5hdhHgpxyniooUiQVaPxQ0,1fux65HMCBvfJHqlBc4Nno,4q3ewBCX7sLwd24euuV69X,1TtXnWcUs0FCkaZDPGYHdf,1i8SpTcr7yvPOmcqrbnVXY,1SupJlEpv7RS2tPNRaHViT",Nio Garcia|Casper Magico|Bad Bunny|Darell|Ozuna|Nicky Jam,5282347|2429537|78216625|4193348|37390235|18922333,reggaeton|trap latino|urbano latino|reggaeton|reggaeton flow|trap latino|urbano latino|reggaeton|trap latino|urbano latino|latin hip hop|reggaeton|trap latino|urbano latino|puerto rican pop|reggaeton|trap latino|urbano latino|latin hip hop|reggaeton|trap latino|urbano latino,69|67|95|76|85|79,2018-04-13,day,77,2024-01-08
0.929,0.484,2,-6.997,1,0.261,0.0015,0.0,0.108,0.277,139.991,145792,4,0KLvDgrhFKo6k1ZSHiv5v3,FRANCE FREESTYLE,3caseqKMvJyv2XE1rN6SQi,5SXuuuRpukkTvsLuUknva1,Baby Keem,1992651,hip hop|rap,78,2019-07-19,day,55,2024-01-08
0.352,0.911,1,-5.23,1,0.0747,0.00121,0.0,0.0995,0.236,148.033,222973,4,003vvx7Niy0yvhvHt4a68B,Mr. Brightside,3caseqKMvJyv2XE1rN6SQi,0C0XlULifJtAgn6ZNCW2eu,The Killers,7171887,alternative rock|dance rock|modern rock|permanent wave|rock,76,2004,year,89,2024-01-08
0.64,0.609,1,-7.714,0,0.304,0.492,2.47e-06,0.152,0.393,131.889,192727,4,4daEMLSZCgZ2Mt7gNm2SRa,Flooded The Face,3caseqKMvJyv2XE1rN6SQi,4O15NlyKLIASxsJ0PrXPfz,Lil Uzi Vert,16484624,hip hop|melodic rap|philly rap|rage rap|rap,85,2023-06-30,day,78,2024-01-08
0.775,0.655,5,-7.333,1,0.102,0.114,0.00016,0.035,0.346,114.503,323253,4,44CZRkOxv7UItaAUmh8PgN,Doses & Mimosas,3caseqKMvJyv2XE1rN6SQi,00dwwnz3V4kRfu3UFYpJLz,Cherub,160964,,54,2014,year,72,2024-01-08
0.828,0.434,5,-10.609,1,0.301,0.0394,0.0,0.0806,0.38,115.071,131600,4,6gbiTbclnHlmSIPfmF2zEc,Gang Shit No Lame Shit,3caseqKMvJyv2XE1rN6SQi,0RESbWvOMyua0yuyVrztJ5,Key Glock,1839640,memphis hip hop|rap|southern hip hop|tennessee hip hop|trap,76,2018-11-23,day,79,2024-01-08
0.927,0.619,5,-4.441,0,0.0539,0.0186,0.0,0.104,0.817,117.995,211582,4,6wsqVwoiVH2kde4k4KKAFU,I KNOW ?,3caseqKMvJyv2XE1rN6SQi,0Y5tJX1MQlPlqiwlOH1tJY,Travis Scott,26203362,hip hop|rap|slap house,91,2023-07-28,day,91,2024-01-08
0.602,0.843,0,-4.831,1,0.0593,0.000688,5.27e-05,0.0682,0.526,128.003,227987,4,190jyVPHYjAqEaOGmMzdyk,Beauty And A Beat,3caseqKMvJyv2XE1rN6SQi,"1uNFoZAHBGtllmzznpCI3s,0hCNtLu0JehylgoiP8L4Gh",Justin Bieber|Nicki Minaj,74461349|30496118,canadian pop|pop|hip pop|pop|queens hip hop|rap,89|88,2012-06-15,day,81,2024-01-08
0.47,0.64,2,-7.779,1,0.32,0.0277,0.0,0.382,0.248,163.92,247444,4,7aqfrAY2p9BUSiupwk3svU,First Person Shooter (feat. J. Cole),3caseqKMvJyv2XE1rN6SQi,"3TVXtAsR1Inumwj472S9r4,6l3HvQ5sa6mXTsMTB19rO5",Drake|J. Cole,83626299|22394288,canadian hip hop|canadian pop|hip hop|pop rap|rap|conscious hip hop|hip hop|north carolina hip hop|rap,96|86,2023-10-06,day,90,2024-01-08
0.571,0.55,0,-6.567,1,0.106,0.0548,0.0,0.179,0.104,120.947,285630,4,2nibvvDdAQkVraYP00z2RS,Calling For You (feat. 21 Savage),3caseqKMvJyv2XE1rN6SQi,"3TVXtAsR1Inumwj472S9r4,1URnnhqYAYcrqrcwql10ft",Drake|21 Savage,83626299|16213669,canadian hip hop|canadian pop|hip hop|pop rap|rap|atl hip hop|hip hop|rap,96|89,2023-10-06,day,76,2024-01-08
0.645,0.729,2,-4.56,1,0.0528,0.0377,0.0,0.384,0.142,146.01,319192,4,1yeB8MUNeLo9Ek1UEpsyz6,Rich Baby Daddy (feat. Sexyy Red & SZA),3caseqKMvJyv2XE1rN6SQi,"3TVXtAsR1Inumwj472S9r4,3DbwFQlvLxRSi2uX8mf81A,7tYKF4w9nC0nq9CsPZTHyP",Drake|Sexyy Red|SZA,83626299|478983|16849233,canadian hip hop|canadian pop|hip hop|pop rap|rap|trap queen|pop|r&b|rap,96|74|88,2023-10-06,day,90,2024-01-08
0.581,0.325,10,-9.238,1,0.22,0.0128,0.0,0.16,0.0666,136.934,155154,4,53KaP77tkliz36LPxWGlWK,Fear Of Heights,3caseqKMvJyv2XE1rN6SQi,3TVXtAsR1Inumwj472S9r4,Drake,83626299,canadian hip hop|canadian pop|hip hop|pop rap|rap,96,2023-10-06,day,75,2024-01-08
0.684,0.541,5,-8.04,0,0.0483,0.0347,0.0,0.138,0.214,158.046,170415,4,17IBDpAl3J39swaoPlfGpp,Another Late Night (feat. Lil Yachty),3caseqKMvJyv2XE1rN6SQi,"3TVXtAsR1Inumwj472S9r4,6icQOAFXDZKsumw3YXyusw",Drake|Lil Yachty,83626299|9554683,canadian hip hop|canadian pop|hip hop|pop rap|rap|atl hip hop|melodic rap|rap|trap,96|78,2023-10-06,day,76,2024-01-08
0.595,0.912,10,-3.428,0,0.0884,0.0434,0.0,0.259,0.762,128.024,234453,4,3rfhI32Il2hVRKDkuGeeen,Hey Baby (Drop It to the Floor) (feat. T-Pain),3caseqKMvJyv2XE1rN6SQi,"0TnOYISbd1XYRBk9myaseg,3aQeKQSyrW4qWr35idm0cy",Pitbull|T-Pain,10224110|4615060,dance pop|miami hip hop|pop|dance pop|gangster rap|hip hop|pop rap|r&b|rap|southern hip hop|trap|urban contemporary,81|76,2011-06-17,day,78,2024-01-08
0.664,0.872,3,-3.117,1,0.0396,0.0306,0.0,0.228,0.555,129.873,210093,4,63rbP24OzfaQCJjsHWZXnY,Where Them Girls At (feat. Nicki Minaj & Flo Rida),3caseqKMvJyv2XE1rN6SQi,"1Cs0zKBU1kc0i8ypK3B9ai,0jnsk9HBra6NMjO2oANoPY,0hCNtLu0JehylgoiP8L4Gh",David Guetta|Flo Rida|Nicki Minaj,26011039|8676033|30496118,big room|dance pop|edm|pop|pop dance|dance pop|miami hip hop|pop|pop rap|hip pop|pop|queens hip hop|rap,87|78|88,2011-08-24,day,69,2024-01-08
0.702,0.825,6,-3.787,0,0.0601,0.00883,0.0,0.0674,0.915,102.977,203064,4,5nujrmhLynf4yMoMtj8AQF,Levitating (feat. DaBaby),3caseqKMvJyv2XE1rN6SQi,"6M2wZ9GZgrQXHCFfjv46we,4r63FhuTkUYltbVAg5TQnk",Dua Lipa|DaBaby,42512597|11554890,dance pop|pop|uk pop|hip hop|north carolina hip hop|pop rap|rap|trap,86|78,2020-03-27,day,85,2024-01-08
0.711,0.7,1,-4.805,0,0.046,0.00498,0.000125,0.215,0.801,128.001,211920,4,7EQGXaVSyEDsCWKmUcfpLk,Die Young,3caseqKMvJyv2XE1rN6SQi,6LqNN22kT3074XbTVUrhzX,Kesha,7695074,dance pop|pop,75,2012-11-30,day,80,2024-01-08
0.561,0.965,7,-3.673,0,0.0343,0.00383,7.07e-06,0.371,0.304,128.04,175238,4,4uUG5RXrOk84mYEfFvj3cK,I'm Good (Blue),3caseqKMvJyv2XE1rN6SQi,"1Cs0zKBU1kc0i8ypK3B9ai,64M6ah0SkkRsnPGtGiRAbb",David Guetta|Bebe Rexha,26011039|8792565,big room|dance pop|edm|pop|pop dance|dance pop|pop,87|79,2022-08-26,day,92,2024-01-08
0.671,0.876,7,-5.681,0,0.0352,0.12,0.188,0.0823,0.964,129.998,231545,4,23RoR84KodL5HWvUTneQ1w,(It Goes Like) Nanana - Edit,3caseqKMvJyv2XE1rN6SQi,2mLA48B366zkELXYx7hcDN,Peggy Gou,840376,electra|float house,70,2023-06-15,day,89,2024-01-08
0.672,0.905,4,-2.59,0,0.0611,0.00661,0.000422,0.22,0.727,128.021,226107,4,2XERAvP5rto44nAuJE2Rni,Let's Go (feat. Ne-Yo) - Radio Edit,3caseqKMvJyv2XE1rN6SQi,"7CajNmpbOovFoOoasH2HaY,21E3waRsmPlU7jZsS13rcj",Calvin Harris|Ne-Yo,23070413|8470208,dance pop|edm|electro house|house|pop|pop dance|progressive house|uk dance|dance pop|pop|r&b|urban contemporary,84|78,2012-04-20,day,41,2024-01-08
0.612,0.84,11,-3.145,0,0.0509,0.112,0.0,0.116,0.438,129.042,212862,4,2V65y3PX4DkRhy1djlxd9p,Don't You Worry Child - Radio Edit,3caseqKMvJyv2XE1rN6SQi,"1h6Cn3P4NGzXbaXidqURXs,2auikkNYqigWStoHWK1Grq",Swedish House Mafia|John Martin,3760011|46360,edm|pop dance|progressive electro house|pop edm,74|66,2012-09-14,day,84,2024-01-08
0.623,0.882,0,-2.574,1,0.0322,0.0205,0.0,0.194,0.525,127.98,232616,4,0xcl9XT60Siji6CSG4y6nb,Club Can't Handle Me (feat. David Guetta) - From the Step Up 3D Soundtrack,3caseqKMvJyv2XE1rN6SQi,0jnsk9HBra6NMjO2oANoPY,Flo Rida,8676033,dance pop|miami hip hop|pop|pop rap,78,2010-06-28,day,58,2024-01-08
0.613,0.697,2,-8.618,1,0.133,0.0194,0.0,0.332,0.476,122.746,320357,4,0DiWol3AO6WpXZgp0goxAV,One More Time,3caseqKMvJyv2XE1rN6SQi,4tZwfgrHOc3mvqYlEYSvVi,Daft Punk,9722207,electro|filter house|rock,80,2001-03-12,day,80,2024-01-08
0.673,0.758,7,-3.632,1,0.158,0.039,0.0,0.341,0.542,135.956,229507,4,0Hf4aIJpsN4Os2f0y0VqWl,Feel This Moment (feat. Christina Aguilera),3caseqKMvJyv2XE1rN6SQi,"0TnOYISbd1XYRBk9myaseg,1l7ZsJRRS8wlW3WfJfPfNS",Pitbull|Christina Aguilera,10224110|7964816,dance pop|miami hip hop|pop|dance pop|pop,81|77,2012,year,81,2024-01-08
0.573,0.929,8,-3.942,0,0.109,0.197,0.000112,0.0567,0.582,127.934,212560,4,24LS4lQShWyixJ0ZrJXfJ5,Sweet Nothing (feat. Florence Welch),3caseqKMvJyv2XE1rN6SQi,"7CajNmpbOovFoOoasH2HaY,0IROOdQ2fQUcoaEPqt1Isg",Calvin Harris|Florence Welch,23070413|33159,dance pop|edm|electro house|house|pop|pop dance|progressive house|uk dance|uk pop,84|56,2012-10-29,day,76,2024-01-08
0.631,0.927,9,-2.787,0,0.0332,0.199,0.119,0.148,0.465,123.962,222160,4,0azC730Exh71aQlOt9Zj3y,This Is What You Came For,3caseqKMvJyv2XE1rN6SQi,"7CajNmpbOovFoOoasH2HaY,5pKCCKE2ajJHZ9KAiaK11H",Calvin Harris|Rihanna,23070413|58780253,dance pop|edm|electro house|house|pop|pop dance|progressive house|uk dance|barbadian pop|pop|urban contemporary,84|89,2016-04-29,day,85,2024-01-08
0.892,0.714,4,-6.055,0,0.141,0.201,0.000234,0.0521,0.817,100.972,267267,4,1AWQoqb9bSvzTjaLralEkT,Rock Your Body,3caseqKMvJyv2XE1rN6SQi,31TPClRtHm23RisEBtV3X7,Justin Timberlake,13560903,dance pop|pop,81,2002-11-04,day,82,2024-01-08
0.722,0.958,4,-3.617,1,0.0912,0.00726,0.0,0.375,0.952,127.008,206120,4,3Tu7uWBecS6GsLsL8UONKn,Don't Stop the Party (feat. TJR),3caseqKMvJyv2XE1rN6SQi,"0TnOYISbd1XYRBk9myaseg,2L8yW8GIoirHEdeW4bWQXq",Pitbull|TJR,10224110|150587,dance pop|miami hip hop|pop|dutch house|edm|electro house|melbourne bounce|moombahton|progressive electro house|uk garage,81|52,2012,year,69,2024-01-08
0.771,0.68,11,-5.881,0,0.224,0.277,1.18e-05,0.682,0.808,119.952,276160,4,4NeOWqHmlrGRuBvsLJC9rL,My Love (feat. T.I.),3caseqKMvJyv2XE1rN6SQi,"31TPClRtHm23RisEBtV3X7,4OBJLual30L7gRl5UkeRcT",Justin Timberlake|T.I.,13560903|4683892,dance pop|pop|atl hip hop|dirty south rap|gangster rap|hip hop|pop rap|rap|southern hip hop|trap,81|73,2006-09-13,day,77,2024-01-08
0.866,0.454,0,-9.383,1,0.0414,0.0373,1.49e-06,0.275,0.368,99.985,247067,4,0CXVjQI9wsqaGeIARkkpYc,I Wanna Love You,3caseqKMvJyv2XE1rN6SQi,"0z4gvV4rjIZ9wHck67ucSV,7hJcb9fa4alzcOq3EaNPoG",Akon|Snoop Dogg,4188769|10871699,dance pop|g funk|gangster rap|hip hop|pop rap|rap|west coast rap,80|81,2006-01-01,day,77,2024-01-08
0.853,0.495,6,-14.63,1,0.14,0.0917,0.000217,0.0844,0.0774,137.027,243228,4,4rmVZajAF7PkrCagGPHbqa,Sticky,3caseqKMvJyv2XE1rN6SQi,3TVXtAsR1Inumwj472S9r4,Drake,83626299,canadian hip hop|canadian pop|hip hop|pop rap|rap,96,2022-06-17,day,76,2024-01-08
0.938,0.638,8,-4.713,1,0.189,0.0167,0.0,0.111,0.313,97.075,158332,4,3A2yGHWIzmGEIolwonU69h,Act Up,3caseqKMvJyv2XE1rN6SQi,37hAfseJWi0G3Scife12Il,City Girls,2463009,scam rap|trap queen,64,2018-11-16,day,68,2024-01-08
0.707,0.813,11,-4.515,0,0.0571,0.0863,0.0,0.168,0.722,124.921,238627,4,2VOomzT6VavJOGBeySqaMc,Disturbia,3caseqKMvJyv2XE1rN6SQi,5pKCCKE2ajJHZ9KAiaK11H,Rihanna,58780253,barbadian pop|pop|urban contemporary,89,2008-06-02,day,81,2024-01-08
0.566,0.564,10,-7.88,0,0.277,0.0149,0.0,0.104,0.0667,139.92,164143,4,4ZT0wGKwlJRjpMUuwZVy3p,Daylight,3caseqKMvJyv2XE1rN6SQi,3TVXtAsR1Inumwj472S9r4,Drake,83626299,canadian hip hop|canadian pop|hip hop|pop rap|rap,96,2023-10-06,day,77,2024-01-08
0.583,0.621,5,-6.902,0,0.0479,0.00972,0.00106,0.181,0.399,140.036,323480,4,6jG2YzhxptolDzLHTGLt7S,Drunk in Love (feat. Jay-Z),3caseqKMvJyv2XE1rN6SQi,"6vWDO969PvNqNYHIOW5v0m,3nFkdlSjzX9mRTtwJOzDYB",Beyoncé|JAY-Z,36524672|8801570,pop|r&b|east coast hip hop|gangster rap|hip hop|pop rap|rap,85|82,2014-11-24,day,76,2024-01-08
0.61,0.624,2,-4.773,1,0.309,0.6,2.12e-06,0.243,0.244,176.169,250534,4,2TH65lNHgvLxCKXM3apjxI,Callaita,3caseqKMvJyv2XE1rN6SQi,"4q3ewBCX7sLwd24euuV69X,0GM7qgcRCORpGnfcN2tCiB",Bad Bunny|Tainy,78216625|1909141,reggaeton|trap latino|urbano latino|pop reggaeton|reggaeton|trap latino|urbano latino,95|78,2019-05-31,day,76,2024-01-08
0.75,0.674,8,-6.128,0,0.097,0.228,8.91e-05,0.122,0.392,123.026,265360,4,7dJYggqjKo71KI9sLzqCs8,Agora Hills,3caseqKMvJyv2XE1rN6SQi,5cj0lLjcoR7YOSnhnX0Po5,Doja Cat,28123408,dance pop|pop,87,2023-09-22,day,93,2024-01-08
0.731,0.667,7,-7.928,0,0.0815,0.134,0.0,0.114,0.485,123.042,144390,4,1xWkeSPhf3bZqHY7Ncz8vp,500lbs,3caseqKMvJyv2XE1rN6SQi,4Ga1P7PMIsmqEZqhYZQgDo,Lil Tecca,6789664,melodic rap|pluggnb|rap,80,2023-07-21,day,85,2024-01-08
0.736,0.769,11,-5.546,0,0.258,0.027,0.0,0.23,0.388,137.947,180870,4,5ZJGv7aGdIr9IGpxzSG18T,Everybody (feat. Lil Uzi Vert),3caseqKMvJyv2XE1rN6SQi,"0hCNtLu0JehylgoiP8L4Gh,4O15NlyKLIASxsJ0PrXPfz",Nicki Minaj|Lil Uzi Vert,30496118|16484624,hip pop|pop|queens hip hop|rap|hip hop|melodic rap|philly rap|rage rap|rap,88|85,2023-12-08,day,87,2024-01-08
0.538,0.669,1,-4.97,1,0.0518,0.00437,1.03e-05,0.43,0.0389,141.659,150402,4,2c7sRekhMGlj7u1WIIzoQu,Fighting My Demons,3caseqKMvJyv2XE1rN6SQi,3gBZUcNeVumkeeJ19CY2sX,Ken Carson,1027324,rage rap,76,2023-10-13,day,82,2024-01-08
0.739,0.536,1,-10.843,1,0.308,0.231,0.0,0.35,0.64,82.549,154120,4,7icwQvajsokotDfM3tefW6,SkeeYee,3caseqKMvJyv2XE1rN6SQi,3DbwFQlvLxRSi2uX8mf81A,Sexyy Red,478983,trap queen,74,2023-06-09,day,78,2024-01-08
0.509,0.781,8,-3.48,1,0.072,0.0398,0.0,0.0749,0.176,128.0,271427,4,60wwxj6Dd9NJlirf84wr2c,Clarity,3caseqKMvJyv2XE1rN6SQi,"2qxJFvFYMEDqd7ui6kSAcq,7qRll6DYV06u2VuRPAVqug",Zedd|Foxes,5943450|309572,complextro|edm|german techno|pop|pop dance|electropop|metropopolis|uk pop,73|58,2012-01-01,day,77,2024-01-08
0.728,0.442,1,-10.095,1,0.0565,0.000487,8.21e-06,0.149,0.441,142.025,106536,4,0HTIrbUwwFn984RzVZm5Fk,Yale,3caseqKMvJyv2XE1rN6SQi,3gBZUcNeVumkeeJ19CY2sX,Ken Carson,1027324,rage rap,76,2020-08-14,day,82,2024-01-08
0.465,0.7,10,-5.163,0,0.0893,0.203,0.0,0.299,0.276,120.854,230709,4,5Se32hEA9raeboZerywxka,You Broke My Heart,3caseqKMvJyv2XE1rN6SQi,3TVXtAsR1Inumwj472S9r4,Drake,83626299,canadian hip hop|canadian pop|hip hop|pop rap|rap,96,2023-11-17,day,85,2024-01-08
0.928,0.458,11,-6.751,1,0.187,0.0175,0.000446,0.118,0.242,144.995,172138,4,1a73gcEg6h6Re6hHXoVltJ,FTCU,3caseqKMvJyv2XE1rN6SQi,0hCNtLu0JehylgoiP8L4Gh,Nicki Minaj,30496118,hip pop|pop|queens hip hop|rap,88,2023-12-08,day,89,2024-01-08
0.465,0.713,10,-5.205,0,0.0796,0.191,0.0,0.299,0.329,123.872,230709,4,2FBo7mg3It3YOefMhBKk60,You Broke My Heart,37i9dQZF1DX7QOv5kjbU68,3TVXtAsR1Inumwj472S9r4,Drake,83626299,canadian hip hop|canadian pop|hip hop|pop rap|rap,96,2023-11-17,day,72,2024-01-08
0.48,0.634,11,-7.396,0,0.322,0.0233,0.0,0.383,0.294,164.005,247444,4,6ltWTSzsV2TaSsOhoA8eBC,First Person Shooter (feat. J. Cole),37i9dQZF1DX7QOv5kjbU68,"3TVXtAsR1Inumwj472S9r4,6l3HvQ5sa6mXTsMTB19rO5",Drake|J. Cole,83626299|22394288,canadian hip hop|canadian pop|hip hop|pop rap|rap|conscious hip hop|hip hop|north carolina hip hop|rap,96|86,2023-11-17,day,66,2024-01-08
0.615,0.632,1,-8.539,1,0.292,0.108,0.0,0.129,0.194,150.126,275281,4,1L0OmJV0LnPDWuHCIGmBV6,On The Radar Freestyle,37i9dQZF1DX7QOv5kjbU68,"3TVXtAsR1Inumwj472S9r4,5H4yInM5zmHqpKIoMNAx4r",Drake|Central Cee,83626299|4662882,canadian hip hop|canadian pop|hip hop|pop rap|rap|melodic drill|r&drill,96|80,2023-07-26,day,76,2024-01-08
0.512,0.787,1,-5.374,1,0.322,0.0454,0.0,0.22,0.213,78.184,227692,4,6cmXX1EiigAAyvahpqfa4c,Evil Ways (feat. J. Cole),37i9dQZF1DX7QOv5kjbU68,"3TVXtAsR1Inumwj472S9r4,6l3HvQ5sa6mXTsMTB19rO5",Drake|J. Cole,83626299|22394288,canadian hip hop|canadian pop|hip hop|pop rap|rap|conscious hip hop|hip hop|north carolina hip hop|rap,96|86,2023-11-17,day,68,2024-01-08
0.817,0.44,10,-8.482,0,0.0734,0.0603,1.42e-06,0.33,0.544,142.024,272113,4,7aRCf5cLOFN1U7kvtChY1G,Search & Rescue,37i9dQZF1DX7QOv5kjbU68,3TVXtAsR1Inumwj472S9r4,Drake,83626299,canadian hip hop|canadian pop|hip hop|pop rap|rap,96,2023-04-07,day,83,2024-01-08
0.454,0.767,4,-6.834,0,0.317,0.286,0.0,0.315,0.682,76.01,374026,4,3z91ibrazNnusM2nSVY2NR,The Shoe Fits,37i9dQZF1DX7QOv5kjbU68,3TVXtAsR1Inumwj472S9r4,Drake,83626299,canadian hip hop|canadian pop|hip hop|pop rap|rap,96,2023-11-17,day,64,2024-01-08
0.44,0.722,0,-5.832,1,0.217,0.141,0.0,0.135,0.358,126.163,160049,3,0giAhiU1PIrYKHRpKNp4XT,Red Button,37i9dQZF1DX7QOv5kjbU68,3TVXtAsR1Inumwj472S9r4,Drake,83626299,canadian hip hop|canadian pop|hip hop|pop rap|rap,96,2023-11-17,day,64,2024-01-08
0.646,0.743,11,-4.572,0,0.338,0.147,0.0,0.101,0.891,151.314,208917,5,40EXFgNMOIQRQOwJZ8mJkC,Who Told You (feat. Drake),37i9dQZF1DX7QOv5kjbU68,"2a0uxJgbvvIRI4GX8pYfcr,3TVXtAsR1Inumwj472S9r4",J Hus|Drake,1201874|83626299,afroswing|grime|uk hip hop|canadian hip hop|canadian pop|hip hop|pop rap|rap,67|96,2023-06-08,day,74,2024-01-08
0.568,0.76,1,-6.455,0,0.275,0.0431,1.53e-05,0.18,0.481,100.042,245241,4,6rb3wFQ66EWR7DcPG0oEE1,We Caa Done (feat. Drake),37i9dQZF1DX7QOv5kjbU68,"62DmErcU7dqZbJaDqwsqzR,3TVXtAsR1Inumwj472S9r4",Popcaan|Drake,1010978|83626299,dancehall|jamaican hip hop|reggae fusion|traphall|canadian hip hop|canadian pop|hip hop|pop rap|rap,64|96,2023-01-06,day,65,2024-01-08
0.536,0.923,11,-6.654,0,0.439,0.34,0.0,0.225,0.519,84.33,181429,4,3TDTfJarTsRXCd8lITkTRv,Wick Man,37i9dQZF1DX7QOv5kjbU68,3TVXtAsR1Inumwj472S9r4,Drake,83626299,canadian hip hop|canadian pop|hip hop|pop rap|rap,96,2023-11-17,day,60,2024-01-08
0.781,0.594,0,-6.959,0,0.0485,0.0136,0.0,0.162,0.0628,129.895,178154,4,3aQem4jVGdhtg116TmJnHz,What’s Next,37i9dQZF1DX7QOv5kjbU68,3TVXtAsR1Inumwj472S9r4,Drake,83626299,canadian hip hop|canadian pop|hip hop|pop rap|rap,96,2021-03-05,day,73,2024-01-08
0.62,0.831,4,-4.444,1,0.189,0.531,0.000165,0.215,0.83,86.962,264130,4,6pFV3CL0xT8C418wUKOgKJ,Stories About My Brother,37i9dQZF1DX7QOv5kjbU68,3TVXtAsR1Inumwj472S9r4,Drake,83626299,canadian hip hop|canadian pop|hip hop|pop rap|rap,96,2023-11-17,day,62,2024-01-08
0.908,0.546,8,-10.491,0,0.323,0.0127,0.0,0.0707,0.225,131.016,170502,4,46s57QULU02Voy0Kup6UEb,Major Distribution,37i9dQZF1DX7QOv5kjbU68,"3TVXtAsR1Inumwj472S9r4,1URnnhqYAYcrqrcwql10ft",Drake|21 Savage,83626299|16213669,canadian hip hop|canadian pop|hip hop|pop rap|rap|atl hip hop|hip hop|rap,96|89,2022-11-04,day,74,2024-01-08
0.423,0.667,6,-7.012,0,0.326,0.758,0.0,0.246,0.496,86.743,336511,4,2HSmyk2qMN8WQjuGhaQgCk,Champagne Poetry,37i9dQZF1DX7QOv5kjbU68,3TVXtAsR1Inumwj472S9r4,Drake,83626299,canadian hip hop|canadian pop|hip hop|pop rap|rap,96,2021-09-03,day,78,2024-01-08
0.499,0.671,4,-6.774,0,0.0561,0.114,0.0169,0.148,0.0557,124.994,336924,3,28JBD8p18xNuOfyV7Cotdn,Massive,37i9dQZF1DX7QOv5kjbU68,3TVXtAsR1Inumwj472S9r4,Drake,83626299,canadian hip hop|canadian pop|hip hop|pop rap|rap,96,2022-06-17,day,72,2024-01-08
0.763,0.667,2,-6.285,1,0.085,0.021,2.4e-05,0.0715,0.75,95.864,260520,4,5hTl2uxJGd1sbLtovguuuk,Stars Align (with Drake),37i9dQZF1DX7QOv5kjbU68,"4HzKw8XcD0piJmDrrPRCYk,3TVXtAsR1Inumwj472S9r4",Majid Jordan|Drake,935822|83626299,canadian contemporary r&b|canadian hip hop|canadian hip hop|canadian pop|hip hop|pop rap|rap,67|96,2021-10-22,day,69,2024-01-08
0.773,0.281,1,-9.781,1,0.11,0.24,0.0,0.112,0.465,102.019,227706,4,3Kwdm0iLyEiRB8InsZoo6n,Talk To Me,37i9dQZF1DX7QOv5kjbU68,"0p4ViyfJUTW0IT4SCBLexf,3TVXtAsR1Inumwj472S9r4",Drakeo the Ruler|Drake,349862|83626299,cali rap|canadian hip hop|canadian pop|hip hop|pop rap|rap,60|96,2021-02-24,day,67,2024-01-08
0.501,0.403,6,-11.106,0,0.119,0.234,0.0,0.267,0.111,118.352,399154,4,0sSRLXxknVTQDStgU1NqpY,Hours In Silence,37i9dQZF1DX7QOv5kjbU68,"3TVXtAsR1Inumwj472S9r4,1URnnhqYAYcrqrcwql10ft",Drake|21 Savage,83626299|16213669,canadian hip hop|canadian pop|hip hop|pop rap|rap|atl hip hop|hip hop|rap,96|89,2022-11-04,day,77,2024-01-08
0.613,0.615,5,-4.859,0,0.107,0.308,0.0,0.107,0.342,86.782,226220,4,6tiKwZppNjrls8RsPQwK6r,You're Mines Still (feat. Drake),37i9dQZF1DX7QOv5kjbU68,"3KNIG74xSTc3dj0TRy7pGX,3TVXtAsR1Inumwj472S9r4",Yung Bleu|Drake,1459654|83626299,alabama rap|trap|canadian hip hop|canadian pop|hip hop|pop rap|rap,63|96,2021-07-23,day,73,2024-01-08
0.883,0.283,0,-12.653,1,0.113,0.104,0.00167,0.0935,0.416,122.013,157390,4,1eCFz60zd7mAXgWLapPd9B,Currents,37i9dQZF1DX7QOv5kjbU68,3TVXtAsR1Inumwj472S9r4,Drake,83626299,canadian hip hop|canadian pop|hip hop|pop rap|rap,96,2022-06-17,day,65,2024-01-08
0.695,0.343,5,-10.798,1,0.0432,0.0743,1.04e-06,0.107,0.229,85.84,218902,4,35RJhm1pEovTBwnNR0zWad,GREECE (feat. Drake),37i9dQZF1DX7QOv5kjbU68,"0QHgL1lAIqAw0HtD7YldmP,3TVXtAsR1Inumwj472S9r4",DJ Khaled|Drake,10860995|83626299,hip hop|miami hip hop|pop rap|rap|canadian hip hop|canadian pop|hip hop|pop rap|rap,74|96,2020-07-16,day,72,2024-01-08
0.701,0.741,2,-6.157,1,0.313,0.112,0.0,0.699,0.588,140.177,178623,4,6jy9yJfgCsMHdu2Oz4BGKX,Papi’s Home,37i9dQZF1DX7QOv5kjbU68,3TVXtAsR1Inumwj472S9r4,Drake,83626299,canadian hip hop|canadian pop|hip hop|pop rap|rap,96,2021-09-03,day,70,2024-01-08
0.571,0.747,7,-4.659,1,0.17,0.478,0.0,0.116,0.635,106.253,259651,4,27g5G3TW90FSm3YxclYpAs,TWIST & TURN (feat. Drake & PARTYNEXTDOOR),37i9dQZF1DX7QOv5kjbU68,"62DmErcU7dqZbJaDqwsqzR,3TVXtAsR1Inumwj472S9r4,2HPaUgqeutzr3jx5a9WyDV",Popcaan|Drake|PARTYNEXTDOOR,1010978|83626299|6064028,dancehall|jamaican hip hop|reggae fusion|traphall|canadian hip hop|canadian pop|hip hop|pop rap|rap|r&b|rap|urban contemporary,64|96|78,2020-08-07,day,66,2024-01-08
0.73,0.576,2,-5.442,1,0.287,0.354,3.59e-05,0.15,0.155,92.131,228461,4,4VCbgIdr8ptegWeJpqLVHH,Love All (with JAY-Z),37i9dQZF1DX7QOv5kjbU68,"3TVXtAsR1Inumwj472S9r4,3nFkdlSjzX9mRTtwJOzDYB",Drake|JAY-Z,83626299|8801570,canadian hip hop|canadian pop|hip hop|pop rap|rap|east coast hip hop|gangster rap|hip hop|pop rap|rap,96|82,2021-09-03,day,72,2024-01-08
0.836,0.617,0,-4.363,1,0.0534,0.17,0.0,0.319,0.866,138.066,206702,4,7wsmIIm0xWmtP7TmACXkJn,Oprah’s Bank Account (Lil Yachty & DaBaby feat. Drake),37i9dQZF1DX7QOv5kjbU68,"6icQOAFXDZKsumw3YXyusw,4r63FhuTkUYltbVAg5TQnk,3TVXtAsR1Inumwj472S9r4",Lil Yachty|DaBaby|Drake,9554683|11554890|83626299,atl hip hop|melodic rap|rap|trap|hip hop|north carolina hip hop|pop rap|rap|trap|canadian hip hop|canadian pop|hip hop|pop rap|rap,78|78|96,2020-03-09,day,62,2024-01-08
0.724,0.531,5,-4.108,0,0.298,0.225,0.0,0.11,0.141,89.901,239635,4,42m3eP1JJhtzffal9B136J,7am On Bridle Path,37i9dQZF1DX7QOv5kjbU68,3TVXtAsR1Inumwj472S9r4,Drake,83626299,canadian hip hop|canadian pop|hip hop|pop rap|rap,96,2021-09-03,day,64,2024-01-08
0.519,0.851,7,-6.001,1,0.29,0.118,0.0,0.178,0.711,123.823,213104,5,50ceCGZ3oD3U5caQV5bP6f,You Only Live Twice (with Lil Wayne & Rick Ross),37i9dQZF1DX7QOv5kjbU68,"3TVXtAsR1Inumwj472S9r4,55Aa2cqylxrFIXC767Z865,1sBkRIssrMs1AbVkOJbc7a",Drake|Lil Wayne|Rick Ross,83626299|14232381|7103142,canadian hip hop|canadian pop|hip hop|pop rap|rap|hip hop|new orleans rap|pop rap|rap|trap|dirty south rap|gangster rap|hip hop|rap|southern hip hop|trap,96|85|76,2021-09-03,day,66,2024-01-08
0.865,0.53,0,-6.347,0,0.0491,0.511,0.00149,0.0946,0.203,104.948,197973,4,2rFqkDRJlumT7QjljlldlR,LOYAL (feat. Drake),37i9dQZF1DX7QOv5kjbU68,"2HPaUgqeutzr3jx5a9WyDV,3TVXtAsR1Inumwj472S9r4",PARTYNEXTDOOR|Drake,6064028|83626299,r&b|rap|urban contemporary|canadian hip hop|canadian pop|hip hop|pop rap|rap,78|96,2020-03-26,day,68,2024-01-08
0.915,0.588,7,-6.302,0,0.0677,0.0824,0.000169,0.104,0.329,123.936,218710,4,2sqsNXfN0HtgDEgaHXiUTa,Won't Be Late (feat. Drake),37i9dQZF1DX7QOv5kjbU68,"1zNqQNIdeOUZHb8zbZRFMX,3TVXtAsR1Inumwj472S9r4",Swae Lee|Drake,1964515|83626299,melodic rap|rap|trap|canadian hip hop|canadian pop|hip hop|pop rap|rap,79|96,2019-08-16,day,67,2024-01-08
0.32,0.466,8,-6.77,1,0.0374,0.00645,0.0,0.133,0.338,177.693,229304,3,5ScbulRnixQ2XAdvrPMFjz,Get Along Better,37i9dQZF1DX7QOv5kjbU68,"3TVXtAsR1Inumwj472S9r4,7c0XG5cIJTrrAgEC3ULPiq",Drake|Ty Dolla $ign,83626299|4870732,canadian hip hop|canadian pop|hip hop|pop rap|rap|hip hop|pop rap|r&b|southern hip hop|trap|trap soul,96|79,2021-09-03,day,72,2024-01-08
0.502,0.633,1,-5.8,1,0.419,0.00991,0.0,0.389,0.552,83.226,349600,4,1rX5L6pyl3rVWb55D8Cprr,Gold Roses (feat. Drake),37i9dQZF1DX7QOv5kjbU68,"1sBkRIssrMs1AbVkOJbc7a,3TVXtAsR1Inumwj472S9r4",Rick Ross|Drake,7103142|83626299,dirty south rap|gangster rap|hip hop|rap|southern hip hop|trap|canadian hip hop|canadian pop|hip hop|pop rap|rap,76|96,2019-08-15,day,60,2024-01-08
0.656,0.432,6,-9.481,0,0.217,0.443,0.0,0.132,0.0897,97.022,222374,4,14SaZBTjxlorHJQxXh01Hu,Girls Need Love (with Drake) - Remix,37i9dQZF1DX7QOv5kjbU68,"57LYzLEk2LcFghVwuWbcuS,3TVXtAsR1Inumwj472S9r4",Summer Walker|Drake,5871705|83626299,r&b|rap|canadian hip hop|canadian pop|hip hop|pop rap|rap,78|96,2018-10-19,day,82,2024-01-08
0.766,0.283,8,-10.33,0,0.0846,0.111,0.0172,0.115,0.144,97.04,219692,4,6n3HGiq4v35D6eFOSwqYuo,Teenage Fever,37i9dQZF1DX7QOv5kjbU68,3TVXtAsR1Inumwj472S9r4,Drake,83626299,canadian hip hop|canadian pop|hip hop|pop rap|rap,96,2017-03-18,day,84,2024-01-08
0.783,0.416,4,-9.84,0,0.135,0.213,0.0,0.103,0.165,87.073,245131,4,3RkNXZvOSMMElmmXztDc94,F*****g Fans,37i9dQZF1DX7QOv5kjbU68,3TVXtAsR1Inumwj472S9r4,Drake,83626299,canadian hip hop|canadian pop|hip hop|pop rap|rap,96,2021-09-03,day,66,2024-01-08
0.476,0.161,8,-11.665,0,0.0407,0.967,0.0381,0.109,0.0908,119.614,133763,4,1PDP7mLiAMwhfmgIwzhOm2,Yebba’s Heartbreak,37i9dQZF1DX7QOv5kjbU68,"3TVXtAsR1Inumwj472S9r4,1ooV8YZC1KbpEcrmI8WH0F",Drake|Yebba,83626299|454338,canadian hip hop|canadian pop|hip hop|pop rap|rap|pop soul,96|65,2021-09-03,day,82,2024-01-08
0.816,0.538,6,-6.354,0,0.0617,0.0142,0.000496,0.099,0.156,97.054,210368,4,3gE4eQH3K83Sght0ZLvuBK,MIA,37i9dQZF1DX7QOv5kjbU68,"4q3ewBCX7sLwd24euuV69X,3TVXtAsR1Inumwj472S9r4",Bad Bunny|Drake,78216625|83626299,reggaeton|trap latino|urbano latino|canadian hip hop|canadian pop|hip hop|pop rap|rap,95|96,2018-12-23,day,79,2024-01-08
0.739,0.491,1,-9.726,0,0.413,0.626,0.0,0.126,0.448,94.391,322160,4,0GaBIpyHvytM1UBYmqXu08,From Time,37i9dQZF1DX7QOv5kjbU68,"3TVXtAsR1Inumwj472S9r4,5ZS223C6JyBfXasXxrRqOk",Drake|Jhené Aiko,83626299|7193429,canadian hip hop|canadian pop|hip hop|pop rap|rap|r&b,96|77,2013-01-01,day,72,2024-01-08
0.928,0.481,9,-9.35,0,0.287,0.105,0.0,0.176,0.613,134.007,210937,4,343YBumqHu19cGoGARUTsd,Fake Love,37i9dQZF1DX7QOv5kjbU68,3TVXtAsR1Inumwj472S9r4,Drake,83626299,canadian hip hop|canadian pop|hip hop|pop rap|rap,96,2017-03-18,day,75,2024-01-08
0.518,0.69,9,-6.15,1,0.107,0.128,0.0,0.176,0.59,77.837,205721,4,11pEKMLmavDu8fxOB5QjbQ,Pipe Down,37i9dQZF1DX7QOv5kjbU68,3TVXtAsR1Inumwj472S9r4,Drake,83626299,canadian hip hop|canadian pop|hip hop|pop rap|rap,96,2021-09-03,day,75,2024-01-08
0.646,0.899,6,-2.232,1,0.298,0.0337,0.0,0.232,0.685,164.119,219507,4,3kCwyvhvVTyehIzYN2I0nF,Omertà,37i9dQZF1DX7QOv5kjbU68,3TVXtAsR1Inumwj472S9r4,Drake,83626299,canadian hip hop|canadian pop|hip hop|pop rap|rap,96,2019-06-15,day,59,2024-01-08
0.591,0.846,7,-3.687,1,0.276,0.186,0.0,0.463,0.121,94.795,302492,4,2hcohLIysMxofYziluXCoX,Ignant Shit (feat. Lil Wayne),37i9dQZF1DX7QOv5kjbU68,"3TVXtAsR1Inumwj472S9r4,55Aa2cqylxrFIXC767Z865",Drake|Lil Wayne,83626299|14232381,canadian hip hop|canadian pop|hip hop|pop rap|rap|hip hop|new orleans rap|pop rap|rap|trap,96|85,2009,year,58,2024-01-08
0.562,0.544,8,-5.065,1,0.369,0.536,0.0,0.17,0.231,159.517,375050,4,6NwhtCYkfwWlcR62Ac4E7y,Successful (feat. Trey Songz & Lil Wayne),37i9dQZF1DX7QOv5kjbU68,"3TVXtAsR1Inumwj472S9r4,2iojnBLj0qIMiKPvVhLnsH,55Aa2cqylxrFIXC767Z865",Drake|Trey Songz|Lil Wayne,83626299|7381157|14232381,canadian hip hop|canadian pop|hip hop|pop rap|rap|dance pop|r&b|southern hip hop|trap|urban contemporary|hip hop|new orleans rap|pop rap|rap|trap,96|68|85,2009,year,61,2024-01-08
0.59,0.493,7,-8.704,0,0.0367,0.402,0.00504,0.129,0.0498,150.026,252379,4,7F9cT6hIRhnFCYP6GKS0tf,IMY2 (with Kid Cudi),37i9dQZF1DX7QOv5kjbU68,"3TVXtAsR1Inumwj472S9r4,0fA0VVWsXO9YnASrzqfmYu",Drake|Kid Cudi,83626299|6788413,canadian hip hop|canadian pop|hip hop|pop rap|rap|hip hop|ohio hip hop|pop rap|rap,96|79,2021-09-03,day,68,2024-01-08
0.749,0.476,11,-11.147,0,0.507,0.579,0.0,0.1,0.534,71.937,188189,4,0JaVdpmiex2EP7bBzyKVTa,November 18th,37i9dQZF1DX7QOv5kjbU68,3TVXtAsR1Inumwj472S9r4,Drake,83626299,canadian hip hop|canadian pop|hip hop|pop rap|rap,96,2009,year,63,2024-01-08
0.843,0.485,10,-8.735,0,0.195,0.181,0.0675,0.107,0.689,100.053,192418,4,08XWh5c0BMyD1nKVxxl91z,Fountains (with Tems),37i9dQZF1DX7QOv5kjbU68,"3TVXtAsR1Inumwj472S9r4,687cZJR45JO7jhk1LHIbgq",Drake|Tems,83626299|1429187,canadian hip hop|canadian pop|hip hop|pop rap|rap|afro r&b|alte|nigerian pop,96|74,2021-09-03,day,73,2024-01-08
0.722,0.252,1,-14.411,0,0.0761,0.0671,0.0,0.0852,0.275,79.923,238120,4,4BhGTc3Cgay2U1QcTS7vQe,Fire & Desire,37i9dQZF1DX7QOv5kjbU68,3TVXtAsR1Inumwj472S9r4,Drake,83626299,canadian hip hop|canadian pop|hip hop|pop rap|rap,96,2016-05-06,day,73,2024-01-08
0.794,0.735,0,-4.204,1,0.054,0.108,0.00578,0.112,0.223,107.374,234373,4,6Na5uKk5SsqZimk0hAWo8y,Signs,37i9dQZF1DX7QOv5kjbU68,3TVXtAsR1Inumwj472S9r4,Drake,83626299,canadian hip hop|canadian pop|hip hop|pop rap|rap,96,2017-06-23,day,67,2024-01-08
0.473,0.53,0,-8.506,1,0.249,0.812,6.92e-06,0.227,0.637,74.732,351220,3,1cCXT1cErAY6tmIqHbodrt,The Remorse,37i9dQZF1DX7QOv5kjbU68,3TVXtAsR1Inumwj472S9r4,Drake,83626299,canadian hip hop|canadian pop|hip hop|pop rap|rap,96,2021-09-03,day,61,2024-01-08
0.89,0.667,2,-6.862,1,0.0521,0.0579,2.97e-05,0.108,0.522,105.099,220467,4,7e44z4wOjkllaD8eulUeMd,Truffle Butter,37i9dQZF1DX7QOv5kjbU68,"0hCNtLu0JehylgoiP8L4Gh,3TVXtAsR1Inumwj472S9r4,55Aa2cqylxrFIXC767Z865",Nicki Minaj|Drake|Lil Wayne,30496118|83626299|14232381,hip pop|pop|queens hip hop|rap|canadian hip hop|canadian pop|hip hop|pop rap|rap|hip hop|new orleans rap|pop rap|rap|trap,88|96|85,2014-12-15,day,66,2024-01-08
0.781,0.721,5,-9.133,0,0.0514,0.0945,0.391,0.104,0.849,123.011,250337,4,7y6c07pgjZvtHI9kuMVqk1,Get It Together,37i9dQZF1DX7QOv5kjbU68,"3TVXtAsR1Inumwj472S9r4,6wMr4zKPrrR0UVz08WtUWc,1CoZyIx7UvdxT5c8UkMzHd",Drake|Black Coffee|Jorja Smith,83626299|1101954|3332058,canadian hip hop|canadian pop|hip hop|pop rap|rap|south african house|south african pop|south african pop dance|r&b|uk contemporary r&b,96|61|72,2017-03-18,day,72,2024-01-08
0.416,0.824,1,-3.075,1,0.343,0.00391,0.0,0.104,0.417,85.433,382262,5,0q7LGcVSpsIoSbjChtZ8lI,Uptown (feat. Bun B & Lil Wayne),37i9dQZF1DX7QOv5kjbU68,"3TVXtAsR1Inumwj472S9r4,45a6gCQWq61lIUDmr1tKuO,55Aa2cqylxrFIXC767Z865",Drake|Bun B|Lil Wayne,83626299|881286|14232381,canadian hip hop|canadian pop|hip hop|pop rap|rap|dirty south rap|houston rap|hip hop|new orleans rap|pop rap|rap|trap,96|56|85,2009,year,61,2024-01-08
0.507,0.429,2,-7.726,1,0.326,0.0518,0.0,0.109,0.0744,91.0,273578,3,34D6FJysnQioVingDKufuf,N 2 Deep,37i9dQZF1DX7QOv5kjbU68,"3TVXtAsR1Inumwj472S9r4,1RyvyyTE3xzB2ZywiAwp0i",Drake|Future,83626299|15692678,canadian hip hop|canadian pop|hip hop|pop rap|rap|atl hip hop|hip hop|rap|southern hip hop|trap,96|88,2021-09-03,day,70,2024-01-08
0.618,0.693,7,-5.943,0,0.45,0.246,0.0,0.112,0.454,170.982,283551,4,2KvHC9z14GSl4YpkNMX384,Do Not Disturb,37i9dQZF1DX7QOv5kjbU68,3TVXtAsR1Inumwj472S9r4,Drake,83626299,canadian hip hop|canadian pop|hip hop|pop rap|rap,96,2017-03-18,day,79,2024-01-08
0.822,0.318,10,-12.391,1,0.0575,0.493,0.0128,0.11,0.138,102.998,245787,4,6G8kHiVZ1jW7vHMPVRNZU0,Don’t Matter To Me (with Michael Jackson),37i9dQZF1DX7QOv5kjbU68,"3TVXtAsR1Inumwj472S9r4,3fMbdgg4jU18AjLCKBhRSm",Drake|Michael Jackson,83626299|29679206,canadian hip hop|canadian pop|hip hop|pop rap|rap|r&b|soul,96|81,2018-06-29,day,71,2024-01-08
0.761,0.598,10,-7.249,0,0.182,0.126,0.0,0.0839,0.446,173.897,163974,4,1dUHF4RyMmMTveJ0Rby6Xm,Can’t Take A Joke,37i9dQZF1DX7QOv5kjbU68,3TVXtAsR1Inumwj472S9r4,Drake,83626299,canadian hip hop|canadian pop|hip hop|pop rap|rap,96,2018-06-29,day,70,2024-01-08
0.414,0.677,1,-5.12,1,0.254,0.0248,0.0,0.0793,0.0853,172.521,302173,4,5Psnhdkyanjpgc2P8A5TSM,Emotionless,37i9dQZF1DX7QOv5kjbU68,3TVXtAsR1Inumwj472S9r4,Drake,83626299,canadian hip hop|canadian pop|hip hop|pop rap|rap,96,2018-06-29,day,68,2024-01-08
0.85,0.473,10,-5.747,0,0.209,0.117,0.0103,0.108,0.38,85.454,157605,4,41a7dZcq30Ss5kPMayWRV0,That’s How You Feel,37i9dQZF1DX7QOv5kjbU68,3TVXtAsR1Inumwj472S9r4,Drake,83626299,canadian hip hop|canadian pop|hip hop|pop rap|rap,96,2018-06-29,day,66,2024-01-08
0.807,0.319,0,-8.152,0,0.0581,0.133,0.000338,0.101,0.299,94.992,182080,4,2WP8G2pdddDmnh1xbfKBOI,Finesse,37i9dQZF1DX7QOv5kjbU68,3TVXtAsR1Inumwj472S9r4,Drake,83626299,canadian hip hop|canadian pop|hip hop|pop rap|rap,96,2018-06-29,day,78,2024-01-08
0.818,0.629,5,-5.567,0,0.0566,0.0239,1.88e-06,0.615,0.548,121.031,185221,4,3vUDNDbhYkfidboErlk7cx,K-POP,37i9dQZF1DZ06evO0vGf4I,"0Y5tJX1MQlPlqiwlOH1tJY,4q3ewBCX7sLwd24euuV69X,1Xyo4u8uXC1ZmMpatF05PJ",Travis Scott|Bad Bunny|The Weeknd,26203362|78216625|77257554,hip hop|rap|slap house|reggaeton|trap latino|urbano latino|canadian contemporary r&b|canadian pop|pop,91|95|94,2023-07-19,day,66,2024-01-08
0.455,0.621,0,-7.694,0,0.0517,0.651,2.59e-06,0.123,0.28,119.043,251250,4,4kjI1gwQZRKNDkw1nI475M,MY EYES,37i9dQZF1DZ06evO0vGf4I,0Y5tJX1MQlPlqiwlOH1tJY,Travis Scott,26203362,hip hop|rap|slap house,91,2023-07-28,day,89,2024-01-08
0.773,0.635,10,-5.06,1,0.0452,0.0585,0.0,0.132,0.476,121.879,173253,4,2Gk6fi0dqt91NKvlzGsmm7,SAY MY GRACE (feat. Travis Scott),37i9dQZF1DZ06evO0vGf4I,"4DdkRBBYG6Yk9Ka8tdJ9BW,0Y5tJX1MQlPlqiwlOH1tJY",Offset|Travis Scott,3501668|26203362,atl hip hop|hip hop|pop rap|rap|trap|hip hop|rap|slap house,79|91,2023-10-13,day,83,2024-01-08
0.458,0.535,5,-4.854,0,0.0281,0.575,0.0,0.168,0.216,82.826,353755,4,1i9lZvlaDdWDPyXEE95aiq,TELEKINESIS (feat. SZA & Future),37i9dQZF1DZ06evO0vGf4I,"0Y5tJX1MQlPlqiwlOH1tJY,7tYKF4w9nC0nq9CsPZTHyP,1RyvyyTE3xzB2ZywiAwp0i",Travis Scott|SZA|Future,26203362|16849233|15692678,hip hop|rap|slap house|pop|r&b|rap|atl hip hop|hip hop|rap|southern hip hop|trap,91|88|88,2023-07-28,day,87,2024-01-08
0.671,0.658,2,-5.567,1,0.309,0.189,8.66e-05,0.147,0.257,87.933,207307,4,4WuOWVnAqvEQxgSRrspBgt,Niagara Falls (Foot or 2) [with Travis Scott & 21 Savage],37i9dQZF1DZ06evO0vGf4I,"0iEtIxbK0KxaSlF7G42ZOp,0Y5tJX1MQlPlqiwlOH1tJY,1URnnhqYAYcrqrcwql10ft",Metro Boomin|Travis Scott|21 Savage,6641993|26203362|16213669,rap|hip hop|rap|slap house|atl hip hop|hip hop|rap,87|91|89,2022-12-02,day,82,2024-01-08
0.657,0.553,10,-7.08,0,0.0394,0.254,0.0,0.129,0.576,134.925,184889,4,1PH2MDbcBAU094DlgTIND1,THANK GOD,37i9dQZF1DZ06evO0vGf4I,0Y5tJX1MQlPlqiwlOH1tJY,Travis Scott,26203362,hip hop|rap|slap house,91,2023-07-28,day,80,2024-01-08
0.796,0.539,7,-5.974,0,0.0433,0.103,0.0,0.343,0.123,111.988,188587,4,1pacwLXyRO47ka0v6LTIiY,Raindrops (Insane) [with Travis Scott],37i9dQZF1DZ06evO0vGf4I,"0iEtIxbK0KxaSlF7G42ZOp,0Y5tJX1MQlPlqiwlOH1tJY",Metro Boomin|Travis Scott,6641993|26203362,rap|hip hop|rap|slap house,87|91,2022-12-02,day,79,2024-01-08
0.665,0.59,9,-7.608,1,0.161,0.763,0.0132,0.147,0.216,77.559,239613,4,0xaFw2zDYf1rIJWl2dXiSF,Open Arms (feat. Travis Scott),37i9dQZF1DZ06evO0vGf4I,"7tYKF4w9nC0nq9CsPZTHyP,0Y5tJX1MQlPlqiwlOH1tJY",SZA|Travis Scott,16849233|26203362,pop|r&b|rap|hip hop|rap|slap house,88|91,2022-12-09,day,81,2024-01-08
0.7,0.46,4,-8.111,0,0.0661,0.142,4.81e-05,0.111,0.286,151.901,142969,4,4MXhiYIRDMGAuvZc5IFTwC,ASTROTHUNDER,37i9dQZF1DZ06evO0vGf4I,0Y5tJX1MQlPlqiwlOH1tJY,Travis Scott,26203362,hip hop|rap|slap house,91,2018-08-03,day,79,2024-01-08
0.739,0.749,6,-3.318,1,0.0746,0.12,0.0,0.149,0.505,117.03,200256,4,4CljUDO1I5hpKjwSNK6RWY,Water - Remix,37i9dQZF1DZ06evO0vGf4I,"3SozjO3Lat463tQICI9LcE,0Y5tJX1MQlPlqiwlOH1tJY",Tyla|Travis Scott,463479|26203362,|hip hop|rap|slap house,76|91,2023-11-17,day,79,2024-01-08
0.46,0.686,0,-5.948,0,0.0367,0.00146,0.0,0.375,0.252,148.054,145588,4,6NMtzpDQBTOfJwMzgMX0zl,SKELETONS,37i9dQZF1DZ06evO0vGf4I,0Y5tJX1MQlPlqiwlOH1tJY,Travis Scott,26203362,hip hop|rap|slap house,91,2018-08-03,day,78,2024-01-08
0.522,0.728,3,-3.801,0,0.0323,0.00134,0.0,0.132,0.18,124.045,321560,4,3xby7fOyqmeON8jsnom0AT,Nightcrawler (feat. Swae Lee & Chief Keef),37i9dQZF1DZ06evO0vGf4I,"0Y5tJX1MQlPlqiwlOH1tJY,1zNqQNIdeOUZHb8zbZRFMX,15iVAtD3s3FsQR4w1v6M0P",Travis Scott|Swae Lee|Chief Keef,26203362|1964515|4403558,hip hop|rap|slap house|melodic rap|rap|trap|chicago bop|chicago drill|chicago rap|drill|hip hop|rap|southern hip hop|trap,91|79|75,2015-09-04,day,81,2024-01-08
0.499,0.8,1,-2.665,0,0.0502,0.0906,0.0,0.147,0.272,139.919,229573,4,7CZyCXKG6d5ALeq41sLzbw,Take What You Want (feat. Ozzy Osbourne & Travis Scott),37i9dQZF1DZ06evO0vGf4I,"246dkjvS1zLTtiykXe5h60,6ZLTlhejhndI4Rh53vYhrY,0Y5tJX1MQlPlqiwlOH1tJY",Post Malone|Ozzy Osbourne|Travis Scott,43068815|5200213|26203362,dfw rap|melodic rap|pop|rap|album rock|alternative metal|birmingham metal|classic rock|glam metal|hard rock|metal|rock|hip hop|rap|slap house,87|70|91,2019-09-06,day,78,2024-01-08
0.861,0.496,4,-5.537,0,0.0357,0.382,2.57e-06,0.107,0.543,116.008,192693,4,6w9GrSUaQQIaMBYtabge7p,Embarrassed (feat. Travis Scott),37i9dQZF1DZ06evO0vGf4I,"4Gso3d4CscCijv0lmajZWs,0Y5tJX1MQlPlqiwlOH1tJY",Don Toliver|Travis Scott,3641335|26203362,pop rap|rap|trap|hip hop|rap|slap house,81|91,2023-02-28,day,74,2024-01-08
0.777,0.604,9,-4.452,0,0.0397,0.000713,5.64e-05,0.151,0.121,111.998,207836,4,2Hc1LaV6bzFil3dE71eORA,Aye (feat. Travis Scott),37i9dQZF1DZ06evO0vGf4I,"4O15NlyKLIASxsJ0PrXPfz,0Y5tJX1MQlPlqiwlOH1tJY",Lil Uzi Vert|Travis Scott,16484624|26203362,hip hop|melodic rap|philly rap|rage rap|rap|hip hop|rap|slap house,85|91,2023-06-30,day,75,2024-01-08
0.835,0.699,8,-5.405,0,0.277,0.00671,0.0,0.195,0.547,154.981,202795,4,4jVBIpuOiMj1crqd8LoCrJ,FRANCHISE (feat. Young Thug & M.I.A.),37i9dQZF1DZ06evO0vGf4I,"0Y5tJX1MQlPlqiwlOH1tJY,50co4Is1HCEo8bhOyUWKpn,0QJIPDAEDILuo8AIq3pMuU",Travis Scott|Young Thug|M.I.A.,26203362|9355686|1288385,hip hop|rap|slap house|atl hip hop|atl trap|gangster rap|melodic rap|rap|trap|escape room|indietronica|new rave,91|83|66,2020-09-25,day,74,2024-01-08
0.855,0.492,0,-7.578,0,0.0483,0.0775,6.71e-06,0.111,0.385,109.975,240000,4,08F16baYbciTva9P4BvpiI,MAFIA,37i9dQZF1DZ06evO0vGf4I,0Y5tJX1MQlPlqiwlOH1tJY,Travis Scott,26203362,hip hop|rap|slap house,91,2021-11-05,day,72,2024-01-08
0.317,0.239,1,-12.036,0,0.0331,0.744,0.0,0.169,0.391,78.251,80467,3,4cEqoGTqPRZy76Yl3ymj3V,Only 1 (Interlude) (with Travis Scott),37i9dQZF1DZ06evO0vGf4I,"0iEtIxbK0KxaSlF7G42ZOp,0Y5tJX1MQlPlqiwlOH1tJY",Metro Boomin|Travis Scott,6641993|26203362,rap|hip hop|rap|slap house,87|91,2018-11-06,day,68,2024-01-08
0.867,0.673,6,-6.928,0,0.101,0.102,0.019,0.104,0.567,103.014,238027,4,11BbPUv7NlzlcbY7AmHHKy,AT THE PARTY (feat. Pharrell Williams & Travis Scott),37i9dQZF1DZ06evO0vGf4I,"0fA0VVWsXO9YnASrzqfmYu,2RdwBSPQiwcmiDo9kixcl8,0Y5tJX1MQlPlqiwlOH1tJY",Kid Cudi|Pharrell Williams|Travis Scott,6788413|4336597|26203362,hip hop|ohio hip hop|pop rap|rap|dance pop|pop|hip hop|rap|slap house,79|78|91,2023-11-03,day,72,2024-01-08
0.855,0.678,1,-6.276,1,0.189,0.0569,3.69e-05,0.412,0.852,99.029,215467,4,6WzRpISELf3YglGAh7TXcG,Popular (with Playboi Carti & Madonna) - Music from the HBO Original Series,37i9dQZF1DX6bnzK9KPvrz,"1Xyo4u8uXC1ZmMpatF05PJ,699OTQXzgjhIYAHMy9RyPD,6tbjWDEIzxoDsBA1FuhfPW",The Weeknd|Playboi Carti|Madonna,77257554|9643234|7432050,canadian contemporary r&b|canadian pop|pop|atl hip hop|plugg|pluggnb|rage rap|rap|dance pop|pop,94|84|79,2023-06-02,day,93,2024-01-08
0.531,0.525,1,-6.5,0,0.0671,0.232,0.0,0.441,0.502,66.9,232857,4,7oDd86yk8itslrA9HRP2ki,Die For You - Remix,37i9dQZF1DX6bnzK9KPvrz,"1Xyo4u8uXC1ZmMpatF05PJ,66CXWjxzNUsdJxJ2JdwvnR",The Weeknd|Ariana Grande,77257554|95458168,canadian contemporary r&b|canadian pop|pop|pop,94|89,2023-02-24,day,83,2024-01-08
0.522,0.641,8,-6.287,1,0.0318,0.0545,0.0,0.162,0.202,87.51,244685,4,7CyPwkp0oE8Ro9Dd5CUDjW,"One Of The Girls (with JENNIE, Lily Rose Depp)",37i9dQZF1DX6bnzK9KPvrz,"1Xyo4u8uXC1ZmMpatF05PJ,250b0Wlc5Vk0CoUsaCY84M,1pBLC0qVRTB5zVMuteQ9jJ",The Weeknd|JENNIE|Lily-Rose Depp,77257554|5137895|66831,canadian contemporary r&b|canadian pop|pop|k-pop|pop,94|78|76,2023-06-23,day,96,2024-01-08
0.6,0.567,9,-7.269,0,0.033,0.00621,8.73e-06,0.495,0.0951,119.043,268235,4,4VMRsbfZzd3SfQtaJ1Wpwi,Double Fantasy (with Future),37i9dQZF1DX6bnzK9KPvrz,"1Xyo4u8uXC1ZmMpatF05PJ,1RyvyyTE3xzB2ZywiAwp0i",The Weeknd|Future,77257554|15692678,canadian contemporary r&b|canadian pop|pop|atl hip hop|hip hop|rap|southern hip hop|trap,94|88,2023-04-21,day,78,2024-01-08
0.68,0.826,0,-5.487,1,0.0309,0.0212,1.24e-05,0.543,0.644,118.051,215627,4,5QO79kh1waicV47BqGRL3g,Save Your Tears,37i9dQZF1DX6bnzK9KPvrz,1Xyo4u8uXC1ZmMpatF05PJ,The Weeknd,77257554,canadian contemporary r&b|canadian pop|pop,94,2020-03-20,day,90,2024-01-08
0.514,0.73,1,-5.934,1,0.0598,0.00146,9.54e-05,0.0897,0.334,171.005,200040,4,0VjIjW4GlUZAMYd2vXMi3b,Blinding Lights,37i9dQZF1DX6bnzK9KPvrz,1Xyo4u8uXC1ZmMpatF05PJ,The Weeknd,77257554,canadian contemporary r&b|canadian pop|pop,94,2020-03-20,day,93,2024-01-08
0.814,0.618,5,-5.614,0,0.0619,0.0386,3.34e-06,0.671,0.535,121.075,185221,4,5L3ecxQnQ9qTBmnLQiwf0C,K-POP,37i9dQZF1DX6bnzK9KPvrz,"0Y5tJX1MQlPlqiwlOH1tJY,4q3ewBCX7sLwd24euuV69X,1Xyo4u8uXC1ZmMpatF05PJ",Travis Scott|Bad Bunny|The Weeknd,26203362|78216625|77257554,hip hop|rap|slap house|reggaeton|trap latino|urbano latino|canadian contemporary r&b|canadian pop|pop,91|95|94,2023-07-21,day,81,2024-01-08
0.461,0.593,1,-4.954,1,0.0356,0.17,0.0,0.307,0.175,134.17,228373,3,09mEdoA6zrmBPgTEN5qXmN,Call Out My Name,37i9dQZF1DX6bnzK9KPvrz,1Xyo4u8uXC1ZmMpatF05PJ,The Weeknd,77257554,canadian contemporary r&b|canadian pop|pop,94,2018-03-30,day,88,2024-01-08
0.676,0.608,9,-4.972,0,0.0329,0.213,0.0,0.104,0.118,119.993,262230,4,6cViXqp01e3FrAaseuiSAV,"False Idols (with Lil Baby, Suzanna Son)",37i9dQZF1DX6bnzK9KPvrz,"1Xyo4u8uXC1ZmMpatF05PJ,5f7VJjfbwm532GiveGC0ZK,0KVIja3XDIh9zXkKO2FI2A",The Weeknd|Lil Baby|Suzanna Son,77257554|16366093|23081,canadian contemporary r&b|canadian pop|pop|atl hip hop|atl trap|rap|trap|,94|86|52,2023-06-30,day,71,2024-01-08
0.659,0.381,2,-5.922,0,0.0304,0.385,0.0,0.0972,0.426,119.844,252227,3,2PIvq1pGrUjY007X5y1UpM,"Earned It (Fifty Shades Of Grey) - From The ""Fifty Shades Of Grey"" Soundtrack",37i9dQZF1DX6bnzK9KPvrz,1Xyo4u8uXC1ZmMpatF05PJ,The Weeknd,77257554,canadian contemporary r&b|canadian pop|pop,94,2014-12-23,day,78,2024-01-08
0.664,0.572,5,-6.099,0,0.0305,0.0811,0.00604,0.121,0.143,108.959,361027,4,2p8IUWQDrpjuFltbdgLOag,After Hours,37i9dQZF1DX6bnzK9KPvrz,1Xyo4u8uXC1ZmMpatF05PJ,The Weeknd,77257554,canadian contemporary r&b|canadian pop|pop,94,2020-03-20,day,86,2024-01-08
0.553,0.659,8,-7.295,1,0.0391,0.0027,0.0,0.105,0.105,120.146,234000,4,0VO8gYVDSwM1Qdd2GsMoYK,Moth To A Flame (with The Weeknd),37i9dQZF1DX6bnzK9KPvrz,"1h6Cn3P4NGzXbaXidqURXs,1Xyo4u8uXC1ZmMpatF05PJ",Swedish House Mafia|The Weeknd,3760011|77257554,edm|pop dance|progressive electro house|canadian contemporary r&b|canadian pop|pop,74|94,2022-04-15,day,83,2024-01-08
0.645,0.58,5,-9.527,0,0.0406,0.22,0.0,0.0878,0.163,101.733,459660,4,0GROiXm03OrMC5ltXLhGIu,The Party & The After Party - Original,37i9dQZF1DX6bnzK9KPvrz,1Xyo4u8uXC1ZmMpatF05PJ,The Weeknd,77257554,canadian contemporary r&b|canadian pop|pop,94,2011-03-21,day,78,2024-01-08
0.638,0.474,5,-12.7,0,0.124,0.351,0.191,0.105,0.441,179.771,111640,4,4EDijkJdHBZZ0GwJ12iTAj,Stargirl Interlude,37i9dQZF1DX6bnzK9KPvrz,"1Xyo4u8uXC1ZmMpatF05PJ,00FQb4jTyendYWaN8pK0wa",The Weeknd|Lana Del Rey,77257554|31293846,canadian contemporary r&b|canadian pop|pop|art pop|pop,94|89,2016-11-25,day,80,2024-01-08
0.706,0.505,8,-6.923,1,0.193,0.142,0.0,0.164,0.388,160.053,218880,4,37F0uwRSrdzkBiuj0D5UHI,Reminder,37i9dQZF1DX6bnzK9KPvrz,1Xyo4u8uXC1ZmMpatF05PJ,The Weeknd,77257554,canadian contemporary r&b|canadian pop|pop,94,2016-11-25,day,88,2024-01-08
0.501,0.526,9,-8.512,0,0.0332,0.00909,0.00063,0.316,0.161,140.119,298617,4,4bPsiRqWPFPgLiPQR7jNo4,A Lesser Man,37i9dQZF1DX6bnzK9KPvrz,1Xyo4u8uXC1ZmMpatF05PJ,The Weeknd,77257554,canadian contemporary r&b|canadian pop|pop,94,2023-06-19,day,69,2024-01-08
0.687,0.781,1,-4.806,1,0.053,0.0361,0.0,0.0755,0.688,97.014,193507,4,00Blm7zeNqgYLPtW6zg8cj,One Right Now (with The Weeknd),37i9dQZF1DX6bnzK9KPvrz,"246dkjvS1zLTtiykXe5h60,1Xyo4u8uXC1ZmMpatF05PJ",Post Malone|The Weeknd,43068815|77257554,dfw rap|melodic rap|pop|rap|canadian contemporary r&b|canadian pop|pop,87|94,2021-11-05,day,75,2024-01-08
0.472,0.714,1,-4.389,0,0.0334,0.00937,0.0,0.0764,0.24,98.992,236133,4,5J4ZkQpzMUFojo1CtAZYpn,Love Me Harder,37i9dQZF1DX6bnzK9KPvrz,"66CXWjxzNUsdJxJ2JdwvnR,1Xyo4u8uXC1ZmMpatF05PJ",Ariana Grande|The Weeknd,95458168|77257554,pop|canadian contemporary r&b|canadian pop|pop,89|94,2014-08-25,day,82,2024-01-08
0.667,0.719,7,-5.371,0,0.0346,0.00285,8.1e-05,0.0736,0.717,100.021,237520,4,7szuecWAPwGoV1e5vGu8tl,In Your Eyes,37i9dQZF1DX6bnzK9KPvrz,1Xyo4u8uXC1ZmMpatF05PJ,The Weeknd,77257554,canadian contemporary r&b|canadian pop|pop,94,2020-03-20,day,80,2024-01-08
0.323,0.737,10,-4.008,1,0.0338,0.142,0.000162,0.163,0.155,113.26,241067,4,1cKHdTo9u0ZymJdPGSh6nq,I Was Never There,37i9dQZF1DX6bnzK9KPvrz,"1Xyo4u8uXC1ZmMpatF05PJ,3hteYQFiMFbJY7wS0xDymP",The Weeknd|Gesaffelstein,77257554|549752,canadian contemporary r&b|canadian pop|pop|dark clubbing,94|71,2018-03-30,day,88,2024-01-08
0.735,0.795,11,-6.523,0,0.113,0.0296,3.18e-05,0.0678,0.905,122.0,188918,4,1nH2PkJL1XoUq8oE6tBZoU,Sacrifice,37i9dQZF1DX6bnzK9KPvrz,1Xyo4u8uXC1ZmMpatF05PJ,The Weeknd,77257554,canadian contemporary r&b|canadian pop|pop,94,2022-01-06,day,76,2024-01-08
0.828,0.621,8,-6.414,1,0.0565,0.0164,0.00233,0.0845,0.436,128.986,186173,4,0IakguBBeTUsAILmugkEam,You Right,37i9dQZF1DX6bnzK9KPvrz,"5cj0lLjcoR7YOSnhnX0Po5,1Xyo4u8uXC1ZmMpatF05PJ",Doja Cat|The Weeknd,28123408|77257554,dance pop|pop|canadian contemporary r&b|canadian pop|pop,87|94,2021-06-24,day,69,2024-01-08
0.698,0.769,8,-7.154,1,0.0368,0.0128,0.00166,0.238,0.354,121.02,339023,4,2vgUijXOTRMnWXDtvgMp2b,Take My Breath,37i9dQZF1DX6bnzK9KPvrz,1Xyo4u8uXC1ZmMpatF05PJ,The Weeknd,77257554,canadian contemporary r&b|canadian pop|pop,94,2022-01-06,day,76,2024-01-08
0.582,0.525,1,-7.163,0,0.0627,0.111,0.0,0.134,0.51,133.249,260253,4,2Ch7LmS7r2Gy2kc64wv3Bz,Die For You,37i9dQZF1DX6bnzK9KPvrz,1Xyo4u8uXC1ZmMpatF05PJ,The Weeknd,77257554,canadian contemporary r&b|canadian pop|pop,94,2016-11-25,day,85,2024-01-08
0.702,0.586,9,-7.83,0,0.0313,0.0388,7.27e-05,0.156,0.608,134.951,199111,4,0mL82sxCRjrs3br407IdJh,Is There Someone Else?,37i9dQZF1DX6bnzK9KPvrz,1Xyo4u8uXC1ZmMpatF05PJ,The Weeknd,77257554,canadian contemporary r&b|canadian pop|pop,94,2022-01-06,day,87,2024-01-08
0.65,0.76,0,-4.422,0,0.0446,0.255,0.0,0.339,0.838,93.057,214194,4,2SLwbpExuoBDZBpjfefCtV,Out of Time,37i9dQZF1DX6bnzK9KPvrz,1Xyo4u8uXC1ZmMpatF05PJ,The Weeknd,77257554,canadian contemporary r&b|canadian pop|pop,94,2022-01-06,day,80,2024-01-08
0.573,0.63,1,-8.389,1,0.105,0.189,2.31e-05,0.259,0.218,77.525,249213,4,4F7A0DXBrmUAkp32uenhZt,Party Monster,37i9dQZF1DX6bnzK9KPvrz,1Xyo4u8uXC1ZmMpatF05PJ,The Weeknd,77257554,canadian contemporary r&b|canadian pop|pop,94,2016-11-25,day,83,2024-01-08
0.658,0.671,2,-12.21,1,0.0363,0.0933,0.000927,0.115,0.166,100.966,202093,4,2vXKRlJBXyOcvZYTdNeckS,Lost in the Fire (feat. The Weeknd),37i9dQZF1DX6bnzK9KPvrz,"3hteYQFiMFbJY7wS0xDymP,1Xyo4u8uXC1ZmMpatF05PJ",Gesaffelstein|The Weeknd,549752|77257554,dark clubbing|canadian contemporary r&b|canadian pop|pop,71|94,2019-03-08,day,85,2024-01-08
0.535,0.791,0,-5.55,1,0.0327,0.00096,0.000155,0.0788,0.5,142.981,211814,4,2D4dV2KXDTszzJ3p3cFqhA,Less Than Zero,37i9dQZF1DX6bnzK9KPvrz,1Xyo4u8uXC1ZmMpatF05PJ,The Weeknd,77257554,canadian contemporary r&b|canadian pop|pop,94,2022-01-06,day,79,2024-01-08
0.732,0.678,2,-4.977,1,0.0886,0.0867,2.41e-05,0.112,0.196,100.626,211421,4,6huNf4dutXRjJyGn7f5BPS,Pray For Me,37i9dQZF1DX6bnzK9KPvrz,"1Xyo4u8uXC1ZmMpatF05PJ,2YZyLoL8N0Wb9xBt1NhZWg",The Weeknd|Kendrick Lamar,77257554|26526500,canadian contemporary r&b|canadian pop|pop|conscious hip hop|hip hop|rap|west coast rap,94|87,2021-02-05,day,82,2024-01-08
0.52,0.693,5,-7.704,1,0.0331,0.0002,2.2e-05,0.122,0.12,126.985,267505,4,1DzJbVkBELu6jDu6q0T0tk,Nothing Is Lost (You Give Me Strength),37i9dQZF1DX6bnzK9KPvrz,1Xyo4u8uXC1ZmMpatF05PJ,The Weeknd,77257554,canadian contemporary r&b|canadian pop|pop,94,2022-12-15,day,68,2024-01-08
0.606,0.57,9,-6.684,1,0.032,0.0217,8.47e-06,0.301,0.258,114.033,325305,4,00aqkszH1FdUiJJWvX6iEl,Wicked Games - Original,37i9dQZF1DX6bnzK9KPvrz,1Xyo4u8uXC1ZmMpatF05PJ,The Weeknd,77257554,canadian contemporary r&b|canadian pop|pop,94,2011-03-21,day,73,2024-01-08
0.505,0.68,7,-4.993,1,0.0714,0.0796,0.0,0.0465,0.539,168.022,235653,3,25KybV9BOUlvcnv7nN3Pyo,In The Night,37i9dQZF1DX6bnzK9KPvrz,1Xyo4u8uXC1ZmMpatF05PJ,The Weeknd,77257554,canadian contemporary r&b|canadian pop|pop,94,2015-08-28,day,78,2024-01-08
0.466,0.403,4,-10.441,0,0.0502,0.59,9.51e-05,0.1,0.0967,75.033,249102,4,2ye9iWj5V4g6k6HFeTTAKa,High For This - Original,37i9dQZF1DX6bnzK9KPvrz,1Xyo4u8uXC1ZmMpatF05PJ,The Weeknd,77257554,canadian contemporary r&b|canadian pop|pop,94,2011-03-21,day,69,2024-01-08
0.766,0.295,0,-7.893,0,0.0464,0.947,4.44e-05,0.119,0.805,136.016,188107,4,6Y46tOTRhkBamosyuWa6YX,LA FAMA,37i9dQZF1DX6bnzK9KPvrz,"7ltDVBr6mKbRvohxheJ9h1,1Xyo4u8uXC1ZmMpatF05PJ",ROSALÍA|The Weeknd,8067442|77257554,pop|r&b en espanol|canadian contemporary r&b|canadian pop|pop,78|94,2022-03-18,day,78,2024-01-08
0.372,0.478,7,-9.835,0,0.0503,0.482,0.0,0.0844,0.254,101.102,348853,4,7uJH0YdSZL6psjxI6Xy08b,Acquainted,37i9dQZF1DX6bnzK9KPvrz,1Xyo4u8uXC1ZmMpatF05PJ,The Weeknd,77257554,canadian contemporary r&b|canadian pop|pop,94,2015-08-28,day,77,2024-01-08
0.476,0.718,5,-7.227,0,0.149,0.263,0.00261,0.109,0.361,183.932,230027,4,6QdnKD1zwEgyOWtkrdzlOF,Hurt You,37i9dQZF1DX6bnzK9KPvrz,"1Xyo4u8uXC1ZmMpatF05PJ,3hteYQFiMFbJY7wS0xDymP",The Weeknd|Gesaffelstein,77257554|549752,canadian contemporary r&b|canadian pop|pop|dark clubbing,94|71,2018-03-30,day,74,2024-01-08
0.612,0.884,4,-4.113,0,0.0454,0.0759,0.00132,0.247,0.679,178.043,210795,4,58AGoOGbwsQMhBbH0eFLRR,Over Now (with The Weeknd),37i9dQZF1DX6bnzK9KPvrz,"7CajNmpbOovFoOoasH2HaY,1Xyo4u8uXC1ZmMpatF05PJ",Calvin Harris|The Weeknd,23070413|77257554,dance pop|edm|electro house|house|pop|pop dance|progressive house|uk dance|canadian contemporary r&b|canadian pop|pop,84|94,2020-08-28,day,69,2024-01-08
0.682,0.51,6,-9.987,0,0.0441,0.143,4.46e-06,0.0797,0.191,120.097,314110,4,4jBfUB4kQJCWOrjGLQqhO0,The Morning - Original,37i9dQZF1DX6bnzK9KPvrz,1Xyo4u8uXC1ZmMpatF05PJ,The Weeknd,77257554,canadian contemporary r&b|canadian pop|pop,94,2011-03-21,day,75,2024-01-08
0.456,0.679,8,-5.778,0,0.064,0.596,0.000573,0.129,0.107,92.026,221107,4,4ppTAJUbNXELZcoUaL90wo,Try Me,37i9dQZF1DX6bnzK9KPvrz,1Xyo4u8uXC1ZmMpatF05PJ,The Weeknd,77257554,canadian contemporary r&b|canadian pop|pop,94,2018-03-30,day,74,2024-01-08
0.662,0.511,0,-8.419,1,0.0342,0.00237,0.0036,0.275,0.228,88.989,407316,4,2r7BPog74oaTG5shNYiUnV,House Of Balloons / Glass Table Girls - Original,37i9dQZF1DX6bnzK9KPvrz,1Xyo4u8uXC1ZmMpatF05PJ,The Weeknd,77257554,canadian contemporary r&b|canadian pop|pop,94,2011-03-21,day,77,2024-01-08
0.517,0.677,8,-6.373,0,0.0746,0.0324,3.37e-05,0.189,0.192,173.978,220307,4,4oeaIftdpT3JuZLcCkKmVE,False Alarm,37i9dQZF1DX6bnzK9KPvrz,1Xyo4u8uXC1ZmMpatF05PJ,The Weeknd,77257554,canadian contemporary r&b|canadian pop|pop,94,2016-11-25,day,72,2024-01-08
0.507,0.644,4,-7.485,1,0.0641,0.00413,0.0,0.217,0.172,179.913,211267,4,4cbdPT6uaBOgOQe3fLMofl,Power is Power (feat. The Weeknd & Travis Scott),37i9dQZF1DX6bnzK9KPvrz,"7tYKF4w9nC0nq9CsPZTHyP,1Xyo4u8uXC1ZmMpatF05PJ,0Y5tJX1MQlPlqiwlOH1tJY,22JdJVovP3pV9XkGTih01c",SZA|The Weeknd|Travis Scott|Game of Thrones,16849233|77257554|26203362|39674,pop|r&b|rap|canadian contemporary r&b|canadian pop|pop|hip hop|rap|slap house|,88|94|91|48,2019-04-26,day,69,2024-01-08
0.542,0.72,1,-5.136,0,0.0628,0.147,0.0,0.348,0.623,149.828,231360,4,4h90qkbnW1Qq6pBhoPvwko,Sidewalks,37i9dQZF1DX6bnzK9KPvrz,"1Xyo4u8uXC1ZmMpatF05PJ,2YZyLoL8N0Wb9xBt1NhZWg",The Weeknd|Kendrick Lamar,77257554|26526500,canadian contemporary r&b|canadian pop|pop|conscious hip hop|hip hop|rap|west coast rap,94|87,2016-11-25,day,74,2024-01-08
0.766,0.788,6,-3.128,0,0.312,0.105,5.81e-06,0.142,0.609,179.984,200482,4,0GzuHFG4Ql6DoyxFRnIk3F,Hawái - Remix,37i9dQZF1DX6bnzK9KPvrz,"1r4hJ1h58CWwUQe3MxPuau,1Xyo4u8uXC1ZmMpatF05PJ",Maluma|The Weeknd,34201129|77257554,latin pop|reggaeton|reggaeton colombiano|trap latino|urbano latino|canadian contemporary r&b|canadian pop|pop,84|94,2020-11-05,day,69,2024-01-08
0.56,0.678,10,-6.167,0,0.0581,0.61,1.42e-05,0.111,0.29,122.585,220293,4,7DKS0rX27cCEPsK0R6tFWS,Wasted Times,37i9dQZF1DX6bnzK9KPvrz,1Xyo4u8uXC1ZmMpatF05PJ,The Weeknd,77257554,canadian contemporary r&b|canadian pop|pop,94,2018-03-30,day,72,2024-01-08
0.853,0.663,7,-6.955,0,0.0755,0.0431,8.71e-06,0.0891,0.864,113.998,220173,4,0ifooM33X1iBxVYyOkSbXW,A Lonely Night,37i9dQZF1DX6bnzK9KPvrz,1Xyo4u8uXC1ZmMpatF05PJ,The Weeknd,77257554,canadian contemporary r&b|canadian pop|pop,94,2016-11-25,day,69,2024-01-08
0.818,0.435,4,-8.167,0,0.322,0.0755,0.0,0.207,0.282,130.046,192000,4,73f5rpLgydSRIvHzRLcJFF,Crazy,37i9dQZF1DZ06evO359MM7,5f7VJjfbwm532GiveGC0ZK,Lil Baby,16366093,atl hip hop|atl trap|rap|trap,86,2023-12-15,day,75,2024-01-08
0.817,0.513,10,-6.263,0,0.394,0.38,0.0,0.109,0.177,123.029,203438,4,01JMnRUs2YOK6DDpdQASGY,Grace (feat. 42 Dugg),37i9dQZF1DZ06evO359MM7,"5f7VJjfbwm532GiveGC0ZK,45gHcnDnMC15sgx3VL7ROG",Lil Baby|42 Dugg,16366093|983345,atl hip hop|atl trap|rap|trap|detroit trap|southern hip hop|trap,86|70,2020-02-28,day,75,2024-01-08
0.462,0.251,4,-12.072,0,0.159,0.414,0.0,0.201,0.137,89.705,167977,3,1T4k0sw0HldDg004Kw4Oct,Forever (feat. Fridayy),37i9dQZF1DZ06evO359MM7,"5f7VJjfbwm532GiveGC0ZK,7sP4SQ0WY6jfps1I19Ot7i",Lil Baby|Fridayy,16366093|105289,atl hip hop|atl trap|rap|trap|,86|64,2022-10-14,day,72,2024-01-08
0.738,0.666,5,-6.97,0,0.455,0.00361,0.0,0.107,0.215,161.734,177789,4,6ug9fUi5oLLgQgOF1G8WkM,California Breeze,37i9dQZF1DZ06evO359MM7,5f7VJjfbwm532GiveGC0ZK,Lil Baby,16366093,atl hip hop|atl trap|rap|trap,86,2022-10-14,day,72,2024-01-08
0.849,0.581,6,-5.464,0,0.261,0.0178,0.0,0.092,0.274,142.015,217610,4,1IzJxbARcQrOWMZgPw1PNj,Go Hard,37i9dQZF1DZ06evO359MM7,5f7VJjfbwm532GiveGC0ZK,Lil Baby,16366093,atl hip hop|atl trap|rap|trap,86,2023-05-03,day,73,2024-01-08
0.442,0.737,7,-5.046,1,0.109,0.0589,0.0,0.102,0.21,112.93,218320,5,12Fkyg9lpmaz2zmKOfw2Y2,On The Road (feat. Meek Mill & Lil Baby),37i9dQZF1DZ06evO359MM7,"246dkjvS1zLTtiykXe5h60,20sxb77xiYeusSH8cVdatc,5f7VJjfbwm532GiveGC0ZK",Post Malone|Meek Mill|Lil Baby,43068815|7704881|16366093,dfw rap|melodic rap|pop|rap|hip hop|philly rap|pop rap|rap|southern hip hop|trap|atl hip hop|atl trap|rap|trap,87|73|86,2019-09-06,day,70,2024-01-08
0.876,0.528,9,-9.223,1,0.233,0.0619,0.0,0.0904,0.346,123.007,206890,4,0VJXWgw0GWsprapvlpbuyu,Okay,37i9dQZF1DZ06evO359MM7,"6vXTefBL93Dj5IqAWq6OTv,5f7VJjfbwm532GiveGC0ZK,7jAs1uPnpfNmT6e5qtEPxq",French Montana|Lil Baby|ATL Jacob,5255986|16366093|8805,hip hop|pop rap|rap|southern hip hop|trap|atl hip hop|atl trap|rap|trap|,73|86|72,2023-12-08,day,71,2024-01-08
0.775,0.485,5,-7.942,0,0.469,0.151,0.0,0.193,0.532,114.6,193953,5,42TFM7pxF8mRUJTWJdGMeS,350,37i9dQZF1DZ06evO359MM7,5f7VJjfbwm532GiveGC0ZK,Lil Baby,16366093,atl hip hop|atl trap|rap|trap,86,2023-12-15,day,70,2024-01-08
0.693,0.643,4,-5.867,0,0.0828,0.138,0.0,0.108,0.477,95.055,163450,4,2UN0lp72LAusrXi8LLVomt,2step (feat. Lil Baby),37i9dQZF1DZ06evO359MM7,"6eUKZXaKkcviH0Ku9w2n3V,5f7VJjfbwm532GiveGC0ZK",Ed Sheeran|Lil Baby,114827405|16366093,pop|singer-songwriter pop|uk pop|atl hip hop|atl trap|rap|trap,88|86,2022-04-22,day,66,2024-01-08
0.766,0.876,10,-4.256,0,0.0867,0.000979,0.000298,0.102,0.303,145.025,148966,4,0OCFIEsSrmKueOiPK6S3xq,Pepper,37i9dQZF1DZ06evO359MM7,"07CimrZi5vs9iEao47TNQ4,5f7VJjfbwm532GiveGC0ZK,5he5w2lnU9x7JFhnwcekXX",Flowdan|Lil Baby|Skrillex,77172|16366093|7880238,grime|atl hip hop|atl trap|rap|trap|brostep|complextro|edm|electro|pop dance,65|86|75,2023-10-13,day,69,2024-01-08
0.9,0.846,0,-4.884,1,0.224,0.025,0.0,0.204,0.851,129.966,188607,4,6A9wHAasMxed0firnDao1K,No Sucker (feat. Moneybagg Yo),37i9dQZF1DZ06evO359MM7,"5f7VJjfbwm532GiveGC0ZK,3tJoFztHeIJkJWMrx0td2f",Lil Baby|Moneybagg Yo,16366093|4237863,atl hip hop|atl trap|rap|trap|memphis hip hop|rap|southern hip hop|tennessee hip hop|trap,86|74,2020-02-28,day,69,2024-01-08
0.626,0.583,4,-6.102,0,0.334,0.0279,0.0,0.112,0.133,113.42,200471,5,31lopd32BkJBTSgYE16c5e,In A Minute,37i9dQZF1DZ06evO359MM7,5f7VJjfbwm532GiveGC0ZK,Lil Baby,16366093,atl hip hop|atl trap|rap|trap,86,2022-10-14,day,68,2024-01-08
0.883,0.599,11,-5.551,1,0.248,0.0177,0.0,0.179,0.413,142.976,183011,4,02RCbjb9czvQKNGBmEmWob,Woah,37i9dQZF1DZ06evO359MM7,5f7VJjfbwm532GiveGC0ZK,Lil Baby,16366093,atl hip hop|atl trap|rap|trap,86,2020-02-28,day,67,2024-01-08
0.776,0.557,2,-7.441,1,0.545,0.0496,0.0,0.112,0.284,156.978,198722,4,4OkFBMU18NidtaefaTjUq1,Real Spill,37i9dQZF1DZ06evO359MM7,5f7VJjfbwm532GiveGC0ZK,Lil Baby,16366093,atl hip hop|atl trap|rap|trap,86,2022-10-14,day,68,2024-01-08
0.634,0.455,1,-10.13,1,0.195,0.261,1.94e-06,0.23,0.221,161.928,197040,4,6dbENHQHHtWRai4snSvy2w,Always n Forever (feat. Lil Baby),37i9dQZF1DZ06evO359MM7,"7HO5fOXE4gh3lzZn64tX2E,5f7VJjfbwm532GiveGC0ZK",Mariah the Scientist|Lil Baby,306572|16366093,alternative r&b|atl hip hop|atl trap|rap|trap,63|86,2021-07-09,day,65,2024-01-08
0.76,0.755,6,-4.735,0,0.19,0.0163,2.95e-06,0.0909,0.517,101.993,171647,4,6Vdyu21iT8qScU1haSjWUU,"Leave Em Alone (Layton Greene, Lil Baby feat. City Girls, PnB Rock)",37i9dQZF1DZ06evO359MM7,"6i392l38cR3uBPF0DbNs7S,02ZtVIjKL1PYLlMmP1sz0h,5f7VJjfbwm532GiveGC0ZK,37hAfseJWi0G3Scife12Il,21WS9wngs9AqFckK7yYJPM",Quality Control|Layton Greene|Lil Baby|City Girls|PnB Rock,1316469|468957|16366093|2463009|4060422,melodic rap|trap|pop r&b|atl hip hop|atl trap|rap|trap|scam rap|trap queen|melodic rap|rap|trap,64|55|86|64|67,2019-08-16,day,68,2024-01-08
0.829,0.52,8,-10.34,1,0.294,0.0232,0.0,0.134,0.248,136.103,194118,4,65jw6GhwQW3Db55PxlPEpS,Be Something,37i9dQZF1DZ06evO359MM7,"6AgTAQt8XS6jRWi4sX7w49,5f7VJjfbwm532GiveGC0ZK",Polo G|Lil Baby,10657935|16366093,chicago rap|rap|atl hip hop|atl trap|rap|trap,80|86,2020-05-15,day,66,2024-01-08
0.857,0.427,8,-8.638,1,0.112,0.281,0.0,0.108,0.366,130.033,162453,4,5JtvedSVWW9McnoEAPJwQm,Sex Sounds,37i9dQZF1DZ06evO3Jd2qq,6jGMq4yGs7aQzuGsMgVgZR,Lil Tjay,7762838,brooklyn drill|melodic rap|nyc rap|rap,78,2019-10-11,day,79,2024-01-08
0.656,0.364,11,-10.913,1,0.0824,0.582,0.0,0.252,0.427,96.971,232092,4,5ybZcAwqUF7i9gwABLeXzs,2 Grown (feat. The Kid LAROI),37i9dQZF1DZ06evO3Jd2qq,"6jGMq4yGs7aQzuGsMgVgZR,2tIP7SsRs7vjIcLrU85W8J",Lil Tjay|The Kid LAROI,7762838|5025586,brooklyn drill|melodic rap|nyc rap|rap|australian hip hop,78|80,2023-07-14,day,73,2024-01-08
0.691,0.656,10,-5.673,0,0.0679,0.222,0.00111,0.153,0.393,89.467,159331,4,6PQK1Y3Dl6dym9pj0y9Chy,Give You What You Want,37i9dQZF1DZ06evO3Jd2qq,6jGMq4yGs7aQzuGsMgVgZR,Lil Tjay,7762838,brooklyn drill|melodic rap|nyc rap|rap,78,2022-11-11,day,71,2024-01-08
0.76,0.615,5,-9.36,0,0.33,0.072,0.0,0.0571,0.351,148.014,168653,4,4uu7gKd1PffC7QEMcMk0Ro,One Take,37i9dQZF1DZ06evO3Jd2qq,6jGMq4yGs7aQzuGsMgVgZR,Lil Tjay,7762838,brooklyn drill|melodic rap|nyc rap|rap,78,2019-10-11,day,70,2024-01-08
0.644,0.504,2,-8.145,1,0.162,0.237,2.55e-06,0.138,0.302,94.04,144344,4,2mNaugzeRDyAq991bw4nqv,Stressed (feat. Summer Walker),37i9dQZF1DZ06evO3Jd2qq,"6jGMq4yGs7aQzuGsMgVgZR,57LYzLEk2LcFghVwuWbcuS",Lil Tjay|Summer Walker,7762838|5871705,brooklyn drill|melodic rap|nyc rap|rap|r&b|rap,78|78,2023-07-14,day,68,2024-01-08
0.72,0.636,6,-6.793,0,0.219,0.147,0.0,0.112,0.504,140.002,152218,4,0wdlLb695gFP3CSiUAqxls,Project Walls (feat. YoungBoy Never Broke Again),37i9dQZF1DZ06evO3Jd2qq,"6jGMq4yGs7aQzuGsMgVgZR,7wlFDEWiM5OoIAt8RSli8b",Lil Tjay|YoungBoy Never Broke Again,7762838|12248282,brooklyn drill|melodic rap|nyc rap|rap|baton rouge rap|rap,78|82,2023-07-14,day,67,2024-01-08
0.7,0.776,10,-3.568,0,0.288,0.253,0.0,0.0856,0.745,88.943,151321,4,54iyLNmcnLWNdCqX5pdtuL,Friends - Remix,37i9dQZF1DZ06evO3Jd2qq,"5XJDexmWFLWOkjOEjOVX3e,6jGMq4yGs7aQzuGsMgVgZR,4axKuDPr6WKcDCyh8vueTY",Eladio Carrion|Lil Tjay|Luar La L,5807848|7762838|659168,trap boricua|trap latino|trap triste|urbano latino|brooklyn drill|melodic rap|nyc rap|rap|trap latino|urbano latino,81|78|73,2023-03-17,day,67,2024-01-08
0.545,0.82,8,-4.489,1,0.275,0.0951,0.0,0.29,0.357,141.908,150476,4,25GyyK9CyZRiDCsPY51fIT,Not In The Mood (feat. Fivio Foreign & Kay Flock),37i9dQZF1DZ06evO3Jd2qq,"6jGMq4yGs7aQzuGsMgVgZR,14CHVeJGrR5xgUGQFV5BVM,2AMeiDbfU2vonrTkpXDKUu",Lil Tjay|Fivio Foreign|Kay Flock,7762838|1223960|719263,brooklyn drill|melodic rap|nyc rap|rap|brooklyn drill|new york drill|trap|bronx drill|melodic drill|new york drill,78|69|64,2021-10-22,day,69,2024-01-08
0.786,0.493,1,-6.64,0,0.0447,0.0567,6e-06,0.31,0.0616,129.974,182145,4,6ekXhxSuvpfGi7xR99Whzd,Scared 2 Be Lonely,37i9dQZF1DZ06evO3Jd2qq,6jGMq4yGs7aQzuGsMgVgZR,Lil Tjay,7762838,brooklyn drill|melodic rap|nyc rap|rap,78,2023-07-14,day,64,2024-01-08
0.712,0.404,5,-7.594,0,0.12,0.32,0.0,0.121,0.548,139.991,222367,4,2ULQtFHTzUK0DqcqWUlXxw,Love Hurts (feat. Toosii),37i9dQZF1DZ06evO3Jd2qq,"6jGMq4yGs7aQzuGsMgVgZR,6BH1xcDkwbbyrLMUKECsW1",Lil Tjay|Toosii,7762838|1570531,brooklyn drill|melodic rap|nyc rap|rap|north carolina hip hop,78|66,2021-04-02,day,67,2024-01-08
0.873,0.588,1,-7.195,1,0.278,0.126,0.0,0.0927,0.727,147.067,160057,4,7jr6fz888xjUlsAD2tZzKR,Gangsta Boo (with Lil Tjay),37i9dQZF1DZ06evO3Jd2qq,"3LZZPxNDGDFVSIPqf4JuEf,6jGMq4yGs7aQzuGsMgVgZR",Ice Spice|Lil Tjay,2658420|7762838,bronx drill|brooklyn drill|melodic rap|nyc rap|rap,76|78,2023-07-21,day,68,2024-01-08
0.521,0.592,9,-9.801,1,0.134,0.0489,0.0,0.267,0.356,129.754,244573,4,395WRTyNwMGx80cDXqg6vM,Ruthless (feat. Jay Critch),37i9dQZF1DZ06evO3Jd2qq,"6jGMq4yGs7aQzuGsMgVgZR,6Av6GMCOznZIlHuNcBWgf4",Lil Tjay|Jay Critch,7762838|699679,brooklyn drill|melodic rap|nyc rap|rap|nyc rap|trap,78|56,2019-10-11,day,65,2024-01-08
0.729,0.768,6,-7.012,0,0.133,0.0787,2.17e-06,0.107,0.553,148.08,146967,4,1xHcIJHIHwr2PUyTmFTWTy,Bla Bla (feat. Fivio Foreign),37i9dQZF1DZ06evO3Jd2qq,"6jGMq4yGs7aQzuGsMgVgZR,14CHVeJGrR5xgUGQFV5BVM",Lil Tjay|Fivio Foreign,7762838|1223960,brooklyn drill|melodic rap|nyc rap|rap|brooklyn drill|new york drill|trap,78|69,2023-07-14,day,65,2024-01-08
0.71,0.687,1,-2.552,1,0.0703,0.218,0.0,0.134,0.527,147.086,156821,4,7soBkLenwWM7kB92cuyl04,Pain Talk (feat. Lil Tjay),37i9dQZF1DZ06evO3Jd2qq,"6EPlBSH2RSiettczlz7ihV,6jGMq4yGs7aQzuGsMgVgZR",Sleepy Hallow|Lil Tjay,1724554|7762838,brooklyn drill|nyc rap|brooklyn drill|melodic rap|nyc rap|rap,75|78,2023-05-24,day,62,2024-01-08
0.812,0.517,1,-8.524,1,0.0983,0.0708,0.0,0.104,0.17,130.041,147691,4,02WbmXcfVEPDOZH91K8OtL,I Should've Known (feat. Kyle Richh),37i9dQZF1DZ06evO3Jd2qq,"6jGMq4yGs7aQzuGsMgVgZR,0hF6lbAjRsq4svrQUr5sgU",Lil Tjay|Kyle Richh,7762838|213652,brooklyn drill|melodic rap|nyc rap|rap|new york drill,78|67,2023-10-20,day,62,2024-01-08
0.685,0.667,11,-6.195,0,0.327,0.122,0.0,0.716,0.304,159.998,190320,4,6Yt0M7Q8apD5sxtgYry7wK,June 22nd,37i9dQZF1DZ06evO3Jd2qq,6jGMq4yGs7aQzuGsMgVgZR,Lil Tjay,7762838,brooklyn drill|melodic rap|nyc rap|rap,78,2023-07-14,day,64,2024-01-08
0.597,0.434,11,-10.161,0,0.648,0.613,0.0,0.093,0.6,80.233,99755,4,7pfTDBYbiNqQxOUOMww9tO,Nuf Said,37i9dQZF1DZ06evO3Jd2qq,6jGMq4yGs7aQzuGsMgVgZR,Lil Tjay,7762838,brooklyn drill|melodic rap|nyc rap|rap,78,2021-04-02,day,59,2024-01-08
0.624,0.528,9,-9.368,1,0.31,0.337,0.0,0.0877,0.683,157.83,170925,4,3TDWIXarI4pfCrjXKr7RtQ,Suicide (with Lil Tjay),37i9dQZF1DZ06evO3Jd2qq,"6AgTAQt8XS6jRWi4sX7w49,6jGMq4yGs7aQzuGsMgVgZR",Polo G|Lil Tjay,10657935|7762838,chicago rap|rap|brooklyn drill|melodic rap|nyc rap|rap,80|78,2021-12-03,day,61,2024-01-08
0.65,0.778,1,-4.226,0,0.134,0.221,0.0,0.0695,0.6,141.849,223120,4,0JhonNQL2ixH1JcsgEj4Hn,War,37i9dQZF1DZ06evO3Jd2qq,"0eDvMgVFoNV3TpwtrVCoTj,6jGMq4yGs7aQzuGsMgVgZR",Pop Smoke|Lil Tjay,13520053|7762838,brooklyn drill|rap|brooklyn drill|melodic rap|nyc rap|rap,79|78,2019-10-04,day,64,2024-01-08
0.767,0.492,5,-9.364,0,0.308,0.0264,0.0,0.311,0.194,151.986,202520,4,6GiOnqCGSAlSFDJeE175If,Long Time,37i9dQZF1DZ06evO3Jd2qq,6jGMq4yGs7aQzuGsMgVgZR,Lil Tjay,7762838,brooklyn drill|melodic rap|nyc rap|rap,78,2018-12-21,day,61,2024-01-08
0.726,0.414,9,-12.296,0,0.269,0.406,0.0,0.0713,0.47,150.009,179252,4,32ypPhtgTaETvFn3ZIHXTW,Fade Away,37i9dQZF1DZ06evO3Jd2qq,"2tIP7SsRs7vjIcLrU85W8J,6jGMq4yGs7aQzuGsMgVgZR",The Kid LAROI|Lil Tjay,5025586|7762838,australian hip hop|brooklyn drill|melodic rap|nyc rap|rap,80|78,2020-04-17,day,61,2024-01-08
0.758,0.581,1,-8.032,0,0.427,0.314,0.0,0.141,0.157,123.391,218144,5,1yrhouFL3RSdUj9KfPDhoW,Hood Scars 2 (with Lil Tjay),37i9dQZF1DZ06evO3Jd2qq,"2eqoJbzUGDwys5ENUkbT3h,6jGMq4yGs7aQzuGsMgVgZR",J.I the Prince of N.Y|Lil Tjay,1001515|7762838,nyc rap|brooklyn drill|melodic rap|nyc rap|rap,59|78,2020-06-19,day,61,2024-01-08
0.785,0.647,5,-5.747,1,0.0381,0.0718,0.0,0.173,0.399,138.085,164679,4,3fO79znP8PGK3E9lxv2rlo,Same Friends (with Lil Tjay),37i9dQZF1DZ06evO3Jd2qq,"1hmTCch4tWOJmdqkf8nSRA,6jGMq4yGs7aQzuGsMgVgZR",charlieonnafriday|Lil Tjay,307562|7762838,singer-songwriter pop|brooklyn drill|melodic rap|nyc rap|rap,62|78,2023-03-31,day,59,2024-01-08
0.732,0.672,10,-8.462,0,0.148,0.0642,0.0,0.121,0.16,137.03,140601,4,1wNdGz7BlB9kH5lDc1eLLb,Goin Up,37i9dQZF1DZ06evO3Jd2qq,6jGMq4yGs7aQzuGsMgVgZR,Lil Tjay,7762838,brooklyn drill|melodic rap|nyc rap|rap,78,2022-04-29,day,59,2024-01-08
0.764,0.774,5,-2.871,0,0.202,0.0178,0.0,0.113,0.597,149.952,168980,4,6UHfW9PmGAUjIVeIkPzPQ2,Only The Team (with Lil Mosey & Lil Tjay),37i9dQZF1DZ06evO3Jd2qq,"1fctva4kpRbg2k3v7kwRuS,5zctI4wO9XSKS8XwcnqEHk,6jGMq4yGs7aQzuGsMgVgZR",Rvssian|Lil Mosey|Lil Tjay,2520986|5330351|7762838,reggaeton|reggaeton flow|trap latino|urbano latino|melodic rap|rap conscient|brooklyn drill|melodic rap|nyc rap|rap,65|67|78,2020-03-11,day,60,2024-01-08
0.701,0.645,8,-3.084,0,0.164,0.0274,0.000174,0.327,0.576,107.955,191904,3,0w1x05XBSRIuVmKd3D0IPd,Wet Em Up Pt. 2,37i9dQZF1DZ06evO3Jd2qq,"6jGMq4yGs7aQzuGsMgVgZR,1tG7s7S4sq2eFFW0QZyLbm,6EPlBSH2RSiettczlz7ihV",Lil Tjay|Sheff G|Sleepy Hallow,7762838|989829|1724554,brooklyn drill|melodic rap|nyc rap|rap|brooklyn drill|new york drill|nyc rap|brooklyn drill|nyc rap,78|67|75,2020-05-08,day,59,2024-01-08
0.869,0.62,9,-5.308,1,0.191,0.36,0.0,0.103,0.961,148.041,201081,4,5ChX0Yt1wPpRJFPPecJZPh,Dreams Unfold,37i9dQZF1DZ06evO3Jd2qq,"6C1ohJrd5VydigQtaGy5Wa,6jGMq4yGs7aQzuGsMgVgZR",Joyner Lucas|Lil Tjay,2136609|7762838,boston hip hop|hip hop|pop rap|rap|brooklyn drill|melodic rap|nyc rap|rap,68|78,2021-08-25,day,59,2024-01-08
0.547,0.616,1,-7.505,1,0.195,0.0221,0.0,0.12,0.308,100.01,192133,4,2OvqbosjvY48JgqmySJ2l2,High Price (with Lil Tjay),37i9dQZF1DZ06evO3Jd2qq,"44vREmJC0OlVZjZaGLqVEd,6jGMq4yGs7aQzuGsMgVgZR",Morray|Lil Tjay,232794|7762838,pop rap|brooklyn drill|melodic rap|nyc rap|rap,61|78,2023-03-31,day,57,2024-01-08
0.782,0.644,1,-5.559,0,0.162,0.265,0.0,0.122,0.434,129.972,180234,4,62uolmVjOio9xIfwDM1ZvC,All Star (with Lil Tjay),37i9dQZF1DZ06evO3Jd2qq,"4Ga1P7PMIsmqEZqhYZQgDo,6jGMq4yGs7aQzuGsMgVgZR",Lil Tecca|Lil Tjay,6789664|7762838,melodic rap|pluggnb|rap|brooklyn drill|melodic rap|nyc rap|rap,80|78,2020-03-13,day,58,2024-01-08
0.799,0.698,9,-5.947,0,0.169,0.125,0.0,0.0778,0.799,121.998,254963,4,4YrS33mjBWWchoLJTkAKwt,Go In,37i9dQZF1DZ06evO3Jd2qq,6jGMq4yGs7aQzuGsMgVgZR,Lil Tjay,7762838,brooklyn drill|melodic rap|nyc rap|rap,78,2019-12-13,day,59,2024-01-08
0.697,0.506,1,-8.488,0,0.199,0.683,1.03e-06,0.126,0.147,143.09,134494,4,75Pos7nHiygbxinaGoEju8,MELODY,37i9dQZF1DZ06evO3Jd2qq,"1tG7s7S4sq2eFFW0QZyLbm,6jGMq4yGs7aQzuGsMgVgZR",Sheff G|Lil Tjay,989829|7762838,brooklyn drill|new york drill|nyc rap|brooklyn drill|melodic rap|nyc rap|rap,67|78,2020-07-17,day,55,2024-01-08
0.868,0.673,2,-7.331,1,0.196,0.0309,1.04e-05,0.316,0.557,119.016,237983,4,6ApEaAL5iuN3cOwSoAbY1d,"Vroom - The FaNaTiX, Idris Elba, Lil Tjay, Davido, Koffee, Moelogo| PS5, PS4 - from GRAN TURISMO 7",37i9dQZF1DZ06evO3Jd2qq,"3pZyDeGMNPAWHdFe2K4ud1,0Dc2rdPzleezxhvQhQbXuS,6jGMq4yGs7aQzuGsMgVgZR,0Y3agQaa6g2r0YmHPOO9rh,1gWjcmBsveEYMxOZ0VRi32,6mctsJBrfcWvWH7S8h716D",The FaNaTiX|Idris Elba|Lil Tjay|Davido|Koffee|Moelogo,4908|123671|7762838|4177849|697420|10197,|uk tech house|brooklyn drill|melodic rap|nyc rap|rap|afrobeats|afropop|azontobeats|ghanaian hip hop|nigerian pop|dancehall|dancehall queen|jamaican dancehall|modern reggae|afrobeats|nigerian pop,41|53|78|72|56|43,2022-03-01,day,59,2024-01-08
0.784,0.473,8,-6.139,1,0.0523,0.33,0.0,0.278,0.635,128.014,204434,4,2cny5OSTr2976U3o018GoV,[The Jackie] (with J. Cole & Lil Tjay),37i9dQZF1DZ06evO3Jd2qq,"70gP6Ry4Uo0Yx6uzPIdaiJ,6l3HvQ5sa6mXTsMTB19rO5,6jGMq4yGs7aQzuGsMgVgZR",Bas|J. Cole|Lil Tjay,545807|22394288|7762838,queens hip hop|rap|sudanese hip hop|sudanese pop|underground hip hop|conscious hip hop|hip hop|north carolina hip hop|rap|brooklyn drill|melodic rap|nyc rap|rap,66|86|78,2022-04-15,day,60,2024-01-08
0.735,0.489,7,-10.021,0,0.0497,0.0216,0.0,0.0977,0.327,120.007,160000,4,5zOm9ZAuAiJMb5G6uXGVlu,Best Friends 4L (feat. Lil Tjay),37i9dQZF1DZ06evO3Jd2qq,"1cNDP5yjU5vjeR8qMf4grg,6jGMq4yGs7aQzuGsMgVgZR",YNW Melly|Lil Tjay,9987188|7762838,melodic rap|rap|brooklyn drill|melodic rap|nyc rap|rap,72|78,2021-08-13,day,54,2024-01-08
0.756,0.582,11,-7.726,1,0.0343,0.0592,0.0,0.161,0.605,134.07,218489,4,1fXnu2HzxbDtoyvFPWG3Bw,Stand By Me (feat. Morgan Wallen),37i9dQZF1DZ06evO1TN1C0,"3hcs9uc56yIGFCSy9leWe7,4oUHIQIBe0LHzYfvXNW4QM",Lil Durk|Morgan Wallen,6859221|8124877,chicago drill|chicago rap|drill|hip hop|rap|trap|contemporary country,81|86,2023-05-26,day,77,2024-01-08
0.659,0.745,10,-3.599,1,0.0347,0.0417,0.0,0.296,0.54,74.967,185600,4,7qTaDOcld0VmBWXnkbUj45,Broadway Girls (feat. Morgan Wallen),37i9dQZF1DZ06evO1TN1C0,"3hcs9uc56yIGFCSy9leWe7,4oUHIQIBe0LHzYfvXNW4QM",Lil Durk|Morgan Wallen,6859221|8124877,chicago drill|chicago rap|drill|hip hop|rap|trap|contemporary country,81|86,2022-03-10,day,76,2024-01-08
0.774,0.711,11,-7.97,0,0.18,0.243,0.00052,0.0732,0.612,125.14,161771,4,2HbTwmup8SWz5tMcKZXFLh,Big FU,37i9dQZF1DZ06evO1TN1C0,"1Cs0zKBU1kc0i8ypK3B9ai,3ZpEKRjHaHANcpk10u6Ntq,3hcs9uc56yIGFCSy9leWe7",David Guetta|Ayra Starr|Lil Durk,26011039|2318292|6859221,big room|dance pop|edm|pop|pop dance|afrobeats|chicago drill|chicago rap|drill|hip hop|rap|trap,87|72|81,2023-10-27,day,72,2024-01-08
0.844,0.641,8,-4.893,0,0.363,0.014,3.27e-06,0.289,0.213,156.928,194980,4,6V20oVETqPBJ4suIEoEkIY,Crazy Story (feat. Lil Durk) - Remix,37i9dQZF1DZ06evO1TN1C0,"6QtgPSJPSzcnn7dPZ4VINp,3hcs9uc56yIGFCSy9leWe7",King Von|Lil Durk,3799451|6859221,chicago rap|chicago drill|chicago rap|drill|hip hop|rap|trap,75|81,2019-09-20,day,72,2024-01-08
0.743,0.714,8,-6.024,0,0.105,0.0126,0.0,0.0901,0.749,138.595,124906,4,52WWw9qNZXZZtWU336TtKG,Cross The Globe (feat. Juice WRLD),37i9dQZF1DZ06evO1TN1C0,"3hcs9uc56yIGFCSy9leWe7,4MCBfE4596Uoi2O4DtmEMz",Lil Durk|Juice WRLD,6859221|32077469,chicago drill|chicago rap|drill|hip hop|rap|trap|chicago rap|melodic rap|rap,81|87,2023-05-26,day,69,2024-01-08
0.87,0.563,5,-8.373,1,0.451,0.0173,0.0,0.119,0.725,159.931,151000,4,0rk2IHFiHFnO7t0jvAeHW9,Back Again (feat. Lil Durk),37i9dQZF1DZ06evO1TN1C0,"6QtgPSJPSzcnn7dPZ4VINp,01Zk9dhjhxQNqje6GrKJ3d,3hcs9uc56yIGFCSy9leWe7",King Von|Prince Dre|Lil Durk,3799451|32435|6859221,chicago rap|chicago drill|chicago rap|drill|chicago drill|chicago rap|drill|hip hop|rap|trap,75|50|81,2020-10-30,day,70,2024-01-08
0.841,0.672,1,-5.557,0,0.371,0.0122,0.0,0.321,0.599,157.026,146845,4,53tv6ZbyeAwfAUwFaxYbfO,Hellcats & Trackhawks,37i9dQZF1DZ06evO1TN1C0,"3IaKn0ExWTMPqa0mscUYw3,3hcs9uc56yIGFCSy9leWe7",Only The Family|Lil Durk,429149|6859221,chicago rap|chicago drill|chicago rap|drill|hip hop|rap|trap,64|81,2021-03-05,day,72,2024-01-08
0.734,0.602,2,-7.304,1,0.229,0.00242,0.0,0.0993,0.279,83.486,160975,4,7CSxAriQKhvmM7Bu12fm5e,Big Dawg (feat. Chief Wuk),37i9dQZF1DZ06evO1TN1C0,"3hcs9uc56yIGFCSy9leWe7,2Hm8pRagdhRNFBbCiGaJEI",Lil Durk|chief wuk,6859221|3278,chicago drill|chicago rap|drill|hip hop|rap|trap|,81|53,2023-05-26,day,71,2024-01-08
0.669,0.584,1,-6.141,1,0.287,0.602,0.0,0.109,0.353,185.996,125726,4,7FRkzDzvNJZKUivOTyAmdp,Internet Sensation,37i9dQZF1DZ06evO1TN1C0,3hcs9uc56yIGFCSy9leWe7,Lil Durk,6859221,chicago drill|chicago rap|drill|hip hop|rap|trap,81,2020-05-08,day,67,2024-01-08
0.732,0.6,6,-9.057,0,0.241,0.00385,0.000114,0.112,0.436,167.973,160203,4,4muwDurKeVOB1WBjTVRWlD,War Bout It (feat. 21 Savage),37i9dQZF1DZ06evO1TN1C0,"3hcs9uc56yIGFCSy9leWe7,1URnnhqYAYcrqrcwql10ft",Lil Durk|21 Savage,6859221|16213669,chicago drill|chicago rap|drill|hip hop|rap|trap|atl hip hop|hip hop|rap,81|89,2023-05-26,day,69,2024-01-08
0.793,0.462,5,-7.495,0,0.119,0.00522,0.0,0.191,0.356,145.962,144787,4,4g27tVPyGHi38dczFoJZZy,All These Niggas (feat. Lil Durk),37i9dQZF1DZ06evO1TN1C0,"6QtgPSJPSzcnn7dPZ4VINp,3hcs9uc56yIGFCSy9leWe7",King Von|Lil Durk,3799451|6859221,chicago rap|chicago drill|chicago rap|drill|hip hop|rap|trap,75|81,2020-10-30,day,67,2024-01-08
0.898,0.64,5,-8.796,0,0.255,0.0212,0.0,0.0919,0.68,149.988,153600,4,2i2qDe3dnTl6maUE31FO7c,Mad Max,37i9dQZF1DZ06evO1TN1C0,"3hcs9uc56yIGFCSy9leWe7,1RyvyyTE3xzB2ZywiAwp0i",Lil Durk|Future,6859221|15692678,chicago drill|chicago rap|drill|hip hop|rap|trap|atl hip hop|hip hop|rap|southern hip hop|trap,81|88,2022-12-16,day,70,2024-01-08
0.593,0.724,2,-7.162,1,0.33,0.0896,0.0,0.648,0.58,81.308,217914,4,3DFkDKoILOZ3an5oJzKDNZ,Smurk Carter,37i9dQZF1DZ06evO1TN1C0,"3hcs9uc56yIGFCSy9leWe7,3IaKn0ExWTMPqa0mscUYw3",Lil Durk|Only The Family,6859221|429149,chicago drill|chicago rap|drill|hip hop|rap|trap|chicago rap,81|64,2023-11-10,day,65,2024-01-08
0.825,0.497,1,-11.278,1,0.376,0.0286,0.0,0.111,0.536,171.95,156313,4,24zmKlJp1LlIRpagSbMaRY,I'm The Type,37i9dQZF1DZ06evO1TN1C0,"3hcs9uc56yIGFCSy9leWe7,2Hm8pRagdhRNFBbCiGaJEI,3IaKn0ExWTMPqa0mscUYw3",Lil Durk|chief wuk|Only The Family,6859221|3278|429149,chicago drill|chicago rap|drill|hip hop|rap|trap||chicago rap,81|53|64,2023-11-17,day,65,2024-01-08
0.798,0.792,1,-4.881,1,0.186,0.0164,0.000382,0.0888,0.598,160.003,144000,4,737qboVuEkiDl2DmoU89Qk,Triflin Hoes,37i9dQZF1DZ06evO1TN1C0,3hcs9uc56yIGFCSy9leWe7,Lil Durk,6859221,chicago drill|chicago rap|drill|hip hop|rap|trap,81,2020-05-08,day,65,2024-01-08
0.688,0.842,2,-4.211,1,0.264,0.0499,0.0,0.241,0.416,159.897,185856,4,0P2P1AxcRYhiZvoF5MyRmM,Rumors (feat. Lil Durk),37i9dQZF1DZ06evO1TN1C0,"13y7CgLHjMVRMDqxdx0Xdo,3hcs9uc56yIGFCSy9leWe7",Gucci Mane|Lil Durk,5220799|6859221,atl hip hop|dirty south rap|hip hop|pop rap|rap|southern hip hop|trap|chicago drill|chicago rap|drill|hip hop|rap|trap,76|81,2022-01-25,day,67,2024-01-08
0.877,0.599,1,-7.901,1,0.298,0.0447,0.0,0.11,0.305,149.989,115320,4,3gG6t4xCPtnTskhpRFFsqO,Evil Twins,37i9dQZF1DZ06evO1TN1C0,"6QtgPSJPSzcnn7dPZ4VINp,3hcs9uc56yIGFCSy9leWe7",King Von|Lil Durk,3799451|6859221,chicago rap|chicago drill|chicago rap|drill|hip hop|rap|trap,75|81,2022-03-04,day,63,2024-01-08
0.775,0.657,4,-7.641,0,0.659,0.0473,0.0,0.0915,0.439,180.035,122667,5,6to1tNRE8t1WuTSdvDnsmw,Down Me,37i9dQZF1DZ06evO1TN1C0,"6QtgPSJPSzcnn7dPZ4VINp,3hcs9uc56yIGFCSy9leWe7",King Von|Lil Durk,3799451|6859221,chicago rap|chicago drill|chicago rap|drill|hip hop|rap|trap,75|81,2020-03-06,day,63,2024-01-08
0.788,0.628,11,-5.746,0,0.12,0.00715,0.0,0.132,0.479,104.083,166911,4,62nb5YUYUqtYJhVPwRhCke,How It Feels,37i9dQZF1DZ06evO1TN1C0,"5f7VJjfbwm532GiveGC0ZK,3hcs9uc56yIGFCSy9leWe7",Lil Baby|Lil Durk,16366093|6859221,atl hip hop|atl trap|rap|trap|chicago drill|chicago rap|drill|hip hop|rap|trap,86|81,2021-06-04,day,64,2024-01-08
0.871,0.545,0,-8.279,1,0.695,0.000826,0.0,0.0779,0.3,160.097,175533,4,6z1nMCq1HJSZ78u2jYtrDT,Twin Nem (feat. Lil Durk),37i9dQZF1DZ06evO1TN1C0,"6QtgPSJPSzcnn7dPZ4VINp,3hcs9uc56yIGFCSy9leWe7",King Von|Lil Durk,3799451|6859221,chicago rap|chicago drill|chicago rap|drill|hip hop|rap|trap,75|81,2019-09-20,day,64,2024-01-08
0.586,0.474,2,-9.21,0,0.18,0.334,0.0,0.118,0.146,91.105,205702,4,4O7FYAjDATiyylfIIAuRNE,24 Hours (feat. Lil Durk) [Bonus],37i9dQZF1DZ06evO1TN1C0,"31W5EY0aAly4Qieq6OFu6I,3hcs9uc56yIGFCSy9leWe7",A Boogie Wit da Hoodie|Lil Durk,7919751|6859221,melodic rap|rap|trap|chicago drill|chicago rap|drill|hip hop|rap|trap,79|81,2021-12-10,day,64,2024-01-08
0.823,0.636,11,-7.239,0,0.0612,0.0168,0.0,0.108,0.5,151.978,205893,4,1a7tOEheXeaSNathZW4Gzk,Hanging With Wolves,37i9dQZF1DZ06evO1TN1C0,3hcs9uc56yIGFCSy9leWe7,Lil Durk,6859221,chicago drill|chicago rap|drill|hip hop|rap|trap,81,2022-12-09,day,64,2024-01-08
0.756,0.698,6,-5.464,1,0.178,0.0849,0.0,0.221,0.66,77.497,247714,4,1geOe7YkJHbsoRdNU0IvGS,Rich MF (feat. Lil Durk),37i9dQZF1DZ06evO1TN1C0,"6Xgp2XMz1fhVYe7i6yNAax,6AgTAQt8XS6jRWi4sX7w49,3hcs9uc56yIGFCSy9leWe7",Trippie Redd|Polo G|Lil Durk,9249721|10657935|6859221,melodic rap|rap|trap|chicago rap|rap|chicago drill|chicago rap|drill|hip hop|rap|trap,80|80|81,2021-08-20,day,67,2024-01-08
0.638,0.557,1,-7.391,1,0.126,0.000959,0.0,0.0921,0.102,160.081,192048,4,7nGY6TG3NF8MNdUOT2wJA4,F*ck U Thought,37i9dQZF1DZ06evO1TN1C0,3hcs9uc56yIGFCSy9leWe7,Lil Durk,6859221,chicago drill|chicago rap|drill|hip hop|rap|trap,81,2023-08-18,day,63,2024-01-08
0.469,0.613,11,-6.556,1,0.335,0.0747,0.0,0.205,0.135,72.434,235015,1,6MSyik7EzWsHQjTOPLFBrr,Rich Off Pain (feat. Rod Wave),37i9dQZF1DZ06evO1TN1C0,"5f7VJjfbwm532GiveGC0ZK,3hcs9uc56yIGFCSy9leWe7,45TgXXqMDdF8BkjA83OM7z",Lil Baby|Lil Durk|Rod Wave,16366093|6859221|6330231,atl hip hop|atl trap|rap|trap|chicago drill|chicago rap|drill|hip hop|rap|trap|florida rap,86|81|79,2021-06-04,day,62,2024-01-08
0.703,0.671,1,-4.334,0,0.167,0.0495,0.0,0.158,0.507,146.028,276987,4,4fFHFp2cadSc397kr5wPbx,Vultures,37i9dQZF1DZ06evO1TN1C0,"4xPQFgDA5M2xa0ZGo5iIsv,5K4W6rqBFWDnAN6FQUkS6x,7c0XG5cIJTrrAgEC3ULPiq,3L6bhGrHegoci41Jx2nP0V,3hcs9uc56yIGFCSy9leWe7",¥$|Kanye West|Ty Dolla $ign|Bump J|Lil Durk,220907|22986248|4870732|10075|6859221,|chicago rap|hip hop|rap|hip hop|pop rap|r&b|southern hip hop|trap|trap soul|chicago rap|chicago drill|chicago rap|drill|hip hop|rap|trap,61|91|79|61|81,2023-11-18,day,66,2024-01-08
0.77,0.561,10,-4.97,0,0.083,0.14,0.0,0.123,0.81,145.928,173208,4,3vJKLsUYcC7mARUTOMUPaJ,Who I Want,37i9dQZF1DZ06evO1TN1C0,"5f7VJjfbwm532GiveGC0ZK,3hcs9uc56yIGFCSy9leWe7",Lil Baby|Lil Durk,16366093|6859221,atl hip hop|atl trap|rap|trap|chicago drill|chicago rap|drill|hip hop|rap|trap,86|81,2021-06-04,day,63,2024-01-08
0.709,0.447,10,-10.78,0,0.34,0.025,0.0,0.189,0.207,125.103,145920,4,327maCobrzQZ20H1LwQ6Bk,Eyes Red,37i9dQZF1DZ06evO1TN1C0,"3hcs9uc56yIGFCSy9leWe7,3IaKn0ExWTMPqa0mscUYw3",Lil Durk|Only The Family,6859221|429149,chicago drill|chicago rap|drill|hip hop|rap|trap|chicago rap,81|64,2023-11-17,day,61,2024-01-08
0.625,0.504,4,-6.591,0,0.293,0.605,0.0,0.138,0.709,130.055,235424,4,3n31mf1JGlRxAGwHwx3pDd,Bruddanem (feat. Lil Durk),37i9dQZF1DZ06evO1TN1C0,"6U3ybJ9UHNKEdsH7ktGBZ7,3hcs9uc56yIGFCSy9leWe7",JID|Lil Durk,1518821|6859221,hip hop|pop rap|rap|underground hip hop|chicago drill|chicago rap|drill|hip hop|rap|trap,78|81,2022-10-31,day,63,2024-01-08
0.789,0.609,1,-5.969,1,0.174,0.0439,0.0,0.178,0.0816,136.001,172401,4,4nNw167LUp6j2VvuJdbtv8,Man of my Word,37i9dQZF1DZ06evO1TN1C0,"5f7VJjfbwm532GiveGC0ZK,3hcs9uc56yIGFCSy9leWe7",Lil Baby|Lil Durk,16366093|6859221,atl hip hop|atl trap|rap|trap|chicago drill|chicago rap|drill|hip hop|rap|trap,86|81,2021-06-04,day,65,2024-01-08
0.709,0.427,1,-10.652,1,0.229,0.0017,0.0,0.176,0.345,154.083,105974,4,1IfS74zgVsvAnFIPw6VnY2,Them Ones,37i9dQZF1DZ06evO1TN1C0,"3hcs9uc56yIGFCSy9leWe7,3IaKn0ExWTMPqa0mscUYw3",Lil Durk|Only The Family,6859221|429149,chicago drill|chicago rap|drill|hip hop|rap|trap|chicago rap,81|64,2023-11-17,day,59,2024-01-08
0.613,0.583,1,-10.042,0,0.159,0.0264,0.00338,0.138,0.249,159.997,204069,4,7jVMNHk15YGRHRXYFoCXK8,From The Hood,37i9dQZF1DZ06evO1TN1C0,"6QtgPSJPSzcnn7dPZ4VINp,3hcs9uc56yIGFCSy9leWe7",King Von|Lil Durk,3799451|6859221,chicago rap|chicago drill|chicago rap|drill|hip hop|rap|trap,75|81,2023-07-14,day,62,2024-01-08
0.747,0.565,10,-8.859,1,0.096,0.00368,0.0,0.104,0.395,143.962,253739,4,6KlqjCLNImX7W9zYt2Xa7D,Pelle Coat,37i9dQZF1DZ06evO1TN1C0,3hcs9uc56yIGFCSy9leWe7,Lil Durk,6859221,chicago drill|chicago rap|drill|hip hop|rap|trap,81,2023-05-26,day,62,2024-01-08
0.725,0.64,9,-5.627,0,0.0605,0.292,0.0,0.128,0.489,138.113,279507,4,12KG3DCYkxoMUAPWq1uFnw,My Beyoncé,37i9dQZF1DZ06evO1TN1C0,"3hcs9uc56yIGFCSy9leWe7,7kFfY4UjNdNyaeUgLIEbIF",Lil Durk|DeJ Loaf,6859221|1672165,chicago drill|chicago rap|drill|hip hop|rap|trap|detroit hip hop|r&b|trap|trap queen,81|63,2016-07-22,day,63,2024-01-08
0.688,0.717,4,-4.001,0,0.302,0.259,0.0,0.0604,0.525,145.985,143014,4,45khAN78Qv8yzU78TkkGBi,Expedite This Letter,37i9dQZF1DZ06evO1TN1C0,3hcs9uc56yIGFCSy9leWe7,Lil Durk,6859221,chicago drill|chicago rap|drill|hip hop|rap|trap,81,2022-06-24,day,61,2024-01-08
0.795,0.507,1,-8.06,1,0.303,0.0612,0.0,0.272,0.48,146.771,88304,4,0Ymjv0OJeIIPXr6s9wi3iW,MATHEMATICAL DISRESPECT,37i9dQZF1DZ06evO3WnQzL,6FAo7ORAHEzSSf5q10LLfN,Lil Mabu,969124,,69,2023-05-05,day,79,2024-01-08
0.707,0.444,1,-11.232,1,0.258,0.00152,0.0,0.125,0.322,164.117,108750,4,38R5sydMbsBzSPGPMfmtpb,MR. TAKE YA B*TCH (FEAT. CHRISEANROCK),37i9dQZF1DZ06evO3WnQzL,"6FAo7ORAHEzSSf5q10LLfN,3Idu5nTg2S3wrYwVkPqiwa",Lil Mabu|chriseanrock,969124|95295,|,69|60,2023-10-17,day,81,2024-01-08
0.63,0.746,1,-8.673,0,0.43,0.423,2.02e-06,0.621,0.505,147.934,196227,4,5swaNc5Ezn8WKacGObLCKF,TEACH ME HOW TO DRILL,37i9dQZF1DZ06evO3WnQzL,"6FAo7ORAHEzSSf5q10LLfN,14CHVeJGrR5xgUGQFV5BVM",Lil Mabu|Fivio Foreign,969124|1223960,|brooklyn drill|new york drill|trap,69|69,2023-12-21,day,74,2024-01-08
0.729,0.64,1,-8.8,1,0.352,0.0595,0.0,0.348,0.413,156.029,160007,4,07NgzcfZh94EiueKm5KiT4,NO SNITCHING (with Dusty Locane),37i9dQZF1DZ06evO3WnQzL,"6FAo7ORAHEzSSf5q10LLfN,22hWz22JAmIhIEp0u1X01L",Lil Mabu|DUSTY LOCANE,969124|418015,|new york drill,69|59,2022-06-30,day,73,2024-01-08
0.689,0.709,11,-8.094,1,0.515,0.104,0.0,0.17,0.646,170.021,118924,3,2hsNdc8rDVN2O5QOxbGayy,RICH SCHOLAR,37i9dQZF1DZ06evO3WnQzL,6FAo7ORAHEzSSf5q10LLfN,Lil Mabu,969124,,69,2023-06-16,day,70,2024-01-08
0.525,0.507,9,-9.04,0,0.408,0.262,0.0,0.157,0.353,73.376,138309,4,1cz9jUbkmRSX6jZmQrrSA9,THROW,37i9dQZF1DZ06evO3WnQzL,"6FAo7ORAHEzSSf5q10LLfN,4JpFNbLvh0BGXAubKIthEM",Lil Mabu|DD Osama,969124|631631,|new york drill,69|60,2022-12-23,day,70,2024-01-08
0.711,0.517,1,-6.235,1,0.0911,0.00372,0.0,0.0716,0.672,80.94,106703,4,2Tzmhv6ONBv2lULdPDNwUK,TRIP TO THE HOOD,37i9dQZF1DZ06evO3WnQzL,6FAo7ORAHEzSSf5q10LLfN,Lil Mabu,969124,,69,2023-02-24,day,68,2024-01-08
0.783,0.43,5,-10.595,0,0.398,0.0721,0.0,0.133,0.598,147.198,99000,4,1K0gaqpmv9pWtIWZl4EcAG,On The Radar Freestyle,37i9dQZF1DZ06evO3WnQzL,6FAo7ORAHEzSSf5q10LLfN,Lil Mabu,969124,,69,2023-01-20,day,67,2024-01-08
0.569,0.603,2,-7.993,0,0.157,0.332,0.0,0.137,0.353,75.034,159919,4,2ktPib6e7LCnHX4LZECEyG,AT WHAT COST?,37i9dQZF1DZ06evO3WnQzL,6FAo7ORAHEzSSf5q10LLfN,Lil Mabu,969124,,69,2023-09-01,day,59,2024-01-08
0.749,0.625,1,-10.406,1,0.333,0.0167,0.0,0.369,0.666,155.049,116005,4,7wQpnNx4hp8WcXhwsUc8NE,I'M NOT a COP (with Dougie B),37i9dQZF1DZ06evO3WnQzL,"6FAo7ORAHEzSSf5q10LLfN,6ykgQbKcZFy5qoKBU4YiWj",Lil Mabu|Dougie B,969124|150654,|bronx drill,69|55,2022-06-30,day,57,2024-01-08
0.677,0.343,1,-9.777,1,0.439,0.0013,1.57e-05,0.132,0.199,169.881,146824,4,5JW6ETuv1CrlBjGq6rDpYj,WICKED WITCH,37i9dQZF1DZ06evO3WnQzL,6FAo7ORAHEzSSf5q10LLfN,Lil Mabu,969124,,69,2022-10-28,day,58,2024-01-08
0.753,0.454,9,-11.544,1,0.132,0.536,0.000418,0.173,0.503,144.989,161306,4,4BzA3v1Ks0CUJsAKxr0srK,i'm done,37i9dQZF1DZ06evO3WnQzL,6FAo7ORAHEzSSf5q10LLfN,Lil Mabu,969124,,69,2022-02-10,day,53,2024-01-08
0.677,0.467,11,-12.715,1,0.626,0.191,0.0,0.203,0.52,142.71,109930,4,1ATOtTLEUzRioB7CPD0CMj,Demon Time,37i9dQZF1DZ06evO3WnQzL,6FAo7ORAHEzSSf5q10LLfN,Lil Mabu,969124,,69,2021-05-07,day,49,2024-01-08
0.743,0.519,5,-9.771,0,0.335,0.103,0.0,0.382,0.657,146.985,131168,4,6HnydhDiw4UoQy6H8Cj2QF,NO LOVE (with DThang),37i9dQZF1DZ06evO3WnQzL,"6FAo7ORAHEzSSf5q10LLfN,2THPifY3pg9crvJrg9yOzr",Lil Mabu|Dthang,969124|206083,|bronx drill|new york drill,69|53,2022-06-30,day,56,2024-01-08
0.737,0.585,7,-8.294,1,0.138,0.273,4.7e-06,0.12,0.682,141.011,110638,4,512V3IJCkqvN8uWmXYgGXy,Move It,37i9dQZF1DZ06evO3WnQzL,6FAo7ORAHEzSSf5q10LLfN,Lil Mabu,969124,,69,2021-01-23,day,47,2024-01-08
0.839,0.5,8,-12.253,1,0.366,0.0281,0.0,0.113,0.342,93.977,121803,4,1CLdt0lJtsExwYrZAykOfP,Miss Me,37i9dQZF1DZ06evO3WnQzL,6FAo7ORAHEzSSf5q10LLfN,Lil Mabu,969124,,69,2020-10-16,day,48,2024-01-08
0.817,0.384,10,-13.039,1,0.263,0.105,0.0,0.108,0.292,90.003,154667,4,39Xs1TO452MZhc55Z9MHn1,Man Down,37i9dQZF1DZ06evO3WnQzL,6FAo7ORAHEzSSf5q10LLfN,Lil Mabu,969124,,69,2019-12-24,day,47,2024-01-08
0.722,0.529,5,-12.575,0,0.306,0.201,0.0,0.125,0.263,140.111,123436,4,0PUYUp6TBUZ7mn1On92cAk,King of the World,37i9dQZF1DZ06evO3WnQzL,6FAo7ORAHEzSSf5q10LLfN,Lil Mabu,969124,,69,2022-06-30,day,54,2024-01-08
0.668,0.689,8,-6.615,1,0.169,0.193,0.0,0.112,0.358,169.956,135602,4,59IhxFNYxcGaTRnNlF3VO7,Heartbreaking,37i9dQZF1DZ06evO3WnQzL,6FAo7ORAHEzSSf5q10LLfN,Lil Mabu,969124,,69,2020-07-22,day,45,2024-01-08
0.756,0.561,7,-9.954,0,0.176,0.37,0.0,0.152,0.581,79.903,144013,4,28Vao9RuRAkI3KgQAxNTtR,Slide,37i9dQZF1DZ06evO3WnQzL,"6FAo7ORAHEzSSf5q10LLfN,7Dgi79cPwVtjnngOpRHPOE",Lil Mabu|R3ady,969124|2089,|,69|24,2020-02-24,day,41,2024-01-08
0.754,0.701,10,-8.434,0,0.376,0.0733,0.0,0.194,0.647,144.981,136067,4,4oaMjGJmklKvijYkP9E0LL,EVERYONE K (with Sha Ek),37i9dQZF1DZ06evO3WnQzL,"6FAo7ORAHEzSSf5q10LLfN,3jVAqTL4NbB88q4lj94VX9",Lil Mabu|Sha EK,969124|184426,|bronx drill|new york drill,69|55,2022-06-30,day,55,2024-01-08
0.73,0.612,1,-10.574,1,0.385,0.0464,0.0,0.369,0.643,160.028,111803,4,19KkDlrVwkToGQX4dWOCQI,DUMPING IT TOO (with Rah Swish),37i9dQZF1DZ06evO3WnQzL,"6FAo7ORAHEzSSf5q10LLfN,4FeLiFUPdxVfFo8oOfA4BH",Lil Mabu|Rah Swish,969124|119379,|brooklyn drill|new york drill|nyc rap,69|48,2022-06-30,day,52,2024-01-08
0.266,0.642,7,-5.133,1,0.0694,0.424,0.0,0.0943,0.0371,75.022,185276,4,65kp3OFn7JXbCvkm3m2Ui2,Two®,37i9dQZF1DZ06evO2OQoKY,4O15NlyKLIASxsJ0PrXPfz,Lil Uzi Vert,16484624,hip hop|melodic rap|philly rap|rage rap|rap,85,2017-08-25,day,62,2024-01-08
0.474,0.805,1,-5.997,1,0.332,0.0715,0.0,0.147,0.109,131.001,176125,4,1a019wP7IdYLexwbmfZPm3,Flawlëss (feat. Lil Uzi Vert),37i9dQZF1DZ06evO2OQoKY,"3qiHUAX7zY4Qnjx8TNUzVx,4O15NlyKLIASxsJ0PrXPfz",Yeat|Lil Uzi Vert,3930218|16484624,pluggnb|rage rap|hip hop|melodic rap|philly rap|rage rap|rap,82|85,2022-09-09,day,82,2024-01-08
0.554,0.881,2,-4.176,0,0.138,0.115,0.0,0.119,0.455,162.032,171828,4,6odqveUIgvpWWvtANLcZpH,Red Moon,37i9dQZF1DZ06evO2OQoKY,4O15NlyKLIASxsJ0PrXPfz,Lil Uzi Vert,16484624,hip hop|melodic rap|philly rap|rage rap|rap,85,2023-12-27,day,74,2024-01-08
0.467,0.935,11,-3.103,1,0.125,0.000231,0.0,0.405,0.294,105.101,189553,3,5viZ8CLipufc1Q1NXpMRNN,AmEN! (feat. Lil Uzi Vert and Daryl Palumbo of Glassjaw),37i9dQZF1DZ06evO2OQoKY,"1Ffb6ejR6Fe5IamqA5oRUF,4O15NlyKLIASxsJ0PrXPfz,6GcRo52zMhZXYOsEkMyMrX,7nt6S4klYHg4I7Q4lTSmc0",Bring Me The Horizon|Lil Uzi Vert|Daryl Palumbo|Glassjaw,5264704|16484624|1799|150839,melodic metalcore|metalcore|modern rock|rock|uk metalcore|hip hop|melodic rap|philly rap|rage rap|rap||emo|long island punk|post-hardcore|screamo,77|85|49|51,2023-06-01,day,71,2024-01-08
0.903,0.535,8,-6.238,1,0.286,0.0298,0.0,0.0851,0.157,130.117,195692,4,5egD7A5x9AHdVO2fMo3Wbo,Silly Watch,37i9dQZF1DZ06evO2OQoKY,4O15NlyKLIASxsJ0PrXPfz,Lil Uzi Vert,16484624,hip hop|melodic rap|philly rap|rage rap|rap,85,2020-03-06,day,74,2024-01-08
0.599,0.651,0,-6.834,0,0.0436,0.188,0.00144,0.161,0.253,143.985,195320,4,2qlBAT108lYOzlXhBxBqEv,"Home (Metro Boomin & Don Toliver, Lil Uzi Vert)",37i9dQZF1DZ06evO2OQoKY,"0iEtIxbK0KxaSlF7G42ZOp,4Gso3d4CscCijv0lmajZWs,4O15NlyKLIASxsJ0PrXPfz",Metro Boomin|Don Toliver|Lil Uzi Vert,6641993|3641335|16484624,rap|pop rap|rap|trap|hip hop|melodic rap|philly rap|rage rap|rap,87|81|85,2023-06-02,day,71,2024-01-08
0.731,0.605,1,-5.01,1,0.19,0.067,7.7e-06,0.177,0.413,132.946,216704,4,41bmnQZoDMQdDh5zyomtW7,Endless Fashion (feat. Nicki Minaj),37i9dQZF1DZ06evO2OQoKY,"4O15NlyKLIASxsJ0PrXPfz,0hCNtLu0JehylgoiP8L4Gh",Lil Uzi Vert|Nicki Minaj,16484624|30496118,hip hop|melodic rap|philly rap|rage rap|rap|hip pop|pop|queens hip hop|rap,85|88,2023-06-30,day,74,2024-01-08
0.774,0.549,9,-7.297,0,0.154,0.178,0.00151,0.22,0.28,135.016,245240,4,0B6g379TMw0nYGXA7y5xHz,"All The Way Live (Spider-Man: Across the Spider-Verse) (Metro Boomin & Future, Lil Uzi Vert)",37i9dQZF1DZ06evO2OQoKY,"0iEtIxbK0KxaSlF7G42ZOp,1RyvyyTE3xzB2ZywiAwp0i,4O15NlyKLIASxsJ0PrXPfz",Metro Boomin|Future|Lil Uzi Vert,6641993|15692678|16484624,rap|atl hip hop|hip hop|rap|southern hip hop|trap|hip hop|melodic rap|philly rap|rage rap|rap,87|88|85,2023-06-02,day,72,2024-01-08
0.619,0.606,1,-4.252,1,0.0784,0.0268,0.0,0.375,0.0669,140.023,97770,4,1pDbGAAH5GQ8U0KG4fI77H,Spin Again,37i9dQZF1DZ06evO2OQoKY,4O15NlyKLIASxsJ0PrXPfz,Lil Uzi Vert,16484624,hip hop|melodic rap|philly rap|rage rap|rap,85,2023-06-30,day,69,2024-01-08
0.667,0.67,10,-7.081,0,0.124,0.00652,0.0,0.122,0.208,130.082,207760,4,2aCj4aX6TXFFUn5zTFRH4w,Big tonka (feat. Lil Uzi Vert),37i9dQZF1DZ06evO2OQoKY,"3qiHUAX7zY4Qnjx8TNUzVx,4O15NlyKLIASxsJ0PrXPfz",Yeat|Lil Uzi Vert,3930218|16484624,pluggnb|rage rap|hip hop|melodic rap|philly rap|rage rap|rap,82|85,2022-04-01,day,70,2024-01-08
0.698,0.692,10,-5.699,1,0.267,0.00415,0.0,0.177,0.23,146.999,192213,4,1DypGkTryeH4cPFBVucxo4,"Like This (feat. Lil Uzi Vert, Destroy Lonely)",37i9dQZF1DZ06evO2OQoKY,"3gBZUcNeVumkeeJ19CY2sX,4O15NlyKLIASxsJ0PrXPfz,1HPW4jeRjXBFRoUnSvBzoD",Ken Carson|Lil Uzi Vert|Destroy Lonely,1027324|16484624|873972,rage rap|hip hop|melodic rap|philly rap|rage rap|rap|rage rap,76|85|71,2023-10-13,day,68,2024-01-08
0.544,0.546,1,-14.475,1,0.0923,0.0099,0.00027,0.392,0.151,161.76,100383,4,5BDZ8atcxq0QHGn66YwTwh,just wanna rock - Sped Up Version,37i9dQZF1DZ06evO2OQoKY,"0M2CO5ijP35MDhNwvpgxTV,4O15NlyKLIASxsJ0PrXPfz",sped up nightcore|Lil Uzi Vert,150054|16484624,nightcore|sped up|hip hop|melodic rap|philly rap|rage rap|rap,74|85,2022-10-07,day,66,2024-01-08
0.827,0.571,11,-7.949,1,0.366,0.0195,0.0,0.166,0.62,142.034,146419,4,7z4xW9WY86uH3gd1V9pfCM,JUGGERNAUT (feat. Lil Uzi Vert & Pharrell Williams),37i9dQZF1DZ06evO2OQoKY,"4V8LLVI7PbaPR0K2TGSxFF,4O15NlyKLIASxsJ0PrXPfz,2RdwBSPQiwcmiDo9kixcl8","Tyler, The Creator|Lil Uzi Vert|Pharrell Williams",13737518|16484624|4336597,hip hop|rap|hip hop|melodic rap|philly rap|rage rap|rap|dance pop|pop,84|85|78,2021-06-25,day,67,2024-01-08
0.638,0.526,7,-8.401,1,0.131,0.275,0.0,0.462,0.301,139.054,219712,4,4v1P7JCjehbg5TmLQo2mFy,7AM,37i9dQZF1DZ06evO2OQoKY,4O15NlyKLIASxsJ0PrXPfz,Lil Uzi Vert,16484624,hip hop|melodic rap|philly rap|rage rap|rap,85,2015-12-18,day,69,2024-01-08
0.929,0.563,9,-7.428,1,0.49,0.000592,0.0,0.244,0.353,129.957,213885,4,6vxU64pcIuQ38O015Zy4qj,Homecoming,37i9dQZF1DZ06evO2OQoKY,4O15NlyKLIASxsJ0PrXPfz,Lil Uzi Vert,16484624,hip hop|melodic rap|philly rap|rage rap|rap,85,2020-03-06,day,70,2024-01-08
0.807,0.627,11,-6.829,1,0.0771,0.0225,0.0,0.0904,0.761,122.963,246497,4,0WCJSIy75ZVxqY51ce0enc,Pluto to Mars,37i9dQZF1DZ06evO2OQoKY,4O15NlyKLIASxsJ0PrXPfz,Lil Uzi Vert,16484624,hip hop|melodic rap|philly rap|rage rap|rap,85,2023-06-30,day,67,2024-01-08
0.636,0.605,0,-9.718,1,0.151,0.128,0.0,0.138,0.537,149.954,185678,4,1X1dy95bo2OirAmMkBIwkS,NFL,37i9dQZF1DZ06evO2OQoKY,4O15NlyKLIASxsJ0PrXPfz,Lil Uzi Vert,16484624,hip hop|melodic rap|philly rap|rage rap|rap,85,2023-10-20,day,65,2024-01-08
0.389,0.962,2,-4.772,0,0.248,5.98e-05,0.623,0.331,0.155,183.049,239864,4,3ySqZ8yGoh4Emi9HiPCCdP,Werewolf (feat. Bring Me The Horizon),37i9dQZF1DZ06evO2OQoKY,"4O15NlyKLIASxsJ0PrXPfz,1Ffb6ejR6Fe5IamqA5oRUF",Lil Uzi Vert|Bring Me The Horizon,16484624|5264704,hip hop|melodic rap|philly rap|rage rap|rap|melodic metalcore|metalcore|modern rock|rock|uk metalcore,85|77,2023-06-30,day,66,2024-01-08
0.443,0.579,6,-6.517,0,0.187,0.125,0.0,0.284,0.256,83.827,240437,4,1jKlRcH7X78ps1yKBTWyUV,Lucid Dreams (feat. Lil Uzi Vert) - Remix,37i9dQZF1DZ06evO2OQoKY,"4MCBfE4596Uoi2O4DtmEMz,4O15NlyKLIASxsJ0PrXPfz",Juice WRLD|Lil Uzi Vert,32077469|16484624,chicago rap|melodic rap|rap|hip hop|melodic rap|philly rap|rage rap|rap,87|85,2021-05-28,day,65,2024-01-08
0.772,0.634,10,-6.101,0,0.212,0.135,0.0,0.432,0.671,160.052,210261,4,7hav1MHURQf5SAoPk0egqh,Baby Pluto,37i9dQZF1DZ06evO2OQoKY,4O15NlyKLIASxsJ0PrXPfz,Lil Uzi Vert,16484624,hip hop|melodic rap|philly rap|rage rap|rap,85,2020-03-06,day,65,2024-01-08
0.544,0.496,0,-12.032,1,0.21,0.13,0.0,0.166,0.314,103.148,203442,5,3kfhS2L56Wj8fBcu7xE47H,Turks & Caicos (feat. 21 Savage),37i9dQZF1DZ06evO152G0U,"45TgXXqMDdF8BkjA83OM7z,1URnnhqYAYcrqrcwql10ft",Rod Wave|21 Savage,6330231|16213669,florida rap|atl hip hop|hip hop|rap,79|89,2023-09-15,day,81,2024-01-08
0.69,0.933,5,-3.099,0,0.0832,0.0252,2.51e-05,0.493,0.523,119.987,188000,4,7mobUfp1aL8A6CdugCMWft,BOTH,37i9dQZF1DZ06evO152G0U,"2o5jDhtHVPhrJdv3cEQ99Z,1URnnhqYAYcrqrcwql10ft,6veh5zbFpm31XsPdjBgPER",Tiësto|21 Savage|BIA,7171624|16213669|539969,big room|brostep|dutch edm|edm|house|pop dance|slap house|trance|atl hip hop|hip hop|rap|rap latina|trap queen,82|89|68,2023-08-29,day,77,2024-01-08
0.65,0.659,3,-6.522,0,0.123,0.174,0.00772,0.126,0.154,76.985,314836,4,76gcXhY3Zv6wW0BTe9nHJo,TIL FURTHER NOTICE (feat. James Blake & 21 Savage),37i9dQZF1DZ06evO152G0U,"0Y5tJX1MQlPlqiwlOH1tJY,53KwLdlmrlCelAZMaLVZqU,1URnnhqYAYcrqrcwql10ft",Travis Scott|James Blake|21 Savage,26203362|1398232|16213669,hip hop|rap|slap house|art pop|indie soul|indietronica|uk alternative pop|atl hip hop|hip hop|rap,91|69|89,2023-07-28,day,79,2024-01-08
0.746,0.549,9,-7.459,1,0.348,0.00412,1.02e-06,0.331,0.491,164.928,151182,4,5gzEL5O1ubbtIHUhLkSMTz,Loop Hole (feat. 21 Savage),37i9dQZF1DZ06evO152G0U,"6AUl0ykLLpvTktob97x9hO,1URnnhqYAYcrqrcwql10ft",Tee Grizzley|21 Savage,3630266|16213669,detroit hip hop|detroit trap|rap|southern hip hop|trap|atl hip hop|hip hop|rap,69|89,2023-11-03,day,78,2024-01-08
0.753,0.669,7,-4.914,0,0.104,0.0378,0.0,0.122,0.584,140.948,247469,4,0J1YRLYhTG1MBosjidD7OI,Good Good,37i9dQZF1DZ06evO152G0U,"23zg3TcAtWQy7J6upgbUnj,57LYzLEk2LcFghVwuWbcuS,1URnnhqYAYcrqrcwql10ft",USHER|Summer Walker|21 Savage,10846051|5871705|16213669,atl hip hop|contemporary r&b|dance pop|pop|r&b|rap|south carolina hip hop|urban contemporary|r&b|rap|atl hip hop|hip hop|rap,80|78|89,2023-08-04,day,75,2024-01-08
0.822,0.788,11,-3.634,0,0.173,0.0838,0.000173,0.359,0.389,111.016,222000,4,2Yt4SXIgmoaPZHGdRafp4P,Umbrella (with 21 Savage & Young Nudy),37i9dQZF1DZ06evO152G0U,"0iEtIxbK0KxaSlF7G42ZOp,1URnnhqYAYcrqrcwql10ft,5yPzzu25VzEk8qrGTLIrE1",Metro Boomin|21 Savage|Young Nudy,6641993|16213669|1388610,rap|atl hip hop|hip hop|rap|pluggnb|rap|trap,87|89|70,2022-12-02,day,75,2024-01-08
0.939,0.521,1,-7.468,1,0.379,0.195,0.0,0.201,0.515,124.995,133000,4,4EzkcqltSOxYE2lstuLOFs,Pull Up (feat. 21 Savage),37i9dQZF1DZ06evO152G0U,"6BH1xcDkwbbyrLMUKECsW1,1URnnhqYAYcrqrcwql10ft",Toosii|21 Savage,1570531|16213669,north carolina hip hop|atl hip hop|hip hop|rap,66|89,2023-06-02,day,73,2024-01-08
0.862,0.274,0,-5.818,0,0.416,0.0974,0.185,0.183,0.154,77.492,148640,4,2D2w9943rsnJOGCrI4aMQp,My Choppa Hate Niggas,37i9dQZF1DZ06evO152G0U,"1URnnhqYAYcrqrcwql10ft,0iEtIxbK0KxaSlF7G42ZOp",21 Savage|Metro Boomin,16213669|6641993,atl hip hop|hip hop|rap|rap,89|87,2017-10-30,day,72,2024-01-08
0.674,0.634,10,-8.245,0,0.154,0.0192,0.0,0.153,0.407,158.97,166140,4,6m0S4wcG6sTCP010ZrgdJI,Call Me Revenge - Call of Duty: Modern Warfare 3,37i9dQZF1DZ06evO152G0U,"1URnnhqYAYcrqrcwql10ft,5y8tKLUfMvliMe8IKamR32",21 Savage|d4vd,16213669|2170087,atl hip hop|hip hop|rap|bedroom pop|bedroom r&b,89|77,2023-10-19,day,70,2024-01-08
0.947,0.605,10,-8.621,0,0.346,0.0748,7.54e-06,0.0901,0.656,129.988,133613,4,3IPGG5Niex4hGlXFOYWzp9,Don't Play That,37i9dQZF1DZ06evO152G0U,"6QtgPSJPSzcnn7dPZ4VINp,1URnnhqYAYcrqrcwql10ft",King Von|21 Savage,3799451|16213669,chicago rap|atl hip hop|hip hop|rap,75|89,2022-03-04,day,71,2024-01-08
0.714,0.586,2,-6.925,1,0.0604,0.0211,0.0,0.173,0.283,108.983,234693,4,0KoBrntyQ2x6Y1eZwgGe5P,"Givin’ Up (Not The One) (Don Toliver & 21 Savage, 2 Chainz)",37i9dQZF1DZ06evO152G0U,"4Gso3d4CscCijv0lmajZWs,1URnnhqYAYcrqrcwql10ft,17lzZA2AlOHwCwFALHttmp",Don Toliver|21 Savage|2 Chainz,3641335|16213669|8017349,pop rap|rap|trap|atl hip hop|hip hop|rap|atl hip hop|hip hop|pop rap|rap|southern hip hop|trap,81|89|75,2023-06-02,day,71,2024-01-08
0.63,0.399,5,-9.869,0,0.178,0.105,0.174,0.234,0.0657,183.016,214192,3,1wGnp7ejkCuXRsehXx0PNP,RIP Luv,37i9dQZF1DZ06evO152G0U,"1URnnhqYAYcrqrcwql10ft,0iEtIxbK0KxaSlF7G42ZOp",21 Savage|Metro Boomin,16213669|6641993,atl hip hop|hip hop|rap|rap,89|87,2020-10-02,day,72,2024-01-08
0.859,0.378,1,-9.03,1,0.104,0.281,0.000174,0.122,0.0838,123.629,209533,4,3xMnPIvsaWwzHzqqzaihEX,"Nonviolent Communication (Metro Boomin & James Blake, A$AP Rocky, 21 Savage)",37i9dQZF1DZ06evO152G0U,"0iEtIxbK0KxaSlF7G42ZOp,53KwLdlmrlCelAZMaLVZqU,13ubrt8QOOCPljQ2FL1Kca,1URnnhqYAYcrqrcwql10ft",Metro Boomin|James Blake|A$AP Rocky|21 Savage,6641993|1398232|13299639|16213669,rap|art pop|indie soul|indietronica|uk alternative pop|east coast hip hop|hip hop|rap|trap|atl hip hop|hip hop|rap,87|69|81|89,2023-06-02,day,68,2024-01-08
0.786,0.504,1,-7.678,1,0.0938,0.0332,0.0,0.0979,0.346,121.967,165246,4,2lXQX3uhFHRYGBE6xR3tic,Never Lose Me (feat. Lil Yachty),37i9dQZF1DZ06evO3IjBrq,"08PvCOlef4xdOr20jFSTPd,6icQOAFXDZKsumw3YXyusw",Flo Milli|Lil Yachty,752562|9554683,viral rap|atl hip hop|melodic rap|rap|trap,70|78,2023-12-01,day,79,2024-01-08
0.492,0.807,10,-3.677,0,0.0854,0.205,0.00275,0.384,0.477,107.087,229805,4,6luBKkFUt5wTwz7hpLhp12,drive ME crazy!,37i9dQZF1DZ06evO3IjBrq,6icQOAFXDZKsumw3YXyusw,Lil Yachty,9554683,atl hip hop|melodic rap|rap|trap,78,2023-01-27,day,76,2024-01-08
0.769,0.479,1,-5.339,1,0.0385,0.66,0.0,0.0914,0.803,96.051,164640,4,2Yer0p7uB2lVBUAtANuuQp,Magic In The Hamptons (feat. Lil Yachty),37i9dQZF1DZ06evO3IjBrq,"5UjifI1TYefXWn9GdqDOHl,6icQOAFXDZKsumw3YXyusw",Social House|Lil Yachty,148604|9554683,|atl hip hop|melodic rap|rap|trap,62|78,2018-06-08,day,74,2024-01-08
0.829,0.667,9,-5.366,1,0.166,0.000523,0.000521,0.048,0.545,160.082,170859,4,5Ryu0SlsYjKh78RkJUONFr,Flex Up (feat. Future & Playboi Carti),37i9dQZF1DZ06evO3IjBrq,"6icQOAFXDZKsumw3YXyusw,1RyvyyTE3xzB2ZywiAwp0i,699OTQXzgjhIYAHMy9RyPD",Lil Yachty|Future|Playboi Carti,9554683|15692678|9643234,atl hip hop|melodic rap|rap|trap|atl hip hop|hip hop|rap|southern hip hop|trap|atl hip hop|plugg|pluggnb|rage rap|rap,78|88|84,2020-11-27,day,78,2024-01-08
0.851,0.642,1,-5.281,1,0.216,0.0658,0.0,0.0713,0.701,143.091,148115,4,7iTTWHbr4tAlsRJN4m4bay,Strike (Holster),37i9dQZF1DZ06evO3IjBrq,6icQOAFXDZKsumw3YXyusw,Lil Yachty,9554683,atl hip hop|melodic rap|rap|trap,78,2023-04-07,day,74,2024-01-08
0.758,0.66,8,-6.799,0,0.0756,0.038,0.0,0.175,0.551,90.02,149333,4,7CIvyuVoWcY0LgUYa1aR5J,SOLO STEPPIN CRETE BOY,37i9dQZF1DZ06evO3IjBrq,6icQOAFXDZKsumw3YXyusw,Lil Yachty,9554683,atl hip hop|melodic rap|rap|trap,78,2023-08-04,day,73,2024-01-08
0.741,0.699,9,-4.586,1,0.199,0.0122,1.33e-05,0.386,0.467,144.029,113333,4,5VE6OSfJkMHyMpHaJzuUqn,Gimme Da Lite,37i9dQZF1DZ06evO3IjBrq,"23DYJsw4uSCguIqiTIDtcN,6icQOAFXDZKsumw3YXyusw",Southside|Lil Yachty,98908|9554683,atl hip hop|atl trap|atl hip hop|melodic rap|rap|trap,59|78,2023-12-08,day,74,2024-01-08
0.82,0.603,8,-7.18,1,0.308,0.0351,0.0159,0.122,0.177,159.976,151851,4,3hv6ndi7uFT9L9wrhQCsqY,Gucci Flip Flops (feat. Lil Yachty),37i9dQZF1DZ06evO3IjBrq,"7DuTB6wdzqFJGFLSH17k8e,6icQOAFXDZKsumw3YXyusw",Bhad Bhabie|Lil Yachty,3322880|9554683,trap queen|viral rap|atl hip hop|melodic rap|rap|trap,58|78,2018-09-18,day,74,2024-01-08
0.746,0.653,7,-6.745,1,0.289,0.378,0.0,0.229,0.672,75.016,253107,4,2EEeOnHehOozLq4aS0n6SL,iSpy (feat. Lil Yachty),37i9dQZF1DZ06evO3IjBrq,"4qBgvVog0wzW75IQ48mU7v,6icQOAFXDZKsumw3YXyusw",KYLE|Lil Yachty,1051546|9554683,deep underground hip hop|indie pop rap|pop rap|atl hip hop|melodic rap|rap|trap,61|78,2016-12-02,day,72,2024-01-08
0.873,0.265,7,-9.377,1,0.553,0.00109,0.0,0.132,0.106,119.93,96133,4,2AhAhd9BiyydtKq2hMdb7Q,Greed (feat. Lil Yachty),37i9dQZF1DZ06evO3IjBrq,"5tQMB0cuNXdCtzovGt55uD,6icQOAFXDZKsumw3YXyusw",LUCKI|Lil Yachty,772051|9554683,plugg|atl hip hop|melodic rap|rap|trap,75|78,2021-02-12,day,67,2024-01-08
0.656,0.776,6,-6.184,1,0.0672,0.16,0.378,0.372,0.638,156.049,156759,4,0f1G5SHFoFC9lO03gHCGVS,Pretty Boy (feat. Lil Yachty),37i9dQZF1DZ06evO3IjBrq,"3MZsBdqDrRTJihTHQrO6Dq,6icQOAFXDZKsumw3YXyusw",Joji|Lil Yachty,9232140|9554683,viral pop|atl hip hop|melodic rap|rap|trap,78|78,2020-09-25,day,65,2024-01-08
0.763,0.659,2,-6.147,1,0.212,0.0974,0.0,0.115,0.539,137.974,126957,4,2tcI5EedPVjrxwewRQs62W,Van Gogh (feat. Lil Yachty),37i9dQZF1DZ06evO3IjBrq,"6U3ybJ9UHNKEdsH7ktGBZ7,6icQOAFXDZKsumw3YXyusw",JID|Lil Yachty,1518821|9554683,hip hop|pop rap|rap|underground hip hop|atl hip hop|melodic rap|rap|trap,78|78,2023-09-01,day,65,2024-01-08
0.672,0.538,2,-6.569,1,0.103,0.00998,0.000461,0.441,0.0663,134.838,164743,4,4NQfLaqLd1Fms4UTkkTj7J,TESLA,37i9dQZF1DZ06evO3IjBrq,6icQOAFXDZKsumw3YXyusw,Lil Yachty,9554683,atl hip hop|melodic rap|rap|trap,78,2023-08-25,day,65,2024-01-08
0.968,0.658,10,-5.127,0,0.224,0.173,0.0,0.0864,0.784,126.974,95306,4,4Z7XtjSL1fyFnd6bTYhEIQ,"Go Krazy, Go Stupid Freestyle",37i9dQZF1DZ06evO3IjBrq,6icQOAFXDZKsumw3YXyusw,Lil Yachty,9554683,atl hip hop|melodic rap|rap|trap,78,2019-06-28,day,64,2024-01-08
0.832,0.525,8,-7.723,0,0.385,0.226,0.0,0.14,0.481,95.072,208421,4,0bHfRPMnqoMmSpzZywlCmq,Taylor Port Junkie (feat. Lil Yachty),37i9dQZF1DZ06evO3IjBrq,"0gg11prPP6OqtUvBcKnPpq,6icQOAFXDZKsumw3YXyusw",Rylo Rodriguez|Lil Yachty,438828|9554683,alabama rap|atl trap|tennessee hip hop|atl hip hop|melodic rap|rap|trap,61|78,2023-06-30,day,64,2024-01-08
0.44,0.661,5,-7.118,1,0.124,0.418,0.00264,0.621,0.61,127.892,162209,4,6vDyzD9o8aYhR1963oJpkO,pRETTy,37i9dQZF1DZ06evO3IjBrq,6icQOAFXDZKsumw3YXyusw,Lil Yachty,9554683,atl hip hop|melodic rap|rap|trap,78,2023-01-27,day,63,2024-01-08
0.715,0.705,5,-7.583,0,0.275,0.0184,0.0,0.281,0.601,137.961,149565,4,00rMGQGXFeY2VQTrg7SWde,Slide,37i9dQZF1DZ06evO3IjBrq,6icQOAFXDZKsumw3YXyusw,Lil Yachty,9554683,atl hip hop|melodic rap|rap|trap,78,2023-08-04,day,62,2024-01-08
0.414,0.791,1,-4.847,0,0.0661,0.381,0.00102,0.375,0.588,151.895,190581,4,04HeNxRRVjcwctfp2K2kMu,the ride-,37i9dQZF1DZ06evO3IjBrq,6icQOAFXDZKsumw3YXyusw,Lil Yachty,9554683,atl hip hop|melodic rap|rap|trap,78,2023-01-27,day,62,2024-01-08
0.95,0.489,8,-8.411,1,0.462,0.105,0.0,0.411,0.919,130.021,158769,4,3m2aDCqn8eT5ElXDUiboGU,Get Dripped (feat. Playboi Carti),37i9dQZF1DZ06evO3IjBrq,"6icQOAFXDZKsumw3YXyusw,699OTQXzgjhIYAHMy9RyPD",Lil Yachty|Playboi Carti,9554683|9643234,atl hip hop|melodic rap|rap|trap|atl hip hop|plugg|pluggnb|rage rap|rap,78|84,2018-10-19,day,65,2024-01-08
0.569,0.811,5,-4.562,1,0.336,0.696,0.0,0.156,0.69,144.642,248661,4,51RaJOy09JMFHyPaDgXxBO,The Secret Recipe,37i9dQZF1DZ06evO3IjBrq,"6icQOAFXDZKsumw3YXyusw,6l3HvQ5sa6mXTsMTB19rO5",Lil Yachty|J. Cole,9554683|22394288,atl hip hop|melodic rap|rap|trap|conscious hip hop|hip hop|north carolina hip hop|rap,78|86,2023-09-29,day,63,2024-01-08
0.651,0.72,9,-6.529,1,0.161,0.331,0.413,0.528,0.705,90.024,269245,4,7zy7iE31dGO70ShMXghsfj,running out of time,37i9dQZF1DZ06evO3IjBrq,6icQOAFXDZKsumw3YXyusw,Lil Yachty,9554683,atl hip hop|melodic rap|rap|trap,78,2023-01-27,day,62,2024-01-08
0.977,0.303,0,-10.821,1,0.539,0.0612,0.0,0.184,0.214,116.063,145188,3,0CjHqLvr4EdjBJ0XiKtbCI,Menace,37i9dQZF1DZ06evO3IjBrq,"6i392l38cR3uBPF0DbNs7S,6icQOAFXDZKsumw3YXyusw,0VRj0yCOv2FXJNP47XQnx5,4DdkRBBYG6Yk9Ka8tdJ9BW",Quality Control|Lil Yachty|Quavo|Offset,1316469|9554683|7128651|3501668,melodic rap|trap|atl hip hop|melodic rap|rap|trap|atl hip hop|melodic rap|rap|trap|atl hip hop|hip hop|pop rap|rap|trap,64|78|77|79,2017-12-08,day,62,2024-01-08
0.922,0.583,5,-4.982,1,0.0753,0.0098,0.0,0.0962,0.494,136.043,261615,4,7bsnTsbiwOymZWjPF9v6Di,Marmalade (feat. Lil Yachty),37i9dQZF1DZ06evO3IjBrq,"3JhNCzhSMTxs9WLGJJxWOY,6icQOAFXDZKsumw3YXyusw",Macklemore|Lil Yachty,2135015|9554683,pop rap|seattle hip hop|atl hip hop|melodic rap|rap|trap,76|78,2017-09-22,day,61,2024-01-08
0.302,0.557,9,-5.737,0,0.0326,0.063,0.344,0.118,0.103,113.563,411912,4,1rydhdFtKe2CRkiaVb7aGF,the BLACK seminole.,37i9dQZF1DZ06evO3IjBrq,6icQOAFXDZKsumw3YXyusw,Lil Yachty,9554683,atl hip hop|melodic rap|rap|trap,78,2023-01-27,day,65,2024-01-08
0.62,0.737,1,-5.901,1,0.354,0.0551,0.0,0.747,0.919,134.958,208929,4,1J0O3RqCeoMcXbayQZDZXL,Half Doin Dope (with BabyTron feat. Lil Yachty),37i9dQZF1DZ06evO3IjBrq,"6U3ybJ9UHNKEdsH7ktGBZ7,0sKsReKseslDlhxmbN6wLk,6icQOAFXDZKsumw3YXyusw",JID|BabyTron|Lil Yachty,1518821|392039|9554683,hip hop|pop rap|rap|underground hip hop|detroit hip hop|scam rap|atl hip hop|melodic rap|rap|trap,78|66|78,2023-09-01,day,60,2024-01-08
0.754,0.547,2,-6.13,1,0.298,0.441,0.00733,0.176,0.804,178.117,147026,4,2GVThPVZQQ1K21uEefG4r6,One Of Those Days (feat. Lil Yachty & with 347aidan),37i9dQZF1DZ06evO3IjBrq,"4B56PS5UUtnnRaGJvPvoyW,0bBz5bRBkExaej2HxtVfCw,6icQOAFXDZKsumw3YXyusw",Zack Bia|347aidan|Lil Yachty,5674|460954|9554683,|sad rap|atl hip hop|melodic rap|rap|trap,39|62|78,2023-02-22,day,56,2024-01-08
0.638,0.868,0,-3.99,1,0.0283,0.0736,4.38e-05,0.847,0.818,125.966,168723,4,5lrorOJfDv5rGUKqLDKqo8,sHouLd i B?,37i9dQZF1DZ06evO3IjBrq,6icQOAFXDZKsumw3YXyusw,Lil Yachty,9554683,atl hip hop|melodic rap|rap|trap,78,2023-01-27,day,58,2024-01-08
0.666,0.53,2,-7.509,1,0.232,0.144,0.0,0.135,0.202,159.988,132880,4,3GMkpfmfY5Z291hAlS3xqg,Forreal (feat. Lil Yachty),37i9dQZF1DZ06evO3IjBrq,"1t22AdiJ8P9eXOnoJ8xPJT,6icQOAFXDZKsumw3YXyusw",YTB Fatt|Lil Yachty,39449|9554683,memphis hip hop|atl hip hop|melodic rap|rap|trap,58|78,2023-12-15,day,60,2024-01-08
0.631,0.72,1,-5.262,1,0.0617,0.0779,0.00737,0.135,0.123,180.899,177158,4,6SN1H9p6A0UbsNpfkxEEX6,Hit Bout It,37i9dQZF1DZ06evO3IjBrq,"6icQOAFXDZKsumw3YXyusw,46SHBwWsqBkxI7EeeBEQG7",Lil Yachty|Kodak Black,9554683|10072386,atl hip hop|melodic rap|rap|trap|florida drill|florida rap|melodic rap|miami hip hop|rap|trap|trap latino,78|80,2021-02-19,day,61,2024-01-08
0.667,0.489,9,-8.772,0,0.422,0.197,0.0,0.159,0.392,145.048,239314,4,62hpoPrA3rtfeX1aWONig5,Split/Whole Time,37i9dQZF1DZ06evO3IjBrq,6icQOAFXDZKsumw3YXyusw,Lil Yachty,9554683,atl hip hop|melodic rap|rap|trap,78,2020-05-29,day,62,2024-01-08
0.593,0.692,2,-10.082,1,0.483,0.169,0.0,0.1,0.708,131.07,209615,4,4eEVH4nGz68ClNAwEI96ek,No Clue (feat. Lil Yachty),37i9dQZF1DZ06evO3IjBrq,"5yPzzu25VzEk8qrGTLIrE1,6icQOAFXDZKsumw3YXyusw",Young Nudy|Lil Yachty,1388610|9554683,pluggnb|rap|trap|atl hip hop|melodic rap|rap|trap,70|78,2017-09-13,day,61,2024-01-08
0.841,0.538,4,-7.365,1,0.166,0.0319,0.0,0.372,0.3,97.49,127690,4,4Jo9NBrz648AhHLtwSsNx4,Concrete Goonies,37i9dQZF1DZ06evO3IjBrq,6icQOAFXDZKsumw3YXyusw,Lil Yachty,9554683,atl hip hop|melodic rap|rap|trap,78,2021-04-23,day,57,2024-01-08
0.949,0.444,5,-7.301,1,0.212,0.0267,0.0,0.106,0.607,124.936,136640,4,2wK5badDdF5vOtv1ujYXhu,How You Feel? (Freestyle) (feat. Lil Yachty & Ski Mask the Slump God),37i9dQZF1DZ06evO3IjBrq,"1m7LSAMIB1BErIHYSOn32W,4e5oZygHeeRoTXc00gYWiu,6icQOAFXDZKsumw3YXyusw,2rhFzFmezpnW82MNqEKVry",DJ Scheme|Danny Towers|Lil Yachty|Ski Mask The Slump God,264976|45481|9554683|5634073,viral rap||atl hip hop|melodic rap|rap|trap|hip hop|miami hip hop|pop rap|rap|trap|underground hip hop,60|56|78|72,2020-12-04,day,57,2024-01-08
0.776,0.589,9,-4.543,0,0.115,0.319,0.0,0.0715,0.668,120.034,240093,4,0pJPdSVti6cTM1Q6xYGmcf,Faking It (feat. Kehlani & Lil Yachty),37i9dQZF1DZ06evO3IjBrq,"7CajNmpbOovFoOoasH2HaY,0cGUm45nv7Z6M6qdXYQGTX,6icQOAFXDZKsumw3YXyusw,4A0TivfinfALCAMJqqjZIk",Calvin Harris|Kehlani|Lil Yachty|Funk Wav,23070413|7416741|9554683|12579,dance pop|edm|electro house|house|pop|pop dance|progressive house|uk dance|pop|r&b|rap|atl hip hop|melodic rap|rap|trap|funktronica,84|72|78|63,2017-06-30,day,60,2024-01-08
0.776,0.844,0,-5.296,1,0.0483,0.00177,0.0273,0.0844,0.542,149.987,214723,4,15eWNa3kpCPKILbSvvzSWl,"Speed Me Up (with Ty Dolla $ign, Lil Yachty & Sueco the Child)",37i9dQZF1DZ06evO3IjBrq,"137W8MRPWKqSmrBGDBFSop,7c0XG5cIJTrrAgEC3ULPiq,6icQOAFXDZKsumw3YXyusw,4iDroUFo89Y7YBsdDTBmTD",Wiz Khalifa|Ty Dolla $ign|Lil Yachty|Sueco,11073613|4870732|9554683|554510,hip hop|pittsburgh rap|pop rap|rap|southern hip hop|trap|hip hop|pop rap|r&b|southern hip hop|trap|trap soul|atl hip hop|melodic rap|rap|trap|cali rap,80|79|78|60,2020-01-24,day,60,2024-01-08
0.877,0.617,11,-6.2,0,0.303,0.0378,0.0,0.263,0.484,136.01,102117,4,6og219WwSl2pU7oXyXfRMe,YAE ENERGY,37i9dQZF1DZ06evO3IjBrq,6icQOAFXDZKsumw3YXyusw,Lil Yachty,9554683,atl hip hop|melodic rap|rap|trap,78,2021-11-13,day,56,2024-01-08
0.681,0.821,11,-5.12,0,0.131,0.532,0.00111,0.0921,0.813,94.074,214701,4,5wxYxygyHpbgv0EXZuqb9V,on the street (with J. Cole),37i9dQZF1DZ06evO3K21mU,"0b1sIQumIAsNbqAoIClSpy,6l3HvQ5sa6mXTsMTB19rO5",j-hope|J. Cole,16774631|22394288,k-pop|k-rap|conscious hip hop|hip hop|north carolina hip hop|rap,69|86,2023-03-03,day,78,2024-01-08
0.765,0.591,5,-5.414,1,0.0831,0.482,6.94e-06,0.114,0.471,95.538,244446,4,44gmXwbdHjwQsQvsiraj14,Let Me Calm Down (feat. J. Cole),37i9dQZF1DZ06evO3K21mU,"0hCNtLu0JehylgoiP8L4Gh,6l3HvQ5sa6mXTsMTB19rO5",Nicki Minaj|J. Cole,30496118|22394288,hip pop|pop|queens hip hop|rap|conscious hip hop|hip hop|north carolina hip hop|rap,88|86,2023-12-08,day,79,2024-01-08
0.735,0.459,6,-10.164,0,0.273,0.706,2.04e-06,0.101,0.583,74.052,147667,4,2f86Ae3R4OKAu1lEIqouih,"To Summer, From Cole - Audio Hug",37i9dQZF1DZ06evO3K21mU,"57LYzLEk2LcFghVwuWbcuS,6l3HvQ5sa6mXTsMTB19rO5",Summer Walker|J. Cole,5871705|22394288,r&b|rap|conscious hip hop|hip hop|north carolina hip hop|rap,78|86,2023-05-19,day,75,2024-01-08
0.829,0.527,6,-6.644,0,0.367,0.482,0.0,0.631,0.475,116.079,200310,4,6tZ3b7ik1QDXFAZlXib0YZ,Kevin’s Heart,37i9dQZF1DZ06evO3K21mU,6l3HvQ5sa6mXTsMTB19rO5,J. Cole,22394288,conscious hip hop|hip hop|north carolina hip hop|rap,86,2018-04-20,day,76,2024-01-08
0.56,0.784,1,-5.304,1,0.301,0.0508,0.0,0.221,0.25,78.161,227692,4,2ut4BOQSqxLpcX5MtPjzYa,Evil Ways (feat. J. Cole),37i9dQZF1DZ06evO3K21mU,"3TVXtAsR1Inumwj472S9r4,6l3HvQ5sa6mXTsMTB19rO5",Drake|J. Cole,83626299|22394288,canadian hip hop|canadian pop|hip hop|pop rap|rap|conscious hip hop|hip hop|north carolina hip hop|rap,96|86,2023-11-17,day,76,2024-01-08
0.61,0.458,9,-11.336,1,0.36,0.696,0.000103,0.0852,0.246,192.099,240342,4,4at3d5QWnlibMVN75ECDrp,Pretty Little Fears (feat. J. Cole),37i9dQZF1DZ06evO3K21mU,"4IVAbR2w4JJNJDDRFP3E83,6l3HvQ5sa6mXTsMTB19rO5",6LACK|J. Cole,4574314|22394288,atl hip hop|melodic rap|r&b|rap|trap|conscious hip hop|hip hop|north carolina hip hop|rap,72|86,2018-09-14,day,75,2024-01-08
0.776,0.603,5,-5.696,1,0.0343,0.0728,6.25e-05,0.111,0.921,96.888,295920,4,5VA4Ispp52EA1sOqzMz3Av,All I Want Is You (feat. J. Cole),37i9dQZF1DZ06evO3K21mU,"360IAlyVv4PCEVjgyMZrxK,6l3HvQ5sa6mXTsMTB19rO5",Miguel|J. Cole,4903257|22394288,r&b|conscious hip hop|hip hop|north carolina hip hop|rap,78|86,2010-11-26,day,75,2024-01-08
0.759,0.494,2,-9.495,1,0.341,0.343,0.0,0.114,0.174,129.969,209752,4,0Fg88OWOdERXLMDcTWYwjf,Home Alone (with J. Cole),37i9dQZF1DZ06evO3K21mU,"70gP6Ry4Uo0Yx6uzPIdaiJ,6l3HvQ5sa6mXTsMTB19rO5",Bas|J. Cole,545807|22394288,queens hip hop|rap|sudanese hip hop|sudanese pop|underground hip hop|conscious hip hop|hip hop|north carolina hip hop|rap,66|86,2023-12-15,day,71,2024-01-08
0.474,0.833,1,-5.315,1,0.439,0.145,0.0,0.0949,0.414,195.733,95903,4,5Mkbqot9JUaN5XhRgqITME,Adonis Interlude (The Montage) (with J. Cole),37i9dQZF1DZ06evO3K21mU,"1iNqsUDUraNWrj00bqssQG,6l3HvQ5sa6mXTsMTB19rO5",Dreamville|J. Cole,608984|22394288,hip hop|pop rap|rap|conscious hip hop|hip hop|north carolina hip hop|rap,66|86,2023-03-03,day,69,2024-01-08
0.802,0.544,5,-9.212,1,0.0686,0.605,0.0,0.102,0.57,133.992,292865,4,5O59s7bCgTFsXDXlWecyQ1,Apparently,37i9dQZF1DZ06evO3K21mU,6l3HvQ5sa6mXTsMTB19rO5,J. Cole,22394288,conscious hip hop|hip hop|north carolina hip hop|rap,86,2014-12-09,day,72,2024-01-08
0.77,0.574,1,-5.525,1,0.106,0.0617,0.0,0.104,0.104,98.962,133022,3,08LwMWf5Tcfsd752EPzFV0,i n t e r l u d e,37i9dQZF1DZ06evO3K21mU,6l3HvQ5sa6mXTsMTB19rO5,J. Cole,22394288,conscious hip hop|hip hop|north carolina hip hop|rap,86,2021-05-14,day,68,2024-01-08
0.597,0.568,5,-8.559,1,0.342,0.242,0.0,0.0838,0.342,84.052,242698,4,6LBpGdlukUARutol7VgWIS,January 28th,37i9dQZF1DZ06evO3K21mU,6l3HvQ5sa6mXTsMTB19rO5,J. Cole,22394288,conscious hip hop|hip hop|north carolina hip hop|rap,86,2014-12-09,day,70,2024-01-08
0.439,0.204,2,-15.165,1,0.0587,0.766,0.0913,0.284,0.0408,139.652,209080,4,0HtOJj7Kl74s1Ngf3MWeif,She's Mine Pt. 1,37i9dQZF1DZ06evO3K21mU,6l3HvQ5sa6mXTsMTB19rO5,J. Cole,22394288,conscious hip hop|hip hop|north carolina hip hop|rap,86,2016-12-09,day,69,2024-01-08
0.44,0.671,3,-10.598,0,0.477,0.764,0.0,0.212,0.479,83.078,234387,4,4OkiWfrZKmmVoILXk8JEtl,In The Morning,37i9dQZF1DZ06evO3K21mU,"6l3HvQ5sa6mXTsMTB19rO5,3TVXtAsR1Inumwj472S9r4",J. Cole|Drake,22394288|83626299,conscious hip hop|hip hop|north carolina hip hop|rap|canadian hip hop|canadian pop|hip hop|pop rap|rap,86|96,2011-09-27,day,71,2024-01-08
0.709,0.49,4,-7.457,0,0.0757,0.11,0.00345,0.12,0.0397,155.069,211610,4,5BOBHIBuzvQuIYL1E1nDzl,Shea Butter Baby (with J. Cole),37i9dQZF1DZ06evO3K21mU,"1vaQ6v3pOFxAIrFoPrAcom,6l3HvQ5sa6mXTsMTB19rO5",Ari Lennox|J. Cole,727262|22394288,alternative r&b|conscious hip hop|hip hop|north carolina hip hop|rap,61|86,2019-05-07,day,67,2024-01-08
0.486,0.194,2,-15.265,1,0.0712,0.798,0.00624,0.114,0.048,70.031,278920,4,5rmcjZTrE9JR1YrbNZDFNW,She's Mine Pt. 2,37i9dQZF1DZ06evO3K21mU,6l3HvQ5sa6mXTsMTB19rO5,J. Cole,22394288,conscious hip hop|hip hop|north carolina hip hop|rap,86,2016-12-09,day,69,2024-01-08
0.769,0.74,11,-6.579,0,0.378,0.197,0.0,0.171,0.692,94.104,112579,4,57ZUX6TNyKLBydAdVVd02x,p u n c h i n ‘ . t h e . c l o c k,37i9dQZF1DZ06evO3K21mU,6l3HvQ5sa6mXTsMTB19rO5,J. Cole,22394288,conscious hip hop|hip hop|north carolina hip hop|rap,86,2021-05-14,day,65,2024-01-08
0.825,0.672,0,-7.108,1,0.418,0.0858,0.0,0.123,0.246,147.01,382307,4,7wTA0NKIm6T7nP2kaymU2a,Sacrifices (with EARTHGANG & J. Cole feat. Smino & Saba),37i9dQZF1DZ06evO3K21mU,"1iNqsUDUraNWrj00bqssQG,5MbNzCW3qokGyoo9giHA3V,6l3HvQ5sa6mXTsMTB19rO5,1ybINI1qPiFbwDXamRtwxD,7Hjbimq43OgxaBRpFXic4x",Dreamville|EARTHGANG|J. Cole|Smino|Saba,608984|820156|22394288|885595|729825,hip hop|pop rap|rap|atl hip hop|hip hop|indie hip hop|psychedelic hip hop|rap|underground hip hop|conscious hip hop|hip hop|north carolina hip hop|rap|alternative r&b|alternative r&b|chicago rap,66|63|86|65|61,2019-07-05,day,70,2024-01-08
0.861,0.637,6,-7.701,0,0.133,0.392,0.0,0.0929,0.754,87.006,198621,4,2DTpP3caqX3QdJIEoS83mD,Your Heart,37i9dQZF1DZ06evO3K21mU,"6C1ohJrd5VydigQtaGy5Wa,6l3HvQ5sa6mXTsMTB19rO5",Joyner Lucas|J. Cole,2136609|22394288,boston hip hop|hip hop|pop rap|rap|conscious hip hop|hip hop|north carolina hip hop|rap,68|86,2021-09-24,day,67,2024-01-08
0.784,0.517,4,-8.981,0,0.209,0.0249,1.44e-06,0.155,0.206,97.991,200187,4,3s4mrPrEFFPF0LmAfutW0n,The London (feat. J. Cole & Travis Scott),37i9dQZF1DZ06evO3K21mU,"50co4Is1HCEo8bhOyUWKpn,6l3HvQ5sa6mXTsMTB19rO5,0Y5tJX1MQlPlqiwlOH1tJY",Young Thug|J. Cole|Travis Scott,9355686|22394288|26203362,atl hip hop|atl trap|gangster rap|melodic rap|rap|trap|conscious hip hop|hip hop|north carolina hip hop|rap|hip hop|rap|slap house,83|86|91,2019-08-16,day,69,2024-01-08
0.583,0.625,1,-8.011,1,0.277,0.506,0.0,0.196,0.516,89.812,266291,4,0GAyuCo975IHGxxiLKDufB,l e t . g o . m y . h a n d (with Bas & 6LACK),37i9dQZF1DZ06evO3K21mU,"6l3HvQ5sa6mXTsMTB19rO5,70gP6Ry4Uo0Yx6uzPIdaiJ,4IVAbR2w4JJNJDDRFP3E83",J. Cole|Bas|6LACK,22394288|545807|4574314,conscious hip hop|hip hop|north carolina hip hop|rap|queens hip hop|rap|sudanese hip hop|sudanese pop|underground hip hop|atl hip hop|melodic rap|r&b|rap|trap,86|66|72,2021-05-14,day,68,2024-01-08
0.761,0.586,0,-5.368,1,0.359,0.0392,0.0,0.0558,0.719,149.804,169147,4,36J0iaPDGbYGsHvYpaYs3k,"Down Bad (feat. JID, Bas, J. Cole, EARTHGANG & Young Nudy)",37i9dQZF1DZ06evO3K21mU,"1iNqsUDUraNWrj00bqssQG,6U3ybJ9UHNKEdsH7ktGBZ7,70gP6Ry4Uo0Yx6uzPIdaiJ,6l3HvQ5sa6mXTsMTB19rO5,5MbNzCW3qokGyoo9giHA3V,5yPzzu25VzEk8qrGTLIrE1",Dreamville|JID|Bas|J. Cole|EARTHGANG|Young Nudy,608984|1518821|545807|22394288|820156|1388610,hip hop|pop rap|rap|hip hop|pop rap|rap|underground hip hop|queens hip hop|rap|sudanese hip hop|sudanese pop|underground hip hop|conscious hip hop|hip hop|north carolina hip hop|rap|atl hip hop|hip hop|indie hip hop|psychedelic hip hop|rap|underground hip hop|pluggnb|rap|trap,66|78|66|86|63|70,2019-07-05,day,68,2024-01-08
0.74,0.523,11,-10.753,0,0.233,0.666,0.00142,0.0968,0.235,97.063,331480,4,3pjUyVbFmM96tYhSaKJwTt,Change,37i9dQZF1DZ06evO3K21mU,6l3HvQ5sa6mXTsMTB19rO5,J. Cole,22394288,conscious hip hop|hip hop|north carolina hip hop|rap,86,2016-12-09,day,69,2024-01-08
0.755,0.594,7,-5.906,1,0.216,0.241,0.0,0.107,0.237,178.929,238053,4,0YAQnYt2oB8OdoaeqnHyTI,Tribe (with J. Cole),37i9dQZF1DZ06evO3K21mU,"70gP6Ry4Uo0Yx6uzPIdaiJ,6l3HvQ5sa6mXTsMTB19rO5",Bas|J. Cole,545807|22394288,queens hip hop|rap|sudanese hip hop|sudanese pop|underground hip hop|conscious hip hop|hip hop|north carolina hip hop|rap,66|86,2018-08-24,day,67,2024-01-08
0.686,0.667,2,-7.284,1,0.426,0.296,0.0,0.218,0.667,77.977,178292,4,19h1LNf7idduUW3jBeswB8,Heaven’s EP (with J. Cole),37i9dQZF1DZ06evO3K21mU,"1iNqsUDUraNWrj00bqssQG,6l3HvQ5sa6mXTsMTB19rO5",Dreamville|J. Cole,608984|22394288,hip hop|pop rap|rap|conscious hip hop|hip hop|north carolina hip hop|rap,66|86,2022-03-31,day,65,2024-01-08
0.586,0.512,8,-8.819,0,0.0668,0.723,0.0002,0.119,0.235,75.857,235480,4,1oOEkBNp4zWnkD7nWjJdog,Snow On Tha Bluff,37i9dQZF1DZ06evO3K21mU,6l3HvQ5sa6mXTsMTB19rO5,J. Cole,22394288,conscious hip hop|hip hop|north carolina hip hop|rap,86,2020-06-16,day,66,2024-01-08
0.84,0.504,1,-9.354,1,0.383,0.546,0.00131,0.211,0.406,110.027,268667,4,1mvDFqbbmgmMmU6U4dIq5m,Forbidden Fruit (feat. Kendrick Lamar),37i9dQZF1DZ06evO3K21mU,"6l3HvQ5sa6mXTsMTB19rO5,2YZyLoL8N0Wb9xBt1NhZWg",J. Cole|Kendrick Lamar,22394288|26526500,conscious hip hop|hip hop|north carolina hip hop|rap|conscious hip hop|hip hop|rap|west coast rap,86|87,2013-06-18,day,69,2024-01-08
0.87,0.386,7,-7.843,0,0.0684,0.745,0.00013,0.122,0.642,119.91,194347,3,2z3joGXrdGL2iEjIKQTiN1,Ville Mentality,37i9dQZF1DZ06evO3K21mU,6l3HvQ5sa6mXTsMTB19rO5,J. Cole,22394288,conscious hip hop|hip hop|north carolina hip hop|rap,86,2016-12-09,day,65,2024-01-08
0.768,0.626,7,-6.516,1,0.125,0.215,2.63e-05,0.144,0.551,147.77,208270,4,078lbDGGTqBuTKU3bypXxQ,90 Proof (with J. Cole),37i9dQZF1DZ06evO3K21mU,"1ybINI1qPiFbwDXamRtwxD,6l3HvQ5sa6mXTsMTB19rO5",Smino|J. Cole,885595|22394288,alternative r&b|conscious hip hop|hip hop|north carolina hip hop|rap,65|86,2022-10-28,day,62,2024-01-08
0.669,0.419,1,-6.724,0,0.522,0.376,0.0,0.187,0.0397,109.813,215320,4,3s7MCdXyWmwjdcWh7GWXas,Violent Crimes,37i9dQZF1DZ06evO3nMr04,5K4W6rqBFWDnAN6FQUkS6x,Kanye West,22986248,chicago rap|hip hop|rap,91,2018-06-01,day,85,2024-01-08
0.582,0.272,2,-5.662,1,0.0501,0.875,0.0,0.13,0.354,205.846,188238,4,78TTtXnFQPzwqlbtbwqN0y,FourFiveSeconds,37i9dQZF1DZ06evO3nMr04,"5pKCCKE2ajJHZ9KAiaK11H,5K4W6rqBFWDnAN6FQUkS6x,4STHEaNw4mPZ2tzheohgXB",Rihanna|Kanye West|Paul McCartney,58780253|22986248|4642978,barbadian pop|pop|urban contemporary|chicago rap|hip hop|rap|classic rock|mellow gold|rock|soft rock,89|91|75,2015-01-24,day,81,2024-01-08
0.573,0.545,7,-4.247,0,0.0288,0.0969,0.0,0.329,0.297,83.378,271387,4,7vgTNTaEz3CsBZ1N4YQalM,Ghost Town,37i9dQZF1DZ06evO3nMr04,"5K4W6rqBFWDnAN6FQUkS6x,2HPaUgqeutzr3jx5a9WyDV",Kanye West|PARTYNEXTDOOR,22986248|6064028,chicago rap|hip hop|rap|r&b|rap|urban contemporary,91|78,2018-06-01,day,82,2024-01-08
0.529,0.9,1,-3.503,1,0.418,0.000248,1.21e-05,0.0426,0.434,180.291,104591,4,2QpGZOhTCHHiKmpSO9FW4h,Follow God,37i9dQZF1DZ06evO3nMr04,5K4W6rqBFWDnAN6FQUkS6x,Kanye West,22986248,chicago rap|hip hop|rap,91,2019-10-25,day,77,2024-01-08
0.712,0.554,1,-6.982,0,0.211,0.157,0.0,0.12,0.535,146.086,237535,4,21vc2kQZMS00cAyNT82a1M,Vultures,37i9dQZF1DZ06evO3nMr04,"4xPQFgDA5M2xa0ZGo5iIsv,5K4W6rqBFWDnAN6FQUkS6x,7c0XG5cIJTrrAgEC3ULPiq,3L6bhGrHegoci41Jx2nP0V",¥$|Kanye West|Ty Dolla $ign|Bump J,220907|22986248|4870732|10075,|chicago rap|hip hop|rap|hip hop|pop rap|r&b|southern hip hop|trap|trap soul|chicago rap,61|91|79|61,2023-11-22,day,82,2024-01-08
0.712,0.861,5,-5.487,0,0.25,0.0182,6.09e-06,0.511,0.388,84.042,148571,4,06JvOZ39sK8D8SqiqfaxDU,True Love,37i9dQZF1DZ06evO3nMr04,"5K4W6rqBFWDnAN6FQUkS6x,15UsOTVnJzReFVN1VCnxy4",Kanye West|XXXTENTACION,22986248|43791982,chicago rap|hip hop|rap|emo rap|miami hip hop|rap,91|85,2022-05-27,day,77,2024-01-08
0.319,0.236,5,-9.644,1,0.0318,0.898,1.62e-05,0.272,0.254,162.351,156091,4,7CC6UbCs4iGsePSzFxYxNn,Moon,37i9dQZF1DZ06evO3nMr04,5K4W6rqBFWDnAN6FQUkS6x,Kanye West,22986248,chicago rap|hip hop|rap,91,2021-08-29,day,75,2024-01-08
0.48,0.808,5,-4.133,1,0.0423,0.0259,0.0,0.267,0.37,123.387,201453,4,4bDPr2VAjcfgUDmN9dGOC3,Why I Love You,37i9dQZF1DZ06evO3nMr04,"3nFkdlSjzX9mRTtwJOzDYB,5K4W6rqBFWDnAN6FQUkS6x,1zV9UjTUevjp5VUddqIUUn",JAY-Z|Kanye West|Mr Hudson,8801570|22986248|26475,east coast hip hop|gangster rap|hip hop|pop rap|rap|chicago rap|hip hop|rap|,82|91|59,2011-08-08,day,76,2024-01-08
0.754,0.631,7,-4.751,0,0.307,0.552,0.0,0.5,0.432,94.577,178213,4,14I61w6cyYUHiV2n28IYdP,Otis,37i9dQZF1DZ06evO3nMr04,"3nFkdlSjzX9mRTtwJOzDYB,5K4W6rqBFWDnAN6FQUkS6x,60df5JBRRPcnSpsIMxxwQm",JAY-Z|Kanye West|Otis Redding,8801570|22986248|2177412,east coast hip hop|gangster rap|hip hop|pop rap|rap|chicago rap|hip hop|rap|classic soul|memphis soul|soul|soul blues|southern soul|vocal jazz,82|91|71,2011-08-08,day,75,2024-01-08
0.901,0.522,2,-8.304,1,0.33,0.0114,0.0,0.259,0.329,104.053,127947,4,4S8d14HvHb70ImctNgVzQQ,I Love It (& Lil Pump),37i9dQZF1DZ06evO3nMr04,"5K4W6rqBFWDnAN6FQUkS6x,3wyVrVrFCkukjdVIdirGVY",Kanye West|Lil Pump,22986248|7849798,chicago rap|hip hop|rap|emo rap|miami hip hop|pop rap|rap|trap,91|63,2018-09-07,day,75,2024-01-08
0.693,0.434,4,-8.786,0,0.385,0.204,0.0,0.277,0.542,147.066,119738,4,0F13K9dwYH2zpTWiR8d628,Go2DaMoon (feat. Kanye West),37i9dQZF1DZ06evO3nMr04,"699OTQXzgjhIYAHMy9RyPD,5K4W6rqBFWDnAN6FQUkS6x",Playboi Carti|Kanye West,9643234|22986248,atl hip hop|plugg|pluggnb|rage rap|rap|chicago rap|hip hop|rap,84|91,2020-12-25,day,73,2024-01-08
0.687,0.631,9,-5.612,1,0.129,0.063,0.0,0.108,0.853,186.071,192253,4,6XkuklKiHYVTlVvWlTgQYP,Erase Me - Main,37i9dQZF1DZ06evO3nMr04,"0fA0VVWsXO9YnASrzqfmYu,5K4W6rqBFWDnAN6FQUkS6x",Kid Cudi|Kanye West,6788413|22986248,hip hop|ohio hip hop|pop rap|rap|chicago rap|hip hop|rap,79|91,2010-11-09,day,72,2024-01-08
0.598,0.713,6,-3.625,0,0.0326,0.0207,0.000175,0.431,0.118,91.964,357653,4,23SZWX2IaDnxmhFsSLvkG2,Gorgeous,37i9dQZF1DZ06evO3nMr04,"5K4W6rqBFWDnAN6FQUkS6x,0fA0VVWsXO9YnASrzqfmYu,2yQf6b8hxahZaT5dHlWaB1",Kanye West|Kid Cudi|Raekwon,22986248|6788413|581494,chicago rap|hip hop|rap|hip hop|ohio hip hop|pop rap|rap|east coast hip hop|hardcore hip hop,91|79|66,2010-11-22,day,74,2024-01-08
0.587,0.561,0,-6.569,1,0.146,0.0466,0.0,0.109,0.351,80.009,243187,4,6Hfu9sc7jvv6coyy2LlzBF,Hurricane,37i9dQZF1DZ06evO3nMr04,5K4W6rqBFWDnAN6FQUkS6x,Kanye West,22986248,chicago rap|hip hop|rap,91,2021-08-29,day,74,2024-01-08
0.546,0.64,8,-5.582,1,0.37,0.0438,0.0,0.137,0.63,137.728,339250,4,6LNoArVBBVZzUTUiAX2aKO,Off The Grid,37i9dQZF1DZ06evO3nMr04,5K4W6rqBFWDnAN6FQUkS6x,Kanye West,22986248,chicago rap|hip hop|rap,91,2021-08-29,day,74,2024-01-08
0.605,0.469,9,-3.182,0,0.327,0.487,0.0,0.28,0.515,101.601,156480,4,1gqkRc9WtOpnGIqxf2Hvzr,On Sight,37i9dQZF1DZ06evO3nMr04,5K4W6rqBFWDnAN6FQUkS6x,Kanye West,22986248,chicago rap|hip hop|rap,91,2013-06-18,day,72,2024-01-08
