danceability,energy,key,loudness,mode,speechiness,acousticness,instrumentalness,liveness,valence,tempo,duration_ms,time_signature,track_id,track_name,track_artists_id,track_artists_name,track_artists_followers,track_artists_popularity,release_date,release_date_precision,popularity,generated_timestamp
0.594,0.469,4,-9.192,0,0.476,0.412,2.57e-06,0.0911,0.473,74.517,225000,5,2Y3EY4bEFhRbRvys4Fo9jK,World War 3,3r8Hq14XJAyy6K8mlBs2s5,Rebel Sixx,50069,32,2020-02-13,day,30,2023-12-19
0.817,0.441,8,-9.154,0,0.311,0.494,1.16e-05,0.0749,0.433,99.935,172800,4,3YK38gmKuG9reDly3KeKQ8,Weak Heart,3r8Hq14XJAyy6K8mlBs2s5,Rebel Sixx,50069,32,2020-01-17,day,23,2023-12-19
0.833,0.511,0,-7.91,0,0.202,0.73,0.0,0.224,0.49,100.044,203990,4,5wPcFRwPMK1aVhboTtJK5f,Rifle War,3r8Hq14XJAyy6K8mlBs2s5,Rebel Sixx,50069,32,2020-01-01,day,37,2023-12-19
0.688,0.734,6,-3.922,0,0.437,0.569,0.0,0.315,0.501,55.547,161071,4,0MCA6RAlibvowsEaZy9p8y,Welcome 2 TriniBad,"6QJrx4J9XqIxXUBhacoJHC,22VTLijlsfRm7CFJPHnj72","Medz Boss,Icee Dan","33706,13","26,0",2020-03-06,day,35,2023-12-19
0.738,0.629,9,-10.361,0,0.405,0.316,4.88e-06,0.0903,0.318,133.324,206495,5,3KowpMVfbYubAEk68w8qT1,Work,"6QJrx4J9XqIxXUBhacoJHC,4Eg9wMIN73JI2iMSj1b05y","Medz Boss,Kyler","33706,67","26,4",2019-10-17,day,14,2023-12-19
0.879,0.673,0,-8.447,0,0.257,0.655,0.0,0.103,0.657,91.527,194119,4,4jmstnoEZPzv3z5eI42KG4,Long Time,6QJrx4J9XqIxXUBhacoJHC,Medz Boss,33706,26,2019-10-17,day,20,2023-12-19
0.561,0.642,10,-5.014,0,0.303,0.463,0.0,0.133,0.264,63.17,177659,3,7GqFgSi809aPSq4jwAqa1F,MEDTek Life,6QJrx4J9XqIxXUBhacoJHC,Medz Boss,33706,26,2020-01-18,day,21,2023-12-19
0.629,0.549,11,-8.933,0,0.28,0.87,0.0,0.161,0.547,100.045,194096,4,7xRW9W9dbsbKrt9dWawAF5,Fear We,6QJrx4J9XqIxXUBhacoJHC,Medz Boss,33706,26,2019-10-11,day,32,2023-12-19
0.565,0.529,7,-9.547,0,0.445,0.629,0.0,0.607,0.173,127.96,180000,5,46i8AWxlJkIjXj9mH9xrZf,War Start,1q8eLau7GFYIqG56nO7Cwt,CJ Dan,6759,8,2019-12-02,day,0,2023-12-19
0.87,0.494,2,-6.46,1,0.393,0.345,0.0,0.0754,0.526,99.97,174000,4,0XD8Gu2zhc8T0vX0xndGaz,Santa Cruz,1q8eLau7GFYIqG56nO7Cwt,CJ Dan,6759,8,2019-12-17,day,21,2023-12-19
0.619,0.489,6,-10.842,1,0.789,0.0784,0.0,0.106,0.355,131.774,187819,5,0PPzyHDLMpja5U3RqJegCP,Protect Yuh Life,"1q8eLau7GFYIqG56nO7Cwt,1z3USAQkpBPZ7J9In62MFb","CJ Dan,Vers","6759,870","8,6",2019-05-31,day,17,2023-12-19
0.819,0.568,5,-6.389,0,0.256,0.507,0.0,0.11,0.39,100.051,146955,4,2bQzXrzbcyJr78LdHpDwQY,Adrenaline,3UwGbC4Sl9MmonrpWo6grS,Boy Boy,28641,39,2019-10-01,day,51,2023-12-19
0.579,0.594,10,-9.885,0,0.249,0.117,0.0,0.17,0.414,124.784,182927,5,1Ka57wTaOw10FpX7HRUPKE,Die Die,3UwGbC4Sl9MmonrpWo6grS,Boy Boy,28641,39,2019-09-18,day,37,2023-12-19
0.748,0.3,9,-15.961,0,0.556,0.407,0.0,0.0905,0.265,132.758,187272,5,21KP3XpgIzDDt9rzgjD8dY,Rabia,3UwGbC4Sl9MmonrpWo6grS,Boy Boy,28641,39,2020-01-03,day,22,2023-12-19
0.945,0.676,6,-6.939,0,0.334,0.271,0.0,0.102,0.814,106.728,138067,4,2T8GiqWOZfjW3XwhVpoW9a,Zesser More Zessing,1yBSwrhGAh8xLabpLtbzTL,Trinidad Ghost,611,6,2020-07-01,day,37,2023-12-19
0.592,0.57,6,-9.438,0,0.272,0.457,0.0,0.0891,0.164,131.881,194926,5,6wn3vuQJnKgF1kwfYo8TOa,AR 15,3ATKkAzfZsIJuoCnOepK67,Trigger Dan,1790,6,2019-02-18,day,23,2023-12-19
0.818,0.485,1,-13.836,0,0.527,0.425,1.33e-06,0.0886,0.219,65.439,197784,3,3ZK1L4ZP55CVwEIQ6kSpF6,Heaven,6wrNAJbDJ1gRcACD4l0ZNz,2k Zelle,462,5,2018-08-07,day,22,2023-12-19
0.625,0.668,8,-4.838,1,0.185,0.262,0.0,0.12,0.298,128.318,177647,5,0DhOQjBHAQpr32thkMN7qx,ME1,3iWwLfjZAKzmAB57v38i45,Raskality,5666,14,2019-07-04,day,14,2023-12-19
0.873,0.444,8,-4.758,0,0.0701,0.218,1.64e-05,0.263,0.735,99.986,204147,4,6eeRZj1uNCKglx0Ztkwntg,Violation,32nq4XgOuAaSoDItiHi9Uu,Boogie and G5,2716,3,2019-06-30,day,18,2023-12-19
0.683,0.455,9,-10.688,0,0.294,0.579,0.00149,0.112,0.282,132.985,177046,5,2nzbXgD7dS6pQCt0bvCdZd,Play Mad,0RyIm05wJ3OkfUC9w84mly,Leo King,1243,1,2019-05-17,day,7,2023-12-19
0.791,0.327,1,-12.23,1,0.405,0.144,0.0,0.223,0.446,99.865,185318,4,2L0zqG5XhtUQlY4wZYFXlW,No Kriminal,0RyIm05wJ3OkfUC9w84mly,Leo King,1243,1,2019-01-28,day,0,2023-12-19
0.753,0.658,6,-4.899,0,0.149,0.0813,0.0,0.132,0.497,199.893,199407,4,5TxhYV1tPYi2clOzsR0MrF,My Journey,58GP6t4N8aiJkHTOM41ECz,Plumpy Boss,20294,29,2018-10-19,day,28,2023-12-19
0.729,0.446,6,-4.881,1,0.412,0.495,5.81e-06,0.14,0.331,92.832,209110,4,1PU9tXyTkEUuVwqmghk0TC,Drama,58GP6t4N8aiJkHTOM41ECz,Plumpy Boss,20294,29,2019-11-15,day,19,2023-12-19
0.625,0.707,11,-7.29,0,0.443,0.734,0.0,0.164,0.539,96.965,196837,4,5y9RZ1drpPaWnYnBZg0zbK,My Story,58GP6t4N8aiJkHTOM41ECz,Plumpy Boss,20294,29,2019-05-31,day,30,2023-12-19
0.598,0.526,4,-9.075,0,0.433,0.829,0.0012,0.111,0.178,99.54,201637,4,3lchEyFZsEZitzLKymD0Nc,Badness,58GP6t4N8aiJkHTOM41ECz,Plumpy Boss,20294,29,2019-01-18,day,18,2023-12-19
0.892,0.505,8,-6.609,0,0.0745,0.656,0.0,0.326,0.768,100.007,128448,4,5r6SDXeZmaNlA9bDNtpuW7,March Out,7zow5Va8ESrfnxvUF62HRH,Icee Dan,7933,21,2019-10-18,day,24,2023-12-19
0.767,0.776,0,-6.026,1,0.252,0.0722,0.0,0.124,0.707,100.164,174586,4,1IYfttY0MISlli2vuuvXmY,Up in Her,2Jv0w50BNaGlwnXpq69HGm,Prince Swanny,110479,42,2019-07-19,day,18,2023-12-19
0.858,0.56,7,-5.52,1,0.126,0.148,0.0,0.279,0.297,97.987,161633,4,161otjvz4uq0emZV2VSamG,My Team,2Jv0w50BNaGlwnXpq69HGm,Prince Swanny,110479,42,2020-01-10,day,10,2023-12-19
0.781,0.664,6,-6.261,0,0.171,0.256,0.0,0.18,0.505,100.042,206448,4,4RlWhK4iGgRMcLE4iJSDzs,Stacking,2Jv0w50BNaGlwnXpq69HGm,Prince Swanny,110479,42,2019-09-07,day,28,2023-12-19
0.818,0.581,9,-7.173,0,0.0467,0.211,0.0,0.151,0.332,100.055,163224,1,2vVHPNZS2XSqhQpp5EqQEL,Through The Storm,2Jv0w50BNaGlwnXpq69HGm,Prince Swanny,110479,42,2019-11-29,day,25,2023-12-19
0.708,0.627,11,-6.16,0,0.0961,0.779,0.0,0.248,0.576,99.887,196848,4,2feAJHCfwyGdleWaBxBMx1,Dreams,2Jv0w50BNaGlwnXpq69HGm,Prince Swanny,110479,42,2019-06-07,day,39,2023-12-19
0.536,0.722,6,-5.473,1,0.346,0.378,0.0,0.106,0.635,89.524,170323,4,2NvvlvoJ2GwAPm6eprR9Xn,Bread Winner,2Jv0w50BNaGlwnXpq69HGm,Prince Swanny,110479,42,2019-04-27,day,35,2023-12-19
0.611,0.433,6,-11.762,0,0.184,0.298,0.0,0.179,0.499,99.941,196791,4,2bxinDmXBPJIMI4JLaxEUj,Watch Your Friends,2Jv0w50BNaGlwnXpq69HGm,Prince Swanny,110479,42,2018-08-17,day,22,2023-12-19
0.799,0.692,8,-4.058,0,0.186,0.258,0.0,0.108,0.327,99.995,175200,4,3MpbRnELaqYKMvGmudyn0A,Real Mad Dawgs,2Jv0w50BNaGlwnXpq69HGm,Prince Swanny,110479,42,2020-01-17,day,35,2023-12-19
0.833,0.48,1,-8.973,0,0.0519,0.566,0.0,0.135,0.726,108.985,181890,4,4Zw3tuvYoHSec4hLbUG63a,Unknown Car,2Jv0w50BNaGlwnXpq69HGm,Prince Swanny,110479,42,2018-06-08,day,24,2023-12-19
0.75,0.612,8,-7.651,1,0.115,0.124,0.0,0.0689,0.363,105.019,226351,4,0QeCogkgKfyuNa6xbPa9F0,Day One Dawgz (Parallel Riddim),2Jv0w50BNaGlwnXpq69HGm,Prince Swanny,110479,42,2017-12-22,day,11,2023-12-19
0.541,0.79,6,-4.64,0,0.139,0.307,2.91e-06,0.207,0.421,97.776,194448,4,4vMHb0zEv0PnDsiRyXHK3N,Lef Mi Alone,2Jv0w50BNaGlwnXpq69HGm,Prince Swanny,110479,42,2019-02-06,day,10,2023-12-19
0.606,0.865,4,-0.642,0,0.219,0.67,0.0,0.121,0.422,94.117,192128,4,5S5NnFS2LhCVoSbWmevXQG,Bonafide,2Jv0w50BNaGlwnXpq69HGm,Prince Swanny,110479,42,2019-12-27,day,41,2023-12-19
0.904,0.6,7,-6.211,1,0.336,0.237,0.0,0.112,0.646,99.949,195814,4,4bRDN062IRSGZ3OEZ23Fzx,Right Now,2Jv0w50BNaGlwnXpq69HGm,Prince Swanny,110479,42,2019-04-05,day,9,2023-12-19
0.623,0.774,9,-6.003,0,0.0792,0.26,0.0,0.164,0.745,102.404,145882,4,6pWaU8G1BmpUfVKk1ePXP1,Mad Mi So,2Jv0w50BNaGlwnXpq69HGm,Prince Swanny,110479,42,2020-01-17,day,35,2023-12-19
0.45,0.807,8,-4.1,0,0.324,0.256,0.0,0.135,0.299,88.89,251185,4,1cvkRNLXX4BWPZ6bzIRn5n,Awakening (3rd Eye Riddim),2Jv0w50BNaGlwnXpq69HGm,Prince Swanny,110479,42,2019-09-27,day,6,2023-12-19
0.604,0.682,11,-6.517,0,0.176,0.506,0.0,0.0926,0.425,76.142,255648,4,7cFNi8u0TkLiLydiwdeu4w,Life Mi Live,2Jv0w50BNaGlwnXpq69HGm,Prince Swanny,110479,42,2019-04-19,day,15,2023-12-19
0.585,0.781,1,-3.861,0,0.279,0.282,0.0,0.219,0.345,97.938,177699,4,53z9xoWTnO5BYNUUqovX6T,War Dem Want,6CxUKwVnCBKKP60XMvnMOL,Jahllano,19787,24,2018-08-31,day,28,2023-12-19
0.766,0.601,2,-8.882,0,0.313,0.602,2.4e-05,0.201,0.439,119.04,208315,4,5PladfqJw4e4lOKvyJaH7W,Sen Dem Out,6CxUKwVnCBKKP60XMvnMOL,Jahllano,19787,24,2018-09-28,day,24,2023-12-19
0.704,0.54,5,-8.019,0,0.485,0.183,0.0,0.14,0.471,65.962,166388,5,4ldvcEduEhNJSoMob2CLrH,Come From Nothing,6CxUKwVnCBKKP60XMvnMOL,Jahllano,19787,24,2019-07-19,day,15,2023-12-19
0.523,0.669,6,-5.451,1,0.38,0.23,0.0,0.196,0.58,87.468,147097,4,3Ra8BI93mKfo9N6GBeieXC,Need a Change,6CxUKwVnCBKKP60XMvnMOL,Jahllano,19787,24,2019-04-27,day,25,2023-12-19
0.617,0.528,9,-8.548,0,0.454,0.275,0.0,0.0831,0.502,120.529,157803,5,4paVh8BUwk6sefYXTdh9yQ,We Badness Expensive,6CxUKwVnCBKKP60XMvnMOL,Jahllano,19787,24,2019-12-11,day,0,2023-12-19
0.591,0.652,4,-5.769,1,0.103,0.561,5.59e-06,0.0793,0.612,100.03,163200,4,6OppoqjaEkXBav5EQ8UXdu,Zesser,3iWwLfjZAKzmAB57v38i45,Raskality,5666,14,2019-03-01,day,21,2023-12-19
0.804,0.694,5,-6.279,0,0.338,0.332,0.0,0.145,0.521,67.309,166388,3,6PZNwGXVSVv2mEyNJ47A5W,Draco,"3iWwLfjZAKzmAB57v38i45,6CxUKwVnCBKKP60XMvnMOL","Raskality,Jahllano","5666,19787","14,24",2019-07-19,day,16,2023-12-19
0.621,0.743,2,-4.266,0,0.416,0.673,0.0,0.193,0.718,141.817,186758,5,23jXNDEJFCWK96A5rf2uyo,Accustom,6CxUKwVnCBKKP60XMvnMOL,Jahllano,19787,24,2019-12-11,day,0,2023-12-19
0.676,0.868,7,-3.592,1,0.329,0.022,0.000431,0.0705,0.579,97.928,151905,4,77jyxSFI9aK2LI9fyjAEsE,Bang Bang,6CxUKwVnCBKKP60XMvnMOL,Jahllano,19787,24,2019-12-11,day,0,2023-12-19
0.695,0.535,8,-6.605,0,0.446,0.584,0.0,0.161,0.526,66.123,131495,3,0mNULGg8I9BjWyu8YQbC1F,Crazy,6CxUKwVnCBKKP60XMvnMOL,Jahllano,19787,24,2019-12-11,day,0,2023-12-19
0.61,0.744,0,-6.389,0,0.212,0.224,0.0,0.167,0.787,93.684,137953,4,4VzWXU4YaMFYNQ2nu1PXug,The Last Days,6CxUKwVnCBKKP60XMvnMOL,Jahllano,19787,24,2019-12-20,day,4,2023-12-19
0.818,0.537,0,-3.395,1,0.584,0.756,8.32e-06,0.248,0.549,66.803,177000,5,019qEwupgC31lCp19jgttK,868 King,3r8Hq14XJAyy6K8mlBs2s5,Rebel Sixx,50069,32,2020-02-13,day,31,2023-12-19
0.628,0.805,7,-1.367,1,0.241,0.795,0.0,0.0963,0.52,93.297,194043,4,3JTKA1ccm6yGyqCV7AYlaT,Bad Gyal,6QJrx4J9XqIxXUBhacoJHC,Medz Boss,33706,26,2019-12-27,day,33,2023-12-19
0.592,0.554,1,-4.342,0,0.329,0.282,0.0,0.268,0.592,65.752,127321,3,0N2RgrS7OvQiXctzY0pkq6,Touchdown,363rd3ZlAT1FYFhYLFzK6L,Rondo,4023,12,2019-10-21,day,30,2023-12-19
0.894,0.597,8,-4.656,0,0.0865,0.565,0.0,0.161,0.778,100.046,128424,4,5eZodd2wTkSEHsI19p1p6l,Bompton Law,7tnzhcb2y0dtPFIFVTp0A4,Tafari,25770,22,2020-10-24,day,31,2023-12-19
0.669,0.533,8,-5.257,0,0.402,0.174,0.0,0.421,0.6,100.104,129750,4,6Bi6IgisCcr1e6VXyo03yn,Man Ah General,2uXytzsWyyjXiAaQQ5O0s3,Pablo Dan,2842,5,2019-06-30,day,20,2023-12-19
0.608,0.704,11,-6.804,1,0.101,0.232,0.0,0.149,0.488,94.74,142849,4,0E8DbilKrdRl53ePxl60O8,Marrow Ago Fly,2Jv0w50BNaGlwnXpq69HGm,Prince Swanny,110479,42,2020-02-14,day,25,2023-12-19
0.718,0.715,10,-8.166,0,0.37,0.0746,0.0,0.11,0.16,91.392,175031,4,2Mlqv0dinMap5eK334XB5O,Badmind People,2Jv0w50BNaGlwnXpq69HGm,Prince Swanny,110479,42,2017-03-11,day,11,2023-12-19
0.802,0.656,0,-6.537,1,0.355,0.294,0.0,0.0948,0.819,107.842,148924,4,1kfe98OlFHXMHph4ACJkfe,Malandros (Weekend Riddim),6fanvfSBKMMExePwhUq8Mi,K Lion,39431,29,2019-11-01,day,36,2023-12-19
0.751,0.548,0,-6.787,1,0.807,0.717,4.03e-06,0.117,0.419,66.282,174000,5,7DydPolaoKNe92MY6sqBa9,Team,6fanvfSBKMMExePwhUq8Mi,K Lion,39431,29,2019-12-17,day,31,2023-12-19
0.582,0.515,4,-9.438,0,0.613,0.441,3.5e-05,0.0879,0.397,48.077,210129,4,5bW0A0OE84BCIiJljaGLN2,Step Pon Dem,6fanvfSBKMMExePwhUq8Mi,K Lion,39431,29,2020-08-25,day,22,2023-12-19
0.601,0.771,1,-2.189,1,0.293,0.484,0.0,0.0784,0.717,97.12,179592,4,1kKjv1AxaVtPSNWUxCyG8e,One Link,6fanvfSBKMMExePwhUq8Mi,K Lion,39431,29,2019-11-15,day,27,2023-12-19
0.779,0.826,5,-4.593,0,0.342,0.738,0.0,0.0942,0.909,99.479,163200,4,6azxWpKgFoC34i0z1HaikT,Safe,6fanvfSBKMMExePwhUq8Mi,K Lion,39431,29,2020-01-03,day,30,2023-12-19
0.878,0.476,3,-9.058,0,0.346,0.192,0.0,0.269,0.6,95.069,191608,4,5i3yN6MeOlwq6IyFKsLSb3,New K,"6Ex07b1orPPrEObwY9hzks,2PoIH45Qs8JLY2RfpdzyVE","Boogie,G5","2028,6108","3,21",2019-12-13,day,18,2023-12-19
0.923,0.53,2,-7.553,1,0.15,0.0804,0.000177,0.0971,0.419,100.021,184947,4,2e393wLift2N4BmCBZzuCF,Blood,6QJrx4J9XqIxXUBhacoJHC,Medz Boss,33706,26,2020-05-08,day,30,2023-12-19
0.536,0.756,11,-3.123,0,0.329,0.46,0.0,0.158,0.671,72.908,159273,5,54RE0090RyBRlc1OPCoU7E,Formula,2Jv0w50BNaGlwnXpq69HGm,Prince Swanny,110479,42,2020-05-07,day,41,2023-12-19
0.746,0.669,4,-8.261,0,0.216,0.437,4.78e-06,0.285,0.332,95.108,154737,4,7yQLYPU264ANcDOluHJHix,Grimm,6QJrx4J9XqIxXUBhacoJHC,Medz Boss,33706,26,2020-05-01,day,8,2023-12-19
0.935,0.627,6,-6.972,0,0.126,0.127,0.0,0.15,0.342,104.888,157714,4,6f1QkHunn0AAwW7xnS7EnR,Expert,2Jv0w50BNaGlwnXpq69HGm,Prince Swanny,110479,42,2020-05-27,day,33,2023-12-19
0.731,0.744,1,-3.647,0,0.213,0.0417,0.0,0.144,0.44,93.958,250358,4,4ZYs6suTVIJPg5vxibOyIw,Catch 22,2Jv0w50BNaGlwnXpq69HGm,Prince Swanny,110479,42,2021-01-14,day,55,2023-12-19
0.677,0.552,5,-7.733,0,0.322,0.804,0.0,0.144,0.88,142.923,168889,5,2f33W36xOV4apM1O3KE0wN,Private Zess,"6fanvfSBKMMExePwhUq8Mi,3TkImpONkqVur05k1iIe7l","K Lion,LR","39431,147","29,25",2020-03-17,day,37,2023-12-19
0.721,0.692,7,-5.914,0,0.233,0.565,6.82e-06,0.12,0.828,97.506,180000,4,6FOeRc9pBD9Y3DGJihVOmf,Monsterz Out,6fanvfSBKMMExePwhUq8Mi,K Lion,39431,29,2020-05-01,day,29,2023-12-19
0.759,0.609,9,-8.625,1,0.316,0.539,0.0,0.0743,0.64,103.867,216947,4,4D0BXEORpR7AcoeftXO2z1,Extraordinary,6fanvfSBKMMExePwhUq8Mi,K Lion,39431,29,2020-03-14,day,30,2023-12-19
0.929,0.547,6,-6.595,0,0.131,0.232,9.71e-05,0.0846,0.354,104.029,240000,4,5m6x2kHWoFSvYkSiX0CZNi,OMG,3r8Hq14XJAyy6K8mlBs2s5,Rebel Sixx,50069,32,2020-02-15,day,28,2023-12-19
0.878,0.617,8,-5.441,1,0.117,0.167,0.000217,0.206,0.305,100.061,194444,4,1ovhpahCxobkKqn5RPk3TM,Parliament,3r8Hq14XJAyy6K8mlBs2s5,Rebel Sixx,50069,32,2020-03-06,day,31,2023-12-19
0.715,0.77,0,-5.755,0,0.368,0.31,0.0,0.258,0.145,89.885,252891,4,7GB8WAeAZi426mRkJrtkOQ,Avaricious Fren,"3zorWCDx017sz4UYP2fC9w,3r8Hq14XJAyy6K8mlBs2s5","Chronic Law,Rebel Sixx","153457,50069","49,32",2020-06-17,day,9,2023-12-19
0.531,0.691,6,-7.46,0,0.0767,0.188,0.0,0.0978,0.389,102.509,243000,5,3AGXiyg3dXfFCB2taHrZwM,Murda,6CxUKwVnCBKKP60XMvnMOL,Jahllano,19787,24,2020-04-17,day,14,2023-12-19
0.86,0.394,8,-15.573,0,0.151,0.626,0.0,0.121,0.289,100.031,158459,4,4oaNAnqd6C3TUu6ZAtuVFk,Dead,"1q8eLau7GFYIqG56nO7Cwt,3oPS5gQSuTmiuCDWQo2Mdw","CJ Dan,Sin Sin","6759,535","8,5",2020-05-08,day,10,2023-12-19
0.569,0.663,0,-5.858,0,0.161,0.822,0.0,0.169,0.771,130.552,188576,5,1QbQFDVEm6ImPZ8giR4Z4E,Dreams,1q8eLau7GFYIqG56nO7Cwt,CJ Dan,6759,8,2020-01-17,day,7,2023-12-19
0.693,0.474,6,-6.837,1,0.459,0.167,0.0,0.27,0.509,200.021,153712,4,2Z7ZC8V7qCuoH8p6GXiRsk,Clean and Dutty,"1q8eLau7GFYIqG56nO7Cwt,7zow5Va8ESrfnxvUF62HRH","CJ Dan,Icee Dan","6759,7933","8,21",2020-04-14,day,0,2023-12-19
0.757,0.676,8,-3.803,1,0.0792,0.0726,7.5e-05,0.0789,0.158,101.999,155109,4,2UmAhS7gLpVfyJa7yrtSmE,No Talk,3UwGbC4Sl9MmonrpWo6grS,Boy Boy,28641,39,2020-03-31,day,31,2023-12-19
0.838,0.715,6,-5.574,0,0.328,0.666,0.0,0.305,0.245,133.444,188082,5,5nhQjFM1HQvNis4UJKNcLe,Loose Cannon,"3UwGbC4Sl9MmonrpWo6grS,3iWwLfjZAKzmAB57v38i45","Boy Boy,Raskality","28641,5666","39,14",2020-03-09,day,30,2023-12-19
0.517,0.707,5,-7.085,0,0.33,0.396,0.0,0.151,0.962,104.873,163248,4,02pEeameBALo1rYgeJMUMB,5 A.M.,7zow5Va8ESrfnxvUF62HRH,Icee Dan,7933,21,2020-01-10,day,11,2023-12-19
0.453,0.688,4,-8.017,0,0.343,0.377,0.0,0.843,0.311,80.687,222316,3,1toycZmQ2NubH2pHPsEvSj,Shadow Boy,7zow5Va8ESrfnxvUF62HRH,Icee Dan,7933,21,2020-05-01,day,12,2023-12-19
0.681,0.843,7,-4.369,1,0.365,0.171,0.0,0.0518,0.731,75.011,158459,3,1EYSTU7jibop13r4YWRsR7,Run Up,"7zow5Va8ESrfnxvUF62HRH,6fanvfSBKMMExePwhUq8Mi","Icee Dan,K Lion","7933,39431","21,29",2019-05-03,day,23,2023-12-19
0.623,0.464,1,-12.393,0,0.843,0.399,0.0,0.193,0.875,80.999,177648,3,166hxLuWumBykweM6qZuQM,IG Gal,7zow5Va8ESrfnxvUF62HRH,Icee Dan,7933,21,2020-06-05,day,1,2023-12-19
0.732,0.627,1,-5.72,1,0.191,0.491,0.0,0.119,0.531,171.992,133669,4,0zEOnRjdV8gJModPpt9rbY,Cap,363rd3ZlAT1FYFhYLFzK6L,Rondo,4023,12,2021-10-30,day,0,2023-12-19
0.878,0.53,2,-5.793,1,0.107,0.312,0.0,0.25,0.325,110.005,123402,4,7v6XmZ5ijbDJeDvP2VXNNI,Beg Please,363rd3ZlAT1FYFhYLFzK6L,Rondo,4023,12,2019-10-21,day,18,2023-12-19
0.647,0.661,8,-4.109,1,0.394,0.299,0.0,0.184,0.535,127.375,204121,5,3lZ35cg1X4ij07O7daezB1,Disrespect.,363rd3ZlAT1FYFhYLFzK6L,Rondo,4023,12,2019-10-22,day,11,2023-12-19
0.778,0.687,9,-3.825,0,0.317,0.0573,0.0,0.228,0.265,180.102,182831,4,7rost6QtzTUZpiajgNiayM,Fuck Time,363rd3ZlAT1FYFhYLFzK6L,Rondo,4023,12,2019-10-21,day,4,2023-12-19
0.571,0.513,5,-1.487,0,0.318,0.388,0.0,0.0771,0.393,86.682,188936,1,6dPC0A0QIVeWiDP5TXxV2Z,Mad Move,363rd3ZlAT1FYFhYLFzK6L,Rondo,4023,12,2020-03-25,day,6,2023-12-19
0.848,0.514,3,-6.254,0,0.216,0.542,0.0,0.0998,0.529,91.972,188071,4,1HxRxpQaKZ4YCBcuWkdvw5,Vengeance,58GP6t4N8aiJkHTOM41ECz,Plumpy Boss,20294,29,2019-03-05,day,14,2023-12-19
0.705,0.865,8,0.407,0,0.289,0.421,5.35e-06,0.416,0.355,92.868,209032,4,16S50hbW9Ui4kYTPyWQurr,My Queen,58GP6t4N8aiJkHTOM41ECz,Plumpy Boss,20294,29,2020-05-03,day,12,2023-12-19
0.861,0.677,6,-5.097,0,0.16,0.593,0.0,0.173,0.53,96.98,164299,4,2JMoaiETMzWj1JuH3Qoqzw,March Out,58GP6t4N8aiJkHTOM41ECz,Plumpy Boss,20294,29,2020-05-15,day,9,2023-12-19
0.833,0.497,0,-5.785,0,0.0629,0.341,0.0,0.134,0.407,100.098,184000,4,2n4DDrBbyFRy7DtBslqoSG,Walking Dead,1q8eLau7GFYIqG56nO7Cwt,CJ Dan,6759,8,2020-06-16,day,2,2023-12-19
0.568,0.481,1,-8.623,1,0.184,0.0309,2.19e-05,0.135,0.179,99.104,188265,4,2HYdeo3DodKgsBmD3TVQTK,Zess in Peace,6fanvfSBKMMExePwhUq8Mi,K Lion,39431,29,2020-06-06,day,32,2023-12-19
0.669,0.573,0,-9.535,0,0.184,0.236,0.0,0.178,0.516,96.171,180050,4,4mBWrY8fUrB4mlrpX5EsaA,Full Ah Zess,3iWwLfjZAKzmAB57v38i45,Raskality,5666,14,2019-05-09,day,16,2023-12-19
0.721,0.419,1,-12.849,0,0.523,0.397,0.00256,0.102,0.626,119.667,184416,5,43XCJ7TGzi5YUY9H9ZM02y,Shella Business,3iWwLfjZAKzmAB57v38i45,Raskality,5666,14,2019-11-15,day,2,2023-12-19
0.649,0.751,10,-3.356,0,0.123,0.624,0.000394,0.26,0.762,126.752,180037,5,4o9Xjt2Vom7Jz6o5HefWll,Please Jah,58GP6t4N8aiJkHTOM41ECz,Plumpy Boss,20294,29,2019-08-30,day,10,2023-12-19
0.836,0.625,10,-6.0,0,0.485,0.174,0.0,0.155,0.294,105.905,186000,4,3UnrwZ6tnJfx1HIPeR8iP1,Dark,3r8Hq14XJAyy6K8mlBs2s5,Rebel Sixx,50069,32,2020-03-02,day,14,2023-12-19
0.774,0.702,5,-7.118,0,0.0949,0.24,0.0,0.52,0.58,100.078,158119,4,4QH8r0iy4wVQZu3YPGG29i,Fully 6ixx,"4DbFUy6A1B8aJuNKjrQX3k,60XkthNPxcF6LNmFB4i1j8","Tafari,Rebel","6068,61","9,11",2019-02-24,day,24,2023-12-19
0.798,0.728,1,-2.101,1,0.117,0.407,2.11e-06,0.288,0.45,102.086,144118,4,743mjyeoiLPuaDF8ZvZwzt,Heights of Greatness,3r8Hq14XJAyy6K8mlBs2s5,Rebel Sixx,50069,32,2020-03-13,day,11,2023-12-19
0.5,0.626,4,-8.286,1,0.359,0.551,2.15e-05,0.161,0.347,66.92,174042,5,1cbTNx0Il06pTerFdwfmHu,Lifestyle,6fanvfSBKMMExePwhUq8Mi,K Lion,39431,29,2019-04-05,day,14,2023-12-19
0.795,0.611,6,-7.626,0,0.297,0.377,0.0,0.158,0.329,100.025,199416,4,7xcuZ6it2nDqVUh0B29znm,Rise Up,6fanvfSBKMMExePwhUq8Mi,K Lion,39431,29,2019-11-11,day,26,2023-12-19
0.727,0.677,2,-6.647,1,0.44,0.29,0.0,0.107,0.39,104.563,178426,4,0nKXu2MA0BDfHlOGFHQg9S,Looney,3r8Hq14XJAyy6K8mlBs2s5,Rebel Sixx,50069,32,2020-03-16,day,17,2023-12-19
0.54,0.892,4,-3.194,0,0.137,0.683,0.0,0.119,0.589,66.318,170947,5,2ZtoZ5KfkJopYmxSsAH78U,Things Mi Like,58GP6t4N8aiJkHTOM41ECz,Plumpy Boss,20294,29,2020-03-24,day,5,2023-12-19
0.635,0.785,8,0.082,1,0.386,0.651,0.0,0.0765,0.469,122.461,224176,5,22VkCYoJYaLyqHyJbOEmd4,Y.W. & F.,"58GP6t4N8aiJkHTOM41ECz,6QJrx4J9XqIxXUBhacoJHC","Plumpy Boss,Medz Boss","20294,33706","29,26",2020-03-25,day,10,2023-12-19
0.622,0.502,9,-9.788,0,0.38,0.84,0.0,0.122,0.738,130.147,157649,5,7KUixnExocVYLhLSej3OVS,Doom,5slhysoEJ05kVNc173rOJU,K Lion,2499,5,2021-01-11,day,15,2023-12-19
0.645,0.687,4,-3.991,0,0.0975,0.631,0.0,0.145,0.767,103.951,135027,4,4N5wDxNrfUq2S6GUN8ljtk,Knock,"2CzDoKM72K2fdbbtnAVtlJ,7zow5Va8ESrfnxvUF62HRH","Teejah,Icee Dan","3411,7933","2,21",2019-10-18,day,13,2023-12-19
0.635,0.765,8,-0.682,1,0.302,0.214,0.0,0.163,0.273,187.762,173617,4,0XCSfWmpzQctqknug6zyfi,Come See Me,58GP6t4N8aiJkHTOM41ECz,Plumpy Boss,20294,29,2020-03-25,day,12,2023-12-19
0.563,0.599,8,-1.144,1,0.271,0.319,0.0,0.151,0.309,94.443,188936,4,1qJt9lT5en6fjZPtuXs90U,Why Pree,7zow5Va8ESrfnxvUF62HRH,Icee Dan,7933,21,2020-03-25,day,6,2023-12-19
0.601,0.636,5,-1.407,0,0.244,0.351,4.26e-06,0.0998,0.331,92.192,186383,4,6hm6NmNeK2v2udArr7Y8x1,Trini Bad,2y0QGjnlzB39Nf2duLQoxk,KG,238,18,2020-03-25,day,7,2023-12-19
0.728,0.622,9,-7.544,0,0.169,0.258,0.0,0.327,0.419,133.212,175200,5,49dMKmMc4VpV5dEMs2SrzQ,New Settings,6QJrx4J9XqIxXUBhacoJHC,Medz Boss,33706,26,2020-04-17,day,18,2023-12-19
0.747,0.724,5,-4.982,0,0.231,0.189,1.17e-06,0.133,0.195,66.707,137445,3,4pmZNiKyksRl4Hs4Q4FHI3,King Life,3r8Hq14XJAyy6K8mlBs2s5,Rebel Sixx,50069,32,2020-03-26,day,35,2023-12-19
0.822,0.79,5,-4.426,1,0.105,0.319,0.0,0.645,0.532,104.031,161538,4,4pXmpmYfGA9FcpQ26Z58Rx,Deal With It,"3r8Hq14XJAyy6K8mlBs2s5,5AVAzwpIu9f3H1oegupPCd","Rebel Sixx,Travis World","50069,14333","32,41",2020-03-26,day,14,2023-12-19
0.785,0.724,8,-3.29,0,0.0989,0.429,0.0,0.109,0.62,102.076,134430,4,1cOxR1m0uBQF3yJmU1zL5e,So Right,3r8Hq14XJAyy6K8mlBs2s5,Rebel Sixx,50069,32,2020-03-26,day,11,2023-12-19
0.786,0.764,3,-3.842,0,0.126,0.458,0.0,0.225,0.596,103.004,188738,4,2Q0whzivIxh6gvETkZVAz8,History Book,3r8Hq14XJAyy6K8mlBs2s5,Rebel Sixx,50069,32,2020-03-26,day,12,2023-12-19
0.78,0.574,5,-7.391,0,0.062,0.329,0.0,0.133,0.58,105.046,205714,4,2NdDPlnepE6rdWo3Ea5ZvW,Ghetto Prophet,3r8Hq14XJAyy6K8mlBs2s5,Rebel Sixx,50069,32,2020-03-26,day,26,2023-12-19
0.864,0.336,7,-13.343,0,0.446,0.729,4.11e-06,0.087,0.268,102.998,170097,4,1Ws1EbaVbgeGYXs47971q3,Cramp Dem,3r8Hq14XJAyy6K8mlBs2s5,Rebel Sixx,50069,32,2020-01-01,day,18,2023-12-19
0.624,0.811,0,-4.148,0,0.32,0.45,0.0,0.0996,0.547,86.317,188395,4,3rYUmKC2wm9v4WDEiaFrfS,Knock It,58GP6t4N8aiJkHTOM41ECz,Plumpy Boss,20294,29,2020-01-17,day,15,2023-12-19
0.62,0.575,11,-8.166,0,0.403,0.602,0.0,0.257,0.54,129.591,181316,5,34CSnxpzP47wjhIYFbzdmN,Outside,3r8Hq14XJAyy6K8mlBs2s5,Rebel Sixx,50069,32,2019-04-05,day,5,2023-12-19
0.948,0.474,1,-7.502,1,0.215,0.328,0.0,0.0748,0.756,102.008,170527,4,1Rb8dGAGOpo0ou6KWd7Rh2,Jump on My Cocky,"09LprKSjs0a3gH492PixiV,1yBSwrhGAh8xLabpLtbzTL,6gIIlxlZpVoCOJWu20Rj2g","Potential Kidd,Trinidad Ghost,Mr Grills","939,611,8","12,6,0",2019-03-25,day,0,2023-12-19
0.673,0.908,10,-2.056,0,0.382,0.0746,6.64e-06,0.169,0.561,104.934,160000,4,72aC1kO5NRlhciYesmu6Y7,Champions League,3r8Hq14XJAyy6K8mlBs2s5,Rebel Sixx,50069,32,2020-04-05,day,5,2023-12-19
0.789,0.441,6,-11.237,0,0.44,0.409,0.000569,0.153,0.239,134.565,192475,5,2xJvjFqDlw5rovw9gflcZh,Hide & Seek,"3r8Hq14XJAyy6K8mlBs2s5,1MdzISNKOYvAhoak5FBn2C","Rebel Sixx,Coutain","50069,1801","32,16",2020-01-27,day,14,2023-12-19
0.591,0.437,9,-11.115,0,0.106,0.342,0.00132,0.103,0.187,133.215,178561,5,2Kash1TDMUyeImXTZAB3hd,Military Standard,3RZVAxQEhF9JEFvHDRovxQ,Ice Dan,1279,0,2019-05-17,day,3,2023-12-19
0.563,0.658,11,-9.837,0,0.663,0.297,0.0,0.655,0.875,93.604,194273,4,1NHXo5h3Kysh5zWHZQKQax,We out Here,3ATKkAzfZsIJuoCnOepK67,Trigger Dan,1790,6,2019-07-19,day,2,2023-12-19
0.901,0.574,10,-6.654,0,0.4,0.0556,0.0,0.0529,0.232,92.088,130435,4,69IXRZewcuVI1H2KWkKYMW,Lock It,6QJrx4J9XqIxXUBhacoJHC,Medz Boss,33706,26,2020-04-20,day,6,2023-12-19
0.653,0.593,1,-4.64,1,0.439,0.282,0.0,0.106,0.283,200.065,160800,4,0rwZImnu68KfWCa4Wim7iG,Last Days,3r8Hq14XJAyy6K8mlBs2s5,Rebel Sixx,50069,32,2020-05-01,day,9,2023-12-19
0.886,0.641,6,-4.928,0,0.0967,0.603,6.31e-05,0.37,0.771,100.088,176400,4,2gSJCm1gcCXXfcLeElXUXz,Tight & Good,3r8Hq14XJAyy6K8mlBs2s5,Rebel Sixx,50069,32,2020-05-05,day,5,2023-12-19
0.923,0.537,6,-4.164,1,0.206,0.0961,3.49e-06,0.249,0.546,100.023,156778,4,5ytiuWdHukOZLtZBfzcfqR,Black Rain,3r8Hq14XJAyy6K8mlBs2s5,Rebel Sixx,50069,32,2020-04-11,day,21,2023-12-19
0.77,0.581,5,-3.092,1,0.111,0.447,1.32e-05,0.187,0.542,99.958,156549,4,0EyAByUg4sNJDQFw0aIn2V,Plan,3r8Hq14XJAyy6K8mlBs2s5,Rebel Sixx,50069,32,2020-05-31,day,18,2023-12-19
0.78,0.837,5,0.055,0,0.278,0.181,0.0,0.085,0.345,130.936,144528,5,3ju22V3WVQQUV0gCwgk0UI,Kill a Clown,3r8Hq14XJAyy6K8mlBs2s5,Rebel Sixx,50069,32,2020-05-29,day,7,2023-12-19
0.578,0.816,5,0.874,0,0.289,0.847,0.0,0.137,0.672,137.036,205385,5,0qKqGgquhT9TtlRu3X99wy,Name of the Game,"6CxUKwVnCBKKP60XMvnMOL,6p3yRoqpqsQp5AajLW9MVa,4DbFUy6A1B8aJuNKjrQX3k","Jahllano,LRG,Tafari","19787,1123,6068","24,3,9",2020-04-15,day,6,2023-12-19
0.753,0.484,2,-6.867,0,0.303,0.671,5.96e-05,0.107,0.376,104.037,166154,4,6jj7fDpv5pWwlTMXBzY4t7,No Trust No Love,"3r8Hq14XJAyy6K8mlBs2s5,5AVAzwpIu9f3H1oegupPCd","Rebel Sixx,Travis World","50069,14333","32,41",2020-06-03,day,47,2023-12-19
0.855,0.87,2,-3.803,0,0.123,0.354,0.0,0.0824,0.519,130.002,184615,4,1adZB0M09tyKc0Uyu2lPas,World War 4,3r8Hq14XJAyy6K8mlBs2s5,Rebel Sixx,50069,32,2020-08-21,day,16,2023-12-19
0.882,0.725,2,-4.698,1,0.305,0.132,0.0,0.284,0.582,102.989,184111,4,15E33ox5QcaPZOEJ3pFhVL,Covid (Freestyle),3r8Hq14XJAyy6K8mlBs2s5,Rebel Sixx,50069,32,2020-08-31,day,10,2023-12-19
0.614,0.472,9,-10.899,0,0.338,0.555,0.0,0.176,0.328,132.567,177647,5,1pDrlfTUcDSeLJ2VSbp83g,Warn Dem,6fanvfSBKMMExePwhUq8Mi,K Lion,39431,29,2019-05-17,day,7,2023-12-19
0.804,0.636,9,-6.571,0,0.201,0.57,1.06e-06,0.173,0.669,97.962,189518,4,3VvPOFYAc3mGzVKIOWxD46,Squeeze,0WK9Tb5kguLaYynIb3vrNc,Rebel,314,24,2019-11-22,day,21,2023-12-19
0.874,0.657,4,-4.597,0,0.238,0.0785,1.38e-06,0.157,0.286,104.155,185744,4,6IKSQrj2ZH5YB2J8ISvRXn,Me Will Dweet,3r8Hq14XJAyy6K8mlBs2s5,Rebel Sixx,50069,32,2020-04-15,day,9,2023-12-19
0.609,0.892,8,-1.169,1,0.248,0.767,0.0,0.103,0.488,116.75,152967,5,42Vc4jGkhnFz42d3bxMTev,Hold on Strong,2y0QGjnlzB39Nf2duLQoxk,KG,238,18,2020-03-25,day,1,2023-12-19
0.658,0.838,8,-1.989,1,0.159,0.742,0.0,0.127,0.518,118.158,171429,5,7xHnWDqtWUbC24DoaqKjo3,S.I.P.,0Gkq3acWre3Hu02EAvBiIa,Rheon Elbourne,3922,22,2020-03-25,day,1,2023-12-19
0.604,0.767,5,-0.659,0,0.309,0.545,0.0,0.0851,0.483,117.445,161538,5,60qr7ujYw4FxrvQFlnYELs,Too Bad Mind,559YLWpCvVYo3qCEhMJ3pq,Lawless,6054,13,2020-03-25,day,1,2023-12-19
0.567,0.89,4,-4.955,0,0.185,0.665,5.99e-05,0.286,0.78,67.653,142200,5,39kdGduxJeBHaBc5fW8Nwo,Spanish Zess,1yBSwrhGAh8xLabpLtbzTL,Trinidad Ghost,611,6,2020-04-02,day,3,2023-12-19
0.698,0.701,6,-5.4,0,0.33,0.78,0.0,0.13,0.699,97.643,163344,4,5m50Hb5bR1EnnraPNfdSDt,Grim Reaper,3KaFfC4kfSJiwbdCA1vF5H,Tejah,3143,14,2020-05-07,day,7,2023-12-19
0.593,0.848,5,0.091,0,0.348,0.169,0.0,0.0944,0.386,98.09,144490,4,0Z5EtyQrPdS3mBxYmyv9fT,Murder Change,3r8Hq14XJAyy6K8mlBs2s5,Rebel Sixx,50069,32,2020-05-30,day,9,2023-12-19
0.723,0.848,8,-0.208,1,0.093,0.331,0.0,0.15,0.404,130.683,129796,5,4TxjfLX82XwczzmPFnHauo,People Dead,1q8eLau7GFYIqG56nO7Cwt,CJ Dan,6759,8,2020-05-30,day,3,2023-12-19
0.571,0.868,1,-0.006,1,0.353,0.249,0.0,0.22,0.407,131.987,159184,5,45Ufw6TGvpoJvUuyw0mklX,Jordan,6CxUKwVnCBKKP60XMvnMOL,Jahllano,19787,24,2020-05-30,day,7,2023-12-19
0.896,0.491,2,-11.2,1,0.335,0.0356,5.71e-06,0.158,0.407,99.891,136072,4,3fRcLIcRDZBNcJwk3diMoM,Titanic,5tr6GdAE9bwCqYuLXUwIhd,Toppy Boss,7891,3,2020-06-15,day,13,2023-12-19
0.788,0.62,6,-7.242,0,0.118,0.671,0.0,0.0758,0.533,122.055,255765,4,1UzSUI6i19pFHhvWZEFA0G,Collatoral Damage,"0JSBUUBuT8pbdbw1UZggSY,0WhrKY560yMc8mma8YXNKp","Tefflon,Faces","18911,44","28,0",2020-07-25,day,0,2023-12-19
0.605,0.629,11,-6.172,0,0.29,0.0633,0.0282,0.375,0.44,129.808,154105,5,6daXR3jHpIkMkSU8ahbTLz,Scamma,3r8Hq14XJAyy6K8mlBs2s5,Rebel Sixx,50069,32,2020-09-23,day,12,2023-12-19
0.684,0.423,6,-7.599,1,0.759,0.0309,0.0,0.14,0.565,100.508,160825,4,4joTWJy5q9JjLyNMu53C3P,Plenty,2uXytzsWyyjXiAaQQ5O0s3,Pablo Dan,2842,5,2020-04-13,day,0,2023-12-19
0.9,0.467,8,-6.77,1,0.396,0.0478,0.0,0.28,0.628,100.227,156056,4,0aOHFUjXW62VtifbWpDYEi,Scarface,"6FOHdBHp21uRWCc1fbETV5,5JsN0iGKAkfJ0XmLF512sW","JP,Shortz","8,17","0,0",2020-04-09,day,2,2023-12-19
0.494,0.623,0,-7.549,0,0.226,0.739,0.0,0.174,0.593,99.946,204038,4,77HAwXtSwccgC50iEor9WU,Hurricane,0JSBUUBuT8pbdbw1UZggSY,Tefflon,18911,28,2020-06-22,day,19,2023-12-19
0.88,0.466,9,-8.935,0,0.185,0.477,0.0,0.156,0.69,105.048,146286,4,42u3ZN44ZMd6r4oM8N4Hj9,Buss Like Bamboo,0JSBUUBuT8pbdbw1UZggSY,Tefflon,18911,28,2020-08-31,day,0,2023-12-19
0.649,0.684,8,-6.138,1,0.271,0.716,0.00496,0.11,0.554,196.098,151091,4,2zNBZQL5BUVRDvYkbE0osv,Good,6fanvfSBKMMExePwhUq8Mi,K Lion,39431,29,2020-04-24,day,28,2023-12-19
0.789,0.585,11,-4.965,1,0.212,0.645,0.0,0.128,0.516,96.139,170000,4,5uNZnaxxztf8AWaaa00DVo,Candle,3r8Hq14XJAyy6K8mlBs2s5,Rebel Sixx,50069,32,2020-06-29,day,12,2023-12-19
0.819,0.733,2,-5.883,1,0.151,0.109,0.0,0.21,0.207,101.935,164191,4,1vfHVs1nldp5Ef8EzcpOyE,Me Against the World,3r8Hq14XJAyy6K8mlBs2s5,Rebel Sixx,50069,32,2020-07-01,day,16,2023-12-19
0.781,0.577,4,-7.653,0,0.0796,0.527,0.0,0.125,0.664,100.003,202000,4,08I57pk6tgCToD2jNHNrTM,Evil,3r8Hq14XJAyy6K8mlBs2s5,Rebel Sixx,50069,32,2020-07-24,day,29,2023-12-19
0.701,0.34,9,-9.321,1,0.684,0.3,0.0,0.114,0.48,132.979,187200,5,3Z7lC6x2vymyE9wahQJhu7,3 Points,1q8eLau7GFYIqG56nO7Cwt,CJ Dan,6759,8,2020-08-14,day,5,2023-12-19
0.651,0.73,6,-2.999,0,0.244,0.407,0.0,0.212,0.519,65.657,195918,5,76P8ZWpGNUFpZ8zE9uIFfa,Steamy,5tr6GdAE9bwCqYuLXUwIhd,Toppy Boss,7891,3,2020-08-25,day,2,2023-12-19
0.696,0.685,6,-3.58,0,0.272,0.407,0.0,0.0994,0.509,65.517,178776,5,3VjnY5y5BHE7TSxZY7a2JI,Wah You Need,7zow5Va8ESrfnxvUF62HRH,Icee Dan,7933,21,2020-08-25,day,1,2023-12-19
0.739,0.623,9,-3.58,1,0.335,0.411,6.62e-06,0.101,0.534,65.372,178776,5,5w14makz0nZWypVSGQRfJP,Another Girl,58GP6t4N8aiJkHTOM41ECz,Plumpy Boss,20294,29,2020-08-25,day,6,2023-12-19
0.846,0.608,9,-3.644,1,0.303,0.336,1.56e-06,0.103,0.432,65.329,195918,5,5mltUpm5Yedugv4GUIzuUI,Braff Lyfe,3iWwLfjZAKzmAB57v38i45,Raskality,5666,14,2020-10-09,day,1,2023-12-19
0.526,0.749,9,-2.691,1,0.265,0.475,1.66e-06,0.0968,0.473,77.746,185000,3,2eHQjFGP9uotZX3ghZPyFY,Say Less,"1K23l3n63BTCtIMm0TyS4c,6QJrx4J9XqIxXUBhacoJHC","Nailah Blackman,Medz Boss","34880,33706","40,26",2020-08-25,day,22,2023-12-19
0.78,0.52,4,-9.246,0,0.362,0.396,1.15e-06,0.114,0.551,100.124,204000,4,3M263yhWbaDLpJqONPo6s1,Diss Once,6fanvfSBKMMExePwhUq8Mi,K Lion,39431,29,2020-07-24,day,25,2023-12-19
0.939,0.582,11,-6.405,0,0.12,0.366,3.73e-06,0.127,0.536,105.976,153962,4,7nJzkn8NZ99JNtC7ooYkxK,Gyal Come (Secret Sauce Riddim),6QJrx4J9XqIxXUBhacoJHC,Medz Boss,33706,26,2020-08-30,day,17,2023-12-19
0.716,0.738,1,-3.919,1,0.311,0.266,0.0,0.106,0.497,66.702,180061,5,6t7p7MRpPYIDm1QLTgURRF,Who Run Things,"3tylMtQ2jNczaYAtAOqhv3,6hhy54ByINNSzZKbPgosRO","KellyBeatz,Jza King","1454,349","8,2",2020-05-04,day,9,2023-12-19
0.501,0.787,3,-4.131,0,0.435,0.0883,0.0,0.103,0.338,66.356,180036,5,3YLRzQqfSJUFqKCuUp7Yqe,Covid 19,"3tylMtQ2jNczaYAtAOqhv3,7IbkKTNpBj7MORRdt3oge3","KellyBeatz,Zerimar","1454,29786","8,33",2020-05-04,day,26,2023-12-19
0.621,0.751,8,-4.161,0,0.36,0.0655,0.0,0.147,0.544,66.64,180061,5,44AvImSEOe40SXred0sA0q,Ghetto Story,"3tylMtQ2jNczaYAtAOqhv3,3qi65wjB2eT1o4f5FzQxfH","KellyBeatz,Teejah","1454,39","8,0",2020-05-04,day,6,2023-12-19
0.764,0.633,3,-7.443,0,0.166,0.539,0.0,0.122,0.435,66.669,156029,5,7fZXMwD5s7Xyhkn5pp2DE0,Far,"3tylMtQ2jNczaYAtAOqhv3,5UoVuwjRIYT6WGDUJjT1Se","KellyBeatz,Lu City","1454,8220","8,36",2020-05-04,day,6,2023-12-19
0.627,0.741,8,-4.341,0,0.34,0.0655,0.0,0.117,0.377,66.629,159686,5,0KhJepSMBUfyPIdEBBe90Y,Hold on,"3tylMtQ2jNczaYAtAOqhv3,58w0KtpWYgz26s686wB8Fk","KellyBeatz,King Rilla","1454,57","8,7",2020-05-04,day,3,2023-12-19
0.578,0.724,8,-3.924,0,0.413,0.0301,0.0,0.113,0.484,199.966,159660,4,1joGpygyEerhzMR0auKgR7,Mental,"3tylMtQ2jNczaYAtAOqhv3,3sKXlq0SyWTuHLTLPQc9tm","KellyBeatz,Ants Major","1454,18","8,0",2020-05-04,day,3,2023-12-19
0.806,0.777,3,-4.104,0,0.197,0.0838,0.0,0.117,0.596,66.757,160731,5,609vp55J5byaLzJWzMKTDi,Identity Thief,"3tylMtQ2jNczaYAtAOqhv3,3I5TPl1uItSuR7GCt9uz3i","KellyBeatz,Sound Station","1454,143","8,0",2020-05-04,day,3,2023-12-19
0.665,0.787,10,-4.313,0,0.336,0.309,1.21e-05,0.113,0.557,66.937,159686,5,6aGhMxsKBeQ9WsWNlmxYip,Up in Her,"3tylMtQ2jNczaYAtAOqhv3,7G7HG3gbFmkyzhjGqzDsr9","KellyBeatz,Junior B","1454,76","8,0",2020-05-04,day,2,2023-12-19
0.767,0.753,3,-4.498,0,0.292,0.106,0.0,0.09,0.325,66.764,158458,5,7aWiMvfLaLYr5tR6D9ceXv,Tired & Fed Up,"3tylMtQ2jNczaYAtAOqhv3,7LTTG84rluVx1qTfRAAcOO","KellyBeatz,Zebulun","1454,33","8,1",2020-05-04,day,2,2023-12-19
0.568,0.827,4,-1.858,0,0.34,0.822,0.0,0.087,0.418,92.362,191489,3,0yL1Hpf0MVasCOJ90gXGnM,Decisions,6CxUKwVnCBKKP60XMvnMOL,Jahllano,19787,24,2019-12-27,day,22,2023-12-19
0.829,0.687,2,-5.328,1,0.355,0.576,0.0,0.107,0.402,91.798,117391,4,5TZCsfqAxGSShYE11dg0zW,Charged Up,3iWwLfjZAKzmAB57v38i45,Raskality,5666,14,2020-10-09,day,1,2023-12-19
0.663,0.516,1,-3.77,1,0.309,0.443,0.0,0.0789,0.332,130.494,192000,5,1K8NuQRdyZFIxP1S8ptGC0,Trinibad Confidential,3iWwLfjZAKzmAB57v38i45,Raskality,5666,14,2020-10-09,day,5,2023-12-19
0.563,0.462,4,-9.489,0,0.435,0.558,7.35e-06,0.0933,0.331,64.446,158400,5,4kcE6XvAPDDkKjl3phjw8m,Eastside Badness,"3iWwLfjZAKzmAB57v38i45,0Oq6MntkXWsKtjEIYAeyMO","Raskality,Tafari","5666,1083","14,1",2020-10-09,day,3,2023-12-19
0.824,0.614,0,-5.858,1,0.0919,0.544,0.0,0.114,0.142,100.092,211200,4,6cHIEEPnRaz1nfqaBY9UJ6,Bad Gyal,3iWwLfjZAKzmAB57v38i45,Raskality,5666,14,2020-10-09,day,1,2023-12-19
0.812,0.47,7,-8.849,1,0.0597,0.421,0.000618,0.0447,0.317,103.02,326214,4,07gOK5Q3xDrT2yGwaF5EMJ,Fall in Love,3iWwLfjZAKzmAB57v38i45,Raskality,5666,14,2020-10-09,day,0,2023-12-19
0.76,0.603,9,-6.316,0,0.299,0.507,0.0004,0.261,0.741,193.912,197938,4,4XtU3TkyfyHqUFmNuCZGgC,Domestic Business,3iWwLfjZAKzmAB57v38i45,Raskality,5666,14,2020-10-09,day,1,2023-12-19
0.68,0.544,8,-10.031,1,0.0932,0.687,8.75e-06,0.11,0.371,133.272,136856,5,7Aulk2eOgxy4sEx6Yi0Cls,Trust,1q8eLau7GFYIqG56nO7Cwt,CJ Dan,6759,8,2020-08-07,day,3,2023-12-19
0.619,0.734,0,-4.56,0,0.336,0.296,0.0,0.271,0.311,108.266,178909,4,5o0pq7nCA1yO90GKIpYZA5,Outside,"6CxUKwVnCBKKP60XMvnMOL,1eIXle4BzQymnCdkECuQ0n","Jahllano,Rheon Elbourne","19787,23","24,0",2020-09-23,day,13,2023-12-19
0.91,0.561,10,-7.574,1,0.239,0.684,0.0,0.271,0.713,104.999,182875,4,4avzr1FWOgsL9J5vc4UQLZ,Diss F1,0WhrKY560yMc8mma8YXNKp,Faces,44,0,2020-08-29,day,0,2023-12-19
0.598,0.641,1,-7.46,0,0.313,0.142,0.00027,0.242,0.224,107.16,166699,4,2QXv4NKNCuqCDmOTwcOjrN,Crocodile Teeth,5FkUhnHQ0KC63549LHHtst,Skillibeng,320085,59,2020-09-21,day,62,2023-12-19
0.608,0.577,9,-8.009,0,0.342,0.212,0.0,0.0913,0.756,89.004,192000,4,4oW9otzqrP2cK6dPupvFB4,With Ease,6fanvfSBKMMExePwhUq8Mi,K Lion,39431,29,2020-10-27,day,17,2023-12-19
0.644,0.722,4,-3.961,0,0.511,0.152,0.0,0.129,0.315,118.78,228000,4,5SwTOyDUCpzJ96KfTa4HVc,Evil Eyes,7IbkKTNpBj7MORRdt3oge3,Zerimar,29786,33,2020-03-04,day,41,2023-12-19
0.871,0.654,1,-4.091,0,0.0658,0.227,0.000153,0.28,0.446,100.105,127500,4,4w8csfMWmslT9xy9Ler1XE,Squeeze It,5PEQBJgODj2Ih0zH2JbMZt,Jp.,123,0,2019-09-06,day,8,2023-12-19
0.52,0.645,9,-6.281,0,0.0835,0.278,5.12e-06,0.164,0.342,95.184,229500,4,7m4ZumzC3oKc6O3GWHBvyj,Born Bad,0UvfwKuB7bkbJJSkp2Be6e,Brad,666,13,2020-03-03,day,28,2023-12-19
0.821,0.806,8,-0.289,0,0.0913,0.55,0.0,0.287,0.239,99.961,213600,4,1NXMcpoaDQj1ccehLL2TBb,Fully Devil Up,5EsCbG7ZqKDZP0CAESy0v2,Born King,223,11,2020-08-03,day,18,2023-12-19
0.596,0.832,11,-5.082,1,0.317,0.587,2.88e-06,0.212,0.711,130.549,178087,5,6ZWsoeRisjnu7RgS6vewIC,Lit,3r8Hq14XJAyy6K8mlBs2s5,Rebel Sixx,50069,32,2020-11-01,day,0,2023-12-19
0.55,0.553,2,-6.011,1,0.364,0.198,0.0,0.131,0.177,82.473,204000,1,6isfhRobq7dfDZep6Vqdir,Arima,7IbkKTNpBj7MORRdt3oge3,Zerimar,29786,33,2020-01-26,day,37,2023-12-19
0.729,0.736,11,-1.882,1,0.058,0.111,0.0,0.112,0.205,100.068,216000,4,5BQfIMshGofPt9pgzw68FR,Killing Feeling,"4W1YDUIlG2VramwT3zKYah,3r8Hq14XJAyy6K8mlBs2s5","Mountainside Music,Rebel Sixx","811,50069","3,32",2020-07-26,day,4,2023-12-19
0.686,0.691,4,-4.51,0,0.0663,0.514,0.0,0.645,0.236,99.918,180000,4,1lESimg6fmSfOlMV8zN27W,Buss Meh Gun,"4W1YDUIlG2VramwT3zKYah,4geH4SPSu6IGFtDrJ4Ssl2","Mountainside Music,tafari","811,5","3,1",2020-07-26,day,3,2023-12-19
0.624,0.774,9,-6.278,1,0.454,0.327,0.0,0.0772,0.415,100.246,175009,4,1EnnW5r4AadGHvSrJ7tl0i,Love Investment,7zow5Va8ESrfnxvUF62HRH,Icee Dan,7933,21,2020-08-13,day,1,2023-12-19
0.57,0.646,4,-5.101,0,0.0964,0.505,0.0,0.162,0.206,99.746,216000,4,0SfGFN0GhRUscIYEQCIKgy,Amazing Grace,"4W1YDUIlG2VramwT3zKYah,3iWwLfjZAKzmAB57v38i45","Mountainside Music,Raskality","811,5666","3,14",2020-07-26,day,0,2023-12-19
0.617,0.622,0,-4.638,0,0.318,0.15,0.0,0.183,0.5,132.423,205891,5,69HFkrscVafgyqdhZvOruQ,Hard Fi Dead,2kNL5eBpFCpOQu81GJ4lZb,Jovi Ton,3901,4,2020-09-18,day,0,2023-12-19
0.847,0.645,1,-5.78,1,0.327,0.232,0.0,0.0683,0.682,105.565,171429,4,7DO2PLJTnE4oO5qTkdwqJo,Dweet Mad,"3UwGbC4Sl9MmonrpWo6grS,4i7qK1Yors4Rq1GW1dBn0w","Boy Boy,Blackwick","28641,10","39,3",2020-10-20,day,18,2023-12-19
0.857,0.503,9,-8.433,1,0.0913,0.434,0.0,0.301,0.627,105.034,182857,4,0jwDHDTezDatqItgR5W8DB,Fall in Love,0JSBUUBuT8pbdbw1UZggSY,Tefflon,18911,28,2020-10-09,day,34,2023-12-19
0.672,0.598,2,-6.403,1,0.351,0.00918,0.0101,0.338,0.297,199.843,210031,4,5x9WhtovDq6IhfwCrySJab,Sun Tzu,3r8Hq14XJAyy6K8mlBs2s5,Rebel Sixx,50069,32,2020-05-08,day,15,2023-12-19
0.758,0.493,1,-7.131,1,0.319,0.234,0.0,0.15,0.479,65.258,172032,3,5P6LieuBzOvWdrMzDiOOrM,Pain,"2kNL5eBpFCpOQu81GJ4lZb,1CrCGh7AtRKTlANy7DYXrN","Jovi Ton,Power","3901,3","4,0",2020-06-07,day,5,2023-12-19
0.628,0.679,0,-8.717,0,0.397,0.416,1.13e-06,0.118,0.603,132.24,204000,5,6PxTl0AmTosngscF5vpJ8O,2 Pan Drum,2kNL5eBpFCpOQu81GJ4lZb,Jovi Ton,3901,4,2020-04-17,day,0,2023-12-19
0.64,0.653,1,-5.748,1,0.252,0.555,0.0,0.178,0.606,101.292,177308,4,4m85DsX3Bf1rM1vShK7Knw,1 Ah Day,2kNL5eBpFCpOQu81GJ4lZb,Jovi Ton,3901,4,2019-11-22,day,6,2023-12-19
0.807,0.701,8,-3.387,0,0.129,0.05,0.0,0.132,0.533,95.987,223401,4,6xfhjg8CsugU9JFCgcQPyY,First Class Flight (feat. Prince Swanny),"40vpvFOIfRil2lXkK5GrTK,2Jv0w50BNaGlwnXpq69HGm","Jahvillani,Prince Swanny","104252,110479","35,42",2020-06-19,day,18,2023-12-19
0.549,0.643,9,-5.684,0,0.141,0.167,0.0,0.0709,0.577,124.692,178000,5,0rt5yG9xdLAI2wFVYgXVYn,Money Mission,"7IbkKTNpBj7MORRdt3oge3,6CxUKwVnCBKKP60XMvnMOL","Zerimar,Jahllano","29786,19787","33,24",2020-06-03,day,14,2023-12-19
0.56,0.568,1,-6.792,0,0.176,0.122,0.0,0.067,0.205,98.471,181244,4,292zkVbfcsChUsLbjkiUXY,Just Fxck,7IbkKTNpBj7MORRdt3oge3,Zerimar,29786,33,2020-05-19,day,42,2023-12-19
0.483,0.882,2,-0.043,1,0.322,0.181,0.0,0.26,0.802,69.043,155016,3,2ynhblEkrZ6YLns7mWRsw7,Heavenly,3r8Hq14XJAyy6K8mlBs2s5,Rebel Sixx,50069,32,2020-07-02,day,4,2023-12-19
0.673,0.664,6,-4.531,1,0.386,0.503,0.0,0.121,0.438,133.034,194456,5,0w9JwRlD2JnSMbUCpJkrTs,Fade Away,58GP6t4N8aiJkHTOM41ECz,Plumpy Boss,20294,29,2020-06-23,day,15,2023-12-19
0.838,0.655,9,-2.095,1,0.1,0.175,0.0,0.0911,0.316,100.005,216150,4,25iN7vsEUC87ErvNJWOauk,Lex Luthor,"4W1YDUIlG2VramwT3zKYah,3UwGbC4Sl9MmonrpWo6grS","Mountainside Music,Boy Boy","811,28641","3,39",2020-07-24,day,5,2023-12-19
0.896,0.498,0,-9.301,1,0.0604,0.115,2.27e-06,0.0998,0.374,100.059,222000,4,7mlglU3rCinMvUj0j0KG39,From a War,1q8eLau7GFYIqG56nO7Cwt,CJ Dan,6759,8,2019-02-08,day,12,2023-12-19
0.579,0.652,5,-6.009,0,0.36,0.433,0.0,0.179,0.413,95.898,141467,4,01cuE2jA7QJ4BqNBgFblUM,Level Up,6fanvfSBKMMExePwhUq8Mi,K Lion,39431,29,2019-07-12,day,27,2023-12-19
0.755,0.695,1,-5.047,0,0.138,0.0478,0.0,0.0528,0.458,133.152,174636,5,4nlXNM4Yp6YDdqJdYBsGpQ,Adolf,3r8Hq14XJAyy6K8mlBs2s5,Rebel Sixx,50069,32,2020-08-07,day,11,2023-12-19
0.744,0.656,2,-7.64,0,0.074,0.51,0.0,0.203,0.764,103.043,151456,4,1Nme72HTJeuqzBKnr1sAkD,Biggest Gyallis,3r8Hq14XJAyy6K8mlBs2s5,Rebel Sixx,50069,32,2020-08-14,day,10,2023-12-19
0.751,0.661,3,-6.411,0,0.275,0.593,0.0,0.177,0.478,133.009,180000,4,7dLC0DxKryrgUSQp38ynAi,Camouflage Friend,3r8Hq14XJAyy6K8mlBs2s5,Rebel Sixx,50069,32,2020-07-28,day,4,2023-12-19
0.79,0.489,8,-8.73,0,0.611,0.139,2.41e-05,0.153,0.433,133.019,175200,5,1NaOa4lgForxtXILSVMv06,Loyal,7zow5Va8ESrfnxvUF62HRH,Icee Dan,7933,21,2020-10-29,day,26,2023-12-19
0.765,0.822,8,-2.476,0,0.232,0.442,0.0,0.127,0.518,103.502,184686,4,6L2o4ow2TdJ96hLznNqNXE,Doh Ramp,7zow5Va8ESrfnxvUF62HRH,Icee Dan,7933,21,2020-10-29,day,2,2023-12-19
0.62,0.648,7,-6.485,0,0.368,0.0879,0.0,0.262,0.238,66.97,150094,3,3NTaYXgfzXHy9zTe3loh5G,Nobody Wa Dead,2kNL5eBpFCpOQu81GJ4lZb,Jovi Ton,3901,4,2020-09-18,day,0,2023-12-19
0.823,0.427,2,-9.601,0,0.201,0.595,1.4e-06,0.101,0.197,99.963,146400,4,3bET0TTzxFWvtYN1Q9rMLR,ReaL,"2kNL5eBpFCpOQu81GJ4lZb,1aZr62NOS4cpLzDAHDu2bE","Jovi Ton,Lucrativ","3901,41","4,1",2021-06-04,day,1,2023-12-19
0.75,0.611,1,-4.759,0,0.182,0.548,0.00088,0.22,0.496,100.15,127269,4,3yWQxf143l5gO7JaDhAV5n,Murdera,2kNL5eBpFCpOQu81GJ4lZb,Jovi Ton,3901,4,2020-08-14,day,0,2023-12-19
0.792,0.496,6,-7.393,1,0.39,0.182,0.0,0.33,0.378,99.754,158412,4,7hTwNGXBq7k7oFE1l2CcaX,Evil,"0nIakJQchHrnMygVzo1FuB,1PORbJtUKuxAWKDI6EzREy","Tafari,LRG","33,18","0,0",2020-04-17,day,0,2023-12-19
0.66,0.403,6,-5.567,1,0.626,0.569,0.0,0.308,0.583,99.372,156029,4,4BVY5sNmlq3fPgeOM9XYUS,Close Case,28B0kkgGpew8x5JIK5rFFb,Rondo,13,0,2020-04-11,day,2,2023-12-19
0.619,0.542,1,-7.725,1,0.539,0.183,0.0,0.169,0.539,71.196,158877,3,1O8N9NiCwUCASLfHltRwKp,On Dem Endz,5QzlLj4WGVPkMArSIwpTn8,One6,213,1,2020-04-11,day,3,2023-12-19
0.795,0.693,1,-7.189,0,0.0803,0.202,0.0,0.311,0.56,95.979,185678,4,1J2ZZP0TkUNgsPBL5jLqtv,Nuh Believe,3r8Hq14XJAyy6K8mlBs2s5,Rebel Sixx,50069,32,2020-07-31,day,7,2023-12-19
0.92,0.547,4,-5.756,0,0.258,0.0706,0.0,0.0882,0.582,120.065,226038,4,3vMkMQJCIYt5E84Z5kGUBM,March Out,7tnzhcb2y0dtPFIFVTp0A4,Tafari,25770,22,2020-10-14,day,5,2023-12-19
0.933,0.618,9,-4.762,1,0.405,0.0114,0.0,0.107,0.311,109.973,174432,4,0ukIivIfCz3ruGIQCV1AJS,Crisis,7tnzhcb2y0dtPFIFVTp0A4,Tafari,25770,22,2020-10-24,day,18,2023-12-19
0.627,0.648,5,-9.571,0,0.166,0.212,0.0,0.105,0.932,200.009,159347,4,4jipvgmO8jIc5uzs3mqqXh,Tafari (Top Gyallis),7tnzhcb2y0dtPFIFVTp0A4,Tafari,25770,22,2020-10-14,day,22,2023-12-19
0.749,0.641,7,-4.663,0,0.31,0.618,0.0,0.165,0.448,97.046,257320,4,0b6SnhvBbyM5pYfBmFc1cF,Freak,7tnzhcb2y0dtPFIFVTp0A4,Tafari,25770,22,2020-10-09,day,29,2023-12-19
0.682,0.559,5,-8.072,0,0.031,0.657,0.0,0.1,0.259,97.004,191134,4,7bJK12SkQXk9BNgtLu4hK0,Heathen,2Jv0w50BNaGlwnXpq69HGm,Prince Swanny,110479,42,2020-11-28,day,21,2023-12-19
0.619,0.651,7,-5.011,0,0.177,0.211,0.0,0.0592,0.48,96.207,183980,3,2a4jIWKlPhvXQNcMxtZMS8,Load Up,"2Jv0w50BNaGlwnXpq69HGm,7zow5Va8ESrfnxvUF62HRH","Prince Swanny,Icee Dan","110479,7933","42,21",2020-08-09,day,31,2023-12-19
0.77,0.592,6,-4.788,0,0.0647,0.382,0.0,0.113,0.499,95.967,200200,4,5Pvym8LwF4f8PxDpm3NppH,Crazy and Evil,2Jv0w50BNaGlwnXpq69HGm,Prince Swanny,110479,42,2020-08-18,day,17,2023-12-19
0.552,0.513,2,-9.66,1,0.325,0.264,3.85e-06,0.139,0.497,89.106,175334,4,7v7N1O7gs7M7Yt4wxgMkWf,Trials,"6QJrx4J9XqIxXUBhacoJHC,22VTLijlsfRm7CFJPHnj72","Medz Boss,Icee Dan","33706,13","26,0",2020-11-29,day,4,2023-12-19
0.826,0.666,6,-6.138,0,0.247,0.134,0.0,0.0594,0.659,171.924,173415,4,4pn2zjysUiFuK4naF2Mg19,Feel Like,6QJrx4J9XqIxXUBhacoJHC,Medz Boss,33706,26,2020-09-25,day,1,2023-12-19
0.796,0.878,5,-0.103,0,0.17,0.18,0.0,0.122,0.482,130.577,139592,5,7stjBH8WN9SFWjdVrSdc4P,No Media Badness,6QJrx4J9XqIxXUBhacoJHC,Medz Boss,33706,26,2020-05-30,day,19,2023-12-19
0.913,0.692,6,-5.63,1,0.0756,0.194,0.0,0.129,0.835,105.987,158491,4,1DAmauzVcyZTmAYkcZ5oSQ,Bad From Birth,58GP6t4N8aiJkHTOM41ECz,Plumpy Boss,20294,29,2020-09-22,day,19,2023-12-19
0.68,0.706,8,-4.806,0,0.189,0.177,0.0,0.363,0.386,132.175,177084,5,3vlWFS43iqZnNn6dYUxrhj,Lit,3r8Hq14XJAyy6K8mlBs2s5,Rebel Sixx,50069,32,2020-11-06,day,10,2023-12-19
0.685,0.834,10,-2.567,0,0.245,0.523,0.0369,0.207,0.568,94.918,208421,4,6TliebJ28D70PIYL1gZn9V,Worst Way,3r8Hq14XJAyy6K8mlBs2s5,Rebel Sixx,50069,32,2020-11-13,day,4,2023-12-19
0.714,0.507,1,-10.957,0,0.292,0.255,0.0,0.498,0.576,99.432,194400,4,4EjJ7Am2OlS7V7Cd1xzxdl,Life so Hard,0K9Bx0HTyKyr0WlTgPGPT3,K-Lion,636,2,2018-08-17,day,13,2023-12-19
0.571,0.92,1,0.406,1,0.329,0.419,0.0,0.119,0.357,129.894,139592,5,2R85aeAK3wk4uQvL1IS5Mg,Ever High,363rd3ZlAT1FYFhYLFzK6L,Rondo,4023,12,2020-05-30,day,2,2023-12-19
0.596,0.876,8,0.125,1,0.309,0.122,0.0,0.126,0.421,125.217,129796,5,09m8FdBfsHN3TyAZLy1sVe,Start Problems,"7zow5Va8ESrfnxvUF62HRH,7elF2mcmpVjDa1VWb0Umhz","Icee Dan,Youngin","7933,88","21,4",2020-05-30,day,3,2023-12-19
0.563,0.921,8,0.079,1,0.296,0.0499,0.0,0.319,0.243,132.743,139592,5,7xbCg47z1YSWMMlnt4PZrJ,Rich Badness,3bJ6gnTDrlHSMszDydll2L,Orlando Octave,12239,23,2020-05-30,day,1,2023-12-19
0.747,0.478,7,-10.153,0,0.195,0.585,0.0,0.13,0.731,105.201,193515,4,4SQVg9en6rKo7zqE2BOUfY,Evil Head,5tr6GdAE9bwCqYuLXUwIhd,Toppy Boss,7891,3,2020-05-13,day,5,2023-12-19
0.518,0.721,7,-3.245,0,0.388,0.162,0.0,0.177,0.318,57.894,209659,5,0S8kWaWVyLn2eQMvyKKhYM,Expensive Lifestyle,6CxUKwVnCBKKP60XMvnMOL,Jahllano,19787,24,2020-11-13,day,11,2023-12-19
0.869,0.629,2,-5.429,1,0.14,0.239,0.0,0.261,0.329,99.955,168000,4,6EzIzu6Nv0Mxfw8idpob1s,Pumpy,0RyIm05wJ3OkfUC9w84mly,Leo King,1243,1,2020-03-09,day,2,2023-12-19
0.495,0.666,9,-4.603,0,0.214,0.236,0.0,0.169,0.286,97.412,232800,4,2YHMVdgPdN26y7hvpexBpa,Wild & Mean,"4W1YDUIlG2VramwT3zKYah,69kGneYBN4Lc9e2MbYzJwO","Mountainside Music,Nyo","811,1","3,0",2020-07-26,day,0,2023-12-19
0.701,0.778,1,-5.045,0,0.381,0.626,0.0,0.118,0.691,112.49,198214,4,49wTz8ZfiFThb92zEMTioz,I Am Who I Am,6CxUKwVnCBKKP60XMvnMOL,Jahllano,19787,24,2020-08-28,day,9,2023-12-19
0.746,0.46,8,-7.585,1,0.476,0.0472,0.0,0.0884,0.275,92.241,138261,4,01cFORzajKTXYge6MM7i72,Torment,3UwGbC4Sl9MmonrpWo6grS,Boy Boy,28641,39,2020-04-20,day,30,2023-12-19
0.534,0.66,4,-7.856,0,0.162,0.3,0.0,0.091,0.641,96.762,202044,4,0vrBv4yJmpcDmKgdAtm8Nv,911,"7IbkKTNpBj7MORRdt3oge3,21eMY05o0HGXY7jtnLyo36","Zerimar,Riima Dan","29786,51","33,6",2019-09-21,day,23,2023-12-19
0.622,0.44,2,-12.313,0,0.44,0.136,0.0,0.097,0.323,95.909,170000,4,3iU8GYRZq4lZHBGgRizcjl,Pineapple,"6CxUKwVnCBKKP60XMvnMOL,46WOjzWNH7CX49Geoe8ly0,6QJrx4J9XqIxXUBhacoJHC","Jahllano,Jah Z Blaze,Medz Boss","19787,26,33706","24,0,26",2020-07-27,day,9,2023-12-19
0.667,0.459,2,-7.049,0,0.111,0.657,0.0,0.0976,0.739,81.971,187344,4,0akz4SNJ1fibxRttlXnUOR,Tell Me,2Jv0w50BNaGlwnXpq69HGm,Prince Swanny,110479,42,2020-12-13,day,22,2023-12-19
0.835,0.508,4,-7.67,0,0.146,0.00873,0.0,0.154,0.221,104.141,144000,4,2ln3xEe51Mg2RPuExpuVhg,Fun Time,5EsCbG7ZqKDZP0CAESy0v2,Born King,223,11,2020-12-04,day,0,2023-12-19
0.641,0.757,6,-4.991,0,0.171,0.0255,4.27e-06,0.112,0.391,200.267,159000,4,03M5SyWkuSk5PbngjFa6Px,Lash Up,"58GP6t4N8aiJkHTOM41ECz,1hB8Q14TiEwNUgXw90taX8","Plumpy Boss,Kyler","20294,261","29,16",2020-11-13,day,9,2023-12-19
0.509,0.806,6,-5.31,0,0.376,0.0193,0.0,0.103,0.337,202.519,122400,4,4AQa1R8TnEdosEp3WAeUaT,Make Dem Know,0pkzJ3QKFO7psSnObYpoh0,Lead Pipe,1290,12,2020-11-13,day,14,2023-12-19
0.477,0.794,6,-5.127,0,0.388,0.0216,0.0,0.132,0.345,67.256,159600,5,4ARIuR9vFXEZSBNBRZ20zd,Thanks & Praise,6CxUKwVnCBKKP60XMvnMOL,Jahllano,19787,24,2020-11-13,day,7,2023-12-19
0.745,0.747,10,-2.399,0,0.216,0.347,0.0,0.136,0.313,100.012,196833,4,39mZ6THG0Si5gV7sbAhEqB,Rifle Tun On,5QzlLj4WGVPkMArSIwpTn8,One6,213,1,2020-02-27,day,1,2023-12-19
0.438,0.626,11,-7.934,0,0.302,0.0357,0.013,0.105,0.241,64.139,210648,5,4xdm1oaggrLVtSIRxdxuQU,My Life,6wrNAJbDJ1gRcACD4l0ZNz,2k Zelle,462,5,2020-04-09,day,2,2023-12-19
0.79,0.684,1,-5.985,1,0.341,0.0301,0.0,0.121,0.498,129.211,180094,5,3sletTDRRFsgmfGh2pWILi,Keltec,1AAfBSGnu3LdmP1rBKAZpq,Toppy Boss,592,2,2019-02-17,day,5,2023-12-19
0.683,0.51,8,-6.132,1,0.645,0.0531,0.0,0.0918,0.349,117.074,148696,5,4fER4bAuy8q72pplsZZAfR,Pan Belly,6CxUKwVnCBKKP60XMvnMOL,Jahllano,19787,24,2020-04-20,day,9,2023-12-19
0.572,0.878,8,0.391,1,0.367,0.0504,0.0,0.368,0.329,132.865,142041,5,2sVH2unOiigUL293nGmQ0T,Start the War,3ATKkAzfZsIJuoCnOepK67,Trigger Dan,1790,6,2020-05-30,day,4,2023-12-19
0.703,0.409,5,-7.205,0,0.178,0.486,4.39e-06,0.121,0.161,95.749,212584,4,2xWCaB47OfQ7u1nPfn6644,Young Legend,2kNL5eBpFCpOQu81GJ4lZb,Jovi Ton,3901,4,2020-07-03,day,1,2023-12-19
0.762,0.555,0,-5.111,0,0.0421,0.176,0.0,0.117,0.18,100.07,184000,4,0mtAukMhCAYgVb7KX2hK8a,Faker,4hkCzTAcWmwVPLscNvweK6,Brad,323,3,2020-06-16,day,9,2023-12-19
0.717,0.526,10,-6.833,0,0.641,0.0199,0.0,0.152,0.175,120.835,127826,5,1I8CFCZy9A4Cfk3YfiYvxP,6 Feet,2uXytzsWyyjXiAaQQ5O0s3,Pablo Dan,2842,5,2020-04-20,day,5,2023-12-19
0.786,0.507,8,-9.62,1,0.24,0.164,1.53e-06,0.27,0.181,103.02,193534,4,2CI5bciUhcdBPqHlMPm7hL,Cya Done,3r8Hq14XJAyy6K8mlBs2s5,Rebel Sixx,50069,32,2020-07-28,day,12,2023-12-19
0.439,0.509,11,-10.119,0,0.33,0.307,0.0,0.115,0.253,73.579,140081,3,4MWKlJPWmS4y6gvAcK2g21,Life Over Everything,"2kNL5eBpFCpOQu81GJ4lZb,3r8Hq14XJAyy6K8mlBs2s5","Jovi Ton,Rebel Sixx","3901,50069","4,32",2020-07-31,day,0,2023-12-19
0.803,0.613,11,-6.08,0,0.14,0.396,0.0,0.415,0.532,98.105,156735,4,4caxOPHcSqvINZ1rFBC6Uw,Pull Up,1q8eLau7GFYIqG56nO7Cwt,CJ Dan,6759,8,2020-09-16,day,1,2023-12-19
0.567,0.82,11,-7.254,0,0.516,0.022,0.0,0.509,0.683,129.38,161633,5,6nRvAw8jAzhrlxijSpIn54,Specialized,6CxUKwVnCBKKP60XMvnMOL,Jahllano,19787,24,2020-09-16,day,10,2023-12-19
0.756,0.827,11,-2.749,0,0.378,0.295,0.0,0.184,0.589,98.23,163314,4,6GvrrRBzYGepDQZz8t6kEk,Dem Know,3r8Hq14XJAyy6K8mlBs2s5,Rebel Sixx,50069,32,2020-09-16,day,10,2023-12-19
0.884,0.651,1,-4.258,1,0.137,0.673,0.0,0.313,0.83,104.936,132885,4,7e4z8bwoE2Dmk0sC243weY,Welcome to Bompton,"7tnzhcb2y0dtPFIFVTp0A4,7vdcsB9p8PtIooVpemHb63","Tafari,Rebel","25770,1873","22,22",2020-10-25,day,8,2023-12-19
0.816,0.556,7,-7.945,1,0.071,0.487,0.0,0.0664,0.643,112.051,128571,4,4vkkQIUmyx4ZjMLNK4S4xF,20/20 Freestyle,0JSBUUBuT8pbdbw1UZggSY,Tefflon,18911,28,2020-11-14,day,0,2023-12-19
0.9,0.511,4,-9.248,0,0.161,0.435,0.0,0.103,0.438,111.977,154286,4,32mxKFqbSKfdzVHVOMCeCV,Steamy,"0WhrKY560yMc8mma8YXNKp,0JSBUUBuT8pbdbw1UZggSY","Faces,Tefflon","44,18911","0,28",2020-11-26,day,0,2023-12-19
0.67,0.532,1,-7.843,1,0.312,0.552,0.0,0.41,0.209,110.789,139636,4,04vtY9Yh7HpbKUVYPulnd1,GunSmith,0WhrKY560yMc8mma8YXNKp,Faces,44,0,2020-11-08,day,0,2023-12-19
0.672,0.372,8,-9.075,0,0.416,0.0444,1.57e-05,0.0663,0.493,99.952,213600,4,2aBdTSCJkHRS1nNiqEiNVw,Hall of Fame,1q8eLau7GFYIqG56nO7Cwt,CJ Dan,6759,8,2020-12-17,day,5,2023-12-19
0.541,0.741,5,-3.227,0,0.0538,0.267,2.1e-06,0.0817,0.435,117.142,162000,4,1tNtf36ROqQVuevmEMViO0,Evil East,7IbkKTNpBj7MORRdt3oge3,Zerimar,29786,33,2020-11-20,day,23,2023-12-19
0.851,0.569,10,-4.458,1,0.33,0.0404,0.0,0.0386,0.773,66.687,175256,5,24mHpuOzE1B1X6KEGZJgIi,Best Friend,7zow5Va8ESrfnxvUF62HRH,Icee Dan,7933,21,2020-11-27,day,0,2023-12-19
0.665,0.662,9,-5.017,0,0.191,0.735,0.0,0.105,0.673,94.927,159269,4,7f7D3vbamq0VLi2Xm53klx,Thugz Mansion,"7tnzhcb2y0dtPFIFVTp0A4,6bsjIzIKLCOtbAptmob0WW","Tafari,Hezefrm3","25770,13","22,0",2020-10-26,day,2,2023-12-19
0.821,0.565,8,-6.048,1,0.241,0.508,0.0,0.133,0.5,102.99,214369,4,4Ykv8btpS8HbDanxUR8rLB,K Go Off,3r8Hq14XJAyy6K8mlBs2s5,Rebel Sixx,50069,32,2020-12-07,day,5,2023-12-19
0.912,0.734,11,-4.151,0,0.159,0.226,0.0,0.106,0.742,116.03,169667,4,4iIpXZkRfQbz496USds1fn,Duppy Season,"7tnzhcb2y0dtPFIFVTp0A4,7c8WSGTjxRP9sOob1KukJA","Tafari,Kalonji","25770,32939","22,29",2020-12-18,day,19,2023-12-19
0.705,0.687,2,-6.545,1,0.249,0.0638,0.0,0.303,0.187,102.156,144248,4,5ltSlUazdhm6RnE4yJdFwg,Real,7tnzhcb2y0dtPFIFVTp0A4,Tafari,25770,22,2020-12-18,day,2,2023-12-19
0.821,0.635,3,-4.228,0,0.0543,0.121,0.0,0.331,0.257,104.073,156970,4,1G56f6y4M8Ly0dzj93jv29,Tafari (Fully Active),7tnzhcb2y0dtPFIFVTp0A4,Tafari,25770,22,2020-12-18,day,24,2023-12-19
0.831,0.59,4,-7.739,0,0.0967,0.116,0.0,0.0834,0.311,100.046,178000,4,65EN3Xl8Autc6AMzuZCBNY,Ztekk for Lyfe,4hkCzTAcWmwVPLscNvweK6,Brad,323,3,2020-12-04,day,2,2023-12-19
0.63,0.485,7,-8.267,1,0.342,0.2,0.000122,0.084,0.255,133.145,178000,5,1OMEud3WV46sEsxG6O5Gas,Bonnie & Clyde,1q8eLau7GFYIqG56nO7Cwt,CJ Dan,6759,8,2020-12-04,day,1,2023-12-19
0.856,0.479,7,-8.569,1,0.28,0.363,6.22e-06,0.0715,0.189,100.035,178000,4,6JvlElmYnu0W70muUOhItN,Reminiscing,"6QJrx4J9XqIxXUBhacoJHC,5wgCr1KSfkaiLfn7GICGBW","Medz Boss,Milk Marie","33706,0","26,0",2020-12-04,day,0,2023-12-19
0.711,0.645,11,-7.253,0,0.415,0.445,0.0,0.0812,0.498,67.189,165642,3,4d0oXRIRhEvepntypNEwtp,Nah Stop,"7gPEv7OUsJZnu7yhXvXOCl,2BqkqcjWwdPWIMRy1bgpap","Asim,Pablo Dan","382,0","0,0",2020-10-06,day,0,2023-12-19
0.665,0.527,11,-6.64,1,0.477,0.589,0.0,0.101,0.362,128.37,188291,5,4HdZhMbxSvJkR9wyL4EFAt,Father God,5100dmCu2ug7rtxRO5wOe9,Fari Dan,545,0,2020-11-06,day,0,2023-12-19
0.776,0.448,6,-9.493,0,0.41,0.782,0.0,0.232,0.389,110.587,261773,5,0OK9UhWif1NTeJIklm2hzi,6ixx Never Die,5100dmCu2ug7rtxRO5wOe9,Fari Dan,545,0,2020-11-06,day,3,2023-12-19
0.667,0.637,4,-2.668,0,0.345,0.555,1.8e-05,0.166,0.57,194.151,198269,4,7vf5vWsHy1xXjRVZ3HvOf0,Must Get It,5100dmCu2ug7rtxRO5wOe9,Fari Dan,545,0,2020-11-06,day,1,2023-12-19
0.671,0.615,11,-6.695,0,0.482,0.755,0.0,0.164,0.413,106.548,203311,4,6R0I0sT3TQ3Efm7UmvGODH,Ghetto Champange,5100dmCu2ug7rtxRO5wOe9,Fari Dan,545,0,2020-11-06,day,0,2023-12-19
0.653,0.683,11,-4.649,0,0.416,0.562,0.0,0.338,0.352,103.754,168255,4,2BC9eRDbCm8hwYGxSBH9Kw,Careful Ah Friend,5100dmCu2ug7rtxRO5wOe9,Fari Dan,545,0,2020-11-06,day,0,2023-12-19
0.763,0.753,7,-5.836,0,0.389,0.356,0.0,0.128,0.206,110.483,234397,4,4igfS6Oubz6fm732R8wSzj,Ready,"5100dmCu2ug7rtxRO5wOe9,1XK7JEkEviy2mcbi1ljpaR","Fari Dan,Zebee","545,2985","0,18",2020-11-06,day,1,2023-12-19
0.569,0.406,8,-7.567,0,0.444,0.693,4.28e-05,0.191,0.381,95.582,203886,4,59QgmEcpd6z1zPx4fmeCFh,Call My Phone,5100dmCu2ug7rtxRO5wOe9,Fari Dan,545,0,2020-11-06,day,1,2023-12-19
0.865,0.534,10,-6.792,0,0.114,0.816,3.84e-06,0.0781,0.398,98.983,194482,4,2keToNgdfoiZx6DrLG8hYb,Freakiness,5100dmCu2ug7rtxRO5wOe9,Fari Dan,545,0,2020-11-06,day,0,2023-12-19
0.543,0.697,1,-4.912,1,0.232,0.696,0.0,0.204,0.36,129.725,185992,5,1Kebxio1eDJoNRYaYOAgSE,Wine Mi Like,5100dmCu2ug7rtxRO5wOe9,Fari Dan,545,0,2020-11-06,day,0,2023-12-19
0.556,0.416,7,-8.026,0,0.123,0.898,0.0,0.137,0.671,77.248,156970,4,3QupWFcm16y94mNPwqbEWu,Life Hard Freestyle (Bonus Track),5100dmCu2ug7rtxRO5wOe9,Fari Dan,545,0,2020-11-06,day,0,2023-12-19
0.774,0.795,7,-4.455,0,0.204,0.456,0.0,0.108,0.748,101.625,115331,4,15Wvl6cLtdYAmvJ9WDjEf9,6 Resurrection,5100dmCu2ug7rtxRO5wOe9,Fari Dan,545,0,2020-11-15,day,0,2023-12-19
0.542,0.865,7,-1.948,1,0.339,0.26,0.0,0.142,0.448,159.475,161013,4,4kFIUhQOxuleH2COy30E9c,Confuses,58GP6t4N8aiJkHTOM41ECz,Plumpy Boss,20294,29,2020-11-13,day,5,2023-12-19
0.454,0.722,11,-8.883,0,0.389,0.158,0.0,0.131,0.475,67.29,213066,3,4ZQJLV4AOuHHH6hIsup9L8,Bad Everyday,"5FkUhnHQ0KC63549LHHtst,2Jv0w50BNaGlwnXpq69HGm","Skillibeng,Prince Swanny","320085,110479","59,42",2020,year,43,2023-12-19
0.877,0.634,9,-6.483,0,0.339,0.725,0.000163,0.0974,0.319,95.874,195531,4,0yipRTNx3N32TIUGvCqbVu,Gun Talk,5FkUhnHQ0KC63549LHHtst,Skillibeng,320085,59,2020,year,21,2023-12-19
0.612,0.377,6,-10.453,0,0.433,0.405,4.83e-05,0.16,0.451,99.924,203280,4,5RFxrpl1SF1L1WPSh0nwhO,Drip,"7tnzhcb2y0dtPFIFVTp0A4,4CKIwngDJ11W3PffsIyEtZ","Tafari,Young General","25770,10","22,0",2020-10-24,day,2,2023-12-19
0.609,0.584,11,-7.537,1,0.352,0.14,0.0,0.134,0.6,105.56,202025,4,5YUE9Bgj7hm72PdsYTLrSn,Badman,5FkUhnHQ0KC63549LHHtst,Skillibeng,320085,59,2020,year,56,2023-12-19
0.897,0.634,0,-6.106,1,0.158,0.671,1.54e-06,0.105,0.702,101.959,197647,4,0JqD6rLAOJshru8cPdTB8o,Vybez,7tnzhcb2y0dtPFIFVTp0A4,Tafari,25770,22,2021-01-01,day,21,2023-12-19
0.787,0.31,5,-7.489,0,0.306,0.369,2.68e-06,0.115,0.585,66.66,235200,5,7thpzIdiLdnfpyXbeilJLR,Top Class,7tnzhcb2y0dtPFIFVTp0A4,Tafari,25770,22,2021-01-01,day,23,2023-12-19
0.73,0.551,6,-5.267,1,0.0738,0.581,0.0,0.111,0.366,95.805,144987,4,2Aey9trkJtDRF0pfbisujQ,"Hustle, Pt. 2",4DbFUy6A1B8aJuNKjrQX3k,Tafari,6068,9,2020-04-28,day,2,2023-12-19
0.545,0.447,0,-7.683,0,0.381,0.717,0.0,0.125,0.753,70.823,127530,3,5TOfFd6Ffpo2pJW7q6qZcL,Target,"2uXytzsWyyjXiAaQQ5O0s3,0rSGxwbSl2cBOf3YYezMmb","Pablo Dan,KJ","2842,133","5,12",2019-09-18,day,4,2023-12-19
0.645,0.521,2,-5.736,0,0.328,0.421,5.32e-05,0.386,0.48,94.463,134113,4,1tVihtCeCHlqpyledrurD9,Achievement Road,"2uXytzsWyyjXiAaQQ5O0s3,7FdbTi9UwQzq0ML3C0JAGU","Pablo Dan,Ambi","2842,102","5,4",2019-12-22,day,2,2023-12-19
0.543,0.647,4,-7.424,1,0.234,0.254,0.0,0.243,0.462,101.445,213616,4,5KMf9JeWOFHxy2uFYDElrb,Far Away,2kNL5eBpFCpOQu81GJ4lZb,Jovi Ton,3901,4,2020-04-26,day,0,2023-12-19
0.508,0.539,2,-4.507,1,0.438,0.17,0.0,0.151,0.349,73.095,165669,3,1iGmjiBvrsWB55ccNe4dQB,Genocide,5kXPcSKYXkxHKzzqLGaHOA,Tefflon,955,16,2020-10-30,day,2,2023-12-19
0.73,0.521,2,-4.957,1,0.474,0.311,0.0,0.123,0.38,67.352,172852,3,09rYlPNBeosKjQeL408OtR,Warzone,"1AAfBSGnu3LdmP1rBKAZpq,26gV2ouZmJOfagbDsykVja","Toppy Boss,Rondo","592,3400","2,8",2020-10-30,day,4,2023-12-19
0.658,0.601,0,-7.108,1,0.3,0.178,0.0,0.0733,0.267,125.3,166250,5,0sWZpWfIarqH0uZvwqxqtF,Dem Never Believe,64bBzE7260THp1IfTSlCtp,Jovi Ton,0,0,2020-11-23,day,1,2023-12-19
0.879,0.47,7,-8.728,1,0.113,0.0722,0.0,0.0889,0.122,99.968,178000,4,32f6qFgcmuNwjOWhNmSrxU,Crime Nah Regular,5HdzwHfe3sGLC2o4EiNiVR,Kryme,35,0,2020-12-04,day,0,2023-12-19
0.561,0.529,7,-8.385,1,0.495,0.0764,0.0,0.0846,0.396,73.915,178000,3,3IIIlP1NZ7qdnUEH859cOH,Life,1TF3UZmYSGgcki8xpjhSXg,Anzola,196,2,2020-12-22,day,1,2023-12-19
0.662,0.617,8,-4.637,0,0.377,0.393,1.68e-06,0.5,0.611,132.706,216000,5,3RhPr2VtDCofBnDxoLd0Iy,Bad and Hide,3iWwLfjZAKzmAB57v38i45,Raskality,5666,14,2020-12-07,day,1,2023-12-19
0.652,0.693,11,-6.609,0,0.43,0.488,0.000131,0.302,0.496,67.437,158433,5,33wBzXA4JEQtsNPrYQWIET,Nah Tek Talk,"7gPEv7OUsJZnu7yhXvXOCl,2CzDoKM72K2fdbbtnAVtlJ","Asim,Teejah","382,3411","0,2",2020-11-30,day,1,2023-12-19
0.632,0.75,11,-6.774,0,0.394,0.522,1.98e-05,0.343,0.523,66.62,158433,3,1neG6Hk9H9cVvfFvASz8QL,Real War,"7gPEv7OUsJZnu7yhXvXOCl,6WyuFnNuHWFae5f9FTxrMF","Asim,Shottalinkz","382,13","0,0",2020-11-10,day,0,2023-12-19
0.711,0.702,11,-5.975,0,0.314,0.268,0.0,0.0977,0.338,66.58,160836,3,5CFyxDgFv8UuRmZQ2vMlIi,Easy Kill,"7gPEv7OUsJZnu7yhXvXOCl,26gV2ouZmJOfagbDsykVja","Asim,Rondo","382,3400","0,8",2020-11-08,day,0,2023-12-19
0.577,0.746,11,-6.979,0,0.387,0.639,5.44e-05,0.14,0.285,100.057,158433,4,3u0EPkcAvyb1uQZz1ueZVM,Dun Dem,"7gPEv7OUsJZnu7yhXvXOCl,38QLK2LFm3jmOtnSkRUXGl","Asim,Menace","382,55","0,6",2020-11-07,day,0,2023-12-19
0.665,0.804,11,-5.882,0,0.33,0.651,2.31e-06,0.212,0.442,100.103,158433,4,7w9kMXaEMo9XlF91jn87Ks,Killing Trade,"7gPEv7OUsJZnu7yhXvXOCl,5SXlv0JnAn32FcXUP7Ib2n","Asim,Klass","382,41410","0,34",2020-11-07,day,0,2023-12-19
0.71,0.798,11,-5.387,0,0.325,0.499,0.0,0.309,0.518,99.239,160836,4,6d5lTyTxBaPaGPy22Y8b3N,Mass Murder,"7gPEv7OUsJZnu7yhXvXOCl,4yFgbdNVLWP2h95vIV0wzC","Asim,Jayy Bangah","382,0","0,0",2020-11-07,day,0,2023-12-19
0.634,0.689,2,-6.446,1,0.308,0.674,0.000549,0.101,0.392,99.986,163239,4,4WjAQbq6CzGqI6YaprCisv,No Clown Ting,"7gPEv7OUsJZnu7yhXvXOCl,0JtrE4fxVexa8o5Am4ASni","Asim,Enzo Ronin","382,2","0,0",2020-10-28,day,0,2023-12-19
0.56,0.768,11,-6.264,0,0.405,0.604,2.55e-05,0.137,0.451,66.554,158433,5,5FURUfothhakyP82HYRobZ,From Them Diss,"7gPEv7OUsJZnu7yhXvXOCl,53e6DYW0Ndry9rbINgVpdZ","Asim,M4","382,211","0,13",2020-10-05,day,0,2023-12-19
0.58,0.679,11,-7.072,0,0.415,0.355,1.02e-06,0.152,0.481,67.06,165642,3,7I5CbkG5YndZxCbIpHFJwJ,Know Dis,"7gPEv7OUsJZnu7yhXvXOCl,6fFLbONWDAaqzHL3ErGe0T,7MhWoo5iZyOq2CjqgesMVB","Asim,Fada Kg,Tre Maddawg","382,0,1","0,0,0",2020-10-05,day,0,2023-12-19
0.556,0.723,11,-6.902,0,0.532,0.416,0.0,0.149,0.507,75.022,165642,3,7yOjFkXisqhXReinQCaqsQ,Top Shottas,"7gPEv7OUsJZnu7yhXvXOCl,35gsdIyJCy3qmTr4buweuh","Asim,Kdon","382,1","0,0",2020-10-05,day,0,2023-12-19
0.843,0.533,8,-8.69,0,0.122,0.324,0.0,0.128,0.459,100.039,177600,4,0z1jbGR0Sco7lnkRVnAS9n,Govern,"4DbFUy6A1B8aJuNKjrQX3k,5gkKrHTFcl50fyKehisGlO","Tafari,Skem","6068,108","9,0",2020-12-21,day,0,2023-12-19
0.782,0.582,1,-7.326,1,0.339,0.438,7.16e-06,0.0576,0.72,104.532,185143,4,48HYfaeAIbL1ha24AIoExW,Hold on,"5CQDsePfyYgdoKJs45sVUP,5qt5xhVlqFzFmlfeIukzZr","Toppy Boss,Ray M","9,1","0,0",2020-10-20,day,0,2023-12-19
0.916,0.49,7,-10.829,1,0.224,0.22,0.0,0.103,0.277,99.971,211122,4,5PGHkWdedEKDDB1qFzDfIe,Duppy Maker,5QzlLj4WGVPkMArSIwpTn8,One6,213,1,2020-09-11,day,0,2023-12-19
0.557,0.756,2,-7.047,1,0.345,0.209,0.0,0.0987,0.521,66.157,139285,3,0G2Y5YU4wsUCKEnmkjZf1c,ABG,5tr6GdAE9bwCqYuLXUwIhd,Toppy Boss,7891,3,2020-12-30,day,9,2023-12-19
0.473,0.74,4,-5.935,0,0.346,0.204,0.0,0.227,0.578,70.956,163135,3,6hAbKrwLbSao0x67DZSAZp,Brand New Toys,"7gPEv7OUsJZnu7yhXvXOCl,2BqkqcjWwdPWIMRy1bgpap","Asim,Pablo Dan","382,0","0,0",2020-12-17,day,0,2023-12-19
0.705,0.728,9,-5.067,0,0.255,0.235,0.0,0.122,0.649,102.847,163135,4,7HzOWEMe4lLIYVTwGAGXBO,Xmas Letter,"7gPEv7OUsJZnu7yhXvXOCl,2CzDoKM72K2fdbbtnAVtlJ,1utWLRpVwJUOcSXlcl98C2","Asim,Teejah,Tre MadDawg","382,3411,1","0,2,0",2020-12-17,day,0,2023-12-19
0.903,0.495,11,-11.194,0,0.0864,0.283,0.0,0.109,0.685,115.969,149029,4,0pkIPg0ldg8hgiY1hL7jbJ,Evil Head,0JSBUUBuT8pbdbw1UZggSY,Tefflon,18911,28,2021-01-09,day,25,2023-12-19
0.538,0.512,8,-7.606,0,0.315,0.697,0.0,0.0961,0.431,133.025,165600,5,4wTaPHXs8lnly30my1QaLX,Survivor,7tnzhcb2y0dtPFIFVTp0A4,Tafari,25770,22,2021-01-01,day,7,2023-12-19
0.742,0.548,0,-8.102,0,0.193,0.423,0.0,0.107,0.485,87.979,245455,4,32Wz43w9oOb8FDlkvxscdv,Loyalty,7tnzhcb2y0dtPFIFVTp0A4,Tafari,25770,22,2021-01-01,day,6,2023-12-19
0.818,0.498,11,-11.78,0,0.0902,0.744,0.0,0.0744,0.593,100.182,216000,4,6sKKaeL26TEFQXsiMoe9u0,East Side,7tnzhcb2y0dtPFIFVTp0A4,Tafari,25770,22,2021-01-01,day,9,2023-12-19
0.533,0.457,7,-10.927,0,0.15,0.635,0.0,0.11,0.596,93.22,280851,4,0iPbqcRcByyBaAbUPCFWTD,Life,7tnzhcb2y0dtPFIFVTp0A4,Tafari,25770,22,2021-01-01,day,5,2023-12-19
0.583,0.627,4,-6.485,0,0.305,0.126,0.000134,0.331,0.506,132.473,158354,5,1uFPH4NpS5Fb9JP7CbGMVO,Drip Drip,7tnzhcb2y0dtPFIFVTp0A4,Tafari,25770,22,2021-01-01,day,2,2023-12-19
0.801,0.451,7,-9.987,1,0.352,0.0498,0.0,0.0974,0.273,84.943,242824,4,4TRlfLA9QTwJgUVvQmj8Ta,Jah Guide Me,0RyIm05wJ3OkfUC9w84mly,Leo King,1243,1,2020-08-15,day,0,2023-12-19
0.882,0.495,5,-11.719,0,0.116,0.473,0.0,0.109,0.523,94.971,144734,4,5Vq2ItMIqqlHd0W0xqkRGE,Melody,0RyIm05wJ3OkfUC9w84mly,Leo King,1243,1,2020-08-15,day,0,2023-12-19
0.788,0.495,1,-9.952,0,0.48,0.543,0.0,0.101,0.223,90.141,138000,4,4vQbV1meZu8YZ6LgCg6hJm,Vision,0RyIm05wJ3OkfUC9w84mly,Leo King,1243,1,2020-08-15,day,0,2023-12-19
0.904,0.649,11,-5.409,0,0.231,0.703,0.0,0.077,0.819,104.865,190067,4,0O1rX5Z2Bpp10e8UrCU0rb,Gun Play,0RyIm05wJ3OkfUC9w84mly,Leo King,1243,1,2020-08-15,day,0,2023-12-19
0.882,0.621,2,-5.465,1,0.191,0.297,0.0,0.295,0.326,99.959,168000,4,45PwYO2yNeaRO8dTPzcW33,Pumpy,0RyIm05wJ3OkfUC9w84mly,Leo King,1243,1,2020-08-15,day,0,2023-12-19
0.905,0.452,2,-10.723,1,0.0584,0.0999,0.0122,0.107,0.449,120.059,130027,4,3Iiy6SKdQmCk6V8tAkw9jk,KingPin,0RyIm05wJ3OkfUC9w84mly,Leo King,1243,1,2020-08-15,day,0,2023-12-19
0.853,0.54,6,-7.801,0,0.309,0.709,4.11e-06,0.11,0.553,129.47,143866,5,6vnKQT6g2yJOogZwk5SdQH,Murder,3CumbRVZIGvcO3yM97iWqd,Tafari,4174,0,2020-10-24,day,16,2023-12-19
0.778,0.546,6,-7.145,0,0.0455,0.193,1.9e-05,0.202,0.245,100.123,103200,4,3OvyiFXyAn9FChWmkrYBoK,Midas Touch,3r8Hq14XJAyy6K8mlBs2s5,Rebel Sixx,50069,32,2021-01-06,day,36,2023-12-19
0.608,0.61,1,-6.654,0,0.335,0.255,0.0,0.0969,0.536,99.809,199430,4,6RrChnfw9yt5WOtrdNAkbn,Winning,3r8Hq14XJAyy6K8mlBs2s5,Rebel Sixx,50069,32,2021-01-06,day,15,2023-12-19
0.758,0.733,5,-3.875,1,0.11,0.728,0.000195,0.114,0.596,100.067,196997,4,7pYCe4jQwXQLNUKfTBNecZ,Tour Bus,3r8Hq14XJAyy6K8mlBs2s5,Rebel Sixx,50069,32,2021-01-06,day,19,2023-12-19
0.719,0.56,0,-7.957,0,0.222,0.241,3.57e-06,0.102,0.685,200.095,147022,4,0bRengdNyNdvsV2ZwPdiOe,How?,3r8Hq14XJAyy6K8mlBs2s5,Rebel Sixx,50069,32,2021-01-06,day,21,2023-12-19
0.479,0.746,0,-3.787,1,0.495,0.132,0.0,0.303,0.743,69.622,158490,3,57HDLAxvI2pfrFC03uqKx5,Heavenly - Remastered,3r8Hq14XJAyy6K8mlBs2s5,Rebel Sixx,50069,32,2021-01-06,day,8,2023-12-19
0.877,0.759,5,-5.43,1,0.123,0.158,0.0,0.207,0.466,104.955,208000,4,68XXNl0e5w9D0OKzpyvj3I,Kriss,3r8Hq14XJAyy6K8mlBs2s5,Rebel Sixx,50069,32,2021-01-06,day,11,2023-12-19
0.821,0.552,8,-6.712,1,0.297,0.364,0.0,0.0965,0.529,102.99,214369,3,5nBKmUmkDyomPAiey74uMi,K Go Off,3r8Hq14XJAyy6K8mlBs2s5,Rebel Sixx,50069,32,2021-01-06,day,18,2023-12-19
0.898,0.531,1,-6.187,1,0.184,0.0913,0.0,0.304,0.729,109.949,159273,4,3JEc7sZW8pcdQsnxJj29aa,Big 40,3r8Hq14XJAyy6K8mlBs2s5,Rebel Sixx,50069,32,2021-01-06,day,15,2023-12-19
0.59,0.685,11,-4.607,0,0.376,0.232,0.0,0.261,0.192,99.986,225600,4,7m82BwOTZw9NKQrTZJwXaH,March Out,3r8Hq14XJAyy6K8mlBs2s5,Rebel Sixx,50069,32,2021-01-06,day,13,2023-12-19
0.836,0.576,8,-7.54,0,0.239,0.404,0.0,0.101,0.287,110.183,176726,4,3BH2NYaTylku1sbo02me2n,Twisted Thoughts,3r8Hq14XJAyy6K8mlBs2s5,Rebel Sixx,50069,32,2021-01-06,day,13,2023-12-19
0.9,0.552,9,-7.536,0,0.112,0.759,0.0,0.562,0.724,110.051,183275,4,0xWSKIzrhWGkozdtDMXpYb,6ixx Army,277jOUSGN5AKoZoDxvfmUP,Young Star 6ixx,14925,27,2020-09-16,day,16,2023-12-19
0.597,0.698,11,-5.312,1,0.54,0.116,0.0,0.26,0.646,99.997,153974,4,2ZqhQgQvd6MoSVOUwlsswA,La Badness,277jOUSGN5AKoZoDxvfmUP,Young Star 6ixx,14925,27,2020-09-16,day,27,2023-12-19
0.616,0.538,5,-9.932,0,0.378,0.556,0.0,0.11,0.457,107.492,168448,4,443kvnLjYdeoLdJ9nacloA,Fly High,277jOUSGN5AKoZoDxvfmUP,Young Star 6ixx,14925,27,2020-07-25,day,4,2023-12-19
0.635,0.523,0,-5.639,0,0.323,0.133,6.55e-05,0.149,0.459,100.482,205087,4,66B3Yp0vHKi2aTI64UXzgq,Bad Long Time,2uXytzsWyyjXiAaQQ5O0s3,Pablo Dan,2842,5,2019-12-14,day,6,2023-12-19
0.748,0.417,7,-11.392,0,0.19,0.201,0.0,0.0772,0.321,133.358,172800,5,5H4tDrl4ep3ReBc7374Geo,Until The Day,2Jv0w50BNaGlwnXpq69HGm,Prince Swanny,110479,42,2021-01-14,day,19,2023-12-19
0.833,0.853,11,-3.605,0,0.153,0.174,0.0,0.0798,0.487,107.954,184000,4,7HwlMs7KIlkfLPxREIqHxF,Power,"2Jv0w50BNaGlwnXpq69HGm,5Xi3NfsVBIEbaWVUfBTy39","Prince Swanny,Govana","110479,148061","42,39",2021-01-14,day,24,2023-12-19
0.644,0.491,1,-8.603,0,0.0334,0.714,0.0,0.297,0.442,134.082,189851,4,3Bd3xgz6TO0qG9at8fRTls,Through The Valley,2Jv0w50BNaGlwnXpq69HGm,Prince Swanny,110479,42,2021-01-14,day,17,2023-12-19
0.443,0.471,7,-8.951,0,0.0924,0.379,0.0,0.0811,0.308,170.36,186353,4,1sHsxtwc0KOif4BsGMA8NB,Reminisce,"2Jv0w50BNaGlwnXpq69HGm,6iyC1SjgM7Xj3vNDkJPjpd","Prince Swanny,Icee Dan","110479,0","42,0",2021-01-14,day,18,2023-12-19
0.675,0.501,1,-8.663,0,0.05,0.786,0.0,0.17,0.461,119.853,200000,4,1T5L6LJop4hjW24265gUfm,Watch Over Me,2Jv0w50BNaGlwnXpq69HGm,Prince Swanny,110479,42,2021-01-14,day,20,2023-12-19
0.725,0.337,5,-14.516,0,0.0449,0.719,0.0,0.0968,0.343,97.039,188041,4,4c2a3q65NrvEriqdebsuxA,Heathen,2Jv0w50BNaGlwnXpq69HGm,Prince Swanny,110479,42,2021-01-14,day,0,2023-12-19
0.494,0.638,6,-7.957,0,0.264,0.0529,0.0,0.119,0.726,79.932,168000,5,0NCvaf3w46g66o7HfSiB1A,Pablo,2Jv0w50BNaGlwnXpq69HGm,Prince Swanny,110479,42,2021-01-14,day,30,2023-12-19
0.531,0.546,11,-6.543,1,0.222,0.414,0.0,0.127,0.553,199.867,180000,4,5JnXrf5G19IvW2xWjkw7I5,Wicked,2Jv0w50BNaGlwnXpq69HGm,Prince Swanny,110479,42,2021-01-14,day,22,2023-12-19
0.637,0.47,0,-6.487,0,0.308,0.457,2.88e-06,0.164,0.688,86.082,258461,5,1RqDKE4YjSxyZU8AkQOEkN,Best Friend,"2Jv0w50BNaGlwnXpq69HGm,2PoZhAROPNkQPIiASuQeD4","Prince Swanny,Plumpy Boss","110479,0","42,0",2021-01-14,day,0,2023-12-19
0.699,0.447,0,-7.134,0,0.123,0.664,0.0,0.0988,0.706,81.943,187317,4,32nwrFypIiyWraPgFeqsnN,Tell Me,2Jv0w50BNaGlwnXpq69HGm,Prince Swanny,110479,42,2021-01-14,day,33,2023-12-19
0.464,0.633,0,-6.85,1,0.107,0.492,0.0,0.117,0.625,127.931,184848,5,6S5fxwEvW0d3TOgH9CmCUv,Fall in love,2Jv0w50BNaGlwnXpq69HGm,Prince Swanny,110479,42,2021-01-14,day,20,2023-12-19
0.675,0.607,2,-7.268,0,0.163,0.236,0.0,0.125,0.397,133.279,149100,5,1UtAEm1jcpo9khE0yqsWHa,Bonnie & Clyde,2Jv0w50BNaGlwnXpq69HGm,Prince Swanny,110479,42,2021-01-14,day,20,2023-12-19
0.375,0.56,2,-8.942,0,0.075,0.198,0.0,0.061,0.426,80.951,252000,5,1pP821pp9IzJwbwR73vGSN,"Bury Mi Ah ""G"" (Outro)",2Jv0w50BNaGlwnXpq69HGm,Prince Swanny,110479,42,2021-01-14,day,17,2023-12-19
0.86,0.661,5,-7.781,1,0.405,0.268,0.0,0.0916,0.538,100.094,165624,4,12XtvrtlHHKj9nCPYlL5Rc,Perfect,"58l6vON4QpVAsfXOdU8TbC,2kNL5eBpFCpOQu81GJ4lZb","Zayah Dan,Jovi Ton","1,3901","0,4",2020-08-19,day,0,2023-12-19
0.673,0.668,11,-5.245,0,0.303,0.626,0.0,0.153,0.581,94.157,154105,4,2zpP9bHHsDqRcKgbZ4OsLc,So Good,2Jv0w50BNaGlwnXpq69HGm,Prince Swanny,110479,42,2018-12-14,day,8,2023-12-19
0.636,0.79,10,-5.043,0,0.318,0.477,0.0,0.14,0.904,93.898,147075,4,6eNBlLn4eo6D4FjVYG4GWa,Fade Away,3iWwLfjZAKzmAB57v38i45,Raskality,5666,14,2019-11-15,day,1,2023-12-19
0.82,0.501,10,-10.025,0,0.12,0.783,0.0,0.172,0.459,119.902,214000,4,4MqVvKjVxbjjqLTBWT1617,Triple,7c8WSGTjxRP9sOob1KukJA,Kalonji,32939,29,2020-11-10,day,32,2023-12-19
0.51,0.639,0,-6.108,0,0.128,0.477,0.0,0.146,0.142,119.425,198139,5,2Ing8iozbMv7epKwu6c8cU,Send Threat,7c8WSGTjxRP9sOob1KukJA,Kalonji,32939,29,2020-10-23,day,17,2023-12-19
0.836,0.655,0,-6.463,0,0.0954,0.73,0.0,0.0968,0.382,104.974,192444,4,5TlzhemDe2P5t85cbxMnSM,Know Bout,7c8WSGTjxRP9sOob1KukJA,Kalonji,32939,29,2020-10-21,day,25,2023-12-19
0.693,0.652,8,-4.704,0,0.192,0.576,2.86e-05,0.101,0.562,99.728,154200,4,1fNyTdHLVvobRGdi8zWy9w,Shots Gold,7c8WSGTjxRP9sOob1KukJA,Kalonji,32939,29,2020-10-23,day,15,2023-12-19
0.516,0.607,4,-9.071,0,0.218,0.426,0.0,0.32,0.359,105.181,201169,4,1qCvntm2ShBlCIkxpp5ypd,Low Low,7c8WSGTjxRP9sOob1KukJA,Kalonji,32939,29,2020-10-23,day,14,2023-12-19
0.717,0.391,3,-7.456,0,0.666,0.262,0.0,0.0688,0.429,119.832,195500,5,6K37qXNvH5zBQBbzjDb2t3,Protect My Family,0UvfwKuB7bkbJJSkp2Be6e,Brad,666,13,2020-01-01,day,24,2023-12-19
0.556,0.529,6,-9.194,0,0.506,0.531,0.0,0.111,0.323,80.047,155410,3,7IhAojggh9HGoSq68YIrxA,Send Dem Home,49ItLMSGeJCLoAsJmOGlz9,Yung Choppa,5613,17,2021-01-08,day,38,2023-12-19
0.679,0.548,4,-10.472,0,0.215,0.216,0.0,0.0654,0.294,103.834,189257,4,2Whu3rr9fahMZ5ib9B9G5g,The Message,7c8WSGTjxRP9sOob1KukJA,Kalonji,32939,29,2021-01-15,day,11,2023-12-19
0.854,0.61,1,-9.922,1,0.251,0.203,0.0,0.098,0.487,98.017,186925,4,0D9OXb3JhJFJ8O8d5Ld0HT,Murder Pandemic - Caribbean Radio Edit,2kNL5eBpFCpOQu81GJ4lZb,Jovi Ton,3901,4,2020-05-22,day,5,2023-12-19
0.59,0.507,4,-10.73,0,0.512,0.227,0.0,0.0811,0.346,160.225,225008,5,4H7D5NsxOythnjIYnFawH3,Tension,0WhrKY560yMc8mma8YXNKp,Faces,44,0,2020-05-14,day,0,2023-12-19
0.618,0.695,10,-7.325,0,0.229,0.0763,0.0,0.189,0.661,127.667,166019,5,6xRCEBOJtUdN3aMKGvqX5f,Not,"5FkUhnHQ0KC63549LHHtst,3SCF5O7tDI61AtzlE5z8Vv","Skillibeng,Quenga","320085,724","59,15",2020,year,43,2023-12-19
0.823,0.535,1,-9.424,0,0.261,0.13,0.0,0.113,0.482,113.46,152947,4,34iHE2gOGgbxr3Xj4n93Ad,Kettle And Pot,0WhrKY560yMc8mma8YXNKp,Faces,44,0,2020-12-29,day,0,2023-12-19
0.466,0.575,9,-7.648,1,0.088,0.0879,0.0,0.0846,0.307,66.703,164875,5,7wcyXBpJEQMGNVBOUkEz9Q,Protection,0vJGJHGCbOXAUAd7L1mKF0,Logiq,1294,8,2020-12-08,day,22,2023-12-19
0.879,0.525,0,-5.174,1,0.194,0.27,4.74e-06,0.0997,0.583,94.984,162978,4,2N7tIqMZUpnryXz58kfu3O,My Life,5PEQBJgODj2Ih0zH2JbMZt,Jp.,123,0,2019-09-03,day,0,2023-12-19
0.682,0.537,10,-8.491,1,0.923,0.229,0.0,0.132,0.592,118.621,203429,5,3XHGvTfhjKyOUR9yKla4so,Run Up,7c8WSGTjxRP9sOob1KukJA,Kalonji,32939,29,2021-01-25,day,35,2023-12-19
0.602,0.615,2,-7.235,1,0.315,0.0235,2.21e-05,0.125,0.25,69.838,160862,3,6RkSKLzdaboOQA9zVHYkWq,Grimey,2Jd4rUFlIWzOrgbaSj1BiD,Keefff,37,3,2021-01-16,day,0,2023-12-19
0.935,0.487,8,-10.383,0,0.55,0.367,0.0,0.309,0.374,99.984,139200,4,7nS5kOGvZdEC4MDkdc4HSH,TriniBad Anthem,28aeXnDdKLtyUB2rrzZBei,Kj Productions,166,1,2020-11-30,day,10,2023-12-19
0.86,0.492,6,-9.601,0,0.0607,0.692,0.000646,0.0822,0.461,121.982,253770,4,0aKJOi7YBXNIfXSMoocxiZ,Military Standard,6ryeoWsd9PnGRcseBwrj4t,King B,57,0,2021-01-08,day,0,2023-12-19
0.764,0.57,5,-8.256,0,0.344,0.159,0.0,0.0952,0.593,133.368,194448,5,4LIxj6iQZjWF6vIY0rQB4M,Bad Like We,4HbXLwAjSoIci1IiqobPOm,One 6ix,2,0,2021-01-22,day,0,2023-12-19
0.724,0.797,5,-5.233,0,0.231,0.134,0.0,0.0745,0.3,128.279,222772,5,7m5YPuiQy8Hyi9OXnZUQBY,Nuh Ready,58GP6t4N8aiJkHTOM41ECz,Plumpy Boss,20294,29,2021-01-27,day,8,2023-12-19
0.622,0.617,1,-7.076,1,0.199,0.351,0.0,0.173,0.432,184.007,198261,4,1TyJTpAwf250tqIOhEDnbz,Resurrection - Track,2kNL5eBpFCpOQu81GJ4lZb,Jovi Ton,3901,4,2021-02-01,day,2,2023-12-19
0.658,0.701,4,-5.11,0,0.135,0.082,0.0,0.0988,0.321,120.417,176000,5,2cFdUemnNpEF2u8faX7o2q,Brain Guh,"3UwGbC4Sl9MmonrpWo6grS,1XK7JEkEviy2mcbi1ljpaR","Boy Boy,Zebee","28641,2985","39,18",2021-01-22,day,31,2023-12-19
0.653,0.705,9,-5.752,0,0.31,0.221,0.0,0.141,0.202,89.257,176000,4,49U71TC1tAZEzzZ5Ou6nlo,All Now,3iWwLfjZAKzmAB57v38i45,Raskality,5666,14,2021-01-22,day,1,2023-12-19
0.655,0.622,9,-6.831,1,0.405,0.0577,0.0,0.152,0.386,179.93,160000,4,4YtbzksOAixcqQgqMDbKvX,Steamy Demons,0Gkq3acWre3Hu02EAvBiIa,Rheon Elbourne,3922,22,2021-01-22,day,2,2023-12-19
0.621,0.77,2,-1.104,0,0.071,0.441,0.0,0.149,0.722,93.275,144894,4,6UMpt2hrxLYJm2qiiJ3unK,Body Missing,559YLWpCvVYo3qCEhMJ3pq,Lawless,6054,13,2021-01-26,day,1,2023-12-19
0.75,0.632,2,-1.667,1,0.315,0.139,0.0,0.103,0.2,93.864,148085,4,00AlWMvMkY0N4MTqJBnfhd,Brain Fly,2rKUiOCTXp1YYvsPLTed0P,2 Gun,111,1,2021-01-26,day,1,2023-12-19
0.619,0.689,2,-5.202,0,0.301,0.494,0.0,0.146,0.337,93.815,145532,4,0yY4V2vwTqCgjMRz48j0yQ,Gunslinger,0S96v5UXUohZd31g8plQLt,Chosen,362,5,2021-01-26,day,1,2023-12-19
0.633,0.798,2,-1.982,1,0.301,0.458,0.0,0.132,0.41,88.669,148085,4,2eqh6J1Laa8ZrjFQz3PhV8,Cemetery,5uf5X5Wnvl7CGNnZfoEpF6,Lyfe,324,0,2021-01-26,day,0,2023-12-19
0.648,0.767,2,-1.433,1,0.346,0.212,0.0,0.11,0.401,101.498,148085,4,34TNdAfpqgtKhAvLbefqsc,Big Spliff,6krXv9z3sbSwKu4N5JICy4,Warrior,14,0,2021-01-26,day,0,2023-12-19
0.557,0.744,2,-1.89,1,0.358,0.525,0.0,0.147,0.32,87.267,141702,1,7pR00g4OiTtUqvdfa8QswM,Ransom,3aajqT4mg3NqrYWvcE1h7X,Power,15,0,2021-01-26,day,0,2023-12-19
0.786,0.8,2,-1.798,1,0.321,0.347,0.0,0.106,0.348,93.93,145532,4,5QSD2qCHP0FP5EJ7YNZBkc,Trigger Finger,1VqDnAuCZJuWfVQiDt8WwM,Sin Sin,21,0,2021-01-26,day,1,2023-12-19
0.748,0.799,2,-1.568,1,0.239,0.382,0.0,0.109,0.246,94.221,165957,4,6WWWbct2HGo27DqWuaKUtb,Squeeze,3ATKkAzfZsIJuoCnOepK67,Trigger Dan,1790,6,2021-01-26,day,1,2023-12-19
0.519,0.308,7,-11.245,0,0.313,0.659,0.0,0.136,0.505,71.412,148611,5,4BvXBj70lf9DBuoc9cbjot,Baddie,7c8WSGTjxRP9sOob1KukJA,Kalonji,32939,29,2021-02-01,day,14,2023-12-19
0.637,0.488,2,-8.626,0,0.397,0.258,0.0,0.118,0.358,134.521,158285,5,4kgvt58DnH7Noa39hXhsje,Now,3KaFfC4kfSJiwbdCA1vF5H,Tejah,3143,14,2021-01-31,day,12,2023-12-19
0.59,0.605,6,-6.327,0,0.154,0.256,0.0,0.158,0.296,127.124,175256,5,3Ijyrp6Q9mRC34Td2ibzRR,Life My Life,58GP6t4N8aiJkHTOM41ECz,Plumpy Boss,20294,29,2020-04-19,day,16,2023-12-19
0.429,0.496,1,-7.364,0,0.0341,0.519,0.0,0.101,0.227,128.006,177500,5,4RGFBu3uDTTjQ5QhHPniJZ,Noble,6hhy54ByINNSzZKbPgosRO,Jza King,349,2,2021-01-31,day,0,2023-12-19
0.681,0.543,4,-7.016,0,0.457,0.122,0.0,0.0959,0.404,106.021,215094,4,5LVaNey4wI2Z63qzInySLh,Somebody Great,7IbkKTNpBj7MORRdt3oge3,Zerimar,29786,33,2021-02-02,day,13,2023-12-19
0.593,0.711,10,-7.001,0,0.193,0.131,0.0,0.0734,0.299,103.545,139200,4,3r5IUxk20uHM3AmQTuXl6d,Bin Walid,7c8WSGTjxRP9sOob1KukJA,Kalonji,32939,29,2021-02-06,day,14,2023-12-19
0.738,0.442,7,-11.088,1,0.346,0.274,0.0,0.101,0.303,133.295,211252,5,43qNRJyj5qFqKwAazFh0K6,Start It (Reflex Riddim),58GP6t4N8aiJkHTOM41ECz,Plumpy Boss,20294,29,2021-02-09,day,5,2023-12-19
0.49,0.479,1,-7.007,1,0.368,0.257,5.66e-06,0.0954,0.203,76.189,193985,3,0pCkMVkHYzJwXrgv7rbol8,Murda,24r0hQtbDP3Y4PhK63EUOP,Mickey Dan,7,0,2021-01-22,day,0,2023-12-19
0.577,0.414,1,-11.92,0,0.412,0.356,0.00041,0.203,0.391,145.611,161496,5,2yxNEhLtM4sA1ktMaF8Ptl,New Condition (crocodile teeth riddim),3OIDi1AVfENrdBzYtetQ8J,Natty,2,0,2021-02-08,day,0,2023-12-19
0.767,0.576,3,-8.311,0,0.101,0.917,0.00209,0.0957,0.762,99.996,191033,4,4aJifNeBsQUV5TFHkHfkqd,KILLA REGULAR RASTA - Freestyle,6aLFwSkawhlqA9ASsMruS8,Chucky,1431,2,2019-09-17,day,17,2023-12-19
0.514,0.527,5,-7.974,0,0.122,0.439,0.0,0.154,0.502,78.576,176516,4,4ytiASAkTqdnC4UEHPCWtb,Tribute to women,2Jv0w50BNaGlwnXpq69HGm,Prince Swanny,110479,42,2021-02-13,day,4,2023-12-19
0.879,0.648,0,-6.257,1,0.191,0.692,0.0,0.336,0.723,104.065,150000,4,5mQ6eGVivnfUM3AoKR0ogS,M16,277jOUSGN5AKoZoDxvfmUP,Young Star 6ixx,14925,27,2020-12-26,day,19,2023-12-19
0.901,0.673,8,-6.044,1,0.139,0.288,0.0,0.211,0.337,110.033,178909,4,5ullZhL8qA5830FTyU9V6V,Steamy,3iWwLfjZAKzmAB57v38i45,Raskality,5666,14,2021-02-12,day,1,2023-12-19
0.548,0.611,7,-6.011,1,0.0703,0.00458,0.0,0.0743,0.159,129.192,181812,5,105CUaZAGndOQzBpMLD30N,Anatomy,3UwGbC4Sl9MmonrpWo6grS,Boy Boy,28641,39,2021-02-08,day,18,2023-12-19
0.766,0.825,0,-4.064,1,0.21,0.0796,0.0,0.41,0.55,88.017,198610,4,3oCkLkZiQWPn5f7ubV4OgW,Bad Style,"637ZCX3cypzBoKWaRvmIGV,6QJrx4J9XqIxXUBhacoJHC","Donpert,Medz Boss","17,33706","0,26",2019-11-27,day,1,2023-12-19
0.56,0.803,0,-3.505,1,0.12,0.0024,3.71e-05,0.132,0.792,120.254,176667,5,5cpk3jx5V3loZIwe3D6wjV,Easy II Love,"7KyDUKtDsgx2cXDCaywYWH,4WJfEOdZi5RHn0iBaqaR8G","Jadel,Prince Swanny","1267,0","18,0",2021-02-19,day,0,2023-12-19
0.483,0.481,5,-8.333,1,0.309,0.257,0.0,0.152,0.591,72.318,175200,3,7j7w9eIYqyagxMCB6yTCJe,Trust No One,"5mVdf7szMepaFfSec6lwcG,11ppP1jeJcAGeXHJjLgQcE","Zayah Dan Productions,Kyler","8,578","0,6",2021-02-12,day,0,2023-12-19
0.625,0.571,9,-10.9,0,0.485,0.0397,0.0,0.158,0.529,73.12,215808,3,0AqeFjpHJDbjs86OEms4MQ,Play,"5mVdf7szMepaFfSec6lwcG,11ppP1jeJcAGeXHJjLgQcE","Zayah Dan Productions,Kyler","8,578","0,6",2021-02-12,day,0,2023-12-19
0.691,0.666,0,-8.354,0,0.0658,0.734,0.0,0.141,0.711,97.057,183171,4,5OEvg2qC5nGbOcoMeFmVw7,Sold Out,2kNL5eBpFCpOQu81GJ4lZb,Jovi Ton,3901,4,2021-02-17,day,0,2023-12-19
0.597,0.548,9,-10.496,0,0.331,0.187,0.0,0.0999,0.511,131.975,252192,5,6N1gkVIzcWg6RAGIUdhLHu,Cyah Frighten We,58GP6t4N8aiJkHTOM41ECz,Plumpy Boss,20294,29,2021-02-15,day,12,2023-12-19
0.394,0.704,9,-8.31,0,0.242,0.122,0.0,0.104,0.352,168.021,211084,4,6JPts5ibuxABerxTk6tDZK,Entanglement,2Jv0w50BNaGlwnXpq69HGm,Prince Swanny,110479,42,2021-02-19,day,28,2023-12-19
0.534,0.461,4,-13.357,0,0.274,0.739,7.46e-05,0.278,0.601,103.051,180094,4,1RQJUypbVUK44kgEaftgF3,Tattoo - Freestyle,0Mr9fQ8yPc2T8YGPxQWTVx,Yvng Nene,12,0,2020-05-01,day,0,2023-12-19
0.625,0.838,5,-3.347,1,0.436,0.298,0.0,0.134,0.745,138.802,230264,5,2k6gOLcbiLGGSOIglgnp59,Bad Gyal,5slhysoEJ05kVNc173rOJU,K Lion,2499,5,2019-05-01,day,20,2023-12-19
0.647,0.671,9,-5.272,1,0.415,0.546,0.0,0.118,0.567,77.177,217874,4,3oDyw74RVPQ7Ir2KTyIrWS,Guide Me,5slhysoEJ05kVNc173rOJU,K Lion,2499,5,2019-06-10,day,6,2023-12-19
0.607,0.552,8,-10.197,0,0.469,0.792,0.000362,0.122,0.433,129.724,178129,5,0Oj2n84jlOBj4GcHnPwIEU,Letter From My Heart,6gwPuGtckUClFDH3aEMtf9,Rebel 6,1381,4,2019-10-02,day,20,2023-12-19
0.8,0.492,0,-11.621,0,0.0986,0.646,0.0,0.181,0.802,89.979,171807,4,5Ttig9GHWIRO6AaIy9mSvt,City Lights,6gwPuGtckUClFDH3aEMtf9,Rebel 6,1381,4,2019-10-11,day,3,2023-12-19
0.598,0.666,1,-6.112,0,0.183,0.295,0.0,0.126,0.422,94.037,187021,4,1rUsIaqu0OGanLtfClZoRp,Nah Lie,7tnzhcb2y0dtPFIFVTp0A4,Tafari,25770,22,2021-02-23,day,6,2023-12-19
0.801,0.538,0,-5.353,1,0.205,0.344,1.09e-05,0.141,0.201,131.845,152726,5,5SQb41eMD6kw8a5ATUsOOk,Enough Madness,3rrQQTcOU4VAkdOCieyj2r,M Vik,19,0,2021-02-22,day,0,2023-12-19
0.674,0.567,7,-13.089,0,0.295,0.624,0.0,0.107,0.322,133.23,173075,5,1cPdmA1NSx5bTVDZrdJiKA,Movie,6Iym59CxrdzsxIn9LPFR9n,Gskell,4607,9,2021-12-25,day,0,2023-12-19
0.832,0.588,7,-7.719,0,0.054,0.428,0.0,0.197,0.436,119.928,218723,5,5viU0PEoFH5NlZUdHxA1MZ,Unconditional Love,0JSBUUBuT8pbdbw1UZggSY,Tefflon,18911,28,2022-08-25,day,14,2023-12-19
0.747,0.444,1,-13.106,1,0.378,0.427,0.0,0.122,0.296,104.335,124615,4,2f6sUg95Qne5HvbY5TzbyX,No Small Talk,0WhrKY560yMc8mma8YXNKp,Faces,44,0,2021-02-24,day,0,2023-12-19
0.939,0.577,11,-9.62,0,0.323,0.449,0.0,0.108,0.656,116.039,149002,4,3SEAXeVpmYYQIo18kMmUXI,Bruce Banner,0WhrKY560yMc8mma8YXNKp,Faces,44,0,2021-02-09,day,0,2023-12-19
0.672,0.529,10,-12.363,0,0.437,0.454,0.0,0.135,0.578,66.824,158499,5,13Zgz8VZtmwn3vpKxj8wgt,Murder,"3nBjHCZ1PUtbqOF8ZaHx5Q,6dENBUJBJDGnfVQoxswbJR","2 Star,BTL Lex","632,0","4,0",2020-07-17,day,0,2023-12-19
0.497,0.831,7,-2.85,1,0.312,0.64,0.0,0.34,0.52,90.235,228798,4,3ngHXvYEgaZex41OjmpMJu,Bless-Sin,7IbkKTNpBj7MORRdt3oge3,Zerimar,29786,33,2020-08-07,day,25,2023-12-19
0.41,0.535,1,-9.752,0,0.367,0.354,0.0,0.0808,0.448,83.671,197333,1,7gzp2Z5StSZpXJudqrIfbe,Radar,2Jv0w50BNaGlwnXpq69HGm,Prince Swanny,110479,42,2021-02-26,day,26,2023-12-19
0.63,0.517,1,-6.573,0,0.545,0.802,0.0,0.0915,0.624,123.563,198296,5,7J3p5gq3hDghY1KsdI2A22,Dawg Life,3NNndNeIufzflgpHZy5obj,Daan Chorus,437,5,2020-04-30,day,10,2023-12-19
0.688,0.765,5,-3.786,0,0.287,0.198,0.0,0.266,0.728,128.246,161724,5,5B15DjxsaNmzmwUfn0gkAY,7 Again,"6QJrx4J9XqIxXUBhacoJHC,7zow5Va8ESrfnxvUF62HRH","Medz Boss,Icee Dan","33706,7933","26,21",2021-02-27,day,16,2023-12-19
0.825,0.675,1,-6.194,1,0.0714,0.27,0.0,0.0682,0.468,106.061,165642,4,4UXUXjS924x4ZNElOWCPef,24 : 7,4cJGv7y0rQLqGSe4aKrurE,Toppy Boss,3496,12,2021-02-26,day,2,2023-12-19
0.807,0.624,2,-5.913,1,0.278,0.608,0.0,0.222,0.303,106.149,203678,4,211LFfcFfWJW12W6dSv1pw,Escobar,7vNDXKoPxikRdimDDzPZpQ,Jovi Ton,11,0,2020-04-06,day,0,2023-12-19
0.589,0.683,7,-7.306,0,0.192,0.0843,0.0,0.0707,0.684,99.132,175439,4,7pvPwQabN1Z4imzTOPYM0W,Action,6aD2OHPRtOac8QQshjOHTc,Jahllano,5,0,2017-07-27,day,0,2023-12-19
0.781,0.796,9,-4.456,0,0.19,0.269,0.0,0.182,0.582,95.051,209215,4,0HC8WAXE5hVVDiMBL8X3sk,Dash D Body,3r8Hq14XJAyy6K8mlBs2s5,Rebel Sixx,50069,32,2019-08-02,day,6,2023-12-19
0.651,0.711,4,-4.562,0,0.429,0.439,0.0,0.132,0.288,91.845,190218,4,5no3MRU0wjEA6AtiC93vRU,Neverland,5EsCbG7ZqKDZP0CAESy0v2,Born King,223,11,2020-12-11,day,0,2023-12-19
0.651,0.688,0,-4.932,1,0.194,0.0536,0.0,0.537,0.19,125.01,165715,5,7f6JQ81wsgVjwUUhh5j75u,Pree Dem,0vJGJHGCbOXAUAd7L1mKF0,Logiq,1294,8,2020-10-09,day,12,2023-12-19
0.532,0.645,8,-7.23,1,0.0713,0.0316,0.0,0.386,0.288,64.108,154200,5,2ecUajnVvEbmURytAJHbnq,New Uprising,"3UwGbC4Sl9MmonrpWo6grS,5AVAzwpIu9f3H1oegupPCd","Boy Boy,Travis World","28641,14333","39,41",2021-03-05,day,43,2023-12-19
0.683,0.505,11,-10.221,1,0.217,0.498,0.0,0.115,0.174,98.743,193200,4,29u97DqiimBMQnK3Y6XDmB,Domestics,0JSBUUBuT8pbdbw1UZggSY,Tefflon,18911,28,2021-03-12,day,3,2023-12-19
0.835,0.441,10,-12.293,0,0.331,0.155,0.0,0.116,0.331,97.026,224098,4,1UXhraeHHyXTzX5QRJzRM0,Guard Up,6Iym59CxrdzsxIn9LPFR9n,Gskell,4607,9,2021-03-09,day,1,2023-12-19
0.709,0.687,8,-3.61,0,0.0693,0.609,1.24e-05,0.114,0.314,179.826,197333,4,4npNY2QdV6RCsBcvaKHU5T,Ever Blessed,40hfAj6oxHglI5VyqaLZ6C,M Vik,86,1,2021-03-04,day,0,2023-12-19
0.851,0.438,5,-12.598,1,0.0941,0.751,0.0,0.136,0.644,102.011,136471,4,7JTiimmdm1Bic3zEVZb5aS,Infidelity,28aeXnDdKLtyUB2rrzZBei,Kj Productions,166,1,2021-03-06,day,2,2023-12-19
0.637,0.777,1,-4.885,0,0.354,0.435,0.0,0.156,0.546,128.11,143386,5,0gj7YItcJtPrksdhEpHexi,In Charge,1Kvyt9ESa2QvnE2dVMgRXN,Toppy Boss,1715,0,2020-10-08,day,8,2023-12-19
0.72,0.521,8,-5.196,0,0.274,0.699,1.68e-05,0.126,0.434,128.424,184000,5,6RNBanrHt8ulrGbdbXDkVQ,Hold Dem,0AFKg3CHOgGjrCzD9npcE0,BOYO,363,0,2021-01-06,day,6,2023-12-19
0.959,0.521,5,-6.27,0,0.0824,0.604,1.03e-05,0.152,0.841,107.985,169404,4,7fsD12HflwpnraqQhRH0Gi,Gangsta Fuck,2dEnrSsn2wPfBfuPbXMa0e,King Mongrel,36,0,2020-05-05,day,1,2023-12-19
0.91,0.381,11,-11.742,0,0.184,0.39,0.0,0.102,0.351,114.099,134766,4,45a7qdRfjSdjMW5kfP6H4y,Pretend,0WhrKY560yMc8mma8YXNKp,Faces,44,0,2020-03-18,day,0,2023-12-19
0.834,0.527,9,-8.83,0,0.157,0.54,0.0,0.163,0.562,105.024,150857,4,6Bazky5aowyhqvcAaSv8JC,Drill Dem,6T4PVhWvwCTJDNlVDK6iXa,Vulga,9,0,2021-02-20,day,0,2023-12-19
0.839,0.547,4,-5.829,0,0.048,0.178,0.0,0.131,0.246,96.01,203625,4,7FLqTCVfJ7jUWRSStmVDvC,Good Over Evil,45NxtETWPvuCA56m3uItKW,Shorto,28,0,2021-02-08,day,1,2023-12-19
0.714,0.458,9,-11.643,0,0.153,0.898,1.15e-06,0.104,0.497,95.04,153704,4,777NpHDTASCxmsSsBhudhO,1 Million Gyal,7vdcsB9p8PtIooVpemHb63,Rebel,1873,22,2019-11-29,day,1,2023-12-19
0.878,0.622,6,-8.767,0,0.163,0.516,0.0,0.111,0.592,118.923,133146,4,3LImmKocZY0MLG484WHoXB,Fatality,0JSBUUBuT8pbdbw1UZggSY,Tefflon,18911,28,2020-07-24,day,20,2023-12-19
0.73,0.723,7,-5.249,1,0.539,0.269,0.0,0.191,0.372,73.729,145493,3,2fw1fbuMu8cYqYWFz0YvA2,Life Of A Six,52hLbiHfJsarTXovhOd3qC,Wacko Dan,16452,32,2021-03-03,day,19,2023-12-19
0.868,0.638,3,-5.087,0,0.0694,0.419,0.000301,0.192,0.141,104.007,147722,4,6qLG2DeSLiIJTHSHCWmZfZ,Sick,3mHQJrb6eklnVpWmnv2sIs,Wacko Dan,1007,0,2020-10-31,day,2,2023-12-19
0.92,0.45,5,-4.771,0,0.0419,0.382,4.15e-06,0.112,0.42,109.956,183269,4,5ugZy5CrIyhgiManUJmPXP,Roll,52hLbiHfJsarTXovhOd3qC,Wacko Dan,16452,32,2021-03-26,day,12,2023-12-19
0.604,0.522,0,-8.607,1,0.489,0.422,0.0,0.0874,0.689,157.071,204000,5,6OUi6FAhR28vJ9EiBWhRpI,EarthQuake,10CcNhI5LQh948SS836xVO,Melo Dan,376,0,2020-07-28,day,5,2023-12-19
0.838,0.496,5,-7.083,0,0.311,0.0997,0.0,0.212,0.333,100.884,194851,4,2ZVad6FP9mLYzR4jVkzUzB,Try Run Up,"1jGM687jFlYVxRV4xZivTO,044woZT7yGKhwIi4B3chKE,7xMIYIFmEBrQAMnvQj7HXg,4v5svwH75xhxdyaegqliH8","Sebz Beats,Brownine,Young Star Sixx,Reiga","422,2,25,110","25,0,0,6",2021-03-11,day,3,2023-12-19
0.827,0.63,3,-4.101,0,0.119,0.0754,0.000159,0.222,0.225,103.948,156970,4,4j177brOgfjpX4L3gDatsL,Savage,277jOUSGN5AKoZoDxvfmUP,Young Star 6ixx,14925,27,2021-03-04,day,14,2023-12-19
0.641,0.496,10,-12.03,1,0.182,0.653,0.0,0.38,0.814,99.364,162424,4,62XeZd6D8Ng1jmJgetmuKq,Hell Gates,"4PawLeisBLvgf2PlaKcESw,2kNL5eBpFCpOQu81GJ4lZb","Kg Kilogram,Jovi Ton","1,3901","0,4",2020-07-10,day,0,2023-12-19
0.478,0.665,5,-5.051,1,0.361,0.0744,0.0,0.362,0.536,199.185,163320,4,4BKofBI5AsQixNUwHK6Gq2,Miami Vice,7tnzhcb2y0dtPFIFVTp0A4,Tafari,25770,22,2020-10-24,day,4,2023-12-19
0.694,0.756,11,-2.215,0,0.0622,0.173,0.0,0.48,0.443,105.034,150942,4,318Hl4H6jI0XvPHcK4RsIY,Faith,3r8Hq14XJAyy6K8mlBs2s5,Rebel Sixx,50069,32,2020-03-22,day,7,2023-12-19
0.602,0.52,10,-11.106,1,0.91,0.187,0.0,0.232,0.657,67.908,163370,5,7pVlit4T7E1Pg3nGVmhTWc,Start It,0zLYSdSRybfmcQMOaoIEUl,Raevon,21,0,2019-08-11,day,0,2023-12-19
0.827,0.661,7,-7.325,1,0.0492,0.128,0.0,0.271,0.31,99.995,168000,4,11RWzglFJlMZMaVnzpMaqs,Start It,59r1CoioEBmm5ngktFs1pd,Brad!,863,0,2020-07-15,day,0,2023-12-19
0.55,0.717,11,-3.223,1,0.134,0.536,0.0,0.45,0.658,104.388,148571,4,6WzBIp7S6rHuyJ3AIFN4dV,Good Life,"5AVAzwpIu9f3H1oegupPCd,7IbkKTNpBj7MORRdt3oge3","Travis World,Zerimar","14333,29786","41,33",2021-03-08,day,0,2023-12-19
0.78,0.221,5,-14.83,0,0.326,0.683,0.0,0.128,0.258,110.05,185496,4,5apytHOo9RnlxqHSzAQufR,Chicken Head,61qFMjCwvz1F1uFijD52g6,One 6,15,0,2021-03-08,day,1,2023-12-19
0.489,0.545,11,-10.539,0,0.313,0.103,0.00456,0.337,0.535,72.972,144300,4,5MVelyqBJMFSPHPFKZyUcG,Ingram,61qFMjCwvz1F1uFijD52g6,One 6,15,0,2021-03-05,day,1,2023-12-19
0.909,0.679,1,-6.086,1,0.147,0.435,0.0,0.0584,0.485,120.009,202136,4,2U2oAzcjqZUwP2QSEmoeka,Kill Dem,61qFMjCwvz1F1uFijD52g6,One 6,15,0,2021-03-05,day,1,2023-12-19
0.834,0.546,8,-8.543,1,0.054,0.269,0.0,0.0793,0.502,99.981,206080,4,12uLhXcNKjrRiUQKdi6tR5,FLEXIN,3ATKkAzfZsIJuoCnOepK67,Trigger Dan,1790,6,2023-04-26,day,2,2023-12-19
0.625,0.834,10,-2.435,0,0.354,0.178,0.0,0.2,0.36,102.378,194421,4,6zh2juLIp6mFImhYXSlXCD,Energy,58GP6t4N8aiJkHTOM41ECz,Plumpy Boss,20294,29,2021-04-27,day,20,2023-12-19
0.651,0.579,9,-10.058,0,0.249,0.255,0.0,0.177,0.812,102.529,155388,4,2xyRFHjBRE4vCXabYwbFVK,Mind Storm,10CcNhI5LQh948SS836xVO,Melo Dan,376,0,2020-04-10,day,3,2023-12-19
0.811,0.675,5,-3.573,1,0.241,0.686,0.0,0.108,0.659,94.038,160851,4,3ysqUvlCrun6QVcWEeQLwe,Full ah Gyal,6QJrx4J9XqIxXUBhacoJHC,Medz Boss,33706,26,2021-04-02,day,2,2023-12-19
0.796,0.786,2,-2.098,0,0.159,0.737,2.85e-05,0.124,0.566,93.901,165957,4,1uP5xP82ADg1c7f3WCeVef,Di Banner,"4hkCzTAcWmwVPLscNvweK6,1q8eLau7GFYIqG56nO7Cwt","Brad,CJ Dan","323,6759","3,8",2021-04-02,day,12,2023-12-19
0.654,0.774,10,-3.501,1,0.345,0.873,0.0,0.101,0.648,91.604,165957,4,7KGSUEgXfzSjlkMaPQL066,Send Dem Home,3ATKkAzfZsIJuoCnOepK67,Trigger Dan,1790,6,2021-04-02,day,2,2023-12-19
0.671,0.657,0,-4.212,1,0.36,0.859,0.0,0.113,0.635,92.578,165957,4,5OMdg7W69nc7A1m0zUPCgM,Ahh Killa,6krXv9z3sbSwKu4N5JICy4,Warrior,14,0,2021-04-02,day,1,2023-12-19
0.731,0.778,2,-1.892,0,0.276,0.736,0.0,0.121,0.706,93.444,165957,4,4uKyHom4tg4JxpWhv4QXhN,One King,3aajqT4mg3NqrYWvcE1h7X,Power,15,0,2021-04-02,day,0,2023-12-19
0.591,0.735,0,-3.219,1,0.329,0.911,0.000161,0.198,0.717,89.993,145532,4,4YQEXX598k9mOifdY0R3Id,Casket Closed,5uf5X5Wnvl7CGNnZfoEpF6,Lyfe,324,0,2021-04-02,day,0,2023-12-19
0.554,0.802,2,-2.675,0,0.354,0.578,0.0,0.11,0.486,79.197,165957,3,3PNveKPDRT030nMCB6kDhk,Beat It up,3oPS5gQSuTmiuCDWQo2Mdw,Sin Sin,535,5,2021-04-02,day,0,2023-12-19
0.781,0.767,2,-1.497,0,0.158,0.669,0.0,0.165,0.75,94.098,165957,4,5VmuUYUXQSodx25S4OKG8s,Evil,2rKUiOCTXp1YYvsPLTed0P,2 Gun,111,1,2021-04-02,day,2,2023-12-19
0.591,0.916,2,-1.772,0,0.27,0.641,0.0,0.703,0.628,85.726,136596,4,1D8JC6Z9vls5cXwrKdDQ6o,Just Touch Down,559YLWpCvVYo3qCEhMJ3pq,Lawless,6054,13,2021-04-02,day,2,2023-12-19
0.598,0.793,2,-1.759,0,0.261,0.745,0.0,0.103,0.424,92.505,155745,4,2JQPrAYON7jVjqkSRBFsaF,Plenty Gun,0S96v5UXUohZd31g8plQLt,Chosen,362,5,2021-04-02,day,1,2023-12-19
0.793,0.693,8,-4.196,1,0.132,0.143,1.68e-06,0.0835,0.691,106.792,170527,4,09r6HH4tfhIjrKRfnu4uFV,Bad Like We,7zow5Va8ESrfnxvUF62HRH,Icee Dan,7933,21,2021-03-26,day,2,2023-12-19
0.618,0.584,5,-9.593,0,0.234,0.0268,0.0,0.0819,0.639,119.746,148000,4,7gddHObkauQki1n9Xhfr0t,Focus,7zow5Va8ESrfnxvUF62HRH,Icee Dan,7933,21,2021-03-29,day,1,2023-12-19
0.581,0.742,9,-6.775,0,0.388,0.139,0.0,0.289,0.556,199.95,158400,4,4a8Qc1LRwH3Mkjp6kHzJnp,Death Campaign,7zow5Va8ESrfnxvUF62HRH,Icee Dan,7933,21,2021-03-29,day,1,2023-12-19
0.555,0.753,10,-6.641,1,0.351,0.234,0.0,0.192,0.617,100.082,194400,4,5EuTPmm3idRWEULSLJjTE6,Evidential,7zow5Va8ESrfnxvUF62HRH,Icee Dan,7933,21,2021-03-29,day,1,2023-12-19
0.774,0.686,8,-4.055,0,0.146,0.145,0.0,0.0781,0.684,106.965,170467,4,5izLLn3PmKo98eye2EpwTr,Bad Like We,7zow5Va8ESrfnxvUF62HRH,Icee Dan,7933,21,2021-03-29,day,0,2023-12-19
0.607,0.715,10,-7.371,0,0.168,0.182,0.0,0.147,0.782,103.147,188738,4,0n8riREK4AJ4rq5ibQRPGs,Fame,7zow5Va8ESrfnxvUF62HRH,Icee Dan,7933,21,2021-03-29,day,0,2023-12-19
0.553,0.697,5,-6.398,1,0.38,0.0716,0.0,0.0891,0.633,73.052,177600,3,5Jw42JcOVzmXlderyHNuIX,2021,7zow5Va8ESrfnxvUF62HRH,Icee Dan,7933,21,2021-03-29,day,1,2023-12-19
0.881,0.672,8,-8.978,0,0.2,0.348,3.07e-06,0.273,0.651,100.031,134420,4,5pMN6XrnVo89FodnuPPw64,BORN BAD (TRINIBAD),2f0nNgMYBrIHHvL7ZpYo5u,Kairi,89,1,2020-11-27,day,1,2023-12-19
0.566,0.55,10,-9.198,0,0.319,0.712,0.0,0.115,0.708,99.336,135600,4,1jCyzZK7bMqyZ61zWS1xtO,Trinibad,1GCAK6PEZ5GbffMob0FHdW,President,19,0,2020-05-22,day,0,2023-12-19
0.505,0.437,1,-10.012,1,0.402,0.376,0.0,0.0995,0.0563,72.451,261818,3,2IaAJ4pK6JxrdqSSHMhsuP,Ground Dem,11ODkITb8E6t7OIesM1vqv,Tokeii,1596,8,2021-02-24,day,17,2023-12-19
0.612,0.677,0,-6.888,0,0.355,0.134,0.0,0.127,0.258,119.492,199027,5,6eoNMI1qR8ICueaFKQmyOQ,Rise Up,11ODkITb8E6t7OIesM1vqv,Tokeii,1596,8,2021-02-24,day,6,2023-12-19
0.853,0.439,11,-11.908,0,0.429,0.414,0.0,0.119,0.668,116.029,149185,4,62xCDzgO5NaSkI8HpaE3jZ,Bowl Out,"5YuBEhmT2ay66jvYs5etdQ,3EzJUZ24qqwBi3Y1RolFi3,5OG7XnRBTHjPJ8S6fGYvZw","47ondabeat,Raw Lyfe,T-Man","7,1,5","0,0,0",2020-12-17,day,3,2023-12-19
0.848,0.689,9,-3.661,1,0.184,0.515,0.0,0.142,0.638,102.939,172425,4,28r0u2Y5WmsAhxbjt67PLl,Die Tonight,"7f7sbIc0DpHIv84c7MG098,26TOV4sfq4bfE46VZFqP5N","Toppy Boss,Draggy9","3095,0","10,0",2021-04-05,day,1,2023-12-19
0.602,0.56,4,-10.095,0,0.691,0.75,0.0,0.0893,0.551,97.43,201549,4,0bSQJoC8cUCPkioH2Aygze,Rock City,6cui6F7yKrfk5mXs8tVG2w,Sharp Man,12,0,2020-09-16,day,0,2023-12-19
0.523,0.639,9,-9.857,0,0.313,0.427,0.0,0.0822,0.494,87.994,216633,4,3KLXcwfMfCftS5yOp8DygJ,Trinibad War,6cui6F7yKrfk5mXs8tVG2w,Sharp Man,12,0,2020-09-03,day,0,2023-12-19
0.564,0.625,10,-8.348,1,0.196,0.266,1.54e-05,0.117,0.24,144.425,170182,5,2gsE7Yob47loOWGL0WM47v,Way Up,"6CxUKwVnCBKKP60XMvnMOL,44F5pSoj0VbXAzcxyfUwvQ,0Gkq3acWre3Hu02EAvBiIa","Jahllano,Jah-Z Blaze,Rheon Elbourne","19787,40,3922","24,1,22",2021-04-08,day,8,2023-12-19
0.691,0.656,8,-6.046,0,0.221,0.189,1.91e-06,0.217,0.407,120.581,152033,5,2Gh2NMDxurmPYKHJXgZzQ0,Eastsyde,"4CXmBF7FIcagdMP1LLFetV,0AqLRLhkKQbv15AvpYQYnR","KG,Rassii","71,7","1,0",2021-04-03,day,0,2023-12-19
0.597,0.727,7,-5.593,1,0.331,0.453,0.000344,0.0988,0.554,96.369,226795,4,0vpvydwa3Nbqjr3Wl52EYi,Such is Life,4CXmBF7FIcagdMP1LLFetV,KG,71,1,2021-04-06,day,0,2023-12-19
0.705,0.657,0,-4.951,1,0.191,0.393,0.0,0.178,0.217,132.74,192000,5,31dnXJ6MmKNC43iIUwGlT5,No Drones,7c8WSGTjxRP9sOob1KukJA,Kalonji,32939,29,2021-04-09,day,12,2023-12-19
0.885,0.687,8,-3.587,0,0.2,0.428,0.0,0.0957,0.45,99.08,139675,4,2EGDmFdF7fZE3rMN4Z1Mrh,People Die,"3mHQJrb6eklnVpWmnv2sIs,1twsAxinjl0ith5MTAl1cl","Wacko Dan,Tyo","1007,10","0,0",2020-11-12,day,3,2023-12-19
0.588,0.561,4,-6.72,0,0.165,0.758,0.0,0.443,0.373,99.279,199088,4,3OcUKbLGdYoIqWwxorQ6OF,Zerimar - My Life,44eJR2gUe85LAjajYYk5mx,Brandon Roghubir,12,1,2020-07-07,day,12,2023-12-19
0.641,0.854,8,-3.086,0,0.301,0.697,0.0,0.332,0.841,104.949,147429,4,2lCsVuNh4nW7F0b7yyxrJM,Rich Lifestyle,"5AVAzwpIu9f3H1oegupPCd,3RZVAxQEhF9JEFvHDRovxQ","Travis World,Ice Dan","14333,1279","41,0",2021-03-08,day,0,2023-12-19
0.635,0.859,8,-3.306,0,0.293,0.736,0.0,0.361,0.846,105.704,147429,4,35nJiUPlDB3dJa3R6enNc1,Big Topic,"5AVAzwpIu9f3H1oegupPCd,6hhy54ByINNSzZKbPgosRO","Travis World,Jza King","14333,349","41,2",2021-03-08,day,0,2023-12-19
0.918,0.686,0,-5.886,0,0.174,0.496,0.00073,0.11,0.795,105.987,151698,4,1PVppX1wGKf1jibKVaFF4f,Keyboard Gangsta,0zNEMNrPc9yM3zQzDkfQY2,Tech Sounds,1820,16,2021-04-12,day,9,2023-12-19
0.938,0.583,1,-3.789,1,0.0928,0.0764,0.000278,0.086,0.613,110.034,124865,4,48jXl7WpYNdEgBBfYX1qNX,Round and Round,0zNEMNrPc9yM3zQzDkfQY2,Tech Sounds,1820,16,2020-10-09,day,36,2023-12-19
0.555,0.809,5,-4.6,0,0.319,0.0523,0.0,0.0449,0.762,130.905,166026,5,4VpTxytTJjAbyajC5GLrZH,When we Reach,6CxUKwVnCBKKP60XMvnMOL,Jahllano,19787,24,2021-04-10,day,3,2023-12-19
0.725,0.749,3,-6.745,0,0.295,0.09,0.0,0.171,0.776,119.885,156709,5,6Er06INWn1UInW6QU0o1Fi,Stop Talk,6CxUKwVnCBKKP60XMvnMOL,Jahllano,19787,24,2021-04-09,day,8,2023-12-19
0.75,0.814,8,-2.494,1,0.324,0.233,0.0,0.182,0.505,100.015,156000,4,0bYNbCF9tw28Ip9CT0tuhL,My Life,2rKUiOCTXp1YYvsPLTed0P,2 Gun,111,1,2021-03-26,day,7,2023-12-19
0.804,0.673,11,-4.741,0,0.256,0.478,0.0,0.103,0.434,99.992,160874,4,60YMGD1NZxj3ko4viVlRzC,Empty,277jOUSGN5AKoZoDxvfmUP,Young Star 6ixx,14925,27,2020-08-17,day,9,2023-12-19
0.926,0.46,1,-8.295,1,0.108,0.136,0.0,0.0741,0.168,101.948,164023,4,1xKUgUo1lzA5kkviYjBro6,Dirt & Done,277jOUSGN5AKoZoDxvfmUP,Young Star 6ixx,14925,27,2020-11-16,day,15,2023-12-19
0.81,0.72,0,-6.284,1,0.25,0.715,0.0,0.112,0.813,103.735,151731,4,4xluUIyHNivA20D2uEwi2K,Fireworks,4dJjk5u4PWhMy2b4xS8J78,Sagiker,2,0,2021-02-19,day,0,2023-12-19
0.658,0.558,5,-11.926,0,0.37,0.715,0.0,0.0673,0.546,106.783,135288,4,1VWiMdbSr4pW94Zu9eLjPc,King,7f7sbIc0DpHIv84c7MG098,Toppy Boss,3095,10,2021-04-12,day,14,2023-12-19
0.939,0.689,4,-6.371,0,0.128,0.139,0.0,0.0698,0.941,102.035,148235,4,46KKuWDNIi5scqTYwRewKs,Warn Dem,4dJjk5u4PWhMy2b4xS8J78,Sagiker,2,0,2020-10-21,day,0,2023-12-19
0.884,0.629,2,-6.4,1,0.09,0.148,0.0,0.296,0.255,100.085,210071,4,65Xb8R0tx7grocM8mOcNuc,Start It,7JtGVC055Bxx7Kpxqb7Kgg,Markie Lambkin,5,0,2021-02-08,day,0,2023-12-19
0.673,0.61,8,-6.875,1,0.363,0.692,0.0,0.119,0.641,126.272,186667,5,1rC6poCsFV6ytj1nRqIyS6,Good Brain,7IbkKTNpBj7MORRdt3oge3,Zerimar,29786,33,2021-04-18,day,21,2023-12-19
0.873,0.607,4,-3.971,0,0.0484,0.682,0.0,0.0835,0.294,102.039,155985,4,40W4CAtthdEqRjvw33htWv,Must Make It,40hfAj6oxHglI5VyqaLZ6C,M Vik,86,1,2021-04-17,day,0,2023-12-19
0.652,0.888,7,-4.036,1,0.426,0.133,0.0,0.0608,0.704,122.586,167941,5,5zE1u3guE3OEHBMYhrWBqI,Evil,"5fw8ZIicZdRlUXS2LFhzze,6HWh3ClHMEe2ygpdzupyKM","Young Sosa,Jojo Dan","66,10","0,0",2020-06-19,day,3,2023-12-19
0.753,0.582,4,-6.336,0,0.301,0.163,0.0,0.126,0.552,99.746,129646,4,2FPU61ysszCq1pg5w2Moeb,Tek Dem Soul,5fw8ZIicZdRlUXS2LFhzze,Young Sosa,66,0,2020-06-19,day,2,2023-12-19
0.656,0.571,5,-7.168,0,0.295,0.266,0.0,0.305,0.23,196.026,220473,4,7IvtBBUVcHrDB9h8ezuD6Z,YHWH,45NxtETWPvuCA56m3uItKW,Shorto,28,0,2021-04-16,day,0,2023-12-19
0.821,0.53,7,-6.614,1,0.393,0.219,0.0,0.077,0.484,102.136,160026,4,101Q3GpFxHQbl9XVGeGqTO,Rifle Hill,6kOU1DMAK6CyiikQJ0tF40,Chappa Vybz,4,0,2021-01-11,day,0,2023-12-19
0.784,0.812,1,-3.927,1,0.0997,0.462,2.72e-05,0.0895,0.803,106.955,163814,4,5rq0YlMnmRHd3UHMyskdCx,Bag Ah Money,61qFMjCwvz1F1uFijD52g6,One 6,15,0,2021-04-23,day,0,2023-12-19
0.48,0.537,1,-6.714,0,0.151,0.807,0.0,0.255,0.552,63.751,146400,5,4KLWNqJFBGKhLN4XRgt0Pq,Young Star Six (Who Boost Dem),5y95WRDteZL4a18L7xPqaG,Yung Prodigies Riddim,82,0,2020-12-17,day,0,2023-12-19
0.569,0.534,1,-6.845,0,0.0985,0.562,0.0,0.254,0.526,96.161,148800,4,7GFAz8LVCVPchfcaR6qBJF,(Vice Versa) Reprisal,5y95WRDteZL4a18L7xPqaG,Yung Prodigies Riddim,82,0,2020-12-17,day,0,2023-12-19
0.608,0.582,8,-7.681,0,0.0386,0.652,0.0,0.214,0.624,99.655,146400,4,6iG4fFCATHYGnP06t8trfB,BIL (TranquilBoss),5y95WRDteZL4a18L7xPqaG,Yung Prodigies Riddim,82,0,2020-12-17,day,0,2023-12-19
0.858,0.546,8,-6.499,0,0.0603,0.557,0.0,0.231,0.656,100.044,146416,4,4zJQNvjvB5a4ProkpqAq7L,(Sagiker) Eye Red,5y95WRDteZL4a18L7xPqaG,Yung Prodigies Riddim,82,0,2020-12-17,day,0,2023-12-19
0.669,0.561,4,-6.041,1,0.043,0.507,0.0,0.246,0.496,41.309,146400,3,7bmKukjChGuGnHQ21jkq0J,Heart Of Iron (Jza King),5y95WRDteZL4a18L7xPqaG,Yung Prodigies Riddim,82,0,2020-12-17,day,0,2023-12-19
0.807,0.638,11,-6.118,1,0.0511,0.618,0.0,0.24,0.679,99.988,147017,4,6BWTB0BdGbhvGUjGPCeErL,(Heze) BadBro,5y95WRDteZL4a18L7xPqaG,Yung Prodigies Riddim,82,0,2020-12-17,day,1,2023-12-19
0.942,0.551,1,-4.209,1,0.0783,0.138,0.00025,0.121,0.461,110.008,144065,4,4233vYlkTDmyzrU7ocW3gX,Whine Pon Top,"3JpsXHhzfe6mmRR3j47XWn,2TCGHQ4kwHVAsuM8EkLWkJ","Vanni,Chezzy","396,33","8,8",2020-10-09,day,27,2023-12-19
0.779,0.835,4,-0.62,0,0.259,0.843,0.0,0.0814,0.649,94.009,194043,4,1mRWw3m8rqsUUYX5vYxyVk,To My Thugz,3k6xjBNj60uTsHXGoCQjhk,Tech Sounds,361,0,2019-12-27,day,5,2023-12-19
0.716,0.468,11,-9.193,0,0.527,0.556,0.0,0.083,0.749,120.04,150021,4,6N2o4ssmYemkOHhvEytwn0,Bread,0JSBUUBuT8pbdbw1UZggSY,Tefflon,18911,28,2021-05-07,day,0,2023-12-19
0.6,0.457,6,-9.516,0,0.452,0.753,6.42e-05,0.0692,0.622,150.543,150047,5,0pXIoGIUc6857AVd7QQ8jf,No Fear,5yFDw11XsFbYndz6zvFTgQ,Jah B,2,0,2021-05-07,day,0,2023-12-19
0.642,0.466,6,-8.453,0,0.435,0.647,0.0,0.0933,0.787,159.818,150021,5,3aOeieinE4AysxuizV7Gfd,Squeeze,0otV87HgAtj9q7CbzAQ2Ft,Keltec,135,0,2021-05-07,day,0,2023-12-19
0.961,0.533,6,-9.326,0,0.332,0.51,0.0,0.0777,0.746,119.961,150021,4,4Qk7aT5SFrMGmYIyoh6Thq,Cyah Cramp,28aeXnDdKLtyUB2rrzZBei,Kj Productions,166,1,2021-05-07,day,0,2023-12-19
0.798,0.645,7,-8.982,1,0.169,0.616,0.0,0.149,0.542,114.989,237158,4,1bgqoAtjKS3jguIAmdztId,Mini 4,6Iym59CxrdzsxIn9LPFR9n,Gskell,4607,9,2021-05-07,day,1,2023-12-19
0.641,0.73,0,-3.823,1,0.323,0.0581,0.0,0.0725,0.498,92.27,139200,4,5LonRf9NdIUmq9PWVtAb1f,Hungry Fi Kill,6CxUKwVnCBKKP60XMvnMOL,Jahllano,19787,24,2021-05-07,day,21,2023-12-19
0.611,0.664,1,-6.585,1,0.107,0.283,3.33e-05,0.124,0.337,193.713,210338,4,6Kd5FduGYjp3nNYBm6Hmov,Good AfterAll,"7gPEv7OUsJZnu7yhXvXOCl,53e6DYW0Ndry9rbINgVpdZ,24r0hQtbDP3Y4PhK63EUOP","Asim,M4,Mickey Dan","382,211,7","0,13,0",2021-04-28,day,0,2023-12-19
0.686,0.817,6,-7.023,1,0.481,0.0755,0.0,0.52,0.831,79.475,176203,4,19AWkdwExHMZnMwvmoWV65,No More Parties - Remix,7zow5Va8ESrfnxvUF62HRH,Icee Dan,7933,21,2021-04-26,day,1,2023-12-19
0.618,0.75,0,-5.593,0,0.434,0.303,0.0,0.149,0.363,64.253,204042,3,3DxzZSHvwsofQWluKLkXeJ,Long Time,5yFDw11XsFbYndz6zvFTgQ,Jah B,2,0,2021-03-18,day,0,2023-12-19
0.657,0.528,4,-11.549,0,0.452,0.484,0.0,0.0942,0.195,67.29,168751,5,0gXUTpqR1rls2iVOlHzy7K,Calling,5yFDw11XsFbYndz6zvFTgQ,Jah B,2,0,2021-03-18,day,0,2023-12-19
0.66,0.663,5,-6.784,1,0.388,0.72,0.0,0.0933,0.519,104.863,182857,4,4lToFIgoSMzxIb8JIRDLpt,Kill Him And Done,5yFDw11XsFbYndz6zvFTgQ,Jah B,2,0,2021-03-18,day,0,2023-12-19
0.829,0.673,9,-6.408,0,0.138,0.533,0.0,0.0794,0.384,102.921,170156,4,3j0sqwFexADh8HWsC5PVPB,Uncrowned King,4K9NxJKUPoCBeSyLh21RiQ,Rebel 6ixx,565,0,2019-01-01,day,0,2023-12-19
0.85,0.816,1,-7.113,1,0.205,0.168,0.0,0.219,0.611,109.031,161520,4,4fheDxcEa8HAcznWWouBJA,Evil Mind,6WtD7YmHZue7RHGscX0X01,DarkoMusiq,19,0,2021-02-08,day,0,2023-12-19
0.885,0.468,4,-11.068,0,0.605,0.448,0.0,0.0852,0.51,119.974,224026,4,2fJiuGsFZVCZUTvD04eS9L,Ketch Kixx,"0otV87HgAtj9q7CbzAQ2Ft,0yoNQbSHVp6Mk0wUqmNLfm","Keltec,Tre' Maddawg","135,1","0,0",2020-05-14,day,0,2023-12-19
0.932,0.473,0,-5.772,0,0.236,0.428,1.17e-05,0.135,0.668,100.004,204069,4,3tSkDUIN4R5Xld6eDWlBtF,Headshot,"2cVi0QLfryqOOJOynha5ki,7cbKZp4c7ofc7XarfXoREm","Young Prime,Spitta","188,18154","2,22",2020-03-28,day,1,2023-12-19
0.887,0.755,9,-4.074,0,0.296,0.254,0.0,0.0839,0.579,100.098,206481,4,4zdHy9ZlRP0aQw3xUxnVbZ,Talk Tuff,2cVi0QLfryqOOJOynha5ki,Young Prime,188,2,2020-09-11,day,0,2023-12-19
0.518,0.718,3,-4.517,0,0.461,0.311,0.0,0.112,0.387,66.668,180000,3,3gZweaPlZbIwvgBDPxQB6i,Mask Up,2cVi0QLfryqOOJOynha5ki,Young Prime,188,2,2020-04-23,day,0,2023-12-19
0.867,0.462,8,-4.245,0,0.209,0.524,8.29e-05,0.321,0.724,99.975,127500,4,4pvSaQa7rCMqyIqhrcJ5Yq,Cartoon Criminal,3QGMOS3ORskjO28pQ9Pldc,Bankz,13,0,2019-08-22,day,1,2023-12-19
0.87,0.567,2,-7.775,1,0.159,0.238,0.0,0.31,0.609,110.023,123455,4,2NNXWIBzjR8Dlj5NX1gSgx,Torture Dem,3QGMOS3ORskjO28pQ9Pldc,Bankz,13,0,2019-09-06,day,0,2023-12-19
0.733,0.529,0,-8.215,0,0.0943,0.388,0.000208,0.119,0.472,100.0,230400,4,26fp1kTh7UR37RKTAW0wZW,Jovi Ton | Tell You Bout Jesus,3BXTAqDidYV4IJ0RvyJWAf,Shaka Pro,74,0,2021-01-07,day,0,2023-12-19
0.777,0.663,4,-9.291,1,0.0562,0.479,5.99e-05,0.192,0.691,98.033,205714,4,0WwCdZdiCkDxuScjlow85b,Jovi Ton (Sunshine and Rain),3BXTAqDidYV4IJ0RvyJWAf,Shaka Pro,74,0,2021-03-23,day,2,2023-12-19
0.63,0.822,1,-7.25,1,0.158,0.159,0.000759,0.132,0.269,200.004,208800,4,37sMvgLfaKUrbYaDvOE9nD,Joviton | Street Life | Harmony Riddim,3BXTAqDidYV4IJ0RvyJWAf,Shaka Pro,74,0,2021-03-30,day,0,2023-12-19
0.68,0.44,4,-9.972,0,0.62,0.32,2.1e-06,0.147,0.366,73.74,223592,5,0VWuneSyn4xCfrjnGfo0gM,From Dem Diss,6J5jQOy2P8rlz8j9nl22Qv,Corie Dan,8,0,2021-04-02,day,0,2023-12-19
0.675,0.543,6,-6.832,0,0.335,0.585,0.00164,0.121,0.543,128.102,143357,5,5wbVhnG06iBvgVx2QbmaAp,Bounce Pon Top,1twsAxinjl0ith5MTAl1cl,Tyo,10,0,2022-01-30,day,0,2023-12-19
0.628,0.729,8,-0.027,0,0.213,0.447,3.15e-05,0.112,0.522,92.834,209032,4,3joxiNBe1RlaNYbp9oNDEX,Stay Real,6CxUKwVnCBKKP60XMvnMOL,Jahllano,19787,24,2020-05-03,day,5,2023-12-19
0.837,0.663,1,-4.166,1,0.0907,0.119,0.0,0.445,0.323,105.954,167547,4,6pxxKq7AplwiKrQIB1i1Aq,Covid Squad,"61qFMjCwvz1F1uFijD52g6,0tluFVpifIuT5slS3M1yTi","One 6,Simha","15,509330","0,43",2021-05-10,day,1,2023-12-19
0.86,0.673,5,-4.283,0,0.112,0.467,0.0,0.151,0.382,105.058,201195,4,0NDOfH2q4K1NZhwhiDNSfx,Nobody,"2JC7YH9Umra4Zc8mseZsRD,277jOUSGN5AKoZoDxvfmUP,7tnzhcb2y0dtPFIFVTp0A4","Going Global Records,Young Star 6ixx,Tafari","8531,14925,25770","35,27,22",2021-05-13,day,24,2023-12-19
0.651,0.666,5,-5.034,0,0.328,0.187,0.0,0.16,0.423,101.498,188473,4,37SWj6TWLKAxUNyLiTfu6N,Kalonji (Life We Choose),2JC7YH9Umra4Zc8mseZsRD,Going Global Records,8531,35,2021-05-13,day,18,2023-12-19
0.953,0.617,5,-4.331,0,0.0659,0.371,2.88e-05,0.113,0.395,110.009,166034,4,7vj0JMmTNXMcHYZLcl16XW,Toppy Boss (Boomland),2JC7YH9Umra4Zc8mseZsRD,Going Global Records,8531,35,2021-05-13,day,23,2023-12-19
0.735,0.694,2,-6.422,0,0.161,0.535,0.0,0.0776,0.82,107.025,153130,4,5S110kfOdgpwvgWUeixvE5,Wacko Dan (Easy),2JC7YH9Umra4Zc8mseZsRD,Going Global Records,8531,35,2021-05-13,day,18,2023-12-19
0.809,0.589,2,-5.97,0,0.111,0.571,0.0,0.0661,0.653,106.896,152555,4,2sJrRd3TkDccoAv2iVH40V,Young Star 6ixx (People Dead),2JC7YH9Umra4Zc8mseZsRD,Going Global Records,8531,35,2021-05-13,day,15,2023-12-19
0.661,0.592,8,-3.318,0,0.154,0.619,0.0,0.119,0.742,100.745,127478,4,6EjcNyCCJVPmkE0DQfIpEF,BI6,"6fanvfSBKMMExePwhUq8Mi,2Ana0KNn0YKzlkgYIztJay","K Lion,Rebel Sixx","39431,30","29,17",2019-09-20,day,38,2023-12-19
0.536,0.564,0,-9.55,0,0.157,0.257,4.62e-06,0.106,0.336,197.929,210939,4,6mOjta0DbksIaHsV97Vddd,Jovi Ton x Jaron | Switch It Up,3BXTAqDidYV4IJ0RvyJWAf,Shaka Pro,74,0,2021-05-14,day,4,2023-12-19
0.943,0.857,1,-4.391,1,0.137,0.283,0.000248,0.0617,0.65,117.929,173767,4,6HxD3GDCypTTj9XOy5w8jL,Boom Again,0zNEMNrPc9yM3zQzDkfQY2,Tech Sounds,1820,16,2021-05-13,day,14,2023-12-19
0.806,0.704,10,-5.277,0,0.0493,0.184,0.0,0.163,0.487,99.975,144000,4,5VR8DqqV5LigJoVMofawWS,Fully Evil,0WhrKY560yMc8mma8YXNKp,Faces,44,0,2020-07-19,day,0,2023-12-19
0.875,0.483,7,-8.259,1,0.246,0.375,0.0,0.0974,0.709,107.033,197383,4,4JzSB8sQdoX24TuXdyqq19,Better Man,0WhrKY560yMc8mma8YXNKp,Faces,44,0,2020-06-20,day,0,2023-12-19
0.551,0.546,7,-10.124,1,0.435,0.522,0.0,0.0942,0.212,201.871,168751,4,6VUttLwgmQEdHtlu2cVWDt,Make D Thing Better,0WhrKY560yMc8mma8YXNKp,Faces,44,0,2020-07-12,day,0,2023-12-19
0.645,0.787,11,-2.818,0,0.448,0.51,0.0,0.14,0.524,102.442,146400,4,01dU1K5Fs09B7z4PDKWFeV,Remedy,559YLWpCvVYo3qCEhMJ3pq,Lawless,6054,13,2021-03-26,day,0,2023-12-19
0.509,0.712,7,-3.262,0,0.428,0.197,0.0,0.256,0.357,63.767,209659,5,44CqBwnCWGi0nQJp4Rf5hY,Jahllano (Expensive Lifestyle),2taZulmUbsXlErp6i54qbP,Digital1,64,4,2021-02-26,day,5,2023-12-19
0.851,0.505,5,-10.763,0,0.408,0.463,0.0,0.11,0.7,96.03,182491,4,1LQI33KH8ipi48WGYH7mMy,Full Ah Mouth,"0RyIm05wJ3OkfUC9w84mly,2C3fBJF72ks7hF8DLoIBBq","Leo King,Buzzy","1243,22","1,0",2021-05-21,day,0,2023-12-19
0.634,0.474,6,-8.037,0,0.452,0.551,0.0,0.071,0.709,79.777,150000,5,78O60A6bk1rpt2Oc3KmBvg,Serial Killa,6WtD7YmHZue7RHGscX0X01,DarkoMusiq,19,0,2021-05-11,day,0,2023-12-19
0.769,0.793,9,-3.965,0,0.231,0.204,0.0,0.0921,0.25,99.924,228362,4,1cBmZM4xYuYt5FujjDQmaT,Knock It,"4W1YDUIlG2VramwT3zKYah,0efCvWr3pu7M0VYoKcjKLB,5DJOxyxPR3r1qaQE8mINOe,14yHr0DjYS7fS9ZAUfGVZY","Mountainside Music,BooDan,Trini Changes,5Star Smurf","811,15,2,1","3,0,0,0",2021-05-20,day,0,2023-12-19
0.672,0.688,4,-3.078,0,0.221,0.174,0.0,0.127,0.22,99.96,231079,4,7IDiX2T4UhfCCmXGG4SRh1,Tough Chat,"4W1YDUIlG2VramwT3zKYah,61lvFsoX94X8urcMmo917g","Mountainside Music,Raw Lyfe","811,0","3,0",2021-05-20,day,0,2023-12-19
0.933,0.734,5,-4.022,0,0.0694,0.387,1.08e-06,0.15,0.748,97.965,198452,4,4lM1zEv8xLOc6XWPt0I5Qn,Polymer Pree,"7dktRJgRYSf4QKN4ONb5yB,3UwGbC4Sl9MmonrpWo6grS","iTron,Boy Boy","98,28641","4,39",2021-05-21,day,0,2023-12-19
0.74,0.87,5,-3.57,0,0.127,0.284,0.0,0.0772,0.906,98.129,166583,4,3fDkmxbwO86UjJBVktz4pZ,Terrorist,"7dktRJgRYSf4QKN4ONb5yB,5gkKrHTFcl50fyKehisGlO","iTron,Skem","98,108","4,0",2021-06-02,day,0,2023-12-19
0.624,0.688,5,-4.187,0,0.156,0.517,7.69e-05,0.127,0.804,98.097,188630,4,0Q8xjM8ErnzynJsit8X32b,Sativa,"7dktRJgRYSf4QKN4ONb5yB,0VUqHwL8eRaiXcFK8avgJF,1JyyotrzYfIjDjP2OSC3Wk","iTron,Rassi,KG","98,62,489","4,0,2",2021-06-02,day,0,2023-12-19
0.902,0.668,2,-2.928,1,0.0555,0.0202,0.0,0.102,0.655,104.955,149447,4,1s0QYbvJO9vRlo4W9rhJCL,Bad Yu F%^k,"7dktRJgRYSf4QKN4ONb5yB,3UwGbC4Sl9MmonrpWo6grS","iTron,Boy Boy","98,28641","4,39",2021-05-21,day,0,2023-12-19
0.855,0.771,2,-3.984,1,0.0795,0.232,0.0,0.131,0.628,105.082,148637,4,0YZCKxhkjHUstXgy69i9lH,Solid,"7dktRJgRYSf4QKN4ONb5yB,5gkKrHTFcl50fyKehisGlO","iTron,Skem","98,108","4,0",2021-06-02,day,0,2023-12-19
0.761,0.674,1,-6.975,1,0.203,0.278,0.0,0.157,0.389,100.062,157220,4,0sMcCrVZQEb0JoSv4Svk6L,Evil,6cui6F7yKrfk5mXs8tVG2w,Sharp Man,12,0,2021-05-06,day,0,2023-12-19
0.587,0.673,1,-6.193,1,0.223,0.404,0.0,0.17,0.523,99.519,156914,4,4QX51TEsh3z3iJCxAKi3T0,Lauren Hill,"7zeUAn11CUWKEMRN701Vsv,26TOV4sfq4bfE46VZFqP5N","Magic D One Dan,Draggy9","15,0","0,0",2021-05-06,day,1,2023-12-19
0.692,0.38,5,-8.889,0,0.222,0.696,0.0,0.103,0.307,109.626,183273,4,4Ou2YRNlYDTjDqFGRHP5VN,Ready,1GxloojqHAloHcTVbFHIOn,Sharpman,2,0,2021-04-19,day,0,2023-12-19
0.605,0.705,3,-6.104,0,0.0901,0.146,0.0,0.134,0.249,193.952,216529,4,19ew9I4edzObLoqLdslHPA,Sunday Lit,"7gPEv7OUsJZnu7yhXvXOCl,5SXlv0JnAn32FcXUP7Ib2n","Asim,Klass","382,41410","0,34",2021-04-28,day,0,2023-12-19
0.606,0.336,0,-9.184,1,0.246,0.621,4.32e-05,0.107,0.209,74.391,177600,3,3Cye7X4c7rc9tY5hC4oFpU,Hear Me Out,"6hhy54ByINNSzZKbPgosRO,412qaDusLSmjeqSNjPUh8M","Jza King,Trini Baby","349,0","2,0",2021-05-22,day,1,2023-12-19
0.744,0.781,6,-7.09,0,0.232,0.556,1.23e-05,0.106,0.574,109.954,126067,4,6bhnlcHrpEEN8hP6e9CU89,BUSS HEAD,"1XK7JEkEviy2mcbi1ljpaR,5lsIJq4NcAdFNDlw9aYwWV","Zebee,KIAH","2985,37","18,1",2021-05-07,day,12,2023-12-19
0.663,0.875,4,-2.426,0,0.324,0.262,0.0,0.121,0.497,74.009,148965,4,742eb8Fp7ynbxVHmUpVYJG,Beat It,"6QJrx4J9XqIxXUBhacoJHC,559YLWpCvVYo3qCEhMJ3pq,2Jv0w50BNaGlwnXpq69HGm,3szgLNscALgBXdMNxcGxYz","Medz Boss,Lawless,Prince Swanny,Ando","33706,6054,110479,19","26,13,42,0",2020-04-21,day,2,2023-12-19
0.586,0.779,5,0.616,0,0.33,0.812,1e-05,0.131,0.754,142.509,289615,5,1dBVazHHmJV9tgsIHLqPid,No Licks,3bJ6gnTDrlHSMszDydll2L,Orlando Octave,12239,23,2020-04-15,day,2,2023-12-19
0.622,0.876,5,1.043,0,0.205,0.819,0.000336,0.0804,0.65,138.619,223846,5,3OWmfRgzw2BGft0XNhQP1X,Shady Friends,5t1isx1eZd9BxtigVkLlaR,Sadiki,1456,15,2020-04-15,day,0,2023-12-19
0.865,0.785,1,-0.081,1,0.123,0.775,4.92e-05,0.102,0.536,104.109,159231,4,0GRKlyapt2AYF3dOJ0Souv,Put It In,"559YLWpCvVYo3qCEhMJ3pq,5itNYCN95bPdhqRACdQsia","Lawless,Kalika B","6054,15","13,1",2020-04-15,day,10,2023-12-19
0.564,0.769,5,0.574,0,0.209,0.856,0.000175,0.102,0.617,141.618,198462,5,4yi7a79YWaizBiTQ9xfvuM,R.O.D. (Ride or Die),2y0QGjnlzB39Nf2duLQoxk,KG,238,18,2020-04-15,day,0,2023-12-19
0.776,0.613,11,-6.887,0,0.259,0.116,0.0038,0.114,0.525,66.519,154105,5,22uKo1lg6QkStrFnkLy2MK,Blessed,277jOUSGN5AKoZoDxvfmUP,Young Star 6ixx,14925,27,2020-12-04,day,0,2023-12-19
0.817,0.76,2,-7.317,1,0.167,0.636,1.04e-05,0.111,0.429,105.01,155565,4,0t3nLHHIn0iva15U2lrEjQ,Anybody Gets It,6Iym59CxrdzsxIn9LPFR9n,Gskell,4607,9,2020-09-09,day,16,2023-12-19
0.861,0.589,11,-9.205,1,0.297,0.556,0.0,0.129,0.338,109.95,214970,4,7GgpDNdXoImJiT45tkK2ZM,Militant,6Iym59CxrdzsxIn9LPFR9n,Gskell,4607,9,2020-09-09,day,10,2023-12-19
0.877,0.839,0,-7.175,0,0.112,0.294,1.49e-05,0.132,0.568,110.064,209455,4,6pqJmelGBx5rt5NsPAit6S,Hawk Out,6Iym59CxrdzsxIn9LPFR9n,Gskell,4607,9,2020-09-10,day,12,2023-12-19
0.817,0.479,1,-10.035,1,0.306,0.719,0.0,0.132,0.695,107.109,183980,4,4GzFcQJGvuFNEx8ErHooCj,Roar Like A Lion,0JSBUUBuT8pbdbw1UZggSY,Tefflon,18911,28,2021-05-23,day,3,2023-12-19
0.683,0.562,9,-10.746,0,0.668,0.715,0.0,0.105,0.306,132.285,176039,5,65qinPQU5XgYKalTkbMy1L,Sweet,"0WhrKY560yMc8mma8YXNKp,6XTF9SkuqFjuBOJ7Y34D3N,1BmHVv2rQN9VBkte3CCmC9","Faces,Kj Productions,Bago","44,0,1079","0,0,9",2021-05-28,day,0,2023-12-19
0.682,0.73,5,-4.107,0,0.441,0.159,0.0,0.161,0.577,125.796,181224,5,7bVCdyNgYh4seIr0pPNRrS,Better Days,6fanvfSBKMMExePwhUq8Mi,K Lion,39431,29,2021-05-24,day,14,2023-12-19
0.644,0.553,6,-10.162,1,0.251,0.235,0.000511,0.0875,0.412,127.432,135419,5,5ZMAwq9GNjAzi64tXm0dHD,Perfect(Sharpman),2Tfe5UdBBWDTGkGwPzblJQ,Toby Boss Ent,4105,24,2021-05-20,day,1,2023-12-19
0.743,0.504,3,-9.709,0,0.0909,0.342,5.66e-05,0.095,0.507,129.772,132963,5,6ASNAmGTdxNyoXJyqMYGcx,Sexappeal(T man),2Tfe5UdBBWDTGkGwPzblJQ,Toby Boss Ent,4105,24,2021-05-19,day,1,2023-12-19
0.607,0.626,10,-9.614,0,0.224,0.178,4e-05,0.1,0.633,132.349,132963,5,3ZjQWH3LOg9OAUWaKwS912,Bounce Pon It (Toppy Boss),2Tfe5UdBBWDTGkGwPzblJQ,Toby Boss Ent,4105,24,2021-05-14,day,0,2023-12-19
0.658,0.621,6,-9.507,1,0.273,0.328,0.0,0.098,0.303,129.222,132963,5,6WcBy94xrVZU5sOqBQ9icy,Bad Gyal(Clevin Don),2Tfe5UdBBWDTGkGwPzblJQ,Toby Boss Ent,4105,24,2021-05-14,day,0,2023-12-19
0.573,0.511,10,-9.521,0,0.131,0.371,1.34e-05,0.09,0.297,130.813,132963,5,51X1Ac1Ofzh4NgHX9PUvrs,Only Gyal (Wacko Dan),2Tfe5UdBBWDTGkGwPzblJQ,Toby Boss Ent,4105,24,2021-05-14,day,4,2023-12-19
0.555,0.573,10,-9.422,0,0.161,0.131,0.0,0.104,0.383,129.445,132963,5,75RIZzJHk3PzKpf0wiezX9,Take Way Boy Gyal(Magic),2Tfe5UdBBWDTGkGwPzblJQ,Toby Boss Ent,4105,24,2021-05-14,day,0,2023-12-19
0.617,0.632,10,-8.824,0,0.232,0.266,5.19e-05,0.109,0.516,128.415,132963,5,76C1XlCq9nuB6cCRYgMXxl,She Wanna(Raw Lyfe),2Tfe5UdBBWDTGkGwPzblJQ,Toby Boss Ent,4105,24,2021-05-14,day,0,2023-12-19
0.694,0.531,10,-9.55,0,0.28,0.195,0.0,0.104,0.626,130.13,132963,5,4LpmWlp3E8wD22KLQLvU91,Pleasure(Tytan),2Tfe5UdBBWDTGkGwPzblJQ,Toby Boss Ent,4105,24,2021-05-14,day,1,2023-12-19
0.734,0.611,1,-9.463,1,0.323,0.33,0.0,0.0908,0.26,129.906,132963,5,43ZwJdUZDieH1oXcOumMZA,Diamond Hole(Stewie boss),2Tfe5UdBBWDTGkGwPzblJQ,Toby Boss Ent,4105,24,2021-05-14,day,0,2023-12-19
0.641,0.465,5,-6.567,0,0.138,0.31,8.36e-05,0.152,0.125,109.491,183273,4,4bhdwEtxJg9T2ttZZouaWC,Pass The General,2uXytzsWyyjXiAaQQ5O0s3,Pablo Dan,2842,5,2021-05-31,day,1,2023-12-19
0.925,0.644,7,-5.062,1,0.1,0.0793,0.0,0.0929,0.242,124.98,119066,4,1Qe8C9vMDvvdzq6zavRjG9,Yard.,4cJGv7y0rQLqGSe4aKrurE,Toppy Boss,3496,12,2021-05-28,day,2,2023-12-19
0.678,0.642,6,-6.538,0,0.47,0.483,0.0,0.421,0.522,80.767,224000,3,4oNYgYhhj9wsjsSGJonVqV,Monstas & Malandros,6p3yRoqpqsQp5AajLW9MVa,LRG,1123,3,2020-03-28,day,7,2023-12-19
0.633,0.66,9,-6.983,0,0.426,0.32,0.0,0.302,0.711,106.671,206994,4,4E8gZl9DSen562KoOY6r2L,Chargie,6p3yRoqpqsQp5AajLW9MVa,LRG,1123,3,2019-10-11,day,12,2023-12-19
0.724,0.508,9,-11.066,0,0.146,0.686,0.00275,0.112,0.0824,133.307,177647,5,6iiteshVGzmC4sdZ0KEE07,Winner,1auD3BLS3ss0JXndZzdhie,Rebel 6ix,1896,0,2019-05-17,day,3,2023-12-19
0.728,0.663,5,-4.003,0,0.345,0.181,0.0,0.11,0.586,67.089,204000,3,2d4vpKJ5iTPRlOS0EnPtQ3,Rifle,3KaFfC4kfSJiwbdCA1vF5H,Tejah,3143,14,2019-10-29,day,18,2023-12-19
0.914,0.693,9,-7.375,0,0.313,0.0835,6.75e-06,0.0848,0.198,117.952,181055,4,0NE4TxgVEDm394SjJMzxXc,Narcos,6Iym59CxrdzsxIn9LPFR9n,Gskell,4607,9,2021-12-25,day,9,2023-12-19
0.81,0.593,1,-7.059,1,0.308,0.274,0.0,0.143,0.568,120.133,180023,4,5SluailwJ2zVg2Du4chQxL,Murderer,2SeCsPep6yGO1MR619XEDt,Flanka,255,1,2021-06-04,day,3,2023-12-19
0.934,0.51,3,-12.195,0,0.211,0.267,0.000164,0.132,0.479,104.028,148495,4,7cEoqCb2gsu0W1J7XsAbVb,Try We,40hfAj6oxHglI5VyqaLZ6C,M Vik,86,1,2021-06-04,day,1,2023-12-19
0.567,0.366,5,-14.54,1,0.378,0.3,8.52e-06,0.187,0.328,148.216,186906,5,4ja8ioYZiiO7VbiaOMxHZe,E'Side Badness,2SeCsPep6yGO1MR619XEDt,Flanka,255,1,2021-05-14,day,4,2023-12-19
0.803,0.454,11,-9.774,0,0.0491,0.456,0.0,0.13,0.343,99.885,225097,4,43Fy0hosEoWf8OMFM0VqaH,Crime Scene,2SeCsPep6yGO1MR619XEDt,Flanka,255,1,2021-04-30,day,3,2023-12-19
0.592,0.45,8,-6.562,0,0.482,0.775,0.0,0.303,0.577,72.855,130090,3,4IixABqolmimZQSSw7X6kO,Murda Dem,2SeCsPep6yGO1MR619XEDt,Flanka,255,1,2021-04-30,day,2,2023-12-19
0.61,0.467,0,-10.807,1,0.551,0.358,0.0,0.138,0.668,105.008,240091,4,0edGtxO5Gq518RkTMZxDnh,La Maldad,"2SeCsPep6yGO1MR619XEDt,30OZ0Q3AfTlIro2SLZNWnp","Flanka,T Man9","255,80","1,0",2021-05-21,day,6,2023-12-19
0.672,0.466,0,-10.827,0,0.0908,0.739,0.0,0.146,0.687,152.809,189804,4,5Fz4dUDZTNqaRG3yoO0v6Z,7 Family,"4hkCzTAcWmwVPLscNvweK6,5EsCbG7ZqKDZP0CAESy0v2","Brad,Born King","323,223","3,11",2021-06-11,day,8,2023-12-19
0.83,0.7,8,-2.935,1,0.081,0.754,6.68e-06,0.121,0.584,153.001,202353,4,4FBOEfueVAcIzqXfR5VJhH,My Life,6QJrx4J9XqIxXUBhacoJHC,Medz Boss,33706,26,2021-06-11,day,21,2023-12-19
0.675,0.375,1,-15.654,1,0.342,0.343,0.0,0.0686,0.61,90.209,178683,4,2RQmuj9fl0T33tkitFzzFK,One Round,"3IDfJpj4YVkaBl7Dd52Pxv,4Eg9wMIN73JI2iMSj1b05y,6QJrx4J9XqIxXUBhacoJHC","Byron Messia,Kyler,Medz Boss","61748,67,33706","61,4,26",2021-05-13,day,13,2023-12-19
0.666,0.847,9,-3.28,1,0.344,0.725,2.83e-06,0.267,0.794,95.655,157419,4,3kF99pLeDQYvXvspdHWFuK,Chuck Norris,5tr6GdAE9bwCqYuLXUwIhd,Toppy Boss,7891,3,2021-06-11,day,1,2023-12-19
0.608,0.574,5,-6.561,0,0.327,0.817,7.4e-06,0.111,0.607,101.875,192941,5,3GlAvg8SUYeUMOmKqSbaU4,Millions Billions,"58GP6t4N8aiJkHTOM41ECz,2rKUiOCTXp1YYvsPLTed0P","Plumpy Boss,2 Gun","20294,111","29,1",2021-06-11,day,6,2023-12-19
0.865,0.495,10,-13.304,0,0.069,0.618,0.0,0.143,0.5,100.992,171089,4,5MnhjRvnMDLYUsmex143iJ,Amina,"0WhrKY560yMc8mma8YXNKp,1BmHVv2rQN9VBkte3CCmC9","Faces,Bago","44,1079","0,9",2021-06-13,day,0,2023-12-19
0.766,0.704,8,-6.028,0,0.482,0.423,0.0,0.105,0.513,59.721,169500,4,4DjT5oDe4L8ZcLazY4ysbR,BloodShed,6WtD7YmHZue7RHGscX0X01,DarkoMusiq,19,0,2021-06-15,day,0,2023-12-19
0.869,0.381,1,-9.291,1,0.134,0.326,2.13e-06,0.152,0.114,110.153,185455,4,6bGLau1W3ecHSHxn1PiRTi,Moody,7eeTc9VuHEmL6jtn3iOODr,tj ferro,7,0,2021-05-23,day,0,2023-12-19
0.614,0.572,1,-7.957,0,0.422,0.646,0.000117,0.603,0.301,144.044,159190,5,7ip9egRCoPwPEyLD4qrddj,Like Us,"6SogOhr5NG60bPMcm9IPK2,07dHr7YsaEgKS3KD8kw8QB,7uEnfG0KsErvNswB3tT9cL","Melody Felony,Wrecky,Frass","19,16,7","0,0,0",2020-12-13,day,1,2023-12-19
0.836,0.536,11,-10.026,1,0.362,0.584,0.0,0.096,0.751,99.981,134426,4,6yXdQPrZ31SjfDGFK7w6r8,96(Toppy boss),2Tfe5UdBBWDTGkGwPzblJQ,Toby Boss Ent,4105,24,2021-06-19,day,24,2023-12-19
0.587,0.752,5,-5.79,0,0.345,0.165,0.0,0.135,0.533,136.096,160000,5,1ceKWTBuJlDGvHSBMORAeS,3rd Eye Open,"277jOUSGN5AKoZoDxvfmUP,710P6hrWqHnZ6zA3wNdGre","Young Star 6ixx,Lampshade Muzic","14925,111","27,16",2021-06-18,day,7,2023-12-19
0.472,0.624,2,-4.842,1,0.147,0.836,0.00015,0.0646,0.46,55.969,164754,4,1YDoSBZS9Ooh7qWMBgvNNJ,Rifle Rise,7f7sbIc0DpHIv84c7MG098,Toppy Boss,3095,10,2021-06-19,day,11,2023-12-19
0.7,0.722,4,-8.544,0,0.287,0.617,0.0,0.0957,0.401,101.943,153992,4,3WWgKbrspkg1YVc8Y0FwFp,Out this world,7f7sbIc0DpHIv84c7MG098,Toppy Boss,3095,10,2021-05-19,day,2,2023-12-19
0.909,0.58,2,-5.549,1,0.0723,0.153,0.0,0.323,0.188,100.018,201600,4,7sDz1M5MYowfFJp6zImmDb,Rifle Rave,1PqH7MWe3CZgnCFhfoxBZF,Lincoln,45,0,2020-01-26,day,6,2023-12-19
0.64,0.732,10,-4.699,1,0.459,0.28,0.0,0.09,0.316,136.866,262041,3,3okMjd6BDyZN1GjDKkSa5A,Switch,7IbkKTNpBj7MORRdt3oge3,Zerimar,29786,33,2021-12-09,day,34,2023-12-19
0.726,0.62,10,-3.133,0,0.166,0.378,0.000471,0.0909,0.4,123.412,167742,5,76IiB3jEgSrRVrh4MhDK77,Big Mood,"6CxUKwVnCBKKP60XMvnMOL,3iWwLfjZAKzmAB57v38i45","Jahllano,Raskality","19787,5666","24,14",2021-06-29,day,11,2023-12-19
0.965,0.754,11,-6.223,1,0.18,0.0675,0.0,0.0554,0.911,104.968,141740,4,31sTGp62YJQy3dTa0TmVHo,Grip Meh,26QL5yG54Jo5TV405TDyzP,Melick,725,9,2020-12-09,day,22,2023-12-19
0.961,0.548,0,-9.956,1,0.217,0.173,1.57e-06,0.0651,0.688,109.998,161437,4,7bEYZB94zVzNzT2dwufejd,Call For The Pussy,26QL5yG54Jo5TV405TDyzP,Melick,725,9,2020-12-08,day,12,2023-12-19
0.635,0.63,8,-6.066,0,0.252,0.255,0.000162,0.108,0.531,130.578,195600,5,4BHGm0sUtNvWllnQEPis45,Roll Out,6CxUKwVnCBKKP60XMvnMOL,Jahllano,19787,24,2021-07-02,day,26,2023-12-19
0.645,0.584,5,-7.699,0,0.402,0.838,4.04e-05,0.109,0.545,61.493,193045,5,5jOripNNrVXjFjjXwKz9Rb,4 Rounds,6CxUKwVnCBKKP60XMvnMOL,Jahllano,19787,24,2021-07-02,day,14,2023-12-19
0.473,0.664,8,-5.372,0,0.165,0.627,5.81e-06,0.13,0.462,200.064,156032,4,2WKsRBB8ZF52FEN8nRrv2O,Global,6Iym59CxrdzsxIn9LPFR9n,Gskell,4607,9,2021-07-02,day,1,2023-12-19
0.795,0.771,5,-9.255,0,0.0906,0.69,0.0,0.0987,0.421,109.997,192000,4,7HUbVKjq6fdwdHzWPMGAob,Heavyweight Champion,6Iym59CxrdzsxIn9LPFR9n,Gskell,4607,9,2021-07-02,day,1,2023-12-19
0.844,0.602,9,-9.014,1,0.152,0.288,0.0,0.227,0.302,114.102,240000,4,1R6ySwtW8ptDul4Bc7Sn7P,Focused,6Iym59CxrdzsxIn9LPFR9n,Gskell,4607,9,2021-12-25,day,1,2023-12-19
0.805,0.581,10,-9.074,0,0.141,0.66,1.09e-05,0.351,0.307,108.005,182124,4,4UsnWcDsDSNbJjz2UCLIJ3,2 Freddy,6Iym59CxrdzsxIn9LPFR9n,Gskell,4607,9,2021-07-02,day,8,2023-12-19
0.798,0.645,7,-8.982,1,0.169,0.616,0.0,0.149,0.542,114.989,237158,4,6q0ccc7CiPjMIPvSycYPdP,Mini 4,6Iym59CxrdzsxIn9LPFR9n,Gskell,4607,9,2021-07-02,day,6,2023-12-19
0.818,0.711,8,-4.874,1,0.203,0.214,0.0,0.114,0.475,139.928,192000,4,6bnYWngQMBupsvy7SohdEv,Roll Out,6Iym59CxrdzsxIn9LPFR9n,Gskell,4607,9,2021-07-02,day,6,2023-12-19
0.739,0.538,7,-6.37,0,0.148,0.189,0.0,0.225,0.127,97.972,244898,4,2EvzKcJ3ogNf1aXQgVF9vM,Get Low,"6Iym59CxrdzsxIn9LPFR9n,0R986BZVubngdUyHi1i8g0","Gskell,Mayhem","4607,0","9,0",2021-07-02,day,1,2023-12-19
0.689,0.682,1,-5.92,1,0.295,0.027,0.0,0.144,0.542,93.865,173400,4,5bZuHNv5EoWSEIWVYyKLjU,Al Capone,3iWwLfjZAKzmAB57v38i45,Raskality,5666,14,2021-07-02,day,13,2023-12-19
0.655,0.46,0,-11.285,0,0.153,0.476,0.0,0.0993,0.382,99.845,177659,4,65T4uJIuArwgmbVml3ltFq,We Doh Fantasize (W.D.F),"4F9FUmZP7GwhLmMHyf7E15,3Y70JRAuc8cg0REvdfORW1","Chady Beats,Sin Sin","66,0","4,0",2021-06-25,day,1,2023-12-19
0.721,0.422,0,-13.22,0,0.434,0.799,0.0,0.114,0.543,100.756,180062,4,4Aw9tgKtn0Ajo1lSagHabs,El Patron,"4F9FUmZP7GwhLmMHyf7E15,3ATKkAzfZsIJuoCnOepK67","Chady Beats,Trigger Dan","66,1790","4,6",2021-06-25,day,0,2023-12-19
0.523,0.314,4,-10.905,0,0.0739,0.0905,0.626,0.104,0.167,99.976,204199,4,3RlqApiJuNJxDmxdODE5wP,Dem Dead Riddim,4F9FUmZP7GwhLmMHyf7E15,Chady Beats,66,4,2021-01-26,day,0,2023-12-19
0.948,0.576,11,-8.995,1,0.267,0.482,0.0,0.0913,0.709,100.051,136856,4,11f9JCN7tWU5Adw9lX2E5c,Magic (Ready),2Tfe5UdBBWDTGkGwPzblJQ,Toby Boss Ent,4105,24,2021-06-28,day,1,2023-12-19
0.779,0.562,1,-9.516,1,0.244,0.292,0.0,0.127,0.638,110.818,431949,4,32ETYAY68HOD75zGDpo253,A69 Riddim (Mix),2Tfe5UdBBWDTGkGwPzblJQ,Toby Boss Ent,4105,24,2021-06-30,day,4,2023-12-19
0.544,0.363,10,-8.761,0,0.48,0.475,0.0,0.1,0.164,68.01,197646,5,4zqmIU6mzsORNuo9bOFI28,Say Six,"52hLbiHfJsarTXovhOd3qC,277jOUSGN5AKoZoDxvfmUP","Wacko Dan,Young Star 6ixx","16452,14925","32,27",2021-07-02,day,26,2023-12-19
0.819,0.536,11,-9.984,1,0.352,0.436,2.61e-06,0.122,0.606,99.967,134452,4,3T1OFhctsNMuHDVnSr0OCz,Cettie (Evil Drill),2Tfe5UdBBWDTGkGwPzblJQ,Toby Boss Ent,4105,24,2021-07-02,day,0,2023-12-19
0.92,0.577,11,-9.102,1,0.346,0.548,0.00754,0.122,0.654,99.979,136856,4,41MH24ma9ufTlJcjkXhjk6,HennDog (Squeeze),2Tfe5UdBBWDTGkGwPzblJQ,Toby Boss Ent,4105,24,2021-07-02,day,0,2023-12-19
0.635,0.561,11,-10.028,1,0.398,0.662,0.0,0.11,0.628,126.25,134452,5,5UIO5GySiuf2eqSJrmdac3,Tman & Stewie Boss (Start It),2Tfe5UdBBWDTGkGwPzblJQ,Toby Boss Ent,4105,24,2021-07-02,day,3,2023-12-19
0.706,0.543,5,-8.284,0,0.718,0.462,0.0,0.139,0.352,129.923,237750,5,193gGKHlqceXW7oBaRhbBB,Kill Everybody,11ODkITb8E6t7OIesM1vqv,Tokeii,1596,8,2021-07-09,day,15,2023-12-19
0.789,0.743,2,-4.91,1,0.0933,0.299,0.0,0.0505,0.511,99.996,230280,4,0kOVqR7kMLU8ZUunuwOQxZ,Trinibad Thug,"4fHChxx6In8Yxp9a8RQ7tO,7f7sbIc0DpHIv84c7MG098","Yung Lion,Toppy Boss","116,3095","3,10",2021-07-04,day,1,2023-12-19
0.672,0.67,6,-9.304,0,0.295,0.506,0.0,0.0645,0.253,91.75,213913,4,3TdgktMyzvMBUM9V3s7EMx,Life We Living,0WhrKY560yMc8mma8YXNKp,Faces,44,0,2021-07-03,day,0,2023-12-19
0.792,0.555,11,-8.907,1,0.348,0.506,1.19e-05,0.116,0.701,99.98,134452,4,6ZkndW9RBIx0JVOKxGbIPX,Wacko Dan & Young Star 6ix (A69),2Tfe5UdBBWDTGkGwPzblJQ,Toby Boss Ent,4105,24,2021-07-06,day,30,2023-12-19
0.811,0.695,5,-4.031,0,0.111,0.186,0.00111,0.292,0.254,104.972,178338,4,5sXkJeozd1jV8E0qlmkscm,Some Bwoy,"7gPEv7OUsJZnu7yhXvXOCl,3exqVQiXeIhYVbW6yos9jd,1aBHFnYypXk8HhZ0NH8fnQ","Asim,WallDawg,Psymon","382,0,652","0,0,2",2021-06-26,day,0,2023-12-19
0.617,0.605,11,-8.415,0,0.198,0.0675,0.0,0.0862,0.325,139.776,185143,5,6UbqDA9EDIc9gx6OatlhAn,No Detachment,7zow5Va8ESrfnxvUF62HRH,Icee Dan,7933,21,2021-07-11,day,0,2023-12-19
0.611,0.301,3,-13.651,0,0.119,0.77,0.0,0.0855,0.375,184.106,176144,4,7z9gbsm5J3IhVv7qBcrBRt,How Far,7tnzhcb2y0dtPFIFVTp0A4,Tafari,25770,22,2021-07-13,day,10,2023-12-19
0.817,0.421,9,-9.713,1,0.107,0.536,0.0,0.126,0.582,104.836,153143,4,00cbUwMgogtGaKdAy8Ml6q,Tia,0WhrKY560yMc8mma8YXNKp,Faces,44,0,2021-07-22,day,0,2023-12-19
0.946,0.573,8,-5.634,1,0.141,0.421,0.000704,0.119,0.327,101.997,163579,4,3gIfoGCwzU6w14yKnDQIBX,Warm Up,277jOUSGN5AKoZoDxvfmUP,Young Star 6ixx,14925,27,2021-07-30,day,4,2023-12-19
0.808,0.578,11,-9.203,1,0.229,0.355,0.0,0.114,0.71,99.942,134452,4,1ZQyaiWWxYjEj9FVUCecUW,Gskell (Hide & Seek),2Tfe5UdBBWDTGkGwPzblJQ,Toby Boss Ent,4105,24,2021-07-15,day,5,2023-12-19
0.45,0.666,4,-4.105,0,0.181,0.107,0.0,0.199,0.132,92.848,220000,4,7gNuXSC1LsnLRkZgp6uI2r,Broken Lights,2kNL5eBpFCpOQu81GJ4lZb,Jovi Ton,3901,4,2021-07-31,day,1,2023-12-19
0.839,0.579,10,-4.44,1,0.357,0.0628,0.0,0.0386,0.769,66.692,175256,5,5b4tXXEZ2e1etomlZZAxKg,Best Friend,7zow5Va8ESrfnxvUF62HRH,Icee Dan,7933,21,2020-11-27,day,1,2023-12-19
0.747,0.62,10,-5.784,0,0.467,0.109,0.0,0.0776,0.222,122.806,141848,5,54cEYj2Y3JIDq2c3mbK28q,Great White,1XK7JEkEviy2mcbi1ljpaR,Zebee,2985,18,2020-04-20,day,11,2023-12-19
0.738,0.601,4,-9.263,0,0.24,0.748,0.0,0.38,0.461,110.105,174545,4,4aq6UPfRplF40yeyMRKq8x,Moses,7f7sbIc0DpHIv84c7MG098,Toppy Boss,3095,10,2021-08-02,day,2,2023-12-19
0.689,0.645,4,-9.938,0,0.343,0.757,0.0,0.365,0.521,110.305,174545,4,72mNJWhV3dqOri6nkSyLEA,Kill Time,0otV87HgAtj9q7CbzAQ2Ft,Keltec,135,0,2021-08-02,day,0,2023-12-19
0.842,0.583,4,-9.499,0,0.129,0.726,0.0,0.249,0.636,110.04,174545,4,7zkMNGO9XAJT8l34IW0KRv,Start It,0WhrKY560yMc8mma8YXNKp,Faces,44,0,2021-08-02,day,0,2023-12-19
0.695,0.519,11,-8.222,0,0.21,0.689,1.31e-05,0.137,0.606,126.656,203102,5,0qQRe8gRpd8IwNG0I89xrt,ANY MEANS,7tnzhcb2y0dtPFIFVTp0A4,Tafari,25770,22,2021-08-02,day,16,2023-12-19
0.62,0.43,8,-10.434,1,0.221,0.772,0.0,0.108,0.687,173.842,135172,4,34gmbTXdUwapDyIBTtCFD5,Sex Drive,"5PpoqS0ArS7r5n66AZBoC0,0JSBUUBuT8pbdbw1UZggSY","Fragile Riddim,Tefflon","42,18911","1,28",2021-07-14,day,13,2023-12-19
0.781,0.715,5,-6.163,0,0.257,0.0638,7.38e-06,0.134,0.374,102.011,156187,4,3wMjMJWFN8DeB0FjzRIeHs,WOW,"5tr6GdAE9bwCqYuLXUwIhd,710P6hrWqHnZ6zA3wNdGre","Toppy Boss,Lampshade Muzic","7891,111","3,16",2021-08-07,day,3,2023-12-19
0.878,0.552,0,-7.405,0,0.0737,0.451,0.0,0.128,0.824,110.118,183273,4,0NSrwnD5hI98NjsOS2315w,Bobo & Friends,"0JSBUUBuT8pbdbw1UZggSY,1e4cD1TAhruTMjnhDjCy60","Tefflon,Toppy Boss","18911,1","28,0",2021-08-14,day,0,2023-12-19
0.578,0.408,2,-15.145,1,0.28,0.448,0.0,0.118,0.392,132.864,269793,5,3Ie3IIcuwedmOUMVcYZ6IK,Champion,2kNL5eBpFCpOQu81GJ4lZb,Jovi Ton,3901,4,2021-08-14,day,1,2023-12-19
0.65,0.656,1,-5.648,1,0.361,0.0406,0.0,0.112,0.357,102.008,166217,4,4G44LafRlBwEGfxDXZr5aQ,Strike Team,7c8WSGTjxRP9sOob1KukJA,Kalonji,32939,29,2021-08-18,day,21,2023-12-19
0.831,0.513,10,-7.937,0,0.136,0.304,0.0,0.254,0.248,103.981,166205,4,0CQynGyn84vYnSL4BtisRm,Lock It,277jOUSGN5AKoZoDxvfmUP,Young Star 6ixx,14925,27,2021-08-14,day,23,2023-12-19
0.658,0.488,6,-11.293,0,0.297,0.687,0.0,0.237,0.536,94.137,177778,4,4ajrtJVgbeZGCf4w9lJDXI,Sweet Cake,2Jv0w50BNaGlwnXpq69HGm,Prince Swanny,110479,42,2021-08-27,day,28,2023-12-19
0.712,0.661,7,-6.268,1,0.069,0.295,0.0,0.134,0.437,95.172,194210,4,572Z2N6BuAQV2mtJBVti0N,My Last,6Iym59CxrdzsxIn9LPFR9n,Gskell,4607,9,2021-08-12,day,0,2023-12-19
0.796,0.55,7,-4.933,0,0.324,0.0615,0.0,0.098,0.167,66.846,153800,5,6smv0nRdmvhbsW2xWJk5ey,Life Over Everything,"2JC7YH9Umra4Zc8mseZsRD,7tnzhcb2y0dtPFIFVTp0A4","Going Global Records,Tafari","8531,25770","35,22",2021-08-21,day,12,2023-12-19
0.676,0.583,7,-4.26,0,0.31,0.167,0.0,0.137,0.439,73.057,190800,3,5S3OscqLmWAism30W13qWP,Lonely Road,"2JC7YH9Umra4Zc8mseZsRD,7c8WSGTjxRP9sOob1KukJA","Going Global Records,Kalonji","8531,32939","35,29",2021-08-21,day,28,2023-12-19
0.884,0.506,7,-5.162,0,0.203,0.0806,0.0,0.194,0.357,100.019,144000,4,6K5nEAZkRXFthzKdSuL7QL,Six Life,"2JC7YH9Umra4Zc8mseZsRD,52hLbiHfJsarTXovhOd3qC","Going Global Records,Wacko Dan","8531,16452","35,32",2021-08-21,day,17,2023-12-19
0.827,0.403,7,-5.73,0,0.189,0.246,6.92e-06,0.122,0.37,66.696,153600,3,02qZTWm9gD5GqWdxYnoJL6,Careful,"2JC7YH9Umra4Zc8mseZsRD,277jOUSGN5AKoZoDxvfmUP","Going Global Records,Young Star 6ixx","8531,14925","35,27",2021-08-21,day,16,2023-12-19
0.661,0.393,7,-7.091,0,0.379,0.134,0.00616,0.142,0.418,70.92,192000,3,1b2DVOkbHJ5hRQaTe6EYCy,Run Out,"2JC7YH9Umra4Zc8mseZsRD,0sP79Bq6zJj6EskteStNBW","Going Global Records,Malie Donn","8531,56865","35,48",2021-08-21,day,10,2023-12-19
0.803,0.516,7,-12.241,1,0.182,0.737,0.0,0.211,0.428,100.007,134400,4,4SoVT7hHo3RdV7onSXtdZt,How Far,0WhrKY560yMc8mma8YXNKp,Faces,44,0,2021-08-23,day,0,2023-12-19
0.759,0.511,0,-9.631,1,0.118,0.0143,8.66e-05,0.15,0.256,99.986,192000,4,1nDn6RbzdbKjzCEhDvMxAD,Rock My Baby - Track,2kNL5eBpFCpOQu81GJ4lZb,Jovi Ton,3901,4,2021-08-21,day,0,2023-12-19
0.576,0.567,10,-8.445,0,0.154,0.907,0.0,0.138,0.794,89.95,134667,4,60QhTuaFqSgKZLUAaI52vI,Authentic,"5PpoqS0ArS7r5n66AZBoC0,7LCEPA8tZCyUZVGH9uTeL6","Fragile Riddim,SagiKer","42,63","1,0",2021-07-14,day,0,2023-12-19
0.551,0.67,10,-7.188,0,0.342,0.822,0.0,0.0655,0.744,179.707,133333,4,1hzBLxdYlWPSqW9NBjPUIv,Pre Energy,"5PpoqS0ArS7r5n66AZBoC0,1xbQocP9DQJFvNhSB4zUO8","Fragile Riddim,Vice Versa","42,0","1,0",2021-07-14,day,0,2023-12-19
0.468,0.603,6,-7.439,1,0.0754,0.823,0.0,0.127,0.42,88.321,154667,4,6evKcchseBLVwhqKye65DY,Baddest,"5PpoqS0ArS7r5n66AZBoC0,5aRBW98isnTZJV5QpEcGFs,4KTYZjeFbx87abj5vl8j0W","Fragile Riddim,Jza King,Lila","42,2,1","1,0,0",2021-07-14,day,0,2023-12-19
0.625,0.585,1,-7.012,0,0.349,0.795,0.0,0.187,0.308,87.894,178024,4,0F3Vk4CXNDj8CpvZpd7Vcx,Life,4CXmBF7FIcagdMP1LLFetV,KG,71,1,2021-07-18,day,0,2023-12-19
0.837,0.531,11,-10.127,1,0.391,0.549,0.0,0.0922,0.749,99.992,134478,4,6jveuub5ikkWiXBh4RDNAx,Tytan (Hot Steppa),"2Tfe5UdBBWDTGkGwPzblJQ,2g6Nnz1GILORdD0azf48kw","Toby Boss Ent,Siah Boss","4105,38","24,3",2021-07-15,day,18,2023-12-19
0.643,0.602,10,-8.295,1,0.252,0.497,0.0,0.123,0.335,65.95,257068,5,4Q0vNtBfYIYok2BhFZ9Het,Wanted,"4DbFUy6A1B8aJuNKjrQX3k,6bsjIzIKLCOtbAptmob0WW","Tafari,Hezefrm3","6068,13","9,0",2021-09-03,day,2,2023-12-19
0.744,0.574,0,-9.903,1,0.052,0.634,1.52e-05,0.128,0.41,113.112,161416,4,1RJgZqS5FGH8ET2x8vFkB9,Anointed,2kNL5eBpFCpOQu81GJ4lZb,Jovi Ton,3901,4,2021-05-27,day,1,2023-12-19
0.82,0.567,9,-5.5,0,0.307,0.155,0.0,0.116,0.435,102.095,188235,4,7kW5uZEK1blSw8hixyj2pt,Doh Violate,277jOUSGN5AKoZoDxvfmUP,Young Star 6ixx,14925,27,2021-09-02,day,5,2023-12-19
0.725,0.403,1,-11.255,0,0.449,0.124,0.0,0.175,0.421,191.919,162500,4,0wA7cIqnnXlmkjKwnJYSIr,Bad Bro,"11ppP1jeJcAGeXHJjLgQcE,6QJrx4J9XqIxXUBhacoJHC,3JyKWUithZB7zOSmIdu9po","Kyler,Medz Boss,Born King","578,33706,2","6,26,0",2021-08-31,day,5,2023-12-19
0.834,0.592,9,-5.881,0,0.314,0.118,0.0,0.107,0.349,102.025,188235,4,1UOjpd7XuvfBSCxXjAoBYp,Nuh Play,52hLbiHfJsarTXovhOd3qC,Wacko Dan,16452,32,2021-08-30,day,15,2023-12-19
0.632,0.509,8,-11.921,1,0.0717,0.505,6.34e-06,0.0989,0.397,92.968,190968,4,1cSqJvkVpfmIdOibJabcwq,Let My Light Shine,2kNL5eBpFCpOQu81GJ4lZb,Jovi Ton,3901,4,2021-06-27,day,0,2023-12-19
0.749,0.578,8,-7.825,1,0.0338,0.184,0.0,0.0881,0.591,106.974,188411,4,2X6DmfBzsRtsJWkH83kukO,No Turning Back,2kNL5eBpFCpOQu81GJ4lZb,Jovi Ton,3901,4,2021-07-04,day,1,2023-12-19
0.439,0.701,5,-3.938,0,0.0702,0.706,0.0,0.173,0.312,100.489,221143,3,6jTsLejWZiJOcc3WvtdfIu,Ungrateful,2Jv0w50BNaGlwnXpq69HGm,Prince Swanny,110479,42,2021-09-14,day,26,2023-12-19
0.68,0.434,8,-11.991,1,0.399,0.518,4.88e-05,0.154,0.563,101.125,189600,4,75DIyvYaDZoAjkZJ7bEezB,Thoughts,7f7sbIc0DpHIv84c7MG098,Toppy Boss,3095,10,2021-09-18,day,3,2023-12-19
0.625,0.573,6,-6.459,1,0.437,0.379,0.0,0.0955,0.369,103.758,133937,4,26l678EVcreaA1K5Zcv9L0,Alotta heat,0Axhoeh7NOjZu0Xl1lEov6,Sif Sose,127,7,2021-09-24,day,1,2023-12-19
0.716,0.609,6,-9.258,1,0.398,0.424,0.0,0.135,0.587,97.184,122500,4,798J6mwkQgOncRTVE9ddOR,Toppy Boss (Otf),"2Tfe5UdBBWDTGkGwPzblJQ,26C1fVbHtktFDqWFEmHv3E,5kxHvSq3Ts3W0bO0TgWxwE","Toby Boss Ent,Pop Off,Draggy 9","4105,1,0","24,0,0",2021-09-13,day,2,2023-12-19
0.939,0.618,4,-7.157,1,0.127,0.494,0.0,0.0785,0.707,116.9,155897,4,2pDKi2XrwCF9hSoQowuAEv,Berzerk,28aeXnDdKLtyUB2rrzZBei,Kj Productions,166,1,2021-09-10,day,0,2023-12-19
0.76,0.57,10,-10.091,0,0.45,0.197,0.0,0.214,0.439,96.06,122500,4,5l8FxAQBJJRSxNp0NiuIGZ,Broad Day,52hLbiHfJsarTXovhOd3qC,Wacko Dan,16452,32,2021-08-25,day,10,2023-12-19
0.921,0.497,7,-13.406,1,0.298,0.454,0.00106,0.132,0.559,110.025,142909,4,7eShbgIo5bNdQEiJqLqSL0,Brawling,4VF0sdPSFLYdVWF6FRK6OK,Father Philis,9795,28,2021-03-23,day,33,2023-12-19
0.796,0.496,11,-10.414,1,0.336,0.423,0.0,0.146,0.594,100.152,144000,4,7hTezwuwg21I6uku6xCQ3t,Chucky (Bad Up & Bully),2Tfe5UdBBWDTGkGwPzblJQ,Toby Boss Ent,4105,24,2021-08-28,day,14,2023-12-19
0.584,0.563,3,-9.939,0,0.459,0.338,3.18e-06,0.0983,0.589,128.634,122500,5,5vRDczJ6jTRFQmuKYbQcp9,Fari Dan (Up Again),2Tfe5UdBBWDTGkGwPzblJQ,Toby Boss Ent,4105,24,2021-08-29,day,2,2023-12-19
0.704,0.529,10,-9.867,0,0.331,0.107,0.0,0.197,0.506,96.473,122500,4,1UHsGPu4kJ1s1cGyLgkM4h,Siah Boss (Warn Dem),2Tfe5UdBBWDTGkGwPzblJQ,Toby Boss Ent,4105,24,2021-08-26,day,2,2023-12-19
0.856,0.52,10,-9.825,0,0.461,0.259,8.84e-06,0.0744,0.497,96.038,122500,4,3ePx4JLERNg3greGf1GlFA,Magic (Squeeze Trigger),2Tfe5UdBBWDTGkGwPzblJQ,Toby Boss Ent,4105,24,2021-08-26,day,1,2023-12-19
0.921,0.515,10,-10.017,0,0.283,0.313,0.0,0.0963,0.522,96.047,122500,4,511anngk6AYgBI7an2mLJp,TMan (Knoc Dem),2Tfe5UdBBWDTGkGwPzblJQ,Toby Boss Ent,4105,24,2021-08-26,day,1,2023-12-19
0.602,0.526,10,-9.823,0,0.486,0.223,0.0,0.163,0.622,94.251,122500,4,09J6kpJhJ2IPVxHvCBVSxL,Raw Lyfe (Parabellum),2Tfe5UdBBWDTGkGwPzblJQ,Toby Boss Ent,4105,24,2021-08-26,day,2,2023-12-19
0.603,0.648,10,-9.742,0,0.383,0.338,4.69e-06,0.22,0.451,127.718,122500,5,2mis84Tyr8OGbEjl44it4m,Clevin Don (Why Me),2Tfe5UdBBWDTGkGwPzblJQ,Toby Boss Ent,4105,24,2021-08-26,day,0,2023-12-19
0.665,0.672,8,-7.492,0,0.312,0.468,0.0,0.194,0.65,101.717,117696,4,1pQvynV3GQz7SrZUvWuetz,30 Mil Freestyle,6CxUKwVnCBKKP60XMvnMOL,Jahllano,19787,24,2021-09-30,day,27,2023-12-19
0.868,0.662,9,-7.881,1,0.398,0.544,0.0,0.155,0.379,120.04,229018,4,22LD7YOvOwoFQxV4T71Z6w,Destruction,7f7sbIc0DpHIv84c7MG098,Toppy Boss,3095,10,2021-10-06,day,5,2023-12-19
0.687,0.683,1,-6.957,1,0.363,0.283,0.0,0.0787,0.564,192.072,155063,4,0FzRMr7qIiyo6vQpLwfsz4,Tman (Real Brother Tribute),2Tfe5UdBBWDTGkGwPzblJQ,Toby Boss Ent,4105,24,2021-10-02,day,1,2023-12-19
0.918,0.414,4,-7.678,0,0.334,0.347,0.00223,0.149,0.523,106.066,168072,4,7xGfiwicUA7O4IweGY8OLo,Paranoid,277jOUSGN5AKoZoDxvfmUP,Young Star 6ixx,14925,27,2021-10-15,day,7,2023-12-19
0.646,0.768,10,-3.764,0,0.289,0.512,0.0,0.0659,0.555,99.094,179592,4,2WCEZ5VMC0lgN8HJQwWsaj,Break Me Down,3mcmXmpjr301UeCF2CRZLu,Rebel,8678,28,2019-11-15,day,19,2023-12-19
0.749,0.699,10,-3.706,0,0.183,0.516,4.88e-05,0.131,0.181,103.852,159295,4,53aYg8fIX6bmVZcnW5W6bs,Slowly,7f7sbIc0DpHIv84c7MG098,Toppy Boss,3095,10,2021-10-24,day,17,2023-12-19
0.611,0.593,2,-7.571,1,0.381,0.26,0.0,0.153,0.665,62.459,192000,5,1DHqUAJk0C1v1Xcdh60vFt,Top Ah Di Line,6CxUKwVnCBKKP60XMvnMOL,Jahllano,19787,24,2021-10-14,day,8,2023-12-19
0.561,0.35,1,-11.546,0,0.153,0.192,0.0665,0.125,0.0727,74.687,156000,3,5coLvdB79XTrunoOPWv7ub,Life Story,"4KIMqkoEaNcjMUUjmmXCNV,59r1CoioEBmm5ngktFs1pd","Showtime Empire Studio,Brad!","12,863","0,0",2021-10-15,day,0,2023-12-19
0.526,0.358,1,-10.68,0,0.234,0.11,2.75e-06,0.142,0.126,75.08,160800,3,205ZEHPQbZeFc6H2SetOle,Who Tell Dem (Life Stoy Riddim),"4KIMqkoEaNcjMUUjmmXCNV,7zzyarLHPuEWGtDCYTEgep,1qck5CUFsowcLY43YPqZjI","Showtime Empire Studio,Jza King,KIMI","12,0,417","0,0,13",2021-09-29,day,1,2023-12-19
0.753,0.347,1,-11.585,0,0.105,0.141,0.0816,0.172,0.0782,100.167,156000,4,7851Kq3GKhujVzmtugBhH7,Tribute,"4KIMqkoEaNcjMUUjmmXCNV,2Wa6zAOhYYzis4a2bgUMdF","Showtime Empire Studio,Vers","12,0","0,0",2021-10-15,day,0,2023-12-19
0.852,0.587,6,-6.596,0,0.237,0.0696,0.0,0.111,0.497,97.952,240000,4,2w8VY8xmgUpVa1FMU0MyE6,Extinction,6Iym59CxrdzsxIn9LPFR9n,Gskell,4607,9,2021-10-31,day,1,2023-12-19
0.77,0.716,6,-3.55,1,0.362,0.295,0.0,0.0892,0.739,130.642,192052,5,4xcFgijxmTyqNWlXV6YnqC,Know Bout,363rd3ZlAT1FYFhYLFzK6L,Rondo,4023,12,2021-10-23,day,2,2023-12-19
0.558,0.163,2,-10.058,1,0.17,0.431,0.0,0.112,0.0349,129.62,252571,5,04vl0DHQ7C44gqDPy8GWCw,Murder Toll,"2E6caRkyK2t9naKzpZsvow,0LyfQWJT6nXafLPZqxe9Of,7jZORL7b8NFAgQaUquDAOX","TAFARI,Various Artists,HEZEFRM3","42,2320376,0","0,0,0",2021-09-24,day,2,2023-12-19
0.542,0.659,1,-4.051,0,0.377,0.293,0.0,0.174,0.263,66.713,172800,3,072dsNMTBLIKFXQlzm2L6W,Homicide,"2fhaT9yNhCjDToMNARiwFy,0LyfQWJT6nXafLPZqxe9Of","YOUNG STAR SIXX,Various Artists","11,2320376","0,0",2021-09-24,day,0,2023-12-19
0.748,0.487,2,-9.317,1,0.386,0.0209,0.0,0.0995,0.672,99.847,235200,4,6ZNBKX5WqbCEEPa1l9vWkj,Influential,6Iym59CxrdzsxIn9LPFR9n,Gskell,4607,9,2021-11-08,day,1,2023-12-19
0.925,0.597,1,-7.79,1,0.124,0.0436,8.26e-05,0.094,0.578,110.04,145843,4,7KkeNLBiXuxJF4D9DhLWvv,"Titanic, Pt. 2",5tr6GdAE9bwCqYuLXUwIhd,Toppy Boss,7891,3,2021-09-24,day,0,2023-12-19
0.668,0.645,6,-7.246,0,0.239,0.495,0.0,0.181,0.367,99.753,172852,4,2QTla9ZHldx9QumtdCOx9R,Link,"52bTYinDO5AvzhQ3ulzkWW,5bQJMoWZ2Xd70Daa1LakVD","Killoboss6ixxx,Toppy Boss","8,1","0,0",2021-07-14,day,0,2023-12-19
0.798,0.57,1,-8.85,1,0.323,0.159,0.0,0.11,0.714,101.707,160000,4,7usQyUPPeR0g5mqInA2aou,"Gunman in She Hole, Pt.2","1urq8kMcszfaha2Ebjrzgx,388w2rhZy1nTRExLrlYVQc","Trinidad Killa,Punz","1271,133","20,6",2021-11-03,day,24,2023-12-19
0.912,0.534,2,-8.79,0,0.412,0.412,0.0,0.135,0.671,100.054,170400,4,5EAUoyi9efDfWWsDuxaFnh,Machine,1AKDQSYf0qjiy6b5z8z1KZ,Young General,235,4,2021-08-21,day,4,2023-12-19
0.551,0.794,9,-3.694,1,0.0819,0.197,0.0,0.12,0.196,88.265,200097,4,2QuVqxrW5IY33VsPMmRuVE,Greed,"0vJGJHGCbOXAUAd7L1mKF0,1fvFPEXKwHYKtAp3kwQlc1","Logiq,Isasha","1294,2342","8,16",2021-09-15,day,18,2023-12-19
0.804,0.58,7,-7.673,1,0.0762,0.736,0.0,0.0929,0.298,106.917,120372,4,4fzWtPr5E0p3jMjzk0fkrL,Fully Evil,40hfAj6oxHglI5VyqaLZ6C,M Vik,86,1,2021-08-17,day,1,2023-12-19
0.576,0.525,5,-10.164,0,0.31,0.0308,0.0,0.108,0.151,105.202,203494,4,4VMp2y2PuHly1yaCy8ZeB1,Better Days,45NxtETWPvuCA56m3uItKW,Shorto,28,0,2021-08-09,day,0,2023-12-19
0.977,0.754,9,-6.958,1,0.268,0.513,0.00401,0.0895,0.779,114.999,151808,4,5YfoN6FOO5vmfXXbN0S8IF,Gyal Jus Cum,1UofgHnwA2w0Ae2psOv8rN,Trinidad Ghost,2487,22,2020-04-23,day,15,2023-12-19
0.912,0.686,1,-6.244,1,0.226,0.114,0.0,0.391,0.909,130.506,78955,4,76ykXFstMeZxnMYPJ3ew2e,Rockin Chair,10AVFI86WCq4tNhY31g6FL,Yung Bredda,34900,38,2021-10-29,day,36,2023-12-19
0.7,0.535,5,-8.626,0,0.54,0.569,0.0,0.108,0.474,107.025,182581,4,2hOY9DuZYK9qjRNsp9Vinc,Strange,"52hLbiHfJsarTXovhOd3qC,1HyoBVv7XLRzydEFGKeJON","Wacko Dan,Young General","16452,9","32,6",2021-11-21,day,23,2023-12-19
0.872,0.533,7,-6.654,0,0.219,0.791,0.0,0.104,0.61,105.917,190250,4,4XTFFESBjiTsMHWDrk9Sjt,Thugs Roll,2FTEciQYTjn5BLWuyOTGzP,Boyo Boss,168,0,2021-05-27,day,5,2023-12-19
0.621,0.513,1,-9.047,0,0.381,0.306,0.0,0.373,0.313,130.225,157710,5,7LtbAmxzq6zxzF7IAZkToQ,Homicide,7xMIYIFmEBrQAMnvQj7HXg,Young Star Sixx,25,0,2021-11-17,day,0,2023-12-19
0.688,0.314,1,-13.549,1,0.436,0.284,0.0,0.0895,0.0457,131.752,215770,5,6bBfMRk2Y422YT8P6Z8IVK,Prosper,2Jd4rUFlIWzOrgbaSj1BiD,Keefff,37,3,2021-10-30,day,1,2023-12-19
0.585,0.441,2,-11.355,0,0.114,0.242,0.0,0.118,0.292,121.125,167640,4,5TgD3FO3rwK9biqYX1ivH7,Stay Alive,3pPgwvbgVrOKUzkGdDiyGc,Shaba Dan,4,0,2021-01-25,day,0,2023-12-19
0.536,0.669,9,-6.157,0,0.381,0.118,0.0,0.113,0.296,84.573,207059,3,31wNnsN4d234FhOuhqAesO,Darkness (Official Audio),1AKDQSYf0qjiy6b5z8z1KZ,Young General,235,4,2021-11-25,day,1,2023-12-19
0.625,0.59,1,-5.777,0,0.416,0.56,0.0,0.154,0.41,133.444,165669,5,2RJ9wLVb3tbk1IAyZZOwt2,One Mission,277jOUSGN5AKoZoDxvfmUP,Young Star 6ixx,14925,27,2021-11-25,day,9,2023-12-19
0.68,0.651,11,-6.456,0,0.113,0.492,0.0,0.203,0.245,150.106,182465,4,0qSWSU06JkS6PTce0id6Ql,Relentless ZTG,2Jv0w50BNaGlwnXpq69HGm,Prince Swanny,110479,42,2021-12-03,day,34,2023-12-19
0.496,0.396,8,-11.758,1,0.227,0.178,0.00057,0.076,0.283,121.183,200072,5,2lWtKh98gNMfQcTi7ttFB3,Show Me,"07BobxdfcxRkyz9bhhcvUy,2uXytzsWyyjXiAaQQ5O0s3","Tj Melody,Pablo Dan","8,2842","0,5",2021-11-16,day,0,2023-12-19
0.546,0.545,8,-5.331,0,0.336,0.525,0.0,0.102,0.391,193.595,188041,4,0zMwKcBRleYcvAK6OtMpAW,Nuh Fear Dem,7Cp6h3fC0PPecAmsSb2lRJ,Bobo & Beans,1064,3,2021-06-17,day,12,2023-12-19
0.949,0.576,1,-4.204,1,0.236,0.134,0.0,0.0876,0.551,109.995,141818,4,2ackGyfOndWZT1jmrdqjLx,Activate,7Cp6h3fC0PPecAmsSb2lRJ,Bobo & Beans,1064,3,2021-05-29,day,4,2023-12-19
0.575,0.726,5,-6.08,0,0.298,0.0504,3.58e-06,0.182,0.392,101.973,208600,4,7wPH2Plr7Izg6a8e5e1FCi,Wow - Remix,"5tr6GdAE9bwCqYuLXUwIhd,710P6hrWqHnZ6zA3wNdGre,6UsCuzFNa4JLDTfsNQNOFz","Toppy Boss,Lampshade Muzic,Shawn Storm","7891,111,57811","3,16,24",2021-12-17,day,1,2023-12-19
0.628,0.505,6,-5.192,0,0.279,0.306,0.0,0.124,0.115,93.012,185806,4,5LvysDtkCMIH23aaahs6o9,SOLDIER,2Jv0w50BNaGlwnXpq69HGm,Prince Swanny,110479,42,2021-12-10,day,24,2023-12-19
0.698,0.601,4,-5.047,0,0.074,0.803,0.0,0.109,0.284,76.016,191112,4,6wq2jrbSJkuMS6LIckbefS,Bad & Clean,2Jv0w50BNaGlwnXpq69HGm,Prince Swanny,110479,42,2021-12-24,day,33,2023-12-19
0.748,0.577,0,-8.277,0,0.139,0.785,5.67e-06,0.109,0.64,97.963,164153,4,4ok8TXLkfwX2CGW6zyk5Yi,Best Move,2Jv0w50BNaGlwnXpq69HGm,Prince Swanny,110479,42,2021-12-27,day,29,2023-12-19
0.588,0.622,1,-6.05,0,0.42,0.0581,0.0,0.234,0.786,147.098,161255,5,4NOCgsUsfZZqLmPX9dym7n,Crocodile Teeth Freestyle,0Axhoeh7NOjZu0Xl1lEov6,Sif Sose,127,7,2022-01-06,day,3,2023-12-19
0.525,0.528,10,-7.549,0,0.0634,0.12,0.0,0.209,0.198,66.707,148800,3,4KcW0ELaO2mSB258X2U1wk,Young Star 6ixx (Torment),2Tfe5UdBBWDTGkGwPzblJQ,Toby Boss Ent,4105,24,2022-01-04,day,5,2023-12-19
0.457,0.636,10,-8.289,0,0.159,0.152,0.0,0.143,0.0811,73.354,146400,3,6g9NPsD5moMoEg91Obay8m,Wacko Dan (69),2Tfe5UdBBWDTGkGwPzblJQ,Toby Boss Ent,4105,24,2022-01-04,day,4,2023-12-19
0.672,0.63,10,-8.565,0,0.293,0.155,0.0,0.106,0.0619,71.746,146400,3,4kfDZ1WGpZHNanbCkBLP7u,Tytan (Ready),2Tfe5UdBBWDTGkGwPzblJQ,Toby Boss Ent,4105,24,2022-01-04,day,2,2023-12-19
0.7,0.646,10,-8.899,0,0.281,0.558,0.0,0.0773,0.101,124.851,146400,5,11mbeLLe88Gjzt9lNx5FNU,Tman (Buss Head & Laugh),2Tfe5UdBBWDTGkGwPzblJQ,Toby Boss Ent,4105,24,2022-01-04,day,2,2023-12-19
0.628,0.604,10,-7.893,0,0.314,0.181,0.0,0.0928,0.118,127.451,147000,5,35tlIUOxHFmheDpyIhv7ru,Raw Lyfe (Fury),"2Tfe5UdBBWDTGkGwPzblJQ,6MVeUEtni8vBYtIs9jy2ZK","Toby Boss Ent,B6","4105,32","24,3",2022-01-04,day,4,2023-12-19
0.71,0.701,10,-7.897,0,0.253,0.278,1.62e-06,0.106,0.141,68.199,146400,3,3yFfNkwOBElkUaGKM13MXy,Clevin Don (Squid Game),2Tfe5UdBBWDTGkGwPzblJQ,Toby Boss Ent,4105,24,2022-01-04,day,1,2023-12-19
0.638,0.517,10,-8.693,0,0.122,0.157,0.835,0.104,0.0646,99.966,146400,4,5tOf2AHuz5wUMxnoHACGZD,Short Boss (Hk Bomber),2Tfe5UdBBWDTGkGwPzblJQ,Toby Boss Ent,4105,24,2022-01-04,day,1,2023-12-19
0.659,0.674,10,-5.683,0,0.201,0.22,0.0,0.111,0.0883,133.519,146336,5,4zSqXnvfhbUGng5RHjlc01,Splinter(Bravery),2Tfe5UdBBWDTGkGwPzblJQ,Toby Boss Ent,4105,24,2022-01-04,day,1,2023-12-19
0.749,0.582,10,-10.376,0,0.378,0.167,0.0,0.0827,0.438,133.367,146469,5,2daxB0rJ20838eIerTsa97,Wacko Dan & Siah Boss (Dem Scared),2Tfe5UdBBWDTGkGwPzblJQ,Toby Boss Ent,4105,24,2021-12-20,day,4,2023-12-19
0.716,0.535,10,-11.092,0,0.499,0.411,0.0,0.0793,0.334,127.331,146469,5,3lGPdksR0kk8hJZeBbbbWN,Riima Dan (Nuh Trust Dem),2Tfe5UdBBWDTGkGwPzblJQ,Toby Boss Ent,4105,24,2021-12-20,day,1,2023-12-19
0.703,0.5,10,-10.496,0,0.478,0.248,0.0,0.0998,0.365,126.82,148872,5,59gVEfJY7LQeXKJiXsQRau,Tytan (C.l.k),2Tfe5UdBBWDTGkGwPzblJQ,Toby Boss Ent,4105,24,2021-12-20,day,1,2023-12-19
0.744,0.502,10,-10.139,0,0.588,0.403,0.0,0.105,0.336,133.343,148872,5,02kS01VM5qQu7cFuyXmcuQ,Tman (3 Mad Dogs),2Tfe5UdBBWDTGkGwPzblJQ,Toby Boss Ent,4105,24,2021-12-20,day,3,2023-12-19
0.641,0.534,1,-9.524,1,0.468,0.387,0.0,0.112,0.352,131.147,146469,5,6lqrgz0EJhG811wX3didKZ,Stewie (Boss Blur Papper),2Tfe5UdBBWDTGkGwPzblJQ,Toby Boss Ent,4105,24,2021-12-20,day,0,2023-12-19
0.812,0.579,10,-11.422,0,0.176,0.284,0.000128,0.168,0.239,133.683,146469,5,0WX7aBONygm9jxtC3cSAbz,Stumpy (Tell Me This),2Tfe5UdBBWDTGkGwPzblJQ,Toby Boss Ent,4105,24,2021-12-20,day,0,2023-12-19
0.663,0.521,10,-11.293,0,0.192,0.142,0.00237,0.0962,0.2,130.365,146469,5,277cXmsdVvYRXKTN9hONBl,Raw Lyfe (Numb),2Tfe5UdBBWDTGkGwPzblJQ,Toby Boss Ent,4105,24,2021-12-20,day,0,2023-12-19
0.914,0.606,10,-8.465,0,0.398,0.27,6.99e-06,0.0966,0.345,133.173,146469,5,4cBqSbVwZp0VHRc4pId1Tj,Short Boss (Savage),2Tfe5UdBBWDTGkGwPzblJQ,Toby Boss Ent,4105,24,2021-12-20,day,1,2023-12-19
0.887,0.544,3,-5.589,0,0.172,0.732,9.01e-06,0.103,0.457,104.928,240048,4,4v4cexV51FzdjewwG2zUT4,Trenches,277jOUSGN5AKoZoDxvfmUP,Young Star 6ixx,14925,27,2022-01-06,day,25,2023-12-19
0.763,0.461,8,-9.449,0,0.146,0.592,0.0,0.101,0.41,96.833,157785,4,61O7u1O9C2qeyGq5zdfymS,BRAVE,7c8WSGTjxRP9sOob1KukJA,Kalonji,32939,29,2022-01-05,day,23,2023-12-19
0.55,0.63,8,-7.527,1,0.49,0.67,0.0,0.0942,0.652,90.524,189600,4,2QLGHovsEtxfjij6UFvLMY,Make It,7IbkKTNpBj7MORRdt3oge3,Zerimar,29786,33,2021-12-09,day,37,2023-12-19
0.515,0.56,1,-5.871,0,0.277,0.12,0.0,0.077,0.752,78.145,189600,3,1pZTHJQTLbGhqUaZQ8Itzu,Klean,7IbkKTNpBj7MORRdt3oge3,Zerimar,29786,33,2021-12-09,day,20,2023-12-19
0.559,0.663,1,-6.275,0,0.44,0.669,0.0,0.117,0.327,176.322,200455,4,51TxNNwgVh2ivfJYZGW7b6,Love Until Death,7IbkKTNpBj7MORRdt3oge3,Zerimar,29786,33,2021-12-09,day,19,2023-12-19
0.618,0.6,1,-7.765,1,0.437,0.538,0.0,0.122,0.523,116.636,200455,5,6fQ59rI47r4ghEUSw5Wbsu,Buss Gun,7IbkKTNpBj7MORRdt3oge3,Zerimar,29786,33,2021-12-09,day,17,2023-12-19
0.619,0.682,8,-3.698,1,0.417,0.616,0.0,0.107,0.423,135.897,207059,5,316xVpDm6Z7P69klTIEWpC,A Few,7IbkKTNpBj7MORRdt3oge3,Zerimar,29786,33,2021-12-09,day,24,2023-12-19
0.629,0.475,6,-9.571,0,0.494,0.18,0.0,0.116,0.539,66.224,182442,5,3Bn2Y5z3KXOX1OUS8Yqpjv,Part Of Life,52hLbiHfJsarTXovhOd3qC,Wacko Dan,16452,32,2021-12-27,day,20,2023-12-19
0.842,0.228,6,-16.401,1,0.342,0.281,8.84e-05,0.101,0.253,103.029,135158,4,7LbwcipwisUianMTFNgPH7,1AM Freestyle,277jOUSGN5AKoZoDxvfmUP,Young Star 6ixx,14925,27,2021-12-31,day,5,2023-12-19
0.812,0.457,2,-7.895,0,0.176,0.324,0.0,0.369,0.469,99.107,155154,4,0mfQuuhIDHD6ZzeWPUGUAt,Talk Less,"52hLbiHfJsarTXovhOd3qC,6Iym59CxrdzsxIn9LPFR9n","Wacko Dan,Gskell","16452,4607","32,9",2021-12-27,day,10,2023-12-19
0.815,0.468,11,-10.806,0,0.34,0.165,1.56e-05,0.0968,0.231,100.053,173750,4,18ZJFI1qb1ESHt5bWEjhDN,OTF,"52hLbiHfJsarTXovhOd3qC,0JcdxX5zHvwTpEdvqp5M8C","Wacko Dan,Wildlife Pettodene","16452,1045","32,10",2021-12-26,day,8,2023-12-19
0.697,0.609,7,-3.209,1,0.404,0.0399,0.0,0.283,0.528,193.851,201400,4,6KQ3xZUZcG219ExRnAXkUM,Legacy Live On,"3r8Hq14XJAyy6K8mlBs2s5,710P6hrWqHnZ6zA3wNdGre,3Dnqbxd8TK6AJu4n29nBhm,0IYgOcukUpbC4nISgoVfg9","Rebel Sixx,Lampshade Muzic,Franco Wildlife,Bobby 6ix","50069,111,11349,16622","32,16,23,16",2022-01-14,day,12,2023-12-19
0.906,0.677,10,-5.97,0,0.21,0.0445,0.0,0.13,0.416,103.041,153507,4,6B3FJdLfDFShcDhiwLHYUR,bad habits,"11ppP1jeJcAGeXHJjLgQcE,5XZH46hzlppbhm3dhBYidh","Kyler,rebel six","578,1","6,0",2022-01-05,day,0,2023-12-19
0.726,0.394,0,-8.964,0,0.101,0.445,4.93e-06,0.109,0.47,97.95,161020,4,2hbZUXjFAe2cYynYnn1xXc,Heaven on Earth,10AVFI86WCq4tNhY31g6FL,Yung Bredda,34900,38,2022-01-14,day,26,2023-12-19
0.939,0.58,10,-12.566,1,0.149,0.167,0.0,0.11,0.631,110.044,176000,4,6PrC1vV0f5rPFiUzd88DTe,Welcome to the East,4Kon1xTUGgEL83OSXKJSbl,Gartar Boss,12,0,2022-01-07,day,1,2023-12-19
0.632,0.37,6,-13.585,0,0.37,0.269,0.0,0.179,0.262,130.718,235651,5,3X641qe0xWK8sygUNf4ezE,Evil To Inno,7tnzhcb2y0dtPFIFVTp0A4,Tafari,25770,22,2022-01-13,day,15,2023-12-19
0.877,0.451,4,-11.681,1,0.391,0.547,0.0,0.0838,0.659,94.942,120629,4,32AbwCiY9pU4CwCvqZosEK,Everybody Is Involved,"2JC7YH9Umra4Zc8mseZsRD,7tnzhcb2y0dtPFIFVTp0A4","Going Global Records,Tafari","8531,25770","35,22",2022-01-14,day,10,2023-12-19
0.883,0.664,5,-6.633,0,0.23,0.229,0.0,0.259,0.558,109.044,139534,4,3nQQIDKl6mWZKnV1kHbkX9,Boomland Pt2,"2JC7YH9Umra4Zc8mseZsRD,4OAh7q2iOF6YICeoDbn0CS","Going Global Records,Toppy Boss","8531,19","35,3",2022-01-14,day,7,2023-12-19
0.653,0.474,1,-7.199,0,0.367,0.424,0.0,0.106,0.427,106.015,185049,4,3pArY02FsNGiFHPc9M7NPH,Send Them,"2JC7YH9Umra4Zc8mseZsRD,277jOUSGN5AKoZoDxvfmUP,52hLbiHfJsarTXovhOd3qC","Going Global Records,Young Star 6ixx,Wacko Dan","8531,14925,16452","35,27,32",2022-01-14,day,6,2023-12-19
0.847,0.477,3,-10.452,0,0.641,0.51,0.0,0.118,0.222,95.985,145320,4,4Y4B4LvfDWTxyAzqoAouAr,123,"2JC7YH9Umra4Zc8mseZsRD,277jOUSGN5AKoZoDxvfmUP,4OAh7q2iOF6YICeoDbn0CS","Going Global Records,Young Star 6ixx,Toppy Boss","8531,14925,19","35,27,3",2022-01-14,day,14,2023-12-19
0.819,0.576,1,-5.984,0,0.378,0.691,0.00212,0.101,0.341,109.928,160366,4,1gQUk1cSy8IDbLg3EjYSfW,Money Guns & Bitches,"2JC7YH9Umra4Zc8mseZsRD,4OAh7q2iOF6YICeoDbn0CS","Going Global Records,Toppy Boss","8531,19","35,3",2022-01-14,day,2,2023-12-19
0.521,0.716,9,-7.961,1,0.375,0.0417,3.18e-06,0.304,0.132,104.454,175842,4,2PdlVM6bgXMe8n5nEGk5DH,OTF,2kNL5eBpFCpOQu81GJ4lZb,Jovi Ton,3901,4,2022-01-14,day,2,2023-12-19
0.876,0.703,0,-9.258,1,0.248,0.367,0.0,0.204,0.904,115.44,78255,4,7LV2r7VzJVe7agrOzAfXGS,Trampoline,10AVFI86WCq4tNhY31g6FL,Yung Bredda,34900,38,2021-06-04,day,31,2023-12-19
0.859,0.595,5,-6.108,0,0.0894,0.478,0.0,0.125,0.649,99.988,176064,4,3M1EFL1seAIoxW41iQ8kHy,Steph Curry,277jOUSGN5AKoZoDxvfmUP,Young Star 6ixx,14925,27,2021-12-16,day,3,2023-12-19
0.898,0.587,6,-10.282,0,0.165,0.121,1.13e-06,0.085,0.732,104.987,173593,4,1ZjWinyjeZvIdNrqQg82Dr,Freak Out,"0PC8mhJwp2zZ8XFELC95bA,2SeCsPep6yGO1MR619XEDt","Cj Dan,Flanka","36,255","1,1",2021-12-24,day,1,2023-12-19
0.431,0.686,6,-7.294,0,0.156,0.153,0.000734,0.209,0.173,100.627,201665,4,63pFTs3s5Zv3R8eJHNOTWy,Badder Than You,"2CzDoKM72K2fdbbtnAVtlJ,2uXytzsWyyjXiAaQQ5O0s3","Teejah,Pablo Dan","3411,2842","2,5",2022-01-05,day,4,2023-12-19
0.515,0.523,9,-11.327,0,0.0686,0.244,4.59e-05,0.197,0.273,130.31,244898,5,5LgMMOIr7gcmd3hNrdIIm9,Vengeance,0PC8mhJwp2zZ8XFELC95bA,Cj Dan,36,1,2021-06-11,day,2,2023-12-19
0.514,0.667,7,-9.514,0,0.474,0.0146,0.0,0.127,0.218,178.295,143464,4,0ZVIJMgGYbYeM64H3W6gHq,First Born,7zow5Va8ESrfnxvUF62HRH,Icee Dan,7933,21,2022-01-21,day,1,2023-12-19
0.537,0.597,0,-11.107,0,0.38,0.273,0.0,0.108,0.576,100.763,165600,4,1VxDhSRfFJb7vwjKNeoVMY,No Feelings,7zow5Va8ESrfnxvUF62HRH,Icee Dan,7933,21,2022-01-21,day,0,2023-12-19
0.596,0.593,0,-7.779,1,0.482,0.397,0.0,0.127,0.544,144.343,164384,4,4xG7NAbB4G7NZNDQR9Tgn7,Y.W.E,7zow5Va8ESrfnxvUF62HRH,Icee Dan,7933,21,2022-01-21,day,2,2023-12-19
0.64,0.548,8,-8.075,1,0.566,0.47,0.0,0.0903,0.597,67.141,194667,3,7r8UXOarRAYyU7poG6h9mL,Honda,7zow5Va8ESrfnxvUF62HRH,Icee Dan,7933,21,2022-01-21,day,0,2023-12-19
0.646,0.716,4,-5.411,0,0.442,0.106,0.0,0.102,0.64,125.992,163240,5,6U5Od4sD8YwbLic53FZ3Xs,Badness Real,7zow5Va8ESrfnxvUF62HRH,Icee Dan,7933,21,2022-01-21,day,0,2023-12-19
0.501,0.405,10,-13.543,0,0.256,0.259,0.0,0.113,0.648,154.42,178064,4,2Wc1vEoLJXLStpHiyonTgB,Different,7zow5Va8ESrfnxvUF62HRH,Icee Dan,7933,21,2022-01-21,day,0,2023-12-19
0.766,0.57,11,-7.372,1,0.41,0.583,0.0,0.102,0.38,101.837,171765,4,4TPKCaXeUR6BcnBHO9TGnt,Run Di Globe,"7zow5Va8ESrfnxvUF62HRH,2SEQqHc0dPYjMrLjnOiRIF","Icee Dan,Power Genna","7933,1","21,0",2022-01-21,day,0,2023-12-19
0.572,0.54,1,-8.811,0,0.219,0.456,0.0,0.0845,0.429,86.537,184000,4,0VCkHkqcWoxFLFfb7kYHtV,Gangster Love,"7zow5Va8ESrfnxvUF62HRH,0gaDeIrKqptDCzEeT4GIGu","Icee Dan,Niyalee","7933,0","21,0",2022-01-21,day,1,2023-12-19
0.588,0.446,2,-11.66,1,0.516,0.0337,0.0,0.0911,0.202,93.514,165333,4,0RGL4PFuYHQZsHKyadmUsb,Trust,"7zow5Va8ESrfnxvUF62HRH,4UzseJvTrVnzMmzqpjJb7e","Icee Dan,Karmaa","7933,19","21,0",2022-01-21,day,1,2023-12-19
0.581,0.606,9,-9.12,0,0.241,0.284,0.0,0.095,0.287,121.448,186667,5,1ZWqPrnjydepTDHS4DdJlu,Things Change,7zow5Va8ESrfnxvUF62HRH,Icee Dan,7933,21,2022-01-21,day,0,2023-12-19
0.5,0.588,1,-9.647,1,0.308,0.629,0.0,0.128,0.493,144.07,191667,4,3h5Ekkfk0O3iqMprNxeoHa,Stronger,7zow5Va8ESrfnxvUF62HRH,Icee Dan,7933,21,2022-01-21,day,0,2023-12-19
0.395,0.498,7,-11.812,1,0.325,0.205,0.0,0.062,0.379,81.245,147273,1,3q8nB5N505tsw0yxYJV4Dl,Legendary,"7zow5Va8ESrfnxvUF62HRH,11ppP1jeJcAGeXHJjLgQcE","Icee Dan,Kyler","7933,578","21,6",2022-01-21,day,0,2023-12-19
0.627,0.542,5,-10.016,1,0.478,0.268,0.0,0.108,0.676,71.112,108048,3,6yEP1qNW7Yq8nGeIwfIuZY,PG 18+,0PC8mhJwp2zZ8XFELC95bA,Cj Dan,36,1,2022-01-01,day,1,2023-12-19
0.653,0.655,4,-4.677,0,0.37,0.284,0.0,0.536,0.652,70.577,136856,3,5hgjH457SZyy2OBU8pwV2B,Don't Judge,0JSBUUBuT8pbdbw1UZggSY,Tefflon,18911,28,2022-01-26,day,7,2023-12-19
0.601,0.419,1,-10.984,0,0.187,0.0738,0.0,0.115,0.0543,102.15,172069,4,6lVGz3xI0tM3IsU4VNaq0Z,GOOD,"4W1YDUIlG2VramwT3zKYah,7c8WSGTjxRP9sOob1KukJA","Mountainside Music,Kalonji","811,32939","3,29",2022-08-11,day,9,2023-12-19
0.63,0.788,7,-4.342,0,0.206,0.814,0.0,0.11,0.601,90.963,158511,4,6QTNJ4hvJuZ1BZ8jImhCQ5,SAVAGE,1XK7JEkEviy2mcbi1ljpaR,Zebee,2985,18,2022-02-04,day,29,2023-12-19
0.593,0.88,11,-3.738,0,0.47,0.285,0.0,0.358,0.613,116.808,172729,5,2X4SJJAqsbMiPo8vMTbFgO,Most Wanted,"6CxUKwVnCBKKP60XMvnMOL,5pzWFizoqhuhkImntBH12H","Jahllano,Pop Style","19787,358","24,23",2022-02-04,day,8,2023-12-19
0.837,0.305,7,-14.461,0,0.402,0.176,0.0,0.125,0.309,104.036,206438,4,1bwGXybqUcLpLhUnCSYoqQ,Fully Up,52hLbiHfJsarTXovhOd3qC,Wacko Dan,16452,32,2022-02-01,day,21,2023-12-19
0.627,0.618,9,-5.196,0,0.406,0.535,0.0,0.145,0.393,99.594,177600,4,4LY1I7Io97upocTSH2EYSR,Nuh Fear,2uXytzsWyyjXiAaQQ5O0s3,Pablo Dan,2842,5,2019-12-04,day,7,2023-12-19
0.962,0.575,6,-9.739,1,0.344,0.0718,0.0,0.1,0.557,109.988,159242,4,4L6NPDVM2hos2Rphxf9MYS,SUCK CUNT (RAW),144Zov1xqPMqpeCpTxrWWP,Trinidad Mad Man,1153,14,2021-03-20,day,22,2023-12-19
0.696,0.488,9,-6.537,0,0.068,0.402,0.0,0.138,0.36,92.005,232000,4,1yDFhPMMH8mFtN8FjF6jwo,In This Life,3y5QkoDaJHfqJobiWYplS3,Brad & Vers,540,0,2019-06-28,day,9,2023-12-19
0.575,0.713,7,-4.898,0,0.335,0.622,0.0,0.163,0.576,79.927,210783,3,3m2jp3vklDGDngu8jlKWhe,New Intel,7IbkKTNpBj7MORRdt3oge3,Zerimar,29786,33,2022-02-08,day,24,2023-12-19
0.887,0.701,5,-4.456,0,0.304,0.442,1.36e-06,0.0893,0.45,105.67,205923,4,4K82A9fgyNDNBH78IoRVZP,Mystery,"0y99Nr0Ysu2JSWqUqHoGb5,2DDEfzEolFuaKQ8Pmnnr9k","GSD Menace,Bobby Dan","99,1","0,0",2021-09-01,day,3,2023-12-19
0.732,0.809,10,-6.614,0,0.218,0.4,0.000175,0.195,0.578,146.078,164441,4,3kJvmPLdkM11dx3xJhJmrL,Evil and Dark,"7gPEv7OUsJZnu7yhXvXOCl,2BqkqcjWwdPWIMRy1bgpap","Asim,Pablo Dan","382,0","0,0",2022-02-08,day,0,2023-12-19
0.897,0.474,2,-9.652,1,0.322,0.503,0.0,0.0878,0.257,105.042,86256,4,6qCKYQfjmZtDl5BmRtX9Sc,Freestyle,"2JC7YH9Umra4Zc8mseZsRD,277jOUSGN5AKoZoDxvfmUP","Going Global Records,Young Star 6ixx","8531,14925","35,27",2022-02-11,day,33,2023-12-19
0.799,0.551,2,-10.775,0,0.205,0.718,0.0,0.0876,0.314,104.945,148571,4,6xn2xpprWdSyUv8IzmhSmn,Try Jesus,"2JC7YH9Umra4Zc8mseZsRD,4OAh7q2iOF6YICeoDbn0CS","Going Global Records,Toppy Boss","8531,19","35,3",2022-02-11,day,7,2023-12-19
0.883,0.457,2,-9.574,0,0.372,0.343,0.0,0.0926,0.132,105.124,148571,4,5xLAotti74uiWMut0XFLbg,Since When,"2JC7YH9Umra4Zc8mseZsRD,5n8bQpfGmSb1HcU2DSfefT","Going Global Records,Skem","8531,79","35,0",2022-02-11,day,3,2023-12-19
0.928,0.428,2,-11.112,0,0.332,0.281,0.0,0.0925,0.221,104.983,148571,4,7A4ZI9TUiJDuVEPxKKDapf,New K,"2JC7YH9Umra4Zc8mseZsRD,40hfAj6oxHglI5VyqaLZ6C","Going Global Records,M Vik","8531,86","35,1",2022-02-11,day,8,2023-12-19
0.75,0.292,7,-14.135,1,0.447,0.691,0.000147,0.113,0.686,94.626,172227,4,7KW4zjirMFkTCQKHuLgF2k,GET,"2JC7YH9Umra4Zc8mseZsRD,0y99Nr0Ysu2JSWqUqHoGb5,2DDEfzEolFuaKQ8Pmnnr9k","Going Global Records,GSD Menace,Bobby Dan","8531,99,1","35,0,0",2022-02-11,day,2,2023-12-19
0.682,0.526,7,-9.788,0,0.518,0.198,1.98e-05,0.0898,0.306,118.077,151425,4,1gIcdFAmUjcQUaoLp4Vszp,STK,"2JC7YH9Umra4Zc8mseZsRD,4LjT4i9cwSPFJ6EpudsgMR","Going Global Records,Malachii","8531,397","35,0",2022-02-11,day,6,2023-12-19
0.922,0.45,2,-10.999,0,0.408,0.438,0.0,0.345,0.208,105.053,173555,4,5jjeogeaLGS43zThkurWJN,Reverse The Hearse,"2JC7YH9Umra4Zc8mseZsRD,58GP6t4N8aiJkHTOM41ECz","Going Global Records,Plumpy Boss","8531,20294","35,29",2022-02-11,day,15,2023-12-19
0.633,0.701,2,-7.157,1,0.241,0.248,5.84e-06,0.123,0.307,99.799,187272,4,1zti1oDBOIp2VQIsBwXAbR,8:45,"2wFgrYh6XSnQHwRkOdJsB8,1AKDQSYf0qjiy6b5z8z1KZ","Enzo Ronin,Young General","10,235","0,4",2022-02-08,day,0,2023-12-19
0.771,0.397,1,-10.679,0,0.0911,0.052,0.0,0.188,0.0995,101.033,164188,4,5MZPh8WezU8gwLPIO2kB0l,Nah kill ah soul,1AKDQSYf0qjiy6b5z8z1KZ,Young General,235,4,2022-02-05,day,0,2023-12-19
0.703,0.691,10,-3.655,0,0.231,0.478,4.01e-05,0.132,0.177,103.98,159229,4,0n5dP6IQwiXyx4j52iPDtZ,Slowly,"2JC7YH9Umra4Zc8mseZsRD,4OAh7q2iOF6YICeoDbn0CS","Going Global Records,Toppy Boss","8531,19","35,3",2022-02-10,day,2,2023-12-19
0.798,0.727,3,-2.919,0,0.0471,0.0679,0.0,0.385,0.237,103.997,156921,4,2xo7Z7UTvku5vgbqvRx3ss,Fully Active,"2JC7YH9Umra4Zc8mseZsRD,7tnzhcb2y0dtPFIFVTp0A4","Going Global Records,Tafari","8531,25770","35,22",2022-02-10,day,7,2023-12-19
0.697,0.524,3,-8.412,0,0.401,0.0772,0.0,0.31,0.32,64.86,148167,5,6hpvTwUauzDduqpt5x3USP,Speak Fluent,"2JC7YH9Umra4Zc8mseZsRD,0UYwfX94ZK9z24YwIjANDD","Going Global Records,Mafi","8531,243","35,24",2022-02-10,day,1,2023-12-19
0.834,0.64,3,-4.056,0,0.0758,0.0651,0.000263,0.179,0.206,103.947,156921,4,1Yry2jkwyGVvCdsN0XtpCq,Savage,"2JC7YH9Umra4Zc8mseZsRD,277jOUSGN5AKoZoDxvfmUP","Going Global Records,Young Star 6ixx","8531,14925","35,27",2022-02-10,day,2,2023-12-19
0.62,0.512,3,-5.09,0,0.224,0.182,0.000455,0.111,0.0724,138.666,154614,5,5DWLz9pXSo9o2BKsnMeukK,Sick,"2JC7YH9Umra4Zc8mseZsRD,52hLbiHfJsarTXovhOd3qC","Going Global Records,Wacko Dan","8531,16452","35,32",2022-02-10,day,19,2023-12-19
0.551,0.592,11,-4.585,0,0.0551,0.871,0.0,0.12,0.538,145.075,240048,4,5Gzm3nV4Jg9w1PQPMAiZSi,Dominant,2Jv0w50BNaGlwnXpq69HGm,Prince Swanny,110479,42,2022-02-18,day,23,2023-12-19
0.748,0.492,2,-4.65,1,0.323,0.92,0.0,0.112,0.557,103.769,150000,4,0HsgZuIlwDfmSaEZNjlAtI,Chip Pun File,6QJrx4J9XqIxXUBhacoJHC,Medz Boss,33706,26,2022-01-14,day,17,2023-12-19
0.828,0.759,1,-6.047,1,0.0722,0.474,0.0,0.112,0.696,113.984,155789,4,5SlDIjQ3B2hvyMEv3oTeAN,Greatest,6QJrx4J9XqIxXUBhacoJHC,Medz Boss,33706,26,2021-11-05,day,8,2023-12-19
0.757,0.743,1,-4.789,1,0.102,0.495,0.0,0.113,0.603,113.265,155789,4,5FrH5MbBRm86z3xRyuEK27,See Meh Fall,2rKUiOCTXp1YYvsPLTed0P,2 Gun,111,1,2021-11-05,day,0,2023-12-19
0.769,0.779,1,-6.017,1,0.0449,0.332,0.0,0.206,0.377,113.966,145263,4,3y0f80dchJZ7ITcM8BbIRy,A Class Gyal,4cDQO3NM8cURew5tdHkfrd,Lawless,13254,28,2021-11-05,day,0,2023-12-19
0.637,0.73,3,-2.438,0,0.213,0.547,0.0,0.166,0.407,68.408,184800,5,5A5GSfw2X8pmEBNXEmZvsd,Bad Like We,58GP6t4N8aiJkHTOM41ECz,Plumpy Boss,20294,29,2022-02-23,day,24,2023-12-19
0.629,0.469,5,-9.109,0,0.59,0.202,0.0,0.59,0.327,98.96,120555,4,5Wf7YYyF4ypPtlsIwrsqiS,Big Guns,4GjfdRM9UmdLr6pxyLZrNV,Jeff Fullyauto,24446,37,2022-02-11,day,46,2023-12-19
0.542,0.467,10,-11.838,0,0.354,0.298,0.0,0.116,0.315,66.709,187488,5,6hEZPZ2LhlqLXuqZX0R1vO,Get Rich,2Jv0w50BNaGlwnXpq69HGm,Prince Swanny,110479,42,2022-03-11,day,25,2023-12-19
0.488,0.578,0,-6.425,0,0.366,0.769,0.000316,0.107,0.463,68.92,159184,3,0kMeVyvmcjzrCQ81yf5AzW,One Day,58GP6t4N8aiJkHTOM41ECz,Plumpy Boss,20294,29,2021-10-01,day,17,2023-12-19
0.564,0.473,3,-13.156,0,0.561,0.489,0.0,0.124,0.484,128.961,161633,5,2GTCHYLpnrsMY5JR2w3qTd,Get Ditch,7c8WSGTjxRP9sOob1KukJA,Kalonji,32939,29,2022-03-12,day,20,2023-12-19
0.58,0.427,7,-9.83,1,0.0775,0.88,0.0,0.121,0.359,96.091,195030,4,1wozOPQRw1FI0DjSpdH59E,Caribbean Beauty,7tnzhcb2y0dtPFIFVTp0A4,Tafari,25770,22,2022-03-09,day,7,2023-12-19
0.944,0.691,10,-3.577,0,0.263,0.155,0.0,0.0986,0.712,99.986,175256,4,51rvkgzEuNkYYaTMcLVIPN,Big Song,58GP6t4N8aiJkHTOM41ECz,Plumpy Boss,20294,29,2022-03-25,day,14,2023-12-19
0.675,0.49,1,-11.018,0,0.498,0.371,0.0,0.107,0.354,110.909,191319,4,6yAhQv5K20Y1I2J4yrIknU,Apply Pressure,7c8WSGTjxRP9sOob1KukJA,Kalonji,32939,29,2022-03-24,day,24,2023-12-19
0.577,0.432,10,-11.338,0,0.297,0.255,0.0,0.289,0.402,140.101,192052,5,3Gs4ZnEz31cQv7paVggSGM,Bleach Out Jeans,"4W1YDUIlG2VramwT3zKYah,1rfMUXJ4sDKRFGXM1Y694N,4uDhjNkgDFalbcAszCT36E","Mountainside Music,FAMOH,Cozier","811,0,417","3,0,23",2021-12-20,day,0,2023-12-19
0.805,0.624,5,-8.903,0,0.261,0.629,0.000124,0.133,0.275,105.049,184955,4,26elK375Nrt73DkOcSJVvI,Freestyle,"4W1YDUIlG2VramwT3zKYah,2Z2ttTDzbwUhfMWVt246Vg","Mountainside Music,Bonez 6ixx","811,32","3,1",2022-02-21,day,0,2023-12-19
0.744,0.565,4,-7.578,0,0.0883,0.465,0.0,0.223,0.772,99.942,224000,4,3KL2YPlSsp68D1uYsX1NfJ,In It To Win It,"6CxUKwVnCBKKP60XMvnMOL,2F6Rwo9PLMBf1nQsdAJ4pw","Jahllano,Bada Dan","19787,40","24,2",2022-03-31,day,12,2023-12-19
0.892,0.776,1,-5.007,1,0.208,0.313,1.06e-06,0.114,0.734,133.482,180273,4,2yhSSTHmHMw7UVciSo80ey,Feel It,"10AVFI86WCq4tNhY31g6FL,3koUXwy5R38DSWqJ20mUT1","Yung Bredda,Optimus Productionstt","34900,551","38,22",2022-03-16,day,40,2023-12-19
0.767,0.743,8,-6.519,1,0.232,0.103,0.0,0.105,0.638,105.962,163082,4,1i3R74V6wAtdiE53EqYwgT,Nothing Bout Badness,7zow5Va8ESrfnxvUF62HRH,Icee Dan,7933,21,2022-04-10,day,5,2023-12-19
0.674,0.4,1,-10.104,1,0.0703,0.937,8.05e-06,0.24,0.637,99.888,177600,4,4Mr0nv9Z0cevWkl9hRC3XF,Prosperity,3iWwLfjZAKzmAB57v38i45,Raskality,5666,14,2022-03-08,day,1,2023-12-19
0.643,0.814,0,-4.039,0,0.308,0.72,0.0,0.121,0.52,131.881,159184,5,3RZXNx4hldQ1yjv9dr2IrE,Greatest Riches,"2sBexSi4NCVNN9ONd2rOKa,3PCR0hmrgLLiWcCO64NYjl","2 GUN,Warrior","1,2688","0,15",2021-10-01,day,1,2023-12-19
0.491,0.545,0,-7.304,0,0.158,0.713,1.2e-05,0.114,0.422,101.66,180000,4,731Y4210aiPv87Df6wGfLl,The Greatest,4cDQO3NM8cURew5tdHkfrd,Lawless,13254,28,2021-10-01,day,1,2023-12-19
0.585,0.703,0,-4.44,0,0.483,0.734,0.0,0.11,0.53,74.924,161633,3,38yQtQPiqNxn1VXq4pdTvo,Fatally,"5EsCbG7ZqKDZP0CAESy0v2,3aajqT4mg3NqrYWvcE1h7X","Born King,Power","223,15","11,0",2021-10-01,day,1,2023-12-19
0.682,0.57,0,-7.668,0,0.196,0.652,5.66e-06,0.111,0.494,131.903,208163,5,4qJjTwbCxcu57QDl1XzDxn,Revelation,3bJ6gnTDrlHSMszDydll2L,Orlando Octave,12239,23,2021-10-01,day,4,2023-12-19
0.792,0.662,0,-3.456,0,0.215,0.697,0.0,0.209,0.723,97.858,171429,4,1XcfSUlG0ryfdmafvsGpaI,7th Seal,3196qOXihCTtj9iVVAX3qs,King Bana,6,0,2021-10-01,day,1,2023-12-19
0.737,0.533,0,-6.466,0,0.213,0.948,0.000243,0.15,0.561,97.991,181224,4,5rr7PMVJ7qnKdNphEMtV1Q,No Religion,0TeHv23w6TOqGzmF1ZeD4i,Beat,55,0,2021-10-01,day,3,2023-12-19
0.571,0.624,0,-5.72,0,0.062,0.761,0.0,0.161,0.393,125.761,159184,5,1DjIXSpdDtdvFN4iwpAiAz,Protect Me,3oPS5gQSuTmiuCDWQo2Mdw,Sin Sin,535,5,2021-10-01,day,0,2023-12-19
0.785,0.417,7,-11.24,1,0.167,0.674,0.0,0.091,0.617,143.865,156667,4,6MGsu7BzWau3iqvLoWrAPI,Money Romance,"27GA6NMM69byd5ankSWsXw,6QJrx4J9XqIxXUBhacoJHC","Hey Choppi,Medz Boss","3785,33706","30,26",2022-04-15,day,16,2023-12-19
0.68,0.427,0,-11.624,0,0.466,0.578,1.8e-06,0.186,0.395,99.824,177600,4,757xayMCIi5uSyZBxKtgzh,Lil,7Cp6h3fC0PPecAmsSb2lRJ,Bobo & Beans,1064,3,2022-01-20,day,7,2023-12-19
0.919,0.355,1,-13.421,1,0.517,0.32,0.0,0.139,0.16,100.98,211017,4,1G2vy1av4dlnJh8ArqTmoC,Demons,"2JC7YH9Umra4Zc8mseZsRD,52hLbiHfJsarTXovhOd3qC","Going Global Records,Wacko Dan","8531,16452","35,32",2022-03-15,day,11,2023-12-19
0.756,0.372,1,-13.957,1,0.813,0.256,0.0,0.131,0.468,96.037,168000,4,134SeysjIGCD53ivL4T3g9,Why,"2JC7YH9Umra4Zc8mseZsRD,52hLbiHfJsarTXovhOd3qC","Going Global Records,Wacko Dan","8531,16452","35,32",2022-03-15,day,18,2023-12-19
0.633,0.43,9,-12.983,0,0.536,0.485,0.0,0.113,0.515,122.545,200816,5,1bkFfbXPkVpxjZAb8Ic0IO,Active,"2JC7YH9Umra4Zc8mseZsRD,52hLbiHfJsarTXovhOd3qC","Going Global Records,Wacko Dan","8531,16452","35,32",2022-03-15,day,14,2023-12-19
0.521,0.362,6,-12.446,0,0.127,0.0883,0.000135,0.111,0.247,97.223,189902,4,6iCX65n3r8qgWS3a9JloTa,Cya Leave,"2JC7YH9Umra4Zc8mseZsRD,52hLbiHfJsarTXovhOd3qC","Going Global Records,Wacko Dan","8531,16452","35,32",2022-03-15,day,8,2023-12-19
0.754,0.576,4,-9.108,0,0.396,0.066,0.0,0.0837,0.242,99.939,158400,4,68n9lwnJgOzHWyB3XbjIQL,Pitch Out,"3UwGbC4Sl9MmonrpWo6grS,65O3QUAeUUs925oniksGJp,0dUCgtuvTnnLNohdnNECkL","Boy Boy,DJ Smo,Reid Waters","28641,417,189","39,29,29",2022-04-22,day,44,2023-12-19
0.658,0.345,5,-8.223,0,0.345,0.573,0.0,0.11,0.596,185.72,206643,4,1reXHIzi34xpFq1XnHPR37,Stronger,7tnzhcb2y0dtPFIFVTp0A4,Tafari,25770,22,2022-04-12,day,4,2023-12-19
0.717,0.486,11,-6.127,1,0.472,0.472,0.0,0.0959,0.313,120.527,198261,5,07a31X5Hn89u4rC3sU6NyB,Cyat Ting,11ODkITb8E6t7OIesM1vqv,Tokeii,1596,8,2022-04-24,day,11,2023-12-19
0.617,0.659,10,-4.572,0,0.371,0.34,0.0,0.113,0.514,67.274,175200,5,3YixPSGE3Q5OqLLnEKeHEH,Nuh Take Chat,6QJrx4J9XqIxXUBhacoJHC,Medz Boss,33706,26,2022-04-05,day,25,2023-12-19
0.784,0.327,3,-11.837,0,0.0644,0.157,0.0,0.11,0.182,103.959,166152,4,0agQ8BFHwRjjC60UlimrOX,Free Kartel,"6J8dvJPNJjACbcuIjzsirY,6jZBjkvVS8ZomkJzffljUE","Fully 8 Recordz,Tafari","2306,464","10,3",2022-05-13,day,15,2023-12-19
0.953,0.455,0,-12.387,1,0.316,0.36,0.0,0.157,0.66,113.056,143789,4,7JOil4DFL3mgC5ZiDr82TG,Face Beat,4VF0sdPSFLYdVWF6FRK6OK,Father Philis,9795,28,2022-03-05,day,43,2023-12-19
0.795,0.797,2,-1.092,1,0.24,0.134,0.0,0.584,0.182,108.036,160000,4,5eBM09BVWX434VW6EQ3xL3,Gyallis,"3NNndNeIufzflgpHZy5obj,6QJrx4J9XqIxXUBhacoJHC","Daan Chorus,Medz Boss","437,33706","5,26",2022-04-20,day,8,2023-12-19
0.797,0.354,1,-11.319,1,0.277,0.152,0.0,0.131,0.295,104.015,170841,4,5qXGOAL4s1ape4mcCvjTtJ,8 Campaign,"6J8dvJPNJjACbcuIjzsirY,0xnwFKJzKoFbFeDs973lyi","Fully 8 Recordz,Skelly","2306,88","10,19",2022-05-13,day,8,2023-12-19
0.717,0.311,6,-13.163,1,0.313,0.107,0.0,0.0777,0.251,103.881,190224,4,0PQ3SM39pMcSXzt0WL9T5b,Hokus Pokus,"6J8dvJPNJjACbcuIjzsirY,3NNndNeIufzflgpHZy5obj","Fully 8 Recordz,Daan Chorus","2306,437","10,5",2022-05-13,day,5,2023-12-19
0.634,0.77,1,-4.802,1,0.218,0.311,0.0,0.171,0.313,175.872,244933,4,0p9mUcff7qINBXbt20PY36,Punani Imperial,"3J7r4VsNmuWixU0nXvyPd8,2Jv0w50BNaGlwnXpq69HGm","Kalash,Prince Swanny","655526,110479","59,42",2022-04-29,day,42,2023-12-19
0.737,0.556,11,-5.579,0,0.22,0.283,0.0,0.329,0.547,150.884,244768,4,5CetNFYZk68iCFCSWjbmtM,Dead Boi,"6QJrx4J9XqIxXUBhacoJHC,09CgCmW9nrYOJswLZHJjO6","Medz Boss,Trigga","33706,114","26,10",2022-05-07,day,6,2023-12-19
0.736,0.558,11,-7.813,0,0.197,0.342,0.0,0.11,0.124,99.692,201648,4,4K8ritPgmln8gEii4rzp5C,Die Tonight,2Jv0w50BNaGlwnXpq69HGm,Prince Swanny,110479,42,2022-03-15,day,18,2023-12-19
0.488,0.572,2,-9.055,0,0.306,0.189,0.0,0.144,0.397,91.065,145803,4,3g8bUji8bmAWvQ5mAWWJi1,Yours Truly,7c8WSGTjxRP9sOob1KukJA,Kalonji,32939,29,2022-05-21,day,21,2023-12-19
0.662,0.453,4,-9.03,0,0.682,0.405,0.0,0.0738,0.373,105.023,206857,4,0PDnxaRGq79hWL4BoY4A0n,Daily,"6CxUKwVnCBKKP60XMvnMOL,4pP4fxW65oev1NdRd2Fbn7","Jahllano,Jahshii","19787,72541","24,39",2022-05-22,day,6,2023-12-19
0.894,0.626,1,-4.764,1,0.216,0.547,0.0,0.083,0.477,99.96,196800,4,5G466Gbja3rdzdYco239BN,Nuh Take Chat - Extended Mix,6QJrx4J9XqIxXUBhacoJHC,Medz Boss,33706,26,2022-06-01,day,14,2023-12-19
0.613,0.465,2,-7.489,1,0.408,0.333,0.0,0.101,0.151,106.209,220000,3,6WWtM0iRuSHgQwMcdECa27,Differently,7IbkKTNpBj7MORRdt3oge3,Zerimar,29786,33,2022-05-26,day,32,2023-12-19
0.707,0.384,0,-10.819,0,0.6,0.5,0.0,0.109,0.453,75.015,178014,3,5zMEWgizE64QXMe0Ajqouo,King Kong,"7Cp6h3fC0PPecAmsSb2lRJ,5eyQNZzeKGAeoqV7OLfAtY","Bobo & Beans,Jasse","1064,123","3,5",2022-01-20,day,3,2023-12-19
0.621,0.385,1,-10.404,0,0.413,0.257,1.73e-06,0.0828,0.34,130.637,203337,5,3a7yIEqX5SELrESul1ELjn,Rich Badness,52hLbiHfJsarTXovhOd3qC,Wacko Dan,16452,32,2022-05-31,day,6,2023-12-19
0.503,0.551,5,-5.62,1,0.35,0.724,0.0,0.108,0.541,191.217,148470,4,6IkTCdQdesX4y9fEjKrVn5,My Time,52hLbiHfJsarTXovhOd3qC,Wacko Dan,16452,32,2022-05-31,day,11,2023-12-19
0.925,0.335,0,-8.031,0,0.216,0.299,0.0,0.0709,0.659,98.082,196106,4,0aoTkqXBkjHn6Upg31J9jR,Iphone 12,52hLbiHfJsarTXovhOd3qC,Wacko Dan,16452,32,2022-05-31,day,8,2023-12-19
0.775,0.412,1,-11.587,1,0.387,0.166,0.0,0.123,0.578,108.949,164140,4,7v10XwnuT4XJq5oS57f7gG,Big Back,"5lNzZzqn2pOmP4dFuPluNF,3WJps7HNM1yNBed5t6ptQJ","Shade Mischif,Lady Lava","1,934","0,15",2022-06-07,day,0,2023-12-19
0.549,0.558,10,-7.109,1,0.495,0.331,0.0,0.105,0.25,67.361,240577,5,5nDmYjogXKkgPm1xyVaC5r,Heart Grief,7c8WSGTjxRP9sOob1KukJA,Kalonji,32939,29,2022-06-28,day,23,2023-12-19
0.894,0.48,5,-8.283,1,0.235,0.693,0.0,0.107,0.381,94.975,164284,4,3lwIOzWr7pFcgpY4NYofdD,Keep It Real,0JSBUUBuT8pbdbw1UZggSY,Tefflon,18911,28,2022-06-23,day,6,2023-12-19
0.6,0.48,5,-7.751,0,0.328,0.351,1.58e-06,0.123,0.688,126.434,196545,5,6vkvYx46FskrDBNvYIxvJS,The Best,6CxUKwVnCBKKP60XMvnMOL,Jahllano,19787,24,2022-06-13,day,5,2023-12-19
0.66,0.645,9,-4.442,0,0.473,0.253,9.49e-05,0.103,0.341,100.162,177605,4,7JSt8uiLKkqKpFYy6TUSl6,Askel,"3iWwLfjZAKzmAB57v38i45,6jcSOT54WIEgWu8pVtyTOG","Raskality,Ragz To Richez","5666,308","14,27",2022-06-24,day,1,2023-12-19
0.856,0.589,0,-7.197,0,0.161,0.0683,0.0,0.0976,0.531,103.021,207125,4,4XpgiCs4NJbQSW4niQkm0o,Light It Up,"6fanvfSBKMMExePwhUq8Mi,0uNHvvSHwND1DgjDWl9nJE","K Lion,Cashan","39431,555","29,20",2022-04-20,day,8,2023-12-19
0.727,0.577,1,-7.423,0,0.112,0.715,0.0,0.111,0.307,90.044,181394,4,1Kmw6jCOBXFzJtZpELdNdd,Govern,2Jv0w50BNaGlwnXpq69HGm,Prince Swanny,110479,42,2022-07-01,day,22,2023-12-19
0.755,0.395,10,-11.467,1,0.434,0.0185,0.0,0.146,0.101,68.656,225745,5,4ZG7m26e9GvVSooMqEjdMh,GSF Badness,"2JC7YH9Umra4Zc8mseZsRD,0PC8mhJwp2zZ8XFELC95bA,52hLbiHfJsarTXovhOd3qC","Going Global Records,Cj Dan,Wacko Dan","8531,36,16452","35,1,32",2022-06-29,day,10,2023-12-19
0.811,0.396,5,-8.775,1,0.101,0.474,0.0,0.113,0.252,96.091,160752,4,0paMeC8Ss4CAcP7qbH1DcN,Dear God,"4GjfdRM9UmdLr6pxyLZrNV,2ZoRuY63B7fzl9HaKjlWoF","Jeff Fullyauto,Weekday","24446,984","37,43",2021-11-19,day,39,2023-12-19
0.749,0.558,1,-7.036,1,0.217,0.166,0.0,0.0979,0.58,168.043,162865,4,6vxN75DIe6RWQBIIud4ILK,Dutty Song,"4GjfdRM9UmdLr6pxyLZrNV,7hWaGGtpmVl4GvriwUpHSA","Jeff Fullyauto,Rajev Caution","24446,215","37,32",2022-06-19,day,50,2023-12-19
0.523,0.628,11,-7.023,0,0.428,0.193,0.000146,0.628,0.665,125.123,159264,5,2FYlNtraxNoJ3Mak0PukkB,Malandro Lifestyle,52hLbiHfJsarTXovhOd3qC,Wacko Dan,16452,32,2022-07-22,day,12,2023-12-19
0.605,0.509,1,-8.722,0,0.464,0.468,0.0,0.0876,0.267,100.132,174275,4,33pPkol9SlNdvievtq2GGg,Topic,7IbkKTNpBj7MORRdt3oge3,Zerimar,29786,33,2022-07-26,day,19,2023-12-19
0.486,0.634,6,-8.365,0,0.273,0.0885,0.0,0.122,0.531,149.441,212223,4,15fEhxXm3R1IbnyXWrTkC0,Give Thanks,"4W1YDUIlG2VramwT3zKYah,1bLMwR1E1MIAK4H1BZSXRD,6CxUKwVnCBKKP60XMvnMOL","Mountainside Music,Skripturez,Jahllano","811,14,19787","3,0,24",2022-08-11,day,1,2023-12-19
0.724,0.611,1,-6.756,0,0.429,0.122,0.0,0.0803,0.778,91.105,159138,4,5hGxzt32Rtx8r51f8sVrPG,Bag Ah Weed,"4W1YDUIlG2VramwT3zKYah,1rfMUXJ4sDKRFGXM1Y694N,1bLMwR1E1MIAK4H1BZSXRD","Mountainside Music,FAMOH,Skripturez","811,0,14","3,0,0",2022-08-11,day,0,2023-12-19
0.69,0.603,0,-6.007,1,0.0384,0.0618,0.0,0.0843,0.418,88.53,181750,4,7nBBjXlBvsYWhwgQGp2WKz,1 Up,"4W1YDUIlG2VramwT3zKYah,3UwGbC4Sl9MmonrpWo6grS","Mountainside Music,Boy Boy","811,28641","3,39",2022-08-11,day,0,2023-12-19
0.461,0.667,4,-6.602,0,0.187,0.603,0.0,0.219,0.302,83.321,187376,4,1jOeXRTzK2g6qKoTbhVtWi,Against The World,2Jv0w50BNaGlwnXpq69HGm,Prince Swanny,110479,42,2022-08-05,day,22,2023-12-19
0.704,0.397,11,-10.797,1,0.319,0.165,1.49e-06,0.138,0.347,127.471,163584,5,2aHZP3uJSuVGRS0NlephhZ,Me Alone,58GP6t4N8aiJkHTOM41ECz,Plumpy Boss,20294,29,2022-09-01,day,16,2023-12-19
0.685,0.638,0,-6.925,0,0.45,0.827,1.54e-06,0.113,0.517,118.052,205440,5,0qXt6rKeYeIHKfm5LGC0yV,Paranoid,58GP6t4N8aiJkHTOM41ECz,Plumpy Boss,20294,29,2022-09-01,day,15,2023-12-19
0.466,0.718,5,-7.601,1,0.236,0.283,0.0,0.107,0.254,70.368,182443,3,3EOyDe8uORCmWmiVsC7VId,Avoid Me,58GP6t4N8aiJkHTOM41ECz,Plumpy Boss,20294,29,2022-09-01,day,10,2023-12-19
0.6,0.692,11,-6.417,1,0.289,0.165,0.0,0.276,0.386,127.727,180075,5,5dCs66iNwIAQ110k7XUB2W,Pandemic,58GP6t4N8aiJkHTOM41ECz,Plumpy Boss,20294,29,2022-09-01,day,7,2023-12-19
0.595,0.594,8,-7.926,1,0.146,0.521,0.0,0.136,0.393,57.272,181419,5,03SIjZtsI2zfWhEapnSWqT,Behind My Eyes,58GP6t4N8aiJkHTOM41ECz,Plumpy Boss,20294,29,2022-09-01,day,11,2023-12-19
0.608,0.619,2,-6.516,1,0.0702,0.227,0.0,0.0855,0.0979,122.356,216043,5,4P5zO3RAZy3gTFWiUeCAIa,Burial Ground,58GP6t4N8aiJkHTOM41ECz,Plumpy Boss,20294,29,2022-09-01,day,11,2023-12-19
0.921,0.445,1,-11.686,0,0.16,0.158,0.0367,0.0761,0.691,95.005,142784,4,6UjGbyQ8EnS6MVYNVr3qun,Load D Clip,58GP6t4N8aiJkHTOM41ECz,Plumpy Boss,20294,29,2022-09-01,day,31,2023-12-19
0.925,0.376,4,-12.443,1,0.194,0.666,0.0,0.104,0.714,102.085,145946,4,5kvrFtZQEQ6xYhriLyulFd,Change,3UwGbC4Sl9MmonrpWo6grS,Boy Boy,28641,39,2022-07-02,day,15,2023-12-19
0.493,0.659,5,-3.853,0,0.353,0.238,0.0,0.193,0.318,81.698,167852,4,37NmSma5VIYaEaiQgMuoVO,Fully Six,52hLbiHfJsarTXovhOd3qC,Wacko Dan,16452,32,2022-08-26,day,26,2023-12-19
0.606,0.378,9,-14.694,0,0.318,0.569,0.0,0.0969,0.436,128.583,202952,5,5DKuyqt5V20dmn7RX3cisB,Outcast,3IDfJpj4YVkaBl7Dd52Pxv,Byron Messia,61748,61,2021-09-10,day,34,2023-12-19
0.684,0.479,6,-12.356,0,0.2,0.384,0.0,0.111,0.21,126.09,177846,5,6Itc5Cztzw2TKPHD0nU2II,Paranoid,3IDfJpj4YVkaBl7Dd52Pxv,Byron Messia,61748,61,2021-09-10,day,30,2023-12-19
0.64,0.615,8,-6.141,0,0.158,0.328,0.0,0.0839,0.349,128.905,183711,5,2mQYc7RE859jb1mAMPWaJx,Killa Vybe,27Wmihskck8Oqi5h4uB8nh,Khid,368,2,2021-08-20,day,9,2023-12-19
0.785,0.555,4,-7.794,0,0.202,0.522,0.0,0.178,0.19,95.091,156638,4,2iP56OQQCdhiP8GTP8gwJu,How Dem Feel,"2MuuAt4UaBpracdBrvmL7O,5Udy2IkFrw0nS0oOOBW82W","Tadre,Lenoi Bentley","186,23","1,3",2022-08-07,day,8,2023-12-19
0.506,0.625,10,-7.46,0,0.14,0.0362,0.000558,0.123,0.115,141.455,184286,5,1kWZfeetImDrxmiPkSMxd3,SHAKE,"2Jv0w50BNaGlwnXpq69HGm,5FkUhnHQ0KC63549LHHtst","Prince Swanny,Skillibeng","110479,320085","42,59",2022-09-09,day,26,2023-12-19
0.854,0.656,5,-6.039,0,0.0938,0.673,0.0,0.11,0.726,140.099,166348,4,6cscXckiwvo9VarTwE3a1G,Ready,"2VpYQkkjCohjSPskaQGyp0,6QJrx4J9XqIxXUBhacoJHC","West Bank Records,Medz Boss","3672,33706","30,26",2022-09-21,day,16,2023-12-19
0.843,0.579,1,-5.635,1,0.529,0.477,0.0,0.0631,0.151,96.239,166081,4,28IUnpT40yKEHF9T5d1nw8,Knock It,"2JC7YH9Umra4Zc8mseZsRD,5z13HVjZiBk0yNgEUM7c78","Going Global Records,T Man Nine","8531,713","35,6",2022-09-13,day,19,2023-12-19
0.808,0.508,1,-5.216,1,0.552,0.0999,0.0,0.0628,0.124,95.56,166091,4,7JqKFLpLoB9AkYm8U0rXjb,4AM Freestyle,"2JC7YH9Umra4Zc8mseZsRD,7tnzhcb2y0dtPFIFVTp0A4","Going Global Records,Tafari","8531,25770","35,22",2022-09-13,day,10,2023-12-19
0.91,0.494,1,-4.815,1,0.523,0.385,0.0,0.0516,0.175,96.09,171245,4,3LZCQdxnLjN02YuL4yv7oT,3 Jump Out,"2JC7YH9Umra4Zc8mseZsRD,5wqm8u0YEPKbX3LHFzErxG","Going Global Records,Young Shotta","8531,3","35,1",2022-09-13,day,7,2023-12-19
0.627,0.547,1,-5.458,1,0.562,0.209,0.0,0.147,0.278,92.274,166091,4,6W9H3PJBPoXniF81Av7QBe,PSG,"2JC7YH9Umra4Zc8mseZsRD,5QzlLj4WGVPkMArSIwpTn8","Going Global Records,One6","8531,213","35,1",2022-09-13,day,3,2023-12-19
0.618,0.587,1,-8.694,1,0.83,0.357,0.0,0.0744,0.238,83.848,164996,1,2TdT59ewWmllCG4rtc52vw,Head Ah Bounce,"2JC7YH9Umra4Zc8mseZsRD,2SeCsPep6yGO1MR619XEDt","Going Global Records,Flanka","8531,255","35,1",2022-09-13,day,3,2023-12-19
0.67,0.409,1,-10.563,1,0.6,0.322,1.81e-06,0.0668,0.14,95.133,167500,4,2ykbnUbtvCwK1IYrahwZBl,Aliens,"2JC7YH9Umra4Zc8mseZsRD,1HyoBVv7XLRzydEFGKeJON","Going Global Records,Young General","8531,9","35,6",2022-09-13,day,5,2023-12-19
0.621,0.124,1,-18.922,1,0.104,0.075,0.903,0.0744,0.0485,99.747,167497,4,4nm6r3mu2f1fOM73Cq7BfL,Riddim,2JC7YH9Umra4Zc8mseZsRD,Going Global Records,8531,35,2022-09-13,day,1,2023-12-19
0.629,0.538,1,-6.421,0,0.238,0.394,0.0,0.0864,0.175,95.874,163125,4,4yzGchS11url4tUKHpHR8h,Get Back Gang (GBG),52hLbiHfJsarTXovhOd3qC,Wacko Dan,16452,32,2022-09-01,day,16,2023-12-19
0.723,0.717,1,-4.715,1,0.349,0.219,0.0,0.17,0.43,101.726,152941,4,2NcpEqWnKzoQlqf2lb7tai,God Did,5tr6GdAE9bwCqYuLXUwIhd,Toppy Boss,7891,3,2022-09-09,day,2,2023-12-19
0.819,0.576,1,-5.984,0,0.378,0.691,0.00212,0.101,0.341,109.928,160366,4,4TvEaJuG9lVb52SY2EeWus,"Money, Guns N Bitches.",7f7sbIc0DpHIv84c7MG098,Toppy Boss,3095,10,2022-01-21,day,10,2023-12-19
0.897,0.512,6,-8.595,0,0.181,0.775,0.000859,0.109,0.472,100.011,182419,4,0GMYQXqp7tOsUHCldNnMJU,QuickQuick,7f7sbIc0DpHIv84c7MG098,Toppy Boss,3095,10,2022-03-02,day,4,2023-12-19
0.517,0.442,7,-13.565,0,0.192,0.173,0.0,0.17,0.459,102.633,175256,4,0HwAJ2JekZbDtfT1vN4JRb,Big Draco,7f7sbIc0DpHIv84c7MG098,Toppy Boss,3095,10,2022-08-15,day,1,2023-12-19
0.89,0.735,1,-0.665,1,0.134,0.349,0.0,0.0922,0.152,98.972,206059,4,3eirgp6d5TT0QBKtjniqm4,BullPop,"2JC7YH9Umra4Zc8mseZsRD,277jOUSGN5AKoZoDxvfmUP,7tnzhcb2y0dtPFIFVTp0A4,52hLbiHfJsarTXovhOd3qC","Going Global Records,Young Star 6ixx,Tafari,Wacko Dan","8531,14925,25770,16452","35,27,22,32",2022-09-26,day,12,2023-12-19
0.777,0.622,4,-6.643,0,0.0516,0.277,0.0,0.136,0.691,91.99,195709,4,1p7j210kk4x2FQlVnkxcwP,Instructions,52hLbiHfJsarTXovhOd3qC,Wacko Dan,16452,32,2022-09-22,day,10,2023-12-19
0.664,0.573,11,-5.843,0,0.446,0.649,0.0,0.271,0.772,125.688,193939,5,2iENtUfpvZMiMpHcppHW5y,Amazing,52hLbiHfJsarTXovhOd3qC,Wacko Dan,16452,32,2022-09-22,day,9,2023-12-19
0.568,0.559,6,-6.566,1,0.398,0.698,2.77e-06,0.0823,0.522,92.387,203478,4,7diJyA5LSVuQTXG0HSbUYd,SHI,"52hLbiHfJsarTXovhOd3qC,3AgkOAJp5n9GZQTuIphgrl","Wacko Dan,Level Boss","16452,1","32,0",2022-09-22,day,7,2023-12-19
0.497,0.481,4,-7.779,0,0.113,0.729,0.0,0.119,0.28,85.746,126000,4,1ppAhlqKWeGPSBvV3oQ8GT,Gyal Mi Wa Yuh,"52hLbiHfJsarTXovhOd3qC,5C2msAV8YB6J6VXwrjNnFV","Wacko Dan,Mello","16452,33","32,1",2022-09-22,day,8,2023-12-19
0.555,0.684,6,-5.628,1,0.203,0.774,0.0,0.1,0.707,103.556,155000,4,4bHGqDi5QCjtL5Ky83Dm2S,Everything Set,"52hLbiHfJsarTXovhOd3qC,6omS8cxg176TgGaOMKDGae","Wacko Dan,DJ Ana","16452,2441","32,12",2022-09-22,day,7,2023-12-19
0.486,0.743,3,-4.774,0,0.304,0.572,0.0,0.122,0.525,168.529,140198,1,4DIkL4gsf19Xega6Oi3cEH,Sweet,52hLbiHfJsarTXovhOd3qC,Wacko Dan,16452,32,2022-09-22,day,8,2023-12-19
0.63,0.468,3,-7.715,0,0.379,0.703,0.0,0.0924,0.418,127.987,227500,5,4PSQaUDT1nEQvSevPrBMYN,Steamy,52hLbiHfJsarTXovhOd3qC,Wacko Dan,16452,32,2022-09-22,day,8,2023-12-19
0.593,0.528,9,-5.0,0,0.182,0.847,0.0,0.111,0.679,78.453,159000,4,2woVLlk2LtRc9Kiym4lInl,Go Inside,52hLbiHfJsarTXovhOd3qC,Wacko Dan,16452,32,2022-09-22,day,7,2023-12-19
0.578,0.482,2,-10.223,1,0.523,0.022,0.0,0.0968,0.18,67.412,240000,5,1bA0nBgKqIVG9BNZhJkD0H,Blame,4p8rJDmYB2ggiYD8sHbIf4,Kalonji,6214,6,2022-09-26,day,24,2023-12-19
0.562,0.387,3,-11.298,0,0.361,0.0871,0.0,0.0757,0.36,136.859,168460,5,2diMxkdxFXIAXzAyjhmcIm,Retribution,"6J8dvJPNJjACbcuIjzsirY,7c8WSGTjxRP9sOob1KukJA","Fully 8 Recordz,Kalonji","2306,32939","10,29",2022-05-13,day,21,2023-12-19
0.484,0.361,8,-12.455,1,0.214,0.00149,0.000188,0.11,0.119,139.224,166154,5,3dVskBTP0xMzS1aKGsAQ1e,Chosen,"6J8dvJPNJjACbcuIjzsirY,3IDfJpj4YVkaBl7Dd52Pxv","Fully 8 Recordz,Byron Messia","2306,61748","10,61",2022-05-13,day,12,2023-12-19
0.701,0.592,1,-5.097,1,0.1,0.00701,0.0,0.111,0.114,104.378,168462,4,3qsCinWdmQj3T7AcvPv6lO,OTRG,"6J8dvJPNJjACbcuIjzsirY,6Iym59CxrdzsxIn9LPFR9n","Fully 8 Recordz,Gskell","2306,4607","10,9",2022-08-12,day,3,2023-12-19
0.729,0.54,2,-7.322,1,0.139,0.264,0.0,0.126,0.249,94.062,199758,4,4biVJIpQmT2yE06O6mRfTm,No Looking Back,2Jv0w50BNaGlwnXpq69HGm,Prince Swanny,110479,42,2022-09-30,day,19,2023-12-19
0.554,0.69,7,-5.833,1,0.269,0.234,0.0,0.0939,0.332,93.795,157725,4,40my1vckOOlU9fi6YlDvUb,Almighty,"4WbdSmUVWp9piHBZdc71mc,5Udy2IkFrw0nS0oOOBW82W","One Pong,Lenoi Bentley","131,23","2,3",2022-09-30,day,0,2023-12-19
0.754,0.484,11,-9.305,1,0.245,0.252,0.0,0.108,0.35,100.014,212370,4,6uMUt0wdbGGt8Xo5YgjLla,I Need Your Love,7tnzhcb2y0dtPFIFVTp0A4,Tafari,25770,22,2022-05-20,day,5,2023-12-19
0.79,0.521,2,-5.955,1,0.222,0.362,0.0,0.109,0.358,93.972,199200,4,1705vm5DonNsho1cvXn3hf,No Looking Back,2Jv0w50BNaGlwnXpq69HGm,Prince Swanny,110479,42,2022-10-14,day,28,2023-12-19
0.746,0.486,9,-8.568,0,0.192,0.475,0.0,0.101,0.251,116.055,199482,5,6FDuLrmos747084Cki2rEl,Resume,2Jv0w50BNaGlwnXpq69HGm,Prince Swanny,110479,42,2022-10-14,day,29,2023-12-19
0.664,0.424,2,-12.894,0,0.186,0.451,0.0,0.117,0.311,82.965,199576,4,3d49O7sY6EEFP3JBIm5LoU,I Try,2Jv0w50BNaGlwnXpq69HGm,Prince Swanny,110479,42,2022-10-14,day,22,2023-12-19
0.458,0.569,2,-8.737,0,0.321,0.418,0.0,0.15,0.297,97.736,174165,4,59GU1vEhzOMO1BwtGNra8b,Stay High,2Jv0w50BNaGlwnXpq69HGm,Prince Swanny,110479,42,2022-10-14,day,24,2023-12-19
0.697,0.713,0,-6.524,1,0.341,0.467,0.0,0.218,0.347,170.046,206185,4,6HFGRUomml1zwcGBIYCEW9,Time Is Now,2Jv0w50BNaGlwnXpq69HGm,Prince Swanny,110479,42,2022-10-14,day,18,2023-12-19
0.657,0.799,5,-3.4,0,0.0834,0.33,0.0,0.073,0.569,90.075,160731,4,20yYPae67u3J5JO0DNPWQs,Rich Badness,"2Jv0w50BNaGlwnXpq69HGm,3IDfJpj4YVkaBl7Dd52Pxv","Prince Swanny,Byron Messia","110479,61748","42,61",2022-10-14,day,33,2023-12-19
0.359,0.366,6,-12.854,0,0.179,0.346,0.0,0.114,0.584,185.552,191040,5,1fVJoyIkzdreZ9hEjzt7W6,Killyz,2Jv0w50BNaGlwnXpq69HGm,Prince Swanny,110479,42,2022-10-14,day,18,2023-12-19
0.727,0.577,1,-7.423,0,0.112,0.715,0.0,0.111,0.307,90.044,181394,4,72tO2yLuRqoSy1E9pkDc5A,Govern,2Jv0w50BNaGlwnXpq69HGm,Prince Swanny,110479,42,2022-10-14,day,19,2023-12-19
0.506,0.625,10,-7.46,0,0.14,0.0362,0.000558,0.123,0.115,141.455,184286,5,4cVtLU7BqRnjcZRpSicMqL,SHAKE,"2Jv0w50BNaGlwnXpq69HGm,5FkUhnHQ0KC63549LHHtst","Prince Swanny,Skillibeng","110479,320085","42,59",2022-10-14,day,22,2023-12-19
0.736,0.429,5,-12.271,1,0.24,0.702,0.0,0.105,0.383,101.799,161020,4,2NJhUa1mC6hrHDcAsBdebV,Bestie,2Jv0w50BNaGlwnXpq69HGm,Prince Swanny,110479,42,2022-10-14,day,30,2023-12-19
0.65,0.505,8,-9.959,0,0.254,0.448,0.0,0.394,0.509,176.102,155544,4,1NBY0CKccVUgzZfLMm7L3K,Love It,"2Jv0w50BNaGlwnXpq69HGm,3J7r4VsNmuWixU0nXvyPd8","Prince Swanny,Kalash","110479,655526","42,59",2022-10-14,day,28,2023-12-19
0.479,0.617,4,-9.802,0,0.231,0.586,0.0,0.0809,0.374,96.084,190999,4,716il8q0LfZkgfkr5RXTkX,Match Energy,2Jv0w50BNaGlwnXpq69HGm,Prince Swanny,110479,42,2022-10-14,day,23,2023-12-19
0.671,0.625,1,-13.029,1,0.429,0.107,3.55e-06,0.121,0.507,199.736,184869,4,4tfrWY6rAT3J0k9gEJhony,Step by Step,"2Jv0w50BNaGlwnXpq69HGm,40NRiKuuhj1pgGYppptlBO","Prince Swanny,Not3s","110479,465804","42,52",2022-10-14,day,15,2023-12-19
0.461,0.667,4,-6.602,0,0.187,0.603,0.0,0.219,0.302,83.321,187376,4,0npohEpcx8EMAyEYwE2gBV,Against The World,2Jv0w50BNaGlwnXpq69HGm,Prince Swanny,110479,42,2022-10-14,day,24,2023-12-19
0.866,0.661,2,-3.355,1,0.0508,0.135,0.0,0.161,0.631,110.015,113454,4,2m6ufFCp2rBnofGksxGruW,Nanny (Gunman In Yuh Hole Riddim),6QJrx4J9XqIxXUBhacoJHC,Medz Boss,33706,26,2022-10-14,day,4,2023-12-19
0.786,0.713,5,-3.901,1,0.379,0.58,0.0,0.68,0.234,102.971,178331,4,4YyEoproMK80YGv0GxAh0M,Grave Shift,"2JC7YH9Umra4Zc8mseZsRD,6Iym59CxrdzsxIn9LPFR9n","Going Global Records,Gskell","8531,4607","35,9",2022-10-14,day,3,2023-12-19
0.831,0.616,7,-4.061,0,0.335,0.424,0.0,0.115,0.174,68.671,167765,5,1iRSzvf08rkARRA2y1kPOn,Fully Active,"2JC7YH9Umra4Zc8mseZsRD,6TE0wEz9oa2avDdUTLWesJ","Going Global Records,Reiga","8531,3","35,0",2022-10-14,day,3,2023-12-19
0.838,0.782,10,-3.106,1,0.354,0.5,0.0,0.11,0.243,103.004,97863,4,3cNl8C1AzOUcck6cNpgQy8,Wa Dey Know Freestyle,"2JC7YH9Umra4Zc8mseZsRD,0ZmsMH6X0dz63imIjUGTzF","Going Global Records,Skelly 12k","8531,1941","35,22",2022-10-14,day,18,2023-12-19
0.933,0.66,0,-3.882,1,0.33,0.219,0.0,0.072,0.339,103.072,226017,4,6TPPVyDbwd5LjBuQJf14zz,New Draco,"2JC7YH9Umra4Zc8mseZsRD,2Z2ttTDzbwUhfMWVt246Vg","Going Global Records,Bonez 6ixx","8531,32","35,1",2022-10-14,day,3,2023-12-19
0.595,0.536,7,-4.918,0,0.505,0.0894,0.0,0.105,0.109,69.483,208824,5,74xzMfg3Ns0GKwVcn2mzZ9,East Side,"2JC7YH9Umra4Zc8mseZsRD,2SeCsPep6yGO1MR619XEDt","Going Global Records,Flanka","8531,255","35,1",2022-10-14,day,1,2023-12-19
0.496,0.625,10,-2.399,0,0.195,0.286,4.53e-06,0.0922,0.386,160.533,141087,1,7kDNOG5ZhUVdTVWTp82yGL,Murderer,52hLbiHfJsarTXovhOd3qC,Wacko Dan,16452,32,2022-10-07,day,12,2023-12-19
0.697,0.423,2,-10.076,1,0.0717,0.789,0.0,0.117,0.824,87.909,175987,4,3MeGERGp0gVSWS8Lg5ywFD,Friend Zone,0JSBUUBuT8pbdbw1UZggSY,Tefflon,18911,28,2022-10-12,day,5,2023-12-19
0.802,0.769,2,-5.3,0,0.167,0.208,1.71e-05,0.112,0.204,100.042,177600,4,3D23o7uPjoEO7gMp8pvi6e,Dead Opps,277jOUSGN5AKoZoDxvfmUP,Young Star 6ixx,14925,27,2022-09-01,day,6,2023-12-19
0.893,0.506,8,-6.155,0,0.187,0.422,0.0,0.0861,0.467,95.993,167500,4,2F5c2pDNrdriX6PMvUt6l5,Press The 16,277jOUSGN5AKoZoDxvfmUP,Young Star 6ixx,14925,27,2022-08-22,day,19,2023-12-19
0.861,0.459,4,-7.166,0,0.14,0.117,1.22e-05,0.143,0.164,122.734,187826,5,3qA8vrsEK44koiygpAay8J,Midnight,3UwGbC4Sl9MmonrpWo6grS,Boy Boy,28641,39,2022-09-16,day,25,2023-12-19
0.623,0.513,9,-8.704,1,0.246,0.141,0.0,0.304,0.412,142.37,174796,4,305nTDx8qex0xzuZgqhsMf,Feel Yuh Tuff,7IbkKTNpBj7MORRdt3oge3,Zerimar,29786,33,2022-09-23,day,30,2023-12-19
0.759,0.593,1,-6.27,0,0.191,0.189,0.0,0.147,0.347,94.026,214468,4,4sn3LNPwXoij7nOmCmYsKq,Cold World,7c8WSGTjxRP9sOob1KukJA,Kalonji,32939,29,2022-11-04,day,20,2023-12-19
0.59,0.628,9,-6.048,0,0.32,0.355,0.0,0.136,0.47,98.122,168138,4,3RRovL6Hf315J29YAgfEV8,No Days Off,7c8WSGTjxRP9sOob1KukJA,Kalonji,32939,29,2022-11-04,day,16,2023-12-19
0.855,0.67,7,-7.294,0,0.073,0.126,0.0,0.117,0.232,117.007,229799,4,6rh7zdJoLXruTDhEaJ3IxY,45,7c8WSGTjxRP9sOob1KukJA,Kalonji,32939,29,2022-11-04,day,18,2023-12-19
0.706,0.567,10,-7.182,0,0.354,0.15,0.0,0.148,0.239,126.715,245106,5,20WGWQksrncYOxhj7zkTMT,Man Kind,7c8WSGTjxRP9sOob1KukJA,Kalonji,32939,29,2022-11-04,day,24,2023-12-19
0.726,0.7,1,-5.608,1,0.564,0.0861,8.73e-05,0.132,0.6,63.888,134400,5,3vwhqxvC0ckWFtcBrttwsc,Bedroom Freestyle,7c8WSGTjxRP9sOob1KukJA,Kalonji,32939,29,2022-11-04,day,12,2023-12-19
0.565,0.581,7,-6.252,1,0.142,0.634,0.0,0.11,0.423,91.432,193384,4,1KOuffoi8w3wLjs7WK8f7r,Likke Bit,7c8WSGTjxRP9sOob1KukJA,Kalonji,32939,29,2020-11-29,day,11,2023-12-19
0.615,0.573,0,-6.64,1,0.079,0.19,0.0,0.163,0.184,87.366,168016,4,5b5L42YI1LJ5n0IBHOWdcO,Don't Violate,06GpZJWPcLAs6Ms6AZToL4,Big Smoak,1543,38,2023-03-27,day,24,2023-12-19
0.774,0.613,4,-8.125,1,0.316,0.204,0.0,0.104,0.538,101.031,156832,4,3YYuaKmDu6Eb5Ds6PHxy4Z,BIG PARTY,"51RG7tEip3vlXG9y9vylxp,6QJrx4J9XqIxXUBhacoJHC","Tency,Medz Boss","14645,33706","30,26",2022-12-01,day,10,2023-12-19
0.799,0.849,2,-1.046,1,0.194,0.706,0.0,0.358,0.322,99.996,169628,4,3LEtN1oaJYFNN7JXG4O0k5,Buss Yuh Head Now,3r8Hq14XJAyy6K8mlBs2s5,Rebel Sixx,50069,32,2022-10-07,day,11,2023-12-19
0.609,0.75,8,-4.195,0,0.444,0.252,0.0,0.0893,0.142,125.766,180000,5,4fyU0mk5xLc8sHqw0vVJaf,Camouflage Friend,3r8Hq14XJAyy6K8mlBs2s5,Rebel Sixx,50069,32,2022-10-07,day,18,2023-12-19
0.873,0.639,5,-6.168,0,0.0914,0.0479,0.0,0.0979,0.561,99.921,117600,4,5aeeYQoIp4LAUyudhD5cuj,Chop Stick (Cut Audio),7c8WSGTjxRP9sOob1KukJA,Kalonji,32939,29,2022-11-02,day,30,2023-12-19
0.718,0.567,5,-10.385,0,0.231,0.0641,1.01e-06,0.0939,0.357,80.641,142810,5,7xuyTCbwp0zjry8SOtILHj,East Side,7c8WSGTjxRP9sOob1KukJA,Kalonji,32939,29,2022-12-24,day,23,2023-12-19
0.508,0.704,4,-6.51,0,0.248,0.614,0.0,0.449,0.398,115.916,172330,5,1u1JtowrKeYBF30maELdF9,Real Life,"2VpYQkkjCohjSPskaQGyp0,52hLbiHfJsarTXovhOd3qC","West Bank Records,Wacko Dan","3672,16452","30,32",2022-12-30,day,25,2023-12-19
0.801,0.884,7,-3.476,1,0.164,0.0589,0.0,0.16,0.894,110.017,159818,4,4SDs2cNKpF2v4VKKrRTn3Z,Like Dat,"6CxUKwVnCBKKP60XMvnMOL,0kUuFJFB1xoz0HZPnhsUkB","Jahllano,Brooklyn Decent","19787,189","24,14",2022-11-21,day,10,2023-12-19
0.762,0.602,10,-8.701,1,0.222,0.366,2.02e-05,0.0649,0.823,87.828,166426,4,5tvRkCrGsrTljHOnPHE5Vj,Party Hard,"2Jd4rUFlIWzOrgbaSj1BiD,58GP6t4N8aiJkHTOM41ECz","Keefff,Plumpy Boss","37,20294","3,29",2022-11-28,day,7,2023-12-19
0.585,0.736,5,-6.254,1,0.329,0.113,0.0,0.206,0.511,100.6,171089,4,4743JRwwps0fTzAiC5RV5B,Sinners Paradise,7c8WSGTjxRP9sOob1KukJA,Kalonji,32939,29,2022-10-26,day,15,2023-12-19
0.517,0.719,6,-4.755,0,0.264,0.266,0.0,0.184,0.303,120.85,173333,5,2XT0h1MNRF6feCWQy2WxYh,Novice,7c8WSGTjxRP9sOob1KukJA,Kalonji,32939,29,2023-01-13,day,15,2023-12-19
0.778,0.686,5,-6.587,0,0.133,0.379,4.56e-06,0.112,0.344,90.042,216000,4,0uIYj1j0ZhAWLCdChqk5TB,All I Need,7tnzhcb2y0dtPFIFVTp0A4,Tafari,25770,22,2023-01-09,day,7,2023-12-19
0.572,0.803,0,-4.184,1,0.107,0.237,0.0,0.243,0.517,190.031,213200,4,6kZSnwaw5XjmssmOV7h0zK,Vengeance,"4GjfdRM9UmdLr6pxyLZrNV,6jcSOT54WIEgWu8pVtyTOG","Jeff Fullyauto,Ragz To Richez","24446,308","37,27",2023-01-01,day,18,2023-12-19
0.616,0.629,7,-7.732,1,0.3,0.0101,0.0,0.0794,0.105,90.725,163669,4,05YhIJSLySNE6aTO7tMeVm,Devotion,"3IDfJpj4YVkaBl7Dd52Pxv,2Jv0w50BNaGlwnXpq69HGm","Byron Messia,Prince Swanny","61748,110479","61,42",2023-01-20,day,37,2023-12-19
0.495,0.561,5,-6.339,1,0.394,0.132,1.19e-06,0.108,0.229,179.867,218411,4,78Y0c9bIUkSqN7nnzFw2BD,California,3IDfJpj4YVkaBl7Dd52Pxv,Byron Messia,61748,61,2023-01-20,day,37,2023-12-19
0.583,0.704,1,-8.856,1,0.306,0.0699,0.0,0.141,0.388,111.569,208000,5,03oaYIK0Q2cHjldc9jdiCP,Hear Me Out,3IDfJpj4YVkaBl7Dd52Pxv,Byron Messia,61748,61,2023-01-20,day,33,2023-12-19
0.607,0.579,9,-5.074,1,0.154,0.522,0.0,0.0992,0.49,116.611,140853,5,0MElGIMyUieiQJUmruR6Wu,Gorilla Glue,3IDfJpj4YVkaBl7Dd52Pxv,Byron Messia,61748,61,2023-01-20,day,40,2023-12-19
0.519,0.716,6,-6.558,0,0.299,0.369,0.0,0.111,0.457,122.281,168000,5,52BIpviOWUcgklZXRN6i95,Too Much Pain,3IDfJpj4YVkaBl7Dd52Pxv,Byron Messia,61748,61,2023-01-20,day,34,2023-12-19
0.627,0.581,1,-5.221,1,0.0905,0.387,0.0,0.116,0.262,95.025,206637,4,7mkJXtuxedWBw0VnuM2VQu,Vent,3IDfJpj4YVkaBl7Dd52Pxv,Byron Messia,61748,61,2023-01-20,day,44,2023-12-19
0.651,0.545,8,-10.183,0,0.373,0.0183,0.0,0.0943,0.389,100.375,196832,4,5vLu3FEZ4TvRWBjc6KoQtp,Hall Of Fame,3IDfJpj4YVkaBl7Dd52Pxv,Byron Messia,61748,61,2023-01-20,day,32,2023-12-19
0.634,0.657,4,-5.343,0,0.456,0.33,0.0,0.0692,0.299,89.163,175484,4,4m5cLRAuud95LZJhBPuQnH,Dream Team,"3IDfJpj4YVkaBl7Dd52Pxv,5Xi3NfsVBIEbaWVUfBTy39","Byron Messia,Govana","61748,148061","61,39",2023-01-20,day,37,2023-12-19
0.419,0.612,4,-6.997,0,0.272,0.0423,0.0,0.0912,0.143,82.944,164000,4,3CKTqEGRltWDriMJVbRcCo,Stay Real,3IDfJpj4YVkaBl7Dd52Pxv,Byron Messia,61748,61,2023-01-20,day,33,2023-12-19
0.561,0.542,8,-9.228,0,0.291,0.591,0.0,0.116,0.348,129.997,162873,5,2Qk8F8qbJ6hLveLfVWXxdv,Believe,"3IDfJpj4YVkaBl7Dd52Pxv,4pP4fxW65oev1NdRd2Fbn7","Byron Messia,Jahshii","61748,72541","61,39",2023-01-20,day,33,2023-12-19
0.929,0.43,4,-9.387,0,0.206,0.571,0.0,0.102,0.498,103.01,188738,4,0TTOsyDKykWhCh3qDd9wMY,Talibans,3IDfJpj4YVkaBl7Dd52Pxv,Byron Messia,61748,61,2023-01-20,day,71,2023-12-19
0.619,0.663,0,-5.316,0,0.438,0.222,0.0,0.131,0.323,130.118,183673,5,4zA7iFgWdAi1cIejUpAg0I,Smallest Circle,3IDfJpj4YVkaBl7Dd52Pxv,Byron Messia,61748,61,2023-01-20,day,50,2023-12-19
0.54,0.539,8,-8.419,0,0.401,0.572,0.0,0.0872,0.605,93.921,212963,4,1sKhleuX68DOl0Cd5t0753,Heart A Mi Yard,"3IDfJpj4YVkaBl7Dd52Pxv,2XmUEusYfpe4UG5BJtRwgX","Byron Messia,Rytikal","61748,76567","61,32",2023-01-20,day,33,2023-12-19
0.492,0.548,1,-6.929,0,0.0751,0.392,8.15e-05,0.0725,0.0634,99.963,184000,4,5vXqf8L1GgzCNnNtQwhOI7,Hold On,3IDfJpj4YVkaBl7Dd52Pxv,Byron Messia,61748,61,2023-01-20,day,33,2023-12-19
0.567,0.52,10,-6.299,1,0.155,0.644,0.0,0.116,0.35,95.699,199751,4,45MEntmion15hrPnRNUk24,No Love,3IDfJpj4YVkaBl7Dd52Pxv,Byron Messia,61748,61,2023-01-20,day,36,2023-12-19
0.425,0.678,5,-6.576,0,0.0875,0.314,0.0,0.131,0.368,94.841,154839,4,29lAYflf6vkZSX7s7uUfvy,Wa Me Do,3IDfJpj4YVkaBl7Dd52Pxv,Byron Messia,61748,61,2023-01-20,day,32,2023-12-19
0.787,0.477,0,-9.782,0,0.158,0.528,0.0,0.219,0.307,104.03,147692,4,2vztMtjwysMmXruAj4z3JP,Evil We Dwell,"2JC7YH9Umra4Zc8mseZsRD,277jOUSGN5AKoZoDxvfmUP","Going Global Records,Young Star 6ixx","8531,14925","35,27",2023-01-23,day,3,2023-12-19
0.84,0.598,6,-7.193,0,0.0872,0.512,7.74e-05,0.0651,0.504,104.03,129231,4,23pJ9gtLNz2SdNCvmscvEi,Troublemaker,"2JC7YH9Umra4Zc8mseZsRD,277jOUSGN5AKoZoDxvfmUP","Going Global Records,Young Star 6ixx","8531,14925","35,27",2023-01-23,day,7,2023-12-19
0.421,0.378,1,-10.74,1,0.0982,0.861,0.0062,0.129,0.0975,93.934,170753,4,3rHwMvSq74hl0FLmqBWxdz,I Hate YS6,"2JC7YH9Umra4Zc8mseZsRD,277jOUSGN5AKoZoDxvfmUP","Going Global Records,Young Star 6ixx","8531,14925","35,27",2023-01-23,day,3,2023-12-19
0.474,0.495,1,-8.147,0,0.308,0.777,0.0,0.0808,0.212,67.342,214118,5,5U1BOiKgMxGQv4AcQAueLs,Daily Routine,"2JC7YH9Umra4Zc8mseZsRD,277jOUSGN5AKoZoDxvfmUP","Going Global Records,Young Star 6ixx","8531,14925","35,27",2023-01-23,day,2,2023-12-19
0.841,0.502,1,-6.591,0,0.103,0.385,1.22e-06,0.159,0.277,133.946,114627,4,67z7oyM9fzZBrsvnI8YXIL,#DUMB,"2JC7YH9Umra4Zc8mseZsRD,277jOUSGN5AKoZoDxvfmUP","Going Global Records,Young Star 6ixx","8531,14925","35,27",2023-01-23,day,3,2023-12-19
0.784,0.422,0,-6.412,0,0.0842,0.855,1.02e-06,0.153,0.488,125.062,130560,4,5oDJR1PyMCKtzffBDge0Q1,6ixx Real Freestyle,"2JC7YH9Umra4Zc8mseZsRD,277jOUSGN5AKoZoDxvfmUP","Going Global Records,Young Star 6ixx","8531,14925","35,27",2023-01-23,day,1,2023-12-19
0.681,0.678,6,-7.329,0,0.355,0.461,0.0,0.11,0.693,119.782,173333,5,49gpK9HlRMb1xjPodupDWw,Guns & Drugs,52hLbiHfJsarTXovhOd3qC,Wacko Dan,16452,32,2023-01-16,day,33,2023-12-19
0.633,0.762,8,-8.813,1,0.326,0.839,2.7e-05,0.346,0.713,101.414,225985,4,7FBMfb2gfZpFa4NMzX5hJB,Inna Dem Face (Flanka),2Tfe5UdBBWDTGkGwPzblJQ,Toby Boss Ent,4105,24,2023-01-14,day,1,2023-12-19
0.974,0.618,6,-6.26,1,0.359,0.0128,4.74e-06,0.0882,0.498,115.994,206072,4,2lv5MSOc7nnHRrUwDxo14W,Dirtmas Freestyle,6Iym59CxrdzsxIn9LPFR9n,Gskell,4607,9,2022-12-25,day,2,2023-12-19
0.651,0.626,7,-6.771,0,0.189,0.606,1.98e-06,0.152,0.645,101.162,208457,4,7AqszXJIAdJqnpkfxBQpSD,Burna Boy,0JSBUUBuT8pbdbw1UZggSY,Tefflon,18911,28,2023-01-12,day,7,2023-12-19
0.851,0.363,1,-12.946,1,0.408,0.669,0.0037,0.115,0.115,103.059,158604,4,1ldTyX5JGQzHe0sMJ40voU,T-Man (Dead Opps),5uvzVDn9FlHYS983u4ycGL,Toby boss ent,2444,16,2022-12-15,day,31,2023-12-19
0.89,0.531,6,-8.381,0,0.232,0.788,2.61e-05,0.109,0.418,100.078,182419,4,5NhdASXwweaNsKYM7MwUsk,Toppy Boss (Quick Quick),5uvzVDn9FlHYS983u4ycGL,Toby boss ent,2444,16,2022-02-24,day,29,2023-12-19
0.916,0.448,1,-12.133,1,0.391,0.0396,0.0,0.104,0.279,103.095,163318,4,5y3T0Pct3LxwwPTbv0UJzO,Messy (Toppy Boss),5uvzVDn9FlHYS983u4ycGL,Toby boss ent,2444,16,2022-12-15,day,13,2023-12-19
0.646,0.545,6,-9.694,0,0.253,0.821,0.0,0.101,0.521,128.392,182419,5,3uY2wLIAEKx6n7wl03LUQY,Tman (Evil Tonic),5uvzVDn9FlHYS983u4ycGL,Toby boss ent,2444,16,2022-03-18,day,22,2023-12-19
0.935,0.701,1,-8.605,0,0.26,0.151,6.81e-05,0.128,0.901,132.091,155173,4,54LHT53Et0yih6N7n9b8rF,Center,7f7sbIc0DpHIv84c7MG098,Toppy Boss,3095,10,2022-12-25,day,21,2023-12-19
0.55,0.714,11,-8.149,0,0.388,0.408,0.0,0.121,0.495,197.844,133392,4,4TNNL5BZ3IcJqS0z1Jj0fH,Never Yet,7zow5Va8ESrfnxvUF62HRH,Icee Dan,7933,21,2023-01-01,day,10,2023-12-19
0.663,0.278,2,-16.024,1,0.675,0.0904,0.0,0.0892,0.208,99.022,211057,4,6X8SpkqigZf451MRjbjkp7,People Fi Dead,3r8Hq14XJAyy6K8mlBs2s5,Rebel Sixx,50069,32,2023-02-06,day,2,2023-12-19
0.849,0.761,3,-5.569,0,0.308,0.322,0.0,0.0628,0.773,108.086,146024,4,2LPM2JyB67G8ZE2svyDd9x,Big Guns,6QJrx4J9XqIxXUBhacoJHC,Medz Boss,33706,26,2023-02-10,day,13,2023-12-19
0.879,0.67,1,-7.736,1,0.43,0.34,1.8e-06,0.267,0.262,102.027,169614,4,0W5wSRwk2nVYVYZFilItWN,No Survivor -Flanka - Chopstick Riddim,2Tfe5UdBBWDTGkGwPzblJQ,Toby Boss Ent,4105,24,2023-02-06,day,1,2023-12-19
0.854,0.569,9,-8.689,0,0.526,0.332,0.0,0.117,0.568,96.029,165000,4,4TmbAvKwiEzJuiBjVUEi5i,Badman Kingdom,271MSQRWEJLWldGZpUUQSW,Royale Music,54,2,2022-08-05,day,14,2023-12-19
0.534,0.433,9,-10.03,0,0.384,0.218,8.57e-06,0.106,0.334,99.602,188616,4,5CESVHwLvPuS960MtZzjEc,Young Generals,"52hLbiHfJsarTXovhOd3qC,4v5svwH75xhxdyaegqliH8","Wacko Dan,Reiga","16452,110","32,6",2023-02-06,day,10,2023-12-19
0.87,0.726,1,-6.548,0,0.275,0.128,0.0,0.0999,0.51,94.995,175500,4,02DQ9aGXvn8ZC5g5JgdCpq,West Bank,"2VpYQkkjCohjSPskaQGyp0,1HXkVBU6RwIxxN6xuI6b00","West Bank Records,Squash","3672,161928","30,42",2023-03-10,day,22,2023-12-19
0.517,0.592,8,-5.68,0,0.368,0.513,0.0,0.11,0.599,66.683,214831,3,2Tqrs3XmsnVoYxU754NylT,Pounds,"2VpYQkkjCohjSPskaQGyp0,6I1j34QzSTWe6u4qQWKYJe,09CgCmW9nrYOJswLZHJjO6","West Bank Records,10Tik,Trigga","3672,55938,114","30,37,10",2023-03-10,day,29,2023-12-19
0.506,0.734,7,-6.11,0,0.152,0.558,0.0,0.279,0.66,100.949,133069,4,75koO0rdVIh9c133rkwavl,R4L,"2VpYQkkjCohjSPskaQGyp0,4v5svwH75xhxdyaegqliH8","West Bank Records,Reiga","3672,110","30,6",2023-03-10,day,12,2023-12-19
0.695,0.689,9,-5.79,0,0.266,0.048,0.0,0.329,0.347,96.887,190002,4,0ZK4V3TvqsP1U1F8in0Yd9,Levelz,"2VpYQkkjCohjSPskaQGyp0,3IDfJpj4YVkaBl7Dd52Pxv","West Bank Records,Byron Messia","3672,61748","30,61",2023-03-10,day,36,2023-12-19
0.497,0.676,3,-8.19,0,0.239,0.739,0.0,0.0518,0.782,93.54,183226,4,0qGVidAbIMlpXzXCYp6pPU,Faith,"2VpYQkkjCohjSPskaQGyp0,4pP4fxW65oev1NdRd2Fbn7,6CxUKwVnCBKKP60XMvnMOL","West Bank Records,Jahshii,Jahllano","3672,72541,19787","30,39,24",2023-03-10,day,18,2023-12-19
0.732,0.7,7,-5.621,0,0.238,0.114,0.0,0.171,0.56,98.884,146818,4,5HctqAADNghQPrj3nbkmi1,Rifle Shot,"2VpYQkkjCohjSPskaQGyp0,4hUusgCL7ygXSbHyupFzao,52hLbiHfJsarTXovhOd3qC","West Bank Records,ShaqStar,Wacko Dan","3672,9800,16452","30,18,32",2023-03-10,day,16,2023-12-19
0.541,0.726,8,-6.241,0,0.124,0.519,0.0,0.167,0.352,101.351,215719,4,0jN9VurBtJ2wedvschUSIP,Stable,"2VpYQkkjCohjSPskaQGyp0,67gCSHQaBba1dikpWTEQJm,77XpBnLUoQMaZ2maul2fo0","West Bank Records,DynamiQ,Kant10t","3672,54,5525","30,4,21",2023-03-10,day,12,2023-12-19
0.65,0.553,9,-5.683,1,0.413,0.145,0.0,0.295,0.392,183.71,161739,4,3fcRZ9R8epvskhPXUwOjAL,Billboard,"2VpYQkkjCohjSPskaQGyp0,0x9s7TypDyrz5scXXzfxia","West Bank Records,YoungStar6ixx","3672,0","30,1",2023-03-10,day,10,2023-12-19
0.671,0.608,4,-7.861,0,0.17,0.26,0.0,0.383,0.24,100.053,182419,4,2ToGmJFCrKpV7HvAGNGTKV,Level Up,"2VpYQkkjCohjSPskaQGyp0,2Jv0w50BNaGlwnXpq69HGm","West Bank Records,Prince Swanny","3672,110479","30,42",2023-03-10,day,25,2023-12-19
0.492,0.775,3,-4.77,0,0.107,0.509,0.0,0.0583,0.697,92.409,170397,4,2T2yqtXc8ayP25zoSu4NCM,Havoc,"2VpYQkkjCohjSPskaQGyp0,7dvG18F378r7HRxmiHn3ti","West Bank Records,Valiant","3672,142240","30,52",2023-03-10,day,21,2023-12-19
0.719,0.487,7,-6.36,0,0.503,0.517,0.0,0.125,0.728,124.066,175484,5,3dx3ZDtP3vs9FW2Ls9wivx,Gyal & Money,"2VpYQkkjCohjSPskaQGyp0,6CxUKwVnCBKKP60XMvnMOL,1rcvxZy3klBRCw0mBLrPnx","West Bank Records,Jahllano,IMARK","3672,19787,1114","30,24,8",2023-03-10,day,18,2023-12-19
0.563,0.699,9,-5.26,0,0.378,0.511,0.0,0.0528,0.397,123.604,211304,5,74ZtuxZvo2nZec37q27zIS,W$i,"2VpYQkkjCohjSPskaQGyp0,2Jv0w50BNaGlwnXpq69HGm,52hLbiHfJsarTXovhOd3qC","West Bank Records,Prince Swanny,Wacko Dan","3672,110479,16452","30,42,32",2023-03-10,day,27,2023-12-19
0.717,0.73,10,-6.439,0,0.349,0.369,1.35e-06,0.132,0.419,95.008,141474,4,5MYBsoXxtwWEptn4dBfh6e,Icy,"2VpYQkkjCohjSPskaQGyp0,52hLbiHfJsarTXovhOd3qC,4v5svwH75xhxdyaegqliH8","West Bank Records,Wacko Dan,Reiga","3672,16452,110","30,32,6",2023-03-10,day,14,2023-12-19
0.666,0.586,1,-7.731,1,0.172,0.248,0.0,0.164,0.211,93.003,185806,4,2fbwdrWSvn1ChXlSrzhAME,No Long Talker,"2VpYQkkjCohjSPskaQGyp0,3zorWCDx017sz4UYP2fC9w","West Bank Records,Chronic Law","3672,153457","30,49",2023-03-10,day,18,2023-12-19
0.678,0.787,7,-4.242,1,0.184,0.04,0.0,0.394,0.468,93.008,175484,4,48VAJ5Ej6CO84cHF76CS87,Fighter,"2VpYQkkjCohjSPskaQGyp0,52hLbiHfJsarTXovhOd3qC,77XpBnLUoQMaZ2maul2fo0","West Bank Records,Wacko Dan,Kant10t","3672,16452,5525","30,32,21",2023-03-10,day,12,2023-12-19
0.589,0.553,0,-6.045,1,0.073,0.0418,9.65e-06,0.12,0.393,108.378,157037,5,5kVccc1dKlLe52EDuKxcdq,ROCK STAR,2Jv0w50BNaGlwnXpq69HGm,Prince Swanny,110479,42,2023-03-04,day,25,2023-12-19
0.886,0.572,1,-6.541,0,0.335,0.354,0.0,0.0857,0.367,117.98,205686,4,2cVFoSqLAvX9hfkzM7ZOs5,Jump Out,"2JC7YH9Umra4Zc8mseZsRD,5np2XqLanbxQzpEVFG0big,0ZmsMH6X0dz63imIjUGTzF,52hLbiHfJsarTXovhOd3qC","Going Global Records,Kman 6ixx,Skelly 12k,Wacko Dan","8531,13399,1941,16452","35,38,22,32",2023-03-07,day,30,2023-12-19
0.575,0.644,3,-6.362,0,0.337,0.554,0.0,0.118,0.692,111.121,157838,4,2lfOwFSoO3kuzn8tovK92T,Organized Crime,"2JC7YH9Umra4Zc8mseZsRD,7tnzhcb2y0dtPFIFVTp0A4,277jOUSGN5AKoZoDxvfmUP","Going Global Records,Tafari,Young Star 6ixx","8531,25770,14925","35,22,27",2023-03-07,day,11,2023-12-19
0.475,0.529,4,-8.815,0,0.417,0.556,0.0,0.216,0.306,182.726,149714,3,2o65n9OuCzauCKaCLyrmYx,Ocean Eyes,"2JC7YH9Umra4Zc8mseZsRD,3IDfJpj4YVkaBl7Dd52Pxv","Going Global Records,Byron Messia","8531,61748","35,61",2023-03-07,day,31,2023-12-19
0.794,0.522,9,-8.746,0,0.183,0.671,0.0,0.113,0.573,118.005,131311,4,6Vj2d26R8ikSHmzQMmo3Or,Alone,"2JC7YH9Umra4Zc8mseZsRD,3NNndNeIufzflgpHZy5obj","Going Global Records,Daan Chorus","8531,437","35,5",2023-03-07,day,7,2023-12-19
0.43,0.509,7,-6.927,1,0.0725,0.724,0.0,0.405,0.332,86.75,175104,4,4Z2VnIDSfy5JNPakfRsi8n,War Bring Pain,"2JC7YH9Umra4Zc8mseZsRD,4hUusgCL7ygXSbHyupFzao","Going Global Records,ShaqStar","8531,9800","35,18",2023-03-07,day,6,2023-12-19
0.727,0.515,6,-9.536,0,0.044,0.737,2.9e-06,0.0873,0.0904,89.98,200047,4,3QKCVJIKuHcEAz2UKLcJ7f,Demon Thoughts,"2JC7YH9Umra4Zc8mseZsRD,277jOUSGN5AKoZoDxvfmUP","Going Global Records,Young Star 6ixx","8531,14925","35,27",2023-03-07,day,9,2023-12-19
0.901,0.445,1,-4.989,1,0.107,0.303,3.84e-05,0.109,0.522,109.998,161824,4,2AfvcCjjGzLh20EjddDxMs,Fully Dark,"277jOUSGN5AKoZoDxvfmUP,52hLbiHfJsarTXovhOd3qC","Young Star 6ixx,Wacko Dan","14925,16452","27,32",2023-02-24,day,25,2023-12-19
0.541,0.574,0,-6.092,0,0.1,0.481,0.00149,0.0992,0.267,128.79,183093,5,25gAArCPkbQRxgb7HXYqrP,Moca,3IDfJpj4YVkaBl7Dd52Pxv,Byron Messia,61748,61,2023-03-17,day,48,2023-12-19
0.62,0.419,1,-8.815,0,0.246,0.437,0.0,0.11,0.122,92.341,182609,4,5LZ3yREm0WL9pMKiJo5z5u,Save Me,3IDfJpj4YVkaBl7Dd52Pxv,Byron Messia,61748,61,2023-03-17,day,28,2023-12-19
0.561,0.44,1,-9.757,1,0.402,0.467,0.0,0.0856,0.0696,122.61,245063,5,0ZxmKT960wi0uD6j5OiKCU,Bad Fi Real,66Eiq6SzJR0w5TIRVEDrcK,Flanka Dan,574,6,2022-09-08,day,17,2023-12-19
0.71,0.813,10,-2.884,0,0.111,0.614,0.00035,0.176,0.623,100.018,158560,4,2LzOam31hfrzIcmmTWRwCS,Gunz,4GjfdRM9UmdLr6pxyLZrNV,Jeff Fullyauto,24446,37,2022-10-28,day,29,2023-12-19
0.881,0.701,5,-4.907,0,0.119,0.644,0.0,0.087,0.835,105.08,156000,4,12UmBRNMTgcHeYGbaPewMg,Bad Anyway,"6QJrx4J9XqIxXUBhacoJHC,3dgEGCM7G8z1gd6mgOjYSv,2JC7YH9Umra4Zc8mseZsRD","Medz Boss,38 from BL,Going Global Records","33706,1247,8531","26,13,35",2023-03-09,day,8,2023-12-19
0.891,0.544,0,-10.054,0,0.376,0.725,0.0,0.314,0.843,99.948,134400,4,3kUAENVYvMtNr7o9kdVn9m,Bruce Lee,"4F9FUmZP7GwhLmMHyf7E15,6QJrx4J9XqIxXUBhacoJHC,2I2uQygMCImgdjD6WcOQk1","Chady Beats,Medz Boss,Jah Jah","66,33706,0","4,26,0",2023-03-16,day,6,2023-12-19
0.66,0.549,1,-8.24,1,0.532,0.251,0.0,0.093,0.384,99.967,148800,4,1qZgPEeCgrXkgWqeRxjqmf,Chip Glock,"4F9FUmZP7GwhLmMHyf7E15,6QJrx4J9XqIxXUBhacoJHC,4fD9BYCEzxeA7Gls5EHRxf","Chady Beats,Medz Boss,38","66,33706,0","4,26,0",2023-03-16,day,5,2023-12-19
0.871,0.598,1,-8.108,0,0.345,0.306,0.0,0.377,0.254,100.0,127200,4,2WepQM9aH0htiNuJzG4B4h,Can Do,"4F9FUmZP7GwhLmMHyf7E15,6QJrx4J9XqIxXUBhacoJHC,1AKDQSYf0qjiy6b5z8z1KZ","Chady Beats,Medz Boss,Young General","66,33706,235","4,26,4",2023-03-16,day,3,2023-12-19
0.875,0.511,0,-8.612,1,0.282,0.137,0.0,0.104,0.373,101.005,158311,4,7bE3AQCgf2sfg7ZK6hSRqJ,Squeeze,"277jOUSGN5AKoZoDxvfmUP,2JC7YH9Umra4Zc8mseZsRD","Young Star 6ixx,Going Global Records","14925,8531","27,35",2023-03-09,day,9,2023-12-19
0.604,0.897,1,-4.903,0,0.232,0.184,1.34e-06,0.14,0.288,150.039,154400,4,1V2djvKzus6MvaBBr7Pmvt,Contract,3UwGbC4Sl9MmonrpWo6grS,Boy Boy,28641,39,2023-01-19,day,34,2023-12-19
0.761,0.611,1,-7.066,1,0.235,0.0389,0.0,0.171,0.358,97.975,173878,4,4PUFl3OyaPjDEcXnhfWibA,Aresenal,277jOUSGN5AKoZoDxvfmUP,Young Star 6ixx,14925,27,2022-05-13,day,15,2023-12-19
0.59,0.435,1,-8.183,0,0.346,0.0628,0.0,0.0794,0.127,135.963,188235,5,5FuUs5dhaZL3ZW82KzEC5J,Escape,7c8WSGTjxRP9sOob1KukJA,Kalonji,32939,29,2023-03-31,day,17,2023-12-19
0.667,0.62,10,-8.163,0,0.247,0.228,0.0,0.15,0.413,94.535,186540,4,7bRLFKENP2YF740sSM7Osb,Dear God,7oGGekD4rk6G8JdQz6zO8K,Prince Kratos,56,7,2023-03-30,day,0,2023-12-19
0.382,0.543,4,-11.255,0,0.36,0.104,0.0,0.119,0.354,198.186,183188,4,6oC3NuvFpO9Cpb85e5oVVp,Baila Me,"4W1YDUIlG2VramwT3zKYah,1RibojNR07sKTI6H21OIcH","Mountainside Music,Gustavo","811,0","3,11",2023-04-14,day,0,2023-12-19
0.471,0.531,11,-10.892,0,0.589,0.203,0.0,0.154,0.485,75.503,194625,3,7okyK9yr6QQyQdr8bDHFrL,My 3 Points,"4W1YDUIlG2VramwT3zKYah,6CxUKwVnCBKKP60XMvnMOL","Mountainside Music,Jahllano","811,19787","3,24",2023-04-14,day,0,2023-12-19
0.514,0.59,4,-9.628,0,0.524,0.0983,0.0,0.108,0.386,193.022,241800,4,7aJjUdmsQNg3XNbWpmomxa,Guide Meh Steps,"4W1YDUIlG2VramwT3zKYah,1SLMAdG5Kpsv1J8psTYjEf","Mountainside Music,Gully Lyon","811,0","3,0",2023-04-14,day,0,2023-12-19
0.545,0.505,11,-10.704,0,0.486,0.0337,2.33e-06,0.112,0.557,199.924,187763,4,2G6R8fRDgs2vRNtTnqBTtE,Mama,"4W1YDUIlG2VramwT3zKYah,0KScp699akXe713AEh7qzp,0jLuzGZtzYmwFc6sM5UQRP,3o3l4ug9crjhOJuuTYCvK8","Mountainside Music,Mr Renzo,Ovy Thouni,Jeico","811,305,0,0","3,9,0,0",2023-04-14,day,0,2023-12-19
0.466,0.547,11,-10.596,0,0.514,0.00737,0.0,0.121,0.58,198.22,240750,4,0SYHZvgn7isoGtr5e7OvMF,My Type,"4W1YDUIlG2VramwT3zKYah,05My8nWYrssR5yegW9Z295","Mountainside Music,Don Trini","811,0","3,0",2023-04-14,day,0,2023-12-19
0.535,0.524,11,-10.205,0,0.359,0.0332,0.0,0.109,0.566,86.779,182850,1,2U0CmMfc4QCZJiSmmlatJK,Place to F_ck,"4W1YDUIlG2VramwT3zKYah,4GG6KG2KY40XjjfyBeYbAo","Mountainside Music,Shade Mischif","811,194","3,3",2023-04-14,day,0,2023-12-19
0.63,0.503,8,-6.053,1,0.226,0.081,0.0,0.111,0.144,93.143,188936,4,0HhzLfoSzR74w8Bl6kbOi7,Stranger to Happiness,"3IDfJpj4YVkaBl7Dd52Pxv,5Xi3NfsVBIEbaWVUfBTy39","Byron Messia,Govana","61748,148061","61,39",2023-04-17,day,35,2023-12-19
0.748,0.612,9,-9.379,0,0.4,0.535,0.0,0.109,0.307,97.947,149388,4,3sVnxj2nUt5pBgj67wXZBw,Nuclear,58GP6t4N8aiJkHTOM41ECz,Plumpy Boss,20294,29,2023-04-25,day,26,2023-12-19
0.698,0.545,1,-9.173,0,0.217,0.886,0.00433,0.107,0.503,99.99,199200,4,00B3fskasf9VLNtMneXV5k,Flame,277jOUSGN5AKoZoDxvfmUP,Young Star 6ixx,14925,27,2023-04-23,day,5,2023-12-19
0.794,0.836,2,-1.844,0,0.0878,0.785,0.0,0.128,0.767,106.014,166000,4,0H6MYene1BeuiEBtAgbtNe,Malandro,"52hLbiHfJsarTXovhOd3qC,1FrcEspJXiHYcND44UGFC0","Wacko Dan,Tman","16452,30","32,2",2023-04-05,day,10,2023-12-19
0.852,0.493,0,-6.864,1,0.126,0.69,0.0,0.136,0.536,95.961,135000,4,60dsUQLmBvLRlD6aLDOiAr,GBG Pt2,"52hLbiHfJsarTXovhOd3qC,0ZmsMH6X0dz63imIjUGTzF","Wacko Dan,Skelly 12k","16452,1941","32,22",2023-04-04,day,35,2023-12-19
0.56,0.595,6,-7.978,0,0.442,0.0908,0.0,0.157,0.276,129.959,183750,5,16f81p8orSNLos6Yt1jOPt,Balance,"7c8WSGTjxRP9sOob1KukJA,52hLbiHfJsarTXovhOd3qC","Kalonji,Wacko Dan","32939,16452","29,32",2023-05-04,day,26,2023-12-19
0.613,0.72,5,-7.253,1,0.232,0.357,0.0,0.21,0.809,181.959,175750,4,7mFWpUjhZBLAEp2wr6SL48,Greatness,"7tnzhcb2y0dtPFIFVTp0A4,6bsjIzIKLCOtbAptmob0WW","Tafari,Hezefrm3","25770,13","22,0",2023-04-28,day,3,2023-12-19
0.799,0.573,1,-7.477,1,0.401,0.0527,0.0,0.325,0.851,86.981,178458,4,1UaZFhGJjhEMpiwwN3QtT7,Chop Money,0Axhoeh7NOjZu0Xl1lEov6,Sif Sose,127,7,2023-04-22,day,0,2023-12-19
0.928,0.553,8,-8.906,1,0.354,0.472,0.0,0.0948,0.694,101.973,161569,4,1erTiBNgFjL64K5XMNxOal,Opp Killa,"6QJrx4J9XqIxXUBhacoJHC,5XqEmYPTQk1zmHhG9Mia4a,08zV53NIwdMxzgCRsjAlaY","Medz Boss,Young General,DiTRUTH","33706,7,38","26,2,16",2023-05-09,day,15,2023-12-19
0.537,0.583,2,-8.768,1,0.504,0.367,0.0,0.17,0.0975,81.194,218947,3,0TKbzCtQuLgWF0tqdBO9BI,My Route,7IbkKTNpBj7MORRdt3oge3,Zerimar,29786,33,2023-05-16,day,22,2023-12-19
0.805,0.428,0,-10.214,0,0.195,0.087,1.94e-06,0.17,0.226,105.073,148571,4,3csxMcFHYMoWXa41NYLVvo,17,7c8WSGTjxRP9sOob1KukJA,Kalonji,32939,29,2023-05-15,day,17,2023-12-19
0.86,0.64,9,-4.867,0,0.35,0.355,0.0,0.111,0.445,103.859,171000,4,0XYspW7tKsN7qINb4NGjko,Buss,52hLbiHfJsarTXovhOd3qC,Wacko Dan,16452,32,2023-05-16,day,25,2023-12-19
0.855,0.684,4,-5.09,0,0.0876,0.354,0.0,0.181,0.114,101.965,174118,4,1AeaFQUFmRzhlsGqHw4hWO,Bereaved,277jOUSGN5AKoZoDxvfmUP,Young Star 6ixx,14925,27,2023-05-12,day,7,2023-12-19
0.76,0.48,5,-7.715,0,0.556,0.734,0.0,0.3,0.371,125.242,168000,5,0zrE7om43N5KZKEF4fIXPA,Born Winner,52hLbiHfJsarTXovhOd3qC,Wacko Dan,16452,32,2023-05-16,day,41,2023-12-19
0.76,0.55,4,-6.986,0,0.202,0.493,0.0,0.106,0.122,114.778,133953,5,5OXeiXt8EylJCPybgoTI1i,Revenge,52hLbiHfJsarTXovhOd3qC,Wacko Dan,16452,32,2023-05-16,day,26,2023-12-19
0.859,0.601,4,-5.619,0,0.245,0.14,0.0,0.118,0.449,111.048,192432,4,4fSXmMHvNWuM1sBzRsYRT1,Got Gun,52hLbiHfJsarTXovhOd3qC,Wacko Dan,16452,32,2023-05-16,day,20,2023-12-19
0.808,0.554,3,-7.737,0,0.29,0.594,0.0,0.1,0.495,102.124,157465,4,0kZLclYUP3JsHpEUF5rSUZ,Brawling,52hLbiHfJsarTXovhOd3qC,Wacko Dan,16452,32,2023-05-16,day,29,2023-12-19
0.791,0.503,10,-10.171,0,0.181,0.478,2.31e-05,0.147,0.353,104.048,138462,4,2de6xxOnLD4kd6ziTuCpWd,Black Rain,5np2XqLanbxQzpEVFG0big,Kman 6ixx,13399,38,2023-04-28,day,45,2023-12-19
0.638,0.449,2,-8.729,0,0.267,0.394,0.0,0.265,0.358,99.984,168176,4,66PatK9za7dmGwupmjFG5h,Government Badness,"7tnzhcb2y0dtPFIFVTp0A4,3ZvDK5kO0JI9ZFS2grjpOr","Tafari,Blutooth","25770,6","22,0",2023-05-27,day,7,2023-12-19
0.718,0.65,8,-8.851,0,0.228,0.302,0.0101,0.111,0.494,123.305,166000,5,107a7kDsUhcDPFGAoFMjaX,IDK,3IDfJpj4YVkaBl7Dd52Pxv,Byron Messia,61748,61,2020-12-25,day,16,2023-12-19
0.91,0.554,10,-7.722,0,0.218,0.271,1.88e-06,0.102,0.515,103.984,172072,4,4Aftb2WWgB1aPLkdUsn3CC,90z,3IDfJpj4YVkaBl7Dd52Pxv,Byron Messia,61748,61,2023-05-26,day,55,2023-12-19
0.924,0.513,4,-6.996,1,0.0526,0.457,0.00267,0.0802,0.732,100.001,194448,4,3BcnfcYc6Gi3G034DIFCFO,Baghdad,2Jv0w50BNaGlwnXpq69HGm,Prince Swanny,110479,42,2023-05-28,day,39,2023-12-19
0.587,0.301,1,-12.019,0,0.853,0.472,0.0,0.0981,0.115,99.449,192451,4,1nueTvULXP3uOsVQrrBh5x,Envy & Jealousy,"7tnzhcb2y0dtPFIFVTp0A4,42vTbs0hn99UDZg4JDIcmf","Tafari,Wacko Dan","25770,1","22,0",2023-05-26,day,7,2023-12-19
0.65,0.505,10,-7.429,0,0.0963,0.242,0.0,0.103,0.68,133.319,192000,5,7mvsQ4pXGOgbsSScX62zis,FOCUS,5np2XqLanbxQzpEVFG0big,Kman 6ixx,13399,38,2023-03-19,day,40,2023-12-19
0.632,0.491,8,-13.093,1,0.396,0.157,0.0,0.298,0.419,128.208,222929,5,3cFNIkopgpJmRDKB6T3qgV,Mash Dem,"0694wSygwjV7uwEZzURfak,52hLbiHfJsarTXovhOd3qC","DAMOO BEATZ,Wacko Dan","83,16452","5,32",2023-06-03,day,11,2023-12-19
0.872,0.533,1,-10.35,0,0.123,0.415,0.0,0.0738,0.927,102.962,233326,4,3A6LU4YYxCHem7qQtdrPsL,From Di Gutter,"0694wSygwjV7uwEZzURfak,52hLbiHfJsarTXovhOd3qC","DAMOO BEATZ,Wacko Dan","83,16452","5,32",2023-06-03,day,11,2023-12-19
0.827,0.693,8,-4.549,0,0.389,0.299,0.0,0.116,0.515,141.877,198716,4,1nRg4wYz5qbayok2YFYUrG,Bufu,3UwGbC4Sl9MmonrpWo6grS,Boy Boy,28641,39,2023-05-18,day,41,2023-12-19
0.784,0.532,10,-6.526,0,0.564,0.72,0.0,0.117,0.664,99.783,156056,4,6OktTIuNAkOieejZJ1phTv,Banger,277jOUSGN5AKoZoDxvfmUP,Young Star 6ixx,14925,27,2023-06-09,day,6,2023-12-19
0.864,0.488,10,-7.017,1,0.101,0.305,0.0,0.145,0.205,101.994,175187,4,7JYhc2ePyk2s1GpECk1kzX,Dark Side,5np2XqLanbxQzpEVFG0big,Kman 6ixx,13399,38,2023-04-19,day,41,2023-12-19
0.928,0.466,10,-6.599,0,0.351,0.458,0.0,0.0904,0.34,100.062,154050,4,4l3ltOnYxyXSiGOm2ynsFW,GBG,"5np2XqLanbxQzpEVFG0big,2JC7YH9Umra4Zc8mseZsRD","Kman 6ixx,Going Global Records","13399,8531","38,35",2023-03-19,day,37,2023-12-19
0.493,0.566,2,-5.005,0,0.08,0.292,0.0,0.107,0.131,121.036,197802,5,4oQlQcDItI187o2lofmxEo,Reincarnation,5np2XqLanbxQzpEVFG0big,Kman 6ixx,13399,38,2023-04-19,day,28,2023-12-19
0.793,0.48,1,-9.778,0,0.341,0.094,0.0,0.204,0.31,99.978,154854,4,6ByNVafdCnTA0JUc1K3NAo,Flip Side,7c8WSGTjxRP9sOob1KukJA,Kalonji,32939,29,2023-06-05,day,27,2023-12-19
0.796,0.895,8,-5.24,0,0.312,0.436,0.000123,0.224,0.817,107.08,139065,4,51FGjUhYDhZqJyBgEC9m1o,Bounce,"3UwGbC4Sl9MmonrpWo6grS,51op6E2hjkeutwFhgw32mL","Boy Boy,BackRoad Gee","28641,33329","39,43",2023-06-08,day,25,2023-12-19
0.608,0.563,5,-9.171,0,0.174,0.699,8.69e-05,0.146,0.379,92.947,198999,4,4qcE1UTVpXpOAN2nMUH8li,Garrison Above (Remix) - Speed Up,"3zorWCDx017sz4UYP2fC9w,3IDfJpj4YVkaBl7Dd52Pxv,3fRULl7jxXqrHyIOFeYzVd","Chronic Law,Byron Messia,Akeem876","153457,61748,194","49,61,29",2023-06-09,day,31,2023-12-19
0.586,0.574,2,-5.96,0,0.194,0.427,0.0,0.141,0.674,95.442,166000,4,06K4Io2YMa74MtnadbHcSy,Overcome,"2JC7YH9Umra4Zc8mseZsRD,2kNL5eBpFCpOQu81GJ4lZb","Going Global Records,Jovi Ton","8531,3901","35,4",2023-06-02,day,4,2023-12-19
0.385,0.695,1,-5.243,0,0.172,0.0268,0.00135,0.192,0.391,66.85,146400,5,3clQTD7DMfHOzpWJIx9crL,Murda Dem,"2VpYQkkjCohjSPskaQGyp0,7m9XVoclUiChouSrsuE2Za","West Bank Records,Priceless","3672,331","30,4",2023-04-05,day,11,2023-12-19
0.753,0.586,10,-8.027,0,0.128,0.706,0.0,0.129,0.608,133.423,139259,5,15XTSOsWXWAjuEaQs7Y7te,Nightmare,2Jv0w50BNaGlwnXpq69HGm,Prince Swanny,110479,42,2023-06-13,day,40,2023-12-19
0.68,0.412,5,-9.918,0,0.42,0.207,0.0,0.105,0.389,116.154,186000,5,78caUue2kS1L8XZgPijdn6,I Hate Byron,3IDfJpj4YVkaBl7Dd52Pxv,Byron Messia,61748,61,2023-06-23,day,34,2023-12-19
0.541,0.726,5,-5.309,1,0.31,0.686,0.0,0.0843,0.85,133.169,89986,5,45hMYTDreHlTlgUei0IoDC,Advance War,3UwGbC4Sl9MmonrpWo6grS,Boy Boy,28641,39,2023-06-23,day,31,2023-12-19
0.594,0.459,5,-9.233,0,0.276,0.691,0.0,0.184,0.484,141.747,125070,4,5zqxOFotUZnUxYa76XHWWT,Risky Procedure,7IbkKTNpBj7MORRdt3oge3,Zerimar,29786,33,2023-06-14,day,33,2023-12-19
0.691,0.596,9,-6.3,0,0.171,0.195,0.0,0.203,0.496,99.896,117600,4,4pQh1nFlbv7J9cs2g6Ag4X,Be Somebody,6QJrx4J9XqIxXUBhacoJHC,Medz Boss,33706,26,2023-06-19,day,14,2023-12-19
0.749,0.552,11,-9.169,0,0.253,0.0584,0.0,0.113,0.149,102.156,190588,4,7nbjJUMXongH1eeg8nrnDn,Lethal,58GP6t4N8aiJkHTOM41ECz,Plumpy Boss,20294,29,2023-06-27,day,23,2023-12-19
0.822,0.545,3,-5.234,0,0.278,0.422,0.0,0.102,0.19,103.968,171923,4,25gMSkqJ3hRdU67dOA3xQA,We Done Ready,5np2XqLanbxQzpEVFG0big,Kman 6ixx,13399,38,2023-06-21,day,42,2023-12-19
0.924,0.653,2,-4.933,1,0.0891,0.11,6.88e-06,0.108,0.0577,109.956,166364,4,3ZHDUlubVq5lbNnxmlRLVS,Steamy,58GP6t4N8aiJkHTOM41ECz,Plumpy Boss,20294,29,2023-06-19,day,25,2023-12-19
0.792,0.864,11,-4.297,0,0.212,0.546,0.0,0.0818,0.322,90.046,173528,4,5eLEYrck7xPNB3f8vX08Dd,Brand New,2Jv0w50BNaGlwnXpq69HGm,Prince Swanny,110479,42,2023-03-01,day,28,2023-12-19
0.596,0.616,6,-8.202,0,0.414,0.358,1.59e-06,0.132,0.272,127.163,117816,5,3lIBGfn48kWNRPXoSVChF8,Spain Town,"3IDfJpj4YVkaBl7Dd52Pxv,3oPAWnUbHSkerwat9nlVXK","Byron Messia,Finga Quenga","61748,2437","61,14",2023-06-23,day,29,2023-12-19
0.599,0.546,7,-11.796,0,0.363,0.181,0.0,0.0999,0.249,115.517,136718,4,7fIV5VwU5VmgpPqaz4s3Ef,Panic,26ZEKZVt8FKYaYc4wEO6xf,Yung Mike,87,4,2023-07-10,day,0,2023-12-19
0.576,0.434,5,-14.06,0,0.44,0.0671,0.0,0.135,0.296,105.667,149499,4,0AfFMvabXuwhYTY6AlTdRF,No Opportunity - Remix,"26ZEKZVt8FKYaYc4wEO6xf,3adjEuueg4rtrN4r5E0qUH","Yung Mike,Sa'ra Charismata","87,594","4,2",2023-06-13,day,12,2023-12-19
0.767,0.428,5,-14.127,0,0.0598,0.577,0.000185,0.101,0.502,104.038,144248,4,2Qs7fPu6eUpp3x3atFg9yZ,OWN STYLE,26ZEKZVt8FKYaYc4wEO6xf,Yung Mike,87,4,2022-03-20,day,0,2023-12-19
0.657,0.43,0,-13.262,0,0.451,0.204,0.0,0.117,0.54,131.733,130800,5,79KXEIIWJNJ9XjrXHr8Tlh,No time,2Jv0w50BNaGlwnXpq69HGm,Prince Swanny,110479,42,2023-07-10,day,37,2023-12-19
0.711,0.574,11,-11.648,0,0.365,0.0973,0.0,0.0898,0.0391,102.19,219429,4,0UCn1BRWP15ngsJ0MYtrfJ,Lethal,58GP6t4N8aiJkHTOM41ECz,Plumpy Boss,20294,29,2023-07-19,day,0,2023-12-19
0.914,0.505,9,-6.77,0,0.31,0.227,2.73e-06,0.132,0.54,102.937,176453,4,5zq5fYXIE7X842DD5HBiiB,Talibans II,"3wcj11K77LjEY1PkEazffa,3IDfJpj4YVkaBl7Dd52Pxv","Burna Boy,Byron Messia","7560380,61748","78,61",2023-07-20,day,66,2023-12-19
0.633,0.58,10,-7.962,0,0.48,0.188,0.0,0.0878,0.322,127.516,128964,5,3wfk1Ne521VKDna6by6WSu,More Than 100,3UwGbC4Sl9MmonrpWo6grS,Boy Boy,28641,39,2023-07-20,day,34,2023-12-19
0.825,0.695,8,-4.542,0,0.402,0.296,0.0,0.153,0.521,141.897,198716,4,51sF6PkE0xZ6QxZDcCalGS,Bufu,3UwGbC4Sl9MmonrpWo6grS,Boy Boy,28641,39,2023-07-20,day,11,2023-12-19
0.604,0.897,1,-4.903,0,0.232,0.184,1.34e-06,0.14,0.288,150.039,154400,4,0U5PrY6Pl2XR6ssb7OA6PQ,Contract,3UwGbC4Sl9MmonrpWo6grS,Boy Boy,28641,39,2023-07-20,day,12,2023-12-19
0.762,0.604,7,-6.505,0,0.244,0.344,0.0,0.547,0.48,180.087,157344,4,5PHE6H3iJaLYsSeIJ9oF6b,7.62,7tnzhcb2y0dtPFIFVTp0A4,Tafari,25770,22,2023-07-19,day,13,2023-12-19
0.756,0.438,2,-9.052,0,0.302,0.573,0.0,0.0972,0.434,64.769,166243,4,0IxYmZd1kOsdCu0YL1RGw2,Moody,7tnzhcb2y0dtPFIFVTp0A4,Tafari,25770,22,2023-07-19,day,17,2023-12-19
0.894,0.211,7,-16.759,0,0.518,0.366,0.0,0.0666,0.625,104.858,129411,4,2PpGNd392BdGqRdNIVh3h9,Freaky,7tnzhcb2y0dtPFIFVTp0A4,Tafari,25770,22,2023-07-19,day,7,2023-12-19
0.784,0.407,0,-9.945,0,0.0788,0.563,0.0,0.202,0.401,103.018,192000,4,02UuyhRUd4e8BrVhVlA3V0,Lifestyle,7tnzhcb2y0dtPFIFVTp0A4,Tafari,25770,22,2023-07-19,day,13,2023-12-19
0.748,0.466,11,-10.398,1,0.142,0.368,0.0,0.152,0.331,96.03,247432,4,6ryQ8mGP9lg9ORBe8c5bfW,Unstoppable,7tnzhcb2y0dtPFIFVTp0A4,Tafari,25770,22,2023-07-19,day,6,2023-12-19
0.722,0.374,1,-12.669,1,0.337,0.205,0.0,0.145,0.685,88.107,156015,4,3pkZHwTN5kNMKkw0kdokwb,Dreams Turn Reality,"7tnzhcb2y0dtPFIFVTp0A4,0NLLA3BxzC9yDxn6TleUvn","Tafari,Kman 6ixx","25770,0","22,0",2023-07-19,day,7,2023-12-19
0.858,0.774,11,-5.228,1,0.209,0.254,1.3e-05,0.243,0.279,101.98,171765,4,6NFFQg2hBT4iZtgm1FYXbR,Duppy Maker,"277jOUSGN5AKoZoDxvfmUP,2Z2ttTDzbwUhfMWVt246Vg","Young Star 6ixx,Bonez 6ixx","14925,32","27,1",2023-07-13,day,7,2023-12-19
0.558,0.726,7,-8.03,0,0.294,0.536,0.0,0.134,0.413,124.225,187200,5,4vzUh9FsJQ1rMVNMUfJYOW,D.M.U (Doh Much Up),"7IbkKTNpBj7MORRdt3oge3,1lIkGKWtOn1ws5NZ5eNuEd","Zerimar,Dynasty Global","29786,23","33,10",2023-07-14,day,26,2023-12-19
0.497,0.699,10,-6.694,0,0.27,0.365,0.0,0.124,0.817,92.87,170323,4,68oguKBVPCAfdWRy0AtFlx,Celebrate,"2VpYQkkjCohjSPskaQGyp0,52hLbiHfJsarTXovhOd3qC","West Bank Records,Wacko Dan","3672,16452","30,32",2023-06-29,day,18,2023-12-19
0.536,0.497,5,-6.654,1,0.109,0.266,0.0,0.267,0.424,121.307,192665,5,4dz2bMD2Q6Gi8PtK4rZh4T,Who Real,"2VpYQkkjCohjSPskaQGyp0,5MHMq3vvousrJcs1Y4ZWoT,2tJ1nKxTNrHxCcwez912SR","West Bank Records,Going Global Records,Gskell","3672,1,1","30,0,0",2023-06-29,day,9,2023-12-19
0.573,0.638,5,-2.215,1,0.149,0.575,7.18e-06,0.248,0.42,189.663,166412,4,7s6qc7iKTWZR2jggSKrWYg,Changes,"2VpYQkkjCohjSPskaQGyp0,4hUusgCL7ygXSbHyupFzao","West Bank Records,ShaqStar","3672,9800","30,18",2023-06-29,day,17,2023-12-19
0.591,0.481,5,-6.735,1,0.227,0.321,0.0,0.252,0.337,181.994,145055,4,5p9yNv9WyGFH40ZqG3TtHn,Father,"2VpYQkkjCohjSPskaQGyp0,5cehzk0I8giEmW4wFLXiRP","West Bank Records,Jovi Ton","3672,2","30,0",2023-06-29,day,8,2023-12-19
0.736,0.631,9,-4.258,0,0.15,0.669,0.0,0.123,0.464,98.086,172653,4,2IRTKjxZEIChAZ6ueimfiw,All Out,"2VpYQkkjCohjSPskaQGyp0,4v5svwH75xhxdyaegqliH8","West Bank Records,Reiga","3672,110","30,6",2023-06-29,day,11,2023-12-19
0.891,0.591,10,-5.649,1,0.228,0.458,1.09e-06,0.0902,0.28,100.047,196800,4,1XnOOzWMBbF8iq0VF4tT5d,Letter To My Opps,"2VpYQkkjCohjSPskaQGyp0,277jOUSGN5AKoZoDxvfmUP","West Bank Records,Young Star 6ixx","3672,14925","30,27",2023-06-29,day,26,2023-12-19
0.493,0.766,1,-4.929,0,0.124,0.107,0.0,0.121,0.337,92.481,187826,4,0wJeUiDgVULDbBoESyeKop,Warning,"2VpYQkkjCohjSPskaQGyp0,52hLbiHfJsarTXovhOd3qC","West Bank Records,Wacko Dan","3672,16452","30,32",2023-06-29,day,20,2023-12-19
0.692,0.78,0,-4.077,1,0.299,0.308,0.0,0.135,0.366,103.903,148932,4,5ldxmUMdWJHoWsNZh6h1fB,Know Bout We,"2VpYQkkjCohjSPskaQGyp0,5PWuYru7gWhcgzNsr5RaC1","West Bank Records,Beat Musik","3672,1","30,0",2023-06-29,day,8,2023-12-19
0.813,0.702,6,-5.483,0,0.143,0.582,0.0,0.0908,0.226,95.905,185000,4,2VHPu6ZWGII1uZPawhZT5O,Guns Like These,"2VpYQkkjCohjSPskaQGyp0,2Jv0w50BNaGlwnXpq69HGm","West Bank Records,Prince Swanny","3672,110479","30,42",2023-06-29,day,30,2023-12-19
0.87,0.571,5,-5.776,0,0.0607,0.497,4.64e-06,0.136,0.127,103.993,171923,4,54uLtjU9xyvZcMuSGKkAed,Team T,"2VpYQkkjCohjSPskaQGyp0,5Pe4MqEuPta6GdCDxzoosc","West Bank Records,Kman 6ixx","3672,24","30,23",2023-06-29,day,43,2023-12-19
0.418,0.641,10,-7.16,1,0.178,0.471,0.0,0.314,0.323,194.84,198367,4,1t9708CpPhTn2rvk8LRSkc,Police,"2VpYQkkjCohjSPskaQGyp0,67gCSHQaBba1dikpWTEQJm","West Bank Records,DynamiQ","3672,54","30,4",2023-06-29,day,12,2023-12-19
0.814,0.687,1,-6.512,1,0.228,0.451,0.0,0.13,0.433,100.04,230113,4,4y1QYi8m3GowMshYDQ7S9o,War Start,"2VpYQkkjCohjSPskaQGyp0,2PmhRbTRFSFWHQR4ZGngSx,77XpBnLUoQMaZ2maul2fo0","West Bank Records,TDan,Kant10t","3672,4,5525","30,1,21",2023-06-29,day,10,2023-12-19
0.706,0.475,8,-11.991,1,0.816,0.667,0.0,0.0939,0.38,131.466,195344,5,564tfqODOw0m6IeqY0gXTn,Tman(Blixky),66Eiq6SzJR0w5TIRVEDrcK,Flanka Dan,574,6,2022-08-22,day,18,2023-12-19
0.859,0.583,10,-5.67,0,0.0822,0.337,5.28e-06,0.096,0.44,118.058,138305,4,3dHFbW7X78F5ID7TVHNAVd,Gcity,"2JC7YH9Umra4Zc8mseZsRD,5np2XqLanbxQzpEVFG0big","Going Global Records,Kman 6ixx","8531,13399","35,38",2023-07-13,day,26,2023-12-19
0.429,0.696,7,-6.222,1,0.091,0.212,4.32e-06,0.36,0.0847,129.693,135952,4,0f4JB6MaZA3oB7oIdPK4FI,Big 40,"2JC7YH9Umra4Zc8mseZsRD,277jOUSGN5AKoZoDxvfmUP","Going Global Records,Young Star 6ixx","8531,14925","35,27",2023-07-13,day,3,2023-12-19
0.88,0.553,3,-5.512,0,0.243,0.284,0.000523,0.094,0.21,101.903,155882,4,4KSPoZDQKPQdf3iNaih0vB,Darkest Hour,"2JC7YH9Umra4Zc8mseZsRD,5wqm8u0YEPKbX3LHFzErxG","Going Global Records,Young Shotta","8531,3","35,1",2023-07-13,day,5,2023-12-19
0.788,0.796,6,-3.775,0,0.0758,0.616,1.03e-06,0.17,0.55,109.009,180550,4,0p25iu68sprOCyV5LfhEXy,Bad Inna Real Life,"2JC7YH9Umra4Zc8mseZsRD,277jOUSGN5AKoZoDxvfmUP","Going Global Records,Young Star 6ixx","8531,14925","35,27",2023-07-13,day,7,2023-12-19
0.64,0.754,11,-5.097,0,0.197,0.336,8.74e-06,0.111,0.211,106.611,140027,4,7MnqwNJjiOKALqKJegMuL1,Freestyle,"2JC7YH9Umra4Zc8mseZsRD,2Z2ttTDzbwUhfMWVt246Vg","Going Global Records,Bonez 6ixx","8531,32","35,1",2023-07-13,day,3,2023-12-19
0.852,0.626,8,-8.991,0,0.187,0.383,0.0,0.105,0.683,104.024,169947,4,1BO4uSqJecEBScZPr3RA9g,BAD GAIL,"26ZEKZVt8FKYaYc4wEO6xf,5vAXNW7bfvl8Htg2m05mgG","Yung Mike,Jmonie","87,0","4,1",2022-03-20,day,11,2023-12-19
0.719,0.533,11,-8.887,0,0.0771,0.384,0.0,0.0953,0.21,100.148,196865,4,2mc4dlMnTvCzBoyigbGAjg,Gone Too Soon,3IDfJpj4YVkaBl7Dd52Pxv,Byron Messia,61748,61,2022-08-19,day,28,2023-12-19
0.691,0.338,1,-9.778,0,0.213,0.0558,1.51e-05,0.107,0.143,100.261,175200,4,71bl7HvNfsyOmFFmzFoGYh,Prolific,7c8WSGTjxRP9sOob1KukJA,Kalonji,32939,29,2023-05-13,day,18,2023-12-19
0.477,0.301,1,-10.546,1,0.107,0.248,0.000166,0.136,0.0469,97.979,178407,4,2svoiNj25TDFFpdusjwDK7,Brawling,"7c8WSGTjxRP9sOob1KukJA,0ZmsMH6X0dz63imIjUGTzF,52hLbiHfJsarTXovhOd3qC","Kalonji,Skelly 12k,Wacko Dan","32939,1941,16452","29,22,32",2023-05-04,day,27,2023-12-19
0.496,0.581,6,-9.724,0,0.247,0.209,0.0,0.394,0.343,129.304,172800,5,2OR5DQUTgIb1tRlqPZWMA6,Blessed,7c8WSGTjxRP9sOob1KukJA,Kalonji,32939,29,2023-05-04,day,11,2023-12-19
0.51,0.706,1,-7.168,1,0.219,0.322,0.0,0.219,0.606,95.108,161737,4,5YpeUlgHji9v6kRhyN4LPb,Bredda,"0yTGEWwfC4x5G54ybd12h5,6CxUKwVnCBKKP60XMvnMOL","Avi Da Artiste,Jahllano","200,19787","8,24",2023-07-04,day,1,2023-12-19
0.638,0.599,0,-5.625,0,0.279,0.191,0.0,0.613,0.16,123.952,188387,5,6bznMbRDTzcYPbUEcjLCiZ,Malice,271MSQRWEJLWldGZpUUQSW,Royale Music,54,2,2023-08-16,day,4,2023-12-19
0.54,0.468,1,-8.45,1,0.207,0.758,4.29e-06,0.3,0.226,130.412,185347,5,17rfAF2eIHDx9jvPOgOOKG,Nice,"7IbkKTNpBj7MORRdt3oge3,1lIkGKWtOn1ws5NZ5eNuEd","Zerimar,Dynasty Global","29786,23","33,10",2023-07-21,day,20,2023-12-19
0.95,0.648,7,-5.441,1,0.0748,0.493,0.0,0.0806,0.408,110.053,160909,4,3qRc9XiaHmB8m7cYUftQym,My Favorite,58GP6t4N8aiJkHTOM41ECz,Plumpy Boss,20294,29,2023-08-15,day,40,2023-12-19
0.647,0.552,5,-8.293,1,0.375,0.262,0.0,0.179,0.192,190.314,227368,4,6EtiO5G4GY2SXAof2yyAxi,We Nah Wait,"58GP6t4N8aiJkHTOM41ECz,1mQBzXJm0nBVdhFwPKsNu0,3GO7uRLHKxHnCOFT8zhGld","Plumpy Boss,JAH JAH,Castella","20294,643,990","29,17,20",2023-07-08,day,36,2023-12-19
0.624,0.597,3,-4.535,0,0.104,0.336,0.0,0.108,0.317,111.503,207529,5,70SOIPjoONu7pQxcqo4Tji,Betrayal,58GP6t4N8aiJkHTOM41ECz,Plumpy Boss,20294,29,2023-07-02,day,23,2023-12-19
0.857,0.581,10,-6.366,0,0.276,0.449,0.0,0.0878,0.57,113.079,176283,4,5tU4L0rrFc4rsgajrTlXwk,Watch Dis,277jOUSGN5AKoZoDxvfmUP,Young Star 6ixx,14925,27,2023-08-05,day,11,2023-12-19
0.592,0.687,10,-5.267,1,0.455,0.116,0.0,0.123,0.395,199.774,135454,4,7FBqdvus3onovKGcmheuIV,Love Guns,"2JC7YH9Umra4Zc8mseZsRD,1FrcEspJXiHYcND44UGFC0,5nShW6YM9YdIArHoiapYxz","Going Global Records,Tman,Chigga","8531,30,0","35,2,0",2023-08-23,day,8,2023-12-19
0.849,0.486,6,-10.286,0,0.191,0.0411,0.0,0.111,0.417,103.961,150000,4,0WvT9ICmzJ5GYx9sdO37Bs,Tropicana (with Byron Messia),"1fctva4kpRbg2k3v7kwRuS,3IDfJpj4YVkaBl7Dd52Pxv","Rvssian,Byron Messia","2549032,61748","64,61",2023-08-18,day,44,2023-12-19
0.512,0.655,1,-6.33,1,0.218,0.366,1.46e-06,0.249,0.29,132.898,174545,5,1uIavHFs7uL05f5DQNCXHi,Miss Tight Hole,"10jSImvLGufcMdETaNGvsv,3IDfJpj4YVkaBl7Dd52Pxv","IQ,Byron Messia","19427,61748","38,61",2023-08-11,day,43,2023-12-19
0.786,0.479,3,-12.822,0,0.333,0.209,4.59e-05,0.115,0.598,99.966,201600,4,0sy5crLxS9m0NbGXvf6MVS,Trinibad Gyal Anthem,3P6QC8RmUPTmuygPQe7irI,Indiyah-Rye,39,0,2023-07-15,day,2,2023-12-19
0.754,0.64,1,-7.024,0,0.116,0.561,0.0,0.427,0.597,99.988,176674,4,5QicFt36qDNhrh2B2KZ4YP,New Heights,"5np2XqLanbxQzpEVFG0big,2JC7YH9Umra4Zc8mseZsRD","Kman 6ixx,Going Global Records","13399,8531","38,35",2023-09-21,day,36,2023-12-19
0.823,0.539,1,-5.542,1,0.0693,0.255,4.53e-05,0.474,0.295,96.01,188006,4,6P13fbVHh71i57sz0uAc8w,Chosen One,"5np2XqLanbxQzpEVFG0big,2JC7YH9Umra4Zc8mseZsRD","Kman 6ixx,Going Global Records","13399,8531","38,35",2023-09-21,day,34,2023-12-19
0.703,0.675,11,-5.058,1,0.246,0.338,0.0,0.116,0.432,194.026,197952,4,6LtAuUI3vDt3lDCE3KPw46,Changes,"5np2XqLanbxQzpEVFG0big,2JC7YH9Umra4Zc8mseZsRD","Kman 6ixx,Going Global Records","13399,8531","38,35",2023-09-21,day,34,2023-12-19
0.724,0.522,4,-6.319,1,0.121,0.56,6.75e-05,0.119,0.193,99.638,151515,4,578j9Hzyv27x0H3ugGXrGI,She Say,"5np2XqLanbxQzpEVFG0big,2JC7YH9Umra4Zc8mseZsRD","Kman 6ixx,Going Global Records","13399,8531","38,35",2023-09-21,day,39,2023-12-19
0.512,0.612,9,-6.115,1,0.138,0.592,9.95e-06,0.115,0.197,123.799,171947,5,12qXeHtszyzngFEMkSSxdt,Revenge,"5np2XqLanbxQzpEVFG0big,5TCjAhlFjAeHdjk5nOJWFe,2VpYQkkjCohjSPskaQGyp0,277jOUSGN5AKoZoDxvfmUP","Kman 6ixx,Natty Gargo,West Bank Records,Young Star 6ixx","13399,10,3672,14925","38,19,30,27",2023-09-21,day,39,2023-12-19
0.847,0.655,0,-6.301,0,0.0584,0.424,4.98e-06,0.093,0.281,104.042,166154,4,2cvbsdJQ10OZOfcPwes4tZ,Obsessed,"5np2XqLanbxQzpEVFG0big,2JC7YH9Umra4Zc8mseZsRD","Kman 6ixx,Going Global Records","13399,8531","38,35",2023-09-21,day,45,2023-12-19
0.86,0.565,5,-8.122,0,0.196,0.393,0.0,0.165,0.604,99.998,178800,4,7biMqfAAZyEjMv85SxWfin,No Lethal,"5np2XqLanbxQzpEVFG0big,2JC7YH9Umra4Zc8mseZsRD","Kman 6ixx,Going Global Records","13399,8531","38,35",2023-09-21,day,47,2023-12-19
0.592,0.546,6,-5.368,0,0.253,0.101,3.34e-06,0.168,0.315,125.025,196596,5,0mRx86WPm3mW1Wmf7FKrId,Mula,58GP6t4N8aiJkHTOM41ECz,Plumpy Boss,20294,29,2023-09-19,day,27,2023-12-19
0.497,0.219,0,-11.345,0,0.395,0.709,0.000545,0.107,0.246,62.937,266581,5,25tp0y6FWNN34qbiD7mwtN,Playtime Over,7IbkKTNpBj7MORRdt3oge3,Zerimar,29786,33,2023-09-08,day,25,2023-12-19
0.896,0.713,0,-3.935,0,0.218,0.217,0.000337,0.138,0.481,134.098,129358,4,5A2ke7EIKsKGZ3V6wn7DTQ,Dat Bad,3UwGbC4Sl9MmonrpWo6grS,Boy Boy,28641,39,2023-08-24,day,32,2023-12-19
0.675,0.517,10,-6.891,0,0.433,0.301,1.3e-06,0.0965,0.34,97.282,128964,4,70bbaJVeDacjGMvj8NzJIf,More Than 100,3UwGbC4Sl9MmonrpWo6grS,Boy Boy,28641,39,2023-08-24,day,15,2023-12-19
0.778,0.834,3,-5.339,0,0.342,0.645,1.62e-05,0.112,0.763,107.397,136533,4,6yMmmWm3S1dffCSYE0waWA,Bounce,"3UwGbC4Sl9MmonrpWo6grS,51op6E2hjkeutwFhgw32mL","Boy Boy,BackRoad Gee","28641,33329","39,43",2023-08-24,day,13,2023-12-19
0.827,0.693,8,-4.549,0,0.389,0.299,0.0,0.116,0.515,141.877,198716,4,6aPamO7eQs3qOBlwgPdcAm,Bufu,3UwGbC4Sl9MmonrpWo6grS,Boy Boy,28641,39,2023-08-24,day,14,2023-12-19
0.604,0.897,1,-4.903,0,0.232,0.184,1.34e-06,0.14,0.288,150.039,154400,4,7wSVTgva7P4G4Vmc2MBcRC,Contract,3UwGbC4Sl9MmonrpWo6grS,Boy Boy,28641,39,2023-08-24,day,14,2023-12-19
0.593,0.71,0,-6.874,0,0.373,0.469,1.07e-06,0.113,0.249,102.309,177124,4,5JxFxc3Cvl2xYRFE5ym4Yf,Guidelines,52hLbiHfJsarTXovhOd3qC,Wacko Dan,16452,32,2022-05-11,day,32,2023-12-19
0.673,0.693,1,-7.02,1,0.0487,0.685,0.0,0.384,0.364,119.951,212610,4,4uEpggqJIYRBP0nupjcnQG,Squeeze,"52hLbiHfJsarTXovhOd3qC,2JC7YH9Umra4Zc8mseZsRD","Wacko Dan,Going Global Records","16452,8531","32,35",2023-09-22,day,23,2023-12-19
0.851,0.792,9,-4.069,0,0.174,0.577,0.0,0.0861,0.608,101.074,174028,4,1GCXpdqU3uGVVbBh9AgM0i,Dreams,"1K2whQhkVnqapxpTsGNDgQ,3ZAiFadCvLPBEHpZe7AJTX,2Jv0w50BNaGlwnXpq69HGm,06GpZJWPcLAs6Ms6AZToL4","Skillibang,6t6,Prince Swanny,Big Smoak","196,249,110479,1543","27,31,42,38",2023-10-06,day,15,2023-12-19
0.707,0.539,6,-9.26,0,0.0937,0.771,0.000747,0.104,0.424,160.158,225000,4,2EPT3FAsHSeF7L8eDDQhZl,Episode,58GP6t4N8aiJkHTOM41ECz,Plumpy Boss,20294,29,2023-10-30,day,27,2023-12-19
0.891,0.558,7,-5.229,0,0.101,0.402,1.83e-06,0.118,0.757,104.027,137749,4,5elMOBPW458LkJwDoXa5Zg,Collision,5UQDsp5NQCCX9rkNxM1KLt,BYRON MESSIAS,599,22,2023-10-04,day,44,2023-12-19
0.822,0.446,6,-8.072,0,0.044,0.148,2.05e-06,0.0483,0.694,100.119,195767,4,7GbqSn2MH8Cp4YlQPZgPVz,Memories,"6xCgFH15b7Hs6MbU95uYYI,0k5s5vr9cyJcfmmXk9LT2S","6flow12k,Rebel sixx","7,0","0,0",2023-10-13,day,0,2023-12-19
0.522,0.602,8,-7.021,1,0.254,0.342,0.0,0.0706,0.5,99.091,205636,4,1X4FQbspSKXUpI2Zytx3R5,6nd - Sixx Never die,6xCgFH15b7Hs6MbU95uYYI,6flow12k,7,0,2023-10-13,day,0,2023-12-19
0.505,0.752,1,-4.548,1,0.255,0.208,0.0,0.237,0.614,134.179,222120,5,7GlOrQ7xu2KbxWQKXQKcQA,La La (feat. Suarez),"3IDfJpj4YVkaBl7Dd52Pxv,6D40RuzdpIC5ip4yL2UUvD","Byron Messia,Suarez","61748,14975","61,34",2023-12-01,day,48,2023-12-19
0.789,0.778,9,-3.968,0,0.15,0.315,0.0,0.182,0.364,98.01,210692,4,1dKSVcdKHSMFtPF6Mqo82R,Fully Dunce,3mcmXmpjr301UeCF2CRZLu,Rebel,8678,28,2019-03-01,day,7,2023-12-19
0.789,0.785,5,-4.187,0,0.0882,0.313,0.0,0.345,0.46,100.146,152571,4,1tOGmAJWpcu9TzDAylHPwI,Psycho,"2yHxc12dEUiLXNeqUadxBh,2JFZKD5b40RXXmpYJkLOvl","Tommy Lee Sparta,Anju Blaxx","276360,5721","48,39",2012-09-20,day,48,2023-12-19
0.722,0.544,8,-6.477,0,0.357,0.369,3.2e-06,0.101,0.486,61.814,185567,5,5SXGBF7hx7ingPM7UJv4Os,Love & Gunshot,3dgEGCM7G8z1gd6mgOjYSv,38 from BL,1247,13,2021-05-27,day,18,2023-12-19
0.911,0.57,4,-5.689,0,0.314,0.549,0.0,0.0966,0.368,100.093,204069,4,4y0AUgG6XhQac3a6Li93QU,Gvnman Shift,4SGo67MJz6DdsjzaRZ4OD7,Skeng,263999,58,2021-08-22,day,58,2023-12-19
0.775,0.684,1,-6.657,1,0.316,0.63,0.0,0.127,0.81,101.899,227040,4,1TcB4qgfMXaiLDIE9DlimJ,25/8,4pP4fxW65oev1NdRd2Fbn7,Jahshii,72541,39,2021-10-08,day,38,2023-12-19
0.629,0.716,8,-4.409,0,0.303,0.491,0.0,0.266,0.658,98.516,135007,4,1Td6ow5dSbiHqQIaBN9ZEQ,Play Mad,0otV87HgAtj9q7CbzAQ2Ft,Keltec,135,0,2020-05-14,day,0,2023-12-19
0.902,0.647,2,-7.193,1,0.281,0.395,0.0,0.0953,0.589,100.001,170400,4,0eHulTAltEgKv9vC3DFl7u,Gunz Out,0otV87HgAtj9q7CbzAQ2Ft,Keltec,135,0,2020-07-07,day,0,2023-12-19
0.813,0.612,2,-5.002,1,0.154,0.318,0.0,0.274,0.484,109.901,124396,4,4FDxOIrvAQh2EG5pBgQYX0,Run Up,0otV87HgAtj9q7CbzAQ2Ft,Keltec,135,0,2020-05-14,day,0,2023-12-19
0.763,0.523,1,-4.787,1,0.408,0.488,0.0,0.161,0.684,66.188,127200,3,19nX9JOXKGkhJVbuOhMH2a,Anyway,3KaFfC4kfSJiwbdCA1vF5H,Tejah,3143,14,2019-10-01,day,32,2023-12-19
0.631,0.524,7,-8.02,1,0.322,0.0633,0.0,0.12,0.257,103.716,149258,4,7axoDbfV40LVQB149mgNp1,Ztekk Bomber,"2Jv0w50BNaGlwnXpq69HGm,4EON5K9yf7BYn30RY1DehH","Prince Swanny,Shane E","110479,38313","42,30",2019-07-11,day,0,2023-12-19
0.735,0.689,5,-3.265,1,0.4,0.353,0.0,0.0886,0.886,90.141,158342,4,0eiIFMMy5UpydqfHEvkugH,Gone Sleep,4EON5K9yf7BYn30RY1DehH,Shane E,38313,30,2018-10-30,day,42,2023-12-19
0.643,0.77,11,-2.977,0,0.318,0.696,0.0,0.272,0.341,133.119,201379,5,6M1wCVamh5naRgUO8eRLoh,We Nuh Like War,6I1j34QzSTWe6u4qQWKYJe,10Tik,55938,37,2021-10-26,day,38,2023-12-19
0.895,0.78,6,-6.458,0,0.232,0.207,9.76e-05,0.118,0.59,106.988,181116,4,47MwPx7nbFUD5IGVhL38Zr,Whap Whap (feat. F.S.),"5FkUhnHQ0KC63549LHHtst,0KR0MgITEQAm0sLRrcuExN","Skillibeng,F.S.","320085,549","59,31",2022-03-10,day,52,2023-12-19
0.624,0.56,3,-8.021,0,0.381,0.581,0.0,0.223,0.346,122.42,253104,5,2WxXlJnPUdpCLaaoGUU9Ah,Evil,"6CxUKwVnCBKKP60XMvnMOL,4pP4fxW65oev1NdRd2Fbn7","Jahllano,Jahshii","19787,72541","24,39",2022-03-19,day,16,2023-12-19
0.618,0.509,11,-13.807,0,0.241,0.407,4.92e-06,0.201,0.555,95.028,179424,4,4fXD6yirCabKXb19AFMQEA,Elevate,"4F9FUmZP7GwhLmMHyf7E15,6QJrx4J9XqIxXUBhacoJHC","Chady Beats,Medz Boss","66,33706","4,26",2022-03-15,day,6,2023-12-19
0.853,0.526,2,-5.248,1,0.0942,0.0666,0.00046,0.109,0.645,109.978,115636,4,1rUL66xxzM1zbyASO6MxWh,Tear,3KaFfC4kfSJiwbdCA1vF5H,Tejah,3143,14,2019-10-29,day,16,2023-12-19
0.662,0.368,8,-6.491,1,0.16,0.509,0.000233,0.121,0.497,185.874,208692,4,4dw1l0ZLN9EEkmCLB8hZuH,Life Changes,4SGo67MJz6DdsjzaRZ4OD7,Skeng,263999,58,2022-01-21,day,41,2023-12-19
0.943,0.591,2,-6.175,1,0.207,0.0323,4.09e-06,0.119,0.165,100.005,204000,4,3wKYLC1sUmtMLeF9yJrp3Z,Gringo,"109MzblAHQcLUaZ6A983TR,4NAWxeyrbUtnM9kOd1BTml","Keem,Benefitz","141,15","3,0",2019-12-17,day,5,2023-12-19
0.791,0.756,2,-7.893,1,0.154,0.0855,4.41e-05,0.0932,0.282,100.139,170400,4,0w55c39T64bsjiXlur4VeY,Murder Murder,0zLYSdSRybfmcQMOaoIEUl,Raevon,21,0,2020-07-08,day,0,2023-12-19
0.919,0.649,10,-6.176,0,0.445,0.032,0.0,0.121,0.639,102.066,112941,4,2tj96SrfUasPu6H1gnSLp0,Scar,28aeXnDdKLtyUB2rrzZBei,Kj Productions,166,1,2022-03-31,day,1,2023-12-19
0.503,0.613,0,-8.625,1,0.252,0.0236,0.000943,0.197,0.224,65.668,175987,5,0OTbL9Oa4FDYuP7uMeA140,Coke,5FkUhnHQ0KC63549LHHtst,Skillibeng,320085,59,2021-02-02,day,46,2023-12-19
0.789,0.691,1,-5.764,1,0.365,0.317,0.0,0.131,0.854,100.002,158448,4,7zg0OGxHwAP1k3nsbDt0De,New Clarks,"3KaFfC4kfSJiwbdCA1vF5H,58w0KtpWYgz26s686wB8Fk","Tejah,King Rilla","3143,57","14,7",2020-01-02,day,7,2023-12-19
0.639,0.436,2,-11.055,0,0.36,0.84,0.0,0.0991,0.593,64.536,196000,3,5AF8pfWGTp58u35mvMnnGZ,Rifle Hill,52hLbiHfJsarTXovhOd3qC,Wacko Dan,16452,32,2022-07-12,day,18,2023-12-19
0.765,0.848,2,-5.255,0,0.214,0.602,0.0,0.258,0.837,102.066,183548,4,0Dm0NQ5w3bTbkJUHCyE61v,Head Shot,"54iOszOmKmckZiJWhFrFhm,1XpkGpU1pfSAEvrZUHCPPX","40 DAN,Remedy","8,3811","0,14",2020-09-11,day,0,2023-12-19
0.687,0.674,7,-3.662,0,0.205,0.555,0.0,0.0909,0.283,180.128,176000,4,2aGrINtqNPHllxEJHWgoZJ,If Dem Diss,"4xKyh6XkfM4L0KSVsht5o5,3dgEGCM7G8z1gd6mgOjYSv,6QJrx4J9XqIxXUBhacoJHC,4iyXzcON9DnIUozjxm0ET2","2 Ghunz,38 from BL,Medz Boss,Zoom Boss","104,1247,33706,321","1,13,26,2",2022-04-05,day,7,2023-12-19
0.819,0.691,7,-5.223,0,0.411,0.627,0.0,0.107,0.663,105.653,185660,4,3ANbnWMPrpZA2sKkAgHQYv,Rifle War,3dgEGCM7G8z1gd6mgOjYSv,38 from BL,1247,13,2021-09-06,day,15,2023-12-19
0.718,0.63,9,-6.037,0,0.422,0.26,0.00566,0.113,0.211,102.649,207059,4,5YKQTRpTFQoaykr5YgMw8P,Dark,3dgEGCM7G8z1gd6mgOjYSv,38 from BL,1247,13,2022-09-05,day,8,2023-12-19
0.595,0.766,9,-5.422,0,0.403,0.292,1.74e-06,0.302,0.64,102.955,184506,4,3WG0WzR3mbUyiOBo75wvio,Hype Yuh Self,"4iyXzcON9DnIUozjxm0ET2,3dgEGCM7G8z1gd6mgOjYSv","Zoom Boss,38 from BL","321,1247","2,13",2022-08-27,day,10,2023-12-19
0.914,0.635,10,-5.352,1,0.15,0.0884,0.0,0.11,0.471,100.027,154182,4,0MRHsh4SjViCB7adFNQa23,Dooms Day,"2JC7YH9Umra4Zc8mseZsRD,0ZmsMH6X0dz63imIjUGTzF,52hLbiHfJsarTXovhOd3qC","Going Global Records,Skelly 12k,Wacko Dan","8531,1941,16452","35,22,32",2022-09-04,day,30,2023-12-19
0.724,0.557,2,-6.841,1,0.229,0.0235,0.0,0.144,0.355,100.056,154250,4,7J4CdTrif0Lqp7NNMVhMoC,Bad Fi Years,2kNL5eBpFCpOQu81GJ4lZb,Jovi Ton,3901,4,2020-05-24,day,10,2023-12-19
0.816,0.643,10,-9.625,0,0.06,0.707,0.0,0.101,0.413,120.06,215000,4,0bElEsjAUV8UKdaGIMYS0S,Impact,6Iym59CxrdzsxIn9LPFR9n,Gskell,4607,9,2021-01-10,day,7,2023-12-19
0.88,0.489,7,-10.9,0,0.0985,0.2,0.0,0.106,0.211,132.994,191278,4,42ZoekEPBYDnJHAO1J8XET,Army,7Cp6h3fC0PPecAmsSb2lRJ,Bobo & Beans,1064,3,2022-06-28,day,10,2023-12-19
0.626,0.543,4,-7.016,0,0.489,0.121,0.0,0.0959,0.398,110.067,215094,4,0IzCvViyeaeqOOyWxpnvCt,Somebody Great,7IbkKTNpBj7MORRdt3oge3,Zerimar,29786,33,2021-12-09,day,33,2023-12-19
0.864,0.547,9,-5.911,0,0.194,0.297,0.0,0.0604,0.226,99.111,145400,4,6VurbSIjf19GP1oqzojzzM,Box Inna Face,277jOUSGN5AKoZoDxvfmUP,Young Star 6ixx,14925,27,2022-08-27,day,8,2023-12-19
0.7,0.497,9,-9.857,1,0.194,0.829,0.0,0.124,0.464,96.862,179424,4,7Cx3qfszJkgIdCIqIzi6Rf,375,6wrNAJbDJ1gRcACD4l0ZNz,2k Zelle,462,5,2019-05-16,day,6,2023-12-19
0.887,0.397,9,-8.261,0,0.14,0.837,0.421,0.0772,0.469,99.983,163190,4,0ydoqpTVhaDzjDg7WVcg4m,Drift,30hElzuHCZ1qzCl364SHma,Teejay,184254,51,2023-06-30,day,65,2023-12-19
0.91,0.684,0,-6.212,0,0.102,0.451,0.0,0.0943,0.662,97.045,212258,4,6vDELgRZxidhCVllO68TDF,PRESS IT,30hElzuHCZ1qzCl364SHma,Teejay,184254,51,2020-07-10,day,21,2023-12-19
0.637,0.678,1,-5.292,1,0.0943,0.116,0.0,0.083,0.129,92.044,193050,4,1pJZtMaTObhknRJbpg9H9R,Pirate,"5eDVLjuN0hk3ZhjJdCvHLF,3uGKgtslu3M2AaazkwZsTd","Silk Boss,NSG","73135,179","28,29",2022-04-25,day,16,2023-12-19
0.82,0.442,8,-10.029,1,0.327,0.478,0.0,0.101,0.49,130.721,158184,5,1pQVpoBD9oO2PzLBGZECOC,Draco,3IDfJpj4YVkaBl7Dd52Pxv,Byron Messia,61748,61,2023-11-21,day,35,2023-12-19
0.829,0.532,10,-12.257,0,0.114,0.284,0.00658,0.0818,0.798,104.993,150857,4,0iOsy2ckupFQLBaVZLa4TN,How We Function,5QzlLj4WGVPkMArSIwpTn8,One6,213,1,2023-12-02,day,0,2023-12-19
0.668,0.647,6,-5.999,1,0.235,0.177,0.0,0.12,0.174,94.062,189312,4,08Zo2lEtgb8zqH5whdtkWj,Angels Don’t Cry,2Gzy8TYJ5xrEMDyUjZuDsK,Masicka,330955,56,2023-12-01,day,47,2023-12-19
0.784,0.679,10,-8.098,0,0.118,0.126,0.0,0.0723,0.741,104.999,192000,4,7kUpjKd92QSjD8K9Weil7a,Baby Rock,7zow5Va8ESrfnxvUF62HRH,Icee Dan,7933,21,2023-12-02,day,1,2023-12-19
0.458,0.867,6,-4.274,0,0.187,0.0337,1.78e-06,0.0925,0.505,128.455,138788,5,22YLR94vpuRHrMpPhXc2Bs,Chi Ching,"4YbipEAtJgAbKrZvdFEeTr,4vJ5CUGTaAXPBNzT8dVWCG","DJ Puffy,V'ghn","9757,3727","23,29",2023-11-17,day,22,2023-12-19
0.83,0.586,1,-7.941,1,0.242,0.462,1.1e-06,0.207,0.445,106.189,183648,4,5iN59cZsbMRU1sIh1J1m5O,Massacre,"2Tfe5UdBBWDTGkGwPzblJQ,6pc2LLUNN47LCvSF6lqSQv,2Jaky7SwDfMEzevewnIC4o,5NAf3JJKh0TEogYHtbBgZr","Toby Boss Ent,Kman,Tman,DndVoss","4105,11,134,0","24,13,15,13",2023-11-08,day,34,2023-12-19
0.693,0.656,8,-5.532,0,0.362,0.38,0.0,0.348,0.514,103.983,185246,4,61EFZy0X8g1a1Vl3n7B2JK,(Takbir Time) Ghost,2Tfe5UdBBWDTGkGwPzblJQ,Toby Boss Ent,4105,24,2023-11-19,day,6,2023-12-19
0.536,0.728,7,-7.595,0,0.391,0.00411,0.0,0.362,0.636,175.992,196151,4,5X5C2U4TpRtxHgmNUCbr8V,Feel so High,7JNcAq9P5VRZq7KbFXlHYd,Raymie Rich,20,0,2023-08-11,day,0,2023-12-19
0.502,0.642,9,-7.782,0,0.146,0.0205,0.0,0.105,0.327,127.915,223029,5,4lgrTWZAORMwGBa5Fp5MgA,Tribute,7rcBY2ZMyrAXwNcRzOmpmp,Raymie Rich,0,0,2023-10-14,day,0,2023-12-19
0.657,0.496,6,-3.356,1,0.36,0.756,0.0,0.0933,0.407,85.488,231628,4,5yDdVGnqBer9ookMg0CHjJ,I'm Not Giving Up,1urq8kMcszfaha2Ebjrzgx,Trinidad Killa,1271,20,2023-05-17,day,1,2023-12-19
0.756,0.465,9,-9.819,1,0.209,0.28,0.0224,0.126,0.306,103.944,170769,4,4cv8nFxqYRMuw608dE2mH3,Time Runs,"3UwGbC4Sl9MmonrpWo6grS,3zorWCDx017sz4UYP2fC9w","Boy Boy,Chronic Law","28641,153457","39,49",2023-10-26,day,38,2023-12-19
0.883,0.496,0,-6.972,1,0.0547,0.358,9e-06,0.108,0.261,117.985,179043,4,5rSyQVhGplc9WFnC1SiXQe,Please,0eezS9KmhdjGN436RdTIXu,Mavado,574015,53,2023-11-10,day,43,2023-12-19
0.625,0.412,1,-11.615,0,0.129,0.0671,0.0,0.0795,0.0837,97.574,203337,4,5yMeblxidHJ7MBIp8SAklP,Bun Badmind,7c8WSGTjxRP9sOob1KukJA,Kalonji,32939,29,2023-11-11,day,21,2023-12-19
0.472,0.562,0,-7.153,0,0.268,0.0984,0.0,0.0851,0.149,134.788,192608,5,2OOOuAF0KR2EnuRdErdzGB,Testimony,7c8WSGTjxRP9sOob1KukJA,Kalonji,32939,29,2023-11-11,day,23,2023-12-19
0.727,0.331,4,-8.873,1,0.243,0.282,0.0625,0.0742,0.313,91.874,188719,4,48p5YWkch99aJ5Ft5lC7o1,Loyalty,4CXmBF7FIcagdMP1LLFetV,KG,71,1,2023-10-06,day,0,2023-12-19
0.658,0.49,7,-13.134,1,0.426,0.275,0.0,0.141,0.236,131.759,195528,5,1ORPWvfIRiZD72Y1jBWtPs,Cah style we,"4CXmBF7FIcagdMP1LLFetV,0AqLRLhkKQbv15AvpYQYnR","KG,Rassii","71,7","1,0",2023-08-01,day,0,2023-12-19
0.64,0.687,10,-5.55,0,0.44,0.246,5.69e-05,0.109,0.233,95.267,228632,4,4cITVYnpydtb1uNXdWnsv5,LimeLight,2Gzy8TYJ5xrEMDyUjZuDsK,Masicka,330955,56,2023-11-10,day,51,2023-12-19
0.529,0.551,0,-7.003,1,0.351,0.746,0.0,0.184,0.819,95.169,182568,4,0j4a867TmkRY8j9bVIrwmv,,0LyfQWJT6nXafLPZqxe9Of,,2320376,0,0000,year,0,2023-12-19
0.874,0.744,1,-5.173,1,0.324,0.285,0.0,0.374,0.614,104.249,185246,4,5btApbbyUfGc6rKh7SRKvy,(Certified Killers) Sharpman,2Tfe5UdBBWDTGkGwPzblJQ,Toby Boss Ent,4105,24,2023-11-19,day,7,2023-12-19
0.646,0.463,6,-7.978,0,0.174,0.267,0.0,0.0933,0.306,101.541,150997,4,6K9ULKDxIVIxRH5FXPgLoq,Nightmares (feat. Byron Messia),"7bXgB6jMjp9ATFy66eO08Z,3IDfJpj4YVkaBl7Dd52Pxv","Chris Brown,Byron Messia","21023407,61748","86,61",2023-11-07,day,61,2023-12-19
0.693,0.593,6,-6.72,1,0.393,0.106,0.000667,0.121,0.446,134.319,213861,5,2tXAhrXwAL4lmKdaU1sr0q,Drag Lord,7c8WSGTjxRP9sOob1KukJA,Kalonji,32939,29,2023-10-25,day,27,2023-12-19
0.529,0.551,0,-7.003,1,0.351,0.746,0.0,0.184,0.819,95.169,182568,4,58PN4kYYfcPwaX7Kn4H7ao,Dear Dancehall,3IDfJpj4YVkaBl7Dd52Pxv,Byron Messia,61748,61,2023-11-09,day,14,2023-12-19
0.773,0.788,9,-5.049,0,0.0658,0.509,0.0,0.101,0.667,110.047,152000,4,2qleAs6lkBECSseuQZPfhi,Dem Never Ready,3dgEGCM7G8z1gd6mgOjYSv,38 from BL,1247,13,2023-10-31,day,15,2023-12-19
0.463,0.511,7,-9.373,1,0.0755,0.904,0.0,0.118,0.695,89.9,198018,4,6XBjLpi11aga82CNb6UwRB,EYES OPEN,4xKyh6XkfM4L0KSVsht5o5,2 Ghunz,104,1,2023-10-23,day,0,2023-12-19
0.759,0.735,8,-6.838,1,0.237,0.654,0.0,0.144,0.309,113.961,143160,4,39x1c4CeeumUBl6L5dMW60,Grave Yard,"05RvzU1vgyPBQaKWWYe6jX,277jOUSGN5AKoZoDxvfmUP","One Family A We Heart,Young Star 6ixx","20,14925","8,27",2023-11-06,day,5,2023-12-19
0.897,0.313,4,-16.582,0,0.344,0.403,0.0,0.181,0.337,106.973,163583,4,24uqhbTEKbNTPo0W7yG32z,Connect,"05RvzU1vgyPBQaKWWYe6jX,277jOUSGN5AKoZoDxvfmUP","One Family A We Heart,Young Star 6ixx","20,14925","8,27",2023-10-23,day,8,2023-12-19
0.67,0.555,6,-7.839,0,0.405,0.542,3.43e-06,0.186,0.559,197.743,179394,4,1bDqLl1ZfRDGNZW2Yv5tYJ,No Kixx,"7LCEPA8tZCyUZVGH9uTeL6,6fanvfSBKMMExePwhUq8Mi","SagiKer,K Lion","63,39431","0,29",2023-07-28,day,6,2023-12-19
0.554,0.502,5,-9.146,0,0.315,0.205,0.0,0.134,0.406,130.592,180048,5,7g3TOaCqolqfAGZ3syUPGT,Manish (Jasse),2Tfe5UdBBWDTGkGwPzblJQ,Toby Boss Ent,4105,24,2023-11-01,day,12,2023-12-19
0.679,0.814,11,-6.361,0,0.415,0.14,0.0,0.0977,0.447,125.203,150744,5,0czUVkml1Gph2kPt3ZZFcq,Big Yard,"1XK7JEkEviy2mcbi1ljpaR,3UwGbC4Sl9MmonrpWo6grS","Zebee,Boy Boy","2985,28641","18,39",2023-10-27,day,24,2023-12-19
0.69,0.572,3,-7.762,0,0.194,0.793,0.0,0.107,0.556,110.051,174545,4,64SE6ib8eyiM1vUppQMub7,Start It,67gCSHQaBba1dikpWTEQJm,DynamiQ,54,4,2023-10-26,day,2,2023-12-19
0.914,0.363,9,-12.253,1,0.464,0.31,3.8e-06,0.0861,0.287,105.043,178364,4,5KTynfOT0aY4igBFlAFNac,Maddawg,69ZQzxoQgXHimd86dX3QHA,TMan Official,64,4,2023-10-10,day,17,2023-12-19
0.557,0.536,6,-7.111,0,0.239,0.511,1.15e-05,0.113,0.208,124.619,186947,5,4Dy3owNsr4GCWlD6adHIRP,Bram,58GP6t4N8aiJkHTOM41ECz,Plumpy Boss,20294,29,2023-10-11,day,28,2023-12-19
0.643,0.516,1,-10.195,1,0.342,0.696,0.0,0.104,0.0987,68.603,171838,3,5WIUbfWp3i3m9MrpKR0Id7,Unwanted Child,"30hElzuHCZ1qzCl364SHma,6sD5JqI4j1Sfbw087cciZ6","Teejay,Lagikz Supreme","184254,2","51,16",2023-10-13,day,33,2023-12-19
0.55,0.408,0,-10.819,0,0.17,0.29,0.0,0.0963,0.36,99.656,175216,4,6z33Qovc0Uhe7d2IpWhLjq,Most Hated,3IDfJpj4YVkaBl7Dd52Pxv,Byron Messia,61748,61,2021-03-22,day,19,2023-12-19
0.658,0.546,5,-4.392,0,0.142,0.406,3.48e-05,0.105,0.557,85.889,134774,5,3kEgs2Z7fv0IUxBtTjnAyl,Mad Dawgs,3IDfJpj4YVkaBl7Dd52Pxv,Byron Messia,61748,61,2023-09-22,day,46,2023-12-19
0.773,0.703,2,-5.678,1,0.29,0.0323,0.0,0.262,0.447,111.731,143496,4,7DyaQKsUOLH4BvJKTS7EPQ,Family,7f7sbIc0DpHIv84c7MG098,Toppy Boss,3095,10,2023-09-02,day,17,2023-12-19
0.795,0.499,4,-9.255,1,0.0804,0.795,2.33e-05,0.0818,0.762,97.992,167184,4,10tPNB5vqUy4UzRlZJRYwd,Action Pack,2yHxc12dEUiLXNeqUadxBh,Tommy Lee Sparta,276360,48,2023-07-05,day,20,2023-12-19
0.834,0.6,11,-4.068,1,0.137,0.211,0.0,0.103,0.367,65.977,157576,5,5AdVxVlywMJXiSy9292Tsw,No Mercy,6sha1DX5nFRniN3lKPEdjq,Kratos 7,522,11,2023-05-18,day,22,2023-12-19
0.831,0.508,0,-6.108,0,0.144,0.504,0.00117,0.116,0.0727,100.015,222000,4,4UV8aJ7VmNjaFngkMe3U3N,Grim City,6sha1DX5nFRniN3lKPEdjq,Kratos 7,522,11,2023-06-18,day,24,2023-12-19
0.661,0.596,4,-6.055,0,0.173,0.227,0.000182,0.196,0.291,178.133,179513,4,7fgHqdZhczzOq7ba4hYsqK,Street Smart,2yHxc12dEUiLXNeqUadxBh,Tommy Lee Sparta,276360,48,2023-07-21,day,35,2023-12-19
0.606,0.744,10,-3.635,0,0.13,0.503,0.0,0.172,0.678,103.758,220822,4,0NqULaipjzBZu7MloBDw5q,Byron Messia (LaLa),5cjBOTs7fLN9usY0WdrDVr,BiggCris,136,10,2023-07-20,day,0,2023-12-19
0.868,0.651,7,-6.277,1,0.294,0.299,0.0,0.101,0.545,98.928,166000,4,7u7aZazbbD867u21HzYTOj,Get Evil,1UofgHnwA2w0Ae2psOv8rN,Trinidad Ghost,2487,22,2023-03-13,day,1,2023-12-19
0.693,0.71,7,-7.738,1,0.445,0.0275,0.0,0.123,0.501,137.563,160052,5,5l3ixyhxH4iFLTp4NnPUVe,Airforce 1,2Jd4rUFlIWzOrgbaSj1BiD,Keefff,37,3,2022-10-24,day,9,2023-12-19
0.624,0.622,6,-8.228,1,0.509,0.397,0.0,0.216,0.524,112.558,155044,4,2l8W9joHU4HZIuEuSFqZ9b,Eastside,"2Jd4rUFlIWzOrgbaSj1BiD,4oXKpYLbjTTiDOwvS41cai","Keefff,Pieoneer","37,6","3,0",2023-06-10,day,9,2023-12-19
0.814,0.705,1,-3.957,1,0.196,0.447,0.0,0.116,0.911,99.748,182491,4,2RMtOsDs5KGsIT5fW3Dg04,Ms Ontario,2NUz5P42WqkxilbI8ocN76,Vybz Kartel,1270334,62,2023-07-26,day,24,2023-12-19
0.645,0.67,11,-8.991,1,0.282,0.374,0.0,0.429,0.582,88.543,194667,4,4pat45twfWiNbEwnqqJL8Y,9x Close,7f7sbIc0DpHIv84c7MG098,Toppy Boss,3095,10,2023-07-09,day,4,2023-12-19
0.541,0.476,11,-14.715,0,0.364,0.397,2.99e-05,0.0962,0.365,75.563,189283,3,6QekPciysXNtYVgw9j3o6T,Shake,"1XK7JEkEviy2mcbi1ljpaR,5V8oGfWMmAHnH3VGu08VfN","Zebee,Kiah","2985,304","18,1",2023-06-09,day,7,2023-12-19
0.573,0.765,7,-7.176,1,0.0897,0.244,0.0,0.145,0.854,109.942,214042,4,581dEzRjFlKRncYeas9qZy,Dropped a Letter,3IDfJpj4YVkaBl7Dd52Pxv,Byron Messia,61748,61,2020-05-01,day,8,2023-12-19
0.596,0.625,6,-7.661,0,0.436,0.0694,0.0,0.107,0.192,136.457,212000,5,3e6tb8Lv6T7bLidJN77dW7,Empty,7zow5Va8ESrfnxvUF62HRH,Icee Dan,7933,21,2023-04-25,day,10,2023-12-19
0.491,0.555,6,-7.03,0,0.357,0.531,0.0,0.132,0.5,203.825,172941,4,6KhXk4rHH2esmYaoF0gVZr,War,1OLAmEGgHCZHbRMzdlkbDv,Chanta Avanti,2,0,2023-05-01,day,0,2023-12-19
0.67,0.47,1,-8.945,1,0.285,0.713,0.0,0.407,0.763,111.692,187456,5,7nJw7xvV5yk76kKXp2UfL8,No Love,4xKyh6XkfM4L0KSVsht5o5,2 Ghunz,104,1,2023-04-07,day,5,2023-12-19
0.798,0.609,10,-7.496,1,0.249,0.213,0.0,0.131,0.311,102.105,172060,4,6xo8fLlgHj6ZprWXx4yfvM,White Rain,3dgEGCM7G8z1gd6mgOjYSv,38 from BL,1247,13,2023-06-20,day,14,2023-12-19
0.763,0.617,5,-7.387,0,0.636,0.256,0.0,0.0854,0.507,192.146,181250,4,7ERi21AKY5ozJnfWpEmrA3,Tom Cruise,3iWwLfjZAKzmAB57v38i45,Raskality,5666,14,2023-06-30,day,0,2023-12-19
0.646,0.655,10,-6.658,0,0.408,0.352,1.05e-05,0.166,0.677,100.078,192978,4,2qeRMZBF2MrdcgKnEdSnwR,Weh Yuh Think?,"4GjfdRM9UmdLr6pxyLZrNV,6jcSOT54WIEgWu8pVtyTOG","Jeff Fullyauto,Ragz To Richez","24446,308","37,27",2023-04-14,day,25,2023-12-19
0.822,0.519,2,-5.875,0,0.0366,0.026,0.0,0.0988,0.316,100.086,87794,4,1zVl1dHaH553yiOr2Ah6SP,Voice of the Streets (Bbc 1xtra) [Don't Worry Bout We],"3UwGbC4Sl9MmonrpWo6grS,2abTBfFq5PSoASI2PSysLV","Boy Boy,Kenny Allstar","28641,108735","39,50",2023-03-15,day,40,2023-12-19
0.804,0.843,9,-4.115,0,0.328,0.232,0.0,0.0882,0.766,141.863,168803,4,1gOSJy2fNHB8MTB4jJ6A4Y,Voice of the Streets (Bbc 1xtra) [Heavy],"3UwGbC4Sl9MmonrpWo6grS,2abTBfFq5PSoASI2PSysLV","Boy Boy,Kenny Allstar","28641,108735","39,50",2023-03-15,day,20,2023-12-19
0.805,0.464,9,-10.078,1,0.262,0.0303,0.0,0.106,0.0626,106.891,190000,4,5kRyBURmOu9UL0CtZHxE0A,Sprayground,6tftkxcKDY14uCo84dyRYM,Chigga,13,1,2023-05-26,day,1,2023-12-19
0.621,0.787,9,-4.767,0,0.248,0.746,0.0,0.112,0.629,179.991,140000,4,5O9jBLCovLp1ziYOjRUMye,Fearless,559YLWpCvVYo3qCEhMJ3pq,Lawless,6054,13,2023-02-14,day,1,2023-12-19
0.576,0.596,4,-9.185,0,0.516,0.0564,0.0,0.0735,0.426,199.792,154394,4,55cwFPaJnkHVXd8HnVnsDh,Hillside,33alq41HrKdEHOQwUt9XDe,Tanso,1180,2,2022-05-31,day,1,2023-12-19
0.883,0.616,11,-5.459,0,0.136,0.554,0.0,0.107,0.26,95.985,122500,4,3MDxjkV7MuGlmKDGplo7Xb,A-47,6QJrx4J9XqIxXUBhacoJHC,Medz Boss,33706,26,2022-11-11,day,20,2023-12-19
0.511,0.621,1,-6.003,0,0.451,0.389,0.0,0.117,0.498,180.174,218667,4,49jqPnTOdBGpFR9Rg981dq,GUN TALK,"3UwGbC4Sl9MmonrpWo6grS,5FkUhnHQ0KC63549LHHtst","Boy Boy,Skillibeng","28641,320085","39,59",2023-05-19,day,0,2023-12-19
0.807,0.363,10,-15.512,0,0.552,0.476,0.0,0.37,0.509,93.088,148640,4,4o3F5Xfdpxo9OGVeYLt6bN,Dark -Tafari,"2Tfe5UdBBWDTGkGwPzblJQ,7lajYlUf27TSwlTofnc2hF","Toby Boss Ent,Toppy Boss","4105,0","24,0",2023-03-24,day,2,2023-12-19
0.811,0.548,1,-7.886,0,0.255,0.069,3.71e-05,0.121,0.346,102.814,149126,4,3b2M5gLUNCPDtcY8HE6jv6,Shottaz,"4SGo67MJz6DdsjzaRZ4OD7,4ULg9wVZKb01ORw7AIZBDR","Skeng,Kraff Gad","263999,64051","58,45",2023-03-31,day,42,2023-12-19
0.732,0.295,6,-12.41,0,0.383,0.167,5.15e-05,0.101,0.469,71.336,199800,5,0mqEWgG22MVtAb3dhJC2xE,No Fraid,"2VpYQkkjCohjSPskaQGyp0,4v5svwH75xhxdyaegqliH8,09CgCmW9nrYOJswLZHJjO6","West Bank Records,Reiga,Trigga","3672,110,114","30,6,10",2023-01-14,day,2,2023-12-19
0.908,0.623,9,-9.3,1,0.323,0.00292,0.0,0.364,0.4,100.025,174707,4,5lcUtS2J27xh9stfPvfxMD,Midnight,1HXkVBU6RwIxxN6xuI6b00,Squash,161928,42,2023-03-02,day,21,2023-12-19
0.57,0.759,11,-4.621,0,0.282,0.53,1.98e-06,0.134,0.438,134.118,168000,5,5KUAU72TKNemPdl4gCPLOT,Ingram,7hlAakRK1XGXchY8CsjVAr,1HotSteppa,2,0,2023-02-23,day,0,2023-12-19
0.879,0.575,2,-6.435,1,0.203,0.893,2.17e-06,0.156,0.653,99.926,176438,4,718mOucmLHCnNtokIMPucr,GTA Most Wanted,0eAqhr1BfTzJEfOEn0Ad19,Quada,57598,33,2023-03-24,day,28,2023-12-19
0.776,0.436,11,-10.838,1,0.573,0.495,0.0,0.183,0.172,102.855,158623,4,7CUvWhn02CgMAvYz0Fxnfw,Magic (Fire),2Tfe5UdBBWDTGkGwPzblJQ,Toby Boss Ent,4105,24,2022-12-15,day,0,2023-12-19
0.734,0.72,5,-4.467,0,0.312,0.413,0.0,0.128,0.579,139.69,207491,4,2vwoBr1hLagQYHbIjlo075,Study Nothing,"2VpYQkkjCohjSPskaQGyp0,0Zg2L53qt6JiE2H1I36tPB,0ugeDH34jzwhZlhmVLBF9o","West Bank Records,Trigga,Flizop","3672,4,982","30,1,8",2022-10-05,day,0,2023-12-19
0.546,0.619,7,-7.172,1,0.19,0.629,0.0,0.115,0.554,128.063,184477,5,5KY6fjA9wCou5eCISiPyQ5,Fire,3obdplVlbHMWWvnCSJJmyh,Trigga ft. Prince Swanny,2,0,2022-11-21,day,8,2023-12-19
0.465,0.566,8,-8.52,0,0.433,0.685,0.0,0.118,0.735,60.841,172852,4,7FLByTDjenHlu1ElwSfsM6,Rapid,"2VpYQkkjCohjSPskaQGyp0,4v5svwH75xhxdyaegqliH8","West Bank Records,Reiga","3672,110","30,6",2023-01-09,day,4,2023-12-19
0.619,0.605,8,-6.436,0,0.707,0.455,0.0,0.113,0.517,90.516,181577,4,5rHA3xq2231HGafar8N27q,3 Points,7MAFOP97TAL6WYs4IRZ52c,Trigga ft. I Mark,0,0,2022-11-21,day,1,2023-12-19
0.617,0.567,9,-6.682,1,0.283,0.476,0.0,0.134,0.0944,65.02,168000,5,1acGgfXzvgSkAfzMrsBD8U,Hot Nozzle,1mQBzXJm0nBVdhFwPKsNu0,JAH JAH,643,17,2023-03-24,day,13,2023-12-19
0.779,0.67,11,-6.016,0,0.213,0.253,0.0,0.146,0.214,104.929,121143,4,1J2e6BWaye7DLb1laXqhja,Gun Inna Hand,3GO7uRLHKxHnCOFT8zhGld,Castella,990,20,2023-03-24,day,13,2023-12-19
0.622,0.649,3,-6.202,0,0.324,0.839,0.0,0.129,0.561,97.131,116208,4,02NgyJrXUaFktAkYGU9ddY,Heavy,67gCSHQaBba1dikpWTEQJm,DynamiQ,54,4,2022-11-21,day,0,2023-12-19
0.729,0.523,5,-7.799,0,0.407,0.552,2.74e-06,0.106,0.256,180.208,173453,4,13RD8QzmjZbE3PhtCyetyS,Shake the Place,7pRxYXACpWZf1i7Chd8Sk2,Bayka,75077,48,2023-02-15,day,35,2023-12-19
0.601,0.384,3,-12.17,0,0.372,0.256,0.0,0.113,0.279,145.397,173871,4,4nfdoRzGcqdLoQIgvLu8fl,TORTURE,1XK7JEkEviy2mcbi1ljpaR,Zebee,2985,18,2022-08-19,day,11,2023-12-19
0.864,0.77,1,-1.986,1,0.262,0.359,0.0,0.102,0.204,104.094,150073,4,5y85OwWeSdbaXd9aOO0ECG,Now Now Now,10LyqlDwmsdG171PDVa2ni,Trigga ft. Dynamiq,0,0,2022-11-21,day,3,2023-12-19
0.739,0.569,2,-7.57,1,0.174,0.467,0.0,0.1,0.354,126.686,164864,5,5xlKuBYMzBQ7rvujtuxivZ,Riffle,67gCSHQaBba1dikpWTEQJm,DynamiQ,54,4,2023-01-27,day,1,2023-12-19
0.687,0.553,2,-6.567,1,0.279,0.568,9.09e-05,0.173,0.183,101.515,133713,4,2VZCnRratv7bc2AjlRrEum,TALK,48ZXHIYtqeBiklzhu3lAey,Armanii,44441,45,2022-03-25,day,48,2023-12-19
0.527,0.498,11,-9.199,0,0.317,0.643,0.00052,0.126,0.329,70.949,183673,3,0Y4LxlPxQto13Z7Bcs2fvE,Bomber,58GP6t4N8aiJkHTOM41ECz,Plumpy Boss,20294,29,2023-03-30,day,34,2023-12-19
0.551,0.711,10,-5.599,1,0.362,0.584,0.0,0.116,0.634,67.017,178338,4,0dRZxkhZGPKcWG8KnWY9y1,Dead & Gone,"2VpYQkkjCohjSPskaQGyp0,67gCSHQaBba1dikpWTEQJm,5ZdM7BdZDeXu5C5BhfADZz","West Bank Records,DynamiQ,Lawless","3672,54,0","30,4,0",2022-10-05,day,0,2023-12-19
0.667,0.633,0,-5.576,0,0.0711,0.0876,0.0376,0.134,0.098,89.744,185333,4,22PF1qKjtBrr5LvOFEkUC9,Ttt (To the Top),4SGo67MJz6DdsjzaRZ4OD7,Skeng,263999,58,2023-03-24,day,31,2023-12-19
0.82,0.476,9,-10.088,0,0.331,0.791,8.92e-05,0.121,0.522,100.12,174606,4,4bNAav8sI1pMPDKPmffqFb,Chigga (Gunman),5uvzVDn9FlHYS983u4ycGL,Toby boss ent,2444,16,2022-08-17,day,11,2023-12-19
0.94,0.594,1,-6.126,1,0.2,0.504,0.000407,0.242,0.539,100.034,190087,4,7L3ByidK59kYByJkliScoq,Big Gunz II,"4cJGv7y0rQLqGSe4aKrurE,4GjfdRM9UmdLr6pxyLZrNV","Toppy Boss,Jeff Fullyauto","3496,24446","12,37",2022-07-17,day,28,2023-12-19
0.725,0.556,11,-11.459,0,0.283,0.206,0.0,0.106,0.275,141.811,139102,4,1AJbIECu9OKheCRPtLq33d,Response,"2VpYQkkjCohjSPskaQGyp0,6QJrx4J9XqIxXUBhacoJHC","West Bank Records,Medz Boss","3672,33706","30,26",2023-01-09,day,5,2023-12-19
0.693,0.913,4,-2.828,0,0.394,0.0744,0.0,0.623,0.314,200.051,175099,4,5kbS81WrhAC0OQJkfuBoDS,Thunder Clap,0eezS9KmhdjGN436RdTIXu,Mavado,574015,53,2022-07-09,day,18,2023-12-19
0.512,0.623,7,-6.435,1,0.343,0.764,1.89e-06,0.0796,0.467,199.81,218314,4,4JhH1u5JE2aSZyO4orfXvW,BareBadness,4iyXzcON9DnIUozjxm0ET2,Zoom Boss,321,2,2022-08-26,day,5,2023-12-19
0.63,0.478,1,-8.394,0,0.256,0.184,4.96e-06,0.206,0.0574,90.993,210180,4,35EA4qhMpmAIgSQRiRs003,Pain,"0eezS9KmhdjGN436RdTIXu,5r2Kld5dP5nqJOq4H1sZEb,28UDeKu2FPrU0T7dpUiSGY","Mavado,Jay-A,Dexta Daps","574015,214,364480","53,24,54",2023-02-24,day,46,2023-12-19
0.554,0.448,11,-7.577,0,0.239,0.169,4e-05,0.053,0.2,130.051,208929,5,1Bxl4Z0pv1gIDLgvxOy4tB,Born Fighter,4pP4fxW65oev1NdRd2Fbn7,Jahshii,72541,39,2022-01-18,day,45,2023-12-19
0.663,0.855,5,-2.198,0,0.36,0.47,0.0,0.0643,0.919,114.06,170057,4,6E2XABZ9RZhSFWYRKvSoBo,W$i,"2VpYQkkjCohjSPskaQGyp0,0Zg2L53qt6JiE2H1I36tPB,67gCSHQaBba1dikpWTEQJm,5ZdM7BdZDeXu5C5BhfADZz,7m9XVoclUiChouSrsuE2Za","West Bank Records,Trigga,DynamiQ,Lawless,Priceless","3672,4,54,0,331","30,1,4,0,4",2022-10-05,day,0,2023-12-19
0.565,0.659,4,-8.13,0,0.412,0.334,0.0,0.141,0.35,89.169,186958,4,4svJStfE1Z3lMpcPeqDYlD,Solemn Request,3zorWCDx017sz4UYP2fC9w,Chronic Law,153457,49,2022-09-07,day,49,2023-12-19
0.582,0.463,8,-10.996,1,0.11,0.161,0.00041,0.11,0.298,127.028,186828,5,1MejCa3JkzqdYrZvML9pVF,Darkness,"3zorWCDx017sz4UYP2fC9w,7dvG18F378r7HRxmiHn3ti","Chronic Law,Valiant","153457,142240","49,52",2023-01-23,day,39,2023-12-19
0.526,0.524,1,-6.541,1,0.405,0.132,7.17e-05,0.094,0.0725,75.458,181447,3,7vqk8GeWhOKyVBeZpIoFew,Times Like These,"1HXkVBU6RwIxxN6xuI6b00,0IYgOcukUpbC4nISgoVfg9","Squash,Bobby 6ix","161928,16622","42,16",2022-12-20,day,19,2023-12-19
0.712,0.739,4,-3.575,0,0.31,0.102,0.0136,0.343,0.52,126.854,182518,5,0Xh8g3lDW3m2Om1uppKBaB,Don't Diss None a We,"1HXkVBU6RwIxxN6xuI6b00,2ynNHWSI2xYfMoIkjnI9ob","Squash,JB The Artiste","161928,757","42,7",2023-01-25,day,14,2023-12-19
0.647,0.505,1,-6.159,1,0.409,0.077,0.0,0.107,0.168,133.421,137196,5,6TAQiPjVhTxMzLwnWG7vCw,Full Moon,4SGo67MJz6DdsjzaRZ4OD7,Skeng,263999,58,2023-01-16,day,41,2023-12-19
0.657,0.471,6,-9.244,1,0.349,0.522,0.0,0.127,0.524,110.714,161205,5,3nHK9p9FICWP03SC8c22hY,Chance,0eAqhr1BfTzJEfOEn0Ad19,Quada,57598,33,2023-01-13,day,13,2023-12-19
0.551,0.617,10,-4.583,1,0.249,0.221,0.0,0.131,0.491,94.267,153224,4,2QfsZw4OPofO9sCZDP7DQH,Lonely Road,3gwIlS9NOwBgwV3RfQIYiR,Intence,131215,39,2023-02-01,day,15,2023-12-19
0.761,0.684,1,-4.484,1,0.116,0.413,0.0,0.165,0.303,94.88,183144,4,6DoDrYrYkpaxpC7FB4jC8W,Still a Hold It,3ZOaLn1Bn5j7Cb7fC2BLzF,Shane O,32533,35,2023-02-10,day,18,2023-12-19
0.801,0.568,1,-7.324,0,0.403,0.644,6.22e-06,0.257,0.398,90.613,194667,4,1wGkuA8ajWdS6OcK8RblDJ,Victory (Raw Lyfe),2Tfe5UdBBWDTGkGwPzblJQ,Toby Boss Ent,4105,24,2023-01-14,day,0,2023-12-19
0.691,0.46,1,-11.574,1,0.445,0.398,0.00306,0.236,0.316,204.091,225985,4,0P181YwHgcatT1CSCdalV9,Love Guns (T-man),2Tfe5UdBBWDTGkGwPzblJQ,Toby Boss Ent,4105,24,2022-12-22,day,22,2023-12-19
0.922,0.4,1,-13.855,1,0.512,0.344,0.0,0.182,0.441,103.088,163318,4,2AI1ZjATRVXm2hv3lGmne4,1 Question (Shorto),2Tfe5UdBBWDTGkGwPzblJQ,Toby Boss Ent,4105,24,2022-12-19,day,0,2023-12-19
0.756,0.722,0,-4.561,0,0.0589,0.0415,4.13e-05,0.139,0.247,90.086,206733,4,5DQIzp7fwBMVX6MxMhlBoh,Dawgs Dem,"4pP4fxW65oev1NdRd2Fbn7,73UvMKMCMeorzSkeBi7PIM","Jahshii,Eclipse","72541,191","39,30",2023-01-25,day,17,2023-12-19
0.565,0.693,1,-6.008,1,0.165,0.435,0.0,0.104,0.713,126.217,179394,5,7cD1LZvnD9Ap53VYBTgvFM,Paper Magnet,3gwIlS9NOwBgwV3RfQIYiR,Intence,131215,39,2023-01-20,day,12,2023-12-19
0.55,0.481,6,-12.211,1,0.109,0.56,0.0,0.136,0.47,94.823,146573,4,0X0fOZMiDO5tWTsEZH7iwh,DEEDS,3gwIlS9NOwBgwV3RfQIYiR,Intence,131215,39,2023-01-07,day,16,2023-12-19
0.622,0.389,11,-14.067,0,0.511,0.0453,0.0,0.229,0.388,88.561,181224,4,69RAtI2QZXZAeVoYunmZd6,Try,5n8bQpfGmSb1HcU2DSfefT,Skem,79,0,2022-07-26,day,0,2023-12-19
0.839,0.657,1,-4.956,1,0.455,0.446,0.0,0.08,0.737,100.023,220636,4,1B05LgUvhnViplWdrY4oDL,Talk Tough,4iyXzcON9DnIUozjxm0ET2,Zoom Boss,321,2,2022-08-27,day,4,2023-12-19
0.607,0.788,8,-3.833,1,0.0682,0.474,0.0,0.119,0.568,92.579,171265,4,6KRYXZx4FPqC2gXPxmg3wk,Elevate Mi Circle,"4pP4fxW65oev1NdRd2Fbn7,34etB7ZzDYtqfyzBHWTnNB","Jahshii,Don Pree","72541,261","39,5",2023-01-27,day,17,2023-12-19
0.736,0.79,2,-6.997,1,0.151,0.193,0.0,0.322,0.25,96.002,189904,4,54esSvmaSBgijeZ8nNLdZ4,Elevate,4pP4fxW65oev1NdRd2Fbn7,Jahshii,72541,39,2023-01-24,day,16,2023-12-19
0.802,0.687,2,-3.476,1,0.227,0.249,0.0,0.3,0.153,100.059,160421,4,3wnH4RqyoYjJWHJafFyfI0,Quick Speed,"4pP4fxW65oev1NdRd2Fbn7,4fkMy4Xa2LN6JRC9XfTe65","Jahshii,Steel Chest","72541,259","39,33",2022-12-08,day,5,2023-12-19
0.797,0.81,2,-5.528,0,0.0706,0.522,0.000191,0.109,0.444,133.335,139200,5,4CsjgLa8XxuhMEp24uhmee,Personality,7pRxYXACpWZf1i7Chd8Sk2,Bayka,75077,48,2023-02-03,day,41,2023-12-19
0.679,0.769,8,-8.784,0,0.596,0.192,0.0,0.248,0.464,129.926,178876,4,74NMaz9KzNogiZf52qRAkY,MURDERATION,6UuT0BJZ9vF8Y1sxXnJl2s,Bounty Killer,244395,49,2023-02-15,day,7,2023-12-19
0.598,0.76,7,-7.075,1,0.461,0.0766,0.0,0.0783,0.808,106.142,172713,4,7GW1ObEMhFzGIlEmNPjt74,Dem Fear WE,"6UuT0BJZ9vF8Y1sxXnJl2s,4YUUAPnIuLhAFMuOvt7XfL","Bounty Killer,Twinkle Brain","244395,54","49,4",2023-01-06,day,11,2023-12-19
0.864,0.864,7,-5.023,1,0.29,0.225,0.0,0.265,0.947,115.096,154646,4,7ACQaDPL1hekHIqwzgLgG7,General,"4cb3HigJCNGP3rcRhVbYwS,5ZJvCyMFWQMdEBlUtkIdMt,6UuT0BJZ9vF8Y1sxXnJl2s","Laa Lee,Qraig Voicemail,Bounty Killer","15706,286,244395","35,21,49",2022-12-02,day,17,2023-12-19
0.742,0.909,0,-4.795,1,0.372,0.335,0.0,0.479,0.931,105.012,166212,4,7Io7J9N6TGt8Uj0Kdz12zT,Watch Yuh Mouth,6UuT0BJZ9vF8Y1sxXnJl2s,Bounty Killer,244395,49,2023-01-27,day,6,2023-12-19
0.822,0.861,9,-5.963,1,0.229,0.0494,0.0,0.0651,0.905,110.018,148976,4,0tE6rjKOG5YfpJtaFq7RW8,Listen Mi Nuh Gyal,"6UuT0BJZ9vF8Y1sxXnJl2s,6c8x2kM7RTcfABIk6nRXRA","Bounty Killer,Koncept Da Professor","244395,8","49,0",2023-01-27,day,6,2023-12-19
0.604,0.766,11,-2.739,0,0.259,0.535,0.0,0.311,0.329,99.622,185861,4,1IzLVAtCjbr2gStKKsFlTu,Own Boss,0eAqhr1BfTzJEfOEn0Ad19,Quada,57598,33,2022-10-29,day,10,2023-12-19
0.519,0.609,8,-5.979,0,0.215,0.709,8.75e-05,0.161,0.492,96.009,180193,4,4mqNGS4hxyU7NoBiYd4vsQ,Death Or Fame,61MZKoPjsJdgbBuu9dkv5r,YK Kastro,12851,26,2022-10-20,day,24,2023-12-19
0.617,0.663,1,-9.2,0,0.461,0.403,0.0,0.14,0.514,94.028,176248,4,6e7kb4H13oAefmQyxWaFc5,Unfold Dream,61MZKoPjsJdgbBuu9dkv5r,YK Kastro,12851,26,2022-07-20,day,34,2023-12-19
0.55,0.489,1,-8.932,1,0.507,0.413,0.0,0.106,0.306,67.651,187046,3,0y8M1Esbrx8bJIR8FCPmh0,Gunman City,61MZKoPjsJdgbBuu9dkv5r,YK Kastro,12851,26,2022-04-13,day,22,2023-12-19
0.532,0.556,7,-11.444,0,0.422,0.544,0.0,0.132,0.306,62.937,192052,5,2F34ADzzs8XgtR97l3UDA9,Changes Inna Life,"2VpYQkkjCohjSPskaQGyp0,4v5svwH75xhxdyaegqliH8,52hLbiHfJsarTXovhOd3qC","West Bank Records,Reiga,Wacko Dan","3672,110,16452","30,6,32",2023-02-03,day,5,2023-12-19
0.833,0.37,4,-10.994,0,0.047,0.365,0.00132,0.115,0.11,105.013,248424,4,1jQHTdAnZYyo0RptfTt5fb,Dont Know,"2VpYQkkjCohjSPskaQGyp0,4v5svwH75xhxdyaegqliH8","West Bank Records,Reiga","3672,110","30,6",2023-02-03,day,4,2023-12-19
0.702,0.45,2,-14.287,1,0.0776,0.109,0.0,0.149,0.0383,100.017,202475,4,2pnwFTGWTkzokDUQJrwoTo,Get Money,"2VpYQkkjCohjSPskaQGyp0,4v5svwH75xhxdyaegqliH8","West Bank Records,Reiga","3672,110","30,6",2023-02-03,day,3,2023-12-19
0.675,0.676,2,-9.453,1,0.119,0.678,0.0,0.225,0.553,92.027,167001,4,6rJtQeN6w8rN5tbCAFuPyc,We want Cash,"2VpYQkkjCohjSPskaQGyp0,4v5svwH75xhxdyaegqliH8","West Bank Records,Reiga","3672,110","30,6",2023-02-03,day,4,2023-12-19
0.553,0.58,9,-6.267,0,0.321,0.475,0.0,0.111,0.352,70.806,145659,3,7nTxEdsw3ZCRojnokmMrBV,Caught Up,"2VpYQkkjCohjSPskaQGyp0,4v5svwH75xhxdyaegqliH8","West Bank Records,Reiga","3672,110","30,6",2023-02-03,day,10,2023-12-19
0.778,0.302,11,-14.023,0,0.0738,0.547,0.000215,0.0996,0.193,120.082,178730,5,2eEpEja11mhmuRJoIYwfBp,Walk With Meh Gun,"2VpYQkkjCohjSPskaQGyp0,4v5svwH75xhxdyaegqliH8","West Bank Records,Reiga","3672,110","30,6",2023-02-03,day,3,2023-12-19
0.782,0.473,5,-10.052,0,0.338,0.391,0.0,0.11,0.288,102.051,218279,4,0PiD7t9p1nqHqtbJlhSoaR,Cold Heart,"2VpYQkkjCohjSPskaQGyp0,4v5svwH75xhxdyaegqliH8","West Bank Records,Reiga","3672,110","30,6",2023-02-03,day,3,2023-12-19
0.695,0.51,11,-9.468,1,0.532,0.627,0.0,0.132,0.639,89.396,170243,4,7INizT7eWHrlO2mPRDoHdn,Darkest Days,644ZSphe112u43CPuk91OS,SamDan,13,0,2023-01-21,day,1,2023-12-19
0.944,0.57,1,-10.186,1,0.49,0.562,0.0,0.278,0.65,120.89,160705,4,6SVkd2PTAPoyB8gQUZB1SF,Shoot It,644ZSphe112u43CPuk91OS,SamDan,13,0,2022-10-01,day,1,2023-12-19
0.902,0.351,5,-10.155,0,0.226,0.485,1.01e-06,0.122,0.162,110.085,185455,4,4HOlciZDy1ytrajMcLOnal,Southeastmafia,5SEuEzdbd35siWURYOyQht,monsta,1,0,2021-05-25,day,0,2023-12-19
0.822,0.448,1,-13.224,0,0.328,0.762,0.000148,0.163,0.557,129.282,190485,5,74nEdW7LbTgPWR2F6pHKOH,Talk & Talk,644ZSphe112u43CPuk91OS,SamDan,13,0,2022-06-04,day,1,2023-12-19
0.828,0.459,0,-10.164,1,0.133,0.0062,0.000104,0.205,0.0556,99.992,127242,4,2HAEFBNAqreelGWPTQR7iA,South,"39Ma6ww9NpuBWWnU55bp1w,1aldcpOkau1RU5MjaHG0yQ","Christo Taliban,OG SMURF","17,15","0,0",2022-07-12,day,0,2023-12-19
0.522,0.628,1,-8.663,0,0.467,0.0952,0.0,0.134,0.457,154.848,142864,5,5m2enfWVgTaAduqVXgsNJn,Muslim General,"39Ma6ww9NpuBWWnU55bp1w,33TKtfdNqLoGRYgBASgYEy","Christo Taliban,Chapo Dan","17,0","0,0",2022-02-25,day,4,2023-12-19
0.723,0.711,6,-4.44,0,0.23,0.767,0.0,0.101,0.565,89.852,152059,4,0fjzbTYlkpLnWOqxWfUP5G,See No Change,"2B9n4Y7o4pRVUYcW1cJolj,277jOUSGN5AKoZoDxvfmUP","La6Music,Young Star 6ixx","21,14925","0,27",2022-11-28,day,0,2023-12-19
0.786,0.44,1,-8.863,0,0.357,0.591,3.6e-05,0.276,0.492,100.067,175256,4,3H1dH1uP1Puqy0Wvbq4YiL,On Them Endz,143zEtgaWVbLJusw8KDse8,Playboi Jayyyy,8,0,2023-01-04,day,1,2023-12-19
0.824,0.449,4,-9.82,0,0.352,0.402,0.0,0.102,0.553,109.981,157127,4,1zLu1Wmb3PNKE8KX4RERXp,"On Them Endz, Pt. 2",143zEtgaWVbLJusw8KDse8,Playboi Jayyyy,8,0,2023-02-10,day,1,2023-12-19
0.657,0.372,7,-11.42,0,0.487,0.213,0.0,0.0697,0.158,127.857,252121,5,1m6v8UrY5PL50r63PjIwud,Immortal,4ULg9wVZKb01ORw7AIZBDR,Kraff Gad,64051,45,2023-02-07,day,31,2023-12-19
0.801,0.565,6,-7.14,0,0.0414,0.364,1.38e-05,0.136,0.454,98.021,137221,4,3RQH07Xb6EUAaeI1ETyfYV,Racks,"4ULg9wVZKb01ORw7AIZBDR,3EC3CDEkhHY70vYFBVasZc","Kraff Gad,DJ MAC","64051,2170","45,41",2023-02-17,day,30,2023-12-19
0.506,0.542,1,-7.624,1,0.345,0.199,0.0,0.0846,0.465,63.831,198366,5,0O04F8n0oq5zqdqZ25sbBQ,Rage,"4ULg9wVZKb01ORw7AIZBDR,02e5lJkZ0ZcAY3AexUXA8J","Kraff Gad,Sulfa Ge","64051,405","45,30",2022-10-21,day,27,2023-12-19
0.888,0.658,6,-6.384,0,0.337,0.21,0.0,0.0968,0.918,99.051,164885,4,6AlmySt7z1jpSsAH8gUBNS,Progress,3diKKNt9VMqfRniKtaSkGU,Ajay Dan,6,0,2023-02-12,day,0,2023-12-19
0.522,0.587,7,-8.559,0,0.402,0.36,0.0,0.245,0.6,85.825,124846,5,4aM8SJgvkUAKlJm7LE2mE1,No Evidence,"6UInAzGUHxSBmdb2FPwEdk,759E7U6P85XVm4qn8IPogD","G Rass,D3bo","20,0","0,0",2022-10-25,day,0,2023-12-19
0.758,0.516,8,-6.599,0,0.466,0.447,0.0,0.34,0.848,95.039,152893,4,4GSk7D5r0pZmuayn5Vm2rt,War Ready,6UInAzGUHxSBmdb2FPwEdk,G Rass,20,0,2023-02-20,day,0,2023-12-19
0.801,0.646,1,-8.953,1,0.154,0.321,0.0,0.269,0.72,95.083,176850,4,1aKluxdBI2XGTEnB4CeRUC,Haunted,6UInAzGUHxSBmdb2FPwEdk,G Rass,20,0,2022-03-22,day,0,2023-12-19
0.879,0.769,1,-5.227,1,0.0682,0.47,0.0,0.0822,0.899,120.05,142054,4,2fdIKU011nlzX4ZTVEXIIX,No Violation,6UInAzGUHxSBmdb2FPwEdk,G Rass,20,0,2022-02-24,day,0,2023-12-19
0.747,0.569,4,-9.477,1,0.84,0.429,0.0,0.195,0.472,80.48,159172,5,7GMJsoP23l1Bqb9dkqgFO3,Now Gunman,6LkrorylJMM2dNX9LkrXft,MadRas,26,0,2022-07-25,day,2,2023-12-19
0.72,0.538,8,-10.045,0,0.517,0.448,0.0,0.0765,0.735,102.559,138317,4,06yjjNQzTXctotHHQKOXWF,Stress Free,6LkrorylJMM2dNX9LkrXft,MadRas,26,0,2022-09-24,day,0,2023-12-19
0.779,0.554,5,-7.233,0,0.717,0.698,0.0,0.215,0.455,58.168,158834,4,7grDTAzMU9f4lH80wwp3E6,Stand Firm,6LkrorylJMM2dNX9LkrXft,MadRas,26,0,2022-07-01,day,0,2023-12-19
0.602,0.39,9,-7.815,0,0.258,0.34,5.22e-06,0.164,0.416,121.235,203265,5,5omLQJya4umViap9GwViw8,21 Psalm,0eezS9KmhdjGN436RdTIXu,Mavado,574015,53,2023-01-20,day,44,2023-12-19
0.627,0.667,0,-3.767,0,0.29,0.206,0.0,0.15,0.479,92.481,157500,4,1mw2OboEQDyVF7cvN2UamW,Top Shotta Is Back,0eezS9KmhdjGN436RdTIXu,Mavado,574015,53,2019-12-10,day,38,2023-12-19
0.59,0.493,5,-11.233,0,0.328,0.683,8.81e-06,0.18,0.721,96.154,120346,4,5WnWXcQsQn4I0RKsWyMfOK,Levitate,"39Ma6ww9NpuBWWnU55bp1w,644ZSphe112u43CPuk91OS","Christo Taliban,SamDan","17,13","0,0",2022-09-29,day,0,2023-12-19
0.792,0.418,11,-12.829,0,0.443,0.162,0.0,0.0626,0.483,133.193,175360,5,2A3KIeEdS6oIT2r3m9dRr8,East,7tnzhcb2y0dtPFIFVTp0A4,Tafari,25770,22,2020-10-24,day,14,2023-12-19
0.782,0.594,3,-7.807,0,0.375,0.554,0.0,0.124,0.638,90.492,99056,4,3bbCWHrFdVdV9QoNXeQC8z,ARIMA MAN,144Zov1xqPMqpeCpTxrWWP,Trinidad Mad Man,1153,14,2021-08-09,day,16,2023-12-19
0.905,0.648,10,-4.71,0,0.325,0.594,0.0,0.096,0.508,100.014,184800,4,62m2JK7awhuZeZi35p2oKe,Brawling Murder,"3GO7uRLHKxHnCOFT8zhGld,1mQBzXJm0nBVdhFwPKsNu0","Castella,JAH JAH","990,643","20,17",2022-06-15,day,18,2023-12-19
0.706,0.65,11,-5.49,0,0.199,0.439,0.0,0.151,0.138,192.163,131250,4,6Hds6EGHkGlobhZ1d7Li5h,Fully R,"3GO7uRLHKxHnCOFT8zhGld,1mQBzXJm0nBVdhFwPKsNu0","Castella,JAH JAH","990,643","20,17",2022-11-11,day,23,2023-12-19
0.723,0.625,0,-4.818,1,0.118,0.45,0.0,0.149,0.542,161.985,167584,4,7JNWdKOPRMmNVH4MeTG6od,Sun Rise,"3GO7uRLHKxHnCOFT8zhGld,1mQBzXJm0nBVdhFwPKsNu0","Castella,JAH JAH","990,643","20,17",2021-08-27,day,4,2023-12-19
0.722,0.925,7,-1.363,1,0.128,0.512,0.0,0.0885,0.886,199.846,148800,4,2OLUnnDzT79oZE36VuylUv,Ya Ba Da Ba Do,"3GO7uRLHKxHnCOFT8zhGld,1mQBzXJm0nBVdhFwPKsNu0","Castella,JAH JAH","990,643","20,17",2022-05-13,day,0,2023-12-19
0.958,0.713,7,-6.586,1,0.324,0.191,0.0,0.311,0.596,112.078,154331,4,3T4HAZukOvIW7tuHjYhHWh,Warn Dem,3ced62Xg7juPKVlgekw19S,Pumpy,1,0,2023-02-10,day,0,2023-12-19
0.571,0.709,4,-6.191,1,0.26,0.446,0.0,0.247,0.653,149.978,195200,4,5TNmQch4QztAM1H503ngPk,Salute,"6CxUKwVnCBKKP60XMvnMOL,46WOjzWNH7CX49Geoe8ly0,1fvFPEXKwHYKtAp3kwQlc1","Jahllano,Jah Z Blaze,Isasha","19787,26,2342","24,0,16",2021-04-16,day,5,2023-12-19
0.682,0.803,1,-5.101,1,0.338,0.46,0.0,0.133,0.271,132.108,179394,5,0hX4A5OukTT2gfnUy3TyUB,Pack a Matches,"2Gzy8TYJ5xrEMDyUjZuDsK,0GXid8LlvA2twALSqLKYQ0","Masicka,Dunw3ll","330955,2077","56,43",2022-07-29,day,31,2023-12-19
0.873,0.638,1,-5.091,0,0.163,0.105,3.61e-05,0.28,0.372,106.038,149160,4,22hFjD0W6IHzWybdZ7Yijv,Play Time Done,1HXkVBU6RwIxxN6xuI6b00,Squash,161928,42,2023-03-29,day,30,2023-12-19
0.63,0.405,2,-10.575,1,0.449,0.106,0.0,0.277,0.35,126.252,117864,5,0nZsWyLQCUh9dLuzO0ULv2,How We Chop,"1HXkVBU6RwIxxN6xuI6b00,6S0dmVVn4udvppDhZIWxCr","Squash,Sean Kingston","161928,3217063","42,67",2023-03-10,day,30,2023-12-19
0.727,0.491,9,-8.376,1,0.615,0.0469,0.0308,0.325,0.355,136.2,135000,5,1BXuekBuG8sIz1OwL8XhD0,Rasta,"7dvG18F378r7HRxmiHn3ti,4trjztkEHNUqYhnW3XTG8C","Valiant,Countree Hype","142240,1889","52,41",2023-03-10,day,49,2023-12-19
0.607,0.552,6,-7.595,1,0.103,0.413,0.0,0.115,0.394,120.188,181333,5,6Eyjug9m0CLKlFuMC7gmzY,A Whole Mood,"0n2GVhODT8CJldQoVdsMw4,1e2IViEWclFirkU6YbG7cE","Kash Promise Move,Troublemekka","24237,625","27,33",2020-09-11,day,22,2023-12-19
0.854,0.659,5,-6.671,0,0.198,0.409,0.0,0.108,0.636,102.055,196116,4,6dyvxKa5tqy380sZ9LsZlq,Bandit,1HXkVBU6RwIxxN6xuI6b00,Squash,161928,42,2019-08-23,day,25,2023-12-19
0.945,0.709,11,-6.691,1,0.298,0.244,0.0,0.0917,0.412,125.996,138571,4,0FxYg22fYhS82LuDkaUg6Y,Bird,"4cb3HigJCNGP3rcRhVbYwS,5ht4EDZMGo7d1K4czZTUYa","Laa Lee,Gold Up","15706,1880","35,35",2021-11-05,day,34,2023-12-19
0.82,0.686,11,-5.891,1,0.142,0.0942,0.0,0.115,0.185,96.583,110304,4,4gaYeHM8MrcqHU2Niw6JQc,Rain (with Skillibeng),"1OFOShsIbhy1l5x73yuVyB,5FkUhnHQ0KC63549LHHtst","Shenseea,Skillibeng","639813,320085","61,59",2022-07-29,day,45,2023-12-19
0.582,0.604,6,-9.905,0,0.322,0.437,2.02e-05,0.0902,0.738,130.942,175200,5,3Zg7BB6o6Ymmy5Bep7zoTZ,MUGGER,3gwIlS9NOwBgwV3RfQIYiR,Intence,131215,39,2023-03-15,day,28,2023-12-19
0.67,0.499,3,-8.612,0,0.384,0.0692,0.0,0.186,0.31,139.032,148173,5,7pAfGzEBDFwscVE2sfW9LU,Speak Fluent,38znFKxujwEKOR2fR9pd0P,Mafi,261,4,2021-06-11,day,7,2023-12-19
0.658,0.733,0,-3.621,1,0.232,0.0426,0.0,0.226,0.285,133.836,164000,5,1Qth18Wapx5Hl9alPkfVDi,Gladdest Night,"2LIAgeQ5NZurwixfoG3CWZ,2p9Ir76xCg114T9P67Hk1z","Alkaline,Black Shadow","487214,1299","54,34",2020-01-21,day,20,2023-12-19
0.593,0.699,9,-6.274,0,0.394,0.172,0.0,0.0945,0.487,133.067,174669,5,2wYGkAsvY8VQa3UUi9UC65,Murdah,"2XmUEusYfpe4UG5BJtRwgX,40vpvFOIfRil2lXkK5GrTK","Rytikal,Jahvillani","76567,104252","32,35",2020-10-26,day,16,2023-12-19
0.926,0.517,9,-10.939,0,0.326,0.282,0.0,0.0698,0.489,100.033,174648,4,0bIBTIZbpHxP8kb87hI16O,Ready,"7pRxYXACpWZf1i7Chd8Sk2,0YHzWKddzqznN4tkGWyJmM","Bayka,tzee_ent","75077,97","48,22",2022-03-09,day,43,2023-12-19
0.941,0.395,7,-11.077,1,0.173,0.311,1.76e-05,0.629,0.312,100.985,175404,4,4d1U2NZSU1TzpnPR2hmQIZ,Live Loud,1HXkVBU6RwIxxN6xuI6b00,Squash,161928,42,2023-04-14,day,24,2023-12-19
0.747,0.606,10,-6.65,0,0.149,0.371,0.00412,0.243,0.512,94.086,178697,4,4kyIkFZVgVXoDJUjMNcVMB,Daaawkness,"3JoZVMSSVzYhhMQ5dthRuT,3zorWCDx017sz4UYP2fC9w","Ireland Boss,Chronic Law","6635,153457","45,49",2023-06-04,day,8,2023-12-19
0.633,0.504,1,-8.182,1,0.491,0.243,0.0,0.0995,0.305,100.136,212093,4,3X2lCFeGRwUYJ33rsDexsV,Mind Games,"4ULg9wVZKb01ORw7AIZBDR,0IHg6uUuIes2nxFoT0otpr,7IbkKTNpBj7MORRdt3oge3","Kraff Gad,Rygin King,Zerimar","64051,145712,29786","45,36,33",2023-05-05,day,27,2023-12-19
0.664,0.543,5,-7.524,0,0.287,0.0833,8.08e-06,0.11,0.729,129.291,197982,5,5f16uacFNtdNcNDJm4TSJF,Mus Buss,5flsRguhXEeoDrguvUnPW8,Don Shawdiz,3,0,2023-06-03,day,0,2023-12-19
0.83,0.487,2,-6.217,1,0.113,0.236,2.04e-06,0.117,0.0391,109.043,166557,4,1BxiaQIDjAr2ltsUEMB9r8,Energy,2yHxc12dEUiLXNeqUadxBh,Tommy Lee Sparta,276360,48,2023-05-05,day,38,2023-12-19
0.8,0.803,9,-7.061,0,0.136,0.154,0.0,0.531,0.628,101.937,177941,4,3mN8CRajkppYaI4eqlUb0Z,Dem Fraid,"2yHxc12dEUiLXNeqUadxBh,7kK7bhNgnXrtXjXfN7E3Z0","Tommy Lee Sparta,Dinesty King","276360,154","48,23",2022-05-13,day,3,2023-12-19
0.718,0.713,11,-6.209,1,0.0554,0.357,1.59e-06,0.167,0.266,99.953,192000,4,1AjLpso9IxC9qhcUN4xlg2,Reaper,2yHxc12dEUiLXNeqUadxBh,Tommy Lee Sparta,276360,48,2022-02-22,day,19,2023-12-19
0.673,0.551,2,-8.353,1,0.122,0.51,0.0,0.232,0.168,95.91,169651,4,2n5okRiJx5iJWXsxH0J60I,MY TOWN,7I6r8LoL1vyeiUOAudYu4P,Nation Boss,51252,34,2023-04-07,day,14,2023-12-19
0.545,0.629,11,-4.272,0,0.296,0.593,5.59e-06,0.322,0.506,125.249,168856,5,1TkbXoEC1QBE4W0dytVchY,Scars,4GjfdRM9UmdLr6pxyLZrNV,Jeff Fullyauto,24446,37,2023-05-19,day,21,2023-12-19
0.622,0.806,1,-4.33,1,0.321,0.207,0.0,0.11,0.28,136.397,166857,5,6FZU7A8qCzGjQU7TJU6T6A,Social Solitude,3iWwLfjZAKzmAB57v38i45,Raskality,5666,14,2023-04-28,day,0,2023-12-19
0.76,0.443,1,-11.178,1,0.495,0.208,0.0,0.0783,0.824,180.026,176000,4,6lEzgRrk42ZcEcyEa00iRR,Fully Alien (1st Warning),3dgEGCM7G8z1gd6mgOjYSv,38 from BL,1247,13,2023-03-01,day,16,2023-12-19
0.692,0.476,7,-8.843,1,0.694,0.638,8.86e-06,0.0859,0.324,102.232,173589,4,2Y3og5acjjQislPhMXIx9s,Early Morning,"3dgEGCM7G8z1gd6mgOjYSv,2JC7YH9Umra4Zc8mseZsRD","38 from BL,Going Global Records","1247,8531","13,35",2023-03-09,day,15,2023-12-19
0.6,0.645,2,-6.551,1,0.18,0.321,0.0,0.159,0.202,91.544,153024,4,0bPAd4UALKaXf5mix3UH2s,Mankind,4xKyh6XkfM4L0KSVsht5o5,2 Ghunz,104,1,2023-04-07,day,0,2023-12-19
0.828,0.718,0,-7.686,0,0.401,0.295,0.0,0.184,0.5,114.728,160000,4,2sxOzUnRytyRjYLpPRrVhx,Choppa Dem,"3iWwLfjZAKzmAB57v38i45,0icqdYAY80IcFDsAlEe8FH","Raskality,Xklusive","5666,1033","14,7",2023-06-30,day,1,2023-12-19
0.839,0.571,2,-5.605,0,0.168,0.103,5.37e-05,0.0837,0.31,100.058,160200,4,4ndovVaZbD73CZdFFwK9E4,TPG (Run Di Place),"3iWwLfjZAKzmAB57v38i45,27GA6NMM69byd5ankSWsXw","Raskality,Hey Choppi","5666,3785","14,30",2023-06-30,day,1,2023-12-19
0.892,0.63,8,-8.813,1,0.0751,0.0976,0.0184,0.124,0.92,114.968,156000,4,6l1vmtO87YzhFf7JB2L18Y,100 Killaz,1UofgHnwA2w0Ae2psOv8rN,Trinidad Ghost,2487,22,2023-03-20,day,0,2023-12-19
0.812,0.529,10,-9.738,0,0.331,0.563,1.47e-06,0.164,0.516,97.051,206512,4,3xKyOgc5501sCVd9LgjDko,DISS WE,1UofgHnwA2w0Ae2psOv8rN,Trinidad Ghost,2487,22,2022-04-17,day,0,2023-12-19
0.848,0.854,10,-3.682,0,0.235,0.0914,0.0,0.166,0.689,104.984,162286,4,1cO154rWcnfsGh45wf4xYJ,Murder Dat,6tftkxcKDY14uCo84dyRYM,Chigga,13,1,2023-07-07,day,1,2023-12-19
0.735,0.505,5,-10.95,0,0.0605,0.545,0.000173,0.218,0.341,110.034,156000,4,7sMnow1jbQj2ck5J7lklNX,No Escape,"69MQQJqlML4wtWQ0rZ28rr,202aNxFqZaxd5zfZ6nIs1r","BTRecords,38 From BL","221,8","8,3",2023-07-10,day,16,2023-12-19
0.724,0.722,4,-5.593,0,0.429,0.105,0.00181,0.135,0.725,130.68,129126,5,2ZtanvbM6locRJ4CzPcBKY,Top Banga,"0kEFO0oiPQw4rcBplHjRuS,1HXkVBU6RwIxxN6xuI6b00","JayBlem,Squash","8444,161928","26,42",2023-04-07,day,18,2023-12-19
0.576,0.643,5,-5.826,0,0.341,0.23,0.0,0.164,0.671,100.074,173325,4,2qw8HI9YtHmafhS2eCqSBb,Gyal Magnet,"0JFNiVq6LHCFEJk9ilmh9K,2v6V75NbousiJwy2HV44VL","Pablo YG,450","24143,94414","37,49",2023-07-07,day,16,2023-12-19
0.745,0.532,10,-13.734,0,0.189,0.604,0.0,0.0774,0.81,119.949,215969,5,4fDzHGhAqb1xfYeMLenEeb,Ghetto Complaint,3UwGbC4Sl9MmonrpWo6grS,Boy Boy,28641,39,2020-08-10,day,10,2023-12-19
0.803,0.515,7,-11.186,0,0.347,0.721,4.81e-05,0.193,0.706,99.936,117512,4,0uYguEYAslXeuGwDa2kNdn,Letter 2 Informers,6Iym59CxrdzsxIn9LPFR9n,Gskell,4607,9,2023-08-11,day,2,2023-12-19
0.513,0.858,10,-5.163,0,0.378,0.592,0.0,0.293,0.512,102.972,173010,4,7kna0kDEVq5bn68APQgDBe,Losses,6Iym59CxrdzsxIn9LPFR9n,Gskell,4607,9,2023-04-07,day,3,2023-12-19
0.708,0.61,4,-8.471,0,0.4,0.308,0.0,0.0958,0.53,93.715,148387,4,1eJ7p0vH6qQVou9YyT4S4M,Mill a Night,5WmnAqb76Ka3xocLNuLkfO,Witty,469,2,2023-04-04,day,14,2023-12-19
0.536,0.545,4,-8.673,0,0.343,0.00499,0.0,0.277,0.235,95.009,178077,4,0GMjfJ9onDnboZBGADPJKb,Liar N Thief,1W07QMxZ9se7fIk2YSrx4h,Brysco,20970,28,2023-11-02,day,18,2023-12-19
0.797,0.648,3,-7.292,0,0.0823,0.0499,1.01e-05,0.208,0.605,110.026,164592,4,0hObVI7MKJ9f1bmWt3xhvV,Colombiana,25f1NjILSP7owhgqIQNOPg,The 9ine,11104,46,2023-11-17,day,32,2023-12-19
0.688,0.444,6,-11.701,0,0.385,0.486,0.0,0.0887,0.33,97.835,160056,4,0IiX1bypAgwUKyLH2W8uUJ,Dragga,0sP79Bq6zJj6EskteStNBW,Malie Donn,56865,48,2023-04-21,day,44,2023-12-19
0.705,0.508,11,-10.04,1,0.0831,0.279,3.64e-06,0.174,0.503,126.66,163701,5,7MWvEZcimK2JxjYMat4IXm,WALKING SOLDIER,7xX8LI3W7GxxBuW5oB84fO,BLIZO,35,0,2023-06-25,day,0,2023-12-19
0.629,0.528,1,-7.755,1,0.261,0.355,0.0,0.445,0.301,130.591,157608,5,0Aqkjd0CX3MC4vGGpwg4Hl,Should Of Known,7zow5Va8ESrfnxvUF62HRH,Icee Dan,7933,21,2023-10-17,day,3,2023-12-19
0.498,0.931,10,-6.182,0,0.0737,0.139,4.65e-06,0.111,0.731,193.434,141333,3,4o1m83MlsAk3I9Nsg2u0TX,‘87 Stingray,2jku7tDXc6XoB6MO2hFuqg,Tory Lanez,6254928,80,2023-11-17,day,50,2023-12-19
0.847,0.705,8,-7.201,1,0.181,0.212,0.0,0.0898,0.664,110.026,106909,4,0kp8xqkkCAJwarD23DbbQK,Inna She Hole,2Jd4rUFlIWzOrgbaSj1BiD,Keefff,37,3,2020-01-25,day,0,2023-12-19
0.646,0.634,11,-6.104,0,0.396,0.845,0.0,0.124,0.678,132.787,204048,5,1gxkCRtvFZUCCMgEyWYpjz,Head Banga,3ATKkAzfZsIJuoCnOepK67,Trigger Dan,1790,6,2019-05-20,day,0,2023-12-19
0.448,0.752,8,-4.944,0,0.304,0.188,0.0,0.14,0.258,91.596,251185,4,6eBLeKCvJ3vNgfPdn6dHRE,Awakening (3rd Eye Riddim),2Jv0w50BNaGlwnXpq69HGm,Prince Swanny,110479,42,2019-09-27,day,10,2023-12-19
0.692,0.612,5,-10.306,0,0.137,0.563,6.72e-06,0.109,0.4,79.931,253933,4,6QuXeRxiuHJLJP2spoh0gt,Misery,2Jv0w50BNaGlwnXpq69HGm,Prince Swanny,110479,42,2020-02-28,day,0,2023-12-19
0.839,0.533,8,-11.464,1,0.447,0.648,0.0,0.112,0.891,102.001,219716,4,4QgvSHTg6H9h0og3jQgSLb,Shots Inna Yuh Hole,"09LprKSjs0a3gH492PixiV,1yBSwrhGAh8xLabpLtbzTL,6gIIlxlZpVoCOJWu20Rj2g","Potential Kidd,Trinidad Ghost,Mr Grills","939,611,8","12,6,0",2019-03-25,day,0,2023-12-19
0.541,0.682,6,-8.084,1,0.259,0.272,0.0,0.12,0.457,94.992,194101,4,0xAuPsSx6cS7zGjc5BF7ue,Gangster Superstar,58GP6t4N8aiJkHTOM41ECz,Plumpy Boss,20294,29,2019-06-13,day,8,2023-12-19
0.681,0.708,5,-6.728,0,0.373,0.595,0.0,0.12,0.596,93.009,146592,4,1H27otqtHNUtscRSdJTmQq,Zess Life,"1OOjOZtYpGwVPsLO9SjLxX,1eIXle4BzQymnCdkECuQ0n,7zow5Va8ESrfnxvUF62HRH","Lil Saint,Rheon Elbourne,Icee Dan","54,23,7933","0,0,21",2019-06-05,day,2,2023-12-19
0.531,0.802,4,-3.66,1,0.335,0.288,0.0,0.188,0.696,88.072,149677,4,7ncT3z6txbmKchqnwCrUJy,Boaty Boy,559YLWpCvVYo3qCEhMJ3pq,Lawless,6054,13,2019-04-27,day,8,2023-12-19
0.648,0.708,5,-9.548,0,0.347,0.485,0.0,0.102,0.736,107.846,199392,4,6muqSo9DLyk7BtgfTyj4QY,Build My Dreams,0Gkq3acWre3Hu02EAvBiIa,Rheon Elbourne,3922,22,2019-09-09,day,41,2023-12-19
0.817,0.562,10,-6.01,0,0.241,0.597,0.0,0.343,0.855,101.98,108330,4,0SzkSdNdNm6b3tEWbzd9qM,Gun Man in Yuh Hole,1yBSwrhGAh8xLabpLtbzTL,Trinidad Ghost,611,6,2023-04-21,day,37,2023-12-19
0.715,0.626,0,-3.064,1,0.481,0.643,0.0,0.0752,0.568,131.851,180000,5,7nA0Zpwi4hfaRNb8n1bS7Y,Bleach,1XK7JEkEviy2mcbi1ljpaR,Zebee,2985,18,2019-12-06,day,13,2023-12-19
0.654,0.642,11,-4.278,0,0.389,0.0405,0.0,0.151,0.384,132.66,144000,5,2OPLnnNaQndgnJubJnFLXv,Glory,2Jd4rUFlIWzOrgbaSj1BiD,Keefff,37,3,2020-04-18,day,1,2023-12-19
0.533,0.65,11,-6.868,0,0.367,0.585,0.0,0.114,0.41,66.83,175224,5,2dDV7Sz1lPkrmWdtS9fMFz,Run Out,0Gkq3acWre3Hu02EAvBiIa,Rheon Elbourne,3922,22,2019-09-20,day,5,2023-12-19
0.688,0.603,9,-8.659,0,0.419,0.595,0.0,0.115,0.314,133.415,175243,5,6cABnVYOY0ELNzVCdToEW6,Fully Auto,0zNEMNrPc9yM3zQzDkfQY2,Tech Sounds,1820,16,2019-05-17,day,7,2023-12-19
0.839,0.509,7,-9.115,1,0.0728,0.277,0.0,0.0937,0.349,111.957,208901,5,4ckT7wD43zoKCcwYFRVS4r,Designer Body,3iWwLfjZAKzmAB57v38i45,Raskality,5666,14,2019-04-07,day,4,2023-12-19
0.695,0.741,4,-4.54,0,0.38,0.771,0.0,0.0735,0.324,120.645,170893,5,2vwtMxxIp35VZsL2Km6Y2o,Live Good,6fanvfSBKMMExePwhUq8Mi,K Lion,39431,29,2019-10-11,day,16,2023-12-19
0.87,0.704,4,-9.069,0,0.355,0.258,0.0,0.0917,0.434,120.012,184294,4,46WfOaG8CDjptcyDdafBXs,Valencia,2Jd4rUFlIWzOrgbaSj1BiD,Keefff,37,3,2020-05-09,day,0,2023-12-19
0.84,0.795,1,-6.932,1,0.255,0.096,0.207,0.0799,0.365,155.928,141538,4,6jqcTZhoq3KMc9LTMaDjeR,I Ain't See (Station X Riddim),1UofgHnwA2w0Ae2psOv8rN,Trinidad Ghost,2487,22,2020-01-04,day,20,2023-12-19
0.639,0.653,2,-8.048,1,0.374,0.0674,0.0,0.0852,0.637,65.233,159278,3,0VkbeCLm5CuZMTxIKBFet7,Evilous Evil Head,"4DbFUy6A1B8aJuNKjrQX3k,1VtmimFS8azpaBo1T1eekk","Tafari,Heze From 3","6068,15","9,0",2020-09-16,day,4,2023-12-19
0.516,0.385,2,-11.737,0,0.539,0.692,0.0,0.12,0.413,73.426,240065,4,66zFvu2hDHi7T0IMh67i9k,Life Is Real,1XK7JEkEviy2mcbi1ljpaR,Zebee,2985,18,2019-10-03,day,4,2023-12-19
0.561,0.511,10,-6.712,0,0.418,0.0918,0.0,0.175,0.137,89.874,148696,4,1Drho5rNvWwDLuOe1DNdJh,Evilous,3r8Hq14XJAyy6K8mlBs2s5,Rebel Sixx,50069,32,2020-04-20,day,5,2023-12-19
0.719,0.546,2,-8.457,1,0.0769,0.549,0.0,0.0761,0.277,99.97,187172,4,2a8k6FIjk3cMKXoLPb7WUM,Faith (Tribute),"1HXkVBU6RwIxxN6xuI6b00,3r8Hq14XJAyy6K8mlBs2s5","Squash,Rebel Sixx","161928,50069","42,32",2020-07-24,day,4,2023-12-19
0.612,0.589,5,-7.515,0,0.396,0.776,0.0,0.118,0.474,89.416,146592,4,6fbiZASXcIbNagoYeDGXt3,Please Me,"1OOjOZtYpGwVPsLO9SjLxX,1eIXle4BzQymnCdkECuQ0n,7zow5Va8ESrfnxvUF62HRH","Lil Saint,Rheon Elbourne,Icee Dan","54,23,7933","0,0,21",2019-06-05,day,1,2023-12-19
0.709,0.498,1,-6.579,0,0.297,0.664,0.0,0.18,0.498,120.023,141075,5,1zwuTyC3uK90Uueg4rNgjv,You The One,7zow5Va8ESrfnxvUF62HRH,Icee Dan,7933,21,2019-05-24,day,0,2023-12-19
0.792,0.548,9,-7.208,0,0.24,0.208,0.0,0.139,0.784,90.047,154728,4,4AEGN3d7ZMDdOZKvHYRivi,Life We Living,4DbFUy6A1B8aJuNKjrQX3k,Tafari,6068,9,2019-10-23,day,21,2023-12-19
0.749,0.641,9,-3.795,1,0.326,0.325,0.0,0.241,0.564,65.574,195918,5,7a2Bbv6FHHZVrhxEAnwxrN,Rich Badness,1XK7JEkEviy2mcbi1ljpaR,Zebee,2985,18,2020-08-25,day,1,2023-12-19
0.862,0.293,10,-11.888,0,0.311,0.357,0.0,0.102,0.0374,98.137,244938,4,1eqQuyznSZKVYdQAeWgRRH,People Fi Dead,3r8Hq14XJAyy6K8mlBs2s5,Rebel Sixx,50069,32,2019-04-26,day,4,2023-12-19
0.565,0.592,7,-9.01,0,0.339,0.186,0.0,0.11,0.426,105.108,195750,3,0pDVNW47UZTafqjJIjo47I,Oui,7IbkKTNpBj7MORRdt3oge3,Zerimar,29786,33,2020-09-18,day,33,2023-12-19
0.649,0.448,8,-11.566,1,0.125,0.591,0.0,0.0974,0.799,101.561,175385,4,74Yyr0J0xpts1m9Q3GvkrI,Whine,7zow5Va8ESrfnxvUF62HRH,Icee Dan,7933,21,2020-09-04,day,0,2023-12-19
0.7,0.531,11,-8.199,0,0.414,0.112,0.0,0.0889,0.354,106.254,156291,4,7BMJOrjWXZVUrXmXdvQHFl,Ride,7zow5Va8ESrfnxvUF62HRH,Icee Dan,7933,21,2020-08-15,day,1,2023-12-19
0.62,0.664,10,-8.196,0,0.355,0.333,0.0,0.186,0.469,67.296,155324,5,1SDEd5rIFAJ97SAMDJLdBt,Psycho,3ATKkAzfZsIJuoCnOepK67,Trigger Dan,1790,6,2020-07-05,day,2,2023-12-19
0.55,0.703,10,-7.397,0,0.198,0.88,0.0,0.156,0.707,67.258,148846,3,5AfBv5pSCCcQh0rxu8xyAA,Different War,3ATKkAzfZsIJuoCnOepK67,Trigger Dan,1790,6,2020-09-08,day,0,2023-12-19
0.626,0.504,2,-12.469,1,0.218,0.208,0.0,0.1,0.0788,99.81,218448,4,6ybgTHPG4YWLxApMKcZdpk,Ghetto Icon,7zow5Va8ESrfnxvUF62HRH,Icee Dan,7933,21,2020-09-27,day,1,2023-12-19
0.684,0.617,5,-4.921,0,0.399,0.118,0.0,0.129,0.863,97.993,177860,4,4lhbdhcIpTquXaQ0gCXojl,Demand It,3r8Hq14XJAyy6K8mlBs2s5,Rebel Sixx,50069,32,2020-10-14,day,14,2023-12-19
0.576,0.465,7,-9.552,0,0.291,0.599,0.0,0.124,0.734,105.174,193442,4,3PCchAf4S307L11wsafOOv,Evil Head,1AAfBSGnu3LdmP1rBKAZpq,Toppy Boss,592,2,2020-01-13,day,12,2023-12-19
0.792,0.565,0,-8.386,1,0.186,0.403,0.0,0.15,0.422,100.176,154044,4,1rFQ67V4HfIUUF3Vq0O9tJ,Grim,5tr6GdAE9bwCqYuLXUwIhd,Toppy Boss,7891,3,2020-08-12,day,2,2023-12-19
0.737,0.52,7,-6.455,0,0.105,0.708,0.0,0.112,0.213,97.044,257320,4,7hkcBeigGdPkXsjzB7991k,Freak,7tnzhcb2y0dtPFIFVTp0A4,Tafari,25770,22,2021-01-01,day,6,2023-12-19
0.817,0.705,0,-5.748,1,0.268,0.465,0.0,0.124,0.672,107.982,201091,4,6OmOeqJwNiL29Tgd1WdzWi,Rum in Meh Veins,"6r9ZI8cFoP2cbszW50tdJj,6CxUKwVnCBKKP60XMvnMOL","Ravi B,Jahllano","17866,19787","30,24",2021-01-17,day,24,2023-12-19
0.604,0.829,5,0.568,0,0.29,0.808,0.0,0.103,0.778,101.172,140769,4,2DIUny4bgNph7aqF5vAkmS,Blow My Mind,7zow5Va8ESrfnxvUF62HRH,Icee Dan,7933,21,2020-04-15,day,1,2023-12-19
0.925,0.423,9,-9.801,0,0.222,0.759,0.0,0.102,0.408,109.999,206273,4,0W0xBaJxNGXyBlLcKAgTbe,Faker,2Jd4rUFlIWzOrgbaSj1BiD,Keefff,37,3,2021-05-30,day,0,2023-12-19
0.963,0.643,1,-9.978,1,0.24,0.638,3.07e-06,0.101,0.523,109.962,143869,4,0Ee63aoeNUhCRQU5lJAQv8,Gyal Tek Muh Money (Brawling Riddim Single) [feat. Trinidad Ghost],"4VF0sdPSFLYdVWF6FRK6OK,0kIggC5t45OPaInZFzWU3L","Father Philis,Trinidad Ghost","9795,8","28,3",2021-04-20,day,19,2023-12-19
0.942,0.623,7,-10.335,1,0.366,0.0517,0.0,0.112,0.614,110.031,123818,4,2UTtcAdKH5wskTWDssJB5e,GPS (Brawling Riddim Single) [feat. Melick],"4VF0sdPSFLYdVWF6FRK6OK,6PVJT1HLoXJ1czT0699lfX","Father Philis,Melick","9795,260","28,20",2021-05-13,day,15,2023-12-19
0.9,0.593,1,-3.303,0,0.0671,0.613,0.0,0.126,0.791,100.036,127431,4,5W94CNKrD6fJXnCEGsYq9M,Bi6,"3r8Hq14XJAyy6K8mlBs2s5,6fanvfSBKMMExePwhUq8Mi","Rebel Sixx,K Lion","50069,39431","32,29",2021-09-10,day,24,2023-12-19
0.605,0.464,0,-6.688,0,0.331,0.491,2.55e-06,0.163,0.697,86.189,258462,5,5ispWd0P9wIvIK37DV9JUz,Bestfriend,"2Jv0w50BNaGlwnXpq69HGm,58GP6t4N8aiJkHTOM41ECz","Prince Swanny,Plumpy Boss","110479,20294","42,29",2021-01-14,day,24,2023-12-19
0.965,0.4,0,-9.259,1,0.275,0.169,0.0,0.138,0.464,110.016,141871,4,7K9GTM00JBwsCXAcHqifHj,Double Palm,4GG6KG2KY40XjjfyBeYbAo,Shade Mischif,194,3,2020-10-09,day,19,2023-12-19
0.973,0.539,10,-4.326,0,0.127,0.0266,0.0,0.0976,0.5,109.977,141818,4,4hYlMt88kDIIVzbXQg5vkE,Too Much,"0EW8oVadcmlxZevZFlPm9P,2kEIOdyvN8XjC6UqysNWJ4","Marzville,Klassik Frescobar","20550,3402","36,32",2021-01-27,day,50,2023-12-19
0.746,0.404,11,-7.537,1,0.472,0.127,9.45e-06,0.0844,0.665,62.178,153652,5,5vJha5pbkQz9TbiVj9uuxf,Grip,2Jd4rUFlIWzOrgbaSj1BiD,Keefff,37,3,2022-02-10,day,0,2023-12-19
0.699,0.561,8,-7.564,0,0.435,0.143,0.0,0.0845,0.448,101.969,178887,4,6SeDUJkXTFGmxsT1DSy6GV,Dreams 2 Reality,2Jd4rUFlIWzOrgbaSj1BiD,Keefff,37,3,2022-05-18,day,0,2023-12-19
0.74,0.643,8,-5.827,0,0.227,0.143,2.8e-06,0.135,0.466,96.036,210000,4,52PAf9cKY9TiHRGdzKb1OV,Elevate,7c8WSGTjxRP9sOob1KukJA,Kalonji,32939,29,2022-11-04,day,16,2023-12-19
0.802,0.638,10,-5.172,0,0.0444,0.0969,0.0,0.188,0.57,99.978,144000,4,38tOkZh9N1aZXc9QzbrIEe,Boogeyman,0JSBUUBuT8pbdbw1UZggSY,Tefflon,18911,28,2020-07-19,day,2,2023-12-19
0.536,0.616,1,-7.575,1,0.102,0.684,0.0,0.125,0.351,99.77,158108,4,2vzHS4tKhm912jcDbdeA5v,Up Now,5np2XqLanbxQzpEVFG0big,Kman 6ixx,13399,38,2023-05-13,day,30,2023-12-19
0.799,0.311,5,-13.169,0,0.12,0.229,0.0,0.0866,0.481,98.021,219216,4,6fYDIPTR9FMe7CxrabdbX0,Traitor (Kman x Tman),2Tfe5UdBBWDTGkGwPzblJQ,Toby Boss Ent,4105,24,2023-08-02,day,40,2023-12-19
0.784,0.429,2,-9.902,0,0.0685,0.963,0.00348,0.0972,0.374,104.987,135417,4,4gSbwjxnauEVH4xApimwJ9,Chosen,4cJGv7y0rQLqGSe4aKrurE,Toppy Boss,3496,12,2022-07-17,day,3,2023-12-19
0.628,0.57,11,-7.417,0,0.437,0.313,0.0,0.0951,0.479,103.127,187120,4,57Al70gjp2ibIEsNk34wWa,Money Dream,4cJGv7y0rQLqGSe4aKrurE,Toppy Boss,3496,12,2022-07-17,day,3,2023-12-19
0.807,0.488,11,-8.403,1,0.334,0.761,0.0,0.102,0.282,92.0,167086,4,4Wr6aufdOtDheONAaAFNCU,Guzman Badness,4cJGv7y0rQLqGSe4aKrurE,Toppy Boss,3496,12,2022-07-17,day,18,2023-12-19
0.654,0.448,4,-7.809,0,0.433,0.754,0.00232,0.116,0.235,97.154,160705,4,0SwP37nvGcJ6RUlSxbhEQy,Amazing,4cJGv7y0rQLqGSe4aKrurE,Toppy Boss,3496,12,2022-07-17,day,3,2023-12-19
0.538,0.532,6,-9.851,0,0.328,0.324,0.0,0.388,0.545,78.605,183197,1,5xGcS5wd6b4IH3ZVQZAIig,No Emotion,4cJGv7y0rQLqGSe4aKrurE,Toppy Boss,3496,12,2022-07-17,day,9,2023-12-19
0.922,0.518,7,-10.764,0,0.269,0.647,0.0,0.113,0.656,104.026,151184,4,6Xi5TKRBjQESe6VoaoyVxc,Dem Na Bad,4cJGv7y0rQLqGSe4aKrurE,Toppy Boss,3496,12,2022-07-17,day,11,2023-12-19
0.546,0.502,4,-7.599,0,0.285,0.845,0.0,0.101,0.363,98.306,164696,4,6sQUXuNDaEJAQqrF5NbykN,Do What You Want,4cJGv7y0rQLqGSe4aKrurE,Toppy Boss,3496,12,2022-07-17,day,5,2023-12-19
0.789,0.545,6,-7.623,0,0.111,0.911,0.000692,0.0927,0.184,99.008,158977,4,50UrmwrykagLwt96nDvVO3,Money Dance,4cJGv7y0rQLqGSe4aKrurE,Toppy Boss,3496,12,2022-07-17,day,3,2023-12-19
0.934,0.518,1,-9.786,1,0.157,0.0911,0.0,0.125,0.596,110.0,144114,4,7e4WSX6T9ibUtKGaEL5Oan,Dirt,4cJGv7y0rQLqGSe4aKrurE,Toppy Boss,3496,12,2022-07-17,day,11,2023-12-19
0.832,0.627,4,-8.134,0,0.218,0.236,0.0,0.349,0.511,104.068,136072,4,2UYszZfYYaUTUbi5mFN1qn,Bad Gyal,4cJGv7y0rQLqGSe4aKrurE,Toppy Boss,3496,12,2022-07-17,day,6,2023-12-19
0.65,0.456,10,-9.876,1,0.335,0.762,0.0,0.124,0.277,97.825,171939,4,49YmPKwQKpHdVeQyO5dP7J,Demise,4cJGv7y0rQLqGSe4aKrurE,Toppy Boss,3496,12,2022-07-17,day,2,2023-12-19
0.716,0.344,6,-13.812,0,0.264,0.752,0.0,0.118,0.246,80.589,173750,4,6nZpeIeAXxjuuENpGuDefg,Me U & Hennessy,4cJGv7y0rQLqGSe4aKrurE,Toppy Boss,3496,12,2022-07-17,day,1,2023-12-19
0.823,0.68,1,-6.181,1,0.0562,0.264,0.0,0.079,0.453,106.023,165617,4,4nG6oQfr42Y2kLjO4Fps7u,24/7,4cJGv7y0rQLqGSe4aKrurE,Toppy Boss,3496,12,2022-07-17,day,4,2023-12-19
0.916,0.54,4,-8.787,0,0.459,0.401,0.0,0.0805,0.366,102.972,146924,4,13OUrVhfwOj8vnycpuWIZL,Fck With Me (Bonus),"4cJGv7y0rQLqGSe4aKrurE,0D5XTChITuxHH4nwPHE5hA","Toppy Boss,Magic D One Don","3496,4","12,0",2022-07-17,day,5,2023-12-19
0.677,0.682,9,-6.879,1,0.0361,0.0405,0.0,0.0351,0.875,106.279,192107,4,0BBOLOV5JntPL3341swIre,Turn Me On,1GaBsp1ICIp1e6udgE7fba,Kevin Lyttle,92482,55,2004-03-30,day,70,2023-12-19
0.893,0.525,11,-9.336,0,0.406,0.756,2.73e-05,0.0876,0.64,99.997,109800,4,6mTcIbKdnX6IIp8c305yQw,Turn Red,2NulB6PgEgcSAtoDaRjSEY,M Dot R,31563,52,2023-12-07,day,62,2023-12-19
0.746,0.733,6,-6.376,0,0.124,0.378,0.0,0.124,0.539,100.168,165026,4,0Bhgvv9rPEAGkh8SA5TAtR,Love Yuh Everything,2LIAgeQ5NZurwixfoG3CWZ,Alkaline,487214,54,2015-04-09,day,56,2023-12-19
0.521,0.82,6,-6.028,1,0.293,0.367,0.0,0.124,0.761,135.883,205560,5,5tdl56mOgdZeY6RNF5jLwT,Only Man She Want,62DmErcU7dqZbJaDqwsqzR,Popcaan,1006671,64,2011-11-08,day,56,2023-12-19
0.603,0.782,2,-4.832,1,0.162,0.118,0.0,0.363,0.731,124.303,257893,5,3j8EEMm9kbPLqByuaHmUmQ,Girls Dem Sugar,"4L3GTE04bW5N7azA9QPhjA,6lHL3ubAMgSasKjNqKb8HF","Beenie Man,Mýa","487646,1390959","58,59",2000-01-01,day,59,2023-12-19
0.599,0.683,7,-3.812,1,0.464,0.448,0.0,0.0463,0.75,211.958,150280,4,2c3e6W36veH8GSBkoMKX24,Pull up to Mi Bumper,"3nwYsifpwrKmCIpw4i0HDW,6rgMAmoutpto9ded7xYd20","Konshens,J Capri","464399,27362","62,47",2013-05-31,day,60,2023-12-19
0.722,0.628,5,-5.133,1,0.565,0.0837,0.0,0.11,0.797,120.554,154039,3,6rgSSesTJGyjQuvx06l3jU,So Mi Like It,0wEvWMQRqaXcgnrZv6KtyL,Spice,474530,57,2021-08-06,day,60,2023-12-19
0.549,0.695,0,-5.955,0,0.123,0.107,0.0,0.34,0.654,120.466,192280,5,1qS5ilrtVq8eDjjHrSxvE6,When U Feel Lonely,0eezS9KmhdjGN436RdTIXu,Mavado,574015,53,2012-06-19,day,59,2023-12-19
0.817,0.699,10,-5.379,0,0.355,0.216,0.000112,0.115,0.664,101.101,168751,4,4tw57jakL7TFEdZ4bUohP1,Hard Drive,"1OFOShsIbhy1l5x73yuVyB,3nwYsifpwrKmCIpw4i0HDW,1fctva4kpRbg2k3v7kwRuS","Shenseea,Konshens,Rvssian","639813,464399,2549032","61,62,64",2018-06-15,day,54,2023-12-19
0.702,0.659,6,-6.835,1,0.19,0.0944,0.0,0.365,0.511,93.923,142979,4,6S9QZ8QTN5oOUChcYWChnK,Shabba Madda Pot,28UDeKu2FPrU0T7dpUiSGY,Dexta Daps,364480,54,2015-05-12,day,62,2023-12-19
0.638,0.699,1,-4.899,1,0.3,0.104,0.0,0.0995,0.597,102.758,221194,4,0RQEpWykgNyAMCeuZJDKJt,Ova Dweet,62DmErcU7dqZbJaDqwsqzR,Popcaan,1006671,64,2016-04-28,day,54,2023-12-19
0.628,0.754,11,-8.777,1,0.472,0.21,0.0,0.12,0.57,86.194,196000,4,4PaV16f3DUo9QxbQMUzMKH,Who Am I,4L3GTE04bW5N7azA9QPhjA,Beenie Man,487646,58,1997,year,59,2023-12-19
0.801,0.764,2,-5.112,1,0.0986,0.109,1.62e-05,0.247,0.578,89.999,154151,4,58dGRQrNmAJeRMFuguUbvD,Go Down Deh (feat. Shaggy and Sean Paul),"0wEvWMQRqaXcgnrZv6KtyL,5EvFsr3kj42KNv97ZEnqij,3Isy6kedDrgPYoTS1dazA9","Spice,Shaggy,Sean Paul","474530,2094221,4567696","57,70,78",2021-08-06,day,68,2023-12-19
0.639,0.664,1,-4.583,1,0.168,0.0654,0.0,0.0751,0.42,115.895,212323,5,1g323zkGA2tgTx9IYu5v1j,Come Into My Room,"0eezS9KmhdjGN436RdTIXu,08erObvNX7rs7d4pbuaRCQ,1s2DqKGaElgMSZsQlH8qRD","Mavado,Di Genius,Stacious","574015,6346,2506","53,36,31",2010-05-11,day,52,2023-12-19
0.849,0.654,7,-6.301,1,0.316,0.478,0.0,0.13,0.788,92.149,211333,4,1mTEDYrH2BGlVA8FuXegji,Heads High,1pmixngtBJleMrGUG5o8DE,Mr. Vegas,353910,53,2009,year,57,2023-12-19
0.533,0.645,5,-5.939,0,0.174,0.416,0.0,0.181,0.531,130.773,178313,5,5up4eOJZIvjngfzuqYnBvs,Addicted,62DmErcU7dqZbJaDqwsqzR,Popcaan,1006671,64,2017-10-20,day,50,2023-12-19
0.579,0.762,1,-6.308,1,0.392,0.5,0.0,0.113,0.344,95.723,185000,4,1nCHgECzuu3szJeVJQRnNq,History,2Gzy8TYJ5xrEMDyUjZuDsK,Masicka,330955,56,2022-04-08,day,52,2023-12-19
0.82,0.749,10,-5.248,0,0.198,0.136,0.0,0.283,0.753,100.998,165591,4,60q4YAN0U6F6zJhYPsIRIb,Stop Sign,3nwYsifpwrKmCIpw4i0HDW,Konshens,464399,62,2012-10-08,day,45,2023-12-19
0.783,0.748,2,-4.118,1,0.188,0.00451,4.62e-05,0.135,0.799,99.16,150303,4,4p1yzpajuKXwZKBQ7PyH9x,Bad,"2WyypmYjOdaXg0bXDP67j7,7fr6F0dEvfSoZW3fJ5fvUD","Blaiz Fayah,Tribal Kush","51069,11298","54,50",2021-01-22,day,66,2023-12-19
0.606,0.873,1,-3.245,1,0.339,0.246,0.0,0.342,0.61,145.968,168046,5,0Ocz4RqsoxmtwcZjWnjYlp,Fling,351x2S7CduShTNvtzgkMl7,DING DONG,174134,45,2017-05-26,day,47,2023-12-19
0.758,0.591,1,-6.921,1,0.313,0.0522,2.48e-05,0.0949,0.524,99.977,189543,4,5YTI54BQ2RulzKKcGl4TSu,Wine For Me,62DmErcU7dqZbJaDqwsqzR,Popcaan,1006671,64,2018-07-20,day,48,2023-12-19
0.606,0.752,4,-4.459,1,0.582,0.0448,0.000234,0.0716,0.369,185.375,178840,4,3QsYrzBz48de2cqm670ym9,So Special,0eezS9KmhdjGN436RdTIXu,Mavado,574015,53,2009-03-02,day,52,2023-12-19
0.858,0.798,1,-4.062,0,0.0648,0.313,3.89e-06,0.316,0.353,100.039,167053,4,4jGE3Ct8rgMZQgJshj5Bdp,Summer Tiime,2NUz5P42WqkxilbI8ocN76,Vybz Kartel,1270334,62,2011-05-04,day,58,2023-12-19
0.755,0.758,1,-4.279,1,0.0716,0.0215,0.0,0.109,0.394,125.927,314018,4,2JamoaziRcPasl9aVi4sda,Ride on Me - Remix,"2LIAgeQ5NZurwixfoG3CWZ,6S0dmVVn4udvppDhZIWxCr","Alkaline,Sean Kingston","487214,3217063","54,67",2015-05-19,day,43,2023-12-19
0.81,0.829,5,-5.646,0,0.108,0.34,0.0,0.0539,0.851,104.695,217107,4,2vACumvzzT2ZngO2p7i3Gu,King Of The Dancehall,4L3GTE04bW5N7azA9QPhjA,Beenie Man,487646,58,2004-01-01,day,54,2023-12-19
0.583,0.794,1,-7.011,1,0.406,0.0596,0.0,0.125,0.6,197.958,155125,4,0jHfKDP1LfRrEmazuothw6,Clutcha,"3gwIlS9NOwBgwV3RfQIYiR,4trjztkEHNUqYhnW3XTG8C,6rh7bHX839FxEEXlxJApWB","Intence,Countree Hype,Northside Media","131215,1889,170","39,41,22",2021-11-16,day,43,2023-12-19
0.623,0.754,8,-4.85,0,0.342,0.303,0.0,0.0615,0.717,92.917,166737,4,3TIz9Qnye8YoUN4H3tKlj4,Vanish,"2Gzy8TYJ5xrEMDyUjZuDsK,28UDeKu2FPrU0T7dpUiSGY","Masicka,Dexta Daps","330955,364480","56,54",2021-12-03,day,44,2023-12-19
0.58,0.748,7,-6.393,1,0.299,0.274,0.0,0.127,0.939,202.052,194583,4,4gKy5k5bhga2GFa7svTfbd,Bruk Off Yuh Back (feat. Chris Brown),"3nwYsifpwrKmCIpw4i0HDW,7bXgB6jMjp9ATFy66eO08Z","Konshens,Chris Brown","464399,21023407","62,86",2018-03-02,day,51,2023-12-19
0.791,0.762,4,-4.425,0,0.312,0.113,2.59e-06,0.123,0.837,187.826,166870,4,3VeLkwO4wiW4nYb9vsj9sy,Tuff,0IHg6uUuIes2nxFoT0otpr,Rygin King,145712,36,2018-06-08,day,40,2023-12-19
0.573,0.639,10,-4.066,0,0.287,0.438,0.0,0.103,0.385,95.644,253139,4,4KLpNmKeu6C2jVaTQeFCZO,SUH ME LUV IT (feat. Jada Kingdom),"62DmErcU7dqZbJaDqwsqzR,2FgooFaZzZy6PUyJImk0kG","Popcaan,Jada Kingdom","1006671,217043","64,48",2020-08-07,day,55,2023-12-19
0.817,0.883,2,-6.634,1,0.066,0.0284,1.9e-06,0.118,0.15,121.067,166347,4,2MTP0jvqBrZhWHjUIrhqmX,Weh Dem A Do,0eezS9KmhdjGN436RdTIXu,Mavado,574015,53,2007-07-10,day,39,2023-12-19
0.699,0.599,7,-5.017,1,0.176,0.352,0.0,0.0876,0.465,120.497,209535,5,1dwnkVb7B68PERWo3xmSqQ,One More Time,2LIAgeQ5NZurwixfoG3CWZ,Alkaline,487214,54,2016-03-25,day,42,2023-12-19
0.818,0.794,6,-7.457,1,0.0894,0.193,0.0,0.0413,0.569,100.986,190119,4,38CECqycscktTYRq4yKMXc,Pon Di Cocky,5mYWkDD4b1eM4ZjFq5axxs,Aidonia,331317,46,2013-02-10,day,54,2023-12-19
0.749,0.699,11,-7.241,1,0.416,0.125,0.0,0.131,0.862,197.632,198638,4,3T1txxCRbUMGJcII9CHJQI,Bang,4GpVRyxDYccJrbQkO3KWws,RDX,132394,40,2018-02-16,day,42,2023-12-19
0.697,0.745,5,-6.131,1,0.101,0.52,0.0,0.101,0.653,99.305,136800,4,6ruTOENIpqwSHwahpnxV21,Moon Light,30hElzuHCZ1qzCl364SHma,Teejay,184254,51,2020-05-15,day,46,2023-12-19
0.731,0.788,1,-2.39,1,0.475,0.22,0.0,0.288,0.878,180.163,142000,4,2CrlQkUnyKFkY3SrsybnDS,Talk Truth,1OFOShsIbhy1l5x73yuVyB,Shenseea,639813,61,2023-06-23,day,38,2023-12-19
0.547,0.821,2,-4.434,1,0.395,0.321,0.0,0.227,0.356,95.776,221584,4,7vRm8Bzniw9mtHoFtnoxB0,Skeleton Cartier,62DmErcU7dqZbJaDqwsqzR,Popcaan,1006671,64,2023-01-27,day,48,2023-12-19
0.752,0.826,11,-5.635,0,0.286,0.618,0.0,0.103,0.852,105.948,204026,4,6N0Zw5gsfk3GmGG4qWT6cU,Unstoppable,2NUz5P42WqkxilbI8ocN76,Vybz Kartel,1270334,62,2015-01-13,day,42,2023-12-19
0.545,0.719,2,-7.282,0,0.154,0.411,0.0,0.204,0.385,132.329,178200,5,7mxpbEr40ApaC4wzKdSkuq,Maniac,2LIAgeQ5NZurwixfoG3CWZ,Alkaline,487214,54,2021-05-14,day,41,2023-12-19
0.861,0.693,8,-2.428,1,0.239,0.244,0.0,0.161,0.807,135.883,158824,5,5D8ChOpWBYGR5R1NFDhL1z,No Limit,"5XV9d7Ee7IuJrday4LIpKc,1OFOShsIbhy1l5x73yuVyB","Moyann,Shenseea","34972,639813","33,61",2021-04-12,day,40,2023-12-19
0.726,0.693,1,-6.61,0,0.0672,0.0039,0.0,0.111,0.347,109.941,164573,4,0v4dDNvkMLPQgjubmmE5JV,Gallis,1pmixngtBJleMrGUG5o8DE,Mr. Vegas,353910,53,2009-11-20,day,50,2023-12-19
0.627,0.582,6,-5.729,0,0.348,0.228,0.0,0.0523,0.508,68.711,207856,3,5I55hcZJTmdVtyJC4Sn7ae,Roll Deep,6I1j34QzSTWe6u4qQWKYJe,10Tik,55938,37,2021-02-23,day,50,2023-12-19
0.777,0.773,9,-3.014,1,0.0774,0.0741,2.73e-05,0.0981,0.343,99.961,202600,4,2KzIR1FI5GLsF5UK2HF73L,Feelings,0eezS9KmhdjGN436RdTIXu,Mavado,574015,53,2022-02-11,day,42,2023-12-19
0.802,0.541,10,-9.086,0,0.208,0.485,0.00821,0.18,0.301,133.208,196800,5,6wximh7UUXaridTcdnGzNo,Bitcoin,"30hElzuHCZ1qzCl364SHma,2mjMr4WZPRQHSJSBtAUyfr","Teejay,TroyBoss","184254,165","51,25",2021-10-01,day,46,2023-12-19
0.731,0.813,2,-3.055,1,0.238,0.298,0.0,0.168,0.583,93.989,186266,4,0fz2jINcCa4iD7j4dmioCa,Dye Dye (Raw),6ETpDuVbzktDEfNza1CN8i,Macka Diamond,54833,33,2013-03-06,day,51,2023-12-19
0.562,0.765,5,-4.835,0,0.102,0.134,0.0,0.0772,0.776,175.999,196463,4,5QFDEK8REzHTuCePAxOujd,Associate,5sK8BsvyDl4TFA6KaBf8or,Charly Black,339566,58,2017-09-01,day,44,2023-12-19
0.753,0.654,6,-6.517,1,0.207,0.201,0.0,0.173,0.618,66.625,192855,5,5MXmLShFwWQTBSgnbTo2PL,Nah Fi Like,2LIAgeQ5NZurwixfoG3CWZ,Alkaline,487214,54,2020-04-20,day,35,2023-12-19
0.88,0.813,5,-2.361,1,0.415,0.151,0.0,0.0708,0.859,123.989,282320,4,0eOxaNs0oPFeKAZMC37nDy,Jump,4GpVRyxDYccJrbQkO3KWws,RDX,132394,40,2012-04-11,day,45,2023-12-19
0.586,0.661,7,-6.231,1,0.46,0.419,0.0,0.0762,0.68,110.917,232786,5,1SE8MvuJHg0SjIQg64OC6I,Jealous Ova,"28UDeKu2FPrU0T7dpUiSGY,0SC0umMk5cSHBN8zAVc4TA","Dexta Daps,Tifa","364480,39546","54,29",2014-11-04,day,45,2023-12-19
